0	00:25:12.176	trend_dtrader XAUUSD,H1: Alert: Please check your internet connection
0	00:25:13.476	trend_dtrader XAUUSD,H1: Alert: Please check your internet connection
0	00:25:14.182	trend_dtrader XAUUSD,H1: Alert: Please check your internet connection
0	12:56:01.903	trend_dtrader XAUUSD,H1: Alert: Please check your internet connection
0	12:56:02.518	trend_dtrader XAUUSD,H1: Alert: Please check your internet connection
0	12:56:03.505	trend_dtrader XAUUSD,H1: Alert: Please check your internet connection
0	12:56:04.536	trend_dtrader XAUUSD,H1: Alert: Please check your internet connection
0	12:56:05.515	trend_dtrader XAUUSD,H1: Alert: Please check your internet connection
0	12:56:06.506	trend_dtrader XAUUSD,H1: Alert: Please check your internet connection
0	12:56:07.505	trend_dtrader XAUUSD,H1: Alert: Please check your internet connection
2	12:56:11.437	trend_dtrader XAUUSD,H1: open #473747402 buy 0.02 GBPUSD at 1.25773 sl: 1.24960 tp: 1.26772 ok
0	12:56:11.437	trend_dtrader XAUUSD,H1: Alert: GBPUSD Ordered Successfully
0	12:56:13.518	trend_dtrader XAUUSD,H1: Alert: Please check your internet connection
0	12:56:14.504	trend_dtrader XAUUSD,H1: Alert: Please check your internet connection
2	12:56:22.030	trend_dtrader XAUUSD,H1: open #473747423 sell 0.02 USDCAD at 1.36710 sl: 1.37405 tp: 1.35323 ok
0	12:56:22.031	trend_dtrader XAUUSD,H1: Alert: USDCAD Ordered Successfully
0	13:00:15.293	trend_dtrader XAUUSD,H1: Alert: Please check your internet connection
0	13:00:16.295	trend_dtrader XAUUSD,H1: Alert: Please check your internet connection
0	13:00:17.296	trend_dtrader XAUUSD,H1: Alert: Please check your internet connection
0	13:00:18.298	trend_dtrader XAUUSD,H1: Alert: Please check your internet connection
0	13:00:19.298	trend_dtrader XAUUSD,H1: Alert: Please check your internet connection
0	13:00:20.297	trend_dtrader XAUUSD,H1: Alert: Please check your internet connection
0	13:00:21.300	trend_dtrader XAUUSD,H1: Alert: Please check your internet connection
0	13:00:22.294	trend_dtrader XAUUSD,H1: Alert: Please check your internet connection
0	13:00:23.298	trend_dtrader XAUUSD,H1: Alert: Please check your internet connection
0	13:00:24.306	trend_dtrader XAUUSD,H1: Alert: Please check your internet connection
0	13:00:25.300	trend_dtrader XAUUSD,H1: Alert: Please check your internet connection
0	13:00:26.298	trend_dtrader XAUUSD,H1: Alert: Please check your internet connection
0	13:00:27.301	trend_dtrader XAUUSD,H1: Alert: Please check your internet connection
0	13:00:28.300	trend_dtrader XAUUSD,H1: Alert: Please check your internet connection
0	13:00:29.298	trend_dtrader XAUUSD,H1: Alert: Please check your internet connection
0	13:00:30.300	trend_dtrader XAUUSD,H1: Alert: Please check your internet connection
0	13:00:31.303	trend_dtrader XAUUSD,H1: Alert: Please check your internet connection
0	13:00:32.299	trend_dtrader XAUUSD,H1: Alert: Please check your internet connection
0	13:00:33.297	trend_dtrader XAUUSD,H1: Alert: Please check your internet connection
0	13:00:34.300	trend_dtrader XAUUSD,H1: Alert: Please check your internet connection
0	13:00:35.295	trend_dtrader XAUUSD,H1: Alert: Please check your internet connection
0	13:00:36.299	trend_dtrader XAUUSD,H1: Alert: Please check your internet connection
0	13:00:37.296	trend_dtrader XAUUSD,H1: Alert: Please check your internet connection
0	13:00:38.293	trend_dtrader XAUUSD,H1: Alert: Please check your internet connection
0	13:00:39.294	trend_dtrader XAUUSD,H1: Alert: Please check your internet connection
0	13:00:40.293	trend_dtrader XAUUSD,H1: Alert: Please check your internet connection
0	13:00:41.296	trend_dtrader XAUUSD,H1: Alert: Please check your internet connection
0	13:00:42.294	trend_dtrader XAUUSD,H1: Alert: Please check your internet connection
0	13:00:43.299	trend_dtrader XAUUSD,H1: Alert: Please check your internet connection
0	13:00:44.298	trend_dtrader XAUUSD,H1: Alert: Please check your internet connection
0	13:00:45.292	trend_dtrader XAUUSD,H1: Alert: Please check your internet connection
0	13:00:46.294	trend_dtrader XAUUSD,H1: Alert: Please check your internet connection
0	13:00:47.292	trend_dtrader XAUUSD,H1: Alert: Please check your internet connection
0	13:00:48.294	trend_dtrader XAUUSD,H1: Alert: Please check your internet connection
0	13:00:49.296	trend_dtrader XAUUSD,H1: Alert: Please check your internet connection
0	13:00:50.295	trend_dtrader XAUUSD,H1: Alert: Please check your internet connection
0	13:00:51.295	trend_dtrader XAUUSD,H1: Alert: Please check your internet connection
0	13:00:52.296	trend_dtrader XAUUSD,H1: Alert: Please check your internet connection
0	13:00:53.295	trend_dtrader XAUUSD,H1: Alert: Please check your internet connection
0	13:00:54.299	trend_dtrader XAUUSD,H1: Alert: Please check your internet connection
0	13:00:55.294	trend_dtrader XAUUSD,H1: Alert: Please check your internet connection
0	13:00:56.299	trend_dtrader XAUUSD,H1: Alert: Please check your internet connection
0	13:00:57.293	trend_dtrader XAUUSD,H1: Alert: Please check your internet connection
0	13:00:58.297	trend_dtrader XAUUSD,H1: Alert: Please check your internet connection
0	13:00:59.301	trend_dtrader XAUUSD,H1: Alert: Please check your internet connection
0	13:01:00.301	trend_dtrader XAUUSD,H1: Alert: Please check your internet connection
0	13:01:01.301	trend_dtrader XAUUSD,H1: Alert: Please check your internet connection
0	13:01:02.299	trend_dtrader XAUUSD,H1: Alert: Please check your internet connection
0	13:01:03.297	trend_dtrader XAUUSD,H1: Alert: Please check your internet connection
0	13:01:04.297	trend_dtrader XAUUSD,H1: Alert: Please check your internet connection
0	13:01:05.297	trend_dtrader XAUUSD,H1: Alert: Please check your internet connection
0	13:01:06.297	trend_dtrader XAUUSD,H1: Alert: Please check your internet connection
0	13:01:07.297	trend_dtrader XAUUSD,H1: Alert: Please check your internet connection
0	13:01:08.300	trend_dtrader XAUUSD,H1: Alert: Please check your internet connection
0	13:01:09.297	trend_dtrader XAUUSD,H1: Alert: Please check your internet connection
0	13:01:10.297	trend_dtrader XAUUSD,H1: Alert: Please check your internet connection
0	13:01:11.304	trend_dtrader XAUUSD,H1: Alert: Please check your internet connection
0	13:01:12.296	trend_dtrader XAUUSD,H1: Alert: Please check your internet connection
0	13:01:13.297	trend_dtrader XAUUSD,H1: Alert: Please check your internet connection
0	13:01:14.298	trend_dtrader XAUUSD,H1: Alert: Please check your internet connection
0	13:01:15.300	trend_dtrader XAUUSD,H1: Alert: Please check your internet connection
0	13:01:16.301	trend_dtrader XAUUSD,H1: Alert: Please check your internet connection
0	13:01:17.296	trend_dtrader XAUUSD,H1: Alert: Please check your internet connection
0	13:01:18.294	trend_dtrader XAUUSD,H1: Alert: Please check your internet connection
0	13:01:19.294	trend_dtrader XAUUSD,H1: Alert: Please check your internet connection
0	13:01:20.299	trend_dtrader XAUUSD,H1: Alert: Please check your internet connection
0	13:01:21.294	trend_dtrader XAUUSD,H1: Alert: Please check your internet connection
0	13:01:22.297	trend_dtrader XAUUSD,H1: Alert: Please check your internet connection
0	13:01:23.294	trend_dtrader XAUUSD,H1: Alert: Please check your internet connection
0	13:01:24.293	trend_dtrader XAUUSD,H1: Alert: Please check your internet connection
0	13:01:25.294	trend_dtrader XAUUSD,H1: Alert: Please check your internet connection
0	13:01:26.296	trend_dtrader XAUUSD,H1: Alert: Please check your internet connection
0	13:01:27.297	trend_dtrader XAUUSD,H1: Alert: Please check your internet connection
0	13:01:28.298	trend_dtrader XAUUSD,H1: Alert: Please check your internet connection
0	13:01:29.300	trend_dtrader XAUUSD,H1: Alert: Please check your internet connection
0	13:01:30.297	trend_dtrader XAUUSD,H1: Alert: Please check your internet connection
0	13:01:31.294	trend_dtrader XAUUSD,H1: Alert: Please check your internet connection
0	13:01:32.294	trend_dtrader XAUUSD,H1: Alert: Please check your internet connection
0	13:01:33.301	trend_dtrader XAUUSD,H1: Alert: Please check your internet connection
0	13:01:34.301	trend_dtrader XAUUSD,H1: Alert: Please check your internet connection
0	13:01:35.300	trend_dtrader XAUUSD,H1: Alert: Please check your internet connection
0	13:01:36.300	trend_dtrader XAUUSD,H1: Alert: Please check your internet connection
0	13:01:37.295	trend_dtrader XAUUSD,H1: Alert: Please check your internet connection
0	13:01:38.293	trend_dtrader XAUUSD,H1: Alert: Please check your internet connection
0	13:01:39.293	trend_dtrader XAUUSD,H1: Alert: Please check your internet connection
0	13:01:40.298	trend_dtrader XAUUSD,H1: Alert: Please check your internet connection
0	13:01:41.300	trend_dtrader XAUUSD,H1: Alert: Please check your internet connection
0	13:01:42.299	trend_dtrader XAUUSD,H1: Alert: Please check your internet connection
0	13:01:43.298	trend_dtrader XAUUSD,H1: Alert: Please check your internet connection
0	13:01:44.298	trend_dtrader XAUUSD,H1: Alert: Please check your internet connection
0	13:01:45.292	trend_dtrader XAUUSD,H1: Alert: Please check your internet connection
0	13:01:46.298	trend_dtrader XAUUSD,H1: Alert: Please check your internet connection
0	13:01:47.297	trend_dtrader XAUUSD,H1: Alert: Please check your internet connection
0	13:01:48.295	trend_dtrader XAUUSD,H1: Alert: Please check your internet connection
0	13:01:49.297	trend_dtrader XAUUSD,H1: Alert: Please check your internet connection
0	13:01:50.299	trend_dtrader XAUUSD,H1: Alert: Please check your internet connection
0	13:01:51.298	trend_dtrader XAUUSD,H1: Alert: Please check your internet connection
0	13:01:52.299	trend_dtrader XAUUSD,H1: Alert: Please check your internet connection
0	13:01:53.300	trend_dtrader XAUUSD,H1: Alert: Please check your internet connection
0	13:01:54.301	trend_dtrader XAUUSD,H1: Alert: Please check your internet connection
0	13:01:55.293	trend_dtrader XAUUSD,H1: Alert: Please check your internet connection
0	13:01:56.295	trend_dtrader XAUUSD,H1: Alert: Please check your internet connection
0	13:01:57.297	trend_dtrader XAUUSD,H1: Alert: Please check your internet connection
0	13:01:58.296	trend_dtrader XAUUSD,H1: Alert: Please check your internet connection
0	13:01:59.298	trend_dtrader XAUUSD,H1: Alert: Please check your internet connection
0	13:02:00.300	trend_dtrader XAUUSD,H1: Alert: Please check your internet connection
0	13:02:01.294	trend_dtrader XAUUSD,H1: Alert: Please check your internet connection
0	13:02:02.297	trend_dtrader XAUUSD,H1: Alert: Please check your internet connection
0	13:02:03.295	trend_dtrader XAUUSD,H1: Alert: Please check your internet connection
0	13:02:04.295	trend_dtrader XAUUSD,H1: Alert: Please check your internet connection
0	13:02:05.295	trend_dtrader XAUUSD,H1: Alert: Please check your internet connection
0	13:02:06.296	trend_dtrader XAUUSD,H1: Alert: Please check your internet connection
0	13:02:07.296	trend_dtrader XAUUSD,H1: Alert: Please check your internet connection
0	13:02:08.297	trend_dtrader XAUUSD,H1: Alert: Please check your internet connection
0	13:02:09.296	trend_dtrader XAUUSD,H1: Alert: Please check your internet connection
0	13:02:10.294	trend_dtrader XAUUSD,H1: Alert: Please check your internet connection
0	13:02:11.296	trend_dtrader XAUUSD,H1: Alert: Please check your internet connection
0	13:02:12.294	trend_dtrader XAUUSD,H1: Alert: Please check your internet connection
0	13:02:13.296	trend_dtrader XAUUSD,H1: Alert: Please check your internet connection
0	13:02:14.296	trend_dtrader XAUUSD,H1: Alert: Please check your internet connection
0	13:02:15.298	trend_dtrader XAUUSD,H1: Alert: Please check your internet connection
0	13:02:16.295	trend_dtrader XAUUSD,H1: Alert: Please check your internet connection
0	13:02:17.297	trend_dtrader XAUUSD,H1: Alert: Please check your internet connection
0	13:02:18.299	trend_dtrader XAUUSD,H1: Alert: Please check your internet connection
0	13:02:19.292	trend_dtrader XAUUSD,H1: Alert: Please check your internet connection
0	13:02:20.296	trend_dtrader XAUUSD,H1: Alert: Please check your internet connection
0	13:02:21.295	trend_dtrader XAUUSD,H1: Alert: Please check your internet connection
0	13:02:22.301	trend_dtrader XAUUSD,H1: Alert: Please check your internet connection
0	13:02:23.301	trend_dtrader XAUUSD,H1: Alert: Please check your internet connection
0	13:02:24.295	trend_dtrader XAUUSD,H1: Alert: Please check your internet connection
0	13:02:25.295	trend_dtrader XAUUSD,H1: Alert: Please check your internet connection
0	13:02:26.296	trend_dtrader XAUUSD,H1: Alert: Please check your internet connection
0	13:02:27.298	trend_dtrader XAUUSD,H1: Alert: Please check your internet connection
0	13:02:28.296	trend_dtrader XAUUSD,H1: Alert: Please check your internet connection
0	13:02:29.294	trend_dtrader XAUUSD,H1: Alert: Please check your internet connection
0	13:02:30.296	trend_dtrader XAUUSD,H1: Alert: Please check your internet connection
0	13:02:31.293	trend_dtrader XAUUSD,H1: Alert: Please check your internet connection
0	13:02:32.296	trend_dtrader XAUUSD,H1: Alert: Please check your internet connection
0	13:02:33.293	trend_dtrader XAUUSD,H1: Alert: Please check your internet connection
0	13:02:34.297	trend_dtrader XAUUSD,H1: Alert: Please check your internet connection
0	13:02:35.294	trend_dtrader XAUUSD,H1: Alert: Please check your internet connection
0	13:02:36.293	trend_dtrader XAUUSD,H1: Alert: Please check your internet connection
0	13:02:37.303	trend_dtrader XAUUSD,H1: Alert: Please check your internet connection
0	13:02:38.300	trend_dtrader XAUUSD,H1: Alert: Please check your internet connection
0	13:02:39.298	trend_dtrader XAUUSD,H1: Alert: Please check your internet connection
0	13:02:40.298	trend_dtrader XAUUSD,H1: Alert: Please check your internet connection
0	13:02:41.296	trend_dtrader XAUUSD,H1: Alert: Please check your internet connection
0	13:02:42.297	trend_dtrader XAUUSD,H1: Alert: Please check your internet connection
0	13:02:43.295	trend_dtrader XAUUSD,H1: Alert: Please check your internet connection
0	13:02:44.297	trend_dtrader XAUUSD,H1: Alert: Please check your internet connection
0	13:02:45.292	trend_dtrader XAUUSD,H1: Alert: Please check your internet connection
0	13:02:46.297	trend_dtrader XAUUSD,H1: Alert: Please check your internet connection
0	13:02:47.293	trend_dtrader XAUUSD,H1: Alert: Please check your internet connection
0	13:02:48.297	trend_dtrader XAUUSD,H1: Alert: Please check your internet connection
0	13:02:49.298	trend_dtrader XAUUSD,H1: Alert: Please check your internet connection
0	13:02:50.297	trend_dtrader XAUUSD,H1: Alert: Please check your internet connection
0	13:02:51.296	trend_dtrader XAUUSD,H1: Alert: Please check your internet connection
0	13:02:52.297	trend_dtrader XAUUSD,H1: Alert: Please check your internet connection
0	13:02:53.293	trend_dtrader XAUUSD,H1: Alert: Please check your internet connection
0	13:02:54.294	trend_dtrader XAUUSD,H1: Alert: Please check your internet connection
0	13:02:55.293	trend_dtrader XAUUSD,H1: Alert: Please check your internet connection
0	13:02:56.295	trend_dtrader XAUUSD,H1: Alert: Please check your internet connection
0	13:02:57.292	trend_dtrader XAUUSD,H1: Alert: Please check your internet connection
0	13:02:58.294	trend_dtrader XAUUSD,H1: Alert: Please check your internet connection
0	13:02:59.297	trend_dtrader XAUUSD,H1: Alert: Please check your internet connection
0	13:03:00.298	trend_dtrader XAUUSD,H1: Alert: Please check your internet connection
0	13:03:01.299	trend_dtrader XAUUSD,H1: Alert: Please check your internet connection
0	13:03:02.293	trend_dtrader XAUUSD,H1: Alert: Please check your internet connection
0	13:03:03.296	trend_dtrader XAUUSD,H1: Alert: Please check your internet connection
0	13:03:04.294	trend_dtrader XAUUSD,H1: Alert: Please check your internet connection
0	13:03:05.296	trend_dtrader XAUUSD,H1: Alert: Please check your internet connection
0	13:03:06.295	trend_dtrader XAUUSD,H1: Alert: Please check your internet connection
0	13:03:07.299	trend_dtrader XAUUSD,H1: Alert: Please check your internet connection
0	13:03:08.326	trend_dtrader XAUUSD,H1: Alert: Please check your internet connection
0	13:03:09.297	trend_dtrader XAUUSD,H1: Alert: Please check your internet connection
0	13:03:10.295	trend_dtrader XAUUSD,H1: Alert: Please check your internet connection
0	13:03:11.295	trend_dtrader XAUUSD,H1: Alert: Please check your internet connection
0	13:03:12.299	trend_dtrader XAUUSD,H1: Alert: Please check your internet connection
0	13:03:13.295	trend_dtrader XAUUSD,H1: Alert: Please check your internet connection
0	13:03:14.296	trend_dtrader XAUUSD,H1: Alert: Please check your internet connection
0	13:03:15.304	trend_dtrader XAUUSD,H1: Alert: Please check your internet connection
0	13:03:16.294	trend_dtrader XAUUSD,H1: Alert: Please check your internet connection
0	13:03:17.293	trend_dtrader XAUUSD,H1: Alert: Please check your internet connection
0	13:03:18.302	trend_dtrader XAUUSD,H1: Alert: Please check your internet connection
0	13:03:19.299	trend_dtrader XAUUSD,H1: Alert: Please check your internet connection
0	13:03:20.323	trend_dtrader XAUUSD,H1: Alert: Please check your internet connection
0	13:03:21.296	trend_dtrader XAUUSD,H1: Alert: Please check your internet connection
0	13:03:22.300	trend_dtrader XAUUSD,H1: Alert: Please check your internet connection
0	13:03:23.298	trend_dtrader XAUUSD,H1: Alert: Please check your internet connection
0	13:03:24.293	trend_dtrader XAUUSD,H1: Alert: Please check your internet connection
0	13:03:25.296	trend_dtrader XAUUSD,H1: Alert: Please check your internet connection
0	13:03:26.297	trend_dtrader XAUUSD,H1: Alert: Please check your internet connection
0	13:03:27.295	trend_dtrader XAUUSD,H1: Alert: Please check your internet connection
0	13:03:28.300	trend_dtrader XAUUSD,H1: Alert: Please check your internet connection
0	13:03:29.294	trend_dtrader XAUUSD,H1: Alert: Please check your internet connection
0	13:03:30.377	trend_dtrader XAUUSD,H1: Alert: Please check your internet connection
0	13:03:31.376	trend_dtrader XAUUSD,H1: Alert: Please check your internet connection
0	13:03:32.300	trend_dtrader XAUUSD,H1: Alert: Please check your internet connection
0	13:03:33.295	trend_dtrader XAUUSD,H1: Alert: Please check your internet connection
0	13:03:34.293	trend_dtrader XAUUSD,H1: Alert: Please check your internet connection
0	13:03:35.299	trend_dtrader XAUUSD,H1: Alert: Please check your internet connection
0	13:03:36.294	trend_dtrader XAUUSD,H1: Alert: Please check your internet connection
0	13:03:37.296	trend_dtrader XAUUSD,H1: Alert: Please check your internet connection
0	13:03:38.298	trend_dtrader XAUUSD,H1: Alert: Please check your internet connection
0	13:03:39.299	trend_dtrader XAUUSD,H1: Alert: Please check your internet connection
0	13:03:40.297	trend_dtrader XAUUSD,H1: Alert: Please check your internet connection
0	13:03:41.302	trend_dtrader XAUUSD,H1: Alert: Please check your internet connection
0	13:03:42.299	trend_dtrader XAUUSD,H1: Alert: Please check your internet connection
0	13:03:43.298	trend_dtrader XAUUSD,H1: Alert: Please check your internet connection
0	13:03:44.302	trend_dtrader XAUUSD,H1: Alert: Please check your internet connection
0	13:03:45.299	trend_dtrader XAUUSD,H1: Alert: Please check your internet connection
0	13:03:46.295	trend_dtrader XAUUSD,H1: Alert: Please check your internet connection
0	13:03:47.296	trend_dtrader XAUUSD,H1: Alert: Please check your internet connection
0	13:03:48.297	trend_dtrader XAUUSD,H1: Alert: Please check your internet connection
0	13:03:49.300	trend_dtrader XAUUSD,H1: Alert: Please check your internet connection
0	13:03:50.298	trend_dtrader XAUUSD,H1: Alert: Please check your internet connection
0	13:03:51.295	trend_dtrader XAUUSD,H1: Alert: Please check your internet connection
0	13:03:52.293	trend_dtrader XAUUSD,H1: Alert: Please check your internet connection
0	13:03:53.298	trend_dtrader XAUUSD,H1: Alert: Please check your internet connection
0	13:03:54.296	trend_dtrader XAUUSD,H1: Alert: Please check your internet connection
0	13:03:55.297	trend_dtrader XAUUSD,H1: Alert: Please check your internet connection
0	13:03:56.295	trend_dtrader XAUUSD,H1: Alert: Please check your internet connection
0	13:03:57.299	trend_dtrader XAUUSD,H1: Alert: Please check your internet connection
0	13:03:58.305	trend_dtrader XAUUSD,H1: Alert: Please check your internet connection
0	13:03:59.298	trend_dtrader XAUUSD,H1: Alert: Please check your internet connection
0	13:04:00.295	trend_dtrader XAUUSD,H1: Alert: Please check your internet connection
0	13:04:01.299	trend_dtrader XAUUSD,H1: Alert: Please check your internet connection
0	13:04:02.301	trend_dtrader XAUUSD,H1: Alert: Please check your internet connection
0	13:04:03.295	trend_dtrader XAUUSD,H1: Alert: Please check your internet connection
0	13:04:04.296	trend_dtrader XAUUSD,H1: Alert: Please check your internet connection
0	13:04:05.312	trend_dtrader XAUUSD,H1: Alert: Please check your internet connection
0	13:04:06.307	trend_dtrader XAUUSD,H1: Alert: Please check your internet connection
0	13:04:07.296	trend_dtrader XAUUSD,H1: Alert: Please check your internet connection
0	13:04:08.298	trend_dtrader XAUUSD,H1: Alert: Please check your internet connection
0	13:04:09.295	trend_dtrader XAUUSD,H1: Alert: Please check your internet connection
0	13:04:10.299	trend_dtrader XAUUSD,H1: Alert: Please check your internet connection
0	13:04:11.300	trend_dtrader XAUUSD,H1: Alert: Please check your internet connection
0	13:04:12.294	trend_dtrader XAUUSD,H1: Alert: Please check your internet connection
0	13:04:13.295	trend_dtrader XAUUSD,H1: Alert: Please check your internet connection
0	13:04:14.298	trend_dtrader XAUUSD,H1: Alert: Please check your internet connection
0	13:04:15.294	trend_dtrader XAUUSD,H1: Alert: Please check your internet connection
0	13:04:16.296	trend_dtrader XAUUSD,H1: Alert: Please check your internet connection
0	13:04:17.294	trend_dtrader XAUUSD,H1: Alert: Please check your internet connection
0	13:04:18.301	trend_dtrader XAUUSD,H1: Alert: Please check your internet connection
0	13:04:19.299	trend_dtrader XAUUSD,H1: Alert: Please check your internet connection
0	13:04:20.296	trend_dtrader XAUUSD,H1: Alert: Please check your internet connection
0	13:04:21.299	trend_dtrader XAUUSD,H1: Alert: Please check your internet connection
0	13:04:22.294	trend_dtrader XAUUSD,H1: Alert: Please check your internet connection
0	13:04:23.298	trend_dtrader XAUUSD,H1: Alert: Please check your internet connection
0	13:04:24.300	trend_dtrader XAUUSD,H1: Alert: Please check your internet connection
0	13:04:25.297	trend_dtrader XAUUSD,H1: Alert: Please check your internet connection
0	13:04:26.294	trend_dtrader XAUUSD,H1: Alert: Please check your internet connection
0	13:04:27.294	trend_dtrader XAUUSD,H1: Alert: Please check your internet connection
0	13:04:28.296	trend_dtrader XAUUSD,H1: Alert: Please check your internet connection
0	13:04:29.293	trend_dtrader XAUUSD,H1: Alert: Please check your internet connection
0	13:04:30.300	trend_dtrader XAUUSD,H1: Alert: Please check your internet connection
0	13:04:31.298	trend_dtrader XAUUSD,H1: Alert: Please check your internet connection
0	13:04:32.305	trend_dtrader XAUUSD,H1: Alert: Please check your internet connection
0	13:04:33.298	trend_dtrader XAUUSD,H1: Alert: Please check your internet connection
0	13:04:34.301	trend_dtrader XAUUSD,H1: Alert: Please check your internet connection
0	13:04:35.298	trend_dtrader XAUUSD,H1: Alert: Please check your internet connection
0	13:04:36.299	trend_dtrader XAUUSD,H1: Alert: Please check your internet connection
0	13:04:37.305	trend_dtrader XAUUSD,H1: Alert: Please check your internet connection
0	13:04:38.298	trend_dtrader XAUUSD,H1: Alert: Please check your internet connection
0	13:04:39.299	trend_dtrader XAUUSD,H1: Alert: Please check your internet connection
0	13:04:40.312	trend_dtrader XAUUSD,H1: Alert: Please check your internet connection
0	13:04:41.306	trend_dtrader XAUUSD,H1: Alert: Please check your internet connection
0	13:04:42.299	trend_dtrader XAUUSD,H1: Alert: Please check your internet connection
0	13:04:43.298	trend_dtrader XAUUSD,H1: Alert: Please check your internet connection
0	13:04:44.300	trend_dtrader XAUUSD,H1: Alert: Please check your internet connection
0	13:04:45.304	trend_dtrader XAUUSD,H1: Alert: Please check your internet connection
0	13:04:46.296	trend_dtrader XAUUSD,H1: Alert: Please check your internet connection
0	13:04:47.303	trend_dtrader XAUUSD,H1: Alert: Please check your internet connection
0	13:04:48.301	trend_dtrader XAUUSD,H1: Alert: Please check your internet connection
0	13:04:49.301	trend_dtrader XAUUSD,H1: Alert: Please check your internet connection
0	13:04:50.302	trend_dtrader XAUUSD,H1: Alert: Please check your internet connection
0	13:04:51.304	trend_dtrader XAUUSD,H1: Alert: Please check your internet connection
0	13:04:52.297	trend_dtrader XAUUSD,H1: Alert: Please check your internet connection
0	13:04:53.297	trend_dtrader XAUUSD,H1: Alert: Please check your internet connection
0	13:04:54.303	trend_dtrader XAUUSD,H1: Alert: Please check your internet connection
0	13:04:55.303	trend_dtrader XAUUSD,H1: Alert: Please check your internet connection
0	13:04:56.294	trend_dtrader XAUUSD,H1: Alert: Please check your internet connection
0	13:04:57.299	trend_dtrader XAUUSD,H1: Alert: Please check your internet connection
0	13:04:58.305	trend_dtrader XAUUSD,H1: Alert: Please check your internet connection
0	13:04:59.299	trend_dtrader XAUUSD,H1: Alert: Please check your internet connection
0	13:05:00.298	trend_dtrader XAUUSD,H1: Alert: Please check your internet connection
0	13:05:01.302	trend_dtrader XAUUSD,H1: Alert: Please check your internet connection
0	13:05:02.297	trend_dtrader XAUUSD,H1: Alert: Please check your internet connection
0	13:05:03.297	trend_dtrader XAUUSD,H1: Alert: Please check your internet connection
0	13:05:04.305	trend_dtrader XAUUSD,H1: Alert: Please check your internet connection
0	13:05:05.299	trend_dtrader XAUUSD,H1: Alert: Please check your internet connection
0	13:05:06.306	trend_dtrader XAUUSD,H1: Alert: Please check your internet connection
0	13:05:07.293	trend_dtrader XAUUSD,H1: Alert: Please check your internet connection
0	13:05:08.299	trend_dtrader XAUUSD,H1: Alert: Please check your internet connection
0	13:05:09.296	trend_dtrader XAUUSD,H1: Alert: Please check your internet connection
0	13:05:10.300	trend_dtrader XAUUSD,H1: Alert: Please check your internet connection
0	13:05:11.385	trend_dtrader XAUUSD,H1: Alert: Please check your internet connection
0	13:05:12.303	trend_dtrader XAUUSD,H1: Alert: Please check your internet connection
0	13:05:13.297	trend_dtrader XAUUSD,H1: Alert: Please check your internet connection
0	13:05:14.298	trend_dtrader XAUUSD,H1: Alert: Please check your internet connection
0	13:05:15.300	trend_dtrader XAUUSD,H1: Alert: Please check your internet connection
0	13:05:16.297	trend_dtrader XAUUSD,H1: Alert: Please check your internet connection
0	13:05:17.295	trend_dtrader XAUUSD,H1: Alert: Please check your internet connection
0	13:05:18.298	trend_dtrader XAUUSD,H1: Alert: Please check your internet connection
0	13:05:19.296	trend_dtrader XAUUSD,H1: Alert: Please check your internet connection
0	13:05:20.295	trend_dtrader XAUUSD,H1: Alert: Please check your internet connection
0	13:05:21.296	trend_dtrader XAUUSD,H1: Alert: Please check your internet connection
0	13:05:22.293	trend_dtrader XAUUSD,H1: Alert: Please check your internet connection
0	13:05:23.301	trend_dtrader XAUUSD,H1: Alert: Please check your internet connection
0	13:05:24.294	trend_dtrader XAUUSD,H1: Alert: Please check your internet connection
0	13:05:25.299	trend_dtrader XAUUSD,H1: Alert: Please check your internet connection
0	13:05:26.296	trend_dtrader XAUUSD,H1: Alert: Please check your internet connection
0	13:05:27.294	trend_dtrader XAUUSD,H1: Alert: Please check your internet connection
0	13:05:28.297	trend_dtrader XAUUSD,H1: Alert: Please check your internet connection
0	13:05:29.298	trend_dtrader XAUUSD,H1: Alert: Please check your internet connection
0	13:05:30.294	trend_dtrader XAUUSD,H1: Alert: Please check your internet connection
0	13:05:31.298	trend_dtrader XAUUSD,H1: Alert: Please check your internet connection
0	13:05:32.297	trend_dtrader XAUUSD,H1: Alert: Please check your internet connection
0	13:05:33.296	trend_dtrader XAUUSD,H1: Alert: Please check your internet connection
0	13:05:34.306	trend_dtrader XAUUSD,H1: Alert: Please check your internet connection
0	13:05:35.293	trend_dtrader XAUUSD,H1: Alert: Please check your internet connection
0	13:05:36.299	trend_dtrader XAUUSD,H1: Alert: Please check your internet connection
0	13:05:37.302	trend_dtrader XAUUSD,H1: Alert: Please check your internet connection
0	13:05:38.296	trend_dtrader XAUUSD,H1: Alert: Please check your internet connection
0	13:05:39.301	trend_dtrader XAUUSD,H1: Alert: Please check your internet connection
0	13:05:40.292	trend_dtrader XAUUSD,H1: Alert: Please check your internet connection
0	13:05:41.299	trend_dtrader XAUUSD,H1: Alert: Please check your internet connection
0	13:05:42.298	trend_dtrader XAUUSD,H1: Alert: Please check your internet connection
0	13:05:43.298	trend_dtrader XAUUSD,H1: Alert: Please check your internet connection
0	13:05:44.300	trend_dtrader XAUUSD,H1: Alert: Please check your internet connection
0	13:05:45.294	trend_dtrader XAUUSD,H1: Alert: Please check your internet connection
0	13:05:46.296	trend_dtrader XAUUSD,H1: Alert: Please check your internet connection
0	13:05:47.295	trend_dtrader XAUUSD,H1: Alert: Please check your internet connection
0	13:05:48.295	trend_dtrader XAUUSD,H1: Alert: Please check your internet connection
0	13:05:49.300	trend_dtrader XAUUSD,H1: Alert: Please check your internet connection
0	13:05:50.299	trend_dtrader XAUUSD,H1: Alert: Please check your internet connection
0	13:05:51.297	trend_dtrader XAUUSD,H1: Alert: Please check your internet connection
0	13:05:52.318	trend_dtrader XAUUSD,H1: Alert: Please check your internet connection
0	13:05:53.294	trend_dtrader XAUUSD,H1: Alert: Please check your internet connection
0	13:05:54.297	trend_dtrader XAUUSD,H1: Alert: Please check your internet connection
0	13:05:55.295	trend_dtrader XAUUSD,H1: Alert: Please check your internet connection
0	13:05:56.295	trend_dtrader XAUUSD,H1: Alert: Please check your internet connection
0	13:05:57.297	trend_dtrader XAUUSD,H1: Alert: Please check your internet connection
0	13:05:58.292	trend_dtrader XAUUSD,H1: Alert: Please check your internet connection
0	13:05:59.297	trend_dtrader XAUUSD,H1: Alert: Please check your internet connection
0	13:06:00.302	trend_dtrader XAUUSD,H1: Alert: Please check your internet connection
0	13:06:01.305	trend_dtrader XAUUSD,H1: Alert: Please check your internet connection
0	13:06:02.301	trend_dtrader XAUUSD,H1: Alert: Please check your internet connection
0	13:06:03.293	trend_dtrader XAUUSD,H1: Alert: Please check your internet connection
0	13:06:04.303	trend_dtrader XAUUSD,H1: Alert: Please check your internet connection
0	13:06:05.298	trend_dtrader XAUUSD,H1: Alert: Please check your internet connection
0	13:06:06.296	trend_dtrader XAUUSD,H1: Alert: Please check your internet connection
0	13:06:07.297	trend_dtrader XAUUSD,H1: Alert: Please check your internet connection
0	13:06:08.303	trend_dtrader XAUUSD,H1: Alert: Please check your internet connection
0	13:06:09.298	trend_dtrader XAUUSD,H1: Alert: Please check your internet connection
0	13:06:10.302	trend_dtrader XAUUSD,H1: Alert: Please check your internet connection
0	13:06:11.295	trend_dtrader XAUUSD,H1: Alert: Please check your internet connection
0	13:06:12.301	trend_dtrader XAUUSD,H1: Alert: Please check your internet connection
0	13:06:13.298	trend_dtrader XAUUSD,H1: Alert: Please check your internet connection
0	13:06:14.304	trend_dtrader XAUUSD,H1: Alert: Please check your internet connection
0	13:06:15.294	trend_dtrader XAUUSD,H1: Alert: Please check your internet connection
0	13:06:16.295	trend_dtrader XAUUSD,H1: Alert: Please check your internet connection
0	13:06:17.302	trend_dtrader XAUUSD,H1: Alert: Please check your internet connection
0	13:06:18.296	trend_dtrader XAUUSD,H1: Alert: Please check your internet connection
0	13:06:19.297	trend_dtrader XAUUSD,H1: Alert: Please check your internet connection
0	13:06:20.303	trend_dtrader XAUUSD,H1: Alert: Please check your internet connection
0	13:06:21.296	trend_dtrader XAUUSD,H1: Alert: Please check your internet connection
0	13:06:22.304	trend_dtrader XAUUSD,H1: Alert: Please check your internet connection
0	13:06:23.297	trend_dtrader XAUUSD,H1: Alert: Please check your internet connection
0	13:06:24.302	trend_dtrader XAUUSD,H1: Alert: Please check your internet connection
0	13:06:25.295	trend_dtrader XAUUSD,H1: Alert: Please check your internet connection
0	13:06:26.302	trend_dtrader XAUUSD,H1: Alert: Please check your internet connection
0	13:06:27.304	trend_dtrader XAUUSD,H1: Alert: Please check your internet connection
0	13:06:28.303	trend_dtrader XAUUSD,H1: Alert: Please check your internet connection
0	13:06:29.297	trend_dtrader XAUUSD,H1: Alert: Please check your internet connection
0	13:06:30.296	trend_dtrader XAUUSD,H1: Alert: Please check your internet connection
0	13:06:31.303	trend_dtrader XAUUSD,H1: Alert: Please check your internet connection
0	13:06:32.298	trend_dtrader XAUUSD,H1: Alert: Please check your internet connection
0	13:06:33.298	trend_dtrader XAUUSD,H1: Alert: Please check your internet connection
0	13:06:34.304	trend_dtrader XAUUSD,H1: Alert: Please check your internet connection
0	13:06:35.300	trend_dtrader XAUUSD,H1: Alert: Please check your internet connection
0	13:06:36.297	trend_dtrader XAUUSD,H1: Alert: Please check your internet connection
0	13:06:37.298	trend_dtrader XAUUSD,H1: Alert: Please check your internet connection
0	13:06:38.297	trend_dtrader XAUUSD,H1: Alert: Please check your internet connection
0	13:06:39.301	trend_dtrader XAUUSD,H1: Alert: Please check your internet connection
0	13:06:40.299	trend_dtrader XAUUSD,H1: Alert: Please check your internet connection
0	13:06:41.297	trend_dtrader XAUUSD,H1: Alert: Please check your internet connection
0	13:06:42.300	trend_dtrader XAUUSD,H1: Alert: Please check your internet connection
0	13:06:43.299	trend_dtrader XAUUSD,H1: Alert: Please check your internet connection
0	13:06:44.302	trend_dtrader XAUUSD,H1: Alert: Please check your internet connection
0	13:06:45.302	trend_dtrader XAUUSD,H1: Alert: Please check your internet connection
0	13:06:46.299	trend_dtrader XAUUSD,H1: Alert: Please check your internet connection
0	13:06:47.301	trend_dtrader XAUUSD,H1: Alert: Please check your internet connection
0	13:06:48.294	trend_dtrader XAUUSD,H1: Alert: Please check your internet connection
0	13:06:49.298	trend_dtrader XAUUSD,H1: Alert: Please check your internet connection
0	13:06:50.297	trend_dtrader XAUUSD,H1: Alert: Please check your internet connection
0	13:06:51.293	trend_dtrader XAUUSD,H1: Alert: Please check your internet connection
0	13:06:52.298	trend_dtrader XAUUSD,H1: Alert: Please check your internet connection
0	13:06:53.295	trend_dtrader XAUUSD,H1: Alert: Please check your internet connection
0	13:06:54.296	trend_dtrader XAUUSD,H1: Alert: Please check your internet connection
0	13:06:55.295	trend_dtrader XAUUSD,H1: Alert: Please check your internet connection
0	13:06:56.298	trend_dtrader XAUUSD,H1: Alert: Please check your internet connection
0	13:06:57.297	trend_dtrader XAUUSD,H1: Alert: Please check your internet connection
0	13:06:58.297	trend_dtrader XAUUSD,H1: Alert: Please check your internet connection
0	13:06:59.312	trend_dtrader XAUUSD,H1: Alert: Please check your internet connection
0	13:07:00.297	trend_dtrader XAUUSD,H1: Alert: Please check your internet connection
0	13:07:01.300	trend_dtrader XAUUSD,H1: Alert: Please check your internet connection
0	13:07:02.298	trend_dtrader XAUUSD,H1: Alert: Please check your internet connection
0	13:07:03.304	trend_dtrader XAUUSD,H1: Alert: Please check your internet connection
0	13:07:04.304	trend_dtrader XAUUSD,H1: Alert: Please check your internet connection
0	13:07:05.293	trend_dtrader XAUUSD,H1: Alert: Please check your internet connection
0	13:07:06.299	trend_dtrader XAUUSD,H1: Alert: Please check your internet connection
0	13:07:07.292	trend_dtrader XAUUSD,H1: Alert: Please check your internet connection
0	13:07:08.299	trend_dtrader XAUUSD,H1: Alert: Please check your internet connection
0	13:07:09.298	trend_dtrader XAUUSD,H1: Alert: Please check your internet connection
0	13:07:10.302	trend_dtrader XAUUSD,H1: Alert: Please check your internet connection
0	13:07:11.294	trend_dtrader XAUUSD,H1: Alert: Please check your internet connection
0	13:07:12.294	trend_dtrader XAUUSD,H1: Alert: Please check your internet connection
0	13:07:13.303	trend_dtrader XAUUSD,H1: Alert: Please check your internet connection
0	13:07:14.298	trend_dtrader XAUUSD,H1: Alert: Please check your internet connection
0	13:07:15.293	trend_dtrader XAUUSD,H1: Alert: Please check your internet connection
0	13:07:16.293	trend_dtrader XAUUSD,H1: Alert: Please check your internet connection
0	13:07:17.293	trend_dtrader XAUUSD,H1: Alert: Please check your internet connection
0	13:07:18.500	trend_dtrader XAUUSD,H1: Alert: Please check your internet connection
0	13:07:19.294	trend_dtrader XAUUSD,H1: Alert: Please check your internet connection
0	13:07:20.294	trend_dtrader XAUUSD,H1: Alert: Please check your internet connection
0	13:07:21.295	trend_dtrader XAUUSD,H1: Alert: Please check your internet connection
0	13:07:22.293	trend_dtrader XAUUSD,H1: Alert: Please check your internet connection
0	13:07:23.296	trend_dtrader XAUUSD,H1: Alert: Please check your internet connection
0	13:07:24.297	trend_dtrader XAUUSD,H1: Alert: Please check your internet connection
0	13:07:25.293	trend_dtrader XAUUSD,H1: Alert: Please check your internet connection
0	13:07:26.297	trend_dtrader XAUUSD,H1: Alert: Please check your internet connection
0	13:07:27.295	trend_dtrader XAUUSD,H1: Alert: Please check your internet connection
0	13:07:28.293	trend_dtrader XAUUSD,H1: Alert: Please check your internet connection
0	13:07:29.301	trend_dtrader XAUUSD,H1: Alert: Please check your internet connection
0	13:07:30.298	trend_dtrader XAUUSD,H1: Alert: Please check your internet connection
0	13:07:31.294	trend_dtrader XAUUSD,H1: Alert: Please check your internet connection
0	13:07:32.303	trend_dtrader XAUUSD,H1: Alert: Please check your internet connection
0	13:07:33.295	trend_dtrader XAUUSD,H1: Alert: Please check your internet connection
0	13:07:34.298	trend_dtrader XAUUSD,H1: Alert: Please check your internet connection
0	13:07:35.302	trend_dtrader XAUUSD,H1: Alert: Please check your internet connection
0	13:07:36.294	trend_dtrader XAUUSD,H1: Alert: Please check your internet connection
0	13:07:37.298	trend_dtrader XAUUSD,H1: Alert: Please check your internet connection
0	13:07:38.296	trend_dtrader XAUUSD,H1: Alert: Please check your internet connection
0	13:07:39.294	trend_dtrader XAUUSD,H1: Alert: Please check your internet connection
0	13:07:40.293	trend_dtrader XAUUSD,H1: Alert: Please check your internet connection
0	13:07:41.293	trend_dtrader XAUUSD,H1: Alert: Please check your internet connection
0	13:07:42.300	trend_dtrader XAUUSD,H1: Alert: Please check your internet connection
0	13:07:43.297	trend_dtrader XAUUSD,H1: Alert: Please check your internet connection
0	13:07:44.293	trend_dtrader XAUUSD,H1: Alert: Please check your internet connection
0	13:07:45.297	trend_dtrader XAUUSD,H1: Alert: Please check your internet connection
0	13:07:46.294	trend_dtrader XAUUSD,H1: Alert: Please check your internet connection
0	13:07:47.296	trend_dtrader XAUUSD,H1: Alert: Please check your internet connection
0	13:07:48.297	trend_dtrader XAUUSD,H1: Alert: Please check your internet connection
0	13:07:49.359	trend_dtrader XAUUSD,H1: Alert: Please check your internet connection
0	13:07:50.294	trend_dtrader XAUUSD,H1: Alert: Please check your internet connection
0	13:07:51.295	trend_dtrader XAUUSD,H1: Alert: Please check your internet connection
0	13:07:52.295	trend_dtrader XAUUSD,H1: Alert: Please check your internet connection
0	13:07:53.298	trend_dtrader XAUUSD,H1: Alert: Please check your internet connection
0	13:07:54.300	trend_dtrader XAUUSD,H1: Alert: Please check your internet connection
0	13:07:55.297	trend_dtrader XAUUSD,H1: Alert: Please check your internet connection
0	13:07:56.298	trend_dtrader XAUUSD,H1: Alert: Please check your internet connection
0	13:07:57.298	trend_dtrader XAUUSD,H1: Alert: Please check your internet connection
0	13:07:58.296	trend_dtrader XAUUSD,H1: Alert: Please check your internet connection
0	13:07:59.297	trend_dtrader XAUUSD,H1: Alert: Please check your internet connection
0	13:08:00.300	trend_dtrader XAUUSD,H1: Alert: Please check your internet connection
0	13:08:01.302	trend_dtrader XAUUSD,H1: Alert: Please check your internet connection
0	13:08:02.300	trend_dtrader XAUUSD,H1: Alert: Please check your internet connection
0	13:08:03.298	trend_dtrader XAUUSD,H1: Alert: Please check your internet connection
0	13:08:04.293	trend_dtrader XAUUSD,H1: Alert: Please check your internet connection
0	13:08:05.297	trend_dtrader XAUUSD,H1: Alert: Please check your internet connection
0	13:08:06.294	trend_dtrader XAUUSD,H1: Alert: Please check your internet connection
0	13:08:07.293	trend_dtrader XAUUSD,H1: Alert: Please check your internet connection
0	13:08:08.296	trend_dtrader XAUUSD,H1: Alert: Please check your internet connection
0	13:08:09.296	trend_dtrader XAUUSD,H1: Alert: Please check your internet connection
0	13:08:10.295	trend_dtrader XAUUSD,H1: Alert: Please check your internet connection
0	13:08:11.301	trend_dtrader XAUUSD,H1: Alert: Please check your internet connection
0	13:08:12.298	trend_dtrader XAUUSD,H1: Alert: Please check your internet connection
0	13:08:13.298	trend_dtrader XAUUSD,H1: Alert: Please check your internet connection
0	13:08:14.298	trend_dtrader XAUUSD,H1: Alert: Please check your internet connection
0	13:08:15.295	trend_dtrader XAUUSD,H1: Alert: Please check your internet connection
0	13:08:16.293	trend_dtrader XAUUSD,H1: Alert: Please check your internet connection
0	13:08:17.299	trend_dtrader XAUUSD,H1: Alert: Please check your internet connection
0	13:08:18.294	trend_dtrader XAUUSD,H1: Alert: Please check your internet connection
0	13:08:19.296	trend_dtrader XAUUSD,H1: Alert: Please check your internet connection
0	13:08:20.297	trend_dtrader XAUUSD,H1: Alert: Please check your internet connection
0	13:08:21.297	trend_dtrader XAUUSD,H1: Alert: Please check your internet connection
0	13:08:22.296	trend_dtrader XAUUSD,H1: Alert: Please check your internet connection
0	13:08:23.300	trend_dtrader XAUUSD,H1: Alert: Please check your internet connection
0	13:08:24.299	trend_dtrader XAUUSD,H1: Alert: Please check your internet connection
0	13:08:25.293	trend_dtrader XAUUSD,H1: Alert: Please check your internet connection
0	13:08:26.296	trend_dtrader XAUUSD,H1: Alert: Please check your internet connection
0	13:08:27.299	trend_dtrader XAUUSD,H1: Alert: Please check your internet connection
0	13:08:28.300	trend_dtrader XAUUSD,H1: Alert: Please check your internet connection
0	13:08:29.295	trend_dtrader XAUUSD,H1: Alert: Please check your internet connection
0	13:08:30.293	trend_dtrader XAUUSD,H1: Alert: Please check your internet connection
0	13:08:31.300	trend_dtrader XAUUSD,H1: Alert: Please check your internet connection
0	13:08:32.294	trend_dtrader XAUUSD,H1: Alert: Please check your internet connection
0	13:08:33.298	trend_dtrader XAUUSD,H1: Alert: Please check your internet connection
0	13:08:34.295	trend_dtrader XAUUSD,H1: Alert: Please check your internet connection
0	13:08:35.297	trend_dtrader XAUUSD,H1: Alert: Please check your internet connection
0	13:08:36.296	trend_dtrader XAUUSD,H1: Alert: Please check your internet connection
0	13:08:37.299	trend_dtrader XAUUSD,H1: Alert: Please check your internet connection
0	13:08:38.293	trend_dtrader XAUUSD,H1: Alert: Please check your internet connection
0	13:08:39.300	trend_dtrader XAUUSD,H1: Alert: Please check your internet connection
0	13:08:40.300	trend_dtrader XAUUSD,H1: Alert: Please check your internet connection
0	13:08:41.316	trend_dtrader XAUUSD,H1: Alert: Please check your internet connection
0	13:08:42.298	trend_dtrader XAUUSD,H1: Alert: Please check your internet connection
0	13:08:43.295	trend_dtrader XAUUSD,H1: Alert: Please check your internet connection
0	13:08:44.296	trend_dtrader XAUUSD,H1: Alert: Please check your internet connection
0	13:08:45.301	trend_dtrader XAUUSD,H1: Alert: Please check your internet connection
0	13:08:46.300	trend_dtrader XAUUSD,H1: Alert: Please check your internet connection
0	13:08:47.293	trend_dtrader XAUUSD,H1: Alert: Please check your internet connection
0	13:08:48.299	trend_dtrader XAUUSD,H1: Alert: Please check your internet connection
0	13:08:49.294	trend_dtrader XAUUSD,H1: Alert: Please check your internet connection
0	13:08:50.298	trend_dtrader XAUUSD,H1: Alert: Please check your internet connection
0	13:08:51.295	trend_dtrader XAUUSD,H1: Alert: Please check your internet connection
0	13:08:52.303	trend_dtrader XAUUSD,H1: Alert: Please check your internet connection
0	13:08:53.297	trend_dtrader XAUUSD,H1: Alert: Please check your internet connection
0	13:08:54.292	trend_dtrader XAUUSD,H1: Alert: Please check your internet connection
0	13:08:55.293	trend_dtrader XAUUSD,H1: Alert: Please check your internet connection
0	13:08:56.296	trend_dtrader XAUUSD,H1: Alert: Please check your internet connection
0	13:08:57.299	trend_dtrader XAUUSD,H1: Alert: Please check your internet connection
0	13:08:58.299	trend_dtrader XAUUSD,H1: Alert: Please check your internet connection
0	13:08:59.300	trend_dtrader XAUUSD,H1: Alert: Please check your internet connection
0	13:09:00.294	trend_dtrader XAUUSD,H1: Alert: Please check your internet connection
0	13:09:01.299	trend_dtrader XAUUSD,H1: Alert: Please check your internet connection
0	13:09:02.305	trend_dtrader XAUUSD,H1: Alert: Please check your internet connection
0	13:09:03.297	trend_dtrader XAUUSD,H1: Alert: Please check your internet connection
0	13:09:04.295	trend_dtrader XAUUSD,H1: Alert: Please check your internet connection
0	13:09:05.294	trend_dtrader XAUUSD,H1: Alert: Please check your internet connection
0	13:09:06.299	trend_dtrader XAUUSD,H1: Alert: Please check your internet connection
0	13:09:07.298	trend_dtrader XAUUSD,H1: Alert: Please check your internet connection
0	13:09:08.297	trend_dtrader XAUUSD,H1: Alert: Please check your internet connection
0	13:09:09.298	trend_dtrader XAUUSD,H1: Alert: Please check your internet connection
0	13:09:10.299	trend_dtrader XAUUSD,H1: Alert: Please check your internet connection
0	13:09:11.295	trend_dtrader XAUUSD,H1: Alert: Please check your internet connection
0	13:09:12.301	trend_dtrader XAUUSD,H1: Alert: Please check your internet connection
0	13:09:13.297	trend_dtrader XAUUSD,H1: Alert: Please check your internet connection
0	13:09:14.294	trend_dtrader XAUUSD,H1: Alert: Please check your internet connection
0	13:09:15.295	trend_dtrader XAUUSD,H1: Alert: Please check your internet connection
0	13:09:16.297	trend_dtrader XAUUSD,H1: Alert: Please check your internet connection
0	13:09:17.298	trend_dtrader XAUUSD,H1: Alert: Please check your internet connection
0	13:09:18.295	trend_dtrader XAUUSD,H1: Alert: Please check your internet connection
0	13:09:19.299	trend_dtrader XAUUSD,H1: Alert: Please check your internet connection
0	13:09:20.295	trend_dtrader XAUUSD,H1: Alert: Please check your internet connection
0	13:09:21.297	trend_dtrader XAUUSD,H1: Alert: Please check your internet connection
0	13:09:22.298	trend_dtrader XAUUSD,H1: Alert: Please check your internet connection
0	13:09:23.295	trend_dtrader XAUUSD,H1: Alert: Please check your internet connection
0	13:09:24.300	trend_dtrader XAUUSD,H1: Alert: Please check your internet connection
0	13:09:25.296	trend_dtrader XAUUSD,H1: Alert: Please check your internet connection
0	13:09:26.299	trend_dtrader XAUUSD,H1: Alert: Please check your internet connection
0	13:09:27.301	trend_dtrader XAUUSD,H1: Alert: Please check your internet connection
0	13:09:28.300	trend_dtrader XAUUSD,H1: Alert: Please check your internet connection
0	13:09:29.297	trend_dtrader XAUUSD,H1: Alert: Please check your internet connection
0	13:09:30.299	trend_dtrader XAUUSD,H1: Alert: Please check your internet connection
0	13:09:31.305	trend_dtrader XAUUSD,H1: Alert: Please check your internet connection
0	13:09:32.300	trend_dtrader XAUUSD,H1: Alert: Please check your internet connection
0	13:09:33.303	trend_dtrader XAUUSD,H1: Alert: Please check your internet connection
0	13:09:34.296	trend_dtrader XAUUSD,H1: Alert: Please check your internet connection
0	13:09:35.294	trend_dtrader XAUUSD,H1: Alert: Please check your internet connection
0	13:09:36.300	trend_dtrader XAUUSD,H1: Alert: Please check your internet connection
0	13:09:37.296	trend_dtrader XAUUSD,H1: Alert: Please check your internet connection
0	13:09:38.301	trend_dtrader XAUUSD,H1: Alert: Please check your internet connection
0	13:09:39.301	trend_dtrader XAUUSD,H1: Alert: Please check your internet connection
0	13:09:40.296	trend_dtrader XAUUSD,H1: Alert: Please check your internet connection
0	13:09:41.299	trend_dtrader XAUUSD,H1: Alert: Please check your internet connection
0	13:09:42.300	trend_dtrader XAUUSD,H1: Alert: Please check your internet connection
0	13:09:43.297	trend_dtrader XAUUSD,H1: Alert: Please check your internet connection
0	13:09:44.304	trend_dtrader XAUUSD,H1: Alert: Please check your internet connection
0	13:09:45.296	trend_dtrader XAUUSD,H1: Alert: Please check your internet connection
0	13:09:46.300	trend_dtrader XAUUSD,H1: Alert: Please check your internet connection
0	13:09:47.296	trend_dtrader XAUUSD,H1: Alert: Please check your internet connection
0	13:09:48.300	trend_dtrader XAUUSD,H1: Alert: Please check your internet connection
0	13:09:49.293	trend_dtrader XAUUSD,H1: Alert: Please check your internet connection
0	13:09:50.298	trend_dtrader XAUUSD,H1: Alert: Please check your internet connection
0	13:09:51.299	trend_dtrader XAUUSD,H1: Alert: Please check your internet connection
0	13:09:52.300	trend_dtrader XAUUSD,H1: Alert: Please check your internet connection
0	13:09:53.297	trend_dtrader XAUUSD,H1: Alert: Please check your internet connection
0	13:09:54.300	trend_dtrader XAUUSD,H1: Alert: Please check your internet connection
0	13:09:55.298	trend_dtrader XAUUSD,H1: Alert: Please check your internet connection
0	13:09:56.299	trend_dtrader XAUUSD,H1: Alert: Please check your internet connection
0	13:09:57.308	trend_dtrader XAUUSD,H1: Alert: Please check your internet connection
0	13:09:58.296	trend_dtrader XAUUSD,H1: Alert: Please check your internet connection
0	13:09:59.297	trend_dtrader XAUUSD,H1: Alert: Please check your internet connection
0	13:10:00.298	trend_dtrader XAUUSD,H1: Alert: Please check your internet connection
0	13:10:01.305	trend_dtrader XAUUSD,H1: Alert: Please check your internet connection
0	13:10:02.301	trend_dtrader XAUUSD,H1: Alert: Please check your internet connection
0	13:10:03.300	trend_dtrader XAUUSD,H1: Alert: Please check your internet connection
0	13:10:04.297	trend_dtrader XAUUSD,H1: Alert: Please check your internet connection
0	13:10:05.303	trend_dtrader XAUUSD,H1: Alert: Please check your internet connection
0	13:10:06.299	trend_dtrader XAUUSD,H1: Alert: Please check your internet connection
0	13:10:07.295	trend_dtrader XAUUSD,H1: Alert: Please check your internet connection
0	13:10:08.297	trend_dtrader XAUUSD,H1: Alert: Please check your internet connection
0	13:10:09.297	trend_dtrader XAUUSD,H1: Alert: Please check your internet connection
0	13:10:10.311	trend_dtrader XAUUSD,H1: Alert: Please check your internet connection
0	13:10:11.300	trend_dtrader XAUUSD,H1: Alert: Please check your internet connection
0	13:10:12.298	trend_dtrader XAUUSD,H1: Alert: Please check your internet connection
0	13:10:13.300	trend_dtrader XAUUSD,H1: Alert: Please check your internet connection
0	13:10:14.310	trend_dtrader XAUUSD,H1: Alert: Please check your internet connection
0	13:10:15.300	trend_dtrader XAUUSD,H1: Alert: Please check your internet connection
0	13:10:16.307	trend_dtrader XAUUSD,H1: Alert: Please check your internet connection
0	13:10:17.296	trend_dtrader XAUUSD,H1: Alert: Please check your internet connection
0	13:10:18.302	trend_dtrader XAUUSD,H1: Alert: Please check your internet connection
0	13:10:19.300	trend_dtrader XAUUSD,H1: Alert: Please check your internet connection
0	13:10:20.295	trend_dtrader XAUUSD,H1: Alert: Please check your internet connection
0	13:10:21.294	trend_dtrader XAUUSD,H1: Alert: Please check your internet connection
0	13:10:22.300	trend_dtrader XAUUSD,H1: Alert: Please check your internet connection
0	13:10:23.297	trend_dtrader XAUUSD,H1: Alert: Please check your internet connection
0	13:10:24.326	trend_dtrader XAUUSD,H1: Alert: Please check your internet connection
0	13:10:25.296	trend_dtrader XAUUSD,H1: Alert: Please check your internet connection
0	13:10:26.296	trend_dtrader XAUUSD,H1: Alert: Please check your internet connection
0	13:10:27.297	trend_dtrader XAUUSD,H1: Alert: Please check your internet connection
0	13:10:28.297	trend_dtrader XAUUSD,H1: Alert: Please check your internet connection
0	13:10:29.295	trend_dtrader XAUUSD,H1: Alert: Please check your internet connection
0	13:10:30.296	trend_dtrader XAUUSD,H1: Alert: Please check your internet connection
0	13:10:31.305	trend_dtrader XAUUSD,H1: Alert: Please check your internet connection
0	13:10:32.297	trend_dtrader XAUUSD,H1: Alert: Please check your internet connection
0	13:10:33.296	trend_dtrader XAUUSD,H1: Alert: Please check your internet connection
0	13:10:34.295	trend_dtrader XAUUSD,H1: Alert: Please check your internet connection
0	13:10:35.299	trend_dtrader XAUUSD,H1: Alert: Please check your internet connection
0	13:10:36.302	trend_dtrader XAUUSD,H1: Alert: Please check your internet connection
0	13:10:37.298	trend_dtrader XAUUSD,H1: Alert: Please check your internet connection
0	13:10:38.298	trend_dtrader XAUUSD,H1: Alert: Please check your internet connection
0	13:10:39.297	trend_dtrader XAUUSD,H1: Alert: Please check your internet connection
0	13:10:40.298	trend_dtrader XAUUSD,H1: Alert: Please check your internet connection
0	13:10:41.300	trend_dtrader XAUUSD,H1: Alert: Please check your internet connection
0	13:10:42.301	trend_dtrader XAUUSD,H1: Alert: Please check your internet connection
0	13:10:43.298	trend_dtrader XAUUSD,H1: Alert: Please check your internet connection
0	13:10:44.303	trend_dtrader XAUUSD,H1: Alert: Please check your internet connection
0	13:10:45.295	trend_dtrader XAUUSD,H1: Alert: Please check your internet connection
0	13:10:46.303	trend_dtrader XAUUSD,H1: Alert: Please check your internet connection
0	13:10:47.294	trend_dtrader XAUUSD,H1: Alert: Please check your internet connection
0	13:10:48.296	trend_dtrader XAUUSD,H1: Alert: Please check your internet connection
0	13:10:49.300	trend_dtrader XAUUSD,H1: Alert: Please check your internet connection
0	13:10:50.300	trend_dtrader XAUUSD,H1: Alert: Please check your internet connection
0	13:10:51.300	trend_dtrader XAUUSD,H1: Alert: Please check your internet connection
0	13:10:52.300	trend_dtrader XAUUSD,H1: Alert: Please check your internet connection
0	13:10:53.308	trend_dtrader XAUUSD,H1: Alert: Please check your internet connection
0	13:10:54.299	trend_dtrader XAUUSD,H1: Alert: Please check your internet connection
0	13:10:55.298	trend_dtrader XAUUSD,H1: Alert: Please check your internet connection
0	13:10:56.294	trend_dtrader XAUUSD,H1: Alert: Please check your internet connection
0	13:10:57.294	trend_dtrader XAUUSD,H1: Alert: Please check your internet connection
0	13:10:58.301	trend_dtrader XAUUSD,H1: Alert: Please check your internet connection
0	13:10:59.297	trend_dtrader XAUUSD,H1: Alert: Please check your internet connection
0	13:11:00.296	trend_dtrader XAUUSD,H1: Alert: Please check your internet connection
0	13:11:01.300	trend_dtrader XAUUSD,H1: Alert: Please check your internet connection
0	13:11:02.300	trend_dtrader XAUUSD,H1: Alert: Please check your internet connection
0	13:11:03.293	trend_dtrader XAUUSD,H1: Alert: Please check your internet connection
0	13:11:04.293	trend_dtrader XAUUSD,H1: Alert: Please check your internet connection
0	13:11:05.295	trend_dtrader XAUUSD,H1: Alert: Please check your internet connection
0	13:11:06.293	trend_dtrader XAUUSD,H1: Alert: Please check your internet connection
0	13:11:07.301	trend_dtrader XAUUSD,H1: Alert: Please check your internet connection
0	13:11:08.299	trend_dtrader XAUUSD,H1: Alert: Please check your internet connection
0	13:11:09.295	trend_dtrader XAUUSD,H1: Alert: Please check your internet connection
0	13:11:10.304	trend_dtrader XAUUSD,H1: Alert: Please check your internet connection
0	13:11:11.300	trend_dtrader XAUUSD,H1: Alert: Please check your internet connection
0	13:11:12.300	trend_dtrader XAUUSD,H1: Alert: Please check your internet connection
0	13:11:13.299	trend_dtrader XAUUSD,H1: Alert: Please check your internet connection
0	13:11:14.299	trend_dtrader XAUUSD,H1: Alert: Please check your internet connection
0	13:11:15.294	trend_dtrader XAUUSD,H1: Alert: Please check your internet connection
0	13:11:16.298	trend_dtrader XAUUSD,H1: Alert: Please check your internet connection
0	13:11:17.294	trend_dtrader XAUUSD,H1: Alert: Please check your internet connection
0	13:11:18.292	trend_dtrader XAUUSD,H1: Alert: Please check your internet connection
0	13:11:19.296	trend_dtrader XAUUSD,H1: Alert: Please check your internet connection
0	13:11:20.297	trend_dtrader XAUUSD,H1: Alert: Please check your internet connection
0	13:11:21.297	trend_dtrader XAUUSD,H1: Alert: Please check your internet connection
0	13:11:22.293	trend_dtrader XAUUSD,H1: Alert: Please check your internet connection
0	13:11:23.299	trend_dtrader XAUUSD,H1: Alert: Please check your internet connection
0	13:11:24.297	trend_dtrader XAUUSD,H1: Alert: Please check your internet connection
0	13:11:25.299	trend_dtrader XAUUSD,H1: Alert: Please check your internet connection
0	13:11:26.304	trend_dtrader XAUUSD,H1: Alert: Please check your internet connection
0	13:11:27.296	trend_dtrader XAUUSD,H1: Alert: Please check your internet connection
0	13:11:28.295	trend_dtrader XAUUSD,H1: Alert: Please check your internet connection
0	13:11:29.298	trend_dtrader XAUUSD,H1: Alert: Please check your internet connection
0	13:11:30.303	trend_dtrader XAUUSD,H1: Alert: Please check your internet connection
0	13:11:31.298	trend_dtrader XAUUSD,H1: Alert: Please check your internet connection
0	13:11:32.296	trend_dtrader XAUUSD,H1: Alert: Please check your internet connection
0	13:11:33.294	trend_dtrader XAUUSD,H1: Alert: Please check your internet connection
0	13:11:34.299	trend_dtrader XAUUSD,H1: Alert: Please check your internet connection
0	13:11:35.294	trend_dtrader XAUUSD,H1: Alert: Please check your internet connection
0	13:11:36.300	trend_dtrader XAUUSD,H1: Alert: Please check your internet connection
0	13:11:37.295	trend_dtrader XAUUSD,H1: Alert: Please check your internet connection
0	13:11:38.299	trend_dtrader XAUUSD,H1: Alert: Please check your internet connection
0	13:11:39.295	trend_dtrader XAUUSD,H1: Alert: Please check your internet connection
0	13:11:40.298	trend_dtrader XAUUSD,H1: Alert: Please check your internet connection
0	13:11:41.296	trend_dtrader XAUUSD,H1: Alert: Please check your internet connection
0	13:11:42.298	trend_dtrader XAUUSD,H1: Alert: Please check your internet connection
0	13:11:43.295	trend_dtrader XAUUSD,H1: Alert: Please check your internet connection
0	13:11:44.300	trend_dtrader XAUUSD,H1: Alert: Please check your internet connection
0	13:11:45.300	trend_dtrader XAUUSD,H1: Alert: Please check your internet connection
0	13:11:46.300	trend_dtrader XAUUSD,H1: Alert: Please check your internet connection
0	13:11:47.296	trend_dtrader XAUUSD,H1: Alert: Please check your internet connection
0	13:11:48.298	trend_dtrader XAUUSD,H1: Alert: Please check your internet connection
0	13:11:49.300	trend_dtrader XAUUSD,H1: Alert: Please check your internet connection
0	13:11:50.301	trend_dtrader XAUUSD,H1: Alert: Please check your internet connection
0	13:11:51.293	trend_dtrader XAUUSD,H1: Alert: Please check your internet connection
0	13:11:52.297	trend_dtrader XAUUSD,H1: Alert: Please check your internet connection
0	13:11:53.297	trend_dtrader XAUUSD,H1: Alert: Please check your internet connection
0	13:11:54.304	trend_dtrader XAUUSD,H1: Alert: Please check your internet connection
0	13:11:55.296	trend_dtrader XAUUSD,H1: Alert: Please check your internet connection
0	13:11:56.293	trend_dtrader XAUUSD,H1: Alert: Please check your internet connection
0	13:11:57.299	trend_dtrader XAUUSD,H1: Alert: Please check your internet connection
0	13:11:58.300	trend_dtrader XAUUSD,H1: Alert: Please check your internet connection
0	13:11:59.296	trend_dtrader XAUUSD,H1: Alert: Please check your internet connection
0	13:12:00.299	trend_dtrader XAUUSD,H1: Alert: Please check your internet connection
0	13:12:01.295	trend_dtrader XAUUSD,H1: Alert: Please check your internet connection
0	13:12:02.299	trend_dtrader XAUUSD,H1: Alert: Please check your internet connection
0	13:12:03.304	trend_dtrader XAUUSD,H1: Alert: Please check your internet connection
0	13:12:04.296	trend_dtrader XAUUSD,H1: Alert: Please check your internet connection
0	13:12:05.294	trend_dtrader XAUUSD,H1: Alert: Please check your internet connection
0	13:12:06.297	trend_dtrader XAUUSD,H1: Alert: Please check your internet connection
0	13:12:07.296	trend_dtrader XAUUSD,H1: Alert: Please check your internet connection
0	13:12:08.298	trend_dtrader XAUUSD,H1: Alert: Please check your internet connection
0	13:12:09.297	trend_dtrader XAUUSD,H1: Alert: Please check your internet connection
0	13:12:10.297	trend_dtrader XAUUSD,H1: Alert: Please check your internet connection
0	13:12:11.296	trend_dtrader XAUUSD,H1: Alert: Please check your internet connection
0	13:12:12.295	trend_dtrader XAUUSD,H1: Alert: Please check your internet connection
0	13:12:13.302	trend_dtrader XAUUSD,H1: Alert: Please check your internet connection
0	13:12:14.298	trend_dtrader XAUUSD,H1: Alert: Please check your internet connection
0	13:12:15.298	trend_dtrader XAUUSD,H1: Alert: Please check your internet connection
0	13:12:16.294	trend_dtrader XAUUSD,H1: Alert: Please check your internet connection
0	13:12:17.296	trend_dtrader XAUUSD,H1: Alert: Please check your internet connection
0	13:12:18.301	trend_dtrader XAUUSD,H1: Alert: Please check your internet connection
0	13:12:19.302	trend_dtrader XAUUSD,H1: Alert: Please check your internet connection
0	13:12:20.298	trend_dtrader XAUUSD,H1: Alert: Please check your internet connection
0	13:12:21.304	trend_dtrader XAUUSD,H1: Alert: Please check your internet connection
0	13:12:22.296	trend_dtrader XAUUSD,H1: Alert: Please check your internet connection
0	13:12:23.293	trend_dtrader XAUUSD,H1: Alert: Please check your internet connection
0	13:12:24.301	trend_dtrader XAUUSD,H1: Alert: Please check your internet connection
0	13:12:25.300	trend_dtrader XAUUSD,H1: Alert: Please check your internet connection
0	13:12:26.297	trend_dtrader XAUUSD,H1: Alert: Please check your internet connection
0	13:12:27.303	trend_dtrader XAUUSD,H1: Alert: Please check your internet connection
0	13:12:28.295	trend_dtrader XAUUSD,H1: Alert: Please check your internet connection
0	13:12:29.301	trend_dtrader XAUUSD,H1: Alert: Please check your internet connection
0	13:12:30.299	trend_dtrader XAUUSD,H1: Alert: Please check your internet connection
0	13:12:31.299	trend_dtrader XAUUSD,H1: Alert: Please check your internet connection
0	13:12:32.296	trend_dtrader XAUUSD,H1: Alert: Please check your internet connection
0	13:12:33.295	trend_dtrader XAUUSD,H1: Alert: Please check your internet connection
0	13:12:34.293	trend_dtrader XAUUSD,H1: Alert: Please check your internet connection
0	13:12:35.295	trend_dtrader XAUUSD,H1: Alert: Please check your internet connection
0	13:12:36.299	trend_dtrader XAUUSD,H1: Alert: Please check your internet connection
0	13:12:37.307	trend_dtrader XAUUSD,H1: Alert: Please check your internet connection
0	13:12:38.295	trend_dtrader XAUUSD,H1: Alert: Please check your internet connection
0	13:12:39.294	trend_dtrader XAUUSD,H1: Alert: Please check your internet connection
0	13:12:40.295	trend_dtrader XAUUSD,H1: Alert: Please check your internet connection
0	13:12:41.299	trend_dtrader XAUUSD,H1: Alert: Please check your internet connection
0	13:12:42.298	trend_dtrader XAUUSD,H1: Alert: Please check your internet connection
0	13:12:43.297	trend_dtrader XAUUSD,H1: Alert: Please check your internet connection
0	13:12:44.295	trend_dtrader XAUUSD,H1: Alert: Please check your internet connection
0	13:12:45.293	trend_dtrader XAUUSD,H1: Alert: Please check your internet connection
0	13:12:46.300	trend_dtrader XAUUSD,H1: Alert: Please check your internet connection
0	13:12:47.296	trend_dtrader XAUUSD,H1: Alert: Please check your internet connection
0	13:12:48.299	trend_dtrader XAUUSD,H1: Alert: Please check your internet connection
0	13:12:49.297	trend_dtrader XAUUSD,H1: Alert: Please check your internet connection
0	13:12:50.300	trend_dtrader XAUUSD,H1: Alert: Please check your internet connection
0	13:12:51.299	trend_dtrader XAUUSD,H1: Alert: Please check your internet connection
0	13:12:52.293	trend_dtrader XAUUSD,H1: Alert: Please check your internet connection
0	13:12:53.299	trend_dtrader XAUUSD,H1: Alert: Please check your internet connection
0	13:12:54.293	trend_dtrader XAUUSD,H1: Alert: Please check your internet connection
0	13:12:55.299	trend_dtrader XAUUSD,H1: Alert: Please check your internet connection
0	13:12:56.298	trend_dtrader XAUUSD,H1: Alert: Please check your internet connection
0	13:12:57.301	trend_dtrader XAUUSD,H1: Alert: Please check your internet connection
0	13:12:58.299	trend_dtrader XAUUSD,H1: Alert: Please check your internet connection
0	13:12:59.298	trend_dtrader XAUUSD,H1: Alert: Please check your internet connection
0	13:13:00.305	trend_dtrader XAUUSD,H1: Alert: Please check your internet connection
0	13:13:01.296	trend_dtrader XAUUSD,H1: Alert: Please check your internet connection
0	13:13:02.300	trend_dtrader XAUUSD,H1: Alert: Please check your internet connection
0	13:13:03.294	trend_dtrader XAUUSD,H1: Alert: Please check your internet connection
0	13:13:04.294	trend_dtrader XAUUSD,H1: Alert: Please check your internet connection
0	13:13:05.296	trend_dtrader XAUUSD,H1: Alert: Please check your internet connection
0	13:13:06.296	trend_dtrader XAUUSD,H1: Alert: Please check your internet connection
0	13:13:07.293	trend_dtrader XAUUSD,H1: Alert: Please check your internet connection
0	13:13:08.296	trend_dtrader XAUUSD,H1: Alert: Please check your internet connection
0	13:13:09.297	trend_dtrader XAUUSD,H1: Alert: Please check your internet connection
0	13:13:10.297	trend_dtrader XAUUSD,H1: Alert: Please check your internet connection
0	13:13:11.296	trend_dtrader XAUUSD,H1: Alert: Please check your internet connection
0	13:13:12.296	trend_dtrader XAUUSD,H1: Alert: Please check your internet connection
0	13:13:13.297	trend_dtrader XAUUSD,H1: Alert: Please check your internet connection
0	13:13:14.296	trend_dtrader XAUUSD,H1: Alert: Please check your internet connection
0	13:13:15.299	trend_dtrader XAUUSD,H1: Alert: Please check your internet connection
0	13:13:16.296	trend_dtrader XAUUSD,H1: Alert: Please check your internet connection
0	13:13:17.295	trend_dtrader XAUUSD,H1: Alert: Please check your internet connection
0	13:13:18.296	trend_dtrader XAUUSD,H1: Alert: Please check your internet connection
0	13:13:19.299	trend_dtrader XAUUSD,H1: Alert: Please check your internet connection
0	13:13:20.295	trend_dtrader XAUUSD,H1: Alert: Please check your internet connection
0	13:13:21.294	trend_dtrader XAUUSD,H1: Alert: Please check your internet connection
0	13:13:22.294	trend_dtrader XAUUSD,H1: Alert: Please check your internet connection
0	13:13:23.300	trend_dtrader XAUUSD,H1: Alert: Please check your internet connection
0	13:13:24.295	trend_dtrader XAUUSD,H1: Alert: Please check your internet connection
0	13:13:25.299	trend_dtrader XAUUSD,H1: Alert: Please check your internet connection
0	13:13:26.296	trend_dtrader XAUUSD,H1: Alert: Please check your internet connection
0	13:13:27.294	trend_dtrader XAUUSD,H1: Alert: Please check your internet connection
0	13:13:28.297	trend_dtrader XAUUSD,H1: Alert: Please check your internet connection
0	13:13:29.296	trend_dtrader XAUUSD,H1: Alert: Please check your internet connection
0	13:13:30.295	trend_dtrader XAUUSD,H1: Alert: Please check your internet connection
0	13:13:31.296	trend_dtrader XAUUSD,H1: Alert: Please check your internet connection
0	13:13:32.296	trend_dtrader XAUUSD,H1: Alert: Please check your internet connection
0	13:13:33.293	trend_dtrader XAUUSD,H1: Alert: Please check your internet connection
0	13:13:34.299	trend_dtrader XAUUSD,H1: Alert: Please check your internet connection
0	13:13:35.300	trend_dtrader XAUUSD,H1: Alert: Please check your internet connection
0	13:13:36.293	trend_dtrader XAUUSD,H1: Alert: Please check your internet connection
0	13:13:37.296	trend_dtrader XAUUSD,H1: Alert: Please check your internet connection
0	13:13:38.294	trend_dtrader XAUUSD,H1: Alert: Please check your internet connection
0	13:13:39.298	trend_dtrader XAUUSD,H1: Alert: Please check your internet connection
0	13:13:40.294	trend_dtrader XAUUSD,H1: Alert: Please check your internet connection
0	13:13:41.297	trend_dtrader XAUUSD,H1: Alert: Please check your internet connection
0	13:13:42.295	trend_dtrader XAUUSD,H1: Alert: Please check your internet connection
0	13:13:43.295	trend_dtrader XAUUSD,H1: Alert: Please check your internet connection
0	13:13:44.296	trend_dtrader XAUUSD,H1: Alert: Please check your internet connection
0	13:13:45.300	trend_dtrader XAUUSD,H1: Alert: Please check your internet connection
0	13:13:46.295	trend_dtrader XAUUSD,H1: Alert: Please check your internet connection
0	13:13:47.297	trend_dtrader XAUUSD,H1: Alert: Please check your internet connection
0	13:13:48.295	trend_dtrader XAUUSD,H1: Alert: Please check your internet connection
0	13:13:49.295	trend_dtrader XAUUSD,H1: Alert: Please check your internet connection
0	13:13:50.295	trend_dtrader XAUUSD,H1: Alert: Please check your internet connection
0	13:13:51.293	trend_dtrader XAUUSD,H1: Alert: Please check your internet connection
0	13:13:52.294	trend_dtrader XAUUSD,H1: Alert: Please check your internet connection
0	13:13:53.294	trend_dtrader XAUUSD,H1: Alert: Please check your internet connection
0	13:13:54.297	trend_dtrader XAUUSD,H1: Alert: Please check your internet connection
0	13:13:55.292	trend_dtrader XAUUSD,H1: Alert: Please check your internet connection
0	13:13:56.298	trend_dtrader XAUUSD,H1: Alert: Please check your internet connection
0	13:13:57.300	trend_dtrader XAUUSD,H1: Alert: Please check your internet connection
0	13:13:58.296	trend_dtrader XAUUSD,H1: Alert: Please check your internet connection
0	13:13:59.297	trend_dtrader XAUUSD,H1: Alert: Please check your internet connection
0	13:14:00.294	trend_dtrader XAUUSD,H1: Alert: Please check your internet connection
0	13:14:01.294	trend_dtrader XAUUSD,H1: Alert: Please check your internet connection
0	13:14:02.294	trend_dtrader XAUUSD,H1: Alert: Please check your internet connection
0	13:14:03.298	trend_dtrader XAUUSD,H1: Alert: Please check your internet connection
0	13:14:04.295	trend_dtrader XAUUSD,H1: Alert: Please check your internet connection
0	13:14:05.297	trend_dtrader XAUUSD,H1: Alert: Please check your internet connection
0	13:14:06.299	trend_dtrader XAUUSD,H1: Alert: Please check your internet connection
0	13:14:07.295	trend_dtrader XAUUSD,H1: Alert: Please check your internet connection
0	13:14:08.296	trend_dtrader XAUUSD,H1: Alert: Please check your internet connection
0	13:14:09.298	trend_dtrader XAUUSD,H1: Alert: Please check your internet connection
0	13:14:10.299	trend_dtrader XAUUSD,H1: Alert: Please check your internet connection
0	13:14:11.299	trend_dtrader XAUUSD,H1: Alert: Please check your internet connection
0	13:14:12.299	trend_dtrader XAUUSD,H1: Alert: Please check your internet connection
0	13:14:13.299	trend_dtrader XAUUSD,H1: Alert: Please check your internet connection
0	13:14:14.298	trend_dtrader XAUUSD,H1: Alert: Please check your internet connection
0	13:14:15.295	trend_dtrader XAUUSD,H1: Alert: Please check your internet connection
0	13:14:16.297	trend_dtrader XAUUSD,H1: Alert: Please check your internet connection
0	13:14:17.295	trend_dtrader XAUUSD,H1: Alert: Please check your internet connection
0	13:14:18.298	trend_dtrader XAUUSD,H1: Alert: Please check your internet connection
0	13:14:19.298	trend_dtrader XAUUSD,H1: Alert: Please check your internet connection
0	13:14:20.296	trend_dtrader XAUUSD,H1: Alert: Please check your internet connection
0	13:14:21.297	trend_dtrader XAUUSD,H1: Alert: Please check your internet connection
0	13:14:22.297	trend_dtrader XAUUSD,H1: Alert: Please check your internet connection
0	13:14:23.299	trend_dtrader XAUUSD,H1: Alert: Please check your internet connection
0	13:14:24.294	trend_dtrader XAUUSD,H1: Alert: Please check your internet connection
0	13:14:25.294	trend_dtrader XAUUSD,H1: Alert: Please check your internet connection
0	13:14:26.296	trend_dtrader XAUUSD,H1: Alert: Please check your internet connection
0	13:14:27.299	trend_dtrader XAUUSD,H1: Alert: Please check your internet connection
0	13:14:28.297	trend_dtrader XAUUSD,H1: Alert: Please check your internet connection
0	13:14:29.294	trend_dtrader XAUUSD,H1: Alert: Please check your internet connection
0	13:14:30.297	trend_dtrader XAUUSD,H1: Alert: Please check your internet connection
0	13:14:31.301	trend_dtrader XAUUSD,H1: Alert: Please check your internet connection
0	13:14:32.295	trend_dtrader XAUUSD,H1: Alert: Please check your internet connection
0	13:14:33.300	trend_dtrader XAUUSD,H1: Alert: Please check your internet connection
0	13:14:34.293	trend_dtrader XAUUSD,H1: Alert: Please check your internet connection
0	13:14:35.294	trend_dtrader XAUUSD,H1: Alert: Please check your internet connection
0	13:14:36.293	trend_dtrader XAUUSD,H1: Alert: Please check your internet connection
0	13:14:37.298	trend_dtrader XAUUSD,H1: Alert: Please check your internet connection
0	13:14:38.296	trend_dtrader XAUUSD,H1: Alert: Please check your internet connection
0	13:14:39.295	trend_dtrader XAUUSD,H1: Alert: Please check your internet connection
0	13:14:40.299	trend_dtrader XAUUSD,H1: Alert: Please check your internet connection
0	13:14:41.296	trend_dtrader XAUUSD,H1: Alert: Please check your internet connection
0	13:14:42.298	trend_dtrader XAUUSD,H1: Alert: Please check your internet connection
0	13:14:43.298	trend_dtrader XAUUSD,H1: Alert: Please check your internet connection
0	13:14:44.296	trend_dtrader XAUUSD,H1: Alert: Please check your internet connection
0	13:14:45.295	trend_dtrader XAUUSD,H1: Alert: Please check your internet connection
0	13:14:46.298	trend_dtrader XAUUSD,H1: Alert: Please check your internet connection
0	13:14:47.295	trend_dtrader XAUUSD,H1: Alert: Please check your internet connection
0	13:14:48.293	trend_dtrader XAUUSD,H1: Alert: Please check your internet connection
0	13:14:49.298	trend_dtrader XAUUSD,H1: Alert: Please check your internet connection
0	13:14:50.296	trend_dtrader XAUUSD,H1: Alert: Please check your internet connection
0	13:14:51.297	trend_dtrader XAUUSD,H1: Alert: Please check your internet connection
0	13:14:52.296	trend_dtrader XAUUSD,H1: Alert: Please check your internet connection
0	13:14:53.297	trend_dtrader XAUUSD,H1: Alert: Please check your internet connection
0	13:14:54.300	trend_dtrader XAUUSD,H1: Alert: Please check your internet connection
0	13:14:55.298	trend_dtrader XAUUSD,H1: Alert: Please check your internet connection
0	13:14:56.303	trend_dtrader XAUUSD,H1: Alert: Please check your internet connection
0	13:14:57.292	trend_dtrader XAUUSD,H1: Alert: Please check your internet connection
0	13:14:58.297	trend_dtrader XAUUSD,H1: Alert: Please check your internet connection
0	13:14:59.297	trend_dtrader XAUUSD,H1: Alert: Please check your internet connection
0	13:15:00.296	trend_dtrader XAUUSD,H1: Alert: Please check your internet connection
0	13:15:01.299	trend_dtrader XAUUSD,H1: Alert: Please check your internet connection
0	13:15:02.297	trend_dtrader XAUUSD,H1: Alert: Please check your internet connection
0	13:15:03.297	trend_dtrader XAUUSD,H1: Alert: Please check your internet connection
0	13:15:04.300	trend_dtrader XAUUSD,H1: Alert: Please check your internet connection
0	13:15:05.296	trend_dtrader XAUUSD,H1: Alert: Please check your internet connection
0	13:15:06.294	trend_dtrader XAUUSD,H1: Alert: Please check your internet connection
0	13:15:07.293	trend_dtrader XAUUSD,H1: Alert: Please check your internet connection
0	13:15:08.294	trend_dtrader XAUUSD,H1: Alert: Please check your internet connection
0	13:15:09.295	trend_dtrader XAUUSD,H1: Alert: Please check your internet connection
0	13:15:10.300	trend_dtrader XAUUSD,H1: Alert: Please check your internet connection
0	13:15:11.292	trend_dtrader XAUUSD,H1: Alert: Please check your internet connection
0	13:15:12.295	trend_dtrader XAUUSD,H1: Alert: Please check your internet connection
0	13:15:13.295	trend_dtrader XAUUSD,H1: Alert: Please check your internet connection
0	13:15:14.296	trend_dtrader XAUUSD,H1: Alert: Please check your internet connection
0	13:15:15.293	trend_dtrader XAUUSD,H1: Alert: Please check your internet connection
0	13:15:16.300	trend_dtrader XAUUSD,H1: Alert: Please check your internet connection
0	13:15:17.301	trend_dtrader XAUUSD,H1: Alert: Please check your internet connection
0	13:15:18.302	trend_dtrader XAUUSD,H1: Alert: Please check your internet connection
0	13:15:19.299	trend_dtrader XAUUSD,H1: Alert: Please check your internet connection
0	13:15:20.293	trend_dtrader XAUUSD,H1: Alert: Please check your internet connection
0	13:15:21.293	trend_dtrader XAUUSD,H1: Alert: Please check your internet connection
0	13:15:22.300	trend_dtrader XAUUSD,H1: Alert: Please check your internet connection
0	13:15:23.294	trend_dtrader XAUUSD,H1: Alert: Please check your internet connection
0	13:15:24.295	trend_dtrader XAUUSD,H1: Alert: Please check your internet connection
0	13:15:25.298	trend_dtrader XAUUSD,H1: Alert: Please check your internet connection
0	13:15:26.299	trend_dtrader XAUUSD,H1: Alert: Please check your internet connection
0	13:15:27.297	trend_dtrader XAUUSD,H1: Alert: Please check your internet connection
0	13:15:28.296	trend_dtrader XAUUSD,H1: Alert: Please check your internet connection
0	13:15:29.295	trend_dtrader XAUUSD,H1: Alert: Please check your internet connection
0	13:15:30.294	trend_dtrader XAUUSD,H1: Alert: Please check your internet connection
0	13:15:31.293	trend_dtrader XAUUSD,H1: Alert: Please check your internet connection
0	13:15:32.297	trend_dtrader XAUUSD,H1: Alert: Please check your internet connection
0	13:15:33.294	trend_dtrader XAUUSD,H1: Alert: Please check your internet connection
0	13:15:34.299	trend_dtrader XAUUSD,H1: Alert: Please check your internet connection
0	13:15:35.303	trend_dtrader XAUUSD,H1: Alert: Please check your internet connection
0	13:15:36.297	trend_dtrader XAUUSD,H1: Alert: Please check your internet connection
0	13:15:37.300	trend_dtrader XAUUSD,H1: Alert: Please check your internet connection
0	13:15:38.298	trend_dtrader XAUUSD,H1: Alert: Please check your internet connection
0	13:15:39.295	trend_dtrader XAUUSD,H1: Alert: Please check your internet connection
0	13:15:40.298	trend_dtrader XAUUSD,H1: Alert: Please check your internet connection
0	13:15:41.297	trend_dtrader XAUUSD,H1: Alert: Please check your internet connection
0	13:15:42.298	trend_dtrader XAUUSD,H1: Alert: Please check your internet connection
0	13:15:43.297	trend_dtrader XAUUSD,H1: Alert: Please check your internet connection
0	13:15:44.298	trend_dtrader XAUUSD,H1: Alert: Please check your internet connection
0	13:15:45.295	trend_dtrader XAUUSD,H1: Alert: Please check your internet connection
0	13:15:46.296	trend_dtrader XAUUSD,H1: Alert: Please check your internet connection
0	13:15:47.297	trend_dtrader XAUUSD,H1: Alert: Please check your internet connection
0	13:15:48.294	trend_dtrader XAUUSD,H1: Alert: Please check your internet connection
0	13:15:49.295	trend_dtrader XAUUSD,H1: Alert: Please check your internet connection
0	13:15:50.294	trend_dtrader XAUUSD,H1: Alert: Please check your internet connection
0	13:15:51.294	trend_dtrader XAUUSD,H1: Alert: Please check your internet connection
0	13:15:52.297	trend_dtrader XAUUSD,H1: Alert: Please check your internet connection
0	13:15:53.298	trend_dtrader XAUUSD,H1: Alert: Please check your internet connection
0	13:15:54.294	trend_dtrader XAUUSD,H1: Alert: Please check your internet connection
0	13:15:55.299	trend_dtrader XAUUSD,H1: Alert: Please check your internet connection
0	13:15:56.294	trend_dtrader XAUUSD,H1: Alert: Please check your internet connection
0	13:15:57.295	trend_dtrader XAUUSD,H1: Alert: Please check your internet connection
0	13:15:58.296	trend_dtrader XAUUSD,H1: Alert: Please check your internet connection
0	13:15:59.295	trend_dtrader XAUUSD,H1: Alert: Please check your internet connection
0	13:16:00.296	trend_dtrader XAUUSD,H1: Alert: Please check your internet connection
0	13:16:01.296	trend_dtrader XAUUSD,H1: Alert: Please check your internet connection
0	13:16:02.297	trend_dtrader XAUUSD,H1: Alert: Please check your internet connection
0	13:16:03.297	trend_dtrader XAUUSD,H1: Alert: Please check your internet connection
0	13:16:04.292	trend_dtrader XAUUSD,H1: Alert: Please check your internet connection
0	13:16:05.294	trend_dtrader XAUUSD,H1: Alert: Please check your internet connection
0	13:16:06.295	trend_dtrader XAUUSD,H1: Alert: Please check your internet connection
0	13:16:07.294	trend_dtrader XAUUSD,H1: Alert: Please check your internet connection
0	13:16:08.296	trend_dtrader XAUUSD,H1: Alert: Please check your internet connection
0	13:16:09.294	trend_dtrader XAUUSD,H1: Alert: Please check your internet connection
0	13:16:10.293	trend_dtrader XAUUSD,H1: Alert: Please check your internet connection
0	13:16:11.294	trend_dtrader XAUUSD,H1: Alert: Please check your internet connection
0	13:16:12.292	trend_dtrader XAUUSD,H1: Alert: Please check your internet connection
0	13:16:13.295	trend_dtrader XAUUSD,H1: Alert: Please check your internet connection
0	13:16:14.299	trend_dtrader XAUUSD,H1: Alert: Please check your internet connection
0	13:16:15.301	trend_dtrader XAUUSD,H1: Alert: Please check your internet connection
0	13:16:16.294	trend_dtrader XAUUSD,H1: Alert: Please check your internet connection
0	13:16:17.295	trend_dtrader XAUUSD,H1: Alert: Please check your internet connection
0	13:16:18.297	trend_dtrader XAUUSD,H1: Alert: Please check your internet connection
0	13:16:19.295	trend_dtrader XAUUSD,H1: Alert: Please check your internet connection
0	13:16:20.295	trend_dtrader XAUUSD,H1: Alert: Please check your internet connection
0	13:16:21.299	trend_dtrader XAUUSD,H1: Alert: Please check your internet connection
0	13:16:22.300	trend_dtrader XAUUSD,H1: Alert: Please check your internet connection
0	13:16:23.294	trend_dtrader XAUUSD,H1: Alert: Please check your internet connection
0	13:16:24.299	trend_dtrader XAUUSD,H1: Alert: Please check your internet connection
0	13:16:25.297	trend_dtrader XAUUSD,H1: Alert: Please check your internet connection
0	13:16:26.296	trend_dtrader XAUUSD,H1: Alert: Please check your internet connection
0	13:16:27.303	trend_dtrader XAUUSD,H1: Alert: Please check your internet connection
0	13:16:28.300	trend_dtrader XAUUSD,H1: Alert: Please check your internet connection
0	13:16:29.293	trend_dtrader XAUUSD,H1: Alert: Please check your internet connection
0	13:16:30.298	trend_dtrader XAUUSD,H1: Alert: Please check your internet connection
0	13:16:31.296	trend_dtrader XAUUSD,H1: Alert: Please check your internet connection
0	13:16:32.299	trend_dtrader XAUUSD,H1: Alert: Please check your internet connection
0	13:16:33.295	trend_dtrader XAUUSD,H1: Alert: Please check your internet connection
0	13:16:34.299	trend_dtrader XAUUSD,H1: Alert: Please check your internet connection
0	13:16:35.295	trend_dtrader XAUUSD,H1: Alert: Please check your internet connection
0	13:16:36.295	trend_dtrader XAUUSD,H1: Alert: Please check your internet connection
0	13:16:37.298	trend_dtrader XAUUSD,H1: Alert: Please check your internet connection
0	13:16:38.294	trend_dtrader XAUUSD,H1: Alert: Please check your internet connection
0	13:16:39.298	trend_dtrader XAUUSD,H1: Alert: Please check your internet connection
0	13:16:40.293	trend_dtrader XAUUSD,H1: Alert: Please check your internet connection
0	13:16:41.298	trend_dtrader XAUUSD,H1: Alert: Please check your internet connection
0	13:16:42.295	trend_dtrader XAUUSD,H1: Alert: Please check your internet connection
0	13:16:43.296	trend_dtrader XAUUSD,H1: Alert: Please check your internet connection
0	13:16:44.297	trend_dtrader XAUUSD,H1: Alert: Please check your internet connection
0	13:16:45.297	trend_dtrader XAUUSD,H1: Alert: Please check your internet connection
0	13:16:46.297	trend_dtrader XAUUSD,H1: Alert: Please check your internet connection
0	13:16:47.296	trend_dtrader XAUUSD,H1: Alert: Please check your internet connection
0	13:16:48.303	trend_dtrader XAUUSD,H1: Alert: Please check your internet connection
0	13:16:49.295	trend_dtrader XAUUSD,H1: Alert: Please check your internet connection
0	13:16:50.296	trend_dtrader XAUUSD,H1: Alert: Please check your internet connection
0	13:16:51.295	trend_dtrader XAUUSD,H1: Alert: Please check your internet connection
0	13:16:52.294	trend_dtrader XAUUSD,H1: Alert: Please check your internet connection
0	13:16:53.294	trend_dtrader XAUUSD,H1: Alert: Please check your internet connection
0	13:16:54.296	trend_dtrader XAUUSD,H1: Alert: Please check your internet connection
0	13:16:55.295	trend_dtrader XAUUSD,H1: Alert: Please check your internet connection
0	13:16:56.294	trend_dtrader XAUUSD,H1: Alert: Please check your internet connection
0	13:16:57.297	trend_dtrader XAUUSD,H1: Alert: Please check your internet connection
0	13:16:58.293	trend_dtrader XAUUSD,H1: Alert: Please check your internet connection
0	13:16:59.295	trend_dtrader XAUUSD,H1: Alert: Please check your internet connection
0	13:17:00.295	trend_dtrader XAUUSD,H1: Alert: Please check your internet connection
0	13:17:01.295	trend_dtrader XAUUSD,H1: Alert: Please check your internet connection
0	13:17:02.297	trend_dtrader XAUUSD,H1: Alert: Please check your internet connection
0	13:17:03.294	trend_dtrader XAUUSD,H1: Alert: Please check your internet connection
0	13:17:04.295	trend_dtrader XAUUSD,H1: Alert: Please check your internet connection
0	13:17:05.295	trend_dtrader XAUUSD,H1: Alert: Please check your internet connection
0	13:17:06.296	trend_dtrader XAUUSD,H1: Alert: Please check your internet connection
0	13:17:07.298	trend_dtrader XAUUSD,H1: Alert: Please check your internet connection
0	13:17:08.296	trend_dtrader XAUUSD,H1: Alert: Please check your internet connection
0	13:17:09.292	trend_dtrader XAUUSD,H1: Alert: Please check your internet connection
0	13:17:10.294	trend_dtrader XAUUSD,H1: Alert: Please check your internet connection
0	13:17:11.295	trend_dtrader XAUUSD,H1: Alert: Please check your internet connection
0	13:17:12.295	trend_dtrader XAUUSD,H1: Alert: Please check your internet connection
0	13:17:13.294	trend_dtrader XAUUSD,H1: Alert: Please check your internet connection
0	13:17:14.295	trend_dtrader XAUUSD,H1: Alert: Please check your internet connection
0	13:17:15.295	trend_dtrader XAUUSD,H1: Alert: Please check your internet connection
0	13:17:16.293	trend_dtrader XAUUSD,H1: Alert: Please check your internet connection
0	13:17:17.300	trend_dtrader XAUUSD,H1: Alert: Please check your internet connection
0	13:17:18.296	trend_dtrader XAUUSD,H1: Alert: Please check your internet connection
0	13:17:19.297	trend_dtrader XAUUSD,H1: Alert: Please check your internet connection
0	13:17:20.298	trend_dtrader XAUUSD,H1: Alert: Please check your internet connection
0	13:17:21.298	trend_dtrader XAUUSD,H1: Alert: Please check your internet connection
0	13:17:22.295	trend_dtrader XAUUSD,H1: Alert: Please check your internet connection
0	13:17:23.297	trend_dtrader XAUUSD,H1: Alert: Please check your internet connection
0	13:17:24.298	trend_dtrader XAUUSD,H1: Alert: Please check your internet connection
0	13:17:25.300	trend_dtrader XAUUSD,H1: Alert: Please check your internet connection
0	13:17:26.298	trend_dtrader XAUUSD,H1: Alert: Please check your internet connection
0	13:17:27.296	trend_dtrader XAUUSD,H1: Alert: Please check your internet connection
0	13:17:28.298	trend_dtrader XAUUSD,H1: Alert: Please check your internet connection
0	13:17:29.299	trend_dtrader XAUUSD,H1: Alert: Please check your internet connection
0	13:17:30.294	trend_dtrader XAUUSD,H1: Alert: Please check your internet connection
0	13:17:31.296	trend_dtrader XAUUSD,H1: Alert: Please check your internet connection
0	13:17:32.297	trend_dtrader XAUUSD,H1: Alert: Please check your internet connection
0	13:17:33.299	trend_dtrader XAUUSD,H1: Alert: Please check your internet connection
0	13:17:34.298	trend_dtrader XAUUSD,H1: Alert: Please check your internet connection
0	13:17:35.299	trend_dtrader XAUUSD,H1: Alert: Please check your internet connection
0	13:17:36.296	trend_dtrader XAUUSD,H1: Alert: Please check your internet connection
0	13:17:37.294	trend_dtrader XAUUSD,H1: Alert: Please check your internet connection
0	13:17:38.297	trend_dtrader XAUUSD,H1: Alert: Please check your internet connection
0	13:17:39.295	trend_dtrader XAUUSD,H1: Alert: Please check your internet connection
0	13:17:40.296	trend_dtrader XAUUSD,H1: Alert: Please check your internet connection
0	13:17:41.296	trend_dtrader XAUUSD,H1: Alert: Please check your internet connection
0	13:17:42.298	trend_dtrader XAUUSD,H1: Alert: Please check your internet connection
0	13:17:43.292	trend_dtrader XAUUSD,H1: Alert: Please check your internet connection
0	13:17:44.294	trend_dtrader XAUUSD,H1: Alert: Please check your internet connection
0	13:17:45.296	trend_dtrader XAUUSD,H1: Alert: Please check your internet connection
0	13:17:46.294	trend_dtrader XAUUSD,H1: Alert: Please check your internet connection
0	13:17:47.297	trend_dtrader XAUUSD,H1: Alert: Please check your internet connection
0	13:17:48.293	trend_dtrader XAUUSD,H1: Alert: Please check your internet connection
0	13:17:49.294	trend_dtrader XAUUSD,H1: Alert: Please check your internet connection
0	13:17:50.296	trend_dtrader XAUUSD,H1: Alert: Please check your internet connection
0	13:17:51.298	trend_dtrader XAUUSD,H1: Alert: Please check your internet connection
0	13:17:52.295	trend_dtrader XAUUSD,H1: Alert: Please check your internet connection
0	13:17:53.294	trend_dtrader XAUUSD,H1: Alert: Please check your internet connection
0	13:17:54.296	trend_dtrader XAUUSD,H1: Alert: Please check your internet connection
0	13:17:55.298	trend_dtrader XAUUSD,H1: Alert: Please check your internet connection
0	13:17:56.295	trend_dtrader XAUUSD,H1: Alert: Please check your internet connection
0	13:17:57.296	trend_dtrader XAUUSD,H1: Alert: Please check your internet connection
0	13:17:58.293	trend_dtrader XAUUSD,H1: Alert: Please check your internet connection
0	13:17:59.296	trend_dtrader XAUUSD,H1: Alert: Please check your internet connection
0	13:18:00.297	trend_dtrader XAUUSD,H1: Alert: Please check your internet connection
0	13:18:01.304	trend_dtrader XAUUSD,H1: Alert: Please check your internet connection
0	13:18:02.297	trend_dtrader XAUUSD,H1: Alert: Please check your internet connection
0	13:18:03.301	trend_dtrader XAUUSD,H1: Alert: Please check your internet connection
0	13:18:04.295	trend_dtrader XAUUSD,H1: Alert: Please check your internet connection
0	13:18:05.295	trend_dtrader XAUUSD,H1: Alert: Please check your internet connection
0	13:18:06.294	trend_dtrader XAUUSD,H1: Alert: Please check your internet connection
0	13:18:07.297	trend_dtrader XAUUSD,H1: Alert: Please check your internet connection
0	13:18:08.297	trend_dtrader XAUUSD,H1: Alert: Please check your internet connection
0	13:18:09.299	trend_dtrader XAUUSD,H1: Alert: Please check your internet connection
0	13:18:10.295	trend_dtrader XAUUSD,H1: Alert: Please check your internet connection
0	13:18:11.293	trend_dtrader XAUUSD,H1: Alert: Please check your internet connection
0	13:18:12.299	trend_dtrader XAUUSD,H1: Alert: Please check your internet connection
0	13:18:13.296	trend_dtrader XAUUSD,H1: Alert: Please check your internet connection
0	13:18:14.293	trend_dtrader XAUUSD,H1: Alert: Please check your internet connection
0	13:18:15.296	trend_dtrader XAUUSD,H1: Alert: Please check your internet connection
0	13:18:16.296	trend_dtrader XAUUSD,H1: Alert: Please check your internet connection
0	13:18:17.297	trend_dtrader XAUUSD,H1: Alert: Please check your internet connection
0	13:18:18.298	trend_dtrader XAUUSD,H1: Alert: Please check your internet connection
0	13:18:19.294	trend_dtrader XAUUSD,H1: Alert: Please check your internet connection
0	13:18:20.298	trend_dtrader XAUUSD,H1: Alert: Please check your internet connection
0	13:18:21.297	trend_dtrader XAUUSD,H1: Alert: Please check your internet connection
0	13:18:22.300	trend_dtrader XAUUSD,H1: Alert: Please check your internet connection
0	13:18:23.294	trend_dtrader XAUUSD,H1: Alert: Please check your internet connection
0	13:18:24.300	trend_dtrader XAUUSD,H1: Alert: Please check your internet connection
0	13:18:25.300	trend_dtrader XAUUSD,H1: Alert: Please check your internet connection
0	13:18:26.295	trend_dtrader XAUUSD,H1: Alert: Please check your internet connection
0	13:18:27.300	trend_dtrader XAUUSD,H1: Alert: Please check your internet connection
0	13:18:28.301	trend_dtrader XAUUSD,H1: Alert: Please check your internet connection
0	13:18:29.296	trend_dtrader XAUUSD,H1: Alert: Please check your internet connection
0	13:18:30.295	trend_dtrader XAUUSD,H1: Alert: Please check your internet connection
0	13:18:31.299	trend_dtrader XAUUSD,H1: Alert: Please check your internet connection
0	13:18:32.293	trend_dtrader XAUUSD,H1: Alert: Please check your internet connection
0	13:18:33.296	trend_dtrader XAUUSD,H1: Alert: Please check your internet connection
0	13:18:34.294	trend_dtrader XAUUSD,H1: Alert: Please check your internet connection
0	13:18:35.294	trend_dtrader XAUUSD,H1: Alert: Please check your internet connection
0	13:18:36.295	trend_dtrader XAUUSD,H1: Alert: Please check your internet connection
0	13:18:37.295	trend_dtrader XAUUSD,H1: Alert: Please check your internet connection
0	13:18:38.298	trend_dtrader XAUUSD,H1: Alert: Please check your internet connection
0	13:18:39.294	trend_dtrader XAUUSD,H1: Alert: Please check your internet connection
0	13:18:40.295	trend_dtrader XAUUSD,H1: Alert: Please check your internet connection
0	13:18:41.296	trend_dtrader XAUUSD,H1: Alert: Please check your internet connection
0	13:18:42.303	trend_dtrader XAUUSD,H1: Alert: Please check your internet connection
0	13:18:43.298	trend_dtrader XAUUSD,H1: Alert: Please check your internet connection
0	13:18:44.296	trend_dtrader XAUUSD,H1: Alert: Please check your internet connection
0	13:18:45.295	trend_dtrader XAUUSD,H1: Alert: Please check your internet connection
0	13:18:46.298	trend_dtrader XAUUSD,H1: Alert: Please check your internet connection
0	13:18:47.294	trend_dtrader XAUUSD,H1: Alert: Please check your internet connection
0	13:18:48.297	trend_dtrader XAUUSD,H1: Alert: Please check your internet connection
0	13:18:49.296	trend_dtrader XAUUSD,H1: Alert: Please check your internet connection
0	13:18:50.293	trend_dtrader XAUUSD,H1: Alert: Please check your internet connection
0	13:18:51.295	trend_dtrader XAUUSD,H1: Alert: Please check your internet connection
0	13:18:52.295	trend_dtrader XAUUSD,H1: Alert: Please check your internet connection
0	13:18:53.294	trend_dtrader XAUUSD,H1: Alert: Please check your internet connection
0	13:18:54.292	trend_dtrader XAUUSD,H1: Alert: Please check your internet connection
0	13:18:55.297	trend_dtrader XAUUSD,H1: Alert: Please check your internet connection
0	13:18:56.295	trend_dtrader XAUUSD,H1: Alert: Please check your internet connection
0	13:18:57.293	trend_dtrader XAUUSD,H1: Alert: Please check your internet connection
0	13:18:58.297	trend_dtrader XAUUSD,H1: Alert: Please check your internet connection
0	13:18:59.294	trend_dtrader XAUUSD,H1: Alert: Please check your internet connection
0	13:19:00.296	trend_dtrader XAUUSD,H1: Alert: Please check your internet connection
0	13:19:01.299	trend_dtrader XAUUSD,H1: Alert: Please check your internet connection
0	13:19:02.295	trend_dtrader XAUUSD,H1: Alert: Please check your internet connection
0	13:19:03.294	trend_dtrader XAUUSD,H1: Alert: Please check your internet connection
0	13:19:04.294	trend_dtrader XAUUSD,H1: Alert: Please check your internet connection
0	13:19:05.297	trend_dtrader XAUUSD,H1: Alert: Please check your internet connection
0	13:19:06.294	trend_dtrader XAUUSD,H1: Alert: Please check your internet connection
0	13:19:07.299	trend_dtrader XAUUSD,H1: Alert: Please check your internet connection
0	13:19:08.299	trend_dtrader XAUUSD,H1: Alert: Please check your internet connection
0	13:19:09.295	trend_dtrader XAUUSD,H1: Alert: Please check your internet connection
0	13:19:10.301	trend_dtrader XAUUSD,H1: Alert: Please check your internet connection
0	13:19:11.294	trend_dtrader XAUUSD,H1: Alert: Please check your internet connection
0	13:19:12.297	trend_dtrader XAUUSD,H1: Alert: Please check your internet connection
0	13:19:13.302	trend_dtrader XAUUSD,H1: Alert: Please check your internet connection
0	13:19:14.293	trend_dtrader XAUUSD,H1: Alert: Please check your internet connection
0	13:19:15.298	trend_dtrader XAUUSD,H1: Alert: Please check your internet connection
0	13:19:16.292	trend_dtrader XAUUSD,H1: Alert: Please check your internet connection
0	13:19:17.297	trend_dtrader XAUUSD,H1: Alert: Please check your internet connection
0	13:19:18.299	trend_dtrader XAUUSD,H1: Alert: Please check your internet connection
0	13:19:19.292	trend_dtrader XAUUSD,H1: Alert: Please check your internet connection
0	13:19:20.299	trend_dtrader XAUUSD,H1: Alert: Please check your internet connection
0	13:19:21.296	trend_dtrader XAUUSD,H1: Alert: Please check your internet connection
0	13:19:22.297	trend_dtrader XAUUSD,H1: Alert: Please check your internet connection
0	13:19:23.299	trend_dtrader XAUUSD,H1: Alert: Please check your internet connection
0	13:19:24.303	trend_dtrader XAUUSD,H1: Alert: Please check your internet connection
0	13:19:25.296	trend_dtrader XAUUSD,H1: Alert: Please check your internet connection
0	13:19:26.295	trend_dtrader XAUUSD,H1: Alert: Please check your internet connection
0	13:19:27.294	trend_dtrader XAUUSD,H1: Alert: Please check your internet connection
0	13:19:28.297	trend_dtrader XAUUSD,H1: Alert: Please check your internet connection
0	13:19:29.302	trend_dtrader XAUUSD,H1: Alert: Please check your internet connection
0	13:19:30.296	trend_dtrader XAUUSD,H1: Alert: Please check your internet connection
0	13:19:31.304	trend_dtrader XAUUSD,H1: Alert: Please check your internet connection
0	13:19:32.293	trend_dtrader XAUUSD,H1: Alert: Please check your internet connection
0	13:19:33.295	trend_dtrader XAUUSD,H1: Alert: Please check your internet connection
0	13:19:34.367	trend_dtrader XAUUSD,H1: Alert: Please check your internet connection
0	13:19:35.298	trend_dtrader XAUUSD,H1: Alert: Please check your internet connection
0	13:19:36.295	trend_dtrader XAUUSD,H1: Alert: Please check your internet connection
0	13:19:37.299	trend_dtrader XAUUSD,H1: Alert: Please check your internet connection
0	13:19:38.296	trend_dtrader XAUUSD,H1: Alert: Please check your internet connection
0	13:19:39.297	trend_dtrader XAUUSD,H1: Alert: Please check your internet connection
0	13:19:40.297	trend_dtrader XAUUSD,H1: Alert: Please check your internet connection
0	13:19:41.295	trend_dtrader XAUUSD,H1: Alert: Please check your internet connection
0	13:19:42.297	trend_dtrader XAUUSD,H1: Alert: Please check your internet connection
0	13:19:43.298	trend_dtrader XAUUSD,H1: Alert: Please check your internet connection
0	13:19:44.295	trend_dtrader XAUUSD,H1: Alert: Please check your internet connection
0	13:19:45.300	trend_dtrader XAUUSD,H1: Alert: Please check your internet connection
0	13:19:46.294	trend_dtrader XAUUSD,H1: Alert: Please check your internet connection
0	13:19:47.294	trend_dtrader XAUUSD,H1: Alert: Please check your internet connection
0	13:19:48.295	trend_dtrader XAUUSD,H1: Alert: Please check your internet connection
0	13:19:49.293	trend_dtrader XAUUSD,H1: Alert: Please check your internet connection
0	13:19:50.295	trend_dtrader XAUUSD,H1: Alert: Please check your internet connection
0	13:19:51.293	trend_dtrader XAUUSD,H1: Alert: Please check your internet connection
0	13:19:52.327	trend_dtrader XAUUSD,H1: Alert: Please check your internet connection
0	13:19:53.294	trend_dtrader XAUUSD,H1: Alert: Please check your internet connection
0	13:19:54.297	trend_dtrader XAUUSD,H1: Alert: Please check your internet connection
0	13:19:55.303	trend_dtrader XAUUSD,H1: Alert: Please check your internet connection
0	13:19:56.308	trend_dtrader XAUUSD,H1: Alert: Please check your internet connection
0	13:19:57.300	trend_dtrader XAUUSD,H1: Alert: Please check your internet connection
0	13:19:58.300	trend_dtrader XAUUSD,H1: Alert: Please check your internet connection
0	13:19:59.294	trend_dtrader XAUUSD,H1: Alert: Please check your internet connection
0	13:20:00.300	trend_dtrader XAUUSD,H1: Alert: Please check your internet connection
0	13:20:01.300	trend_dtrader XAUUSD,H1: Alert: Please check your internet connection
0	13:20:02.293	trend_dtrader XAUUSD,H1: Alert: Please check your internet connection
0	13:20:03.296	trend_dtrader XAUUSD,H1: Alert: Please check your internet connection
0	13:20:04.300	trend_dtrader XAUUSD,H1: Alert: Please check your internet connection
0	13:20:05.299	trend_dtrader XAUUSD,H1: Alert: Please check your internet connection
0	13:20:06.292	trend_dtrader XAUUSD,H1: Alert: Please check your internet connection
0	13:20:07.293	trend_dtrader XAUUSD,H1: Alert: Please check your internet connection
0	13:20:08.298	trend_dtrader XAUUSD,H1: Alert: Please check your internet connection
0	13:20:09.294	trend_dtrader XAUUSD,H1: Alert: Please check your internet connection
0	13:20:10.299	trend_dtrader XAUUSD,H1: Alert: Please check your internet connection
0	13:20:11.294	trend_dtrader XAUUSD,H1: Alert: Please check your internet connection
0	13:20:12.300	trend_dtrader XAUUSD,H1: Alert: Please check your internet connection
0	13:20:13.292	trend_dtrader XAUUSD,H1: Alert: Please check your internet connection
0	13:20:14.298	trend_dtrader XAUUSD,H1: Alert: Please check your internet connection
0	13:20:15.294	trend_dtrader XAUUSD,H1: Alert: Please check your internet connection
0	13:20:16.293	trend_dtrader XAUUSD,H1: Alert: Please check your internet connection
0	13:20:17.293	trend_dtrader XAUUSD,H1: Alert: Please check your internet connection
0	13:20:18.294	trend_dtrader XAUUSD,H1: Alert: Please check your internet connection
0	13:20:19.294	trend_dtrader XAUUSD,H1: Alert: Please check your internet connection
0	13:20:20.294	trend_dtrader XAUUSD,H1: Alert: Please check your internet connection
0	13:20:21.298	trend_dtrader XAUUSD,H1: Alert: Please check your internet connection
0	13:20:22.298	trend_dtrader XAUUSD,H1: Alert: Please check your internet connection
0	13:20:23.364	trend_dtrader XAUUSD,H1: Alert: Please check your internet connection
0	13:20:24.295	trend_dtrader XAUUSD,H1: Alert: Please check your internet connection
0	13:20:25.295	trend_dtrader XAUUSD,H1: Alert: Please check your internet connection
0	13:20:26.294	trend_dtrader XAUUSD,H1: Alert: Please check your internet connection
0	13:20:27.292	trend_dtrader XAUUSD,H1: Alert: Please check your internet connection
0	13:20:28.296	trend_dtrader XAUUSD,H1: Alert: Please check your internet connection
0	13:20:29.294	trend_dtrader XAUUSD,H1: Alert: Please check your internet connection
0	13:20:30.294	trend_dtrader XAUUSD,H1: Alert: Please check your internet connection
0	13:20:31.295	trend_dtrader XAUUSD,H1: Alert: Please check your internet connection
0	13:20:32.296	trend_dtrader XAUUSD,H1: Alert: Please check your internet connection
0	13:20:33.297	trend_dtrader XAUUSD,H1: Alert: Please check your internet connection
0	13:20:34.296	trend_dtrader XAUUSD,H1: Alert: Please check your internet connection
0	13:20:35.293	trend_dtrader XAUUSD,H1: Alert: Please check your internet connection
0	13:20:36.294	trend_dtrader XAUUSD,H1: Alert: Please check your internet connection
0	13:20:37.297	trend_dtrader XAUUSD,H1: Alert: Please check your internet connection
0	13:20:38.302	trend_dtrader XAUUSD,H1: Alert: Please check your internet connection
0	13:20:39.298	trend_dtrader XAUUSD,H1: Alert: Please check your internet connection
0	13:20:40.293	trend_dtrader XAUUSD,H1: Alert: Please check your internet connection
0	13:20:41.295	trend_dtrader XAUUSD,H1: Alert: Please check your internet connection
0	13:20:42.292	trend_dtrader XAUUSD,H1: Alert: Please check your internet connection
0	13:20:43.297	trend_dtrader XAUUSD,H1: Alert: Please check your internet connection
0	13:20:44.295	trend_dtrader XAUUSD,H1: Alert: Please check your internet connection
0	13:20:45.300	trend_dtrader XAUUSD,H1: Alert: Please check your internet connection
0	13:20:46.300	trend_dtrader XAUUSD,H1: Alert: Please check your internet connection
0	13:20:47.301	trend_dtrader XAUUSD,H1: Alert: Please check your internet connection
0	13:20:48.296	trend_dtrader XAUUSD,H1: Alert: Please check your internet connection
0	13:20:49.303	trend_dtrader XAUUSD,H1: Alert: Please check your internet connection
0	13:20:50.297	trend_dtrader XAUUSD,H1: Alert: Please check your internet connection
0	13:20:51.294	trend_dtrader XAUUSD,H1: Alert: Please check your internet connection
0	13:20:52.301	trend_dtrader XAUUSD,H1: Alert: Please check your internet connection
0	13:20:53.293	trend_dtrader XAUUSD,H1: Alert: Please check your internet connection
0	13:20:54.301	trend_dtrader XAUUSD,H1: Alert: Please check your internet connection
0	13:20:55.299	trend_dtrader XAUUSD,H1: Alert: Please check your internet connection
0	13:20:56.297	trend_dtrader XAUUSD,H1: Alert: Please check your internet connection
0	13:20:57.294	trend_dtrader XAUUSD,H1: Alert: Please check your internet connection
0	13:20:58.296	trend_dtrader XAUUSD,H1: Alert: Please check your internet connection
0	13:20:59.299	trend_dtrader XAUUSD,H1: Alert: Please check your internet connection
0	13:21:00.294	trend_dtrader XAUUSD,H1: Alert: Please check your internet connection
0	13:21:01.296	trend_dtrader XAUUSD,H1: Alert: Please check your internet connection
0	13:21:02.293	trend_dtrader XAUUSD,H1: Alert: Please check your internet connection
0	13:21:03.296	trend_dtrader XAUUSD,H1: Alert: Please check your internet connection
0	13:21:04.299	trend_dtrader XAUUSD,H1: Alert: Please check your internet connection
0	13:21:05.299	trend_dtrader XAUUSD,H1: Alert: Please check your internet connection
0	13:21:06.303	trend_dtrader XAUUSD,H1: Alert: Please check your internet connection
0	13:21:07.295	trend_dtrader XAUUSD,H1: Alert: Please check your internet connection
0	13:21:08.295	trend_dtrader XAUUSD,H1: Alert: Please check your internet connection
0	13:21:09.303	trend_dtrader XAUUSD,H1: Alert: Please check your internet connection
0	13:21:10.293	trend_dtrader XAUUSD,H1: Alert: Please check your internet connection
0	13:21:11.297	trend_dtrader XAUUSD,H1: Alert: Please check your internet connection
0	13:21:12.302	trend_dtrader XAUUSD,H1: Alert: Please check your internet connection
0	13:21:13.295	trend_dtrader XAUUSD,H1: Alert: Please check your internet connection
0	13:21:14.298	trend_dtrader XAUUSD,H1: Alert: Please check your internet connection
0	13:21:15.293	trend_dtrader XAUUSD,H1: Alert: Please check your internet connection
0	13:21:16.304	trend_dtrader XAUUSD,H1: Alert: Please check your internet connection
0	13:21:17.297	trend_dtrader XAUUSD,H1: Alert: Please check your internet connection
0	13:21:18.300	trend_dtrader XAUUSD,H1: Alert: Please check your internet connection
0	13:21:19.296	trend_dtrader XAUUSD,H1: Alert: Please check your internet connection
0	13:21:20.295	trend_dtrader XAUUSD,H1: Alert: Please check your internet connection
0	13:21:21.298	trend_dtrader XAUUSD,H1: Alert: Please check your internet connection
0	13:21:22.297	trend_dtrader XAUUSD,H1: Alert: Please check your internet connection
0	13:21:23.293	trend_dtrader XAUUSD,H1: Alert: Please check your internet connection
0	13:21:24.304	trend_dtrader XAUUSD,H1: Alert: Please check your internet connection
0	13:21:25.296	trend_dtrader XAUUSD,H1: Alert: Please check your internet connection
0	13:21:26.303	trend_dtrader XAUUSD,H1: Alert: Please check your internet connection
0	13:21:27.303	trend_dtrader XAUUSD,H1: Alert: Please check your internet connection
0	13:21:28.299	trend_dtrader XAUUSD,H1: Alert: Please check your internet connection
0	13:21:29.295	trend_dtrader XAUUSD,H1: Alert: Please check your internet connection
0	13:21:30.300	trend_dtrader XAUUSD,H1: Alert: Please check your internet connection
0	13:21:31.296	trend_dtrader XAUUSD,H1: Alert: Please check your internet connection
0	13:21:32.300	trend_dtrader XAUUSD,H1: Alert: Please check your internet connection
0	13:21:33.303	trend_dtrader XAUUSD,H1: Alert: Please check your internet connection
0	13:21:34.302	trend_dtrader XAUUSD,H1: Alert: Please check your internet connection
0	13:21:35.293	trend_dtrader XAUUSD,H1: Alert: Please check your internet connection
0	13:21:36.301	trend_dtrader XAUUSD,H1: Alert: Please check your internet connection
0	13:21:37.296	trend_dtrader XAUUSD,H1: Alert: Please check your internet connection
0	13:21:38.296	trend_dtrader XAUUSD,H1: Alert: Please check your internet connection
0	13:21:39.299	trend_dtrader XAUUSD,H1: Alert: Please check your internet connection
0	13:21:40.299	trend_dtrader XAUUSD,H1: Alert: Please check your internet connection
0	13:21:41.297	trend_dtrader XAUUSD,H1: Alert: Please check your internet connection
0	13:21:42.299	trend_dtrader XAUUSD,H1: Alert: Please check your internet connection
0	13:21:43.299	trend_dtrader XAUUSD,H1: Alert: Please check your internet connection
0	13:21:44.293	trend_dtrader XAUUSD,H1: Alert: Please check your internet connection
0	13:21:45.295	trend_dtrader XAUUSD,H1: Alert: Please check your internet connection
0	13:21:46.299	trend_dtrader XAUUSD,H1: Alert: Please check your internet connection
0	13:21:47.300	trend_dtrader XAUUSD,H1: Alert: Please check your internet connection
0	13:21:48.297	trend_dtrader XAUUSD,H1: Alert: Please check your internet connection
0	13:21:49.300	trend_dtrader XAUUSD,H1: Alert: Please check your internet connection
0	13:21:50.296	trend_dtrader XAUUSD,H1: Alert: Please check your internet connection
0	13:21:51.295	trend_dtrader XAUUSD,H1: Alert: Please check your internet connection
0	13:21:52.297	trend_dtrader XAUUSD,H1: Alert: Please check your internet connection
0	13:21:53.293	trend_dtrader XAUUSD,H1: Alert: Please check your internet connection
0	13:21:54.296	trend_dtrader XAUUSD,H1: Alert: Please check your internet connection
0	13:21:55.301	trend_dtrader XAUUSD,H1: Alert: Please check your internet connection
0	13:21:56.300	trend_dtrader XAUUSD,H1: Alert: Please check your internet connection
0	13:21:57.296	trend_dtrader XAUUSD,H1: Alert: Please check your internet connection
0	13:21:58.293	trend_dtrader XAUUSD,H1: Alert: Please check your internet connection
0	13:21:59.300	trend_dtrader XAUUSD,H1: Alert: Please check your internet connection
0	13:22:00.298	trend_dtrader XAUUSD,H1: Alert: Please check your internet connection
0	13:22:01.293	trend_dtrader XAUUSD,H1: Alert: Please check your internet connection
0	13:22:02.299	trend_dtrader XAUUSD,H1: Alert: Please check your internet connection
0	13:22:03.295	trend_dtrader XAUUSD,H1: Alert: Please check your internet connection
0	13:22:04.295	trend_dtrader XAUUSD,H1: Alert: Please check your internet connection
0	13:22:05.300	trend_dtrader XAUUSD,H1: Alert: Please check your internet connection
0	13:22:06.295	trend_dtrader XAUUSD,H1: Alert: Please check your internet connection
0	13:22:07.296	trend_dtrader XAUUSD,H1: Alert: Please check your internet connection
0	13:22:08.297	trend_dtrader XAUUSD,H1: Alert: Please check your internet connection
0	13:22:09.294	trend_dtrader XAUUSD,H1: Alert: Please check your internet connection
0	13:22:10.295	trend_dtrader XAUUSD,H1: Alert: Please check your internet connection
0	13:22:11.294	trend_dtrader XAUUSD,H1: Alert: Please check your internet connection
0	13:22:12.298	trend_dtrader XAUUSD,H1: Alert: Please check your internet connection
0	13:22:13.298	trend_dtrader XAUUSD,H1: Alert: Please check your internet connection
0	13:22:14.297	trend_dtrader XAUUSD,H1: Alert: Please check your internet connection
0	13:22:15.302	trend_dtrader XAUUSD,H1: Alert: Please check your internet connection
0	13:22:16.299	trend_dtrader XAUUSD,H1: Alert: Please check your internet connection
0	13:22:17.296	trend_dtrader XAUUSD,H1: Alert: Please check your internet connection
0	13:22:18.298	trend_dtrader XAUUSD,H1: Alert: Please check your internet connection
0	13:22:19.298	trend_dtrader XAUUSD,H1: Alert: Please check your internet connection
0	13:22:20.297	trend_dtrader XAUUSD,H1: Alert: Please check your internet connection
0	13:22:21.298	trend_dtrader XAUUSD,H1: Alert: Please check your internet connection
0	13:22:22.295	trend_dtrader XAUUSD,H1: Alert: Please check your internet connection
0	13:22:23.299	trend_dtrader XAUUSD,H1: Alert: Please check your internet connection
0	13:22:24.293	trend_dtrader XAUUSD,H1: Alert: Please check your internet connection
0	13:22:25.300	trend_dtrader XAUUSD,H1: Alert: Please check your internet connection
0	13:22:26.294	trend_dtrader XAUUSD,H1: Alert: Please check your internet connection
0	13:22:27.300	trend_dtrader XAUUSD,H1: Alert: Please check your internet connection
0	13:22:28.295	trend_dtrader XAUUSD,H1: Alert: Please check your internet connection
0	13:22:29.297	trend_dtrader XAUUSD,H1: Alert: Please check your internet connection
0	13:22:30.295	trend_dtrader XAUUSD,H1: Alert: Please check your internet connection
0	13:22:31.295	trend_dtrader XAUUSD,H1: Alert: Please check your internet connection
0	13:22:32.300	trend_dtrader XAUUSD,H1: Alert: Please check your internet connection
0	13:22:33.297	trend_dtrader XAUUSD,H1: Alert: Please check your internet connection
0	13:22:34.301	trend_dtrader XAUUSD,H1: Alert: Please check your internet connection
0	13:22:35.302	trend_dtrader XAUUSD,H1: Alert: Please check your internet connection
0	13:22:36.316	trend_dtrader XAUUSD,H1: Alert: Please check your internet connection
0	13:22:37.293	trend_dtrader XAUUSD,H1: Alert: Please check your internet connection
0	13:22:38.298	trend_dtrader XAUUSD,H1: Alert: Please check your internet connection
0	13:22:39.300	trend_dtrader XAUUSD,H1: Alert: Please check your internet connection
0	13:22:40.299	trend_dtrader XAUUSD,H1: Alert: Please check your internet connection
0	13:22:41.294	trend_dtrader XAUUSD,H1: Alert: Please check your internet connection
0	13:22:42.295	trend_dtrader XAUUSD,H1: Alert: Please check your internet connection
0	13:22:43.296	trend_dtrader XAUUSD,H1: Alert: Please check your internet connection
0	13:22:44.292	trend_dtrader XAUUSD,H1: Alert: Please check your internet connection
0	13:22:45.297	trend_dtrader XAUUSD,H1: Alert: Please check your internet connection
0	13:22:46.292	trend_dtrader XAUUSD,H1: Alert: Please check your internet connection
0	13:22:47.297	trend_dtrader XAUUSD,H1: Alert: Please check your internet connection
0	13:22:48.301	trend_dtrader XAUUSD,H1: Alert: Please check your internet connection
0	13:22:49.300	trend_dtrader XAUUSD,H1: Alert: Please check your internet connection
0	13:22:50.296	trend_dtrader XAUUSD,H1: Alert: Please check your internet connection
0	13:22:51.295	trend_dtrader XAUUSD,H1: Alert: Please check your internet connection
0	13:22:52.296	trend_dtrader XAUUSD,H1: Alert: Please check your internet connection
0	13:22:53.293	trend_dtrader XAUUSD,H1: Alert: Please check your internet connection
0	13:22:54.296	trend_dtrader XAUUSD,H1: Alert: Please check your internet connection
0	13:22:55.294	trend_dtrader XAUUSD,H1: Alert: Please check your internet connection
0	13:22:56.295	trend_dtrader XAUUSD,H1: Alert: Please check your internet connection
0	13:22:57.295	trend_dtrader XAUUSD,H1: Alert: Please check your internet connection
0	13:22:58.297	trend_dtrader XAUUSD,H1: Alert: Please check your internet connection
0	13:22:59.293	trend_dtrader XAUUSD,H1: Alert: Please check your internet connection
0	13:23:00.295	trend_dtrader XAUUSD,H1: Alert: Please check your internet connection
0	13:23:01.299	trend_dtrader XAUUSD,H1: Alert: Please check your internet connection
0	13:23:02.302	trend_dtrader XAUUSD,H1: Alert: Please check your internet connection
0	13:23:03.300	trend_dtrader XAUUSD,H1: Alert: Please check your internet connection
0	13:23:04.298	trend_dtrader XAUUSD,H1: Alert: Please check your internet connection
0	13:23:05.308	trend_dtrader XAUUSD,H1: Alert: Please check your internet connection
0	13:23:06.306	trend_dtrader XAUUSD,H1: Alert: Please check your internet connection
0	13:23:07.297	trend_dtrader XAUUSD,H1: Alert: Please check your internet connection
0	13:23:08.301	trend_dtrader XAUUSD,H1: Alert: Please check your internet connection
0	13:23:09.293	trend_dtrader XAUUSD,H1: Alert: Please check your internet connection
0	13:23:10.311	trend_dtrader XAUUSD,H1: Alert: Please check your internet connection
0	13:23:11.297	trend_dtrader XAUUSD,H1: Alert: Please check your internet connection
0	13:23:12.309	trend_dtrader XAUUSD,H1: Alert: Please check your internet connection
0	13:23:13.301	trend_dtrader XAUUSD,H1: Alert: Please check your internet connection
0	13:23:14.300	trend_dtrader XAUUSD,H1: Alert: Please check your internet connection
0	13:23:15.298	trend_dtrader XAUUSD,H1: Alert: Please check your internet connection
0	13:23:16.302	trend_dtrader XAUUSD,H1: Alert: Please check your internet connection
0	13:23:17.319	trend_dtrader XAUUSD,H1: Alert: Please check your internet connection
0	13:23:18.301	trend_dtrader XAUUSD,H1: Alert: Please check your internet connection
0	13:23:19.296	trend_dtrader XAUUSD,H1: Alert: Please check your internet connection
0	13:23:20.294	trend_dtrader XAUUSD,H1: Alert: Please check your internet connection
0	13:23:21.301	trend_dtrader XAUUSD,H1: Alert: Please check your internet connection
0	13:23:22.300	trend_dtrader XAUUSD,H1: Alert: Please check your internet connection
0	13:23:23.302	trend_dtrader XAUUSD,H1: Alert: Please check your internet connection
0	13:23:24.295	trend_dtrader XAUUSD,H1: Alert: Please check your internet connection
0	13:23:25.301	trend_dtrader XAUUSD,H1: Alert: Please check your internet connection
0	13:23:26.295	trend_dtrader XAUUSD,H1: Alert: Please check your internet connection
0	13:23:27.306	trend_dtrader XAUUSD,H1: Alert: Please check your internet connection
0	13:23:28.300	trend_dtrader XAUUSD,H1: Alert: Please check your internet connection
0	13:23:29.301	trend_dtrader XAUUSD,H1: Alert: Please check your internet connection
0	13:23:30.297	trend_dtrader XAUUSD,H1: Alert: Please check your internet connection
0	13:23:31.301	trend_dtrader XAUUSD,H1: Alert: Please check your internet connection
0	13:23:32.298	trend_dtrader XAUUSD,H1: Alert: Please check your internet connection
0	13:23:33.299	trend_dtrader XAUUSD,H1: Alert: Please check your internet connection
0	13:23:34.307	trend_dtrader XAUUSD,H1: Alert: Please check your internet connection
0	13:23:35.293	trend_dtrader XAUUSD,H1: Alert: Please check your internet connection
0	13:23:36.296	trend_dtrader XAUUSD,H1: Alert: Please check your internet connection
0	13:23:37.307	trend_dtrader XAUUSD,H1: Alert: Please check your internet connection
0	13:23:38.297	trend_dtrader XAUUSD,H1: Alert: Please check your internet connection
0	13:23:39.299	trend_dtrader XAUUSD,H1: Alert: Please check your internet connection
0	13:23:40.300	trend_dtrader XAUUSD,H1: Alert: Please check your internet connection
0	13:23:47.478	trend_dtrader XAUUSD,H1: uninit reason 1
0	13:23:47.478	trend_dtrader XAUUSD,H1: Alert: 1
0	13:23:47.515	Expert trend_dtrader XAUUSD,H1: removed
0	13:28:35.007	Expert trend_dtrader XAUUSD,H1: loaded successfully
0	13:29:00.311	trend_dtrader XAUUSD,H1 inputs: mdesc=DBot FX; lot_size=0.5; max_trade=6; 
0	13:29:00.356	trend_dtrader XAUUSD,H1: initialized
2	13:29:04.810	trend_dtrader XAUUSD,H1: open #473752748 sell 0.50 USDCAD at 1.36684 sl: 1.37421 tp: 1.35339 ok
0	13:29:04.810	trend_dtrader XAUUSD,H1: Alert: USDCAD Ordered Successfully
2	13:30:03.810	trend_dtrader XAUUSD,H1: open #473752967 buy 0.50 GBPUSD at 1.25857 sl: 1.25042 tp: 1.26772 ok
0	13:30:03.810	trend_dtrader XAUUSD,H1: Alert: GBPUSD Ordered Successfully
2	13:51:43.886	trend_dtrader XAUUSD,H1: modify #473752967 buy 0.50 GBPUSD at 1.25857 sl: 1.25898 tp: 1.26772 ok
0	13:51:43.886	trend_dtrader XAUUSD,H1: Alert: GBPUSD has been assigned a breakeven 1.258975
2	13:53:13.825	trend_dtrader XAUUSD,H1: open #473759610 buy 0.50 GBPUSD at 1.25906 sl: 1.25086 tp: 1.26772 ok
0	13:53:13.825	trend_dtrader XAUUSD,H1: Alert: GBPUSD Ordered Successfully
2	14:10:05.817	trend_dtrader XAUUSD,H1: modify #473752748 sell 0.50 USDCAD at 1.36684 sl: 1.36627 tp: 1.35339 ok
0	14:10:05.817	trend_dtrader XAUUSD,H1: Alert: USDCAD has been assigned a breakeven 1.36627
0	15:01:07.534	trend_dtrader XAUUSD,H1: Alert: Please check your internet connection
0	15:01:08.534	trend_dtrader XAUUSD,H1: Alert: Please check your internet connection
0	15:01:09.531	trend_dtrader XAUUSD,H1: Alert: Please check your internet connection
0	15:01:10.535	trend_dtrader XAUUSD,H1: Alert: Please check your internet connection
0	15:01:11.533	trend_dtrader XAUUSD,H1: Alert: Please check your internet connection
0	15:01:12.533	trend_dtrader XAUUSD,H1: Alert: Please check your internet connection
0	15:01:13.532	trend_dtrader XAUUSD,H1: Alert: Please check your internet connection
0	15:01:14.532	trend_dtrader XAUUSD,H1: Alert: Please check your internet connection
0	15:01:15.530	trend_dtrader XAUUSD,H1: Alert: Please check your internet connection
0	15:01:16.531	trend_dtrader XAUUSD,H1: Alert: Please check your internet connection
0	15:01:17.533	trend_dtrader XAUUSD,H1: Alert: Please check your internet connection
0	15:01:18.534	trend_dtrader XAUUSD,H1: Alert: Please check your internet connection
0	15:01:19.532	trend_dtrader XAUUSD,H1: Alert: Please check your internet connection
0	15:01:20.534	trend_dtrader XAUUSD,H1: Alert: Please check your internet connection
0	15:01:21.535	trend_dtrader XAUUSD,H1: Alert: Please check your internet connection
0	15:01:22.536	trend_dtrader XAUUSD,H1: Alert: Please check your internet connection
0	15:01:29.536	trend_dtrader XAUUSD,H1: Alert: Please check your internet connection
0	15:01:30.534	trend_dtrader XAUUSD,H1: Alert: Please check your internet connection
0	16:05:53.471	trend_dtrader XAUUSD,H1: uninit reason 2
0	16:05:53.471	trend_dtrader XAUUSD,H1: Alert: 2
0	16:05:53.491	Expert trend_dtrader XAUUSD,H1: removed
0	16:05:53.503	Expert trend_dtrader XAUUSD,H1: loaded successfully
0	16:05:53.520	trend_dtrader XAUUSD,H1: initialized
0	19:52:45.514	trend_dtrader XAUUSD,H1: Alert: Please check your internet connection
0	19:52:46.514	trend_dtrader XAUUSD,H1: Alert: Please check your internet connection
0	19:52:47.513	trend_dtrader XAUUSD,H1: Alert: Please check your internet connection
0	19:52:48.511	trend_dtrader XAUUSD,H1: Alert: Please check your internet connection
0	19:52:49.517	trend_dtrader XAUUSD,H1: Alert: Please check your internet connection
0	19:52:50.515	trend_dtrader XAUUSD,H1: Alert: Please check your internet connection
0	19:52:51.512	trend_dtrader XAUUSD,H1: Alert: Please check your internet connection
0	19:52:52.514	trend_dtrader XAUUSD,H1: Alert: Please check your internet connection
0	19:52:53.516	trend_dtrader XAUUSD,H1: Alert: Please check your internet connection
0	19:52:54.512	trend_dtrader XAUUSD,H1: Alert: Please check your internet connection
0	19:52:55.512	trend_dtrader XAUUSD,H1: Alert: Please check your internet connection
0	19:52:56.515	trend_dtrader XAUUSD,H1: Alert: Please check your internet connection
0	19:52:57.516	trend_dtrader XAUUSD,H1: Alert: Please check your internet connection
0	19:52:58.513	trend_dtrader XAUUSD,H1: Alert: Please check your internet connection
0	19:52:59.513	trend_dtrader XAUUSD,H1: Alert: Please check your internet connection
0	19:53:00.511	trend_dtrader XAUUSD,H1: Alert: Please check your internet connection
0	19:53:01.516	trend_dtrader XAUUSD,H1: Alert: Please check your internet connection
0	19:53:02.515	trend_dtrader XAUUSD,H1: Alert: Please check your internet connection
0	19:53:03.514	trend_dtrader XAUUSD,H1: Alert: Please check your internet connection
0	19:53:04.512	trend_dtrader XAUUSD,H1: Alert: Please check your internet connection
0	19:53:05.516	trend_dtrader XAUUSD,H1: Alert: Please check your internet connection
0	19:53:06.515	trend_dtrader XAUUSD,H1: Alert: Please check your internet connection
0	19:53:07.516	trend_dtrader XAUUSD,H1: Alert: Please check your internet connection
0	19:53:08.515	trend_dtrader XAUUSD,H1: Alert: Please check your internet connection
0	19:53:09.516	trend_dtrader XAUUSD,H1: Alert: Please check your internet connection
0	19:53:10.515	trend_dtrader XAUUSD,H1: Alert: Please check your internet connection
0	19:53:11.512	trend_dtrader XAUUSD,H1: Alert: Please check your internet connection
0	19:53:12.513	trend_dtrader XAUUSD,H1: Alert: Please check your internet connection
0	19:53:13.511	trend_dtrader XAUUSD,H1: Alert: Please check your internet connection
0	19:53:14.513	trend_dtrader XAUUSD,H1: Alert: Please check your internet connection
0	19:53:15.513	trend_dtrader XAUUSD,H1: Alert: Please check your internet connection
0	19:53:16.513	trend_dtrader XAUUSD,H1: Alert: Please check your internet connection
0	19:53:17.514	trend_dtrader XAUUSD,H1: Alert: Please check your internet connection
0	19:53:18.513	trend_dtrader XAUUSD,H1: Alert: Please check your internet connection
0	19:53:19.514	trend_dtrader XAUUSD,H1: Alert: Please check your internet connection
0	19:53:20.514	trend_dtrader XAUUSD,H1: Alert: Please check your internet connection
0	19:53:21.513	trend_dtrader XAUUSD,H1: Alert: Please check your internet connection
0	19:53:22.513	trend_dtrader XAUUSD,H1: Alert: Please check your internet connection
0	19:53:23.513	trend_dtrader XAUUSD,H1: Alert: Please check your internet connection
0	19:53:24.513	trend_dtrader XAUUSD,H1: Alert: Please check your internet connection
0	19:53:25.513	trend_dtrader XAUUSD,H1: Alert: Please check your internet connection
0	19:53:26.512	trend_dtrader XAUUSD,H1: Alert: Please check your internet connection
0	19:53:27.513	trend_dtrader XAUUSD,H1: Alert: Please check your internet connection
0	19:53:28.513	trend_dtrader XAUUSD,H1: Alert: Please check your internet connection
0	19:53:29.512	trend_dtrader XAUUSD,H1: Alert: Please check your internet connection
0	19:53:30.512	trend_dtrader XAUUSD,H1: Alert: Please check your internet connection
0	19:53:31.514	trend_dtrader XAUUSD,H1: Alert: Please check your internet connection
0	19:53:32.512	trend_dtrader XAUUSD,H1: Alert: Please check your internet connection
0	19:53:33.512	trend_dtrader XAUUSD,H1: Alert: Please check your internet connection
0	19:53:34.511	trend_dtrader XAUUSD,H1: Alert: Please check your internet connection
0	19:53:35.513	trend_dtrader XAUUSD,H1: Alert: Please check your internet connection
0	19:53:36.512	trend_dtrader XAUUSD,H1: Alert: Please check your internet connection
0	19:53:37.517	trend_dtrader XAUUSD,H1: Alert: Please check your internet connection
0	19:53:38.516	trend_dtrader XAUUSD,H1: Alert: Please check your internet connection
0	19:53:39.512	trend_dtrader XAUUSD,H1: Alert: Please check your internet connection
0	19:53:40.518	trend_dtrader XAUUSD,H1: Alert: Please check your internet connection
0	19:53:41.518	trend_dtrader XAUUSD,H1: Alert: Please check your internet connection
0	19:53:42.513	trend_dtrader XAUUSD,H1: Alert: Please check your internet connection
0	22:39:53.703	trend_dtrader XAUUSD,H1: Alert: Please check your internet connection
