0	00:05:16.705	trend_dtrader XTIUSD,H1: Alert: Please check your internet connection
0	00:05:17.665	trend_dtrader XTIUSD,H1: Alert: Please check your internet connection
0	00:05:18.668	trend_dtrader XTIUSD,H1: Alert: Please check your internet connection
0	00:23:31.803	trend_dtrader XTIUSD,H1: Alert: Please check your internet connection
0	00:23:32.978	trend_dtrader XTIUSD,H1: Alert: Please check your internet connection
0	00:40:36.661	trend_dtrader XTIUSD,H1: Alert: Please check your internet connection
0	01:14:16.053	trend_dtrader XTIUSD,H1: Alert: Please check your internet connection
0	01:14:16.414	trend_dtrader XTIUSD,H1: Alert: Please check your internet connection
0	01:14:17.415	trend_dtrader XTIUSD,H1: Alert: Please check your internet connection
0	01:14:18.414	trend_dtrader XTIUSD,H1: Alert: Please check your internet connection
0	01:14:19.412	trend_dtrader XTIUSD,H1: Alert: Please check your internet connection
0	01:14:20.413	trend_dtrader XTIUSD,H1: Alert: Please check your internet connection
0	01:30:08.865	trend_dtrader XTIUSD,H1: Alert: Please check your internet connection
0	01:30:09.400	trend_dtrader XTIUSD,H1: Alert: Please check your internet connection
0	01:30:10.330	trend_dtrader XTIUSD,H1: Alert: Please check your internet connection
0	01:30:12.269	trend_dtrader XTIUSD,H1: Failed modifying USDCAD
2	01:30:12.979	trend_dtrader XTIUSD,H1: modify #469795709 sell 0.40 EURUSD at 1.08874 sl: 1.08827 tp: 1.07073 ok
0	01:30:12.979	trend_dtrader XTIUSD,H1: Alert: EURUSD has been assigned a breakeven 1.08827
0	01:37:40.336	trend_dtrader XTIUSD,H1: Alert: Please check your internet connection
0	01:37:41.338	trend_dtrader XTIUSD,H1: Alert: Please check your internet connection
0	01:37:42.341	trend_dtrader XTIUSD,H1: Alert: Please check your internet connection
0	01:37:43.342	trend_dtrader XTIUSD,H1: Alert: Please check your internet connection
0	01:37:44.343	trend_dtrader XTIUSD,H1: Alert: Please check your internet connection
0	01:37:45.344	trend_dtrader XTIUSD,H1: Alert: Please check your internet connection
0	01:53:51.080	trend_dtrader XTIUSD,H1: Alert: Please check your internet connection
0	01:53:51.355	trend_dtrader XTIUSD,H1: Alert: Please check your internet connection
0	01:53:52.356	trend_dtrader XTIUSD,H1: Alert: Please check your internet connection
0	01:53:53.355	trend_dtrader XTIUSD,H1: Alert: Please check your internet connection
0	01:53:54.355	trend_dtrader XTIUSD,H1: Alert: Please check your internet connection
0	01:53:55.356	trend_dtrader XTIUSD,H1: Alert: Please check your internet connection
0	01:53:56.384	trend_dtrader XTIUSD,H1: Alert: Please check your internet connection
0	01:53:57.356	trend_dtrader XTIUSD,H1: Alert: Please check your internet connection
0	01:53:58.357	trend_dtrader XTIUSD,H1: Alert: Please check your internet connection
0	01:53:59.357	trend_dtrader XTIUSD,H1: Alert: Please check your internet connection
0	01:54:00.356	trend_dtrader XTIUSD,H1: Alert: Please check your internet connection
0	01:54:01.390	trend_dtrader XTIUSD,H1: Alert: Please check your internet connection
0	01:54:02.356	trend_dtrader XTIUSD,H1: Alert: Please check your internet connection
0	01:54:03.356	trend_dtrader XTIUSD,H1: Alert: Please check your internet connection
0	01:54:04.355	trend_dtrader XTIUSD,H1: Alert: Please check your internet connection
0	01:54:05.357	trend_dtrader XTIUSD,H1: Alert: Please check your internet connection
0	01:54:06.357	trend_dtrader XTIUSD,H1: Alert: Please check your internet connection
0	01:54:07.354	trend_dtrader XTIUSD,H1: Alert: Please check your internet connection
0	01:54:08.356	trend_dtrader XTIUSD,H1: Alert: Please check your internet connection
0	01:54:09.357	trend_dtrader XTIUSD,H1: Alert: Please check your internet connection
0	01:54:10.357	trend_dtrader XTIUSD,H1: Alert: Please check your internet connection
0	01:54:11.356	trend_dtrader XTIUSD,H1: Alert: Please check your internet connection
0	01:54:12.355	trend_dtrader XTIUSD,H1: Alert: Please check your internet connection
0	01:54:13.357	trend_dtrader XTIUSD,H1: Alert: Please check your internet connection
0	01:54:14.356	trend_dtrader XTIUSD,H1: Alert: Please check your internet connection
0	01:54:15.355	trend_dtrader XTIUSD,H1: Alert: Please check your internet connection
0	01:54:16.357	trend_dtrader XTIUSD,H1: Alert: Please check your internet connection
0	01:54:17.357	trend_dtrader XTIUSD,H1: Alert: Please check your internet connection
0	01:54:18.357	trend_dtrader XTIUSD,H1: Alert: Please check your internet connection
0	01:54:19.356	trend_dtrader XTIUSD,H1: Alert: Please check your internet connection
0	01:54:20.357	trend_dtrader XTIUSD,H1: Alert: Please check your internet connection
0	01:54:21.357	trend_dtrader XTIUSD,H1: Alert: Please check your internet connection
0	01:54:22.356	trend_dtrader XTIUSD,H1: Alert: Please check your internet connection
0	01:54:23.357	trend_dtrader XTIUSD,H1: Alert: Please check your internet connection
0	01:54:24.357	trend_dtrader XTIUSD,H1: Alert: Please check your internet connection
0	01:54:25.356	trend_dtrader XTIUSD,H1: Alert: Please check your internet connection
0	01:54:26.355	trend_dtrader XTIUSD,H1: Alert: Please check your internet connection
0	01:54:27.356	trend_dtrader XTIUSD,H1: Alert: Please check your internet connection
0	01:54:28.357	trend_dtrader XTIUSD,H1: Alert: Please check your internet connection
0	01:54:29.355	trend_dtrader XTIUSD,H1: Alert: Please check your internet connection
0	01:54:30.356	trend_dtrader XTIUSD,H1: Alert: Please check your internet connection
0	01:54:31.357	trend_dtrader XTIUSD,H1: Alert: Please check your internet connection
0	01:54:32.355	trend_dtrader XTIUSD,H1: Alert: Please check your internet connection
0	01:54:33.357	trend_dtrader XTIUSD,H1: Alert: Please check your internet connection
0	01:54:34.357	trend_dtrader XTIUSD,H1: Alert: Please check your internet connection
0	01:54:35.356	trend_dtrader XTIUSD,H1: Alert: Please check your internet connection
0	01:54:36.357	trend_dtrader XTIUSD,H1: Alert: Please check your internet connection
0	01:54:37.356	trend_dtrader XTIUSD,H1: Alert: Please check your internet connection
0	01:54:50.839	trend_dtrader XTIUSD,H1: Alert: Please check your internet connection
0	01:54:51.356	trend_dtrader XTIUSD,H1: Alert: Please check your internet connection
0	01:54:52.356	trend_dtrader XTIUSD,H1: Alert: Please check your internet connection
0	01:54:53.357	trend_dtrader XTIUSD,H1: Alert: Please check your internet connection
0	01:54:54.357	trend_dtrader XTIUSD,H1: Alert: Please check your internet connection
0	01:54:55.356	trend_dtrader XTIUSD,H1: Alert: Please check your internet connection
0	01:54:56.356	trend_dtrader XTIUSD,H1: Alert: Please check your internet connection
0	01:54:57.355	trend_dtrader XTIUSD,H1: Alert: Please check your internet connection
0	01:54:58.355	trend_dtrader XTIUSD,H1: Alert: Please check your internet connection
0	01:54:59.356	trend_dtrader XTIUSD,H1: Alert: Please check your internet connection
0	01:55:00.356	trend_dtrader XTIUSD,H1: Alert: Please check your internet connection
0	01:55:01.357	trend_dtrader XTIUSD,H1: Alert: Please check your internet connection
0	01:55:02.356	trend_dtrader XTIUSD,H1: Alert: Please check your internet connection
0	01:55:03.357	trend_dtrader XTIUSD,H1: Alert: Please check your internet connection
0	01:55:04.355	trend_dtrader XTIUSD,H1: Alert: Please check your internet connection
0	01:55:06.358	trend_dtrader XTIUSD,H1: Alert: Please check your internet connection
0	01:55:07.357	trend_dtrader XTIUSD,H1: Alert: Please check your internet connection
0	01:55:08.356	trend_dtrader XTIUSD,H1: Alert: Please check your internet connection
0	01:55:09.356	trend_dtrader XTIUSD,H1: Alert: Please check your internet connection
0	01:55:10.356	trend_dtrader XTIUSD,H1: Alert: Please check your internet connection
0	01:55:11.356	trend_dtrader XTIUSD,H1: Alert: Please check your internet connection
0	01:55:12.358	trend_dtrader XTIUSD,H1: Alert: Please check your internet connection
0	01:55:13.355	trend_dtrader XTIUSD,H1: Alert: Please check your internet connection
0	01:55:14.354	trend_dtrader XTIUSD,H1: Alert: Please check your internet connection
0	01:55:15.356	trend_dtrader XTIUSD,H1: Alert: Please check your internet connection
0	01:55:16.355	trend_dtrader XTIUSD,H1: Alert: Please check your internet connection
0	01:55:17.356	trend_dtrader XTIUSD,H1: Alert: Please check your internet connection
0	01:55:18.356	trend_dtrader XTIUSD,H1: Alert: Please check your internet connection
0	01:55:19.355	trend_dtrader XTIUSD,H1: Alert: Please check your internet connection
0	01:55:20.357	trend_dtrader XTIUSD,H1: Alert: Please check your internet connection
0	01:55:21.355	trend_dtrader XTIUSD,H1: Alert: Please check your internet connection
0	01:55:22.356	trend_dtrader XTIUSD,H1: Alert: Please check your internet connection
0	01:55:23.355	trend_dtrader XTIUSD,H1: Alert: Please check your internet connection
0	01:55:24.356	trend_dtrader XTIUSD,H1: Alert: Please check your internet connection
0	01:55:25.355	trend_dtrader XTIUSD,H1: Alert: Please check your internet connection
0	01:55:26.356	trend_dtrader XTIUSD,H1: Alert: Please check your internet connection
0	01:55:27.355	trend_dtrader XTIUSD,H1: Alert: Please check your internet connection
0	01:55:28.356	trend_dtrader XTIUSD,H1: Alert: Please check your internet connection
0	01:55:29.356	trend_dtrader XTIUSD,H1: Alert: Please check your internet connection
0	01:55:30.356	trend_dtrader XTIUSD,H1: Alert: Please check your internet connection
0	01:55:31.355	trend_dtrader XTIUSD,H1: Alert: Please check your internet connection
0	01:55:32.357	trend_dtrader XTIUSD,H1: Alert: Please check your internet connection
0	01:55:33.355	trend_dtrader XTIUSD,H1: Alert: Please check your internet connection
0	01:55:34.355	trend_dtrader XTIUSD,H1: Alert: Please check your internet connection
0	01:55:35.355	trend_dtrader XTIUSD,H1: Alert: Please check your internet connection
0	01:55:36.355	trend_dtrader XTIUSD,H1: Alert: Please check your internet connection
0	01:55:37.356	trend_dtrader XTIUSD,H1: Alert: Please check your internet connection
0	02:13:19.818	trend_dtrader XTIUSD,H1: Alert: Please check your internet connection
0	02:13:20.343	trend_dtrader XTIUSD,H1: Alert: Please check your internet connection
0	02:13:21.341	trend_dtrader XTIUSD,H1: Alert: Please check your internet connection
0	02:13:22.277	trend_dtrader XTIUSD,H1: Alert: Please check your internet connection
0	02:13:23.274	trend_dtrader XTIUSD,H1: Alert: Please check your internet connection
0	02:13:24.273	trend_dtrader XTIUSD,H1: Alert: Please check your internet connection
0	02:30:03.740	trend_dtrader XTIUSD,H1: Alert: Please check your internet connection
0	02:30:04.255	trend_dtrader XTIUSD,H1: Alert: Please check your internet connection
0	02:30:05.253	trend_dtrader XTIUSD,H1: Alert: Please check your internet connection
0	02:30:06.255	trend_dtrader XTIUSD,H1: Alert: Please check your internet connection
0	02:30:07.254	trend_dtrader XTIUSD,H1: Alert: Please check your internet connection
0	02:30:08.253	trend_dtrader XTIUSD,H1: Alert: Please check your internet connection
0	02:38:38.725	trend_dtrader XTIUSD,H1: Alert: Please check your internet connection
0	02:38:39.243	trend_dtrader XTIUSD,H1: Alert: Please check your internet connection
0	02:38:40.243	trend_dtrader XTIUSD,H1: Alert: Please check your internet connection
0	02:38:41.244	trend_dtrader XTIUSD,H1: Alert: Please check your internet connection
0	02:38:42.243	trend_dtrader XTIUSD,H1: Alert: Please check your internet connection
0	02:38:43.242	trend_dtrader XTIUSD,H1: Alert: Please check your internet connection
0	02:38:44.244	trend_dtrader XTIUSD,H1: Alert: Please check your internet connection
0	02:38:45.243	trend_dtrader XTIUSD,H1: Alert: Please check your internet connection
0	02:38:46.244	trend_dtrader XTIUSD,H1: Alert: Please check your internet connection
0	02:38:47.243	trend_dtrader XTIUSD,H1: Alert: Please check your internet connection
0	02:38:48.244	trend_dtrader XTIUSD,H1: Alert: Please check your internet connection
0	02:56:09.045	trend_dtrader XTIUSD,H1: Alert: Please check your internet connection
0	02:56:09.209	trend_dtrader XTIUSD,H1: Alert: Please check your internet connection
0	02:56:10.171	trend_dtrader XTIUSD,H1: Alert: Please check your internet connection
0	02:56:12.112	trend_dtrader XTIUSD,H1: Alert: Please check your internet connection
0	02:56:13.110	trend_dtrader XTIUSD,H1: Alert: Please check your internet connection
0	03:12:54.658	trend_dtrader XTIUSD,H1: Alert: Please check your internet connection
0	03:12:55.073	trend_dtrader XTIUSD,H1: Alert: Please check your internet connection
0	03:12:56.072	trend_dtrader XTIUSD,H1: Alert: Please check your internet connection
0	03:12:57.071	trend_dtrader XTIUSD,H1: Alert: Please check your internet connection
0	03:12:58.068	trend_dtrader XTIUSD,H1: Alert: Please check your internet connection
0	03:27:59.032	trend_dtrader XTIUSD,H1: Alert: Please check your internet connection
0	03:27:59.965	trend_dtrader XTIUSD,H1: Alert: Please check your internet connection
0	03:28:00.963	trend_dtrader XTIUSD,H1: Alert: Please check your internet connection
0	03:28:01.963	trend_dtrader XTIUSD,H1: Alert: Please check your internet connection
0	03:28:02.963	trend_dtrader XTIUSD,H1: Alert: Please check your internet connection
0	03:39:39.605	trend_dtrader XTIUSD,H1: Alert: Please check your internet connection
0	03:39:39.934	trend_dtrader XTIUSD,H1: Alert: Please check your internet connection
0	03:39:40.935	trend_dtrader XTIUSD,H1: Alert: Please check your internet connection
0	04:13:42.585	trend_dtrader XTIUSD,H1: Alert: Please check your internet connection
0	04:13:42.868	trend_dtrader XTIUSD,H1: Alert: Please check your internet connection
0	04:13:43.758	trend_dtrader XTIUSD,H1: Alert: Please check your internet connection
0	04:29:59.713	trend_dtrader XTIUSD,H1: Alert: Please check your internet connection
0	04:30:00.712	trend_dtrader XTIUSD,H1: Alert: Please check your internet connection
0	04:40:40.675	trend_dtrader XTIUSD,H1: Alert: Please check your internet connection
0	04:40:41.675	trend_dtrader XTIUSD,H1: Alert: Please check your internet connection
0	04:49:51.788	trend_dtrader XTIUSD,H1: Alert: Please check your internet connection
0	04:49:52.632	trend_dtrader XTIUSD,H1: Alert: Please check your internet connection
0	05:09:16.689	trend_dtrader XTIUSD,H1: Alert: Please check your internet connection
0	05:09:17.580	trend_dtrader XTIUSD,H1: Alert: Please check your internet connection
0	05:09:18.579	trend_dtrader XTIUSD,H1: Alert: Please check your internet connection
0	05:09:19.579	trend_dtrader XTIUSD,H1: Alert: Please check your internet connection
0	05:09:20.579	trend_dtrader XTIUSD,H1: Alert: Please check your internet connection
0	05:09:21.579	trend_dtrader XTIUSD,H1: Alert: Please check your internet connection
0	05:09:22.671	trend_dtrader XTIUSD,H1: Alert: Please check your internet connection
0	05:22:59.941	trend_dtrader XTIUSD,H1: Alert: Please check your internet connection
0	05:23:00.638	trend_dtrader XTIUSD,H1: Alert: Please check your internet connection
0	05:23:01.861	trend_dtrader XTIUSD,H1: Alert: Please check your internet connection
0	05:38:16.526	Custom indicator s_and_d NZDUSD,H1: loaded successfully
0	05:38:19.348	s_and_d NZDUSD,H1: initialized
0	06:04:02.200	trend_dtrader XTIUSD,H1: uninit reason 2
0	06:04:02.201	trend_dtrader XTIUSD,H1: Alert: 2
0	06:04:02.838	Expert trend_dtrader XTIUSD,H1: removed
0	06:04:02.884	Expert trend_dtrader XTIUSD,H1: loaded successfully
0	06:04:02.972	trend_dtrader XTIUSD,H1: AAVEUSD --> 2
0	06:04:02.972	trend_dtrader XTIUSD,H1: ADAUSD --> 4
0	06:04:02.972	trend_dtrader XTIUSD,H1: ALGOUSD --> 4
0	06:04:02.972	trend_dtrader XTIUSD,H1: ATOMUSD --> 3
0	06:04:02.972	trend_dtrader XTIUSD,H1: AUDUSD --> 5
0	06:04:02.972	trend_dtrader XTIUSD,H1: AVAXUSD --> 3
0	06:04:02.972	trend_dtrader XTIUSD,H1: AXSUSD --> 2
0	06:04:02.972	trend_dtrader XTIUSD,H1: BCHUSD --> 2
0	06:04:02.972	trend_dtrader XTIUSD,H1: BNBUSD --> 2
0	06:04:02.972	trend_dtrader XTIUSD,H1: BTCUSD --> 2
0	06:04:02.972	trend_dtrader XTIUSD,H1: DASHUSD --> 2
0	06:04:02.972	trend_dtrader XTIUSD,H1: DOGEUSD --> 5
0	06:04:02.972	trend_dtrader XTIUSD,H1: DOTUSD --> 3
0	06:04:02.972	trend_dtrader XTIUSD,H1: ETCUSD --> 3
0	06:04:02.972	trend_dtrader XTIUSD,H1: ETHUSD --> 2
0	06:04:02.972	trend_dtrader XTIUSD,H1: EURUSD --> 5
0	06:04:02.972	trend_dtrader XTIUSD,H1: FILUSD --> 3
0	06:04:02.972	trend_dtrader XTIUSD,H1: FTMUSD --> 4
0	06:04:02.972	trend_dtrader XTIUSD,H1: GBPUSD --> 5
0	06:04:02.972	trend_dtrader XTIUSD,H1: GRTUSD --> 4
0	06:04:02.972	trend_dtrader XTIUSD,H1: ICPUSD --> 3
0	06:04:02.972	trend_dtrader XTIUSD,H1: IOTAUSD --> 4
0	06:04:02.972	trend_dtrader XTIUSD,H1: LINKUSD --> 3
0	06:04:02.972	trend_dtrader XTIUSD,H1: LRCUSD --> 4
0	06:04:02.973	trend_dtrader XTIUSD,H1: LTCUSD --> 2
0	06:04:02.973	trend_dtrader XTIUSD,H1: MANAUSD --> 4
0	06:04:02.973	trend_dtrader XTIUSD,H1: MATICUSD --> 4
0	06:04:02.973	trend_dtrader XTIUSD,H1: NEARUSD --> 3
0	06:04:02.973	trend_dtrader XTIUSD,H1: NZDUSD --> 5
0	06:04:02.973	trend_dtrader XTIUSD,H1: SOLUSD --> 2
0	06:04:02.973	trend_dtrader XTIUSD,H1: TRXUSD --> 5
0	06:04:02.973	trend_dtrader XTIUSD,H1: UNIUSD --> 3
0	06:04:02.973	trend_dtrader XTIUSD,H1: USDCAD --> 5
0	06:04:02.973	trend_dtrader XTIUSD,H1: USDCHF --> 5
0	06:04:02.973	trend_dtrader XTIUSD,H1: USDJPY --> 3
0	06:04:02.973	trend_dtrader XTIUSD,H1: USDMXN --> 4
0	06:04:02.973	trend_dtrader XTIUSD,H1: USDZAR --> 5
0	06:04:02.973	trend_dtrader XTIUSD,H1: XAGUSD --> 3
0	06:04:02.973	trend_dtrader XTIUSD,H1: XAUUSD --> 2
0	06:04:02.973	trend_dtrader XTIUSD,H1: XBRUSD --> 2
0	06:04:02.973	trend_dtrader XTIUSD,H1: XNGUSD --> 3
0	06:04:02.973	trend_dtrader XTIUSD,H1: XRPUSD --> 5
0	06:04:02.973	trend_dtrader XTIUSD,H1: XTIUSD --> 2
0	06:04:02.973	trend_dtrader XTIUSD,H1: ZECUSD --> 2
0	06:04:02.973	trend_dtrader XTIUSD,H1: 44
0	06:04:02.973	trend_dtrader XTIUSD,H1: initialized
0	06:22:14.021	trend_dtrader XTIUSD,H1: Alert: Please check your internet connection
2	06:22:24.632	trend_dtrader XTIUSD,H1: open #469836723 sell 0.40 UNIUSD at 12.928 sl: 14.612 tp: 7.421 ok
0	06:22:24.632	trend_dtrader XTIUSD,H1: Alert: UNIUSD Ordered Successfully
0	06:54:54.987	trend_dtrader XTIUSD,H1: Alert: Please check your internet connection
0	06:54:55.008	trend_dtrader XTIUSD,H1: Alert: Please check your internet connection
2	06:55:05.411	trend_dtrader XTIUSD,H1: open #469839293 buy 0.40 SOLUSD at 175.82 sl: 161.64 tp: 198.43 ok
0	06:55:05.411	trend_dtrader XTIUSD,H1: Alert: SOLUSD Ordered Successfully
0	07:16:48.198	trend_dtrader XTIUSD,H1: Alert: Failed XAGUSD
0	07:16:49.013	trend_dtrader XTIUSD,H1: Alert: Please check your internet connection
0	07:16:50.291	trend_dtrader XTIUSD,H1: Alert: Please check your internet connection
0	07:16:51.013	trend_dtrader XTIUSD,H1: Alert: Please check your internet connection
0	07:40:42.118	trend_dtrader XTIUSD,H1: Alert: Failed XAGUSD
0	07:40:42.131	trend_dtrader XTIUSD,H1: Alert: Please check your internet connection
0	07:40:42.662	trend_dtrader XTIUSD,H1: Alert: Please check your internet connection
0	07:40:42.995	trend_dtrader XTIUSD,H1: Alert: Please check your internet connection
0	07:40:43.998	trend_dtrader XTIUSD,H1: Alert: Please check your internet connection
0	07:40:44.995	trend_dtrader XTIUSD,H1: Alert: Please check your internet connection
0	07:40:45.995	trend_dtrader XTIUSD,H1: Alert: Please check your internet connection
0	07:40:46.996	trend_dtrader XTIUSD,H1: Alert: Please check your internet connection
0	07:40:47.996	trend_dtrader XTIUSD,H1: Alert: Please check your internet connection
0	07:40:48.996	trend_dtrader XTIUSD,H1: Alert: Please check your internet connection
0	07:40:50.009	trend_dtrader XTIUSD,H1: Alert: Please check your internet connection
0	07:40:50.996	trend_dtrader XTIUSD,H1: Alert: Please check your internet connection
0	07:40:53.087	trend_dtrader XTIUSD,H1: Failed modifying XAUUSD
2	07:40:53.975	trend_dtrader XTIUSD,H1: modify #469839293 buy 0.40 SOLUSD at 175.82 sl: 178.19 tp: 198.43 ok
0	07:40:53.975	trend_dtrader XTIUSD,H1: Alert: SOLUSD has been assigned a breakeven 178.185
0	07:41:10.995	trend_dtrader XTIUSD,H1: Alert: Please check your internet connection
0	07:43:05.861	trend_dtrader XTIUSD,H1: Alert: Please check your internet connection
0	07:43:06.023	trend_dtrader XTIUSD,H1: Alert: Please check your internet connection
0	07:43:06.994	trend_dtrader XTIUSD,H1: Alert: Please check your internet connection
0	07:43:07.993	trend_dtrader XTIUSD,H1: Alert: Please check your internet connection
0	07:43:08.995	trend_dtrader XTIUSD,H1: Alert: Please check your internet connection
0	07:43:09.995	trend_dtrader XTIUSD,H1: Alert: Please check your internet connection
0	07:43:10.994	trend_dtrader XTIUSD,H1: Alert: Please check your internet connection
0	07:43:11.993	trend_dtrader XTIUSD,H1: Alert: Please check your internet connection
0	07:43:12.994	trend_dtrader XTIUSD,H1: Alert: Please check your internet connection
0	07:43:13.993	trend_dtrader XTIUSD,H1: Alert: Please check your internet connection
0	07:43:14.993	trend_dtrader XTIUSD,H1: Alert: Please check your internet connection
0	07:43:15.993	trend_dtrader XTIUSD,H1: Alert: Please check your internet connection
0	07:43:16.994	trend_dtrader XTIUSD,H1: Alert: Please check your internet connection
0	07:43:17.994	trend_dtrader XTIUSD,H1: Alert: Please check your internet connection
0	07:43:18.994	trend_dtrader XTIUSD,H1: Alert: Please check your internet connection
0	07:43:19.993	trend_dtrader XTIUSD,H1: Alert: Please check your internet connection
0	07:43:20.993	trend_dtrader XTIUSD,H1: Alert: Please check your internet connection
0	07:43:21.993	trend_dtrader XTIUSD,H1: Alert: Please check your internet connection
0	07:43:22.993	trend_dtrader XTIUSD,H1: Alert: Please check your internet connection
0	07:43:23.994	trend_dtrader XTIUSD,H1: Alert: Please check your internet connection
0	07:43:24.993	trend_dtrader XTIUSD,H1: Alert: Please check your internet connection
0	07:43:25.994	trend_dtrader XTIUSD,H1: Alert: Please check your internet connection
0	07:43:26.994	trend_dtrader XTIUSD,H1: Alert: Please check your internet connection
0	07:43:27.994	trend_dtrader XTIUSD,H1: Alert: Please check your internet connection
0	07:43:28.993	trend_dtrader XTIUSD,H1: Alert: Please check your internet connection
0	07:43:29.994	trend_dtrader XTIUSD,H1: Alert: Please check your internet connection
0	07:43:30.994	trend_dtrader XTIUSD,H1: Alert: Please check your internet connection
0	07:43:31.994	trend_dtrader XTIUSD,H1: Alert: Please check your internet connection
0	07:43:32.994	trend_dtrader XTIUSD,H1: Alert: Please check your internet connection
0	07:43:33.994	trend_dtrader XTIUSD,H1: Alert: Please check your internet connection
0	07:43:34.994	trend_dtrader XTIUSD,H1: Alert: Please check your internet connection
0	07:43:35.994	trend_dtrader XTIUSD,H1: Alert: Please check your internet connection
0	07:43:36.994	trend_dtrader XTIUSD,H1: Alert: Please check your internet connection
0	07:43:37.993	trend_dtrader XTIUSD,H1: Alert: Please check your internet connection
0	07:43:38.993	trend_dtrader XTIUSD,H1: Alert: Please check your internet connection
0	07:43:39.994	trend_dtrader XTIUSD,H1: Alert: Please check your internet connection
0	07:43:40.993	trend_dtrader XTIUSD,H1: Alert: Please check your internet connection
0	07:43:41.993	trend_dtrader XTIUSD,H1: Alert: Please check your internet connection
0	07:43:42.993	trend_dtrader XTIUSD,H1: Alert: Please check your internet connection
0	07:43:44.995	trend_dtrader XTIUSD,H1: Alert: Please check your internet connection
0	07:43:45.994	trend_dtrader XTIUSD,H1: Alert: Please check your internet connection
0	07:43:46.993	trend_dtrader XTIUSD,H1: Alert: Please check your internet connection
0	07:43:47.993	trend_dtrader XTIUSD,H1: Alert: Please check your internet connection
0	07:43:48.993	trend_dtrader XTIUSD,H1: Alert: Please check your internet connection
0	07:43:49.992	trend_dtrader XTIUSD,H1: Alert: Please check your internet connection
0	07:43:50.993	trend_dtrader XTIUSD,H1: Alert: Please check your internet connection
0	07:43:51.994	trend_dtrader XTIUSD,H1: Alert: Please check your internet connection
0	07:45:34.026	trend_dtrader XTIUSD,H1: Alert: Please check your internet connection
0	07:45:34.992	trend_dtrader XTIUSD,H1: Alert: Please check your internet connection
0	07:45:36.006	trend_dtrader XTIUSD,H1: Alert: Please check your internet connection
0	07:45:36.991	trend_dtrader XTIUSD,H1: Alert: Please check your internet connection
0	07:45:37.995	trend_dtrader XTIUSD,H1: Alert: Please check your internet connection
0	07:45:38.991	trend_dtrader XTIUSD,H1: Alert: Please check your internet connection
0	07:45:39.992	trend_dtrader XTIUSD,H1: Alert: Please check your internet connection
0	07:45:40.992	trend_dtrader XTIUSD,H1: Alert: Please check your internet connection
0	07:45:41.992	trend_dtrader XTIUSD,H1: Alert: Please check your internet connection
0	07:45:42.992	trend_dtrader XTIUSD,H1: Alert: Please check your internet connection
0	07:45:43.991	trend_dtrader XTIUSD,H1: Alert: Please check your internet connection
2	07:45:51.784	trend_dtrader XTIUSD,H1: open #469844131 buy 0.40 XAGUSD at 25.081 sl: 24.500 tp: 25.437 ok
0	07:45:51.785	trend_dtrader XTIUSD,H1: Alert: XAGUSD Ordered Successfully
0	08:05:52.735	trend_dtrader XTIUSD,H1: Alert: Please check your internet connection
0	08:05:52.982	trend_dtrader XTIUSD,H1: Alert: Please check your internet connection
0	08:05:53.982	trend_dtrader XTIUSD,H1: Alert: Please check your internet connection
2	08:06:26.300	trend_dtrader XTIUSD,H1: open #469846472 buy 0.40 SOLUSD at 178.96 sl: 166.90 tp: 198.43 ok
0	08:06:26.300	trend_dtrader XTIUSD,H1: Alert: SOLUSD Ordered Successfully
0	08:10:25.464	trend_dtrader XTIUSD,H1: Alert: Please check your internet connection
0	08:10:25.978	trend_dtrader XTIUSD,H1: Alert: Please check your internet connection
0	08:10:26.978	trend_dtrader XTIUSD,H1: Alert: Please check your internet connection
0	08:19:31.972	trend_dtrader XTIUSD,H1: Alert: Please check your internet connection
0	08:19:32.972	trend_dtrader XTIUSD,H1: Alert: Please check your internet connection
0	08:19:33.970	trend_dtrader XTIUSD,H1: Alert: Please check your internet connection
0	08:19:34.967	trend_dtrader XTIUSD,H1: Alert: Please check your internet connection
0	08:19:35.966	trend_dtrader XTIUSD,H1: Alert: Please check your internet connection
0	08:19:36.962	trend_dtrader XTIUSD,H1: Alert: Please check your internet connection
0	08:19:37.963	trend_dtrader XTIUSD,H1: Alert: Please check your internet connection
0	08:19:38.960	trend_dtrader XTIUSD,H1: Alert: Please check your internet connection
0	08:42:29.272	trend_dtrader XTIUSD,H1: Alert: Please check your internet connection
0	08:42:29.882	trend_dtrader XTIUSD,H1: Alert: Please check your internet connection
0	08:42:30.881	trend_dtrader XTIUSD,H1: Alert: Please check your internet connection
0	08:59:23.571	trend_dtrader XTIUSD,H1: Alert: Please check your internet connection
0	08:59:23.859	trend_dtrader XTIUSD,H1: Alert: Please check your internet connection
0	08:59:24.970	trend_dtrader XTIUSD,H1: Alert: Please check your internet connection
0	09:00:09.272	trend_dtrader XTIUSD,H1: Alert: Failed DOGEUSD
0	09:05:55.096	trend_dtrader XTIUSD,H1: Alert: Failed DOGEUSD
2	09:05:55.497	trend_dtrader XTIUSD,H1: modify #469542211 sell 0.20 NZDUSD at 0.61445 sl: 0.60971 tp: 0.60540 ok
0	09:05:55.497	trend_dtrader XTIUSD,H1: Alert: NZDUSD has been assigned a breakeven 0.60971
2	09:05:58.146	trend_dtrader XTIUSD,H1: open #469853827 sell 0.40 EURUSD at 1.08789 sl: 1.09272 tp: 1.07073 ok
0	09:05:58.146	trend_dtrader XTIUSD,H1: Alert: EURUSD Ordered Successfully
0	09:06:46.903	trend_dtrader XTIUSD,H1: Alert: Please check your internet connection
0	09:06:52.005	trend_dtrader XTIUSD,H1: Alert: Failed DOGEUSD
0	09:15:56.826	trend_dtrader XTIUSD,H1: Alert: Please check your internet connection
0	09:16:19.625	trend_dtrader XTIUSD,H1: Alert: Failed DOGEUSD
0	09:18:10.771	trend_dtrader XTIUSD,H1: Alert: Please check your internet connection
0	09:18:10.795	trend_dtrader XTIUSD,H1: Alert: Please check your internet connection
0	09:18:11.796	trend_dtrader XTIUSD,H1: Alert: Please check your internet connection
0	09:18:41.109	trend_dtrader XTIUSD,H1: Alert: Failed DOGEUSD
0	09:19:24.127	trend_dtrader XTIUSD,H1: Alert: Failed DOGEUSD
0	09:20:07.340	trend_dtrader XTIUSD,H1: Alert: Failed DOGEUSD
0	09:20:50.089	trend_dtrader XTIUSD,H1: Alert: Failed DOGEUSD
0	09:21:32.993	trend_dtrader XTIUSD,H1: Alert: Failed DOGEUSD
0	09:22:16.050	trend_dtrader XTIUSD,H1: Alert: Failed DOGEUSD
0	09:22:59.048	trend_dtrader XTIUSD,H1: Alert: Failed DOGEUSD
0	09:23:41.975	trend_dtrader XTIUSD,H1: Alert: Failed DOGEUSD
0	09:24:24.992	trend_dtrader XTIUSD,H1: Alert: Failed DOGEUSD
0	09:25:08.026	trend_dtrader XTIUSD,H1: Alert: Failed DOGEUSD
0	09:25:51.037	trend_dtrader XTIUSD,H1: Alert: Failed DOGEUSD
0	09:26:34.042	trend_dtrader XTIUSD,H1: Alert: Failed DOGEUSD
0	09:27:17.048	trend_dtrader XTIUSD,H1: Alert: Failed DOGEUSD
0	09:28:00.310	trend_dtrader XTIUSD,H1: Alert: Failed DOGEUSD
0	09:28:43.026	trend_dtrader XTIUSD,H1: Alert: Failed DOGEUSD
0	09:29:26.060	trend_dtrader XTIUSD,H1: Alert: Failed DOGEUSD
0	09:30:09.034	trend_dtrader XTIUSD,H1: Alert: Failed DOGEUSD
0	09:30:51.992	trend_dtrader XTIUSD,H1: Alert: Failed DOGEUSD
0	09:31:35.046	trend_dtrader XTIUSD,H1: Alert: Failed DOGEUSD
0	09:32:18.125	trend_dtrader XTIUSD,H1: Alert: Failed DOGEUSD
0	09:33:01.017	trend_dtrader XTIUSD,H1: Alert: Failed DOGEUSD
0	09:33:44.042	trend_dtrader XTIUSD,H1: Alert: Failed DOGEUSD
0	09:34:27.030	trend_dtrader XTIUSD,H1: Alert: Failed DOGEUSD
0	09:35:10.028	trend_dtrader XTIUSD,H1: Alert: Failed DOGEUSD
0	09:35:53.014	trend_dtrader XTIUSD,H1: Alert: Failed DOGEUSD
0	09:36:36.017	trend_dtrader XTIUSD,H1: Alert: Failed DOGEUSD
0	09:37:19.049	trend_dtrader XTIUSD,H1: Alert: Failed DOGEUSD
0	09:38:02.030	trend_dtrader XTIUSD,H1: Alert: Failed DOGEUSD
0	09:38:45.014	trend_dtrader XTIUSD,H1: Alert: Failed DOGEUSD
0	09:39:28.025	trend_dtrader XTIUSD,H1: Alert: Failed DOGEUSD
0	09:40:11.050	trend_dtrader XTIUSD,H1: Alert: Failed DOGEUSD
0	09:40:54.039	trend_dtrader XTIUSD,H1: Alert: Failed DOGEUSD
0	09:41:37.335	trend_dtrader XTIUSD,H1: Alert: Failed DOGEUSD
0	09:42:20.054	trend_dtrader XTIUSD,H1: Alert: Failed DOGEUSD
0	09:43:03.145	trend_dtrader XTIUSD,H1: Alert: Failed DOGEUSD
0	09:43:46.041	trend_dtrader XTIUSD,H1: Alert: Failed DOGEUSD
0	09:43:50.821	trend_dtrader XTIUSD,H1: Failed modifying FILUSD
0	09:43:51.772	trend_dtrader XTIUSD,H1: Failed modifying FTMUSD
0	09:43:52.837	trend_dtrader XTIUSD,H1: Failed modifying GBPUSD
0	09:43:53.771	trend_dtrader XTIUSD,H1: Failed modifying GRTUSD
0	09:43:54.771	trend_dtrader XTIUSD,H1: Failed modifying ICPUSD
0	09:43:56.009	trend_dtrader XTIUSD,H1: Failed modifying IOTAUSD
0	09:43:56.771	trend_dtrader XTIUSD,H1: Failed modifying LINKUSD
0	09:44:00.770	trend_dtrader XTIUSD,H1: Failed modifying MATICUSD
0	09:44:01.778	trend_dtrader XTIUSD,H1: Failed modifying NEARUSD
0	09:44:02.771	trend_dtrader XTIUSD,H1: Failed modifying NZDUSD
0	09:44:04.773	trend_dtrader XTIUSD,H1: Failed modifying TRXUSD
0	09:44:06.108	trend_dtrader XTIUSD,H1: Failed modifying UNIUSD
0	09:44:06.928	trend_dtrader XTIUSD,H1: Failed modifying USDCAD
0	09:44:07.903	trend_dtrader XTIUSD,H1: Failed modifying USDCHF
0	09:44:08.772	trend_dtrader XTIUSD,H1: Failed modifying USDJPY
0	09:44:09.770	trend_dtrader XTIUSD,H1: Failed modifying USDMXN
0	09:44:10.773	trend_dtrader XTIUSD,H1: Failed modifying USDZAR
0	09:44:11.774	trend_dtrader XTIUSD,H1: Failed modifying XAGUSD
0	09:44:12.771	trend_dtrader XTIUSD,H1: Failed modifying XAUUSD
0	09:44:13.775	trend_dtrader XTIUSD,H1: Failed modifying XBRUSD
0	09:44:14.769	trend_dtrader XTIUSD,H1: Failed modifying XNGUSD
0	09:44:15.770	trend_dtrader XTIUSD,H1: Failed modifying XRPUSD
0	09:44:16.856	trend_dtrader XTIUSD,H1: Failed modifying XTIUSD
0	09:44:17.771	trend_dtrader XTIUSD,H1: Failed modifying AAVEUSD
0	09:44:18.799	trend_dtrader XTIUSD,H1: Failed modifying ADAUSD
0	09:44:19.773	trend_dtrader XTIUSD,H1: Failed modifying ALGOUSD
0	09:44:20.841	trend_dtrader XTIUSD,H1: Failed modifying ATOMUSD
0	09:44:22.091	trend_dtrader XTIUSD,H1: Failed modifying AUDUSD
0	09:44:22.770	trend_dtrader XTIUSD,H1: Failed modifying AVAXUSD
0	09:44:23.996	trend_dtrader XTIUSD,H1: Failed modifying AXSUSD
0	09:44:24.776	trend_dtrader XTIUSD,H1: Failed modifying BCHUSD
0	09:44:25.770	trend_dtrader XTIUSD,H1: Failed modifying BNBUSD
0	09:44:26.770	trend_dtrader XTIUSD,H1: Failed modifying BTCUSD
0	09:44:27.769	trend_dtrader XTIUSD,H1: Failed modifying DASHUSD
0	09:44:28.981	trend_dtrader XTIUSD,H1: Alert: Failed DOGEUSD
0	09:44:28.981	trend_dtrader XTIUSD,H1: Failed modifying DOGEUSD
0	09:44:29.907	trend_dtrader XTIUSD,H1: Failed modifying DOTUSD
0	09:44:30.772	trend_dtrader XTIUSD,H1: Failed modifying ETCUSD
0	09:44:31.769	trend_dtrader XTIUSD,H1: Failed modifying ETHUSD
0	09:44:33.050	trend_dtrader XTIUSD,H1: Failed modifying EURUSD
0	09:44:33.769	trend_dtrader XTIUSD,H1: Failed modifying FILUSD
0	09:44:34.771	trend_dtrader XTIUSD,H1: Failed modifying FTMUSD
0	09:44:35.981	trend_dtrader XTIUSD,H1: Failed modifying GBPUSD
0	09:44:36.772	trend_dtrader XTIUSD,H1: Failed modifying GRTUSD
0	09:44:38.041	trend_dtrader XTIUSD,H1: Failed modifying ICPUSD
0	09:44:39.275	trend_dtrader XTIUSD,H1: Failed modifying IOTAUSD
0	09:44:39.795	trend_dtrader XTIUSD,H1: Failed modifying LINKUSD
0	09:44:41.057	trend_dtrader XTIUSD,H1: Failed modifying LRCUSD
0	09:44:41.772	trend_dtrader XTIUSD,H1: Failed modifying LTCUSD
0	09:44:42.769	trend_dtrader XTIUSD,H1: Failed modifying MANAUSD
0	09:44:43.909	trend_dtrader XTIUSD,H1: Failed modifying MATICUSD
0	09:44:44.770	trend_dtrader XTIUSD,H1: Failed modifying NEARUSD
0	09:44:45.991	trend_dtrader XTIUSD,H1: Failed modifying NZDUSD
0	09:44:46.798	trend_dtrader XTIUSD,H1: Failed modifying SOLUSD
0	09:44:47.772	trend_dtrader XTIUSD,H1: Failed modifying TRXUSD
0	09:44:48.771	trend_dtrader XTIUSD,H1: Failed modifying UNIUSD
0	09:44:49.790	trend_dtrader XTIUSD,H1: Failed modifying USDCAD
0	09:44:50.769	trend_dtrader XTIUSD,H1: Failed modifying USDCHF
0	09:44:51.823	trend_dtrader XTIUSD,H1: Failed modifying USDJPY
0	09:44:52.798	trend_dtrader XTIUSD,H1: Failed modifying USDMXN
0	09:44:53.773	trend_dtrader XTIUSD,H1: Failed modifying USDZAR
0	09:44:54.775	trend_dtrader XTIUSD,H1: Failed modifying XAGUSD
0	09:44:55.852	trend_dtrader XTIUSD,H1: Failed modifying XAUUSD
0	09:44:56.773	trend_dtrader XTIUSD,H1: Failed modifying XBRUSD
0	09:44:57.770	trend_dtrader XTIUSD,H1: Failed modifying XNGUSD
0	09:44:58.928	trend_dtrader XTIUSD,H1: Failed modifying XRPUSD
0	09:45:00.122	trend_dtrader XTIUSD,H1: Failed modifying XTIUSD
0	09:45:05.234	trend_dtrader XTIUSD,H1: Failed modifying AAVEUSD
0	09:45:07.019	trend_dtrader XTIUSD,H1: Failed modifying ADAUSD
0	09:45:07.831	trend_dtrader XTIUSD,H1: Failed modifying ALGOUSD
0	09:45:08.771	trend_dtrader XTIUSD,H1: Failed modifying ATOMUSD
0	09:45:09.773	trend_dtrader XTIUSD,H1: Failed modifying AUDUSD
0	09:45:11.130	trend_dtrader XTIUSD,H1: Failed modifying AVAXUSD
0	09:45:11.817	trend_dtrader XTIUSD,H1: Failed modifying AXSUSD
0	09:45:13.216	trend_dtrader XTIUSD,H1: Failed modifying BCHUSD
0	09:45:13.770	trend_dtrader XTIUSD,H1: Failed modifying BNBUSD
0	09:45:15.201	trend_dtrader XTIUSD,H1: Failed modifying BTCUSD
0	09:45:15.779	trend_dtrader XTIUSD,H1: Failed modifying DASHUSD
0	09:45:17.016	trend_dtrader XTIUSD,H1: Alert: Failed DOGEUSD
0	09:45:17.016	trend_dtrader XTIUSD,H1: Failed modifying DOGEUSD
0	09:45:17.770	trend_dtrader XTIUSD,H1: Failed modifying DOTUSD
0	09:45:18.842	trend_dtrader XTIUSD,H1: Failed modifying ETCUSD
0	09:45:19.894	trend_dtrader XTIUSD,H1: Failed modifying ETHUSD
0	09:45:20.770	trend_dtrader XTIUSD,H1: Failed modifying EURUSD
0	09:45:21.825	trend_dtrader XTIUSD,H1: Failed modifying FILUSD
0	09:45:22.770	trend_dtrader XTIUSD,H1: Failed modifying FTMUSD
0	09:45:23.771	trend_dtrader XTIUSD,H1: Failed modifying GBPUSD
0	09:45:24.782	trend_dtrader XTIUSD,H1: Failed modifying GRTUSD
0	09:45:25.780	trend_dtrader XTIUSD,H1: Failed modifying ICPUSD
0	09:45:27.199	trend_dtrader XTIUSD,H1: Failed modifying IOTAUSD
0	09:45:28.068	trend_dtrader XTIUSD,H1: Failed modifying LINKUSD
0	09:45:29.005	trend_dtrader XTIUSD,H1: Failed modifying LRCUSD
0	09:45:29.812	trend_dtrader XTIUSD,H1: Failed modifying LTCUSD
0	09:45:30.769	trend_dtrader XTIUSD,H1: Failed modifying MANAUSD
0	09:45:31.769	trend_dtrader XTIUSD,H1: Failed modifying MATICUSD
0	09:45:32.771	trend_dtrader XTIUSD,H1: Failed modifying NEARUSD
0	09:45:33.813	trend_dtrader XTIUSD,H1: Failed modifying NZDUSD
0	09:45:34.773	trend_dtrader XTIUSD,H1: Failed modifying SOLUSD
0	09:45:35.771	trend_dtrader XTIUSD,H1: Failed modifying TRXUSD
0	09:45:37.260	trend_dtrader XTIUSD,H1: Failed modifying UNIUSD
0	09:45:38.131	trend_dtrader XTIUSD,H1: Failed modifying USDCAD
0	09:45:38.848	trend_dtrader XTIUSD,H1: Failed modifying USDCHF
0	09:45:39.888	trend_dtrader XTIUSD,H1: Failed modifying USDJPY
0	09:45:41.130	trend_dtrader XTIUSD,H1: Failed modifying USDMXN
0	09:45:41.771	trend_dtrader XTIUSD,H1: Failed modifying USDZAR
0	09:45:43.047	trend_dtrader XTIUSD,H1: Failed modifying XAGUSD
0	09:45:43.772	trend_dtrader XTIUSD,H1: Failed modifying XAUUSD
0	09:45:44.848	trend_dtrader XTIUSD,H1: Failed modifying XBRUSD
0	09:45:45.831	trend_dtrader XTIUSD,H1: Failed modifying XNGUSD
0	09:45:46.782	trend_dtrader XTIUSD,H1: Failed modifying XRPUSD
0	09:45:47.839	trend_dtrader XTIUSD,H1: Failed modifying XTIUSD
0	09:46:00.011	trend_dtrader XTIUSD,H1: Alert: Failed DOGEUSD
0	09:46:01.996	trend_dtrader XTIUSD,H1: Failed modifying ETCUSD
0	09:46:02.776	trend_dtrader XTIUSD,H1: Failed modifying ETHUSD
0	09:46:03.768	trend_dtrader XTIUSD,H1: Failed modifying EURUSD
0	09:46:04.772	trend_dtrader XTIUSD,H1: Failed modifying FILUSD
0	09:46:05.855	trend_dtrader XTIUSD,H1: Failed modifying FTMUSD
0	09:46:06.767	trend_dtrader XTIUSD,H1: Failed modifying GBPUSD
0	09:46:07.767	trend_dtrader XTIUSD,H1: Failed modifying GRTUSD
0	09:46:42.975	trend_dtrader XTIUSD,H1: Alert: Failed DOGEUSD
0	09:47:26.028	trend_dtrader XTIUSD,H1: Alert: Failed DOGEUSD
0	09:48:09.092	trend_dtrader XTIUSD,H1: Alert: Failed DOGEUSD
0	09:48:52.388	trend_dtrader XTIUSD,H1: Alert: Failed DOGEUSD
0	09:49:35.031	trend_dtrader XTIUSD,H1: Alert: Failed DOGEUSD
0	09:50:18.256	trend_dtrader XTIUSD,H1: Alert: Failed DOGEUSD
0	09:51:02.049	trend_dtrader XTIUSD,H1: Alert: Failed DOGEUSD
0	09:51:46.011	trend_dtrader XTIUSD,H1: Alert: Failed DOGEUSD
2	09:52:06.388	trend_dtrader XTIUSD,H1: modify #469836723 sell 0.40 UNIUSD at 12.928 sl: 12.766 tp: 7.421 ok
0	09:52:06.388	trend_dtrader XTIUSD,H1: Alert: UNIUSD has been assigned a breakeven 12.766
0	09:52:29.025	trend_dtrader XTIUSD,H1: Alert: Failed DOGEUSD
0	09:53:13.825	trend_dtrader XTIUSD,H1: Alert: Failed DOGEUSD
0	09:53:57.763	trend_dtrader XTIUSD,H1: Alert: Failed DOGEUSD
0	09:54:43.262	trend_dtrader XTIUSD,H1: Alert: Failed DOGEUSD
0	09:55:28.165	trend_dtrader XTIUSD,H1: Alert: Failed DOGEUSD
0	09:56:12.182	trend_dtrader XTIUSD,H1: Alert: Failed DOGEUSD
0	09:56:56.817	trend_dtrader XTIUSD,H1: Alert: Failed DOGEUSD
0	09:57:39.831	trend_dtrader XTIUSD,H1: Alert: Failed DOGEUSD
0	09:58:24.899	trend_dtrader XTIUSD,H1: Alert: Failed DOGEUSD
0	09:59:08.968	trend_dtrader XTIUSD,H1: Alert: Failed DOGEUSD
0	09:59:52.949	trend_dtrader XTIUSD,H1: Alert: Failed DOGEUSD
0	10:00:40.202	trend_dtrader XTIUSD,H1: Alert: Failed DOGEUSD
0	10:01:23.392	trend_dtrader XTIUSD,H1: Alert: Failed DOGEUSD
2	10:02:05.928	trend_dtrader XTIUSD,H1: open #469859426 sell 0.40 DOGEUSD at 0.16009 sl: 0.18867 tp: 0.07797 ok
0	10:02:05.928	trend_dtrader XTIUSD,H1: Alert: DOGEUSD Ordered Successfully
0	10:02:11.038	trend_dtrader XTIUSD,H1: Failed modifying FILUSD
0	10:02:11.747	trend_dtrader XTIUSD,H1: Failed modifying FTMUSD
0	10:02:12.773	trend_dtrader XTIUSD,H1: Failed modifying GBPUSD
0	10:02:13.965	trend_dtrader XTIUSD,H1: Failed modifying GRTUSD
0	10:02:14.734	trend_dtrader XTIUSD,H1: Failed modifying ICPUSD
0	10:02:15.703	trend_dtrader XTIUSD,H1: Failed modifying IOTAUSD
0	10:02:16.783	trend_dtrader XTIUSD,H1: Failed modifying LINKUSD
0	10:02:17.705	trend_dtrader XTIUSD,H1: Failed modifying LRCUSD
2	10:05:44.534	trend_dtrader XTIUSD,H1: modify #469859426 sell 0.40 DOGEUSD at 0.16009 sl: 0.15950 tp: 0.07797 ok
0	10:05:44.535	trend_dtrader XTIUSD,H1: Alert: DOGEUSD has been assigned a breakeven 0.159495
0	10:26:00.021	trend_dtrader XTIUSD,H1: Alert: Failed DOGEUSD
0	10:26:43.844	trend_dtrader XTIUSD,H1: Alert: Failed DOGEUSD
0	10:27:31.905	trend_dtrader XTIUSD,H1: Alert: Failed DOGEUSD
0	10:28:22.917	trend_dtrader XTIUSD,H1: Alert: Failed DOGEUSD
0	10:29:06.934	trend_dtrader XTIUSD,H1: Alert: Failed DOGEUSD
0	10:29:53.943	trend_dtrader XTIUSD,H1: Alert: Failed DOGEUSD
0	10:30:52.898	trend_dtrader XTIUSD,H1: Alert: Failed DOGEUSD
0	10:31:41.250	trend_dtrader XTIUSD,H1: Alert: Failed DOGEUSD
0	10:32:26.029	trend_dtrader XTIUSD,H1: Alert: Failed DOGEUSD
2	10:33:09.304	trend_dtrader XTIUSD,H1: open #469862276 sell 0.40 DOGEUSD at 0.15741 sl: 0.18653 tp: 0.07797 ok
0	10:33:09.304	trend_dtrader XTIUSD,H1: Alert: DOGEUSD Ordered Successfully
0	10:34:14.152	trend_dtrader XTIUSD,H1: Failed modifying LINKUSD
0	10:34:15.003	trend_dtrader XTIUSD,H1: Failed modifying LRCUSD
0	10:34:16.116	trend_dtrader XTIUSD,H1: Failed modifying LTCUSD
0	10:34:16.672	trend_dtrader XTIUSD,H1: Failed modifying MANAUSD
0	10:34:18.866	trend_dtrader XTIUSD,H1: Failed modifying MATICUSD
0	10:34:19.672	trend_dtrader XTIUSD,H1: Failed modifying NEARUSD
0	10:34:22.316	trend_dtrader XTIUSD,H1: Failed modifying NZDUSD
0	10:34:22.671	trend_dtrader XTIUSD,H1: Failed modifying SOLUSD
0	10:34:23.675	trend_dtrader XTIUSD,H1: Failed modifying TRXUSD
0	10:34:24.685	trend_dtrader XTIUSD,H1: Failed modifying UNIUSD
0	10:34:25.696	trend_dtrader XTIUSD,H1: Failed modifying USDCAD
0	10:34:26.672	trend_dtrader XTIUSD,H1: Failed modifying USDCHF
0	10:34:27.821	trend_dtrader XTIUSD,H1: Failed modifying USDJPY
0	10:34:29.150	trend_dtrader XTIUSD,H1: Failed modifying USDMXN
0	10:34:29.845	trend_dtrader XTIUSD,H1: Failed modifying USDZAR
0	10:34:30.695	trend_dtrader XTIUSD,H1: Failed modifying XAGUSD
0	10:34:32.493	trend_dtrader XTIUSD,H1: Failed modifying XAUUSD
0	10:34:32.955	trend_dtrader XTIUSD,H1: Failed modifying XBRUSD
0	10:34:33.667	trend_dtrader XTIUSD,H1: Failed modifying XNGUSD
0	10:34:37.692	trend_dtrader XTIUSD,H1: Failed modifying XTIUSD
0	10:34:38.671	trend_dtrader XTIUSD,H1: Failed modifying AAVEUSD
0	10:34:40.653	trend_dtrader XTIUSD,H1: Failed modifying ADAUSD
0	10:34:40.683	trend_dtrader XTIUSD,H1: Failed modifying ALGOUSD
0	10:34:42.453	trend_dtrader XTIUSD,H1: Failed modifying ATOMUSD
0	10:34:51.043	trend_dtrader XTIUSD,H1: Failed modifying AUDUSD
0	10:34:51.791	trend_dtrader XTIUSD,H1: Failed modifying AVAXUSD
0	10:34:52.685	trend_dtrader XTIUSD,H1: Failed modifying AXSUSD
0	10:34:53.722	trend_dtrader XTIUSD,H1: Failed modifying BCHUSD
0	10:34:55.131	trend_dtrader XTIUSD,H1: Failed modifying BNBUSD
0	10:34:55.736	trend_dtrader XTIUSD,H1: Failed modifying BTCUSD
0	10:34:56.703	trend_dtrader XTIUSD,H1: Failed modifying DASHUSD
0	10:34:57.673	trend_dtrader XTIUSD,H1: Failed modifying DOGEUSD
0	10:34:58.668	trend_dtrader XTIUSD,H1: Failed modifying DOTUSD
0	10:35:00.132	trend_dtrader XTIUSD,H1: Failed modifying ETCUSD
0	10:35:00.782	trend_dtrader XTIUSD,H1: Failed modifying ETHUSD
0	10:35:01.921	trend_dtrader XTIUSD,H1: Failed modifying EURUSD
0	10:35:02.669	trend_dtrader XTIUSD,H1: Failed modifying FILUSD
0	10:35:03.670	trend_dtrader XTIUSD,H1: Failed modifying FTMUSD
0	10:35:04.674	trend_dtrader XTIUSD,H1: Failed modifying GBPUSD
0	10:35:06.676	trend_dtrader XTIUSD,H1: Failed modifying GRTUSD
0	10:35:06.716	trend_dtrader XTIUSD,H1: Failed modifying ICPUSD
0	10:35:07.902	trend_dtrader XTIUSD,H1: Failed modifying IOTAUSD
0	10:35:08.821	trend_dtrader XTIUSD,H1: Failed modifying LINKUSD
0	10:35:09.897	trend_dtrader XTIUSD,H1: Failed modifying LRCUSD
0	10:35:10.683	trend_dtrader XTIUSD,H1: Failed modifying LTCUSD
0	10:37:19.690	trend_dtrader XTIUSD,H1: Alert: Failed UNIUSD
0	10:38:06.683	trend_dtrader XTIUSD,H1: Alert: Failed UNIUSD
0	10:38:49.669	trend_dtrader XTIUSD,H1: Alert: Failed UNIUSD
0	10:39:32.668	trend_dtrader XTIUSD,H1: Alert: Failed UNIUSD
0	10:40:15.666	trend_dtrader XTIUSD,H1: Alert: Failed UNIUSD
0	10:40:59.263	trend_dtrader XTIUSD,H1: Alert: Failed UNIUSD
0	10:41:41.697	trend_dtrader XTIUSD,H1: Alert: Failed UNIUSD
0	10:42:24.678	trend_dtrader XTIUSD,H1: Alert: Failed UNIUSD
0	10:43:09.148	trend_dtrader XTIUSD,H1: Alert: Failed UNIUSD
0	10:43:51.662	trend_dtrader XTIUSD,H1: Alert: Failed UNIUSD
0	10:44:34.671	trend_dtrader XTIUSD,H1: Alert: Failed UNIUSD
0	10:45:18.924	trend_dtrader XTIUSD,H1: Alert: Failed UNIUSD
0	10:46:01.939	trend_dtrader XTIUSD,H1: Alert: Failed UNIUSD
0	10:46:44.662	trend_dtrader XTIUSD,H1: Alert: Failed UNIUSD
0	10:47:27.528	trend_dtrader XTIUSD,H1: Alert: Failed UNIUSD
0	10:48:10.526	trend_dtrader XTIUSD,H1: Alert: Failed UNIUSD
0	10:48:53.708	trend_dtrader XTIUSD,H1: Alert: Failed UNIUSD
0	10:49:36.965	trend_dtrader XTIUSD,H1: Alert: Failed UNIUSD
0	10:50:19.526	trend_dtrader XTIUSD,H1: Alert: Failed UNIUSD
0	10:51:02.665	trend_dtrader XTIUSD,H1: Alert: Failed UNIUSD
0	10:51:45.542	trend_dtrader XTIUSD,H1: Alert: Failed UNIUSD
0	10:52:28.658	trend_dtrader XTIUSD,H1: Alert: Failed UNIUSD
0	10:53:11.510	trend_dtrader XTIUSD,H1: Alert: Failed UNIUSD
0	10:53:32.634	trend_dtrader XTIUSD,H1: Failed modifying BTCUSD
0	10:53:33.631	trend_dtrader XTIUSD,H1: Failed modifying DASHUSD
0	10:53:34.684	trend_dtrader XTIUSD,H1: Failed modifying DOGEUSD
0	10:53:35.949	trend_dtrader XTIUSD,H1: Failed modifying DOTUSD
0	10:53:36.605	trend_dtrader XTIUSD,H1: Failed modifying ETCUSD
0	10:53:37.604	trend_dtrader XTIUSD,H1: Failed modifying ETHUSD
0	10:53:38.694	trend_dtrader XTIUSD,H1: Failed modifying EURUSD
0	10:53:39.505	trend_dtrader XTIUSD,H1: Failed modifying FILUSD
0	10:53:40.522	trend_dtrader XTIUSD,H1: Failed modifying FTMUSD
0	10:53:42.274	trend_dtrader XTIUSD,H1: Failed modifying GBPUSD
0	10:53:42.506	trend_dtrader XTIUSD,H1: Failed modifying GRTUSD
0	10:53:43.542	trend_dtrader XTIUSD,H1: Failed modifying ICPUSD
0	10:53:44.756	trend_dtrader XTIUSD,H1: Failed modifying IOTAUSD
0	10:53:45.508	trend_dtrader XTIUSD,H1: Failed modifying LINKUSD
0	10:53:47.516	trend_dtrader XTIUSD,H1: Failed modifying LRCUSD
0	10:53:48.507	trend_dtrader XTIUSD,H1: Failed modifying LTCUSD
0	10:53:49.503	trend_dtrader XTIUSD,H1: Failed modifying MANAUSD
0	10:53:50.629	trend_dtrader XTIUSD,H1: Failed modifying MATICUSD
0	10:53:51.941	trend_dtrader XTIUSD,H1: Failed modifying NEARUSD
0	10:53:52.503	trend_dtrader XTIUSD,H1: Failed modifying NZDUSD
0	10:53:53.506	trend_dtrader XTIUSD,H1: Failed modifying SOLUSD
0	10:53:54.506	trend_dtrader XTIUSD,H1: Failed modifying TRXUSD
0	10:53:55.508	trend_dtrader XTIUSD,H1: Alert: Failed UNIUSD
0	10:53:55.508	trend_dtrader XTIUSD,H1: Failed modifying UNIUSD
0	10:53:56.503	trend_dtrader XTIUSD,H1: Failed modifying USDCAD
0	10:53:57.503	trend_dtrader XTIUSD,H1: Failed modifying USDCHF
0	10:53:58.504	trend_dtrader XTIUSD,H1: Failed modifying USDJPY
0	10:53:59.504	trend_dtrader XTIUSD,H1: Failed modifying USDMXN
0	10:54:00.529	trend_dtrader XTIUSD,H1: Failed modifying USDZAR
0	10:54:01.851	trend_dtrader XTIUSD,H1: Failed modifying XAGUSD
0	10:54:02.512	trend_dtrader XTIUSD,H1: Failed modifying XAUUSD
0	10:54:03.507	trend_dtrader XTIUSD,H1: Failed modifying XBRUSD
0	10:54:04.503	trend_dtrader XTIUSD,H1: Failed modifying XNGUSD
0	10:54:05.503	trend_dtrader XTIUSD,H1: Failed modifying XRPUSD
0	10:54:06.530	trend_dtrader XTIUSD,H1: Failed modifying XTIUSD
0	10:54:07.503	trend_dtrader XTIUSD,H1: Failed modifying AAVEUSD
0	10:54:08.502	trend_dtrader XTIUSD,H1: Failed modifying ADAUSD
0	10:54:09.511	trend_dtrader XTIUSD,H1: Failed modifying ALGOUSD
0	10:54:10.573	trend_dtrader XTIUSD,H1: Failed modifying ATOMUSD
0	10:54:11.590	trend_dtrader XTIUSD,H1: Failed modifying AUDUSD
0	10:54:12.501	trend_dtrader XTIUSD,H1: Failed modifying AVAXUSD
0	10:54:13.503	trend_dtrader XTIUSD,H1: Failed modifying AXSUSD
0	10:54:14.505	trend_dtrader XTIUSD,H1: Failed modifying BCHUSD
0	10:54:15.620	trend_dtrader XTIUSD,H1: Failed modifying BNBUSD
0	10:54:16.545	trend_dtrader XTIUSD,H1: Failed modifying BTCUSD
0	10:54:17.501	trend_dtrader XTIUSD,H1: Failed modifying DASHUSD
0	10:54:18.741	trend_dtrader XTIUSD,H1: Failed modifying DOGEUSD
0	10:54:19.505	trend_dtrader XTIUSD,H1: Failed modifying DOTUSD
0	10:54:20.505	trend_dtrader XTIUSD,H1: Failed modifying ETCUSD
0	10:54:21.500	trend_dtrader XTIUSD,H1: Failed modifying ETHUSD
0	10:54:22.513	trend_dtrader XTIUSD,H1: Failed modifying EURUSD
0	10:54:23.501	trend_dtrader XTIUSD,H1: Failed modifying FILUSD
0	10:54:24.502	trend_dtrader XTIUSD,H1: Failed modifying FTMUSD
0	10:54:25.701	trend_dtrader XTIUSD,H1: Failed modifying GBPUSD
0	10:54:26.503	trend_dtrader XTIUSD,H1: Failed modifying GRTUSD
0	10:54:27.504	trend_dtrader XTIUSD,H1: Failed modifying ICPUSD
0	10:54:28.501	trend_dtrader XTIUSD,H1: Failed modifying IOTAUSD
0	10:54:29.555	trend_dtrader XTIUSD,H1: Failed modifying LINKUSD
0	10:54:30.549	trend_dtrader XTIUSD,H1: Failed modifying LRCUSD
0	10:54:31.504	trend_dtrader XTIUSD,H1: Failed modifying LTCUSD
0	10:54:32.501	trend_dtrader XTIUSD,H1: Failed modifying MANAUSD
0	10:54:33.502	trend_dtrader XTIUSD,H1: Failed modifying MATICUSD
0	10:54:34.513	trend_dtrader XTIUSD,H1: Failed modifying NEARUSD
0	10:54:35.501	trend_dtrader XTIUSD,H1: Failed modifying NZDUSD
0	10:54:36.501	trend_dtrader XTIUSD,H1: Failed modifying SOLUSD
0	10:54:37.503	trend_dtrader XTIUSD,H1: Failed modifying TRXUSD
0	10:54:38.504	trend_dtrader XTIUSD,H1: Alert: Failed UNIUSD
0	10:54:38.504	trend_dtrader XTIUSD,H1: Failed modifying UNIUSD
0	10:54:39.548	trend_dtrader XTIUSD,H1: Failed modifying USDCAD
0	10:54:40.504	trend_dtrader XTIUSD,H1: Failed modifying USDCHF
0	10:54:41.506	trend_dtrader XTIUSD,H1: Failed modifying USDJPY
0	10:54:42.501	trend_dtrader XTIUSD,H1: Failed modifying USDMXN
0	10:54:43.506	trend_dtrader XTIUSD,H1: Failed modifying USDZAR
0	10:54:44.509	trend_dtrader XTIUSD,H1: Failed modifying XAGUSD
0	10:54:45.506	trend_dtrader XTIUSD,H1: Failed modifying XAUUSD
0	10:54:46.506	trend_dtrader XTIUSD,H1: Failed modifying XBRUSD
0	10:54:47.502	trend_dtrader XTIUSD,H1: Failed modifying XNGUSD
0	10:54:48.500	trend_dtrader XTIUSD,H1: Failed modifying XRPUSD
0	10:54:49.500	trend_dtrader XTIUSD,H1: Failed modifying XTIUSD
0	10:54:50.518	trend_dtrader XTIUSD,H1: Failed modifying AAVEUSD
0	10:54:51.500	trend_dtrader XTIUSD,H1: Failed modifying ADAUSD
0	10:54:52.501	trend_dtrader XTIUSD,H1: Failed modifying ALGOUSD
0	10:54:53.503	trend_dtrader XTIUSD,H1: Failed modifying ATOMUSD
0	10:54:54.503	trend_dtrader XTIUSD,H1: Failed modifying AUDUSD
0	10:54:55.520	trend_dtrader XTIUSD,H1: Failed modifying AVAXUSD
0	10:54:56.500	trend_dtrader XTIUSD,H1: Failed modifying AXSUSD
0	10:54:57.573	trend_dtrader XTIUSD,H1: Failed modifying BCHUSD
0	10:54:58.501	trend_dtrader XTIUSD,H1: Failed modifying BNBUSD
0	10:55:00.199	trend_dtrader XTIUSD,H1: Failed modifying BTCUSD
0	10:55:00.508	trend_dtrader XTIUSD,H1: Failed modifying DASHUSD
0	10:55:01.503	trend_dtrader XTIUSD,H1: Failed modifying DOGEUSD
0	10:55:02.539	trend_dtrader XTIUSD,H1: Failed modifying DOTUSD
0	10:55:03.507	trend_dtrader XTIUSD,H1: Failed modifying ETCUSD
0	10:55:04.762	trend_dtrader XTIUSD,H1: Failed modifying ETHUSD
0	10:55:05.499	trend_dtrader XTIUSD,H1: Failed modifying EURUSD
0	10:55:06.981	trend_dtrader XTIUSD,H1: Failed modifying FILUSD
0	10:55:07.501	trend_dtrader XTIUSD,H1: Failed modifying FTMUSD
0	10:55:08.501	trend_dtrader XTIUSD,H1: Failed modifying GBPUSD
0	10:55:09.509	trend_dtrader XTIUSD,H1: Failed modifying GRTUSD
0	10:55:10.509	trend_dtrader XTIUSD,H1: Failed modifying ICPUSD
0	10:55:11.686	trend_dtrader XTIUSD,H1: Failed modifying IOTAUSD
0	10:55:12.502	trend_dtrader XTIUSD,H1: Failed modifying LINKUSD
0	10:55:13.696	trend_dtrader XTIUSD,H1: Failed modifying LRCUSD
0	10:55:14.997	trend_dtrader XTIUSD,H1: Failed modifying LTCUSD
0	10:55:15.501	trend_dtrader XTIUSD,H1: Failed modifying MANAUSD
0	10:55:16.500	trend_dtrader XTIUSD,H1: Failed modifying MATICUSD
0	10:55:17.500	trend_dtrader XTIUSD,H1: Failed modifying NEARUSD
0	10:55:18.618	trend_dtrader XTIUSD,H1: Failed modifying NZDUSD
0	10:55:19.500	trend_dtrader XTIUSD,H1: Failed modifying SOLUSD
0	10:55:20.572	trend_dtrader XTIUSD,H1: Failed modifying TRXUSD
0	10:55:21.506	trend_dtrader XTIUSD,H1: Alert: Failed UNIUSD
0	10:55:21.506	trend_dtrader XTIUSD,H1: Failed modifying UNIUSD
0	10:55:22.633	trend_dtrader XTIUSD,H1: Failed modifying USDCAD
0	10:55:23.501	trend_dtrader XTIUSD,H1: Failed modifying USDCHF
0	10:55:24.536	trend_dtrader XTIUSD,H1: Failed modifying USDJPY
0	10:55:25.913	trend_dtrader XTIUSD,H1: Failed modifying USDMXN
0	10:55:26.633	trend_dtrader XTIUSD,H1: Failed modifying USDZAR
0	10:55:27.580	trend_dtrader XTIUSD,H1: Failed modifying XAGUSD
0	10:55:28.536	trend_dtrader XTIUSD,H1: Failed modifying XAUUSD
0	10:55:29.504	trend_dtrader XTIUSD,H1: Failed modifying XBRUSD
0	10:55:30.528	trend_dtrader XTIUSD,H1: Failed modifying XNGUSD
0	10:55:31.500	trend_dtrader XTIUSD,H1: Failed modifying XRPUSD
0	10:55:32.504	trend_dtrader XTIUSD,H1: Failed modifying XTIUSD
0	10:55:33.504	trend_dtrader XTIUSD,H1: Failed modifying AAVEUSD
0	10:55:34.611	trend_dtrader XTIUSD,H1: Failed modifying ADAUSD
0	10:55:35.500	trend_dtrader XTIUSD,H1: Failed modifying ALGOUSD
0	10:55:36.503	trend_dtrader XTIUSD,H1: Failed modifying ATOMUSD
0	10:55:38.188	trend_dtrader XTIUSD,H1: Failed modifying AUDUSD
0	10:55:38.504	trend_dtrader XTIUSD,H1: Failed modifying AVAXUSD
0	10:55:39.528	trend_dtrader XTIUSD,H1: Failed modifying AXSUSD
0	10:55:40.520	trend_dtrader XTIUSD,H1: Failed modifying BCHUSD
0	10:55:41.841	trend_dtrader XTIUSD,H1: Failed modifying BNBUSD
0	10:55:42.750	trend_dtrader XTIUSD,H1: Failed modifying BTCUSD
0	10:55:43.796	trend_dtrader XTIUSD,H1: Failed modifying DASHUSD
0	10:55:44.515	trend_dtrader XTIUSD,H1: Failed modifying DOGEUSD
0	10:55:45.621	trend_dtrader XTIUSD,H1: Failed modifying DOTUSD
0	10:55:46.503	trend_dtrader XTIUSD,H1: Failed modifying ETCUSD
0	10:55:47.570	trend_dtrader XTIUSD,H1: Failed modifying ETHUSD
0	10:55:48.555	trend_dtrader XTIUSD,H1: Failed modifying EURUSD
0	10:55:49.502	trend_dtrader XTIUSD,H1: Failed modifying FILUSD
0	10:55:50.515	trend_dtrader XTIUSD,H1: Failed modifying FTMUSD
0	10:55:51.591	trend_dtrader XTIUSD,H1: Failed modifying GBPUSD
0	10:55:52.508	trend_dtrader XTIUSD,H1: Failed modifying GRTUSD
0	10:55:53.656	trend_dtrader XTIUSD,H1: Failed modifying ICPUSD
0	10:55:54.499	trend_dtrader XTIUSD,H1: Failed modifying IOTAUSD
0	10:55:55.509	trend_dtrader XTIUSD,H1: Failed modifying LINKUSD
0	10:55:56.500	trend_dtrader XTIUSD,H1: Failed modifying LRCUSD
0	10:55:57.504	trend_dtrader XTIUSD,H1: Failed modifying LTCUSD
0	10:55:58.536	trend_dtrader XTIUSD,H1: Failed modifying MANAUSD
0	10:55:59.499	trend_dtrader XTIUSD,H1: Failed modifying MATICUSD
0	10:56:00.758	trend_dtrader XTIUSD,H1: Failed modifying NEARUSD
0	10:56:01.535	trend_dtrader XTIUSD,H1: Failed modifying NZDUSD
0	10:56:02.655	trend_dtrader XTIUSD,H1: Failed modifying SOLUSD
0	10:56:03.504	trend_dtrader XTIUSD,H1: Failed modifying TRXUSD
0	10:56:04.506	trend_dtrader XTIUSD,H1: Alert: Failed UNIUSD
0	10:56:04.506	trend_dtrader XTIUSD,H1: Failed modifying UNIUSD
0	10:56:05.503	trend_dtrader XTIUSD,H1: Failed modifying USDCAD
0	10:56:06.614	trend_dtrader XTIUSD,H1: Failed modifying USDCHF
0	10:56:07.506	trend_dtrader XTIUSD,H1: Failed modifying USDJPY
0	10:56:08.500	trend_dtrader XTIUSD,H1: Failed modifying USDMXN
0	10:56:09.625	trend_dtrader XTIUSD,H1: Failed modifying USDZAR
0	10:56:10.512	trend_dtrader XTIUSD,H1: Failed modifying XAGUSD
0	10:56:11.504	trend_dtrader XTIUSD,H1: Failed modifying XAUUSD
0	10:56:12.538	trend_dtrader XTIUSD,H1: Failed modifying XBRUSD
0	10:56:13.524	trend_dtrader XTIUSD,H1: Failed modifying XNGUSD
0	10:56:14.565	trend_dtrader XTIUSD,H1: Failed modifying XRPUSD
0	10:56:15.741	trend_dtrader XTIUSD,H1: Failed modifying XTIUSD
0	10:56:16.645	trend_dtrader XTIUSD,H1: Failed modifying AAVEUSD
0	10:56:17.498	trend_dtrader XTIUSD,H1: Failed modifying ADAUSD
0	10:56:18.517	trend_dtrader XTIUSD,H1: Failed modifying ALGOUSD
0	10:56:19.502	trend_dtrader XTIUSD,H1: Failed modifying ATOMUSD
0	10:56:21.165	trend_dtrader XTIUSD,H1: Failed modifying AUDUSD
0	10:56:21.499	trend_dtrader XTIUSD,H1: Failed modifying AVAXUSD
0	10:56:22.551	trend_dtrader XTIUSD,H1: Failed modifying AXSUSD
0	10:56:23.509	trend_dtrader XTIUSD,H1: Failed modifying BCHUSD
0	10:56:24.497	trend_dtrader XTIUSD,H1: Failed modifying BNBUSD
0	10:56:25.498	trend_dtrader XTIUSD,H1: Failed modifying BTCUSD
0	10:56:26.537	trend_dtrader XTIUSD,H1: Failed modifying DASHUSD
0	10:56:27.505	trend_dtrader XTIUSD,H1: Failed modifying DOGEUSD
0	10:56:28.497	trend_dtrader XTIUSD,H1: Failed modifying DOTUSD
0	10:56:29.511	trend_dtrader XTIUSD,H1: Failed modifying ETCUSD
0	10:56:30.665	trend_dtrader XTIUSD,H1: Failed modifying ETHUSD
0	10:56:31.563	trend_dtrader XTIUSD,H1: Failed modifying EURUSD
0	10:56:32.540	trend_dtrader XTIUSD,H1: Failed modifying FILUSD
0	10:56:33.546	trend_dtrader XTIUSD,H1: Failed modifying FTMUSD
0	10:56:34.502	trend_dtrader XTIUSD,H1: Failed modifying GBPUSD
0	10:56:35.701	trend_dtrader XTIUSD,H1: Failed modifying GRTUSD
0	10:56:36.501	trend_dtrader XTIUSD,H1: Failed modifying ICPUSD
0	10:56:37.541	trend_dtrader XTIUSD,H1: Failed modifying IOTAUSD
0	10:56:38.543	trend_dtrader XTIUSD,H1: Failed modifying LINKUSD
0	10:56:39.596	trend_dtrader XTIUSD,H1: Failed modifying LRCUSD
0	10:56:40.578	trend_dtrader XTIUSD,H1: Failed modifying LTCUSD
0	10:56:41.498	trend_dtrader XTIUSD,H1: Failed modifying MANAUSD
0	10:56:42.610	trend_dtrader XTIUSD,H1: Failed modifying MATICUSD
0	10:56:43.738	trend_dtrader XTIUSD,H1: Failed modifying NEARUSD
0	10:56:44.498	trend_dtrader XTIUSD,H1: Failed modifying NZDUSD
0	10:56:46.207	trend_dtrader XTIUSD,H1: Failed modifying SOLUSD
0	10:56:46.628	trend_dtrader XTIUSD,H1: Failed modifying TRXUSD
0	10:56:47.779	trend_dtrader XTIUSD,H1: Alert: Failed UNIUSD
0	10:56:47.779	trend_dtrader XTIUSD,H1: Failed modifying UNIUSD
0	10:56:48.498	trend_dtrader XTIUSD,H1: Failed modifying USDCAD
0	10:56:49.509	trend_dtrader XTIUSD,H1: Failed modifying USDCHF
0	10:56:50.498	trend_dtrader XTIUSD,H1: Failed modifying USDJPY
0	10:56:51.496	trend_dtrader XTIUSD,H1: Failed modifying USDMXN
0	10:56:52.734	trend_dtrader XTIUSD,H1: Failed modifying USDZAR
0	10:56:53.504	trend_dtrader XTIUSD,H1: Failed modifying XAGUSD
0	10:56:54.499	trend_dtrader XTIUSD,H1: Failed modifying XAUUSD
0	10:56:55.561	trend_dtrader XTIUSD,H1: Failed modifying XBRUSD
0	10:56:56.499	trend_dtrader XTIUSD,H1: Failed modifying XNGUSD
0	10:56:57.498	trend_dtrader XTIUSD,H1: Failed modifying XRPUSD
0	10:56:58.502	trend_dtrader XTIUSD,H1: Failed modifying XTIUSD
0	10:56:59.496	trend_dtrader XTIUSD,H1: Failed modifying AAVEUSD
0	10:57:00.672	trend_dtrader XTIUSD,H1: Failed modifying ADAUSD
0	10:57:01.495	trend_dtrader XTIUSD,H1: Failed modifying ALGOUSD
0	10:57:02.526	trend_dtrader XTIUSD,H1: Failed modifying ATOMUSD
0	10:57:03.519	trend_dtrader XTIUSD,H1: Failed modifying AUDUSD
0	10:57:04.496	trend_dtrader XTIUSD,H1: Failed modifying AVAXUSD
0	10:57:05.496	trend_dtrader XTIUSD,H1: Failed modifying AXSUSD
0	10:57:07.671	trend_dtrader XTIUSD,H1: Failed modifying BCHUSD
0	10:57:08.499	trend_dtrader XTIUSD,H1: Failed modifying BNBUSD
0	10:57:09.569	trend_dtrader XTIUSD,H1: Failed modifying BTCUSD
0	10:57:10.548	trend_dtrader XTIUSD,H1: Failed modifying DASHUSD
0	10:57:11.499	trend_dtrader XTIUSD,H1: Failed modifying DOGEUSD
0	10:57:12.496	trend_dtrader XTIUSD,H1: Failed modifying DOTUSD
0	10:57:14.373	trend_dtrader XTIUSD,H1: Failed modifying ETCUSD
0	10:57:14.494	trend_dtrader XTIUSD,H1: Failed modifying ETHUSD
0	10:57:15.502	trend_dtrader XTIUSD,H1: Failed modifying EURUSD
0	10:57:16.698	trend_dtrader XTIUSD,H1: Failed modifying FILUSD
0	10:57:17.497	trend_dtrader XTIUSD,H1: Failed modifying FTMUSD
0	10:57:18.499	trend_dtrader XTIUSD,H1: Failed modifying GBPUSD
0	10:57:19.492	trend_dtrader XTIUSD,H1: Failed modifying GRTUSD
0	10:57:20.562	trend_dtrader XTIUSD,H1: Failed modifying ICPUSD
0	10:57:21.494	trend_dtrader XTIUSD,H1: Failed modifying IOTAUSD
0	10:57:22.497	trend_dtrader XTIUSD,H1: Failed modifying LINKUSD
0	10:57:23.568	trend_dtrader XTIUSD,H1: Failed modifying LRCUSD
0	10:57:24.501	trend_dtrader XTIUSD,H1: Failed modifying LTCUSD
0	10:57:25.496	trend_dtrader XTIUSD,H1: Failed modifying MANAUSD
0	10:57:26.571	trend_dtrader XTIUSD,H1: Failed modifying MATICUSD
0	10:57:27.495	trend_dtrader XTIUSD,H1: Failed modifying NEARUSD
0	10:57:28.496	trend_dtrader XTIUSD,H1: Failed modifying NZDUSD
0	10:57:29.637	trend_dtrader XTIUSD,H1: Failed modifying SOLUSD
0	10:57:30.495	trend_dtrader XTIUSD,H1: Failed modifying TRXUSD
0	10:57:31.524	trend_dtrader XTIUSD,H1: Alert: Failed UNIUSD
0	10:57:31.524	trend_dtrader XTIUSD,H1: Failed modifying UNIUSD
0	10:57:32.495	trend_dtrader XTIUSD,H1: Failed modifying USDCAD
0	10:57:33.496	trend_dtrader XTIUSD,H1: Failed modifying USDCHF
0	10:57:34.544	trend_dtrader XTIUSD,H1: Failed modifying USDJPY
0	10:57:35.497	trend_dtrader XTIUSD,H1: Failed modifying USDMXN
0	10:57:36.498	trend_dtrader XTIUSD,H1: Failed modifying USDZAR
0	10:57:37.989	trend_dtrader XTIUSD,H1: Failed modifying XAGUSD
0	10:57:38.502	trend_dtrader XTIUSD,H1: Failed modifying XAUUSD
0	10:57:39.501	trend_dtrader XTIUSD,H1: Failed modifying XBRUSD
0	10:57:40.504	trend_dtrader XTIUSD,H1: Failed modifying XNGUSD
0	10:57:41.496	trend_dtrader XTIUSD,H1: Failed modifying XRPUSD
0	10:57:42.499	trend_dtrader XTIUSD,H1: Failed modifying XTIUSD
0	10:57:43.500	trend_dtrader XTIUSD,H1: Failed modifying AAVEUSD
0	10:57:44.513	trend_dtrader XTIUSD,H1: Failed modifying ADAUSD
0	10:57:46.770	trend_dtrader XTIUSD,H1: Failed modifying ALGOUSD
0	10:57:47.499	trend_dtrader XTIUSD,H1: Failed modifying ATOMUSD
0	10:57:48.499	trend_dtrader XTIUSD,H1: Failed modifying AUDUSD
0	10:57:49.494	trend_dtrader XTIUSD,H1: Failed modifying AVAXUSD
0	10:57:50.551	trend_dtrader XTIUSD,H1: Failed modifying AXSUSD
0	10:57:51.498	trend_dtrader XTIUSD,H1: Failed modifying BCHUSD
0	10:57:52.497	trend_dtrader XTIUSD,H1: Failed modifying BNBUSD
0	10:57:53.534	trend_dtrader XTIUSD,H1: Failed modifying BTCUSD
0	10:57:54.587	trend_dtrader XTIUSD,H1: Failed modifying DASHUSD
0	10:57:55.497	trend_dtrader XTIUSD,H1: Failed modifying DOGEUSD
0	10:57:56.569	trend_dtrader XTIUSD,H1: Failed modifying DOTUSD
0	10:57:57.506	trend_dtrader XTIUSD,H1: Failed modifying ETCUSD
0	10:57:58.493	trend_dtrader XTIUSD,H1: Failed modifying ETHUSD
0	10:57:59.523	trend_dtrader XTIUSD,H1: Failed modifying EURUSD
0	10:58:00.494	trend_dtrader XTIUSD,H1: Failed modifying FILUSD
0	10:58:01.558	trend_dtrader XTIUSD,H1: Failed modifying FTMUSD
0	10:58:03.025	trend_dtrader XTIUSD,H1: Failed modifying GBPUSD
0	10:58:03.494	trend_dtrader XTIUSD,H1: Failed modifying GRTUSD
0	10:58:04.687	trend_dtrader XTIUSD,H1: Failed modifying ICPUSD
0	10:58:05.607	trend_dtrader XTIUSD,H1: Failed modifying IOTAUSD
0	10:58:06.581	trend_dtrader XTIUSD,H1: Failed modifying LINKUSD
0	10:58:07.672	trend_dtrader XTIUSD,H1: Failed modifying LRCUSD
0	10:58:08.787	trend_dtrader XTIUSD,H1: Failed modifying LTCUSD
0	10:58:09.495	trend_dtrader XTIUSD,H1: Failed modifying MANAUSD
0	10:58:10.600	trend_dtrader XTIUSD,H1: Failed modifying MATICUSD
0	10:58:11.574	trend_dtrader XTIUSD,H1: Failed modifying NEARUSD
0	10:58:12.551	trend_dtrader XTIUSD,H1: Failed modifying NZDUSD
0	10:58:13.498	trend_dtrader XTIUSD,H1: Failed modifying SOLUSD
0	10:58:14.524	trend_dtrader XTIUSD,H1: Failed modifying TRXUSD
0	10:58:16.114	trend_dtrader XTIUSD,H1: Alert: Failed UNIUSD
0	10:58:16.114	trend_dtrader XTIUSD,H1: Failed modifying UNIUSD
0	10:58:16.525	trend_dtrader XTIUSD,H1: Failed modifying USDCAD
0	10:58:17.495	trend_dtrader XTIUSD,H1: Failed modifying USDCHF
0	10:58:18.494	trend_dtrader XTIUSD,H1: Failed modifying USDJPY
0	10:58:19.904	trend_dtrader XTIUSD,H1: Failed modifying USDMXN
0	10:58:20.515	trend_dtrader XTIUSD,H1: Failed modifying USDZAR
0	10:58:21.589	trend_dtrader XTIUSD,H1: Failed modifying XAGUSD
0	10:58:22.498	trend_dtrader XTIUSD,H1: Failed modifying XAUUSD
0	10:58:23.600	trend_dtrader XTIUSD,H1: Failed modifying XBRUSD
0	10:58:24.549	trend_dtrader XTIUSD,H1: Failed modifying XNGUSD
0	10:58:25.511	trend_dtrader XTIUSD,H1: Failed modifying XRPUSD
0	10:58:26.571	trend_dtrader XTIUSD,H1: Failed modifying XTIUSD
0	10:58:27.544	trend_dtrader XTIUSD,H1: Failed modifying AAVEUSD
0	10:58:28.500	trend_dtrader XTIUSD,H1: Failed modifying ADAUSD
0	10:58:29.607	trend_dtrader XTIUSD,H1: Failed modifying ALGOUSD
0	10:58:30.516	trend_dtrader XTIUSD,H1: Failed modifying ATOMUSD
0	10:58:31.494	trend_dtrader XTIUSD,H1: Failed modifying AUDUSD
0	10:58:32.543	trend_dtrader XTIUSD,H1: Failed modifying AVAXUSD
0	10:58:33.537	trend_dtrader XTIUSD,H1: Failed modifying AXSUSD
0	10:58:34.740	trend_dtrader XTIUSD,H1: Failed modifying BCHUSD
0	10:58:35.610	trend_dtrader XTIUSD,H1: Failed modifying BNBUSD
0	10:58:36.493	trend_dtrader XTIUSD,H1: Failed modifying BTCUSD
0	10:58:37.539	trend_dtrader XTIUSD,H1: Failed modifying DASHUSD
0	10:58:38.544	trend_dtrader XTIUSD,H1: Failed modifying DOGEUSD
0	10:58:39.501	trend_dtrader XTIUSD,H1: Failed modifying DOTUSD
0	10:58:40.494	trend_dtrader XTIUSD,H1: Failed modifying ETCUSD
0	10:58:41.508	trend_dtrader XTIUSD,H1: Failed modifying ETHUSD
0	10:58:42.492	trend_dtrader XTIUSD,H1: Failed modifying EURUSD
0	10:58:43.601	trend_dtrader XTIUSD,H1: Failed modifying FILUSD
0	10:58:44.613	trend_dtrader XTIUSD,H1: Failed modifying FTMUSD
0	10:58:45.498	trend_dtrader XTIUSD,H1: Failed modifying GBPUSD
0	10:58:46.544	trend_dtrader XTIUSD,H1: Failed modifying GRTUSD
0	10:58:47.528	trend_dtrader XTIUSD,H1: Failed modifying ICPUSD
0	10:58:48.533	trend_dtrader XTIUSD,H1: Failed modifying IOTAUSD
0	10:58:49.495	trend_dtrader XTIUSD,H1: Failed modifying LINKUSD
0	10:58:50.493	trend_dtrader XTIUSD,H1: Failed modifying LRCUSD
0	10:58:51.496	trend_dtrader XTIUSD,H1: Failed modifying LTCUSD
0	10:58:52.492	trend_dtrader XTIUSD,H1: Failed modifying MANAUSD
0	10:58:53.488	trend_dtrader XTIUSD,H1: Failed modifying MATICUSD
0	10:58:54.491	trend_dtrader XTIUSD,H1: Failed modifying NEARUSD
0	10:58:56.723	trend_dtrader XTIUSD,H1: Failed modifying NZDUSD
0	10:58:57.560	trend_dtrader XTIUSD,H1: Failed modifying SOLUSD
0	10:58:58.497	trend_dtrader XTIUSD,H1: Failed modifying TRXUSD
0	10:59:00.365	trend_dtrader XTIUSD,H1: Alert: Failed UNIUSD
0	10:59:00.365	trend_dtrader XTIUSD,H1: Failed modifying UNIUSD
0	10:59:00.741	trend_dtrader XTIUSD,H1: Failed modifying USDCAD
0	10:59:01.492	trend_dtrader XTIUSD,H1: Failed modifying USDCHF
0	10:59:02.493	trend_dtrader XTIUSD,H1: Failed modifying USDJPY
0	10:59:03.964	trend_dtrader XTIUSD,H1: Failed modifying USDMXN
0	10:59:04.494	trend_dtrader XTIUSD,H1: Failed modifying USDZAR
0	10:59:05.495	trend_dtrader XTIUSD,H1: Failed modifying XAGUSD
0	10:59:06.494	trend_dtrader XTIUSD,H1: Failed modifying XAUUSD
0	10:59:07.497	trend_dtrader XTIUSD,H1: Failed modifying XBRUSD
0	10:59:08.488	trend_dtrader XTIUSD,H1: Failed modifying XNGUSD
0	10:59:09.491	trend_dtrader XTIUSD,H1: Failed modifying XRPUSD
0	10:59:10.503	trend_dtrader XTIUSD,H1: Failed modifying XTIUSD
0	10:59:11.490	trend_dtrader XTIUSD,H1: Failed modifying AAVEUSD
0	10:59:12.490	trend_dtrader XTIUSD,H1: Failed modifying ADAUSD
0	10:59:13.495	trend_dtrader XTIUSD,H1: Failed modifying ALGOUSD
0	10:59:14.495	trend_dtrader XTIUSD,H1: Failed modifying ATOMUSD
0	10:59:15.500	trend_dtrader XTIUSD,H1: Failed modifying AUDUSD
0	10:59:16.490	trend_dtrader XTIUSD,H1: Failed modifying AVAXUSD
0	10:59:17.511	trend_dtrader XTIUSD,H1: Failed modifying AXSUSD
0	10:59:18.494	trend_dtrader XTIUSD,H1: Failed modifying BCHUSD
0	10:59:19.597	trend_dtrader XTIUSD,H1: Failed modifying BNBUSD
0	10:59:20.491	trend_dtrader XTIUSD,H1: Failed modifying BTCUSD
0	10:59:21.536	trend_dtrader XTIUSD,H1: Failed modifying DASHUSD
0	10:59:22.576	trend_dtrader XTIUSD,H1: Failed modifying DOGEUSD
0	10:59:23.491	trend_dtrader XTIUSD,H1: Failed modifying DOTUSD
0	10:59:24.494	trend_dtrader XTIUSD,H1: Failed modifying ETCUSD
0	10:59:26.208	trend_dtrader XTIUSD,H1: Failed modifying ETHUSD
0	10:59:26.490	trend_dtrader XTIUSD,H1: Failed modifying EURUSD
0	10:59:27.643	trend_dtrader XTIUSD,H1: Failed modifying FILUSD
0	10:59:28.508	trend_dtrader XTIUSD,H1: Failed modifying FTMUSD
0	10:59:29.686	trend_dtrader XTIUSD,H1: Failed modifying GBPUSD
0	10:59:30.664	trend_dtrader XTIUSD,H1: Failed modifying GRTUSD
0	10:59:31.491	trend_dtrader XTIUSD,H1: Failed modifying ICPUSD
0	10:59:32.490	trend_dtrader XTIUSD,H1: Failed modifying IOTAUSD
0	10:59:33.492	trend_dtrader XTIUSD,H1: Failed modifying LINKUSD
0	10:59:34.693	trend_dtrader XTIUSD,H1: Failed modifying LRCUSD
0	10:59:35.910	trend_dtrader XTIUSD,H1: Failed modifying LTCUSD
0	10:59:36.624	trend_dtrader XTIUSD,H1: Failed modifying MANAUSD
0	10:59:37.649	trend_dtrader XTIUSD,H1: Failed modifying MATICUSD
0	10:59:38.491	trend_dtrader XTIUSD,H1: Failed modifying NEARUSD
0	10:59:40.092	trend_dtrader XTIUSD,H1: Failed modifying NZDUSD
0	10:59:40.493	trend_dtrader XTIUSD,H1: Failed modifying SOLUSD
0	10:59:41.503	trend_dtrader XTIUSD,H1: Failed modifying TRXUSD
0	10:59:42.857	trend_dtrader XTIUSD,H1: Alert: Failed UNIUSD
0	10:59:42.858	trend_dtrader XTIUSD,H1: Failed modifying UNIUSD
0	10:59:43.495	trend_dtrader XTIUSD,H1: Failed modifying USDCAD
0	10:59:44.563	trend_dtrader XTIUSD,H1: Failed modifying USDCHF
0	10:59:45.856	trend_dtrader XTIUSD,H1: Failed modifying USDJPY
0	10:59:46.491	trend_dtrader XTIUSD,H1: Failed modifying USDMXN
0	10:59:47.563	trend_dtrader XTIUSD,H1: Failed modifying USDZAR
0	10:59:48.555	trend_dtrader XTIUSD,H1: Failed modifying XAGUSD
0	10:59:50.206	trend_dtrader XTIUSD,H1: Failed modifying XAUUSD
0	10:59:50.500	trend_dtrader XTIUSD,H1: Failed modifying XBRUSD
0	10:59:51.644	trend_dtrader XTIUSD,H1: Failed modifying XNGUSD
0	10:59:52.512	trend_dtrader XTIUSD,H1: Failed modifying XRPUSD
0	10:59:53.517	trend_dtrader XTIUSD,H1: Failed modifying XTIUSD
0	10:59:54.496	trend_dtrader XTIUSD,H1: Failed modifying AAVEUSD
0	10:59:55.603	trend_dtrader XTIUSD,H1: Failed modifying ADAUSD
0	10:59:56.527	trend_dtrader XTIUSD,H1: Failed modifying ALGOUSD
0	10:59:57.496	trend_dtrader XTIUSD,H1: Failed modifying ATOMUSD
0	10:59:58.491	trend_dtrader XTIUSD,H1: Failed modifying AUDUSD
0	10:59:59.511	trend_dtrader XTIUSD,H1: Failed modifying AVAXUSD
0	11:00:00.487	trend_dtrader XTIUSD,H1: Failed modifying AXSUSD
0	11:00:01.554	trend_dtrader XTIUSD,H1: Alert: Failed BCHUSD
0	11:00:01.554	trend_dtrader XTIUSD,H1: Failed modifying BCHUSD
0	11:00:03.651	trend_dtrader XTIUSD,H1: Failed modifying BNBUSD
0	11:00:04.506	trend_dtrader XTIUSD,H1: Failed modifying BTCUSD
0	11:00:05.488	trend_dtrader XTIUSD,H1: Failed modifying DASHUSD
0	11:00:06.529	trend_dtrader XTIUSD,H1: Failed modifying DOGEUSD
0	11:00:07.546	trend_dtrader XTIUSD,H1: Failed modifying DOTUSD
0	11:00:08.548	trend_dtrader XTIUSD,H1: Failed modifying ETCUSD
0	11:00:09.884	trend_dtrader XTIUSD,H1: Failed modifying ETHUSD
0	11:00:10.532	trend_dtrader XTIUSD,H1: Failed modifying EURUSD
0	11:00:11.578	trend_dtrader XTIUSD,H1: Failed modifying FILUSD
0	11:00:12.558	trend_dtrader XTIUSD,H1: Failed modifying FTMUSD
0	11:00:13.751	trend_dtrader XTIUSD,H1: Failed modifying GBPUSD
0	11:00:14.848	trend_dtrader XTIUSD,H1: Failed modifying GRTUSD
0	11:00:15.566	trend_dtrader XTIUSD,H1: Failed modifying ICPUSD
0	11:00:16.978	trend_dtrader XTIUSD,H1: Failed modifying IOTAUSD
0	11:00:17.526	trend_dtrader XTIUSD,H1: Failed modifying LINKUSD
0	11:00:18.496	trend_dtrader XTIUSD,H1: Failed modifying LRCUSD
0	11:00:19.527	trend_dtrader XTIUSD,H1: Failed modifying LTCUSD
0	11:00:20.505	trend_dtrader XTIUSD,H1: Failed modifying MANAUSD
0	11:00:21.534	trend_dtrader XTIUSD,H1: Failed modifying MATICUSD
0	11:00:22.740	trend_dtrader XTIUSD,H1: Failed modifying NEARUSD
0	11:00:23.785	trend_dtrader XTIUSD,H1: Failed modifying NZDUSD
0	11:00:24.660	trend_dtrader XTIUSD,H1: Failed modifying SOLUSD
0	11:00:25.531	trend_dtrader XTIUSD,H1: Failed modifying TRXUSD
0	11:00:26.527	trend_dtrader XTIUSD,H1: Alert: Failed UNIUSD
0	11:00:26.527	trend_dtrader XTIUSD,H1: Failed modifying UNIUSD
0	11:00:27.503	trend_dtrader XTIUSD,H1: Failed modifying USDCAD
0	11:00:28.503	trend_dtrader XTIUSD,H1: Failed modifying USDCHF
0	11:00:29.502	trend_dtrader XTIUSD,H1: Failed modifying USDJPY
0	11:00:31.447	trend_dtrader XTIUSD,H1: Failed modifying USDMXN
0	11:00:31.505	trend_dtrader XTIUSD,H1: Failed modifying USDZAR
0	11:00:32.522	trend_dtrader XTIUSD,H1: Failed modifying XAGUSD
0	11:00:33.521	trend_dtrader XTIUSD,H1: Failed modifying XAUUSD
0	11:00:34.972	trend_dtrader XTIUSD,H1: Failed modifying XBRUSD
0	11:00:35.961	trend_dtrader XTIUSD,H1: Failed modifying XNGUSD
0	11:00:36.751	trend_dtrader XTIUSD,H1: Failed modifying XRPUSD
0	11:00:37.516	trend_dtrader XTIUSD,H1: Failed modifying XTIUSD
0	11:00:38.499	trend_dtrader XTIUSD,H1: Failed modifying AAVEUSD
0	11:00:39.503	trend_dtrader XTIUSD,H1: Failed modifying ADAUSD
0	11:00:40.619	trend_dtrader XTIUSD,H1: Failed modifying ALGOUSD
0	11:00:41.843	trend_dtrader XTIUSD,H1: Failed modifying ATOMUSD
0	11:00:42.513	trend_dtrader XTIUSD,H1: Failed modifying AUDUSD
0	11:00:43.636	trend_dtrader XTIUSD,H1: Failed modifying AVAXUSD
0	11:00:44.600	trend_dtrader XTIUSD,H1: Failed modifying AXSUSD
0	11:00:45.805	trend_dtrader XTIUSD,H1: Alert: Failed BCHUSD
0	11:00:45.805	trend_dtrader XTIUSD,H1: Failed modifying BCHUSD
0	11:00:46.657	trend_dtrader XTIUSD,H1: Failed modifying BNBUSD
0	11:00:47.487	trend_dtrader XTIUSD,H1: Failed modifying BTCUSD
0	11:00:48.487	trend_dtrader XTIUSD,H1: Failed modifying DASHUSD
0	11:00:49.492	trend_dtrader XTIUSD,H1: Failed modifying DOGEUSD
0	11:00:50.486	trend_dtrader XTIUSD,H1: Failed modifying DOTUSD
0	11:00:51.490	trend_dtrader XTIUSD,H1: Failed modifying ETCUSD
0	11:00:52.486	trend_dtrader XTIUSD,H1: Failed modifying ETHUSD
0	11:00:54.242	trend_dtrader XTIUSD,H1: Failed modifying EURUSD
0	11:00:54.519	trend_dtrader XTIUSD,H1: Failed modifying FILUSD
0	11:00:55.487	trend_dtrader XTIUSD,H1: Failed modifying FTMUSD
0	11:00:56.490	trend_dtrader XTIUSD,H1: Failed modifying GBPUSD
0	11:00:57.509	trend_dtrader XTIUSD,H1: Failed modifying GRTUSD
0	11:00:58.556	trend_dtrader XTIUSD,H1: Failed modifying ICPUSD
0	11:00:59.507	trend_dtrader XTIUSD,H1: Failed modifying IOTAUSD
0	11:01:00.550	trend_dtrader XTIUSD,H1: Failed modifying LINKUSD
0	11:01:01.759	trend_dtrader XTIUSD,H1: Failed modifying LRCUSD
0	11:01:02.502	trend_dtrader XTIUSD,H1: Failed modifying LTCUSD
0	11:01:03.877	trend_dtrader XTIUSD,H1: Failed modifying MANAUSD
0	11:01:04.490	trend_dtrader XTIUSD,H1: Failed modifying MATICUSD
0	11:01:05.490	trend_dtrader XTIUSD,H1: Failed modifying NEARUSD
0	11:01:06.488	trend_dtrader XTIUSD,H1: Failed modifying NZDUSD
0	11:01:07.487	trend_dtrader XTIUSD,H1: Failed modifying SOLUSD
0	11:01:08.826	trend_dtrader XTIUSD,H1: Failed modifying TRXUSD
0	11:01:09.558	trend_dtrader XTIUSD,H1: Alert: Failed UNIUSD
0	11:01:09.558	trend_dtrader XTIUSD,H1: Failed modifying UNIUSD
0	11:01:11.085	trend_dtrader XTIUSD,H1: Failed modifying USDCAD
0	11:01:11.489	trend_dtrader XTIUSD,H1: Failed modifying USDCHF
0	11:01:12.611	trend_dtrader XTIUSD,H1: Failed modifying USDJPY
0	11:01:14.052	trend_dtrader XTIUSD,H1: Failed modifying USDMXN
0	11:01:14.489	trend_dtrader XTIUSD,H1: Failed modifying USDZAR
0	11:01:15.609	trend_dtrader XTIUSD,H1: Failed modifying XAGUSD
0	11:01:16.492	trend_dtrader XTIUSD,H1: Failed modifying XAUUSD
0	11:01:17.685	trend_dtrader XTIUSD,H1: Failed modifying XBRUSD
0	11:01:18.490	trend_dtrader XTIUSD,H1: Failed modifying XNGUSD
0	11:01:19.488	trend_dtrader XTIUSD,H1: Failed modifying XRPUSD
0	11:01:20.489	trend_dtrader XTIUSD,H1: Failed modifying XTIUSD
0	11:01:21.823	trend_dtrader XTIUSD,H1: Failed modifying AAVEUSD
0	11:01:22.485	trend_dtrader XTIUSD,H1: Failed modifying ADAUSD
0	11:01:23.509	trend_dtrader XTIUSD,H1: Failed modifying ALGOUSD
0	11:01:24.489	trend_dtrader XTIUSD,H1: Failed modifying ATOMUSD
0	11:01:25.491	trend_dtrader XTIUSD,H1: Failed modifying AUDUSD
0	11:01:26.485	trend_dtrader XTIUSD,H1: Failed modifying AVAXUSD
0	11:01:27.483	trend_dtrader XTIUSD,H1: Failed modifying AXSUSD
0	11:01:28.491	trend_dtrader XTIUSD,H1: Alert: Failed BCHUSD
0	11:01:28.491	trend_dtrader XTIUSD,H1: Failed modifying BCHUSD
0	11:01:29.497	trend_dtrader XTIUSD,H1: Failed modifying BNBUSD
0	11:01:30.486	trend_dtrader XTIUSD,H1: Failed modifying BTCUSD
0	11:01:31.485	trend_dtrader XTIUSD,H1: Failed modifying DASHUSD
0	11:01:32.489	trend_dtrader XTIUSD,H1: Failed modifying DOGEUSD
0	11:01:33.485	trend_dtrader XTIUSD,H1: Failed modifying DOTUSD
0	11:01:34.770	trend_dtrader XTIUSD,H1: Failed modifying ETCUSD
0	11:01:35.512	trend_dtrader XTIUSD,H1: Failed modifying ETHUSD
0	11:01:36.485	trend_dtrader XTIUSD,H1: Failed modifying EURUSD
0	11:01:37.537	trend_dtrader XTIUSD,H1: Failed modifying FILUSD
0	11:01:38.486	trend_dtrader XTIUSD,H1: Failed modifying FTMUSD
0	11:01:39.721	trend_dtrader XTIUSD,H1: Failed modifying GBPUSD
0	11:01:40.484	trend_dtrader XTIUSD,H1: Failed modifying GRTUSD
0	11:01:41.523	trend_dtrader XTIUSD,H1: Failed modifying ICPUSD
0	11:01:42.484	trend_dtrader XTIUSD,H1: Failed modifying IOTAUSD
0	11:01:43.491	trend_dtrader XTIUSD,H1: Failed modifying LINKUSD
0	11:01:44.826	trend_dtrader XTIUSD,H1: Failed modifying LRCUSD
0	11:01:45.506	trend_dtrader XTIUSD,H1: Failed modifying LTCUSD
0	11:01:47.141	trend_dtrader XTIUSD,H1: Failed modifying MANAUSD
0	11:01:47.484	trend_dtrader XTIUSD,H1: Failed modifying MATICUSD
0	11:01:48.753	trend_dtrader XTIUSD,H1: Failed modifying NEARUSD
0	11:01:49.531	trend_dtrader XTIUSD,H1: Failed modifying NZDUSD
0	11:01:50.485	trend_dtrader XTIUSD,H1: Failed modifying SOLUSD
0	11:01:51.488	trend_dtrader XTIUSD,H1: Failed modifying TRXUSD
0	11:01:52.491	trend_dtrader XTIUSD,H1: Alert: Failed UNIUSD
0	11:01:52.491	trend_dtrader XTIUSD,H1: Failed modifying UNIUSD
0	11:01:53.626	trend_dtrader XTIUSD,H1: Failed modifying USDCAD
0	11:01:54.485	trend_dtrader XTIUSD,H1: Failed modifying USDCHF
0	11:01:55.511	trend_dtrader XTIUSD,H1: Failed modifying USDJPY
0	11:01:56.767	trend_dtrader XTIUSD,H1: Failed modifying USDMXN
0	11:01:57.488	trend_dtrader XTIUSD,H1: Failed modifying USDZAR
0	11:01:58.486	trend_dtrader XTIUSD,H1: Failed modifying XAGUSD
0	11:01:59.937	trend_dtrader XTIUSD,H1: Failed modifying XAUUSD
0	11:02:00.489	trend_dtrader XTIUSD,H1: Failed modifying XBRUSD
0	11:02:01.484	trend_dtrader XTIUSD,H1: Failed modifying XNGUSD
0	11:02:02.485	trend_dtrader XTIUSD,H1: Failed modifying XRPUSD
0	11:02:03.489	trend_dtrader XTIUSD,H1: Failed modifying XTIUSD
0	11:02:04.487	trend_dtrader XTIUSD,H1: Failed modifying AAVEUSD
0	11:02:05.484	trend_dtrader XTIUSD,H1: Failed modifying ADAUSD
0	11:02:06.485	trend_dtrader XTIUSD,H1: Failed modifying ALGOUSD
0	11:02:07.565	trend_dtrader XTIUSD,H1: Failed modifying ATOMUSD
0	11:02:08.486	trend_dtrader XTIUSD,H1: Failed modifying AUDUSD
0	11:02:09.484	trend_dtrader XTIUSD,H1: Failed modifying AVAXUSD
0	11:02:10.484	trend_dtrader XTIUSD,H1: Failed modifying AXSUSD
0	11:02:11.490	trend_dtrader XTIUSD,H1: Alert: Failed BCHUSD
0	11:02:11.490	trend_dtrader XTIUSD,H1: Failed modifying BCHUSD
0	11:02:12.532	trend_dtrader XTIUSD,H1: Failed modifying BNBUSD
0	11:02:13.488	trend_dtrader XTIUSD,H1: Failed modifying BTCUSD
0	11:02:14.483	trend_dtrader XTIUSD,H1: Failed modifying DASHUSD
0	11:02:15.665	trend_dtrader XTIUSD,H1: Failed modifying DOGEUSD
0	11:02:16.806	trend_dtrader XTIUSD,H1: Failed modifying DOTUSD
0	11:02:17.549	trend_dtrader XTIUSD,H1: Failed modifying ETCUSD
0	11:02:18.592	trend_dtrader XTIUSD,H1: Failed modifying ETHUSD
0	11:02:19.549	trend_dtrader XTIUSD,H1: Failed modifying EURUSD
0	11:02:21.149	trend_dtrader XTIUSD,H1: Failed modifying FILUSD
0	11:02:21.848	trend_dtrader XTIUSD,H1: Failed modifying FTMUSD
0	11:02:22.548	trend_dtrader XTIUSD,H1: Failed modifying GBPUSD
0	11:02:23.552	trend_dtrader XTIUSD,H1: Failed modifying GRTUSD
0	11:02:24.622	trend_dtrader XTIUSD,H1: Failed modifying ICPUSD
0	11:02:25.544	trend_dtrader XTIUSD,H1: Failed modifying IOTAUSD
0	11:02:26.551	trend_dtrader XTIUSD,H1: Failed modifying LINKUSD
0	11:02:27.545	trend_dtrader XTIUSD,H1: Failed modifying LRCUSD
0	11:02:28.548	trend_dtrader XTIUSD,H1: Failed modifying LTCUSD
0	11:02:29.544	trend_dtrader XTIUSD,H1: Failed modifying MANAUSD
0	11:02:30.543	trend_dtrader XTIUSD,H1: Failed modifying MATICUSD
0	11:02:31.544	trend_dtrader XTIUSD,H1: Failed modifying NEARUSD
0	11:02:32.544	trend_dtrader XTIUSD,H1: Failed modifying NZDUSD
0	11:02:33.543	trend_dtrader XTIUSD,H1: Failed modifying SOLUSD
0	11:02:34.618	trend_dtrader XTIUSD,H1: Failed modifying TRXUSD
0	11:02:35.548	trend_dtrader XTIUSD,H1: Alert: Failed UNIUSD
0	11:02:35.548	trend_dtrader XTIUSD,H1: Failed modifying UNIUSD
0	11:02:36.544	trend_dtrader XTIUSD,H1: Failed modifying USDCAD
0	11:02:37.543	trend_dtrader XTIUSD,H1: Failed modifying USDCHF
0	11:02:38.831	trend_dtrader XTIUSD,H1: Failed modifying USDJPY
0	11:02:39.558	trend_dtrader XTIUSD,H1: Failed modifying USDMXN
0	11:02:40.549	trend_dtrader XTIUSD,H1: Failed modifying USDZAR
0	11:02:41.548	trend_dtrader XTIUSD,H1: Failed modifying XAGUSD
0	11:02:42.545	trend_dtrader XTIUSD,H1: Failed modifying XAUUSD
0	11:02:43.549	trend_dtrader XTIUSD,H1: Failed modifying XBRUSD
0	11:02:44.555	trend_dtrader XTIUSD,H1: Failed modifying XNGUSD
0	11:02:45.585	trend_dtrader XTIUSD,H1: Failed modifying XRPUSD
0	11:02:46.555	trend_dtrader XTIUSD,H1: Failed modifying XTIUSD
0	11:02:47.564	trend_dtrader XTIUSD,H1: Failed modifying AAVEUSD
0	11:02:48.540	trend_dtrader XTIUSD,H1: Failed modifying ADAUSD
0	11:02:49.542	trend_dtrader XTIUSD,H1: Failed modifying ALGOUSD
0	11:02:50.547	trend_dtrader XTIUSD,H1: Failed modifying ATOMUSD
0	11:02:51.548	trend_dtrader XTIUSD,H1: Failed modifying AUDUSD
0	11:02:52.642	trend_dtrader XTIUSD,H1: Failed modifying AVAXUSD
0	11:02:53.555	trend_dtrader XTIUSD,H1: Failed modifying AXSUSD
0	11:02:54.594	trend_dtrader XTIUSD,H1: Alert: Failed BCHUSD
0	11:02:54.594	trend_dtrader XTIUSD,H1: Failed modifying BCHUSD
0	11:02:55.751	trend_dtrader XTIUSD,H1: Failed modifying BNBUSD
0	11:02:56.545	trend_dtrader XTIUSD,H1: Failed modifying BTCUSD
0	11:02:57.611	trend_dtrader XTIUSD,H1: Failed modifying DASHUSD
0	11:02:58.559	trend_dtrader XTIUSD,H1: Failed modifying DOGEUSD
0	11:02:59.548	trend_dtrader XTIUSD,H1: Failed modifying DOTUSD
0	11:03:00.564	trend_dtrader XTIUSD,H1: Failed modifying ETCUSD
0	11:03:01.542	trend_dtrader XTIUSD,H1: Failed modifying ETHUSD
0	11:03:02.542	trend_dtrader XTIUSD,H1: Failed modifying EURUSD
0	11:03:03.598	trend_dtrader XTIUSD,H1: Failed modifying FILUSD
0	11:03:04.543	trend_dtrader XTIUSD,H1: Failed modifying FTMUSD
0	11:03:05.545	trend_dtrader XTIUSD,H1: Failed modifying GBPUSD
0	11:03:06.541	trend_dtrader XTIUSD,H1: Failed modifying GRTUSD
0	11:03:07.545	trend_dtrader XTIUSD,H1: Failed modifying ICPUSD
0	11:03:08.542	trend_dtrader XTIUSD,H1: Failed modifying IOTAUSD
0	11:03:09.544	trend_dtrader XTIUSD,H1: Failed modifying LINKUSD
0	11:03:10.847	trend_dtrader XTIUSD,H1: Failed modifying LRCUSD
0	11:03:11.547	trend_dtrader XTIUSD,H1: Failed modifying LTCUSD
0	11:03:12.564	trend_dtrader XTIUSD,H1: Failed modifying MANAUSD
0	11:03:13.555	trend_dtrader XTIUSD,H1: Failed modifying MATICUSD
0	11:03:14.542	trend_dtrader XTIUSD,H1: Failed modifying NEARUSD
0	11:03:15.543	trend_dtrader XTIUSD,H1: Failed modifying NZDUSD
0	11:03:16.548	trend_dtrader XTIUSD,H1: Failed modifying SOLUSD
0	11:03:18.142	trend_dtrader XTIUSD,H1: Failed modifying TRXUSD
0	11:03:18.550	trend_dtrader XTIUSD,H1: Alert: Failed UNIUSD
0	11:03:18.550	trend_dtrader XTIUSD,H1: Failed modifying UNIUSD
0	11:03:19.544	trend_dtrader XTIUSD,H1: Failed modifying USDCAD
0	11:03:20.544	trend_dtrader XTIUSD,H1: Failed modifying USDCHF
0	11:03:21.606	trend_dtrader XTIUSD,H1: Failed modifying USDJPY
0	11:03:22.596	trend_dtrader XTIUSD,H1: Failed modifying USDMXN
0	11:03:23.543	trend_dtrader XTIUSD,H1: Failed modifying USDZAR
0	11:03:24.638	trend_dtrader XTIUSD,H1: Failed modifying XAGUSD
0	11:03:25.548	trend_dtrader XTIUSD,H1: Failed modifying XAUUSD
0	11:03:26.543	trend_dtrader XTIUSD,H1: Failed modifying XBRUSD
0	11:03:27.541	trend_dtrader XTIUSD,H1: Failed modifying XNGUSD
0	11:03:28.581	trend_dtrader XTIUSD,H1: Failed modifying XRPUSD
0	11:03:29.546	trend_dtrader XTIUSD,H1: Failed modifying XTIUSD
0	11:03:30.544	trend_dtrader XTIUSD,H1: Failed modifying AAVEUSD
0	11:03:31.603	trend_dtrader XTIUSD,H1: Failed modifying ADAUSD
0	11:03:32.563	trend_dtrader XTIUSD,H1: Failed modifying ALGOUSD
0	11:03:33.546	trend_dtrader XTIUSD,H1: Failed modifying ATOMUSD
0	11:03:34.545	trend_dtrader XTIUSD,H1: Failed modifying AUDUSD
0	11:03:35.545	trend_dtrader XTIUSD,H1: Failed modifying AVAXUSD
0	11:03:36.918	trend_dtrader XTIUSD,H1: Failed modifying AXSUSD
0	11:03:37.544	trend_dtrader XTIUSD,H1: Alert: Failed BCHUSD
0	11:03:37.544	trend_dtrader XTIUSD,H1: Failed modifying BCHUSD
0	11:03:38.538	trend_dtrader XTIUSD,H1: Failed modifying BNBUSD
0	11:03:39.842	trend_dtrader XTIUSD,H1: Failed modifying BTCUSD
0	11:03:40.709	trend_dtrader XTIUSD,H1: Failed modifying DASHUSD
0	11:03:41.542	trend_dtrader XTIUSD,H1: Failed modifying DOGEUSD
0	11:03:42.541	trend_dtrader XTIUSD,H1: Failed modifying DOTUSD
0	11:03:43.545	trend_dtrader XTIUSD,H1: Failed modifying ETCUSD
0	11:03:44.539	trend_dtrader XTIUSD,H1: Failed modifying ETHUSD
0	11:03:45.540	trend_dtrader XTIUSD,H1: Failed modifying EURUSD
0	11:03:46.632	trend_dtrader XTIUSD,H1: Failed modifying FILUSD
0	11:03:47.545	trend_dtrader XTIUSD,H1: Failed modifying FTMUSD
0	11:03:48.544	trend_dtrader XTIUSD,H1: Failed modifying GBPUSD
0	11:03:49.573	trend_dtrader XTIUSD,H1: Failed modifying GRTUSD
0	11:03:50.541	trend_dtrader XTIUSD,H1: Failed modifying ICPUSD
0	11:03:51.692	trend_dtrader XTIUSD,H1: Failed modifying IOTAUSD
0	11:03:52.748	trend_dtrader XTIUSD,H1: Failed modifying LINKUSD
0	11:03:53.928	trend_dtrader XTIUSD,H1: Failed modifying LRCUSD
0	11:03:54.567	trend_dtrader XTIUSD,H1: Failed modifying LTCUSD
0	11:03:55.800	trend_dtrader XTIUSD,H1: Failed modifying MANAUSD
0	11:03:56.547	trend_dtrader XTIUSD,H1: Failed modifying MATICUSD
0	11:03:57.541	trend_dtrader XTIUSD,H1: Failed modifying NEARUSD
0	11:03:58.541	trend_dtrader XTIUSD,H1: Failed modifying NZDUSD
0	11:03:59.541	trend_dtrader XTIUSD,H1: Failed modifying SOLUSD
0	11:04:00.546	trend_dtrader XTIUSD,H1: Failed modifying TRXUSD
0	11:04:01.547	trend_dtrader XTIUSD,H1: Alert: Failed UNIUSD
0	11:04:01.547	trend_dtrader XTIUSD,H1: Failed modifying UNIUSD
0	11:04:02.549	trend_dtrader XTIUSD,H1: Failed modifying USDCAD
0	11:04:03.775	trend_dtrader XTIUSD,H1: Failed modifying USDCHF
0	11:04:04.542	trend_dtrader XTIUSD,H1: Failed modifying USDJPY
0	11:04:05.542	trend_dtrader XTIUSD,H1: Failed modifying USDMXN
0	11:04:06.797	trend_dtrader XTIUSD,H1: Failed modifying USDZAR
0	11:04:07.543	trend_dtrader XTIUSD,H1: Failed modifying XAGUSD
0	11:04:08.559	trend_dtrader XTIUSD,H1: Failed modifying XAUUSD
0	11:04:09.544	trend_dtrader XTIUSD,H1: Failed modifying XBRUSD
0	11:04:10.604	trend_dtrader XTIUSD,H1: Failed modifying XNGUSD
0	11:04:11.622	trend_dtrader XTIUSD,H1: Failed modifying XRPUSD
0	11:04:12.546	trend_dtrader XTIUSD,H1: Failed modifying XTIUSD
0	11:04:13.539	trend_dtrader XTIUSD,H1: Failed modifying AAVEUSD
0	11:04:15.766	trend_dtrader XTIUSD,H1: Failed modifying ADAUSD
0	11:04:16.677	trend_dtrader XTIUSD,H1: Failed modifying ALGOUSD
0	11:04:17.544	trend_dtrader XTIUSD,H1: Failed modifying ATOMUSD
0	11:04:18.544	trend_dtrader XTIUSD,H1: Failed modifying AUDUSD
0	11:04:19.539	trend_dtrader XTIUSD,H1: Failed modifying AVAXUSD
0	11:04:20.578	trend_dtrader XTIUSD,H1: Failed modifying AXSUSD
0	11:04:21.572	trend_dtrader XTIUSD,H1: Alert: Failed BCHUSD
0	11:04:21.572	trend_dtrader XTIUSD,H1: Failed modifying BCHUSD
0	11:04:22.785	trend_dtrader XTIUSD,H1: Failed modifying BNBUSD
0	11:04:23.537	trend_dtrader XTIUSD,H1: Failed modifying BTCUSD
0	11:04:25.385	trend_dtrader XTIUSD,H1: Failed modifying DASHUSD
0	11:04:26.647	trend_dtrader XTIUSD,H1: Failed modifying DOGEUSD
0	11:04:27.699	trend_dtrader XTIUSD,H1: Failed modifying DOTUSD
0	11:04:28.543	trend_dtrader XTIUSD,H1: Failed modifying ETCUSD
0	11:04:29.538	trend_dtrader XTIUSD,H1: Failed modifying ETHUSD
0	11:04:30.578	trend_dtrader XTIUSD,H1: Failed modifying EURUSD
0	11:04:31.626	trend_dtrader XTIUSD,H1: Failed modifying FILUSD
0	11:04:32.669	trend_dtrader XTIUSD,H1: Failed modifying FTMUSD
0	11:04:33.542	trend_dtrader XTIUSD,H1: Failed modifying GBPUSD
0	11:04:34.539	trend_dtrader XTIUSD,H1: Failed modifying GRTUSD
0	11:04:35.555	trend_dtrader XTIUSD,H1: Failed modifying ICPUSD
0	11:04:36.538	trend_dtrader XTIUSD,H1: Failed modifying IOTAUSD
0	11:04:37.541	trend_dtrader XTIUSD,H1: Failed modifying LINKUSD
0	11:04:38.602	trend_dtrader XTIUSD,H1: Failed modifying LRCUSD
0	11:04:39.544	trend_dtrader XTIUSD,H1: Failed modifying LTCUSD
0	11:04:40.539	trend_dtrader XTIUSD,H1: Failed modifying MANAUSD
0	11:04:41.539	trend_dtrader XTIUSD,H1: Failed modifying MATICUSD
0	11:04:42.542	trend_dtrader XTIUSD,H1: Failed modifying NEARUSD
0	11:04:43.541	trend_dtrader XTIUSD,H1: Failed modifying NZDUSD
0	11:04:44.564	trend_dtrader XTIUSD,H1: Failed modifying SOLUSD
0	11:04:45.543	trend_dtrader XTIUSD,H1: Failed modifying TRXUSD
0	11:04:46.843	trend_dtrader XTIUSD,H1: Alert: Failed UNIUSD
0	11:04:46.843	trend_dtrader XTIUSD,H1: Failed modifying UNIUSD
0	11:04:47.567	trend_dtrader XTIUSD,H1: Failed modifying USDCAD
0	11:04:48.539	trend_dtrader XTIUSD,H1: Failed modifying USDCHF
0	11:04:49.545	trend_dtrader XTIUSD,H1: Failed modifying USDJPY
0	11:04:50.540	trend_dtrader XTIUSD,H1: Failed modifying USDMXN
0	11:04:51.539	trend_dtrader XTIUSD,H1: Failed modifying USDZAR
0	11:04:52.587	trend_dtrader XTIUSD,H1: Failed modifying XAGUSD
0	11:04:53.543	trend_dtrader XTIUSD,H1: Failed modifying XAUUSD
0	11:04:54.541	trend_dtrader XTIUSD,H1: Failed modifying XBRUSD
0	11:04:55.647	trend_dtrader XTIUSD,H1: Failed modifying XNGUSD
0	11:04:56.540	trend_dtrader XTIUSD,H1: Failed modifying XRPUSD
0	11:04:57.564	trend_dtrader XTIUSD,H1: Failed modifying XTIUSD
0	11:04:58.538	trend_dtrader XTIUSD,H1: Failed modifying AAVEUSD
0	11:04:59.538	trend_dtrader XTIUSD,H1: Failed modifying ADAUSD
0	11:05:00.564	trend_dtrader XTIUSD,H1: Failed modifying ALGOUSD
0	11:05:01.594	trend_dtrader XTIUSD,H1: Failed modifying ATOMUSD
0	11:05:02.572	trend_dtrader XTIUSD,H1: Failed modifying AUDUSD
0	11:05:03.538	trend_dtrader XTIUSD,H1: Failed modifying AVAXUSD
0	11:05:04.556	trend_dtrader XTIUSD,H1: Failed modifying AXSUSD
0	11:05:05.543	trend_dtrader XTIUSD,H1: Alert: Failed BCHUSD
0	11:05:05.543	trend_dtrader XTIUSD,H1: Failed modifying BCHUSD
0	11:05:06.575	trend_dtrader XTIUSD,H1: Failed modifying BNBUSD
0	11:05:07.690	trend_dtrader XTIUSD,H1: Failed modifying BTCUSD
0	11:05:08.537	trend_dtrader XTIUSD,H1: Failed modifying DASHUSD
0	11:05:09.541	trend_dtrader XTIUSD,H1: Failed modifying DOGEUSD
0	11:05:10.537	trend_dtrader XTIUSD,H1: Failed modifying DOTUSD
0	11:05:11.541	trend_dtrader XTIUSD,H1: Failed modifying ETCUSD
0	11:05:12.536	trend_dtrader XTIUSD,H1: Failed modifying ETHUSD
0	11:05:13.616	trend_dtrader XTIUSD,H1: Failed modifying EURUSD
0	11:05:14.538	trend_dtrader XTIUSD,H1: Failed modifying FILUSD
0	11:05:15.538	trend_dtrader XTIUSD,H1: Failed modifying FTMUSD
0	11:05:16.550	trend_dtrader XTIUSD,H1: Failed modifying GBPUSD
0	11:05:17.553	trend_dtrader XTIUSD,H1: Failed modifying GRTUSD
0	11:05:18.540	trend_dtrader XTIUSD,H1: Failed modifying ICPUSD
0	11:05:19.537	trend_dtrader XTIUSD,H1: Failed modifying IOTAUSD
0	11:05:20.539	trend_dtrader XTIUSD,H1: Failed modifying LINKUSD
0	11:05:21.566	trend_dtrader XTIUSD,H1: Failed modifying LRCUSD
0	11:05:22.543	trend_dtrader XTIUSD,H1: Failed modifying LTCUSD
0	11:05:23.541	trend_dtrader XTIUSD,H1: Failed modifying MANAUSD
0	11:05:24.537	trend_dtrader XTIUSD,H1: Failed modifying MATICUSD
0	11:05:25.537	trend_dtrader XTIUSD,H1: Failed modifying NEARUSD
0	11:05:26.538	trend_dtrader XTIUSD,H1: Failed modifying NZDUSD
0	11:05:28.273	trend_dtrader XTIUSD,H1: Failed modifying SOLUSD
0	11:05:28.542	trend_dtrader XTIUSD,H1: Failed modifying TRXUSD
0	11:05:29.545	trend_dtrader XTIUSD,H1: Alert: Failed UNIUSD
0	11:05:29.545	trend_dtrader XTIUSD,H1: Failed modifying UNIUSD
0	11:05:30.537	trend_dtrader XTIUSD,H1: Failed modifying USDCAD
0	11:05:31.560	trend_dtrader XTIUSD,H1: Failed modifying USDCHF
0	11:05:33.095	trend_dtrader XTIUSD,H1: Failed modifying USDJPY
0	11:05:33.538	trend_dtrader XTIUSD,H1: Failed modifying USDMXN
0	11:05:34.570	trend_dtrader XTIUSD,H1: Failed modifying USDZAR
0	11:05:35.541	trend_dtrader XTIUSD,H1: Failed modifying XAGUSD
0	11:05:36.898	trend_dtrader XTIUSD,H1: Failed modifying XAUUSD
0	11:05:37.581	trend_dtrader XTIUSD,H1: Failed modifying XBRUSD
0	11:05:38.541	trend_dtrader XTIUSD,H1: Failed modifying XNGUSD
0	11:05:39.542	trend_dtrader XTIUSD,H1: Failed modifying XRPUSD
0	11:05:40.541	trend_dtrader XTIUSD,H1: Failed modifying XTIUSD
0	11:05:41.536	trend_dtrader XTIUSD,H1: Failed modifying AAVEUSD
0	11:05:42.536	trend_dtrader XTIUSD,H1: Failed modifying ADAUSD
0	11:05:43.536	trend_dtrader XTIUSD,H1: Failed modifying ALGOUSD
0	11:05:44.540	trend_dtrader XTIUSD,H1: Failed modifying ATOMUSD
0	11:05:45.539	trend_dtrader XTIUSD,H1: Failed modifying AUDUSD
0	11:05:46.540	trend_dtrader XTIUSD,H1: Failed modifying AVAXUSD
0	11:05:47.565	trend_dtrader XTIUSD,H1: Failed modifying AXSUSD
0	11:05:48.548	trend_dtrader XTIUSD,H1: Alert: Failed BCHUSD
0	11:05:48.548	trend_dtrader XTIUSD,H1: Failed modifying BCHUSD
0	11:05:49.543	trend_dtrader XTIUSD,H1: Failed modifying BNBUSD
0	11:05:50.536	trend_dtrader XTIUSD,H1: Failed modifying BTCUSD
0	11:05:51.536	trend_dtrader XTIUSD,H1: Failed modifying DASHUSD
0	11:05:52.604	trend_dtrader XTIUSD,H1: Failed modifying DOGEUSD
0	11:05:53.540	trend_dtrader XTIUSD,H1: Failed modifying DOTUSD
0	11:05:54.818	trend_dtrader XTIUSD,H1: Failed modifying ETCUSD
0	11:05:55.600	trend_dtrader XTIUSD,H1: Failed modifying ETHUSD
0	11:05:56.541	trend_dtrader XTIUSD,H1: Failed modifying EURUSD
0	11:05:57.594	trend_dtrader XTIUSD,H1: Failed modifying FILUSD
0	11:05:58.536	trend_dtrader XTIUSD,H1: Failed modifying FTMUSD
0	11:05:59.539	trend_dtrader XTIUSD,H1: Failed modifying GBPUSD
0	11:06:00.535	trend_dtrader XTIUSD,H1: Failed modifying GRTUSD
0	11:06:01.539	trend_dtrader XTIUSD,H1: Failed modifying ICPUSD
0	11:06:02.874	trend_dtrader XTIUSD,H1: Failed modifying IOTAUSD
0	11:06:03.538	trend_dtrader XTIUSD,H1: Failed modifying LINKUSD
0	11:06:04.536	trend_dtrader XTIUSD,H1: Failed modifying LRCUSD
0	11:06:05.552	trend_dtrader XTIUSD,H1: Failed modifying LTCUSD
0	11:06:06.536	trend_dtrader XTIUSD,H1: Failed modifying MANAUSD
0	11:06:07.536	trend_dtrader XTIUSD,H1: Failed modifying MATICUSD
0	11:06:08.537	trend_dtrader XTIUSD,H1: Failed modifying NEARUSD
0	11:06:09.536	trend_dtrader XTIUSD,H1: Failed modifying NZDUSD
0	11:06:10.569	trend_dtrader XTIUSD,H1: Failed modifying SOLUSD
0	11:06:11.545	trend_dtrader XTIUSD,H1: Failed modifying TRXUSD
0	11:06:12.542	trend_dtrader XTIUSD,H1: Alert: Failed UNIUSD
0	11:06:12.542	trend_dtrader XTIUSD,H1: Failed modifying UNIUSD
0	11:06:13.556	trend_dtrader XTIUSD,H1: Failed modifying USDCAD
0	11:06:14.541	trend_dtrader XTIUSD,H1: Failed modifying USDCHF
0	11:06:15.538	trend_dtrader XTIUSD,H1: Failed modifying USDJPY
0	11:06:16.872	trend_dtrader XTIUSD,H1: Failed modifying USDMXN
0	11:06:17.773	trend_dtrader XTIUSD,H1: Failed modifying USDZAR
0	11:06:18.537	trend_dtrader XTIUSD,H1: Failed modifying XAGUSD
0	11:06:19.537	trend_dtrader XTIUSD,H1: Failed modifying XAUUSD
0	11:06:20.562	trend_dtrader XTIUSD,H1: Failed modifying XBRUSD
0	11:06:21.535	trend_dtrader XTIUSD,H1: Failed modifying XNGUSD
0	11:06:22.758	trend_dtrader XTIUSD,H1: Failed modifying XRPUSD
0	11:06:23.539	trend_dtrader XTIUSD,H1: Failed modifying XTIUSD
0	11:06:24.540	trend_dtrader XTIUSD,H1: Failed modifying AAVEUSD
0	11:06:25.534	trend_dtrader XTIUSD,H1: Failed modifying ADAUSD
0	11:06:26.573	trend_dtrader XTIUSD,H1: Failed modifying ALGOUSD
0	11:06:27.651	trend_dtrader XTIUSD,H1: Failed modifying ATOMUSD
0	11:06:28.538	trend_dtrader XTIUSD,H1: Failed modifying AUDUSD
0	11:06:30.032	trend_dtrader XTIUSD,H1: Failed modifying AVAXUSD
0	11:06:30.534	trend_dtrader XTIUSD,H1: Failed modifying AXSUSD
0	11:06:31.612	trend_dtrader XTIUSD,H1: Alert: Failed BCHUSD
0	11:06:31.613	trend_dtrader XTIUSD,H1: Failed modifying BCHUSD
0	11:06:32.546	trend_dtrader XTIUSD,H1: Failed modifying BNBUSD
0	11:06:33.535	trend_dtrader XTIUSD,H1: Failed modifying BTCUSD
0	11:06:34.535	trend_dtrader XTIUSD,H1: Failed modifying DASHUSD
0	11:06:35.537	trend_dtrader XTIUSD,H1: Failed modifying DOGEUSD
0	11:06:36.607	trend_dtrader XTIUSD,H1: Failed modifying DOTUSD
0	11:06:37.540	trend_dtrader XTIUSD,H1: Failed modifying ETCUSD
0	11:06:38.533	trend_dtrader XTIUSD,H1: Failed modifying ETHUSD
0	11:06:39.578	trend_dtrader XTIUSD,H1: Failed modifying EURUSD
0	11:06:40.535	trend_dtrader XTIUSD,H1: Failed modifying FILUSD
0	11:06:41.535	trend_dtrader XTIUSD,H1: Failed modifying FTMUSD
0	11:06:42.547	trend_dtrader XTIUSD,H1: Failed modifying GBPUSD
0	11:06:43.534	trend_dtrader XTIUSD,H1: Failed modifying GRTUSD
0	11:06:44.537	trend_dtrader XTIUSD,H1: Failed modifying ICPUSD
0	11:06:45.533	trend_dtrader XTIUSD,H1: Failed modifying IOTAUSD
0	11:06:46.548	trend_dtrader XTIUSD,H1: Failed modifying LINKUSD
0	11:06:47.537	trend_dtrader XTIUSD,H1: Failed modifying LRCUSD
0	11:06:48.555	trend_dtrader XTIUSD,H1: Failed modifying LTCUSD
0	11:06:49.579	trend_dtrader XTIUSD,H1: Failed modifying MANAUSD
0	11:06:50.570	trend_dtrader XTIUSD,H1: Failed modifying MATICUSD
0	11:06:51.534	trend_dtrader XTIUSD,H1: Failed modifying NEARUSD
0	11:06:52.534	trend_dtrader XTIUSD,H1: Failed modifying NZDUSD
0	11:06:53.537	trend_dtrader XTIUSD,H1: Failed modifying SOLUSD
0	11:06:54.569	trend_dtrader XTIUSD,H1: Failed modifying TRXUSD
0	11:06:55.545	trend_dtrader XTIUSD,H1: Alert: Failed UNIUSD
0	11:06:55.545	trend_dtrader XTIUSD,H1: Failed modifying UNIUSD
0	11:06:56.806	trend_dtrader XTIUSD,H1: Failed modifying USDCAD
0	11:06:57.556	trend_dtrader XTIUSD,H1: Failed modifying USDCHF
0	11:06:58.535	trend_dtrader XTIUSD,H1: Failed modifying USDJPY
0	11:06:59.612	trend_dtrader XTIUSD,H1: Failed modifying USDMXN
0	11:07:00.537	trend_dtrader XTIUSD,H1: Failed modifying USDZAR
0	11:07:01.539	trend_dtrader XTIUSD,H1: Failed modifying XAGUSD
0	11:07:02.750	trend_dtrader XTIUSD,H1: Failed modifying XAUUSD
0	11:07:03.537	trend_dtrader XTIUSD,H1: Failed modifying XBRUSD
0	11:07:04.949	trend_dtrader XTIUSD,H1: Failed modifying XNGUSD
0	11:07:05.746	trend_dtrader XTIUSD,H1: Failed modifying XRPUSD
0	11:07:06.853	trend_dtrader XTIUSD,H1: Failed modifying XTIUSD
0	11:07:07.559	trend_dtrader XTIUSD,H1: Failed modifying AAVEUSD
0	11:07:08.770	trend_dtrader XTIUSD,H1: Failed modifying ADAUSD
0	11:07:09.534	trend_dtrader XTIUSD,H1: Failed modifying ALGOUSD
0	11:07:10.558	trend_dtrader XTIUSD,H1: Failed modifying ATOMUSD
0	11:07:11.537	trend_dtrader XTIUSD,H1: Failed modifying AUDUSD
0	11:07:12.533	trend_dtrader XTIUSD,H1: Failed modifying AVAXUSD
0	11:07:13.649	trend_dtrader XTIUSD,H1: Failed modifying AXSUSD
0	11:07:14.543	trend_dtrader XTIUSD,H1: Alert: Failed BCHUSD
0	11:07:14.543	trend_dtrader XTIUSD,H1: Failed modifying BCHUSD
0	11:07:15.533	trend_dtrader XTIUSD,H1: Failed modifying BNBUSD
0	11:07:16.560	trend_dtrader XTIUSD,H1: Failed modifying BTCUSD
0	11:07:17.533	trend_dtrader XTIUSD,H1: Failed modifying DASHUSD
0	11:07:18.536	trend_dtrader XTIUSD,H1: Failed modifying DOGEUSD
0	11:07:19.587	trend_dtrader XTIUSD,H1: Failed modifying DOTUSD
0	11:07:20.536	trend_dtrader XTIUSD,H1: Failed modifying ETCUSD
0	11:07:21.537	trend_dtrader XTIUSD,H1: Failed modifying ETHUSD
0	11:07:22.742	trend_dtrader XTIUSD,H1: Failed modifying EURUSD
0	11:07:23.536	trend_dtrader XTIUSD,H1: Failed modifying FILUSD
0	11:07:24.576	trend_dtrader XTIUSD,H1: Failed modifying FTMUSD
0	11:07:25.758	trend_dtrader XTIUSD,H1: Failed modifying GBPUSD
0	11:07:26.530	trend_dtrader XTIUSD,H1: Failed modifying GRTUSD
0	11:07:27.534	trend_dtrader XTIUSD,H1: Failed modifying ICPUSD
0	11:07:28.532	trend_dtrader XTIUSD,H1: Failed modifying IOTAUSD
0	11:07:29.534	trend_dtrader XTIUSD,H1: Failed modifying LINKUSD
0	11:07:30.534	trend_dtrader XTIUSD,H1: Failed modifying LRCUSD
0	11:07:31.596	trend_dtrader XTIUSD,H1: Failed modifying LTCUSD
0	11:07:32.533	trend_dtrader XTIUSD,H1: Failed modifying MANAUSD
0	11:07:33.532	trend_dtrader XTIUSD,H1: Failed modifying MATICUSD
0	11:07:34.533	trend_dtrader XTIUSD,H1: Failed modifying NEARUSD
0	11:07:35.574	trend_dtrader XTIUSD,H1: Failed modifying NZDUSD
0	11:07:36.562	trend_dtrader XTIUSD,H1: Failed modifying SOLUSD
0	11:07:37.537	trend_dtrader XTIUSD,H1: Failed modifying TRXUSD
0	11:07:38.539	trend_dtrader XTIUSD,H1: Alert: Failed UNIUSD
0	11:07:38.540	trend_dtrader XTIUSD,H1: Failed modifying UNIUSD
0	11:07:39.533	trend_dtrader XTIUSD,H1: Failed modifying USDCAD
0	11:07:40.533	trend_dtrader XTIUSD,H1: Failed modifying USDCHF
0	11:07:41.533	trend_dtrader XTIUSD,H1: Failed modifying USDJPY
0	11:07:42.570	trend_dtrader XTIUSD,H1: Failed modifying USDMXN
0	11:07:43.542	trend_dtrader XTIUSD,H1: Failed modifying USDZAR
0	11:07:44.540	trend_dtrader XTIUSD,H1: Failed modifying XAGUSD
0	11:07:45.537	trend_dtrader XTIUSD,H1: Failed modifying XAUUSD
0	11:07:46.658	trend_dtrader XTIUSD,H1: Failed modifying XBRUSD
0	11:07:47.532	trend_dtrader XTIUSD,H1: Failed modifying XNGUSD
0	11:07:48.533	trend_dtrader XTIUSD,H1: Failed modifying XRPUSD
0	11:07:49.582	trend_dtrader XTIUSD,H1: Failed modifying XTIUSD
0	11:07:50.532	trend_dtrader XTIUSD,H1: Failed modifying AAVEUSD
0	11:07:51.532	trend_dtrader XTIUSD,H1: Failed modifying ADAUSD
0	11:07:52.576	trend_dtrader XTIUSD,H1: Failed modifying ALGOUSD
0	11:07:53.536	trend_dtrader XTIUSD,H1: Failed modifying ATOMUSD
0	11:07:54.847	trend_dtrader XTIUSD,H1: Failed modifying AUDUSD
0	11:07:55.531	trend_dtrader XTIUSD,H1: Failed modifying AVAXUSD
0	11:07:56.529	trend_dtrader XTIUSD,H1: Failed modifying AXSUSD
0	11:07:57.537	trend_dtrader XTIUSD,H1: Alert: Failed BCHUSD
0	11:07:57.537	trend_dtrader XTIUSD,H1: Failed modifying BCHUSD
0	11:07:58.532	trend_dtrader XTIUSD,H1: Failed modifying BNBUSD
0	11:07:59.532	trend_dtrader XTIUSD,H1: Failed modifying BTCUSD
0	11:08:00.531	trend_dtrader XTIUSD,H1: Failed modifying DASHUSD
0	11:08:01.540	trend_dtrader XTIUSD,H1: Failed modifying DOGEUSD
0	11:08:02.531	trend_dtrader XTIUSD,H1: Failed modifying DOTUSD
0	11:08:03.741	trend_dtrader XTIUSD,H1: Failed modifying ETCUSD
0	11:08:04.530	trend_dtrader XTIUSD,H1: Failed modifying ETHUSD
0	11:08:05.531	trend_dtrader XTIUSD,H1: Failed modifying EURUSD
0	11:08:06.531	trend_dtrader XTIUSD,H1: Failed modifying FILUSD
0	11:08:07.532	trend_dtrader XTIUSD,H1: Failed modifying FTMUSD
0	11:08:08.583	trend_dtrader XTIUSD,H1: Failed modifying GBPUSD
0	11:08:09.531	trend_dtrader XTIUSD,H1: Failed modifying GRTUSD
0	11:08:10.534	trend_dtrader XTIUSD,H1: Failed modifying ICPUSD
0	11:08:11.530	trend_dtrader XTIUSD,H1: Failed modifying IOTAUSD
0	11:08:12.532	trend_dtrader XTIUSD,H1: Failed modifying LINKUSD
0	11:08:13.532	trend_dtrader XTIUSD,H1: Failed modifying LRCUSD
0	11:08:14.598	trend_dtrader XTIUSD,H1: Failed modifying LTCUSD
0	11:08:15.532	trend_dtrader XTIUSD,H1: Failed modifying MANAUSD
0	11:08:16.536	trend_dtrader XTIUSD,H1: Failed modifying MATICUSD
0	11:08:17.555	trend_dtrader XTIUSD,H1: Failed modifying NEARUSD
0	11:08:18.759	trend_dtrader XTIUSD,H1: Failed modifying NZDUSD
0	11:08:19.532	trend_dtrader XTIUSD,H1: Failed modifying SOLUSD
0	11:08:20.559	trend_dtrader XTIUSD,H1: Failed modifying TRXUSD
0	11:08:21.539	trend_dtrader XTIUSD,H1: Alert: Failed UNIUSD
0	11:08:21.539	trend_dtrader XTIUSD,H1: Failed modifying UNIUSD
0	11:08:22.533	trend_dtrader XTIUSD,H1: Failed modifying USDCAD
0	11:08:23.590	trend_dtrader XTIUSD,H1: Failed modifying USDCHF
0	11:08:24.532	trend_dtrader XTIUSD,H1: Failed modifying USDJPY
0	11:08:25.531	trend_dtrader XTIUSD,H1: Failed modifying USDMXN
0	11:08:26.534	trend_dtrader XTIUSD,H1: Failed modifying USDZAR
0	11:08:27.610	trend_dtrader XTIUSD,H1: Failed modifying XAGUSD
0	11:08:28.535	trend_dtrader XTIUSD,H1: Failed modifying XAUUSD
0	11:08:29.536	trend_dtrader XTIUSD,H1: Failed modifying XBRUSD
0	11:08:30.528	trend_dtrader XTIUSD,H1: Failed modifying XNGUSD
0	11:08:31.531	trend_dtrader XTIUSD,H1: Failed modifying XRPUSD
0	11:08:32.532	trend_dtrader XTIUSD,H1: Failed modifying XTIUSD
0	11:08:33.541	trend_dtrader XTIUSD,H1: Failed modifying AAVEUSD
0	11:08:34.554	trend_dtrader XTIUSD,H1: Failed modifying ADAUSD
0	11:08:35.530	trend_dtrader XTIUSD,H1: Failed modifying ALGOUSD
0	11:08:36.700	trend_dtrader XTIUSD,H1: Failed modifying ATOMUSD
0	11:08:37.631	trend_dtrader XTIUSD,H1: Failed modifying AUDUSD
0	11:08:38.585	trend_dtrader XTIUSD,H1: Failed modifying AVAXUSD
0	11:08:39.530	trend_dtrader XTIUSD,H1: Failed modifying AXSUSD
0	11:08:40.563	trend_dtrader XTIUSD,H1: Alert: Failed BCHUSD
0	11:08:40.563	trend_dtrader XTIUSD,H1: Failed modifying BCHUSD
0	11:08:41.530	trend_dtrader XTIUSD,H1: Failed modifying BNBUSD
0	11:08:42.530	trend_dtrader XTIUSD,H1: Failed modifying BTCUSD
0	11:08:43.641	trend_dtrader XTIUSD,H1: Failed modifying DASHUSD
0	11:08:44.533	trend_dtrader XTIUSD,H1: Failed modifying DOGEUSD
0	11:08:45.530	trend_dtrader XTIUSD,H1: Failed modifying DOTUSD
0	11:08:46.777	trend_dtrader XTIUSD,H1: Failed modifying ETCUSD
0	11:08:47.531	trend_dtrader XTIUSD,H1: Failed modifying ETHUSD
0	11:08:48.556	trend_dtrader XTIUSD,H1: Failed modifying EURUSD
0	11:08:49.529	trend_dtrader XTIUSD,H1: Failed modifying FILUSD
0	11:08:50.621	trend_dtrader XTIUSD,H1: Failed modifying FTMUSD
0	11:08:51.616	trend_dtrader XTIUSD,H1: Failed modifying GBPUSD
0	11:08:52.530	trend_dtrader XTIUSD,H1: Failed modifying GRTUSD
0	11:08:53.549	trend_dtrader XTIUSD,H1: Failed modifying ICPUSD
0	11:08:54.526	trend_dtrader XTIUSD,H1: Failed modifying IOTAUSD
0	11:08:55.530	trend_dtrader XTIUSD,H1: Failed modifying LINKUSD
0	11:08:56.531	trend_dtrader XTIUSD,H1: Failed modifying LRCUSD
0	11:08:57.553	trend_dtrader XTIUSD,H1: Failed modifying LTCUSD
0	11:08:58.529	trend_dtrader XTIUSD,H1: Failed modifying MANAUSD
0	11:08:59.529	trend_dtrader XTIUSD,H1: Failed modifying MATICUSD
0	11:09:00.536	trend_dtrader XTIUSD,H1: Failed modifying NEARUSD
0	11:09:01.983	trend_dtrader XTIUSD,H1: Failed modifying NZDUSD
0	11:09:02.554	trend_dtrader XTIUSD,H1: Failed modifying SOLUSD
0	11:09:03.597	trend_dtrader XTIUSD,H1: Failed modifying TRXUSD
0	11:09:04.536	trend_dtrader XTIUSD,H1: Alert: Failed UNIUSD
0	11:09:04.536	trend_dtrader XTIUSD,H1: Failed modifying UNIUSD
0	11:09:05.529	trend_dtrader XTIUSD,H1: Failed modifying USDCAD
0	11:09:06.578	trend_dtrader XTIUSD,H1: Failed modifying USDCHF
0	11:09:07.532	trend_dtrader XTIUSD,H1: Failed modifying USDJPY
0	11:09:08.530	trend_dtrader XTIUSD,H1: Failed modifying USDMXN
0	11:09:09.551	trend_dtrader XTIUSD,H1: Failed modifying USDZAR
0	11:09:10.533	trend_dtrader XTIUSD,H1: Failed modifying XAGUSD
0	11:09:11.534	trend_dtrader XTIUSD,H1: Failed modifying XAUUSD
0	11:09:12.534	trend_dtrader XTIUSD,H1: Failed modifying XBRUSD
0	11:09:13.526	trend_dtrader XTIUSD,H1: Failed modifying XNGUSD
0	11:09:14.530	trend_dtrader XTIUSD,H1: Failed modifying XRPUSD
0	11:09:15.566	trend_dtrader XTIUSD,H1: Failed modifying XTIUSD
0	11:09:16.628	trend_dtrader XTIUSD,H1: Failed modifying AAVEUSD
0	11:09:23.740	trend_dtrader XTIUSD,H1: Failed modifying ADAUSD
0	11:09:24.660	trend_dtrader XTIUSD,H1: Failed modifying ALGOUSD
0	11:09:26.606	trend_dtrader XTIUSD,H1: Failed modifying ATOMUSD
0	11:09:27.940	trend_dtrader XTIUSD,H1: Failed modifying AUDUSD
0	11:09:28.529	trend_dtrader XTIUSD,H1: Failed modifying AVAXUSD
0	11:09:29.532	trend_dtrader XTIUSD,H1: Failed modifying AXSUSD
0	11:09:32.028	trend_dtrader XTIUSD,H1: Alert: Failed BCHUSD
0	11:09:32.028	trend_dtrader XTIUSD,H1: Failed modifying BCHUSD
0	11:09:33.040	trend_dtrader XTIUSD,H1: Failed modifying BNBUSD
0	11:09:34.647	trend_dtrader XTIUSD,H1: Failed modifying BTCUSD
0	11:09:38.002	trend_dtrader XTIUSD,H1: Failed modifying DASHUSD
0	11:09:38.558	trend_dtrader XTIUSD,H1: Failed modifying DOGEUSD
0	11:09:39.527	trend_dtrader XTIUSD,H1: Failed modifying DOTUSD
0	11:09:40.742	trend_dtrader XTIUSD,H1: Failed modifying ETCUSD
0	11:09:41.531	trend_dtrader XTIUSD,H1: Failed modifying ETHUSD
0	11:09:42.530	trend_dtrader XTIUSD,H1: Failed modifying EURUSD
0	11:09:43.529	trend_dtrader XTIUSD,H1: Failed modifying FILUSD
0	11:09:44.532	trend_dtrader XTIUSD,H1: Failed modifying FTMUSD
0	11:09:45.894	trend_dtrader XTIUSD,H1: Failed modifying GBPUSD
0	11:09:50.063	trend_dtrader XTIUSD,H1: Failed modifying GRTUSD
0	11:09:50.605	trend_dtrader XTIUSD,H1: Failed modifying ICPUSD
0	11:09:54.409	trend_dtrader XTIUSD,H1: Failed modifying IOTAUSD
0	11:09:54.533	trend_dtrader XTIUSD,H1: Failed modifying LINKUSD
0	11:09:56.000	trend_dtrader XTIUSD,H1: Failed modifying LRCUSD
0	11:09:57.318	trend_dtrader XTIUSD,H1: Failed modifying LTCUSD
0	11:09:57.980	trend_dtrader XTIUSD,H1: Failed modifying MANAUSD
0	11:09:58.598	trend_dtrader XTIUSD,H1: Failed modifying MATICUSD
0	11:09:59.530	trend_dtrader XTIUSD,H1: Failed modifying NEARUSD
0	11:10:00.530	trend_dtrader XTIUSD,H1: Failed modifying NZDUSD
0	11:10:01.540	trend_dtrader XTIUSD,H1: Failed modifying SOLUSD
0	11:10:02.895	trend_dtrader XTIUSD,H1: Failed modifying TRXUSD
0	11:10:03.535	trend_dtrader XTIUSD,H1: Alert: Failed UNIUSD
0	11:10:03.535	trend_dtrader XTIUSD,H1: Failed modifying UNIUSD
0	11:10:04.528	trend_dtrader XTIUSD,H1: Failed modifying USDCAD
0	11:10:05.529	trend_dtrader XTIUSD,H1: Failed modifying USDCHF
0	11:10:06.527	trend_dtrader XTIUSD,H1: Failed modifying USDJPY
0	11:10:07.528	trend_dtrader XTIUSD,H1: Failed modifying USDMXN
0	11:10:08.530	trend_dtrader XTIUSD,H1: Failed modifying USDZAR
0	11:10:09.530	trend_dtrader XTIUSD,H1: Failed modifying XAGUSD
0	11:10:10.534	trend_dtrader XTIUSD,H1: Failed modifying XAUUSD
0	11:10:11.532	trend_dtrader XTIUSD,H1: Failed modifying XBRUSD
0	11:10:12.528	trend_dtrader XTIUSD,H1: Failed modifying XNGUSD
0	11:10:13.530	trend_dtrader XTIUSD,H1: Failed modifying XRPUSD
0	11:10:14.859	trend_dtrader XTIUSD,H1: Failed modifying XTIUSD
0	11:10:15.528	trend_dtrader XTIUSD,H1: Failed modifying AAVEUSD
0	11:10:16.665	trend_dtrader XTIUSD,H1: Failed modifying ADAUSD
0	11:10:17.527	trend_dtrader XTIUSD,H1: Failed modifying ALGOUSD
0	11:10:18.576	trend_dtrader XTIUSD,H1: Failed modifying ATOMUSD
0	11:10:19.567	trend_dtrader XTIUSD,H1: Failed modifying AUDUSD
0	11:10:20.567	trend_dtrader XTIUSD,H1: Failed modifying AVAXUSD
0	11:10:21.714	trend_dtrader XTIUSD,H1: Failed modifying AXSUSD
0	11:10:22.532	trend_dtrader XTIUSD,H1: Alert: Failed BCHUSD
0	11:10:22.532	trend_dtrader XTIUSD,H1: Failed modifying BCHUSD
0	11:10:23.530	trend_dtrader XTIUSD,H1: Failed modifying BNBUSD
0	11:10:24.594	trend_dtrader XTIUSD,H1: Failed modifying BTCUSD
0	11:10:25.526	trend_dtrader XTIUSD,H1: Failed modifying DASHUSD
0	11:10:26.617	trend_dtrader XTIUSD,H1: Failed modifying DOGEUSD
0	11:10:27.526	trend_dtrader XTIUSD,H1: Failed modifying DOTUSD
0	11:10:28.968	trend_dtrader XTIUSD,H1: Failed modifying ETCUSD
0	11:10:29.532	trend_dtrader XTIUSD,H1: Failed modifying ETHUSD
0	11:10:30.575	trend_dtrader XTIUSD,H1: Failed modifying EURUSD
0	11:10:31.553	trend_dtrader XTIUSD,H1: Failed modifying FILUSD
0	11:10:32.624	trend_dtrader XTIUSD,H1: Failed modifying FTMUSD
0	11:10:33.530	trend_dtrader XTIUSD,H1: Failed modifying GBPUSD
0	11:10:34.524	trend_dtrader XTIUSD,H1: Failed modifying GRTUSD
0	11:10:35.529	trend_dtrader XTIUSD,H1: Failed modifying ICPUSD
0	11:10:36.600	trend_dtrader XTIUSD,H1: Failed modifying IOTAUSD
0	11:10:37.621	trend_dtrader XTIUSD,H1: Failed modifying LINKUSD
0	11:10:38.604	trend_dtrader XTIUSD,H1: Failed modifying LRCUSD
0	11:10:39.539	trend_dtrader XTIUSD,H1: Failed modifying LTCUSD
0	11:10:40.614	trend_dtrader XTIUSD,H1: Failed modifying MANAUSD
0	11:10:42.000	trend_dtrader XTIUSD,H1: Failed modifying MATICUSD
0	11:10:42.793	trend_dtrader XTIUSD,H1: Failed modifying NEARUSD
0	11:10:43.528	trend_dtrader XTIUSD,H1: Failed modifying NZDUSD
0	11:10:44.529	trend_dtrader XTIUSD,H1: Failed modifying SOLUSD
0	11:10:45.599	trend_dtrader XTIUSD,H1: Failed modifying TRXUSD
0	11:10:46.542	trend_dtrader XTIUSD,H1: Alert: Failed UNIUSD
0	11:10:46.542	trend_dtrader XTIUSD,H1: Failed modifying UNIUSD
0	11:10:47.526	trend_dtrader XTIUSD,H1: Failed modifying USDCAD
0	11:10:48.527	trend_dtrader XTIUSD,H1: Failed modifying USDCHF
0	11:10:49.665	trend_dtrader XTIUSD,H1: Failed modifying USDJPY
0	11:10:50.537	trend_dtrader XTIUSD,H1: Failed modifying USDMXN
0	11:10:51.533	trend_dtrader XTIUSD,H1: Failed modifying USDZAR
0	11:10:52.530	trend_dtrader XTIUSD,H1: Failed modifying XAGUSD
0	11:10:53.533	trend_dtrader XTIUSD,H1: Failed modifying XAUUSD
0	11:10:54.573	trend_dtrader XTIUSD,H1: Failed modifying XBRUSD
0	11:10:55.523	trend_dtrader XTIUSD,H1: Failed modifying XNGUSD
0	11:10:56.614	trend_dtrader XTIUSD,H1: Failed modifying XRPUSD
0	11:10:57.569	trend_dtrader XTIUSD,H1: Failed modifying XTIUSD
0	11:10:58.532	trend_dtrader XTIUSD,H1: Failed modifying AAVEUSD
0	11:10:59.564	trend_dtrader XTIUSD,H1: Failed modifying ADAUSD
0	11:11:00.812	trend_dtrader XTIUSD,H1: Failed modifying ALGOUSD
0	11:11:01.594	trend_dtrader XTIUSD,H1: Failed modifying ATOMUSD
0	11:11:02.529	trend_dtrader XTIUSD,H1: Failed modifying AUDUSD
0	11:11:03.525	trend_dtrader XTIUSD,H1: Failed modifying AVAXUSD
0	11:11:04.526	trend_dtrader XTIUSD,H1: Failed modifying AXSUSD
0	11:11:05.725	trend_dtrader XTIUSD,H1: Alert: Failed BCHUSD
0	11:11:05.725	trend_dtrader XTIUSD,H1: Failed modifying BCHUSD
0	11:11:06.525	trend_dtrader XTIUSD,H1: Failed modifying BNBUSD
0	11:11:07.600	trend_dtrader XTIUSD,H1: Failed modifying BTCUSD
0	11:11:08.524	trend_dtrader XTIUSD,H1: Failed modifying DASHUSD
0	11:11:09.528	trend_dtrader XTIUSD,H1: Failed modifying DOGEUSD
0	11:11:10.594	trend_dtrader XTIUSD,H1: Failed modifying DOTUSD
0	11:11:11.531	trend_dtrader XTIUSD,H1: Failed modifying ETCUSD
0	11:11:13.066	trend_dtrader XTIUSD,H1: Failed modifying ETHUSD
0	11:11:13.524	trend_dtrader XTIUSD,H1: Failed modifying EURUSD
0	11:11:14.646	trend_dtrader XTIUSD,H1: Failed modifying FILUSD
0	11:11:15.543	trend_dtrader XTIUSD,H1: Failed modifying FTMUSD
0	11:11:16.553	trend_dtrader XTIUSD,H1: Failed modifying GBPUSD
0	11:11:17.828	trend_dtrader XTIUSD,H1: Failed modifying GRTUSD
0	11:11:18.528	trend_dtrader XTIUSD,H1: Failed modifying ICPUSD
0	11:11:19.569	trend_dtrader XTIUSD,H1: Failed modifying IOTAUSD
0	11:11:20.555	trend_dtrader XTIUSD,H1: Failed modifying LINKUSD
0	11:11:21.526	trend_dtrader XTIUSD,H1: Failed modifying LRCUSD
0	11:11:22.529	trend_dtrader XTIUSD,H1: Failed modifying LTCUSD
0	11:11:23.524	trend_dtrader XTIUSD,H1: Failed modifying MANAUSD
0	11:11:24.529	trend_dtrader XTIUSD,H1: Failed modifying MATICUSD
0	11:11:25.524	trend_dtrader XTIUSD,H1: Failed modifying NEARUSD
0	11:11:26.586	trend_dtrader XTIUSD,H1: Failed modifying NZDUSD
0	11:11:27.524	trend_dtrader XTIUSD,H1: Failed modifying SOLUSD
0	11:11:28.537	trend_dtrader XTIUSD,H1: Failed modifying TRXUSD
0	11:11:29.742	trend_dtrader XTIUSD,H1: Alert: Failed UNIUSD
0	11:11:29.743	trend_dtrader XTIUSD,H1: Failed modifying UNIUSD
0	11:11:30.525	trend_dtrader XTIUSD,H1: Failed modifying USDCAD
0	11:11:31.537	trend_dtrader XTIUSD,H1: Failed modifying USDCHF
0	11:11:32.529	trend_dtrader XTIUSD,H1: Failed modifying USDJPY
0	11:11:33.525	trend_dtrader XTIUSD,H1: Failed modifying USDMXN
0	11:11:34.531	trend_dtrader XTIUSD,H1: Failed modifying USDZAR
0	11:11:35.586	trend_dtrader XTIUSD,H1: Failed modifying XAGUSD
0	11:11:36.527	trend_dtrader XTIUSD,H1: Failed modifying XAUUSD
0	11:11:37.663	trend_dtrader XTIUSD,H1: Failed modifying XBRUSD
0	11:11:38.524	trend_dtrader XTIUSD,H1: Failed modifying XNGUSD
0	11:11:39.524	trend_dtrader XTIUSD,H1: Failed modifying XRPUSD
0	11:11:40.528	trend_dtrader XTIUSD,H1: Failed modifying XTIUSD
0	11:11:41.523	trend_dtrader XTIUSD,H1: Failed modifying AAVEUSD
0	11:11:42.652	trend_dtrader XTIUSD,H1: Failed modifying ADAUSD
0	11:11:43.559	trend_dtrader XTIUSD,H1: Failed modifying ALGOUSD
0	11:11:44.700	trend_dtrader XTIUSD,H1: Failed modifying ATOMUSD
0	11:11:45.527	trend_dtrader XTIUSD,H1: Failed modifying AUDUSD
0	11:11:46.622	trend_dtrader XTIUSD,H1: Failed modifying AVAXUSD
0	11:11:47.537	trend_dtrader XTIUSD,H1: Failed modifying AXSUSD
0	11:11:48.537	trend_dtrader XTIUSD,H1: Alert: Failed BCHUSD
0	11:11:48.537	trend_dtrader XTIUSD,H1: Failed modifying BCHUSD
0	11:11:49.555	trend_dtrader XTIUSD,H1: Failed modifying BNBUSD
0	11:11:50.571	trend_dtrader XTIUSD,H1: Failed modifying BTCUSD
0	11:11:51.522	trend_dtrader XTIUSD,H1: Failed modifying DASHUSD
0	11:11:52.526	trend_dtrader XTIUSD,H1: Failed modifying DOGEUSD
0	11:11:53.523	trend_dtrader XTIUSD,H1: Failed modifying DOTUSD
0	11:11:54.562	trend_dtrader XTIUSD,H1: Failed modifying ETCUSD
0	11:11:55.521	trend_dtrader XTIUSD,H1: Failed modifying ETHUSD
0	11:11:56.545	trend_dtrader XTIUSD,H1: Failed modifying EURUSD
0	11:11:57.523	trend_dtrader XTIUSD,H1: Failed modifying FILUSD
0	11:11:58.523	trend_dtrader XTIUSD,H1: Failed modifying FTMUSD
0	11:11:59.526	trend_dtrader XTIUSD,H1: Failed modifying GBPUSD
0	11:12:01.622	trend_dtrader XTIUSD,H1: Failed modifying ICPUSD
0	11:12:02.558	trend_dtrader XTIUSD,H1: Failed modifying IOTAUSD
0	11:12:12.542	trend_dtrader XTIUSD,H1: Alert: Failed UNIUSD
0	11:12:31.528	trend_dtrader XTIUSD,H1: Alert: Failed BCHUSD
0	11:12:55.599	trend_dtrader XTIUSD,H1: Alert: Failed UNIUSD
0	11:13:14.524	trend_dtrader XTIUSD,H1: Alert: Failed BCHUSD
0	11:13:38.527	trend_dtrader XTIUSD,H1: Alert: Failed UNIUSD
0	11:13:57.528	trend_dtrader XTIUSD,H1: Alert: Failed BCHUSD
0	11:14:21.525	trend_dtrader XTIUSD,H1: Alert: Failed UNIUSD
0	11:14:40.526	trend_dtrader XTIUSD,H1: Alert: Failed BCHUSD
0	11:15:04.524	trend_dtrader XTIUSD,H1: Alert: Failed UNIUSD
0	11:15:23.520	trend_dtrader XTIUSD,H1: Alert: Failed BCHUSD
0	11:15:47.531	trend_dtrader XTIUSD,H1: Alert: Failed UNIUSD
0	11:16:06.520	trend_dtrader XTIUSD,H1: Alert: Failed BCHUSD
0	11:16:30.521	trend_dtrader XTIUSD,H1: Alert: Failed UNIUSD
0	11:16:49.652	trend_dtrader XTIUSD,H1: Alert: Failed BCHUSD
0	11:17:13.521	trend_dtrader XTIUSD,H1: Alert: Failed UNIUSD
0	11:17:32.517	trend_dtrader XTIUSD,H1: Alert: Failed BCHUSD
0	11:17:56.523	trend_dtrader XTIUSD,H1: Alert: Failed UNIUSD
0	11:18:15.525	trend_dtrader XTIUSD,H1: Alert: Failed BCHUSD
0	11:18:39.575	trend_dtrader XTIUSD,H1: Alert: Failed UNIUSD
0	11:18:58.552	trend_dtrader XTIUSD,H1: Alert: Failed BCHUSD
0	11:19:22.969	trend_dtrader XTIUSD,H1: Alert: Failed UNIUSD
0	11:19:41.554	trend_dtrader XTIUSD,H1: Alert: Failed BCHUSD
0	11:20:05.556	trend_dtrader XTIUSD,H1: Alert: Failed UNIUSD
0	11:20:24.554	trend_dtrader XTIUSD,H1: Alert: Failed BCHUSD
0	11:20:48.595	trend_dtrader XTIUSD,H1: Alert: Failed UNIUSD
0	11:21:07.636	trend_dtrader XTIUSD,H1: Alert: Failed BCHUSD
0	11:21:31.552	trend_dtrader XTIUSD,H1: Alert: Failed UNIUSD
0	11:21:50.552	trend_dtrader XTIUSD,H1: Alert: Failed BCHUSD
0	11:22:14.551	trend_dtrader XTIUSD,H1: Alert: Failed UNIUSD
0	11:22:33.729	trend_dtrader XTIUSD,H1: Alert: Failed BCHUSD
0	11:22:57.551	trend_dtrader XTIUSD,H1: Alert: Failed UNIUSD
0	11:23:16.561	trend_dtrader XTIUSD,H1: Alert: Failed BCHUSD
0	11:23:58.427	trend_dtrader XTIUSD,H1: Alert: Failed UNIUSD
0	11:24:32.567	trend_dtrader XTIUSD,H1: Alert: Failed BCHUSD
0	11:24:59.573	trend_dtrader XTIUSD,H1: Alert: Failed UNIUSD
0	11:25:18.561	trend_dtrader XTIUSD,H1: Alert: Failed BCHUSD
0	11:25:49.584	trend_dtrader XTIUSD,H1: Alert: Failed UNIUSD
0	11:26:21.621	trend_dtrader XTIUSD,H1: Alert: Failed BCHUSD
0	11:26:50.558	trend_dtrader XTIUSD,H1: Alert: Failed UNIUSD
0	11:26:56.955	trend_dtrader XTIUSD,H1: Failed modifying USDZAR
0	11:26:57.648	trend_dtrader XTIUSD,H1: Failed modifying XAGUSD
0	11:26:58.695	trend_dtrader XTIUSD,H1: Failed modifying XAUUSD
0	11:26:59.703	trend_dtrader XTIUSD,H1: Failed modifying XBRUSD
0	11:27:00.908	trend_dtrader XTIUSD,H1: Failed modifying XNGUSD
0	11:27:01.723	trend_dtrader XTIUSD,H1: Failed modifying XRPUSD
0	11:27:02.853	trend_dtrader XTIUSD,H1: Failed modifying XTIUSD
0	11:27:03.987	trend_dtrader XTIUSD,H1: Failed modifying AAVEUSD
0	11:27:04.633	trend_dtrader XTIUSD,H1: Failed modifying ADAUSD
0	11:27:05.544	trend_dtrader XTIUSD,H1: Failed modifying ALGOUSD
0	11:27:06.553	trend_dtrader XTIUSD,H1: Failed modifying ATOMUSD
0	11:27:08.638	trend_dtrader XTIUSD,H1: Failed modifying AUDUSD
0	11:27:09.670	trend_dtrader XTIUSD,H1: Failed modifying AVAXUSD
0	11:27:10.851	trend_dtrader XTIUSD,H1: Failed modifying AXSUSD
0	11:27:11.563	trend_dtrader XTIUSD,H1: Alert: Failed BCHUSD
0	11:27:11.563	trend_dtrader XTIUSD,H1: Failed modifying BCHUSD
0	11:27:12.546	trend_dtrader XTIUSD,H1: Failed modifying BNBUSD
0	11:27:13.586	trend_dtrader XTIUSD,H1: Failed modifying BTCUSD
0	11:27:14.540	trend_dtrader XTIUSD,H1: Failed modifying DASHUSD
0	11:27:19.316	trend_dtrader XTIUSD,H1: Failed modifying DOGEUSD
0	11:27:20.056	trend_dtrader XTIUSD,H1: Failed modifying DOTUSD
0	11:27:20.553	trend_dtrader XTIUSD,H1: Failed modifying ETCUSD
0	11:27:22.048	trend_dtrader XTIUSD,H1: Failed modifying ETHUSD
0	11:27:22.713	trend_dtrader XTIUSD,H1: Failed modifying EURUSD
0	11:27:23.625	trend_dtrader XTIUSD,H1: Failed modifying FILUSD
0	11:27:25.445	trend_dtrader XTIUSD,H1: Failed modifying FTMUSD
0	11:27:25.602	trend_dtrader XTIUSD,H1: Failed modifying GBPUSD
0	11:27:26.539	trend_dtrader XTIUSD,H1: Failed modifying GRTUSD
0	11:27:28.062	trend_dtrader XTIUSD,H1: Failed modifying ICPUSD
0	11:27:28.722	trend_dtrader XTIUSD,H1: Failed modifying IOTAUSD
0	11:27:29.547	trend_dtrader XTIUSD,H1: Failed modifying LINKUSD
0	11:27:30.545	trend_dtrader XTIUSD,H1: Failed modifying LRCUSD
0	11:27:36.338	trend_dtrader XTIUSD,H1: Failed modifying LTCUSD
0	11:27:36.545	trend_dtrader XTIUSD,H1: Failed modifying MANAUSD
0	11:27:37.913	trend_dtrader XTIUSD,H1: Failed modifying MATICUSD
0	11:27:38.628	trend_dtrader XTIUSD,H1: Failed modifying NEARUSD
0	11:27:40.415	trend_dtrader XTIUSD,H1: Failed modifying NZDUSD
0	11:27:40.543	trend_dtrader XTIUSD,H1: Failed modifying SOLUSD
0	11:27:41.655	trend_dtrader XTIUSD,H1: Failed modifying TRXUSD
0	11:27:43.830	trend_dtrader XTIUSD,H1: Alert: Failed UNIUSD
0	11:27:43.830	trend_dtrader XTIUSD,H1: Failed modifying UNIUSD
0	11:27:44.539	trend_dtrader XTIUSD,H1: Failed modifying USDCAD
0	11:27:45.923	trend_dtrader XTIUSD,H1: Failed modifying USDCHF
0	11:27:46.642	trend_dtrader XTIUSD,H1: Failed modifying USDJPY
0	11:27:47.627	trend_dtrader XTIUSD,H1: Failed modifying USDMXN
0	11:27:49.379	trend_dtrader XTIUSD,H1: Failed modifying USDZAR
0	11:27:49.785	trend_dtrader XTIUSD,H1: Failed modifying XAGUSD
0	11:27:50.578	trend_dtrader XTIUSD,H1: Failed modifying XAUUSD
0	11:27:51.555	trend_dtrader XTIUSD,H1: Failed modifying XBRUSD
0	11:27:52.554	trend_dtrader XTIUSD,H1: Failed modifying XNGUSD
0	11:27:53.560	trend_dtrader XTIUSD,H1: Failed modifying XRPUSD
0	11:27:54.551	trend_dtrader XTIUSD,H1: Failed modifying XTIUSD
0	11:27:55.553	trend_dtrader XTIUSD,H1: Failed modifying AAVEUSD
0	11:27:56.539	trend_dtrader XTIUSD,H1: Failed modifying ADAUSD
0	11:27:57.542	trend_dtrader XTIUSD,H1: Failed modifying ALGOUSD
0	11:27:58.547	trend_dtrader XTIUSD,H1: Failed modifying ATOMUSD
0	11:28:00.691	trend_dtrader XTIUSD,H1: Failed modifying AUDUSD
0	11:28:02.751	trend_dtrader XTIUSD,H1: Failed modifying AVAXUSD
0	11:28:03.545	trend_dtrader XTIUSD,H1: Failed modifying AXSUSD
0	11:28:04.576	trend_dtrader XTIUSD,H1: Alert: Failed BCHUSD
0	11:28:04.576	trend_dtrader XTIUSD,H1: Failed modifying BCHUSD
0	11:28:05.617	trend_dtrader XTIUSD,H1: Failed modifying BNBUSD
0	11:28:06.823	trend_dtrader XTIUSD,H1: Failed modifying BTCUSD
0	11:28:07.799	trend_dtrader XTIUSD,H1: Failed modifying DASHUSD
0	11:28:08.714	trend_dtrader XTIUSD,H1: Failed modifying DOGEUSD
0	11:28:09.918	trend_dtrader XTIUSD,H1: Failed modifying DOTUSD
0	11:28:10.566	trend_dtrader XTIUSD,H1: Failed modifying ETCUSD
0	11:28:11.542	trend_dtrader XTIUSD,H1: Failed modifying ETHUSD
0	11:28:12.541	trend_dtrader XTIUSD,H1: Failed modifying EURUSD
0	11:28:13.546	trend_dtrader XTIUSD,H1: Failed modifying FILUSD
0	11:28:14.540	trend_dtrader XTIUSD,H1: Failed modifying FTMUSD
0	11:28:15.551	trend_dtrader XTIUSD,H1: Failed modifying GBPUSD
0	11:28:16.698	trend_dtrader XTIUSD,H1: Failed modifying GRTUSD
0	11:28:17.632	trend_dtrader XTIUSD,H1: Failed modifying ICPUSD
0	11:28:18.549	trend_dtrader XTIUSD,H1: Failed modifying IOTAUSD
0	11:28:19.608	trend_dtrader XTIUSD,H1: Failed modifying LINKUSD
0	11:28:20.634	trend_dtrader XTIUSD,H1: Failed modifying LRCUSD
0	11:28:21.554	trend_dtrader XTIUSD,H1: Failed modifying LTCUSD
0	11:28:22.575	trend_dtrader XTIUSD,H1: Failed modifying MANAUSD
0	11:28:23.543	trend_dtrader XTIUSD,H1: Failed modifying MATICUSD
0	11:28:25.179	trend_dtrader XTIUSD,H1: Failed modifying NEARUSD
0	11:28:25.768	trend_dtrader XTIUSD,H1: Failed modifying NZDUSD
0	11:28:26.582	trend_dtrader XTIUSD,H1: Failed modifying SOLUSD
0	11:28:28.008	trend_dtrader XTIUSD,H1: Failed modifying TRXUSD
0	11:28:28.560	trend_dtrader XTIUSD,H1: Alert: Failed UNIUSD
0	11:28:28.560	trend_dtrader XTIUSD,H1: Failed modifying UNIUSD
0	11:28:29.582	trend_dtrader XTIUSD,H1: Failed modifying USDCAD
0	11:28:30.537	trend_dtrader XTIUSD,H1: Failed modifying USDCHF
0	11:28:31.549	trend_dtrader XTIUSD,H1: Failed modifying USDJPY
0	11:28:32.581	trend_dtrader XTIUSD,H1: Failed modifying USDMXN
0	11:28:33.565	trend_dtrader XTIUSD,H1: Failed modifying USDZAR
0	11:28:34.542	trend_dtrader XTIUSD,H1: Failed modifying XAGUSD
0	11:28:35.669	trend_dtrader XTIUSD,H1: Failed modifying XAUUSD
0	11:28:37.194	trend_dtrader XTIUSD,H1: Failed modifying XBRUSD
0	11:28:37.624	trend_dtrader XTIUSD,H1: Failed modifying XNGUSD
0	11:28:38.689	trend_dtrader XTIUSD,H1: Failed modifying XRPUSD
0	11:28:39.549	trend_dtrader XTIUSD,H1: Failed modifying XTIUSD
0	11:28:41.068	trend_dtrader XTIUSD,H1: Failed modifying AAVEUSD
0	11:28:41.897	trend_dtrader XTIUSD,H1: Failed modifying ADAUSD
0	11:28:42.553	trend_dtrader XTIUSD,H1: Failed modifying ALGOUSD
0	11:28:43.548	trend_dtrader XTIUSD,H1: Failed modifying ATOMUSD
0	11:28:44.730	trend_dtrader XTIUSD,H1: Failed modifying AUDUSD
0	11:28:46.166	trend_dtrader XTIUSD,H1: Failed modifying AVAXUSD
0	11:28:46.835	trend_dtrader XTIUSD,H1: Failed modifying AXSUSD
0	11:28:47.549	trend_dtrader XTIUSD,H1: Alert: Failed BCHUSD
0	11:28:47.549	trend_dtrader XTIUSD,H1: Failed modifying BCHUSD
0	11:28:49.221	trend_dtrader XTIUSD,H1: Failed modifying BNBUSD
0	11:28:49.538	trend_dtrader XTIUSD,H1: Failed modifying BTCUSD
0	11:28:50.537	trend_dtrader XTIUSD,H1: Failed modifying DASHUSD
0	11:28:51.550	trend_dtrader XTIUSD,H1: Failed modifying DOGEUSD
0	11:28:52.554	trend_dtrader XTIUSD,H1: Failed modifying DOTUSD
0	11:28:53.552	trend_dtrader XTIUSD,H1: Failed modifying ETCUSD
0	11:28:54.537	trend_dtrader XTIUSD,H1: Failed modifying ETHUSD
0	11:28:55.540	trend_dtrader XTIUSD,H1: Failed modifying EURUSD
0	11:28:56.540	trend_dtrader XTIUSD,H1: Failed modifying FILUSD
0	11:28:57.538	trend_dtrader XTIUSD,H1: Failed modifying FTMUSD
0	11:28:58.864	trend_dtrader XTIUSD,H1: Failed modifying GBPUSD
0	11:28:59.722	trend_dtrader XTIUSD,H1: Failed modifying GRTUSD
0	11:29:00.559	trend_dtrader XTIUSD,H1: Failed modifying ICPUSD
0	11:29:01.578	trend_dtrader XTIUSD,H1: Failed modifying IOTAUSD
0	11:29:02.534	trend_dtrader XTIUSD,H1: Failed modifying LINKUSD
0	11:29:03.601	trend_dtrader XTIUSD,H1: Failed modifying LRCUSD
0	11:29:04.692	trend_dtrader XTIUSD,H1: Failed modifying LTCUSD
0	11:29:05.548	trend_dtrader XTIUSD,H1: Failed modifying MANAUSD
0	11:29:06.580	trend_dtrader XTIUSD,H1: Failed modifying MATICUSD
0	11:29:07.663	trend_dtrader XTIUSD,H1: Failed modifying NEARUSD
0	11:29:08.592	trend_dtrader XTIUSD,H1: Failed modifying NZDUSD
0	11:29:09.543	trend_dtrader XTIUSD,H1: Failed modifying SOLUSD
0	11:29:10.548	trend_dtrader XTIUSD,H1: Failed modifying TRXUSD
0	11:29:11.682	trend_dtrader XTIUSD,H1: Alert: Failed UNIUSD
0	11:29:11.682	trend_dtrader XTIUSD,H1: Failed modifying UNIUSD
0	11:29:12.742	trend_dtrader XTIUSD,H1: Failed modifying USDCAD
0	11:29:13.603	trend_dtrader XTIUSD,H1: Failed modifying USDCHF
0	11:29:15.067	trend_dtrader XTIUSD,H1: Failed modifying USDJPY
0	11:29:15.543	trend_dtrader XTIUSD,H1: Failed modifying USDMXN
0	11:29:16.544	trend_dtrader XTIUSD,H1: Failed modifying USDZAR
0	11:29:17.600	trend_dtrader XTIUSD,H1: Failed modifying XAGUSD
0	11:29:19.120	trend_dtrader XTIUSD,H1: Failed modifying XAUUSD
0	11:29:19.624	trend_dtrader XTIUSD,H1: Failed modifying XBRUSD
0	11:29:20.533	trend_dtrader XTIUSD,H1: Failed modifying XNGUSD
0	11:29:21.877	trend_dtrader XTIUSD,H1: Failed modifying XRPUSD
0	11:29:23.290	trend_dtrader XTIUSD,H1: Failed modifying XTIUSD
0	11:29:23.540	trend_dtrader XTIUSD,H1: Failed modifying AAVEUSD
0	11:29:24.539	trend_dtrader XTIUSD,H1: Failed modifying ADAUSD
0	11:29:25.660	trend_dtrader XTIUSD,H1: Failed modifying ALGOUSD
0	11:29:26.928	trend_dtrader XTIUSD,H1: Failed modifying ATOMUSD
0	11:29:27.544	trend_dtrader XTIUSD,H1: Failed modifying AUDUSD
0	11:29:28.774	trend_dtrader XTIUSD,H1: Failed modifying AVAXUSD
0	11:29:29.608	trend_dtrader XTIUSD,H1: Failed modifying AXSUSD
0	11:29:30.549	trend_dtrader XTIUSD,H1: Alert: Failed BCHUSD
0	11:29:30.549	trend_dtrader XTIUSD,H1: Failed modifying BCHUSD
0	11:29:31.595	trend_dtrader XTIUSD,H1: Failed modifying BNBUSD
0	11:29:32.628	trend_dtrader XTIUSD,H1: Failed modifying BTCUSD
0	11:29:33.536	trend_dtrader XTIUSD,H1: Failed modifying DASHUSD
0	11:29:34.711	trend_dtrader XTIUSD,H1: Failed modifying DOGEUSD
0	11:29:35.638	trend_dtrader XTIUSD,H1: Failed modifying DOTUSD
0	11:29:36.755	trend_dtrader XTIUSD,H1: Failed modifying ETCUSD
0	11:29:38.192	trend_dtrader XTIUSD,H1: Failed modifying ETHUSD
0	11:29:38.535	trend_dtrader XTIUSD,H1: Failed modifying EURUSD
0	11:29:39.568	trend_dtrader XTIUSD,H1: Failed modifying FILUSD
0	11:29:40.537	trend_dtrader XTIUSD,H1: Failed modifying FTMUSD
0	11:29:42.949	trend_dtrader XTIUSD,H1: Failed modifying GBPUSD
0	11:29:44.710	trend_dtrader XTIUSD,H1: Failed modifying GRTUSD
0	11:29:46.089	trend_dtrader XTIUSD,H1: Failed modifying ICPUSD
0	11:29:46.541	trend_dtrader XTIUSD,H1: Failed modifying IOTAUSD
0	11:29:50.649	trend_dtrader XTIUSD,H1: Failed modifying LINKUSD
0	11:29:51.536	trend_dtrader XTIUSD,H1: Failed modifying LRCUSD
0	11:29:52.553	trend_dtrader XTIUSD,H1: Failed modifying LTCUSD
0	11:29:53.542	trend_dtrader XTIUSD,H1: Failed modifying MANAUSD
0	11:29:54.675	trend_dtrader XTIUSD,H1: Failed modifying MATICUSD
0	11:29:55.746	trend_dtrader XTIUSD,H1: Failed modifying NEARUSD
0	11:29:58.706	trend_dtrader XTIUSD,H1: Failed modifying NZDUSD
0	11:29:59.594	trend_dtrader XTIUSD,H1: Failed modifying SOLUSD
0	11:30:00.903	trend_dtrader XTIUSD,H1: Failed modifying TRXUSD
0	11:30:02.782	trend_dtrader XTIUSD,H1: Alert: Failed UNIUSD
0	11:30:02.782	trend_dtrader XTIUSD,H1: Failed modifying UNIUSD
0	11:30:03.610	trend_dtrader XTIUSD,H1: Failed modifying USDCAD
0	11:30:04.556	trend_dtrader XTIUSD,H1: Failed modifying USDCHF
0	11:30:05.543	trend_dtrader XTIUSD,H1: Failed modifying USDJPY
0	11:30:06.588	trend_dtrader XTIUSD,H1: Failed modifying USDMXN
0	11:30:07.779	trend_dtrader XTIUSD,H1: Failed modifying USDZAR
0	11:30:08.709	trend_dtrader XTIUSD,H1: Failed modifying XAGUSD
0	11:30:10.313	trend_dtrader XTIUSD,H1: Failed modifying XAUUSD
0	11:30:11.185	trend_dtrader XTIUSD,H1: Failed modifying XBRUSD
0	11:30:13.859	trend_dtrader XTIUSD,H1: Failed modifying XNGUSD
0	11:30:17.985	trend_dtrader XTIUSD,H1: Failed modifying XRPUSD
0	11:30:18.660	trend_dtrader XTIUSD,H1: Failed modifying XTIUSD
0	11:30:19.548	trend_dtrader XTIUSD,H1: Failed modifying AAVEUSD
0	11:30:20.866	trend_dtrader XTIUSD,H1: Failed modifying ADAUSD
0	11:30:25.086	trend_dtrader XTIUSD,H1: Failed modifying ALGOUSD
0	11:30:25.549	trend_dtrader XTIUSD,H1: Failed modifying ATOMUSD
0	11:30:27.085	trend_dtrader XTIUSD,H1: Failed modifying AUDUSD
0	11:30:27.680	trend_dtrader XTIUSD,H1: Failed modifying AVAXUSD
0	11:30:33.012	trend_dtrader XTIUSD,H1: Failed modifying AXSUSD
0	11:30:36.346	trend_dtrader XTIUSD,H1: Alert: Failed BCHUSD
0	11:30:36.346	trend_dtrader XTIUSD,H1: Failed modifying BCHUSD
0	11:30:36.720	trend_dtrader XTIUSD,H1: Failed modifying BNBUSD
0	11:30:37.911	trend_dtrader XTIUSD,H1: Failed modifying BTCUSD
0	11:30:38.717	trend_dtrader XTIUSD,H1: Failed modifying DASHUSD
0	11:30:43.413	trend_dtrader XTIUSD,H1: Failed modifying DOGEUSD
0	11:30:43.634	trend_dtrader XTIUSD,H1: Failed modifying DOTUSD
0	11:30:44.551	trend_dtrader XTIUSD,H1: Failed modifying ETCUSD
0	11:30:51.443	trend_dtrader XTIUSD,H1: Failed modifying ETHUSD
0	11:30:51.534	trend_dtrader XTIUSD,H1: Failed modifying EURUSD
0	11:30:52.529	trend_dtrader XTIUSD,H1: Failed modifying FILUSD
0	11:30:53.802	trend_dtrader XTIUSD,H1: Failed modifying FTMUSD
0	11:30:54.544	trend_dtrader XTIUSD,H1: Failed modifying GBPUSD
0	11:30:55.536	trend_dtrader XTIUSD,H1: Failed modifying GRTUSD
0	11:30:56.535	trend_dtrader XTIUSD,H1: Failed modifying ICPUSD
0	11:30:57.798	trend_dtrader XTIUSD,H1: Failed modifying IOTAUSD
0	11:30:58.536	trend_dtrader XTIUSD,H1: Failed modifying LINKUSD
0	11:31:05.000	trend_dtrader XTIUSD,H1: Failed modifying LRCUSD
0	11:31:06.810	trend_dtrader XTIUSD,H1: Failed modifying LTCUSD
0	11:31:07.539	trend_dtrader XTIUSD,H1: Failed modifying MANAUSD
0	11:31:08.545	trend_dtrader XTIUSD,H1: Failed modifying MATICUSD
0	11:31:09.665	trend_dtrader XTIUSD,H1: Failed modifying NEARUSD
0	11:31:10.541	trend_dtrader XTIUSD,H1: Failed modifying NZDUSD
0	11:31:14.220	trend_dtrader XTIUSD,H1: Failed modifying SOLUSD
0	11:31:14.550	trend_dtrader XTIUSD,H1: Failed modifying TRXUSD
0	11:31:17.415	trend_dtrader XTIUSD,H1: Alert: Failed UNIUSD
0	11:31:17.415	trend_dtrader XTIUSD,H1: Failed modifying UNIUSD
0	11:31:17.935	trend_dtrader XTIUSD,H1: Failed modifying USDCAD
0	11:31:18.836	trend_dtrader XTIUSD,H1: Failed modifying USDCHF
0	11:31:19.921	trend_dtrader XTIUSD,H1: Failed modifying USDJPY
0	11:31:20.556	trend_dtrader XTIUSD,H1: Failed modifying USDMXN
0	11:31:21.540	trend_dtrader XTIUSD,H1: Failed modifying USDZAR
0	11:31:22.658	trend_dtrader XTIUSD,H1: Failed modifying XAGUSD
0	11:31:23.549	trend_dtrader XTIUSD,H1: Failed modifying XAUUSD
0	11:31:25.050	trend_dtrader XTIUSD,H1: Failed modifying XBRUSD
0	11:31:25.532	trend_dtrader XTIUSD,H1: Failed modifying XNGUSD
0	11:31:26.810	trend_dtrader XTIUSD,H1: Failed modifying XRPUSD
0	11:31:28.345	trend_dtrader XTIUSD,H1: Failed modifying XTIUSD
0	11:31:29.216	trend_dtrader XTIUSD,H1: Failed modifying AAVEUSD
0	11:31:31.605	trend_dtrader XTIUSD,H1: Failed modifying ADAUSD
0	11:31:34.692	trend_dtrader XTIUSD,H1: Failed modifying ALGOUSD
0	11:31:36.579	trend_dtrader XTIUSD,H1: Failed modifying ATOMUSD
0	11:31:37.544	trend_dtrader XTIUSD,H1: Failed modifying AUDUSD
0	11:31:39.082	trend_dtrader XTIUSD,H1: Failed modifying AVAXUSD
0	11:31:39.553	trend_dtrader XTIUSD,H1: Failed modifying AXSUSD
0	11:31:41.097	trend_dtrader XTIUSD,H1: Alert: Failed BCHUSD
0	11:31:41.097	trend_dtrader XTIUSD,H1: Failed modifying BCHUSD
0	11:31:41.538	trend_dtrader XTIUSD,H1: Failed modifying BNBUSD
0	11:31:50.520	trend_dtrader XTIUSD,H1: Failed modifying BTCUSD
0	11:31:51.346	trend_dtrader XTIUSD,H1: Failed modifying DASHUSD
0	11:31:51.566	trend_dtrader XTIUSD,H1: Failed modifying DOGEUSD
0	11:31:52.832	trend_dtrader XTIUSD,H1: Failed modifying DOTUSD
0	11:31:54.432	trend_dtrader XTIUSD,H1: Failed modifying ETCUSD
0	11:31:55.005	trend_dtrader XTIUSD,H1: Failed modifying ETHUSD
0	11:31:55.534	trend_dtrader XTIUSD,H1: Failed modifying EURUSD
0	11:31:56.567	trend_dtrader XTIUSD,H1: Failed modifying FILUSD
0	11:31:57.563	trend_dtrader XTIUSD,H1: Failed modifying FTMUSD
0	11:31:58.545	trend_dtrader XTIUSD,H1: Failed modifying GBPUSD
0	11:31:59.562	trend_dtrader XTIUSD,H1: Failed modifying GRTUSD
0	11:32:02.183	trend_dtrader XTIUSD,H1: Failed modifying ICPUSD
0	11:32:02.711	trend_dtrader XTIUSD,H1: Failed modifying IOTAUSD
0	11:32:03.627	trend_dtrader XTIUSD,H1: Failed modifying LINKUSD
0	11:32:04.538	trend_dtrader XTIUSD,H1: Failed modifying LRCUSD
0	11:32:05.544	trend_dtrader XTIUSD,H1: Failed modifying LTCUSD
0	11:32:06.537	trend_dtrader XTIUSD,H1: Failed modifying MANAUSD
0	11:32:08.246	trend_dtrader XTIUSD,H1: Failed modifying MATICUSD
0	11:32:08.562	trend_dtrader XTIUSD,H1: Failed modifying NEARUSD
0	11:32:09.689	trend_dtrader XTIUSD,H1: Failed modifying NZDUSD
0	11:32:11.167	trend_dtrader XTIUSD,H1: Failed modifying SOLUSD
0	11:32:11.551	trend_dtrader XTIUSD,H1: Failed modifying TRXUSD
0	11:32:13.385	trend_dtrader XTIUSD,H1: Alert: Failed UNIUSD
0	11:32:13.386	trend_dtrader XTIUSD,H1: Failed modifying UNIUSD
0	11:32:20.563	trend_dtrader XTIUSD,H1: Failed modifying USDCAD
0	11:32:22.094	trend_dtrader XTIUSD,H1: Failed modifying USDCHF
0	11:32:22.565	trend_dtrader XTIUSD,H1: Failed modifying USDJPY
0	11:32:23.780	trend_dtrader XTIUSD,H1: Failed modifying USDMXN
0	11:32:24.544	trend_dtrader XTIUSD,H1: Failed modifying USDZAR
0	11:32:26.581	trend_dtrader XTIUSD,H1: Failed modifying XAGUSD
0	11:32:30.245	trend_dtrader XTIUSD,H1: Failed modifying XAUUSD
0	11:32:30.548	trend_dtrader XTIUSD,H1: Failed modifying XBRUSD
0	11:32:32.243	trend_dtrader XTIUSD,H1: Failed modifying XNGUSD
0	11:32:34.228	trend_dtrader XTIUSD,H1: Failed modifying XRPUSD
0	11:32:35.137	trend_dtrader XTIUSD,H1: Failed modifying XTIUSD
0	11:32:35.538	trend_dtrader XTIUSD,H1: Failed modifying AAVEUSD
0	11:32:36.573	trend_dtrader XTIUSD,H1: Failed modifying ADAUSD
0	11:32:37.667	trend_dtrader XTIUSD,H1: Failed modifying ALGOUSD
0	11:32:38.543	trend_dtrader XTIUSD,H1: Failed modifying ATOMUSD
0	11:32:40.546	trend_dtrader XTIUSD,H1: Failed modifying AUDUSD
0	11:32:45.310	trend_dtrader XTIUSD,H1: Failed modifying AVAXUSD
0	11:32:47.561	trend_dtrader XTIUSD,H1: Failed modifying AXSUSD
0	11:32:48.580	trend_dtrader XTIUSD,H1: Alert: Failed BCHUSD
0	11:32:48.581	trend_dtrader XTIUSD,H1: Failed modifying BCHUSD
0	11:32:50.660	trend_dtrader XTIUSD,H1: Failed modifying BNBUSD
0	11:32:52.595	trend_dtrader XTIUSD,H1: Failed modifying BTCUSD
0	11:32:53.871	trend_dtrader XTIUSD,H1: Failed modifying DASHUSD
0	11:32:55.184	trend_dtrader XTIUSD,H1: Failed modifying DOGEUSD
0	11:32:56.961	trend_dtrader XTIUSD,H1: Failed modifying DOTUSD
0	11:32:59.094	trend_dtrader XTIUSD,H1: Failed modifying ETCUSD
0	11:32:59.540	trend_dtrader XTIUSD,H1: Failed modifying ETHUSD
0	11:33:00.534	trend_dtrader XTIUSD,H1: Failed modifying EURUSD
0	11:33:02.423	trend_dtrader XTIUSD,H1: Failed modifying FILUSD
0	11:33:02.538	trend_dtrader XTIUSD,H1: Failed modifying FTMUSD
0	11:33:03.661	trend_dtrader XTIUSD,H1: Failed modifying GBPUSD
0	11:33:04.945	trend_dtrader XTIUSD,H1: Failed modifying GRTUSD
0	11:33:06.428	trend_dtrader XTIUSD,H1: Failed modifying ICPUSD
0	11:33:06.531	trend_dtrader XTIUSD,H1: Failed modifying IOTAUSD
0	11:33:08.487	trend_dtrader XTIUSD,H1: Failed modifying LINKUSD
0	11:33:08.546	trend_dtrader XTIUSD,H1: Failed modifying LRCUSD
0	11:33:10.042	trend_dtrader XTIUSD,H1: Failed modifying LTCUSD
0	11:33:10.527	trend_dtrader XTIUSD,H1: Failed modifying MANAUSD
0	11:33:11.533	trend_dtrader XTIUSD,H1: Failed modifying MATICUSD
0	11:33:12.550	trend_dtrader XTIUSD,H1: Failed modifying NEARUSD
0	11:33:13.537	trend_dtrader XTIUSD,H1: Failed modifying NZDUSD
0	11:33:15.197	trend_dtrader XTIUSD,H1: Failed modifying SOLUSD
0	11:33:20.597	trend_dtrader XTIUSD,H1: Failed modifying TRXUSD
0	11:33:22.272	trend_dtrader XTIUSD,H1: Alert: Failed UNIUSD
0	11:33:22.272	trend_dtrader XTIUSD,H1: Failed modifying UNIUSD
0	11:33:22.604	trend_dtrader XTIUSD,H1: Failed modifying USDCAD
0	11:33:24.060	trend_dtrader XTIUSD,H1: Failed modifying USDCHF
0	11:33:24.603	trend_dtrader XTIUSD,H1: Failed modifying USDJPY
0	11:33:25.606	trend_dtrader XTIUSD,H1: Failed modifying USDMXN
0	11:33:26.608	trend_dtrader XTIUSD,H1: Failed modifying USDZAR
0	11:33:27.614	trend_dtrader XTIUSD,H1: Failed modifying XAGUSD
0	11:33:28.734	trend_dtrader XTIUSD,H1: Failed modifying XAUUSD
0	11:33:31.274	trend_dtrader XTIUSD,H1: Failed modifying XBRUSD
0	11:33:31.617	trend_dtrader XTIUSD,H1: Failed modifying XNGUSD
0	11:33:33.576	trend_dtrader XTIUSD,H1: Failed modifying XRPUSD
0	11:33:34.061	trend_dtrader XTIUSD,H1: Failed modifying XTIUSD
0	11:33:34.608	trend_dtrader XTIUSD,H1: Failed modifying AAVEUSD
0	11:33:35.950	trend_dtrader XTIUSD,H1: Failed modifying ADAUSD
0	11:33:36.923	trend_dtrader XTIUSD,H1: Failed modifying ALGOUSD
0	11:33:37.821	trend_dtrader XTIUSD,H1: Failed modifying ATOMUSD
0	11:33:40.630	trend_dtrader XTIUSD,H1: Failed modifying AUDUSD
0	11:33:41.603	trend_dtrader XTIUSD,H1: Failed modifying AVAXUSD
0	11:33:42.703	trend_dtrader XTIUSD,H1: Failed modifying AXSUSD
0	11:33:43.670	trend_dtrader XTIUSD,H1: Alert: Failed BCHUSD
0	11:33:43.670	trend_dtrader XTIUSD,H1: Failed modifying BCHUSD
0	11:33:44.737	trend_dtrader XTIUSD,H1: Failed modifying BNBUSD
0	11:33:45.613	trend_dtrader XTIUSD,H1: Failed modifying BTCUSD
0	11:33:46.621	trend_dtrader XTIUSD,H1: Failed modifying DASHUSD
0	11:33:47.998	trend_dtrader XTIUSD,H1: Failed modifying DOGEUSD
0	11:33:48.636	trend_dtrader XTIUSD,H1: Failed modifying DOTUSD
0	11:33:49.613	trend_dtrader XTIUSD,H1: Failed modifying ETCUSD
0	11:33:50.599	trend_dtrader XTIUSD,H1: Failed modifying ETHUSD
0	11:33:52.636	trend_dtrader XTIUSD,H1: Failed modifying EURUSD
0	11:33:53.595	trend_dtrader XTIUSD,H1: Failed modifying FILUSD
0	11:33:54.605	trend_dtrader XTIUSD,H1: Failed modifying FTMUSD
0	11:33:55.828	trend_dtrader XTIUSD,H1: Failed modifying GBPUSD
0	11:33:56.755	trend_dtrader XTIUSD,H1: Failed modifying GRTUSD
0	11:33:58.653	trend_dtrader XTIUSD,H1: Failed modifying ICPUSD
0	11:33:59.609	trend_dtrader XTIUSD,H1: Failed modifying IOTAUSD
0	11:34:00.605	trend_dtrader XTIUSD,H1: Failed modifying LINKUSD
0	11:34:02.093	trend_dtrader XTIUSD,H1: Failed modifying LRCUSD
0	11:34:02.685	trend_dtrader XTIUSD,H1: Failed modifying LTCUSD
0	11:34:03.603	trend_dtrader XTIUSD,H1: Failed modifying MANAUSD
0	11:34:04.640	trend_dtrader XTIUSD,H1: Failed modifying MATICUSD
0	11:34:05.603	trend_dtrader XTIUSD,H1: Failed modifying NEARUSD
0	11:34:06.605	trend_dtrader XTIUSD,H1: Failed modifying NZDUSD
0	11:34:07.812	trend_dtrader XTIUSD,H1: Failed modifying SOLUSD
0	11:34:08.609	trend_dtrader XTIUSD,H1: Failed modifying TRXUSD
0	11:34:09.620	trend_dtrader XTIUSD,H1: Alert: Failed UNIUSD
0	11:34:09.620	trend_dtrader XTIUSD,H1: Failed modifying UNIUSD
0	11:34:10.604	trend_dtrader XTIUSD,H1: Failed modifying USDCAD
0	11:34:11.599	trend_dtrader XTIUSD,H1: Failed modifying USDCHF
0	11:34:13.433	trend_dtrader XTIUSD,H1: Failed modifying USDJPY
0	11:34:13.605	trend_dtrader XTIUSD,H1: Failed modifying USDMXN
0	11:34:14.615	trend_dtrader XTIUSD,H1: Failed modifying USDZAR
0	11:34:15.611	trend_dtrader XTIUSD,H1: Failed modifying XAGUSD
0	11:34:18.810	trend_dtrader XTIUSD,H1: Failed modifying XAUUSD
0	11:34:35.627	trend_dtrader XTIUSD,H1: Alert: Failed BCHUSD
0	11:35:07.159	trend_dtrader XTIUSD,H1: Alert: Failed UNIUSD
0	11:35:28.694	trend_dtrader XTIUSD,H1: Alert: Failed BCHUSD
0	11:35:52.596	trend_dtrader XTIUSD,H1: Alert: Failed UNIUSD
0	11:36:11.600	trend_dtrader XTIUSD,H1: Alert: Failed BCHUSD
0	11:36:35.593	trend_dtrader XTIUSD,H1: Alert: Failed UNIUSD
0	11:36:54.621	trend_dtrader XTIUSD,H1: Alert: Failed BCHUSD
0	11:37:18.595	trend_dtrader XTIUSD,H1: Alert: Failed UNIUSD
0	11:37:37.613	trend_dtrader XTIUSD,H1: Alert: Failed BCHUSD
0	11:38:01.602	trend_dtrader XTIUSD,H1: Alert: Failed UNIUSD
0	11:38:20.632	trend_dtrader XTIUSD,H1: Alert: Failed BCHUSD
0	11:38:44.593	trend_dtrader XTIUSD,H1: Alert: Failed UNIUSD
0	11:39:03.590	trend_dtrader XTIUSD,H1: Alert: Failed BCHUSD
0	11:39:27.594	trend_dtrader XTIUSD,H1: Alert: Failed UNIUSD
0	11:39:46.702	trend_dtrader XTIUSD,H1: Alert: Failed BCHUSD
0	11:40:10.594	trend_dtrader XTIUSD,H1: Alert: Failed UNIUSD
0	11:40:25.593	trend_dtrader XTIUSD,H1: Failed modifying ATOMUSD
0	11:40:26.602	trend_dtrader XTIUSD,H1: Failed modifying AUDUSD
0	11:40:27.720	trend_dtrader XTIUSD,H1: Failed modifying AVAXUSD
0	11:40:28.921	trend_dtrader XTIUSD,H1: Failed modifying AXSUSD
0	11:40:29.653	trend_dtrader XTIUSD,H1: Alert: Failed BCHUSD
0	11:40:29.653	trend_dtrader XTIUSD,H1: Failed modifying BCHUSD
0	11:40:30.600	trend_dtrader XTIUSD,H1: Failed modifying BNBUSD
0	11:40:31.595	trend_dtrader XTIUSD,H1: Failed modifying BTCUSD
0	11:40:32.662	trend_dtrader XTIUSD,H1: Failed modifying DASHUSD
0	11:40:33.594	trend_dtrader XTIUSD,H1: Failed modifying DOGEUSD
0	11:40:34.598	trend_dtrader XTIUSD,H1: Failed modifying DOTUSD
0	11:40:36.489	trend_dtrader XTIUSD,H1: Failed modifying ETCUSD
0	11:40:36.587	trend_dtrader XTIUSD,H1: Failed modifying ETHUSD
0	11:40:38.092	trend_dtrader XTIUSD,H1: Failed modifying EURUSD
0	11:40:38.605	trend_dtrader XTIUSD,H1: Failed modifying FILUSD
0	11:40:39.695	trend_dtrader XTIUSD,H1: Failed modifying FTMUSD
0	11:40:40.604	trend_dtrader XTIUSD,H1: Failed modifying GBPUSD
0	11:40:53.952	trend_dtrader XTIUSD,H1: Alert: Failed UNIUSD
0	11:41:14.190	trend_dtrader XTIUSD,H1: Alert: Failed BCHUSD
0	11:41:38.758	trend_dtrader XTIUSD,H1: Alert: Failed UNIUSD
0	11:42:06.606	trend_dtrader XTIUSD,H1: Alert: Failed BCHUSD
0	11:42:34.907	trend_dtrader XTIUSD,H1: Alert: Failed UNIUSD
0	11:42:53.585	trend_dtrader XTIUSD,H1: Alert: Failed BCHUSD
0	11:43:09.581	trend_dtrader XTIUSD,H1: Failed modifying LRCUSD
0	11:43:10.592	trend_dtrader XTIUSD,H1: Failed modifying LTCUSD
0	11:43:11.584	trend_dtrader XTIUSD,H1: Failed modifying MANAUSD
0	11:43:12.585	trend_dtrader XTIUSD,H1: Failed modifying MATICUSD
0	11:43:13.580	trend_dtrader XTIUSD,H1: Failed modifying NEARUSD
0	11:43:14.642	trend_dtrader XTIUSD,H1: Failed modifying NZDUSD
0	11:43:15.580	trend_dtrader XTIUSD,H1: Failed modifying SOLUSD
0	11:43:17.480	trend_dtrader XTIUSD,H1: Failed modifying TRXUSD
0	11:43:17.825	trend_dtrader XTIUSD,H1: Alert: Failed UNIUSD
0	11:43:17.825	trend_dtrader XTIUSD,H1: Failed modifying UNIUSD
0	11:43:18.586	trend_dtrader XTIUSD,H1: Failed modifying USDCAD
0	11:43:19.587	trend_dtrader XTIUSD,H1: Failed modifying USDCHF
0	11:43:20.587	trend_dtrader XTIUSD,H1: Failed modifying USDJPY
0	11:43:21.592	trend_dtrader XTIUSD,H1: Failed modifying USDMXN
0	11:43:22.590	trend_dtrader XTIUSD,H1: Failed modifying USDZAR
0	11:43:23.591	trend_dtrader XTIUSD,H1: Failed modifying XAGUSD
0	11:43:24.591	trend_dtrader XTIUSD,H1: Failed modifying XAUUSD
0	11:43:25.608	trend_dtrader XTIUSD,H1: Failed modifying XBRUSD
0	11:43:26.594	trend_dtrader XTIUSD,H1: Failed modifying XNGUSD
0	11:43:27.582	trend_dtrader XTIUSD,H1: Failed modifying XRPUSD
0	11:43:28.780	trend_dtrader XTIUSD,H1: Failed modifying XTIUSD
0	11:43:29.588	trend_dtrader XTIUSD,H1: Failed modifying AAVEUSD
0	11:43:30.579	trend_dtrader XTIUSD,H1: Failed modifying ADAUSD
0	11:43:31.580	trend_dtrader XTIUSD,H1: Failed modifying ALGOUSD
0	11:43:32.686	trend_dtrader XTIUSD,H1: Failed modifying ATOMUSD
0	11:43:33.591	trend_dtrader XTIUSD,H1: Failed modifying AUDUSD
0	11:43:34.580	trend_dtrader XTIUSD,H1: Failed modifying AVAXUSD
0	11:43:35.657	trend_dtrader XTIUSD,H1: Failed modifying AXSUSD
0	11:43:36.591	trend_dtrader XTIUSD,H1: Alert: Failed BCHUSD
0	11:43:36.591	trend_dtrader XTIUSD,H1: Failed modifying BCHUSD
0	11:43:37.580	trend_dtrader XTIUSD,H1: Failed modifying BNBUSD
0	11:43:38.579	trend_dtrader XTIUSD,H1: Failed modifying BTCUSD
0	11:43:39.638	trend_dtrader XTIUSD,H1: Failed modifying DASHUSD
0	11:43:43.579	trend_dtrader XTIUSD,H1: Failed modifying ETHUSD
0	11:43:44.593	trend_dtrader XTIUSD,H1: Failed modifying EURUSD
0	11:43:45.581	trend_dtrader XTIUSD,H1: Failed modifying FILUSD
0	11:43:46.586	trend_dtrader XTIUSD,H1: Failed modifying FTMUSD
0	11:43:47.582	trend_dtrader XTIUSD,H1: Failed modifying GBPUSD
0	11:43:48.585	trend_dtrader XTIUSD,H1: Failed modifying GRTUSD
0	11:43:49.601	trend_dtrader XTIUSD,H1: Failed modifying ICPUSD
0	11:43:50.579	trend_dtrader XTIUSD,H1: Failed modifying IOTAUSD
0	11:43:51.582	trend_dtrader XTIUSD,H1: Failed modifying LINKUSD
0	11:43:52.580	trend_dtrader XTIUSD,H1: Failed modifying LRCUSD
0	11:44:00.716	trend_dtrader XTIUSD,H1: Alert: Failed UNIUSD
0	11:44:19.587	trend_dtrader XTIUSD,H1: Alert: Failed BCHUSD
0	11:44:43.584	trend_dtrader XTIUSD,H1: Alert: Failed UNIUSD
0	11:45:02.612	trend_dtrader XTIUSD,H1: Alert: Failed BCHUSD
0	11:45:26.584	trend_dtrader XTIUSD,H1: Alert: Failed UNIUSD
0	11:45:45.582	trend_dtrader XTIUSD,H1: Alert: Failed BCHUSD
0	11:46:09.582	trend_dtrader XTIUSD,H1: Alert: Failed UNIUSD
0	11:46:28.581	trend_dtrader XTIUSD,H1: Alert: Failed BCHUSD
0	11:46:46.582	trend_dtrader XTIUSD,H1: Failed modifying MANAUSD
0	11:46:47.580	trend_dtrader XTIUSD,H1: Failed modifying MATICUSD
0	11:46:48.628	trend_dtrader XTIUSD,H1: Failed modifying NEARUSD
0	11:46:49.576	trend_dtrader XTIUSD,H1: Failed modifying NZDUSD
0	11:46:50.576	trend_dtrader XTIUSD,H1: Failed modifying SOLUSD
0	11:46:51.896	trend_dtrader XTIUSD,H1: Failed modifying TRXUSD
0	11:46:52.582	trend_dtrader XTIUSD,H1: Alert: Failed UNIUSD
0	11:46:52.582	trend_dtrader XTIUSD,H1: Failed modifying UNIUSD
0	11:46:53.576	trend_dtrader XTIUSD,H1: Failed modifying USDCAD
0	11:46:54.577	trend_dtrader XTIUSD,H1: Failed modifying USDCHF
0	11:46:55.617	trend_dtrader XTIUSD,H1: Failed modifying USDJPY
0	11:46:56.576	trend_dtrader XTIUSD,H1: Failed modifying USDMXN
0	11:46:57.579	trend_dtrader XTIUSD,H1: Failed modifying USDZAR
0	11:46:58.578	trend_dtrader XTIUSD,H1: Failed modifying XAGUSD
0	11:46:59.579	trend_dtrader XTIUSD,H1: Failed modifying XAUUSD
0	11:47:00.580	trend_dtrader XTIUSD,H1: Failed modifying XBRUSD
0	11:47:01.586	trend_dtrader XTIUSD,H1: Failed modifying XNGUSD
0	11:47:02.575	trend_dtrader XTIUSD,H1: Failed modifying XRPUSD
0	11:47:03.579	trend_dtrader XTIUSD,H1: Failed modifying XTIUSD
0	11:47:04.575	trend_dtrader XTIUSD,H1: Failed modifying AAVEUSD
0	11:47:05.576	trend_dtrader XTIUSD,H1: Failed modifying ADAUSD
0	11:47:06.577	trend_dtrader XTIUSD,H1: Failed modifying ALGOUSD
0	11:47:07.579	trend_dtrader XTIUSD,H1: Failed modifying ATOMUSD
0	11:47:08.579	trend_dtrader XTIUSD,H1: Failed modifying AUDUSD
0	11:47:09.578	trend_dtrader XTIUSD,H1: Failed modifying AVAXUSD
0	11:47:10.578	trend_dtrader XTIUSD,H1: Failed modifying AXSUSD
0	11:47:11.732	trend_dtrader XTIUSD,H1: Alert: Failed BCHUSD
0	11:47:11.732	trend_dtrader XTIUSD,H1: Failed modifying BCHUSD
0	11:47:12.575	trend_dtrader XTIUSD,H1: Failed modifying BNBUSD
0	11:47:13.634	trend_dtrader XTIUSD,H1: Failed modifying BTCUSD
0	11:47:14.627	trend_dtrader XTIUSD,H1: Failed modifying DASHUSD
0	11:47:15.578	trend_dtrader XTIUSD,H1: Failed modifying DOGEUSD
0	11:47:16.729	trend_dtrader XTIUSD,H1: Failed modifying DOTUSD
0	11:47:17.576	trend_dtrader XTIUSD,H1: Failed modifying ETCUSD
0	11:47:18.574	trend_dtrader XTIUSD,H1: Failed modifying ETHUSD
0	11:47:19.575	trend_dtrader XTIUSD,H1: Failed modifying EURUSD
0	11:47:20.575	trend_dtrader XTIUSD,H1: Failed modifying FILUSD
0	11:47:21.592	trend_dtrader XTIUSD,H1: Failed modifying FTMUSD
0	11:47:22.578	trend_dtrader XTIUSD,H1: Failed modifying GBPUSD
0	11:47:23.605	trend_dtrader XTIUSD,H1: Failed modifying GRTUSD
0	11:47:24.578	trend_dtrader XTIUSD,H1: Failed modifying ICPUSD
0	11:47:25.574	trend_dtrader XTIUSD,H1: Failed modifying IOTAUSD
0	11:47:26.576	trend_dtrader XTIUSD,H1: Failed modifying LINKUSD
0	11:47:27.576	trend_dtrader XTIUSD,H1: Failed modifying LRCUSD
0	11:47:28.579	trend_dtrader XTIUSD,H1: Failed modifying LTCUSD
0	11:47:29.574	trend_dtrader XTIUSD,H1: Failed modifying MANAUSD
0	11:47:30.575	trend_dtrader XTIUSD,H1: Failed modifying MATICUSD
0	11:47:31.601	trend_dtrader XTIUSD,H1: Failed modifying NEARUSD
0	11:47:32.575	trend_dtrader XTIUSD,H1: Failed modifying NZDUSD
0	11:47:33.574	trend_dtrader XTIUSD,H1: Failed modifying SOLUSD
0	11:47:34.578	trend_dtrader XTIUSD,H1: Failed modifying TRXUSD
0	11:47:35.582	trend_dtrader XTIUSD,H1: Alert: Failed UNIUSD
0	11:47:35.582	trend_dtrader XTIUSD,H1: Failed modifying UNIUSD
0	11:47:36.685	trend_dtrader XTIUSD,H1: Failed modifying USDCAD
0	11:47:37.575	trend_dtrader XTIUSD,H1: Failed modifying USDCHF
0	11:47:38.575	trend_dtrader XTIUSD,H1: Failed modifying USDJPY
0	11:47:39.620	trend_dtrader XTIUSD,H1: Failed modifying USDMXN
0	11:47:40.586	trend_dtrader XTIUSD,H1: Failed modifying USDZAR
0	11:47:41.579	trend_dtrader XTIUSD,H1: Failed modifying XAGUSD
0	11:47:42.580	trend_dtrader XTIUSD,H1: Failed modifying XAUUSD
0	11:47:43.583	trend_dtrader XTIUSD,H1: Failed modifying XBRUSD
0	11:47:44.572	trend_dtrader XTIUSD,H1: Failed modifying XNGUSD
0	11:47:45.575	trend_dtrader XTIUSD,H1: Failed modifying XRPUSD
0	11:47:46.633	trend_dtrader XTIUSD,H1: Failed modifying XTIUSD
0	11:47:47.574	trend_dtrader XTIUSD,H1: Failed modifying AAVEUSD
0	11:47:48.574	trend_dtrader XTIUSD,H1: Failed modifying ADAUSD
0	11:47:49.574	trend_dtrader XTIUSD,H1: Failed modifying ALGOUSD
0	11:47:50.577	trend_dtrader XTIUSD,H1: Failed modifying ATOMUSD
0	11:47:51.577	trend_dtrader XTIUSD,H1: Failed modifying AUDUSD
0	11:47:52.597	trend_dtrader XTIUSD,H1: Failed modifying AVAXUSD
0	11:47:53.573	trend_dtrader XTIUSD,H1: Failed modifying AXSUSD
0	11:47:54.578	trend_dtrader XTIUSD,H1: Alert: Failed BCHUSD
0	11:47:54.578	trend_dtrader XTIUSD,H1: Failed modifying BCHUSD
0	11:47:55.581	trend_dtrader XTIUSD,H1: Failed modifying BNBUSD
0	11:47:56.574	trend_dtrader XTIUSD,H1: Failed modifying BTCUSD
0	11:47:57.573	trend_dtrader XTIUSD,H1: Failed modifying DASHUSD
0	11:47:58.605	trend_dtrader XTIUSD,H1: Failed modifying DOGEUSD
0	11:47:59.584	trend_dtrader XTIUSD,H1: Failed modifying DOTUSD
0	11:48:00.598	trend_dtrader XTIUSD,H1: Failed modifying ETCUSD
0	11:48:01.572	trend_dtrader XTIUSD,H1: Failed modifying ETHUSD
0	11:48:02.596	trend_dtrader XTIUSD,H1: Failed modifying EURUSD
0	11:48:03.573	trend_dtrader XTIUSD,H1: Failed modifying FILUSD
0	11:48:04.574	trend_dtrader XTIUSD,H1: Failed modifying FTMUSD
0	11:48:05.574	trend_dtrader XTIUSD,H1: Failed modifying GBPUSD
0	11:48:06.574	trend_dtrader XTIUSD,H1: Failed modifying GRTUSD
0	11:48:07.580	trend_dtrader XTIUSD,H1: Failed modifying ICPUSD
0	11:48:08.574	trend_dtrader XTIUSD,H1: Failed modifying IOTAUSD
0	11:48:09.621	trend_dtrader XTIUSD,H1: Failed modifying LINKUSD
0	11:48:10.575	trend_dtrader XTIUSD,H1: Failed modifying LRCUSD
0	11:48:11.604	trend_dtrader XTIUSD,H1: Failed modifying LTCUSD
0	11:48:12.574	trend_dtrader XTIUSD,H1: Failed modifying MANAUSD
0	11:48:13.598	trend_dtrader XTIUSD,H1: Failed modifying MATICUSD
0	11:48:14.573	trend_dtrader XTIUSD,H1: Failed modifying NEARUSD
0	11:48:15.577	trend_dtrader XTIUSD,H1: Failed modifying NZDUSD
0	11:48:16.574	trend_dtrader XTIUSD,H1: Failed modifying SOLUSD
0	11:48:17.578	trend_dtrader XTIUSD,H1: Failed modifying TRXUSD
0	11:48:18.581	trend_dtrader XTIUSD,H1: Alert: Failed UNIUSD
0	11:48:18.581	trend_dtrader XTIUSD,H1: Failed modifying UNIUSD
0	11:48:19.575	trend_dtrader XTIUSD,H1: Failed modifying USDCAD
0	11:48:20.575	trend_dtrader XTIUSD,H1: Failed modifying USDCHF
0	11:48:21.607	trend_dtrader XTIUSD,H1: Failed modifying USDJPY
0	11:48:22.574	trend_dtrader XTIUSD,H1: Failed modifying USDMXN
0	11:48:23.682	trend_dtrader XTIUSD,H1: Failed modifying USDZAR
0	11:48:24.580	trend_dtrader XTIUSD,H1: Failed modifying XAGUSD
0	11:48:25.577	trend_dtrader XTIUSD,H1: Failed modifying XAUUSD
0	11:48:26.578	trend_dtrader XTIUSD,H1: Failed modifying XBRUSD
0	11:48:27.571	trend_dtrader XTIUSD,H1: Failed modifying XNGUSD
0	11:48:28.582	trend_dtrader XTIUSD,H1: Failed modifying XRPUSD
0	11:48:29.601	trend_dtrader XTIUSD,H1: Failed modifying XTIUSD
0	11:48:30.572	trend_dtrader XTIUSD,H1: Failed modifying AAVEUSD
0	11:48:31.572	trend_dtrader XTIUSD,H1: Failed modifying ADAUSD
0	11:48:32.573	trend_dtrader XTIUSD,H1: Failed modifying ALGOUSD
0	11:48:33.577	trend_dtrader XTIUSD,H1: Failed modifying ATOMUSD
0	11:48:34.576	trend_dtrader XTIUSD,H1: Failed modifying AUDUSD
0	11:48:35.572	trend_dtrader XTIUSD,H1: Failed modifying AVAXUSD
0	11:48:36.573	trend_dtrader XTIUSD,H1: Failed modifying AXSUSD
0	11:48:37.579	trend_dtrader XTIUSD,H1: Alert: Failed BCHUSD
0	11:48:37.579	trend_dtrader XTIUSD,H1: Failed modifying BCHUSD
0	11:48:38.590	trend_dtrader XTIUSD,H1: Failed modifying BNBUSD
0	11:48:39.573	trend_dtrader XTIUSD,H1: Failed modifying BTCUSD
0	11:48:40.624	trend_dtrader XTIUSD,H1: Failed modifying DASHUSD
0	11:48:41.595	trend_dtrader XTIUSD,H1: Failed modifying DOGEUSD
0	11:48:42.572	trend_dtrader XTIUSD,H1: Failed modifying DOTUSD
0	11:48:43.578	trend_dtrader XTIUSD,H1: Failed modifying ETCUSD
0	11:48:44.573	trend_dtrader XTIUSD,H1: Failed modifying ETHUSD
0	11:48:45.605	trend_dtrader XTIUSD,H1: Failed modifying EURUSD
0	11:48:46.574	trend_dtrader XTIUSD,H1: Failed modifying FILUSD
0	11:48:47.579	trend_dtrader XTIUSD,H1: Failed modifying FTMUSD
0	11:48:48.580	trend_dtrader XTIUSD,H1: Failed modifying GBPUSD
0	11:48:49.577	trend_dtrader XTIUSD,H1: Failed modifying GRTUSD
0	11:48:50.580	trend_dtrader XTIUSD,H1: Failed modifying ICPUSD
0	11:48:51.577	trend_dtrader XTIUSD,H1: Failed modifying IOTAUSD
0	11:48:52.579	trend_dtrader XTIUSD,H1: Failed modifying LINKUSD
0	11:48:53.602	trend_dtrader XTIUSD,H1: Failed modifying LRCUSD
0	11:48:54.583	trend_dtrader XTIUSD,H1: Failed modifying LTCUSD
0	11:48:55.578	trend_dtrader XTIUSD,H1: Failed modifying MANAUSD
0	11:48:57.125	trend_dtrader XTIUSD,H1: Failed modifying MATICUSD
0	11:48:57.639	trend_dtrader XTIUSD,H1: Failed modifying NEARUSD
0	11:48:58.581	trend_dtrader XTIUSD,H1: Failed modifying NZDUSD
0	11:48:59.579	trend_dtrader XTIUSD,H1: Failed modifying SOLUSD
0	11:49:00.584	trend_dtrader XTIUSD,H1: Failed modifying TRXUSD
0	11:49:01.587	trend_dtrader XTIUSD,H1: Alert: Failed UNIUSD
0	11:49:01.587	trend_dtrader XTIUSD,H1: Failed modifying UNIUSD
0	11:49:02.581	trend_dtrader XTIUSD,H1: Failed modifying USDCAD
0	11:49:03.610	trend_dtrader XTIUSD,H1: Failed modifying USDCHF
0	11:49:04.632	trend_dtrader XTIUSD,H1: Failed modifying USDJPY
0	11:49:05.581	trend_dtrader XTIUSD,H1: Failed modifying USDMXN
0	11:49:06.651	trend_dtrader XTIUSD,H1: Failed modifying USDZAR
0	11:49:07.584	trend_dtrader XTIUSD,H1: Failed modifying XAGUSD
0	11:49:08.629	trend_dtrader XTIUSD,H1: Failed modifying XAUUSD
0	11:49:09.639	trend_dtrader XTIUSD,H1: Failed modifying XBRUSD
0	11:49:10.581	trend_dtrader XTIUSD,H1: Failed modifying XNGUSD
0	11:49:11.582	trend_dtrader XTIUSD,H1: Failed modifying XRPUSD
0	11:49:12.586	trend_dtrader XTIUSD,H1: Failed modifying XTIUSD
0	11:49:13.588	trend_dtrader XTIUSD,H1: Failed modifying AAVEUSD
0	11:49:14.580	trend_dtrader XTIUSD,H1: Failed modifying ADAUSD
0	11:49:15.582	trend_dtrader XTIUSD,H1: Failed modifying ALGOUSD
0	11:49:16.620	trend_dtrader XTIUSD,H1: Failed modifying ATOMUSD
0	11:49:17.589	trend_dtrader XTIUSD,H1: Failed modifying AUDUSD
0	11:49:18.592	trend_dtrader XTIUSD,H1: Failed modifying AVAXUSD
0	11:49:19.581	trend_dtrader XTIUSD,H1: Failed modifying AXSUSD
0	11:49:20.585	trend_dtrader XTIUSD,H1: Alert: Failed BCHUSD
0	11:49:20.585	trend_dtrader XTIUSD,H1: Failed modifying BCHUSD
0	11:49:21.631	trend_dtrader XTIUSD,H1: Failed modifying BNBUSD
0	11:49:22.581	trend_dtrader XTIUSD,H1: Failed modifying BTCUSD
0	11:49:23.581	trend_dtrader XTIUSD,H1: Failed modifying DASHUSD
0	11:49:24.584	trend_dtrader XTIUSD,H1: Failed modifying DOGEUSD
0	11:49:25.580	trend_dtrader XTIUSD,H1: Failed modifying DOTUSD
0	11:49:26.586	trend_dtrader XTIUSD,H1: Failed modifying ETCUSD
0	11:49:27.582	trend_dtrader XTIUSD,H1: Failed modifying ETHUSD
0	11:49:28.582	trend_dtrader XTIUSD,H1: Failed modifying EURUSD
0	11:49:29.581	trend_dtrader XTIUSD,H1: Failed modifying FILUSD
0	11:49:30.814	trend_dtrader XTIUSD,H1: Failed modifying FTMUSD
0	11:49:31.586	trend_dtrader XTIUSD,H1: Failed modifying GBPUSD
0	11:49:32.582	trend_dtrader XTIUSD,H1: Failed modifying GRTUSD
0	11:49:33.583	trend_dtrader XTIUSD,H1: Failed modifying ICPUSD
0	11:49:34.612	trend_dtrader XTIUSD,H1: Failed modifying IOTAUSD
0	11:49:35.647	trend_dtrader XTIUSD,H1: Failed modifying LINKUSD
0	11:49:36.582	trend_dtrader XTIUSD,H1: Failed modifying LRCUSD
0	11:49:37.586	trend_dtrader XTIUSD,H1: Failed modifying LTCUSD
0	11:49:38.605	trend_dtrader XTIUSD,H1: Failed modifying MANAUSD
0	11:49:39.579	trend_dtrader XTIUSD,H1: Failed modifying MATICUSD
0	11:49:40.585	trend_dtrader XTIUSD,H1: Failed modifying NEARUSD
0	11:49:41.656	trend_dtrader XTIUSD,H1: Failed modifying NZDUSD
0	11:49:42.582	trend_dtrader XTIUSD,H1: Failed modifying SOLUSD
0	11:49:43.582	trend_dtrader XTIUSD,H1: Failed modifying TRXUSD
0	11:49:44.588	trend_dtrader XTIUSD,H1: Alert: Failed UNIUSD
0	11:49:44.588	trend_dtrader XTIUSD,H1: Failed modifying UNIUSD
0	11:49:45.582	trend_dtrader XTIUSD,H1: Failed modifying USDCAD
0	11:49:46.587	trend_dtrader XTIUSD,H1: Failed modifying USDCHF
0	11:49:47.588	trend_dtrader XTIUSD,H1: Failed modifying USDJPY
0	11:49:48.582	trend_dtrader XTIUSD,H1: Failed modifying USDMXN
0	11:49:49.584	trend_dtrader XTIUSD,H1: Failed modifying USDZAR
0	11:49:50.586	trend_dtrader XTIUSD,H1: Failed modifying XAGUSD
0	11:49:51.585	trend_dtrader XTIUSD,H1: Failed modifying XAUUSD
0	11:49:52.586	trend_dtrader XTIUSD,H1: Failed modifying XBRUSD
0	11:49:53.589	trend_dtrader XTIUSD,H1: Failed modifying XNGUSD
0	11:49:54.582	trend_dtrader XTIUSD,H1: Failed modifying XRPUSD
0	11:49:55.624	trend_dtrader XTIUSD,H1: Failed modifying XTIUSD
0	11:49:56.587	trend_dtrader XTIUSD,H1: Failed modifying AAVEUSD
0	11:49:57.582	trend_dtrader XTIUSD,H1: Failed modifying ADAUSD
0	11:49:58.581	trend_dtrader XTIUSD,H1: Failed modifying ALGOUSD
0	11:49:59.627	trend_dtrader XTIUSD,H1: Failed modifying ATOMUSD
0	11:50:00.584	trend_dtrader XTIUSD,H1: Failed modifying AUDUSD
0	11:50:01.612	trend_dtrader XTIUSD,H1: Failed modifying AVAXUSD
0	11:50:02.581	trend_dtrader XTIUSD,H1: Failed modifying AXSUSD
0	11:50:03.605	trend_dtrader XTIUSD,H1: Alert: Failed BCHUSD
0	11:50:03.605	trend_dtrader XTIUSD,H1: Failed modifying BCHUSD
0	11:50:04.582	trend_dtrader XTIUSD,H1: Failed modifying BNBUSD
0	11:50:05.580	trend_dtrader XTIUSD,H1: Failed modifying BTCUSD
0	11:50:06.581	trend_dtrader XTIUSD,H1: Failed modifying DASHUSD
0	11:50:07.585	trend_dtrader XTIUSD,H1: Failed modifying DOGEUSD
0	11:50:08.581	trend_dtrader XTIUSD,H1: Failed modifying DOTUSD
0	11:50:09.585	trend_dtrader XTIUSD,H1: Failed modifying ETCUSD
0	11:50:10.582	trend_dtrader XTIUSD,H1: Failed modifying ETHUSD
0	11:50:11.580	trend_dtrader XTIUSD,H1: Failed modifying EURUSD
0	11:50:12.588	trend_dtrader XTIUSD,H1: Failed modifying FILUSD
0	11:50:13.648	trend_dtrader XTIUSD,H1: Failed modifying FTMUSD
0	11:50:14.583	trend_dtrader XTIUSD,H1: Failed modifying GBPUSD
0	11:50:15.832	trend_dtrader XTIUSD,H1: Failed modifying GRTUSD
0	11:50:16.585	trend_dtrader XTIUSD,H1: Failed modifying ICPUSD
0	11:50:17.587	trend_dtrader XTIUSD,H1: Failed modifying IOTAUSD
0	11:50:18.667	trend_dtrader XTIUSD,H1: Failed modifying LINKUSD
0	11:50:19.583	trend_dtrader XTIUSD,H1: Failed modifying LRCUSD
0	11:50:20.585	trend_dtrader XTIUSD,H1: Failed modifying LTCUSD
0	11:50:21.581	trend_dtrader XTIUSD,H1: Failed modifying MANAUSD
0	11:50:22.614	trend_dtrader XTIUSD,H1: Failed modifying MATICUSD
0	11:50:23.582	trend_dtrader XTIUSD,H1: Failed modifying NEARUSD
0	11:50:24.582	trend_dtrader XTIUSD,H1: Failed modifying NZDUSD
0	11:50:25.591	trend_dtrader XTIUSD,H1: Failed modifying SOLUSD
0	11:50:26.586	trend_dtrader XTIUSD,H1: Failed modifying TRXUSD
0	11:50:27.588	trend_dtrader XTIUSD,H1: Alert: Failed UNIUSD
0	11:50:27.588	trend_dtrader XTIUSD,H1: Failed modifying UNIUSD
0	11:50:28.582	trend_dtrader XTIUSD,H1: Failed modifying USDCAD
0	11:50:29.581	trend_dtrader XTIUSD,H1: Failed modifying USDCHF
0	11:50:30.581	trend_dtrader XTIUSD,H1: Failed modifying USDJPY
0	11:50:31.591	trend_dtrader XTIUSD,H1: Failed modifying USDMXN
0	11:50:32.585	trend_dtrader XTIUSD,H1: Failed modifying USDZAR
0	11:50:33.587	trend_dtrader XTIUSD,H1: Failed modifying XAGUSD
0	11:50:34.585	trend_dtrader XTIUSD,H1: Failed modifying XAUUSD
0	11:50:35.586	trend_dtrader XTIUSD,H1: Failed modifying XBRUSD
0	11:50:36.581	trend_dtrader XTIUSD,H1: Failed modifying XNGUSD
0	11:50:37.624	trend_dtrader XTIUSD,H1: Failed modifying XRPUSD
0	11:50:38.969	trend_dtrader XTIUSD,H1: Failed modifying XTIUSD
0	11:50:39.580	trend_dtrader XTIUSD,H1: Failed modifying AAVEUSD
0	11:50:40.675	trend_dtrader XTIUSD,H1: Failed modifying ADAUSD
0	11:50:41.582	trend_dtrader XTIUSD,H1: Failed modifying ALGOUSD
0	11:50:42.583	trend_dtrader XTIUSD,H1: Failed modifying ATOMUSD
0	11:50:43.585	trend_dtrader XTIUSD,H1: Failed modifying AUDUSD
0	11:50:44.581	trend_dtrader XTIUSD,H1: Failed modifying AVAXUSD
0	11:50:45.580	trend_dtrader XTIUSD,H1: Failed modifying AXSUSD
0	11:50:46.631	trend_dtrader XTIUSD,H1: Alert: Failed BCHUSD
0	11:50:46.631	trend_dtrader XTIUSD,H1: Failed modifying BCHUSD
0	11:50:47.584	trend_dtrader XTIUSD,H1: Failed modifying BNBUSD
0	11:50:48.581	trend_dtrader XTIUSD,H1: Failed modifying BTCUSD
0	11:50:49.580	trend_dtrader XTIUSD,H1: Failed modifying DASHUSD
0	11:50:50.636	trend_dtrader XTIUSD,H1: Failed modifying DOGEUSD
0	11:50:51.580	trend_dtrader XTIUSD,H1: Failed modifying DOTUSD
0	11:50:52.583	trend_dtrader XTIUSD,H1: Failed modifying ETCUSD
0	11:50:53.580	trend_dtrader XTIUSD,H1: Failed modifying ETHUSD
0	11:50:54.580	trend_dtrader XTIUSD,H1: Failed modifying EURUSD
0	11:50:55.578	trend_dtrader XTIUSD,H1: Failed modifying FILUSD
0	11:50:56.585	trend_dtrader XTIUSD,H1: Failed modifying FTMUSD
0	11:50:57.584	trend_dtrader XTIUSD,H1: Failed modifying GBPUSD
0	11:50:58.580	trend_dtrader XTIUSD,H1: Failed modifying GRTUSD
0	11:50:59.583	trend_dtrader XTIUSD,H1: Failed modifying ICPUSD
0	11:51:00.579	trend_dtrader XTIUSD,H1: Failed modifying IOTAUSD
0	11:51:01.582	trend_dtrader XTIUSD,H1: Failed modifying LINKUSD
0	11:51:02.581	trend_dtrader XTIUSD,H1: Failed modifying LRCUSD
0	11:51:03.585	trend_dtrader XTIUSD,H1: Failed modifying LTCUSD
0	11:51:04.585	trend_dtrader XTIUSD,H1: Failed modifying MANAUSD
0	11:51:05.580	trend_dtrader XTIUSD,H1: Failed modifying MATICUSD
0	11:51:06.612	trend_dtrader XTIUSD,H1: Failed modifying NEARUSD
0	11:51:07.640	trend_dtrader XTIUSD,H1: Failed modifying NZDUSD
0	11:51:08.581	trend_dtrader XTIUSD,H1: Failed modifying SOLUSD
0	11:51:09.596	trend_dtrader XTIUSD,H1: Failed modifying TRXUSD
0	11:51:10.585	trend_dtrader XTIUSD,H1: Alert: Failed UNIUSD
0	11:51:10.586	trend_dtrader XTIUSD,H1: Failed modifying UNIUSD
0	11:51:11.583	trend_dtrader XTIUSD,H1: Failed modifying USDCAD
0	11:51:12.622	trend_dtrader XTIUSD,H1: Failed modifying USDCHF
0	11:51:13.582	trend_dtrader XTIUSD,H1: Failed modifying USDJPY
0	11:51:14.581	trend_dtrader XTIUSD,H1: Failed modifying USDMXN
0	11:51:15.583	trend_dtrader XTIUSD,H1: Failed modifying USDZAR
0	11:51:16.627	trend_dtrader XTIUSD,H1: Failed modifying XAGUSD
0	11:51:17.583	trend_dtrader XTIUSD,H1: Failed modifying XAUUSD
0	11:51:18.585	trend_dtrader XTIUSD,H1: Failed modifying XBRUSD
0	11:51:19.580	trend_dtrader XTIUSD,H1: Failed modifying XNGUSD
0	11:51:20.651	trend_dtrader XTIUSD,H1: Failed modifying XRPUSD
0	11:51:21.620	trend_dtrader XTIUSD,H1: Failed modifying XTIUSD
0	11:51:22.580	trend_dtrader XTIUSD,H1: Failed modifying AAVEUSD
0	11:51:23.580	trend_dtrader XTIUSD,H1: Failed modifying ADAUSD
0	11:51:24.628	trend_dtrader XTIUSD,H1: Failed modifying ALGOUSD
0	11:51:25.584	trend_dtrader XTIUSD,H1: Failed modifying ATOMUSD
0	11:51:26.615	trend_dtrader XTIUSD,H1: Failed modifying AUDUSD
0	11:51:27.580	trend_dtrader XTIUSD,H1: Failed modifying AVAXUSD
0	11:51:28.580	trend_dtrader XTIUSD,H1: Failed modifying AXSUSD
0	11:51:29.585	trend_dtrader XTIUSD,H1: Alert: Failed BCHUSD
0	11:51:29.585	trend_dtrader XTIUSD,H1: Failed modifying BCHUSD
0	11:51:30.587	trend_dtrader XTIUSD,H1: Failed modifying BNBUSD
0	11:51:31.582	trend_dtrader XTIUSD,H1: Failed modifying BTCUSD
0	11:51:32.579	trend_dtrader XTIUSD,H1: Failed modifying DASHUSD
0	11:51:33.582	trend_dtrader XTIUSD,H1: Failed modifying DOGEUSD
0	11:51:34.604	trend_dtrader XTIUSD,H1: Failed modifying DOTUSD
0	11:51:35.582	trend_dtrader XTIUSD,H1: Failed modifying ETCUSD
0	11:51:36.578	trend_dtrader XTIUSD,H1: Failed modifying ETHUSD
0	11:51:37.579	trend_dtrader XTIUSD,H1: Failed modifying EURUSD
0	11:51:38.581	trend_dtrader XTIUSD,H1: Failed modifying FILUSD
0	11:51:39.580	trend_dtrader XTIUSD,H1: Failed modifying FTMUSD
0	11:51:40.740	trend_dtrader XTIUSD,H1: Failed modifying GBPUSD
0	11:51:41.579	trend_dtrader XTIUSD,H1: Failed modifying GRTUSD
0	11:51:42.584	trend_dtrader XTIUSD,H1: Failed modifying ICPUSD
0	11:51:43.580	trend_dtrader XTIUSD,H1: Failed modifying IOTAUSD
0	11:51:44.581	trend_dtrader XTIUSD,H1: Failed modifying LINKUSD
0	11:51:45.581	trend_dtrader XTIUSD,H1: Failed modifying LRCUSD
0	11:51:46.586	trend_dtrader XTIUSD,H1: Failed modifying LTCUSD
0	11:51:47.899	trend_dtrader XTIUSD,H1: Failed modifying MANAUSD
0	11:51:48.579	trend_dtrader XTIUSD,H1: Failed modifying MATICUSD
0	11:51:49.625	trend_dtrader XTIUSD,H1: Failed modifying NEARUSD
0	11:51:50.580	trend_dtrader XTIUSD,H1: Failed modifying NZDUSD
0	11:51:51.579	trend_dtrader XTIUSD,H1: Failed modifying SOLUSD
0	11:51:52.680	trend_dtrader XTIUSD,H1: Failed modifying TRXUSD
0	11:51:53.586	trend_dtrader XTIUSD,H1: Alert: Failed UNIUSD
0	11:51:53.586	trend_dtrader XTIUSD,H1: Failed modifying UNIUSD
0	11:51:54.735	trend_dtrader XTIUSD,H1: Failed modifying USDCAD
0	11:51:55.579	trend_dtrader XTIUSD,H1: Failed modifying USDCHF
0	11:51:56.580	trend_dtrader XTIUSD,H1: Failed modifying USDJPY
0	11:51:57.612	trend_dtrader XTIUSD,H1: Failed modifying USDMXN
0	11:51:58.582	trend_dtrader XTIUSD,H1: Failed modifying USDZAR
0	11:51:59.582	trend_dtrader XTIUSD,H1: Failed modifying XAGUSD
0	11:52:00.582	trend_dtrader XTIUSD,H1: Failed modifying XAUUSD
0	11:52:01.589	trend_dtrader XTIUSD,H1: Failed modifying XBRUSD
0	11:52:02.581	trend_dtrader XTIUSD,H1: Failed modifying XNGUSD
0	11:52:03.581	trend_dtrader XTIUSD,H1: Failed modifying XRPUSD
0	11:52:04.587	trend_dtrader XTIUSD,H1: Failed modifying XTIUSD
0	11:52:05.581	trend_dtrader XTIUSD,H1: Failed modifying AAVEUSD
0	11:52:06.580	trend_dtrader XTIUSD,H1: Failed modifying ADAUSD
0	11:52:07.580	trend_dtrader XTIUSD,H1: Failed modifying ALGOUSD
0	11:52:08.585	trend_dtrader XTIUSD,H1: Failed modifying ATOMUSD
0	11:52:09.610	trend_dtrader XTIUSD,H1: Failed modifying AUDUSD
0	11:52:10.580	trend_dtrader XTIUSD,H1: Failed modifying AVAXUSD
0	11:52:11.579	trend_dtrader XTIUSD,H1: Failed modifying AXSUSD
0	11:52:12.588	trend_dtrader XTIUSD,H1: Alert: Failed BCHUSD
0	11:52:12.588	trend_dtrader XTIUSD,H1: Failed modifying BCHUSD
0	11:52:13.583	trend_dtrader XTIUSD,H1: Failed modifying BNBUSD
0	11:52:14.581	trend_dtrader XTIUSD,H1: Failed modifying BTCUSD
0	11:52:15.716	trend_dtrader XTIUSD,H1: Failed modifying DASHUSD
0	11:52:16.591	trend_dtrader XTIUSD,H1: Failed modifying DOGEUSD
0	11:52:17.585	trend_dtrader XTIUSD,H1: Failed modifying DOTUSD
0	11:52:18.602	trend_dtrader XTIUSD,H1: Failed modifying ETCUSD
0	11:52:19.580	trend_dtrader XTIUSD,H1: Failed modifying ETHUSD
0	11:52:20.580	trend_dtrader XTIUSD,H1: Failed modifying EURUSD
0	11:52:21.580	trend_dtrader XTIUSD,H1: Failed modifying FILUSD
0	11:52:22.580	trend_dtrader XTIUSD,H1: Failed modifying FTMUSD
0	11:52:23.584	trend_dtrader XTIUSD,H1: Failed modifying GBPUSD
0	11:52:24.575	trend_dtrader XTIUSD,H1: Failed modifying GRTUSD
0	11:52:25.584	trend_dtrader XTIUSD,H1: Failed modifying ICPUSD
0	11:52:26.580	trend_dtrader XTIUSD,H1: Failed modifying IOTAUSD
0	11:52:27.607	trend_dtrader XTIUSD,H1: Failed modifying LINKUSD
0	11:52:28.606	trend_dtrader XTIUSD,H1: Failed modifying LRCUSD
0	11:52:29.628	trend_dtrader XTIUSD,H1: Failed modifying LTCUSD
0	11:52:30.580	trend_dtrader XTIUSD,H1: Failed modifying MANAUSD
0	11:52:31.581	trend_dtrader XTIUSD,H1: Failed modifying MATICUSD
0	11:52:32.581	trend_dtrader XTIUSD,H1: Failed modifying NEARUSD
0	11:52:33.582	trend_dtrader XTIUSD,H1: Failed modifying NZDUSD
0	11:52:34.931	trend_dtrader XTIUSD,H1: Failed modifying SOLUSD
0	11:52:35.583	trend_dtrader XTIUSD,H1: Failed modifying TRXUSD
0	11:52:36.588	trend_dtrader XTIUSD,H1: Alert: Failed UNIUSD
0	11:52:36.589	trend_dtrader XTIUSD,H1: Failed modifying UNIUSD
0	11:52:37.581	trend_dtrader XTIUSD,H1: Failed modifying USDCAD
0	11:52:38.581	trend_dtrader XTIUSD,H1: Failed modifying USDCHF
0	11:52:39.581	trend_dtrader XTIUSD,H1: Failed modifying USDJPY
0	11:52:40.581	trend_dtrader XTIUSD,H1: Failed modifying USDMXN
0	11:52:41.582	trend_dtrader XTIUSD,H1: Failed modifying USDZAR
0	11:52:42.604	trend_dtrader XTIUSD,H1: Failed modifying XAGUSD
0	11:52:43.694	trend_dtrader XTIUSD,H1: Failed modifying XAUUSD
0	11:52:44.610	trend_dtrader XTIUSD,H1: Failed modifying XBRUSD
0	11:52:45.576	trend_dtrader XTIUSD,H1: Failed modifying XNGUSD
0	11:52:46.584	trend_dtrader XTIUSD,H1: Failed modifying XRPUSD
0	11:52:47.632	trend_dtrader XTIUSD,H1: Failed modifying XTIUSD
0	11:52:48.580	trend_dtrader XTIUSD,H1: Failed modifying AAVEUSD
0	11:52:49.578	trend_dtrader XTIUSD,H1: Failed modifying ADAUSD
0	11:52:50.922	trend_dtrader XTIUSD,H1: Failed modifying ALGOUSD
0	11:52:51.583	trend_dtrader XTIUSD,H1: Failed modifying ATOMUSD
0	11:52:52.583	trend_dtrader XTIUSD,H1: Failed modifying AUDUSD
0	11:52:53.578	trend_dtrader XTIUSD,H1: Failed modifying AVAXUSD
0	11:52:54.578	trend_dtrader XTIUSD,H1: Failed modifying AXSUSD
0	11:52:55.586	trend_dtrader XTIUSD,H1: Alert: Failed BCHUSD
0	11:52:55.586	trend_dtrader XTIUSD,H1: Failed modifying BCHUSD
0	11:52:56.579	trend_dtrader XTIUSD,H1: Failed modifying BNBUSD
0	11:52:57.619	trend_dtrader XTIUSD,H1: Failed modifying BTCUSD
0	11:52:58.579	trend_dtrader XTIUSD,H1: Failed modifying DASHUSD
0	11:52:59.875	trend_dtrader XTIUSD,H1: Failed modifying DOGEUSD
0	11:53:00.578	trend_dtrader XTIUSD,H1: Failed modifying DOTUSD
0	11:53:01.583	trend_dtrader XTIUSD,H1: Failed modifying ETCUSD
0	11:53:02.579	trend_dtrader XTIUSD,H1: Failed modifying ETHUSD
0	11:53:03.582	trend_dtrader XTIUSD,H1: Failed modifying EURUSD
0	11:53:04.600	trend_dtrader XTIUSD,H1: Failed modifying FILUSD
0	11:53:05.579	trend_dtrader XTIUSD,H1: Failed modifying FTMUSD
0	11:53:06.642	trend_dtrader XTIUSD,H1: Failed modifying GBPUSD
0	11:53:07.578	trend_dtrader XTIUSD,H1: Failed modifying GRTUSD
0	11:53:08.583	trend_dtrader XTIUSD,H1: Failed modifying ICPUSD
0	11:53:09.623	trend_dtrader XTIUSD,H1: Failed modifying IOTAUSD
0	11:53:10.580	trend_dtrader XTIUSD,H1: Failed modifying LINKUSD
0	11:53:11.580	trend_dtrader XTIUSD,H1: Failed modifying LRCUSD
0	11:53:12.584	trend_dtrader XTIUSD,H1: Failed modifying LTCUSD
0	11:53:13.583	trend_dtrader XTIUSD,H1: Failed modifying MANAUSD
0	11:53:14.593	trend_dtrader XTIUSD,H1: Failed modifying MATICUSD
0	11:53:15.578	trend_dtrader XTIUSD,H1: Failed modifying NEARUSD
0	11:53:16.773	trend_dtrader XTIUSD,H1: Failed modifying NZDUSD
0	11:53:17.578	trend_dtrader XTIUSD,H1: Failed modifying SOLUSD
0	11:53:18.631	trend_dtrader XTIUSD,H1: Failed modifying TRXUSD
0	11:53:19.928	trend_dtrader XTIUSD,H1: Alert: Failed UNIUSD
0	11:53:19.928	trend_dtrader XTIUSD,H1: Failed modifying UNIUSD
0	11:53:20.579	trend_dtrader XTIUSD,H1: Failed modifying USDCAD
0	11:53:21.579	trend_dtrader XTIUSD,H1: Failed modifying USDCHF
0	11:53:22.579	trend_dtrader XTIUSD,H1: Failed modifying USDJPY
0	11:53:23.627	trend_dtrader XTIUSD,H1: Failed modifying USDMXN
0	11:53:24.581	trend_dtrader XTIUSD,H1: Failed modifying USDZAR
0	11:53:25.583	trend_dtrader XTIUSD,H1: Failed modifying XAGUSD
0	11:53:26.757	trend_dtrader XTIUSD,H1: Failed modifying XAUUSD
0	11:53:27.590	trend_dtrader XTIUSD,H1: Failed modifying XBRUSD
0	11:53:28.624	trend_dtrader XTIUSD,H1: Failed modifying XNGUSD
0	11:53:29.633	trend_dtrader XTIUSD,H1: Failed modifying XRPUSD
0	11:53:30.583	trend_dtrader XTIUSD,H1: Failed modifying XTIUSD
0	11:53:31.578	trend_dtrader XTIUSD,H1: Failed modifying AAVEUSD
0	11:53:32.575	trend_dtrader XTIUSD,H1: Failed modifying ADAUSD
0	11:53:33.628	trend_dtrader XTIUSD,H1: Failed modifying ALGOUSD
0	11:53:34.584	trend_dtrader XTIUSD,H1: Failed modifying ATOMUSD
0	11:53:35.580	trend_dtrader XTIUSD,H1: Failed modifying AUDUSD
0	11:53:36.619	trend_dtrader XTIUSD,H1: Failed modifying AVAXUSD
0	11:53:37.579	trend_dtrader XTIUSD,H1: Failed modifying AXSUSD
0	11:53:38.590	trend_dtrader XTIUSD,H1: Alert: Failed BCHUSD
0	11:53:38.590	trend_dtrader XTIUSD,H1: Failed modifying BCHUSD
0	11:53:39.582	trend_dtrader XTIUSD,H1: Failed modifying BNBUSD
0	11:53:40.580	trend_dtrader XTIUSD,H1: Failed modifying BTCUSD
0	11:53:41.577	trend_dtrader XTIUSD,H1: Failed modifying DASHUSD
0	11:53:42.581	trend_dtrader XTIUSD,H1: Failed modifying DOGEUSD
0	11:53:43.577	trend_dtrader XTIUSD,H1: Failed modifying DOTUSD
0	11:53:44.594	trend_dtrader XTIUSD,H1: Failed modifying ETCUSD
0	11:53:45.577	trend_dtrader XTIUSD,H1: Failed modifying ETHUSD
0	11:53:46.581	trend_dtrader XTIUSD,H1: Failed modifying EURUSD
0	11:53:47.588	trend_dtrader XTIUSD,H1: Failed modifying FILUSD
0	11:53:48.658	trend_dtrader XTIUSD,H1: Failed modifying FTMUSD
0	11:53:49.586	trend_dtrader XTIUSD,H1: Failed modifying GBPUSD
0	11:53:50.578	trend_dtrader XTIUSD,H1: Failed modifying GRTUSD
0	11:53:51.581	trend_dtrader XTIUSD,H1: Failed modifying ICPUSD
0	11:53:52.673	trend_dtrader XTIUSD,H1: Failed modifying IOTAUSD
0	11:53:53.584	trend_dtrader XTIUSD,H1: Failed modifying LINKUSD
0	11:53:54.577	trend_dtrader XTIUSD,H1: Failed modifying LRCUSD
0	11:53:55.588	trend_dtrader XTIUSD,H1: Failed modifying LTCUSD
0	11:53:56.578	trend_dtrader XTIUSD,H1: Failed modifying MANAUSD
0	11:53:57.582	trend_dtrader XTIUSD,H1: Failed modifying MATICUSD
0	11:53:58.578	trend_dtrader XTIUSD,H1: Failed modifying NEARUSD
0	11:53:59.578	trend_dtrader XTIUSD,H1: Failed modifying NZDUSD
0	11:54:00.596	trend_dtrader XTIUSD,H1: Failed modifying SOLUSD
0	11:54:01.892	trend_dtrader XTIUSD,H1: Failed modifying TRXUSD
0	11:54:03.078	trend_dtrader XTIUSD,H1: Alert: Failed UNIUSD
0	11:54:03.078	trend_dtrader XTIUSD,H1: Failed modifying UNIUSD
0	11:54:03.579	trend_dtrader XTIUSD,H1: Failed modifying USDCAD
0	11:54:04.579	trend_dtrader XTIUSD,H1: Failed modifying USDCHF
0	11:54:06.114	trend_dtrader XTIUSD,H1: Failed modifying USDJPY
0	11:54:06.628	trend_dtrader XTIUSD,H1: Failed modifying USDMXN
0	11:54:07.581	trend_dtrader XTIUSD,H1: Failed modifying USDZAR
0	11:54:08.584	trend_dtrader XTIUSD,H1: Failed modifying XAGUSD
0	11:54:09.578	trend_dtrader XTIUSD,H1: Failed modifying XAUUSD
0	11:54:10.584	trend_dtrader XTIUSD,H1: Failed modifying XBRUSD
0	11:54:11.623	trend_dtrader XTIUSD,H1: Failed modifying XNGUSD
0	11:54:13.017	trend_dtrader XTIUSD,H1: Failed modifying XRPUSD
0	11:54:13.847	trend_dtrader XTIUSD,H1: Failed modifying XTIUSD
0	11:54:14.603	trend_dtrader XTIUSD,H1: Failed modifying AAVEUSD
0	11:54:15.578	trend_dtrader XTIUSD,H1: Failed modifying ADAUSD
0	11:54:16.614	trend_dtrader XTIUSD,H1: Failed modifying ALGOUSD
0	11:54:17.582	trend_dtrader XTIUSD,H1: Failed modifying ATOMUSD
0	11:54:18.581	trend_dtrader XTIUSD,H1: Failed modifying AUDUSD
0	11:54:19.589	trend_dtrader XTIUSD,H1: Failed modifying AVAXUSD
0	11:54:20.574	trend_dtrader XTIUSD,H1: Failed modifying AXSUSD
0	11:54:21.867	trend_dtrader XTIUSD,H1: Alert: Failed BCHUSD
0	11:54:21.867	trend_dtrader XTIUSD,H1: Failed modifying BCHUSD
0	11:54:22.577	trend_dtrader XTIUSD,H1: Failed modifying BNBUSD
0	11:54:23.577	trend_dtrader XTIUSD,H1: Failed modifying BTCUSD
0	11:54:24.575	trend_dtrader XTIUSD,H1: Failed modifying DASHUSD
0	11:54:25.582	trend_dtrader XTIUSD,H1: Failed modifying DOGEUSD
0	11:54:26.577	trend_dtrader XTIUSD,H1: Failed modifying DOTUSD
0	11:54:27.580	trend_dtrader XTIUSD,H1: Failed modifying ETCUSD
0	11:54:28.585	trend_dtrader XTIUSD,H1: Failed modifying ETHUSD
0	11:54:29.576	trend_dtrader XTIUSD,H1: Failed modifying EURUSD
0	11:54:30.576	trend_dtrader XTIUSD,H1: Failed modifying FILUSD
0	11:54:31.674	trend_dtrader XTIUSD,H1: Failed modifying FTMUSD
0	11:54:32.579	trend_dtrader XTIUSD,H1: Failed modifying GBPUSD
0	11:54:33.576	trend_dtrader XTIUSD,H1: Failed modifying GRTUSD
0	11:54:34.627	trend_dtrader XTIUSD,H1: Failed modifying ICPUSD
0	11:54:35.578	trend_dtrader XTIUSD,H1: Failed modifying IOTAUSD
0	11:54:36.822	trend_dtrader XTIUSD,H1: Failed modifying LINKUSD
0	11:54:37.578	trend_dtrader XTIUSD,H1: Failed modifying LRCUSD
0	11:54:38.583	trend_dtrader XTIUSD,H1: Failed modifying LTCUSD
0	11:54:39.592	trend_dtrader XTIUSD,H1: Failed modifying MANAUSD
0	11:54:40.576	trend_dtrader XTIUSD,H1: Failed modifying MATICUSD
0	11:54:41.577	trend_dtrader XTIUSD,H1: Failed modifying NEARUSD
0	11:54:42.622	trend_dtrader XTIUSD,H1: Failed modifying NZDUSD
0	11:54:43.938	trend_dtrader XTIUSD,H1: Failed modifying SOLUSD
0	11:54:44.581	trend_dtrader XTIUSD,H1: Failed modifying TRXUSD
0	11:54:46.333	trend_dtrader XTIUSD,H1: Alert: Failed UNIUSD
0	11:54:46.333	trend_dtrader XTIUSD,H1: Failed modifying UNIUSD
0	11:54:46.771	trend_dtrader XTIUSD,H1: Failed modifying USDCAD
0	11:54:47.577	trend_dtrader XTIUSD,H1: Failed modifying USDCHF
0	11:54:48.579	trend_dtrader XTIUSD,H1: Failed modifying USDJPY
0	11:54:49.577	trend_dtrader XTIUSD,H1: Failed modifying USDMXN
0	11:54:50.580	trend_dtrader XTIUSD,H1: Failed modifying USDZAR
0	11:54:51.580	trend_dtrader XTIUSD,H1: Failed modifying XAGUSD
0	11:54:52.580	trend_dtrader XTIUSD,H1: Failed modifying XAUUSD
0	11:54:53.582	trend_dtrader XTIUSD,H1: Failed modifying XBRUSD
0	11:54:54.573	trend_dtrader XTIUSD,H1: Failed modifying XNGUSD
0	11:54:55.723	trend_dtrader XTIUSD,H1: Failed modifying XRPUSD
0	11:54:56.581	trend_dtrader XTIUSD,H1: Failed modifying XTIUSD
0	11:54:57.576	trend_dtrader XTIUSD,H1: Failed modifying AAVEUSD
0	11:54:58.576	trend_dtrader XTIUSD,H1: Failed modifying ADAUSD
0	11:54:59.576	trend_dtrader XTIUSD,H1: Failed modifying ALGOUSD
0	11:55:00.581	trend_dtrader XTIUSD,H1: Failed modifying ATOMUSD
0	11:55:01.631	trend_dtrader XTIUSD,H1: Failed modifying AUDUSD
0	11:55:02.576	trend_dtrader XTIUSD,H1: Failed modifying AVAXUSD
0	11:55:03.578	trend_dtrader XTIUSD,H1: Failed modifying AXSUSD
0	11:55:04.584	trend_dtrader XTIUSD,H1: Alert: Failed BCHUSD
0	11:55:04.584	trend_dtrader XTIUSD,H1: Failed modifying BCHUSD
0	11:55:05.589	trend_dtrader XTIUSD,H1: Failed modifying BNBUSD
0	11:55:06.575	trend_dtrader XTIUSD,H1: Failed modifying BTCUSD
0	11:55:07.601	trend_dtrader XTIUSD,H1: Failed modifying DASHUSD
0	11:55:08.578	trend_dtrader XTIUSD,H1: Failed modifying DOGEUSD
0	11:55:09.576	trend_dtrader XTIUSD,H1: Failed modifying DOTUSD
0	11:55:10.580	trend_dtrader XTIUSD,H1: Failed modifying ETCUSD
0	11:55:11.585	trend_dtrader XTIUSD,H1: Failed modifying ETHUSD
0	11:55:12.575	trend_dtrader XTIUSD,H1: Failed modifying EURUSD
0	11:55:13.575	trend_dtrader XTIUSD,H1: Failed modifying FILUSD
0	11:55:14.581	trend_dtrader XTIUSD,H1: Failed modifying FTMUSD
0	11:55:15.579	trend_dtrader XTIUSD,H1: Failed modifying GBPUSD
0	11:55:17.345	trend_dtrader XTIUSD,H1: Failed modifying GRTUSD
0	11:55:17.945	trend_dtrader XTIUSD,H1: Failed modifying ICPUSD
0	11:55:18.575	trend_dtrader XTIUSD,H1: Failed modifying IOTAUSD
0	11:55:19.576	trend_dtrader XTIUSD,H1: Failed modifying LINKUSD
0	11:55:20.577	trend_dtrader XTIUSD,H1: Failed modifying LRCUSD
0	11:55:21.868	trend_dtrader XTIUSD,H1: Failed modifying LTCUSD
0	11:55:22.830	trend_dtrader XTIUSD,H1: Failed modifying MANAUSD
0	11:55:23.586	trend_dtrader XTIUSD,H1: Failed modifying MATICUSD
0	11:55:24.575	trend_dtrader XTIUSD,H1: Failed modifying NEARUSD
0	11:55:25.576	trend_dtrader XTIUSD,H1: Failed modifying NZDUSD
0	11:55:26.575	trend_dtrader XTIUSD,H1: Failed modifying SOLUSD
0	11:55:27.577	trend_dtrader XTIUSD,H1: Failed modifying TRXUSD
2	11:55:28.833	trend_dtrader XTIUSD,H1: open #469869667 sell 0.40 UNIUSD at 12.767 sl: 14.485 tp: 7.421 ok
0	11:55:28.833	trend_dtrader XTIUSD,H1: Alert: UNIUSD Ordered Successfully
0	11:55:28.833	trend_dtrader XTIUSD,H1: Failed modifying UNIUSD
0	11:55:29.575	trend_dtrader XTIUSD,H1: Failed modifying USDCAD
0	11:55:30.587	trend_dtrader XTIUSD,H1: Failed modifying USDCHF
0	11:55:31.576	trend_dtrader XTIUSD,H1: Failed modifying USDJPY
0	11:55:32.575	trend_dtrader XTIUSD,H1: Failed modifying USDMXN
0	11:55:33.922	trend_dtrader XTIUSD,H1: Failed modifying USDZAR
0	11:55:34.849	trend_dtrader XTIUSD,H1: Failed modifying XAGUSD
0	11:55:35.579	trend_dtrader XTIUSD,H1: Failed modifying XAUUSD
0	11:55:36.581	trend_dtrader XTIUSD,H1: Failed modifying XBRUSD
0	11:55:37.572	trend_dtrader XTIUSD,H1: Failed modifying XNGUSD
0	11:55:38.577	trend_dtrader XTIUSD,H1: Failed modifying XRPUSD
0	11:55:39.577	trend_dtrader XTIUSD,H1: Failed modifying XTIUSD
0	11:55:40.575	trend_dtrader XTIUSD,H1: Failed modifying AAVEUSD
0	11:55:41.574	trend_dtrader XTIUSD,H1: Failed modifying ADAUSD
0	11:55:42.576	trend_dtrader XTIUSD,H1: Failed modifying ALGOUSD
0	11:55:43.579	trend_dtrader XTIUSD,H1: Failed modifying ATOMUSD
0	11:55:44.578	trend_dtrader XTIUSD,H1: Failed modifying AUDUSD
0	11:55:45.574	trend_dtrader XTIUSD,H1: Failed modifying AVAXUSD
0	11:55:46.811	trend_dtrader XTIUSD,H1: Failed modifying AXSUSD
2	11:55:47.890	trend_dtrader XTIUSD,H1: open #469869693 sell 0.40 BCHUSD at 401.41 sl: 463.67 tp: 262.56 ok
0	11:55:47.890	trend_dtrader XTIUSD,H1: Alert: BCHUSD Ordered Successfully
0	11:55:47.890	trend_dtrader XTIUSD,H1: Failed modifying BCHUSD
0	11:55:49.146	trend_dtrader XTIUSD,H1: Failed modifying BNBUSD
0	11:55:49.861	trend_dtrader XTIUSD,H1: Failed modifying BTCUSD
0	11:55:50.574	trend_dtrader XTIUSD,H1: Failed modifying DASHUSD
0	11:55:51.642	trend_dtrader XTIUSD,H1: Failed modifying DOGEUSD
0	11:55:52.574	trend_dtrader XTIUSD,H1: Failed modifying DOTUSD
0	11:55:53.817	trend_dtrader XTIUSD,H1: Failed modifying ETCUSD
0	11:55:54.586	trend_dtrader XTIUSD,H1: Failed modifying ETHUSD
0	11:55:55.574	trend_dtrader XTIUSD,H1: Failed modifying EURUSD
0	11:55:56.575	trend_dtrader XTIUSD,H1: Failed modifying FILUSD
0	11:55:57.907	trend_dtrader XTIUSD,H1: Failed modifying FTMUSD
0	11:55:58.766	trend_dtrader XTIUSD,H1: Failed modifying GBPUSD
0	11:55:59.614	trend_dtrader XTIUSD,H1: Failed modifying GRTUSD
0	11:56:00.811	trend_dtrader XTIUSD,H1: Failed modifying ICPUSD
0	11:56:01.706	trend_dtrader XTIUSD,H1: Failed modifying IOTAUSD
0	11:56:02.577	trend_dtrader XTIUSD,H1: Failed modifying LINKUSD
0	11:56:04.369	trend_dtrader XTIUSD,H1: Failed modifying LRCUSD
0	11:56:04.579	trend_dtrader XTIUSD,H1: Failed modifying LTCUSD
0	11:56:06.218	trend_dtrader XTIUSD,H1: Failed modifying MANAUSD
0	11:56:06.575	trend_dtrader XTIUSD,H1: Failed modifying MATICUSD
0	11:56:07.933	trend_dtrader XTIUSD,H1: Failed modifying NEARUSD
0	11:56:08.575	trend_dtrader XTIUSD,H1: Failed modifying NZDUSD
0	11:56:09.641	trend_dtrader XTIUSD,H1: Failed modifying SOLUSD
0	11:56:11.092	trend_dtrader XTIUSD,H1: Failed modifying TRXUSD
0	11:56:12.144	trend_dtrader XTIUSD,H1: Failed modifying UNIUSD
0	11:56:12.576	trend_dtrader XTIUSD,H1: Failed modifying USDCAD
0	11:56:13.857	trend_dtrader XTIUSD,H1: Failed modifying USDCHF
0	11:56:14.596	trend_dtrader XTIUSD,H1: Failed modifying USDJPY
0	11:56:15.578	trend_dtrader XTIUSD,H1: Failed modifying USDMXN
0	11:56:17.145	trend_dtrader XTIUSD,H1: Failed modifying USDZAR
0	11:56:17.579	trend_dtrader XTIUSD,H1: Failed modifying XAGUSD
0	11:56:18.880	trend_dtrader XTIUSD,H1: Failed modifying XAUUSD
0	11:56:19.607	trend_dtrader XTIUSD,H1: Failed modifying XBRUSD
0	11:56:20.631	trend_dtrader XTIUSD,H1: Failed modifying XNGUSD
0	11:56:21.576	trend_dtrader XTIUSD,H1: Failed modifying XRPUSD
0	11:56:22.594	trend_dtrader XTIUSD,H1: Failed modifying XTIUSD
0	11:56:23.574	trend_dtrader XTIUSD,H1: Failed modifying AAVEUSD
0	11:56:24.632	trend_dtrader XTIUSD,H1: Failed modifying ADAUSD
0	11:56:25.901	trend_dtrader XTIUSD,H1: Failed modifying ALGOUSD
0	11:56:26.578	trend_dtrader XTIUSD,H1: Failed modifying ATOMUSD
0	11:56:27.578	trend_dtrader XTIUSD,H1: Failed modifying AUDUSD
0	11:56:28.588	trend_dtrader XTIUSD,H1: Failed modifying AVAXUSD
0	11:56:29.827	trend_dtrader XTIUSD,H1: Failed modifying AXSUSD
0	11:56:30.578	trend_dtrader XTIUSD,H1: Failed modifying BCHUSD
0	11:56:31.574	trend_dtrader XTIUSD,H1: Failed modifying BNBUSD
0	11:56:32.669	trend_dtrader XTIUSD,H1: Failed modifying BTCUSD
0	11:56:34.001	trend_dtrader XTIUSD,H1: Failed modifying DASHUSD
0	11:56:34.905	trend_dtrader XTIUSD,H1: Failed modifying DOGEUSD
0	11:56:35.574	trend_dtrader XTIUSD,H1: Failed modifying DOTUSD
0	11:56:36.583	trend_dtrader XTIUSD,H1: Failed modifying ETCUSD
0	11:56:37.763	trend_dtrader XTIUSD,H1: Failed modifying ETHUSD
0	11:56:38.739	trend_dtrader XTIUSD,H1: Failed modifying EURUSD
0	11:56:39.573	trend_dtrader XTIUSD,H1: Failed modifying FILUSD
0	11:56:40.574	trend_dtrader XTIUSD,H1: Failed modifying FTMUSD
0	11:56:41.619	trend_dtrader XTIUSD,H1: Failed modifying GBPUSD
0	11:56:42.923	trend_dtrader XTIUSD,H1: Failed modifying GRTUSD
0	11:56:43.586	trend_dtrader XTIUSD,H1: Failed modifying ICPUSD
0	11:56:44.651	trend_dtrader XTIUSD,H1: Failed modifying IOTAUSD
0	11:56:45.609	trend_dtrader XTIUSD,H1: Failed modifying LINKUSD
0	11:56:46.690	trend_dtrader XTIUSD,H1: Failed modifying LRCUSD
0	11:56:47.634	trend_dtrader XTIUSD,H1: Failed modifying LTCUSD
0	11:56:49.521	trend_dtrader XTIUSD,H1: Failed modifying MANAUSD
0	11:56:49.575	trend_dtrader XTIUSD,H1: Failed modifying MATICUSD
0	11:56:50.809	trend_dtrader XTIUSD,H1: Failed modifying NEARUSD
0	11:56:51.577	trend_dtrader XTIUSD,H1: Failed modifying NZDUSD
0	11:56:52.572	trend_dtrader XTIUSD,H1: Failed modifying SOLUSD
0	11:56:53.578	trend_dtrader XTIUSD,H1: Failed modifying TRXUSD
0	11:56:54.577	trend_dtrader XTIUSD,H1: Failed modifying UNIUSD
0	11:56:55.691	trend_dtrader XTIUSD,H1: Failed modifying USDCAD
0	11:56:56.575	trend_dtrader XTIUSD,H1: Failed modifying USDCHF
0	11:56:57.706	trend_dtrader XTIUSD,H1: Failed modifying USDJPY
0	11:56:58.627	trend_dtrader XTIUSD,H1: Failed modifying USDMXN
0	11:56:59.577	trend_dtrader XTIUSD,H1: Failed modifying USDZAR
0	11:57:01.472	trend_dtrader XTIUSD,H1: Failed modifying XAGUSD
0	11:57:01.660	trend_dtrader XTIUSD,H1: Failed modifying XAUUSD
0	11:57:02.580	trend_dtrader XTIUSD,H1: Failed modifying XBRUSD
0	11:57:03.570	trend_dtrader XTIUSD,H1: Failed modifying XNGUSD
0	11:57:04.574	trend_dtrader XTIUSD,H1: Failed modifying XRPUSD
0	11:57:05.577	trend_dtrader XTIUSD,H1: Failed modifying XTIUSD
0	11:57:06.649	trend_dtrader XTIUSD,H1: Failed modifying AAVEUSD
0	11:57:07.754	trend_dtrader XTIUSD,H1: Failed modifying ADAUSD
0	11:57:08.630	trend_dtrader XTIUSD,H1: Failed modifying ALGOUSD
0	11:57:09.580	trend_dtrader XTIUSD,H1: Failed modifying ATOMUSD
0	11:57:10.600	trend_dtrader XTIUSD,H1: Failed modifying AUDUSD
0	11:57:11.573	trend_dtrader XTIUSD,H1: Failed modifying AVAXUSD
0	11:57:12.586	trend_dtrader XTIUSD,H1: Failed modifying AXSUSD
0	11:57:13.731	trend_dtrader XTIUSD,H1: Failed modifying BCHUSD
0	11:57:14.576	trend_dtrader XTIUSD,H1: Failed modifying BNBUSD
0	11:57:15.572	trend_dtrader XTIUSD,H1: Failed modifying BTCUSD
0	11:57:16.597	trend_dtrader XTIUSD,H1: Failed modifying DASHUSD
0	11:57:17.574	trend_dtrader XTIUSD,H1: Failed modifying DOGEUSD
0	11:57:18.573	trend_dtrader XTIUSD,H1: Failed modifying DOTUSD
0	11:57:19.576	trend_dtrader XTIUSD,H1: Failed modifying ETCUSD
0	11:57:20.638	trend_dtrader XTIUSD,H1: Failed modifying ETHUSD
0	11:57:21.582	trend_dtrader XTIUSD,H1: Failed modifying EURUSD
0	11:57:22.569	trend_dtrader XTIUSD,H1: Failed modifying FILUSD
0	11:57:23.575	trend_dtrader XTIUSD,H1: Failed modifying FTMUSD
0	11:57:24.576	trend_dtrader XTIUSD,H1: Failed modifying GBPUSD
0	11:57:25.573	trend_dtrader XTIUSD,H1: Failed modifying GRTUSD
0	11:57:26.577	trend_dtrader XTIUSD,H1: Failed modifying ICPUSD
0	11:57:27.574	trend_dtrader XTIUSD,H1: Failed modifying IOTAUSD
0	11:57:28.653	trend_dtrader XTIUSD,H1: Failed modifying LINKUSD
0	11:57:29.768	trend_dtrader XTIUSD,H1: Failed modifying LRCUSD
0	11:57:30.580	trend_dtrader XTIUSD,H1: Failed modifying LTCUSD
0	11:57:31.573	trend_dtrader XTIUSD,H1: Failed modifying MANAUSD
0	11:57:32.703	trend_dtrader XTIUSD,H1: Failed modifying MATICUSD
0	11:57:33.782	trend_dtrader XTIUSD,H1: Failed modifying NEARUSD
0	11:57:34.574	trend_dtrader XTIUSD,H1: Failed modifying NZDUSD
0	11:57:35.739	trend_dtrader XTIUSD,H1: Failed modifying SOLUSD
0	11:57:36.572	trend_dtrader XTIUSD,H1: Failed modifying TRXUSD
0	11:57:37.577	trend_dtrader XTIUSD,H1: Failed modifying UNIUSD
0	11:57:38.573	trend_dtrader XTIUSD,H1: Failed modifying USDCAD
0	11:57:39.623	trend_dtrader XTIUSD,H1: Failed modifying USDCHF
0	11:57:40.603	trend_dtrader XTIUSD,H1: Failed modifying USDJPY
0	11:57:41.587	trend_dtrader XTIUSD,H1: Failed modifying USDMXN
0	11:57:43.935	trend_dtrader XTIUSD,H1: Failed modifying USDZAR
0	11:57:45.023	trend_dtrader XTIUSD,H1: Failed modifying XAGUSD
0	11:57:45.675	trend_dtrader XTIUSD,H1: Failed modifying XAUUSD
0	11:57:46.752	trend_dtrader XTIUSD,H1: Failed modifying XBRUSD
0	11:57:47.677	trend_dtrader XTIUSD,H1: Failed modifying XNGUSD
0	11:57:49.454	trend_dtrader XTIUSD,H1: Failed modifying XRPUSD
0	11:57:49.579	trend_dtrader XTIUSD,H1: Failed modifying XTIUSD
0	11:57:50.573	trend_dtrader XTIUSD,H1: Failed modifying AAVEUSD
0	11:57:51.574	trend_dtrader XTIUSD,H1: Failed modifying ADAUSD
0	11:57:52.716	trend_dtrader XTIUSD,H1: Failed modifying ALGOUSD
0	11:57:53.577	trend_dtrader XTIUSD,H1: Failed modifying ATOMUSD
0	11:57:54.577	trend_dtrader XTIUSD,H1: Failed modifying AUDUSD
0	11:57:55.572	trend_dtrader XTIUSD,H1: Failed modifying AVAXUSD
0	11:57:56.620	trend_dtrader XTIUSD,H1: Failed modifying AXSUSD
0	11:57:57.578	trend_dtrader XTIUSD,H1: Failed modifying BCHUSD
0	11:57:58.606	trend_dtrader XTIUSD,H1: Failed modifying BNBUSD
0	11:57:59.573	trend_dtrader XTIUSD,H1: Failed modifying BTCUSD
0	11:58:00.571	trend_dtrader XTIUSD,H1: Failed modifying DASHUSD
0	11:58:01.575	trend_dtrader XTIUSD,H1: Failed modifying DOGEUSD
0	11:58:02.592	trend_dtrader XTIUSD,H1: Failed modifying DOTUSD
0	11:58:03.589	trend_dtrader XTIUSD,H1: Failed modifying ETCUSD
0	11:58:04.571	trend_dtrader XTIUSD,H1: Failed modifying ETHUSD
0	11:58:05.572	trend_dtrader XTIUSD,H1: Failed modifying EURUSD
0	11:58:06.572	trend_dtrader XTIUSD,H1: Failed modifying FILUSD
0	11:58:07.576	trend_dtrader XTIUSD,H1: Failed modifying FTMUSD
0	11:58:08.694	trend_dtrader XTIUSD,H1: Failed modifying GBPUSD
0	11:58:09.631	trend_dtrader XTIUSD,H1: Failed modifying GRTUSD
0	11:58:10.890	trend_dtrader XTIUSD,H1: Failed modifying ICPUSD
0	11:58:12.234	trend_dtrader XTIUSD,H1: Failed modifying IOTAUSD
0	11:58:13.287	trend_dtrader XTIUSD,H1: Failed modifying LINKUSD
0	11:58:13.623	trend_dtrader XTIUSD,H1: Failed modifying LRCUSD
0	11:58:14.794	trend_dtrader XTIUSD,H1: Failed modifying LTCUSD
0	11:58:16.905	trend_dtrader XTIUSD,H1: Failed modifying MANAUSD
0	11:58:18.154	trend_dtrader XTIUSD,H1: Failed modifying MATICUSD
0	11:58:18.681	trend_dtrader XTIUSD,H1: Failed modifying NEARUSD
0	11:58:19.611	trend_dtrader XTIUSD,H1: Failed modifying NZDUSD
0	11:58:20.645	trend_dtrader XTIUSD,H1: Failed modifying SOLUSD
0	11:58:21.630	trend_dtrader XTIUSD,H1: Failed modifying TRXUSD
0	11:58:23.045	trend_dtrader XTIUSD,H1: Failed modifying UNIUSD
0	11:58:23.572	trend_dtrader XTIUSD,H1: Failed modifying USDCAD
0	11:58:24.573	trend_dtrader XTIUSD,H1: Failed modifying USDCHF
0	11:58:25.630	trend_dtrader XTIUSD,H1: Failed modifying USDJPY
0	11:58:26.573	trend_dtrader XTIUSD,H1: Failed modifying USDMXN
0	11:58:27.771	trend_dtrader XTIUSD,H1: Failed modifying USDZAR
0	11:58:28.575	trend_dtrader XTIUSD,H1: Failed modifying XAGUSD
0	11:58:29.669	trend_dtrader XTIUSD,H1: Failed modifying XAUUSD
0	11:58:30.577	trend_dtrader XTIUSD,H1: Failed modifying XBRUSD
0	11:58:31.603	trend_dtrader XTIUSD,H1: Failed modifying XNGUSD
0	11:58:32.700	trend_dtrader XTIUSD,H1: Failed modifying XRPUSD
0	11:58:33.689	trend_dtrader XTIUSD,H1: Failed modifying XTIUSD
0	11:58:34.681	trend_dtrader XTIUSD,H1: Failed modifying AAVEUSD
0	11:58:35.732	trend_dtrader XTIUSD,H1: Failed modifying ADAUSD
0	11:58:36.624	trend_dtrader XTIUSD,H1: Failed modifying ALGOUSD
0	11:58:37.581	trend_dtrader XTIUSD,H1: Failed modifying ATOMUSD
0	11:58:39.168	trend_dtrader XTIUSD,H1: Failed modifying AUDUSD
0	11:58:39.571	trend_dtrader XTIUSD,H1: Failed modifying AVAXUSD
0	11:58:40.571	trend_dtrader XTIUSD,H1: Failed modifying AXSUSD
0	11:58:41.575	trend_dtrader XTIUSD,H1: Failed modifying BCHUSD
0	11:58:42.570	trend_dtrader XTIUSD,H1: Failed modifying BNBUSD
0	11:58:43.626	trend_dtrader XTIUSD,H1: Failed modifying BTCUSD
0	11:58:44.570	trend_dtrader XTIUSD,H1: Failed modifying DASHUSD
0	11:58:45.689	trend_dtrader XTIUSD,H1: Failed modifying DOGEUSD
0	11:58:46.575	trend_dtrader XTIUSD,H1: Failed modifying DOTUSD
0	11:58:47.575	trend_dtrader XTIUSD,H1: Failed modifying ETCUSD
0	11:58:49.098	trend_dtrader XTIUSD,H1: Failed modifying ETHUSD
0	11:58:49.582	trend_dtrader XTIUSD,H1: Failed modifying EURUSD
0	11:58:50.739	trend_dtrader XTIUSD,H1: Failed modifying FILUSD
0	11:58:51.707	trend_dtrader XTIUSD,H1: Failed modifying FTMUSD
0	11:58:52.685	trend_dtrader XTIUSD,H1: Failed modifying GBPUSD
0	11:58:53.570	trend_dtrader XTIUSD,H1: Failed modifying GRTUSD
0	11:58:54.580	trend_dtrader XTIUSD,H1: Failed modifying ICPUSD
0	11:58:55.762	trend_dtrader XTIUSD,H1: Failed modifying IOTAUSD
0	11:58:56.650	trend_dtrader XTIUSD,H1: Failed modifying LINKUSD
0	11:58:57.571	trend_dtrader XTIUSD,H1: Failed modifying LRCUSD
0	11:58:58.641	trend_dtrader XTIUSD,H1: Failed modifying LTCUSD
0	11:58:59.646	trend_dtrader XTIUSD,H1: Failed modifying MANAUSD
0	11:59:00.884	trend_dtrader XTIUSD,H1: Failed modifying MATICUSD
0	11:59:01.571	trend_dtrader XTIUSD,H1: Failed modifying NEARUSD
0	11:59:02.736	trend_dtrader XTIUSD,H1: Failed modifying NZDUSD
0	11:59:03.572	trend_dtrader XTIUSD,H1: Failed modifying SOLUSD
0	11:59:04.649	trend_dtrader XTIUSD,H1: Failed modifying TRXUSD
0	11:59:05.575	trend_dtrader XTIUSD,H1: Failed modifying UNIUSD
0	11:59:06.703	trend_dtrader XTIUSD,H1: Failed modifying USDCAD
0	11:59:07.706	trend_dtrader XTIUSD,H1: Failed modifying USDCHF
0	11:59:08.572	trend_dtrader XTIUSD,H1: Failed modifying USDJPY
0	11:59:09.672	trend_dtrader XTIUSD,H1: Failed modifying USDMXN
0	11:59:10.574	trend_dtrader XTIUSD,H1: Failed modifying USDZAR
0	11:59:11.666	trend_dtrader XTIUSD,H1: Failed modifying XAGUSD
0	11:59:12.574	trend_dtrader XTIUSD,H1: Failed modifying XAUUSD
0	11:59:13.575	trend_dtrader XTIUSD,H1: Failed modifying XBRUSD
0	11:59:14.633	trend_dtrader XTIUSD,H1: Failed modifying XNGUSD
0	11:59:15.621	trend_dtrader XTIUSD,H1: Failed modifying XRPUSD
0	11:59:16.730	trend_dtrader XTIUSD,H1: Failed modifying XTIUSD
0	11:59:17.639	trend_dtrader XTIUSD,H1: Failed modifying AAVEUSD
0	11:59:18.683	trend_dtrader XTIUSD,H1: Failed modifying ADAUSD
0	11:59:19.615	trend_dtrader XTIUSD,H1: Failed modifying ALGOUSD
0	11:59:20.775	trend_dtrader XTIUSD,H1: Failed modifying ATOMUSD
0	11:59:21.577	trend_dtrader XTIUSD,H1: Failed modifying AUDUSD
0	11:59:22.712	trend_dtrader XTIUSD,H1: Failed modifying AVAXUSD
0	11:59:23.600	trend_dtrader XTIUSD,H1: Failed modifying AXSUSD
0	11:59:24.644	trend_dtrader XTIUSD,H1: Failed modifying BCHUSD
0	11:59:25.571	trend_dtrader XTIUSD,H1: Failed modifying BNBUSD
0	11:59:26.570	trend_dtrader XTIUSD,H1: Failed modifying BTCUSD
0	11:59:27.569	trend_dtrader XTIUSD,H1: Failed modifying DASHUSD
0	11:59:28.575	trend_dtrader XTIUSD,H1: Failed modifying DOGEUSD
0	11:59:29.796	trend_dtrader XTIUSD,H1: Failed modifying DOTUSD
0	11:59:30.574	trend_dtrader XTIUSD,H1: Failed modifying ETCUSD
0	11:59:31.968	trend_dtrader XTIUSD,H1: Failed modifying ETHUSD
0	11:59:33.124	trend_dtrader XTIUSD,H1: Failed modifying EURUSD
0	11:59:34.252	trend_dtrader XTIUSD,H1: Failed modifying FILUSD
0	11:59:34.869	trend_dtrader XTIUSD,H1: Failed modifying FTMUSD
0	11:59:35.731	trend_dtrader XTIUSD,H1: Failed modifying GBPUSD
0	11:59:36.570	trend_dtrader XTIUSD,H1: Failed modifying GRTUSD
0	11:59:37.575	trend_dtrader XTIUSD,H1: Failed modifying ICPUSD
0	11:59:39.446	trend_dtrader XTIUSD,H1: Failed modifying IOTAUSD
0	11:59:39.674	trend_dtrader XTIUSD,H1: Failed modifying LINKUSD
0	11:59:40.789	trend_dtrader XTIUSD,H1: Failed modifying LRCUSD
0	11:59:41.875	trend_dtrader XTIUSD,H1: Failed modifying LTCUSD
0	11:59:42.572	trend_dtrader XTIUSD,H1: Failed modifying MANAUSD
0	11:59:43.816	trend_dtrader XTIUSD,H1: Failed modifying MATICUSD
0	11:59:44.599	trend_dtrader XTIUSD,H1: Failed modifying NEARUSD
0	11:59:45.572	trend_dtrader XTIUSD,H1: Failed modifying NZDUSD
0	11:59:46.693	trend_dtrader XTIUSD,H1: Failed modifying SOLUSD
0	11:59:47.572	trend_dtrader XTIUSD,H1: Failed modifying TRXUSD
0	11:59:48.593	trend_dtrader XTIUSD,H1: Failed modifying UNIUSD
0	11:59:49.858	trend_dtrader XTIUSD,H1: Failed modifying USDCAD
0	11:59:50.632	trend_dtrader XTIUSD,H1: Failed modifying USDCHF
0	11:59:51.734	trend_dtrader XTIUSD,H1: Failed modifying USDJPY
0	11:59:52.571	trend_dtrader XTIUSD,H1: Failed modifying USDMXN
0	11:59:53.574	trend_dtrader XTIUSD,H1: Failed modifying USDZAR
0	11:59:54.620	trend_dtrader XTIUSD,H1: Failed modifying XAGUSD
0	12:00:19.935	trend_dtrader XTIUSD,H1: Failed modifying XAUUSD
0	12:00:21.067	trend_dtrader XTIUSD,H1: Failed modifying XBRUSD
0	12:00:23.150	trend_dtrader XTIUSD,H1: Failed modifying XNGUSD
0	12:00:28.482	trend_dtrader XTIUSD,H1: Failed modifying XRPUSD
0	12:00:28.602	trend_dtrader XTIUSD,H1: Failed modifying XTIUSD
0	12:00:29.944	trend_dtrader XTIUSD,H1: Failed modifying AAVEUSD
0	12:00:30.971	trend_dtrader XTIUSD,H1: Failed modifying ADAUSD
0	12:00:31.652	trend_dtrader XTIUSD,H1: Failed modifying ALGOUSD
0	12:00:34.644	trend_dtrader XTIUSD,H1: Failed modifying ATOMUSD
0	12:00:35.828	trend_dtrader XTIUSD,H1: Failed modifying AUDUSD
0	12:00:37.468	trend_dtrader XTIUSD,H1: Failed modifying AVAXUSD
0	12:00:38.168	trend_dtrader XTIUSD,H1: Failed modifying AXSUSD
0	12:00:38.807	trend_dtrader XTIUSD,H1: Failed modifying BCHUSD
0	12:00:40.111	trend_dtrader XTIUSD,H1: Failed modifying BNBUSD
0	12:00:40.604	trend_dtrader XTIUSD,H1: Failed modifying BTCUSD
0	12:00:41.570	trend_dtrader XTIUSD,H1: Failed modifying DASHUSD
0	12:00:42.988	trend_dtrader XTIUSD,H1: Failed modifying DOGEUSD
0	12:00:44.274	trend_dtrader XTIUSD,H1: Failed modifying DOTUSD
0	12:00:47.567	trend_dtrader XTIUSD,H1: Failed modifying ETCUSD
0	12:00:47.585	trend_dtrader XTIUSD,H1: Failed modifying ETHUSD
0	12:00:49.062	trend_dtrader XTIUSD,H1: Failed modifying EURUSD
0	12:00:49.938	trend_dtrader XTIUSD,H1: Failed modifying FILUSD
0	12:00:50.914	trend_dtrader XTIUSD,H1: Failed modifying FTMUSD
0	12:00:53.060	trend_dtrader XTIUSD,H1: Failed modifying GBPUSD
0	12:00:53.894	trend_dtrader XTIUSD,H1: Failed modifying GRTUSD
0	12:00:54.595	trend_dtrader XTIUSD,H1: Failed modifying ICPUSD
0	12:00:55.948	trend_dtrader XTIUSD,H1: Failed modifying IOTAUSD
0	12:00:56.596	trend_dtrader XTIUSD,H1: Failed modifying LINKUSD
0	12:00:57.753	trend_dtrader XTIUSD,H1: Failed modifying LRCUSD
0	12:00:59.819	trend_dtrader XTIUSD,H1: Failed modifying LTCUSD
0	12:01:03.205	trend_dtrader XTIUSD,H1: Failed modifying MANAUSD
0	12:01:03.854	trend_dtrader XTIUSD,H1: Failed modifying MATICUSD
0	12:01:05.066	trend_dtrader XTIUSD,H1: Failed modifying NEARUSD
0	12:01:05.973	trend_dtrader XTIUSD,H1: Failed modifying NZDUSD
0	12:01:06.759	trend_dtrader XTIUSD,H1: Failed modifying SOLUSD
0	12:01:07.613	trend_dtrader XTIUSD,H1: Failed modifying TRXUSD
0	12:01:13.249	trend_dtrader XTIUSD,H1: Failed modifying UNIUSD
0	12:01:18.261	trend_dtrader XTIUSD,H1: Failed modifying USDCAD
0	12:01:18.629	trend_dtrader XTIUSD,H1: Failed modifying USDCHF
0	12:01:19.908	trend_dtrader XTIUSD,H1: Failed modifying USDJPY
0	12:01:20.594	trend_dtrader XTIUSD,H1: Failed modifying USDMXN
0	12:01:21.595	trend_dtrader XTIUSD,H1: Failed modifying USDZAR
0	12:01:22.875	trend_dtrader XTIUSD,H1: Failed modifying XAGUSD
0	12:01:23.587	trend_dtrader XTIUSD,H1: Failed modifying XAUUSD
0	12:01:24.579	trend_dtrader XTIUSD,H1: Failed modifying XBRUSD
0	12:01:25.567	trend_dtrader XTIUSD,H1: Failed modifying XNGUSD
0	12:01:26.573	trend_dtrader XTIUSD,H1: Failed modifying XRPUSD
0	12:01:27.579	trend_dtrader XTIUSD,H1: Failed modifying XTIUSD
0	12:01:28.571	trend_dtrader XTIUSD,H1: Failed modifying AAVEUSD
0	12:01:29.653	trend_dtrader XTIUSD,H1: Failed modifying ADAUSD
0	12:01:30.832	trend_dtrader XTIUSD,H1: Failed modifying ALGOUSD
0	12:01:31.689	trend_dtrader XTIUSD,H1: Failed modifying ATOMUSD
0	12:01:32.573	trend_dtrader XTIUSD,H1: Failed modifying AUDUSD
0	12:01:33.569	trend_dtrader XTIUSD,H1: Failed modifying AVAXUSD
0	12:01:34.601	trend_dtrader XTIUSD,H1: Failed modifying AXSUSD
0	12:01:35.569	trend_dtrader XTIUSD,H1: Failed modifying BCHUSD
0	12:01:36.566	trend_dtrader XTIUSD,H1: Failed modifying BNBUSD
0	12:01:37.567	trend_dtrader XTIUSD,H1: Failed modifying BTCUSD
0	12:01:38.566	trend_dtrader XTIUSD,H1: Failed modifying DASHUSD
0	12:01:39.574	trend_dtrader XTIUSD,H1: Failed modifying DOGEUSD
0	12:01:40.566	trend_dtrader XTIUSD,H1: Failed modifying DOTUSD
0	12:01:41.570	trend_dtrader XTIUSD,H1: Failed modifying ETCUSD
0	12:01:42.566	trend_dtrader XTIUSD,H1: Failed modifying ETHUSD
0	12:01:43.567	trend_dtrader XTIUSD,H1: Failed modifying EURUSD
0	12:01:44.567	trend_dtrader XTIUSD,H1: Failed modifying FILUSD
0	12:01:45.567	trend_dtrader XTIUSD,H1: Failed modifying FTMUSD
0	12:01:46.645	trend_dtrader XTIUSD,H1: Failed modifying GBPUSD
0	12:01:47.818	trend_dtrader XTIUSD,H1: Failed modifying GRTUSD
0	12:01:48.669	trend_dtrader XTIUSD,H1: Failed modifying ICPUSD
0	12:01:50.621	trend_dtrader XTIUSD,H1: Failed modifying IOTAUSD
0	12:01:51.593	trend_dtrader XTIUSD,H1: Failed modifying LINKUSD
0	12:01:52.569	trend_dtrader XTIUSD,H1: Failed modifying LRCUSD
0	12:01:53.571	trend_dtrader XTIUSD,H1: Failed modifying LTCUSD
0	12:01:54.936	trend_dtrader XTIUSD,H1: Failed modifying MANAUSD
0	12:01:55.568	trend_dtrader XTIUSD,H1: Failed modifying MATICUSD
0	12:01:56.567	trend_dtrader XTIUSD,H1: Failed modifying NEARUSD
0	12:01:57.568	trend_dtrader XTIUSD,H1: Failed modifying NZDUSD
0	12:01:58.566	trend_dtrader XTIUSD,H1: Failed modifying SOLUSD
0	12:01:59.571	trend_dtrader XTIUSD,H1: Failed modifying TRXUSD
0	12:02:00.581	trend_dtrader XTIUSD,H1: Failed modifying UNIUSD
0	12:02:01.630	trend_dtrader XTIUSD,H1: Failed modifying USDCAD
0	12:02:02.616	trend_dtrader XTIUSD,H1: Failed modifying USDCHF
0	12:02:03.571	trend_dtrader XTIUSD,H1: Failed modifying USDJPY
0	12:02:04.573	trend_dtrader XTIUSD,H1: Failed modifying USDMXN
0	12:02:05.570	trend_dtrader XTIUSD,H1: Failed modifying USDZAR
0	12:02:06.625	trend_dtrader XTIUSD,H1: Failed modifying XAGUSD
0	12:02:07.654	trend_dtrader XTIUSD,H1: Failed modifying XAUUSD
0	12:02:08.571	trend_dtrader XTIUSD,H1: Failed modifying XBRUSD
0	12:02:09.582	trend_dtrader XTIUSD,H1: Failed modifying XNGUSD
0	12:02:10.566	trend_dtrader XTIUSD,H1: Failed modifying XRPUSD
0	12:02:11.571	trend_dtrader XTIUSD,H1: Failed modifying XTIUSD
0	12:02:12.575	trend_dtrader XTIUSD,H1: Failed modifying AAVEUSD
0	12:02:13.565	trend_dtrader XTIUSD,H1: Failed modifying ADAUSD
0	12:02:14.568	trend_dtrader XTIUSD,H1: Failed modifying ALGOUSD
0	12:02:15.566	trend_dtrader XTIUSD,H1: Failed modifying ATOMUSD
0	12:02:16.660	trend_dtrader XTIUSD,H1: Failed modifying AUDUSD
0	12:02:17.583	trend_dtrader XTIUSD,H1: Failed modifying AVAXUSD
0	12:02:18.566	trend_dtrader XTIUSD,H1: Failed modifying AXSUSD
0	12:02:19.609	trend_dtrader XTIUSD,H1: Failed modifying BCHUSD
0	12:02:20.672	trend_dtrader XTIUSD,H1: Failed modifying BNBUSD
0	12:02:21.603	trend_dtrader XTIUSD,H1: Failed modifying BTCUSD
0	12:02:22.564	trend_dtrader XTIUSD,H1: Failed modifying DASHUSD
0	12:02:23.568	trend_dtrader XTIUSD,H1: Failed modifying DOGEUSD
0	12:02:24.710	trend_dtrader XTIUSD,H1: Failed modifying DOTUSD
0	12:02:25.640	trend_dtrader XTIUSD,H1: Failed modifying ETCUSD
0	12:02:26.565	trend_dtrader XTIUSD,H1: Failed modifying ETHUSD
0	12:02:27.740	trend_dtrader XTIUSD,H1: Failed modifying EURUSD
0	12:02:29.054	trend_dtrader XTIUSD,H1: Failed modifying FILUSD
0	12:02:29.790	trend_dtrader XTIUSD,H1: Failed modifying FTMUSD
0	12:02:30.570	trend_dtrader XTIUSD,H1: Failed modifying GBPUSD
0	12:02:31.566	trend_dtrader XTIUSD,H1: Failed modifying GRTUSD
0	12:02:32.568	trend_dtrader XTIUSD,H1: Failed modifying ICPUSD
0	12:02:33.646	trend_dtrader XTIUSD,H1: Failed modifying IOTAUSD
0	12:02:34.568	trend_dtrader XTIUSD,H1: Failed modifying LINKUSD
0	12:02:35.774	trend_dtrader XTIUSD,H1: Failed modifying LRCUSD
0	12:02:36.592	trend_dtrader XTIUSD,H1: Failed modifying LTCUSD
0	12:02:37.566	trend_dtrader XTIUSD,H1: Failed modifying MANAUSD
0	12:02:38.570	trend_dtrader XTIUSD,H1: Failed modifying MATICUSD
0	12:02:39.567	trend_dtrader XTIUSD,H1: Failed modifying NEARUSD
0	12:02:40.596	trend_dtrader XTIUSD,H1: Failed modifying NZDUSD
0	12:02:42.054	trend_dtrader XTIUSD,H1: Failed modifying SOLUSD
0	12:02:42.676	trend_dtrader XTIUSD,H1: Failed modifying TRXUSD
0	12:02:44.007	trend_dtrader XTIUSD,H1: Failed modifying UNIUSD
0	12:02:44.600	trend_dtrader XTIUSD,H1: Failed modifying USDCAD
0	12:02:45.580	trend_dtrader XTIUSD,H1: Failed modifying USDCHF
0	12:02:47.035	trend_dtrader XTIUSD,H1: Failed modifying USDJPY
0	12:02:47.636	trend_dtrader XTIUSD,H1: Failed modifying USDMXN
0	12:02:48.712	trend_dtrader XTIUSD,H1: Failed modifying USDZAR
0	12:02:50.286	trend_dtrader XTIUSD,H1: Failed modifying XAGUSD
0	12:02:50.569	trend_dtrader XTIUSD,H1: Failed modifying XAUUSD
0	12:02:51.644	trend_dtrader XTIUSD,H1: Failed modifying XBRUSD
0	12:02:52.565	trend_dtrader XTIUSD,H1: Failed modifying XNGUSD
0	12:02:53.624	trend_dtrader XTIUSD,H1: Failed modifying XRPUSD
0	12:02:54.575	trend_dtrader XTIUSD,H1: Failed modifying XTIUSD
0	12:02:55.848	trend_dtrader XTIUSD,H1: Failed modifying AAVEUSD
0	12:02:56.754	trend_dtrader XTIUSD,H1: Failed modifying ADAUSD
0	12:02:57.645	trend_dtrader XTIUSD,H1: Failed modifying ALGOUSD
0	12:02:58.569	trend_dtrader XTIUSD,H1: Failed modifying ATOMUSD
0	12:02:59.890	trend_dtrader XTIUSD,H1: Failed modifying AUDUSD
0	12:03:00.565	trend_dtrader XTIUSD,H1: Failed modifying AVAXUSD
0	12:03:01.565	trend_dtrader XTIUSD,H1: Failed modifying AXSUSD
0	12:03:02.876	trend_dtrader XTIUSD,H1: Failed modifying BCHUSD
0	12:03:03.618	trend_dtrader XTIUSD,H1: Failed modifying BNBUSD
0	12:03:04.813	trend_dtrader XTIUSD,H1: Failed modifying BTCUSD
0	12:03:05.570	trend_dtrader XTIUSD,H1: Failed modifying DASHUSD
0	12:03:06.569	trend_dtrader XTIUSD,H1: Failed modifying DOGEUSD
0	12:03:07.564	trend_dtrader XTIUSD,H1: Failed modifying DOTUSD
0	12:03:08.568	trend_dtrader XTIUSD,H1: Failed modifying ETCUSD
0	12:03:09.563	trend_dtrader XTIUSD,H1: Failed modifying ETHUSD
0	12:03:10.564	trend_dtrader XTIUSD,H1: Failed modifying EURUSD
0	12:03:11.565	trend_dtrader XTIUSD,H1: Failed modifying FILUSD
0	12:03:12.565	trend_dtrader XTIUSD,H1: Failed modifying FTMUSD
0	12:03:13.568	trend_dtrader XTIUSD,H1: Failed modifying GBPUSD
0	12:03:14.690	trend_dtrader XTIUSD,H1: Failed modifying GRTUSD
0	12:03:15.608	trend_dtrader XTIUSD,H1: Failed modifying ICPUSD
0	12:03:16.631	trend_dtrader XTIUSD,H1: Failed modifying IOTAUSD
0	12:03:17.579	trend_dtrader XTIUSD,H1: Failed modifying LINKUSD
0	12:03:18.622	trend_dtrader XTIUSD,H1: Failed modifying LRCUSD
0	12:03:19.571	trend_dtrader XTIUSD,H1: Failed modifying LTCUSD
0	12:03:20.751	trend_dtrader XTIUSD,H1: Failed modifying MANAUSD
0	12:03:21.565	trend_dtrader XTIUSD,H1: Failed modifying MATICUSD
0	12:03:22.565	trend_dtrader XTIUSD,H1: Failed modifying NEARUSD
0	12:03:23.566	trend_dtrader XTIUSD,H1: Failed modifying NZDUSD
0	12:03:24.564	trend_dtrader XTIUSD,H1: Failed modifying SOLUSD
0	12:03:25.569	trend_dtrader XTIUSD,H1: Failed modifying TRXUSD
0	12:03:26.619	trend_dtrader XTIUSD,H1: Failed modifying UNIUSD
0	12:03:27.565	trend_dtrader XTIUSD,H1: Failed modifying USDCAD
0	12:03:28.566	trend_dtrader XTIUSD,H1: Failed modifying USDCHF
0	12:03:29.565	trend_dtrader XTIUSD,H1: Failed modifying USDJPY
0	12:03:30.840	trend_dtrader XTIUSD,H1: Failed modifying USDMXN
0	12:03:31.692	trend_dtrader XTIUSD,H1: Failed modifying USDZAR
0	12:03:32.574	trend_dtrader XTIUSD,H1: Failed modifying XAGUSD
0	12:03:33.568	trend_dtrader XTIUSD,H1: Failed modifying XAUUSD
0	12:03:34.568	trend_dtrader XTIUSD,H1: Failed modifying XBRUSD
0	12:03:35.610	trend_dtrader XTIUSD,H1: Failed modifying XNGUSD
0	12:03:36.565	trend_dtrader XTIUSD,H1: Failed modifying XRPUSD
0	12:03:37.569	trend_dtrader XTIUSD,H1: Failed modifying XTIUSD
0	12:03:38.568	trend_dtrader XTIUSD,H1: Failed modifying AAVEUSD
0	12:03:39.564	trend_dtrader XTIUSD,H1: Failed modifying ADAUSD
0	12:03:40.598	trend_dtrader XTIUSD,H1: Failed modifying ALGOUSD
0	12:03:41.567	trend_dtrader XTIUSD,H1: Failed modifying ATOMUSD
0	12:03:42.669	trend_dtrader XTIUSD,H1: Failed modifying AUDUSD
0	12:03:43.563	trend_dtrader XTIUSD,H1: Failed modifying AVAXUSD
0	12:03:44.565	trend_dtrader XTIUSD,H1: Failed modifying AXSUSD
0	12:03:45.566	trend_dtrader XTIUSD,H1: Failed modifying BCHUSD
0	12:03:46.564	trend_dtrader XTIUSD,H1: Failed modifying BNBUSD
0	12:03:47.611	trend_dtrader XTIUSD,H1: Failed modifying BTCUSD
0	12:03:48.563	trend_dtrader XTIUSD,H1: Failed modifying DASHUSD
0	12:03:49.567	trend_dtrader XTIUSD,H1: Failed modifying DOGEUSD
0	12:03:50.610	trend_dtrader XTIUSD,H1: Failed modifying DOTUSD
0	12:03:51.624	trend_dtrader XTIUSD,H1: Failed modifying ETCUSD
0	12:03:52.646	trend_dtrader XTIUSD,H1: Failed modifying ETHUSD
0	12:03:54.407	trend_dtrader XTIUSD,H1: Failed modifying EURUSD
0	12:03:54.676	trend_dtrader XTIUSD,H1: Failed modifying FILUSD
0	12:03:55.726	trend_dtrader XTIUSD,H1: Failed modifying FTMUSD
0	12:03:56.566	trend_dtrader XTIUSD,H1: Failed modifying GBPUSD
0	12:03:57.564	trend_dtrader XTIUSD,H1: Failed modifying GRTUSD
0	12:03:58.567	trend_dtrader XTIUSD,H1: Failed modifying ICPUSD
0	12:03:59.564	trend_dtrader XTIUSD,H1: Failed modifying IOTAUSD
0	12:04:00.620	trend_dtrader XTIUSD,H1: Failed modifying LINKUSD
0	12:04:01.574	trend_dtrader XTIUSD,H1: Failed modifying LRCUSD
0	12:04:02.628	trend_dtrader XTIUSD,H1: Failed modifying LTCUSD
0	12:04:03.567	trend_dtrader XTIUSD,H1: Failed modifying MANAUSD
0	12:04:04.568	trend_dtrader XTIUSD,H1: Failed modifying MATICUSD
0	12:04:05.622	trend_dtrader XTIUSD,H1: Failed modifying NEARUSD
0	12:04:06.573	trend_dtrader XTIUSD,H1: Failed modifying NZDUSD
0	12:04:07.573	trend_dtrader XTIUSD,H1: Failed modifying SOLUSD
0	12:04:08.578	trend_dtrader XTIUSD,H1: Failed modifying TRXUSD
0	12:04:09.585	trend_dtrader XTIUSD,H1: Failed modifying UNIUSD
0	12:04:10.676	trend_dtrader XTIUSD,H1: Failed modifying USDCAD
0	12:04:11.714	trend_dtrader XTIUSD,H1: Failed modifying USDCHF
0	12:04:12.580	trend_dtrader XTIUSD,H1: Failed modifying USDJPY
0	12:04:13.586	trend_dtrader XTIUSD,H1: Failed modifying USDMXN
0	12:04:14.584	trend_dtrader XTIUSD,H1: Failed modifying USDZAR
0	12:04:15.585	trend_dtrader XTIUSD,H1: Failed modifying XAGUSD
0	12:04:17.145	trend_dtrader XTIUSD,H1: Failed modifying XAUUSD
0	12:04:17.760	trend_dtrader XTIUSD,H1: Failed modifying XBRUSD
0	12:04:19.344	trend_dtrader XTIUSD,H1: Failed modifying XNGUSD
0	12:04:19.587	trend_dtrader XTIUSD,H1: Failed modifying XRPUSD
0	12:04:20.588	trend_dtrader XTIUSD,H1: Failed modifying XTIUSD
0	12:04:21.670	trend_dtrader XTIUSD,H1: Failed modifying AAVEUSD
0	12:04:22.651	trend_dtrader XTIUSD,H1: Failed modifying ADAUSD
0	12:04:23.926	trend_dtrader XTIUSD,H1: Failed modifying ALGOUSD
0	12:04:24.605	trend_dtrader XTIUSD,H1: Failed modifying ATOMUSD
0	12:04:25.890	trend_dtrader XTIUSD,H1: Failed modifying AUDUSD
0	12:04:26.644	trend_dtrader XTIUSD,H1: Failed modifying AVAXUSD
0	12:04:27.591	trend_dtrader XTIUSD,H1: Failed modifying AXSUSD
0	12:04:28.599	trend_dtrader XTIUSD,H1: Failed modifying BCHUSD
0	12:04:29.588	trend_dtrader XTIUSD,H1: Failed modifying BNBUSD
0	12:04:30.660	trend_dtrader XTIUSD,H1: Failed modifying BTCUSD
0	12:04:31.677	trend_dtrader XTIUSD,H1: Failed modifying DASHUSD
0	12:04:32.779	trend_dtrader XTIUSD,H1: Failed modifying DOGEUSD
0	12:04:33.717	trend_dtrader XTIUSD,H1: Failed modifying DOTUSD
0	12:04:34.593	trend_dtrader XTIUSD,H1: Failed modifying ETCUSD
0	12:04:35.650	trend_dtrader XTIUSD,H1: Failed modifying ETHUSD
0	12:04:36.592	trend_dtrader XTIUSD,H1: Failed modifying EURUSD
0	12:04:37.688	trend_dtrader XTIUSD,H1: Failed modifying FILUSD
0	12:04:38.983	trend_dtrader XTIUSD,H1: Failed modifying FTMUSD
0	12:04:39.595	trend_dtrader XTIUSD,H1: Failed modifying GBPUSD
0	12:04:40.591	trend_dtrader XTIUSD,H1: Failed modifying GRTUSD
0	12:04:41.774	trend_dtrader XTIUSD,H1: Failed modifying ICPUSD
0	12:04:42.591	trend_dtrader XTIUSD,H1: Failed modifying IOTAUSD
0	12:04:43.593	trend_dtrader XTIUSD,H1: Failed modifying LINKUSD
0	12:04:44.636	trend_dtrader XTIUSD,H1: Failed modifying LRCUSD
0	12:04:45.596	trend_dtrader XTIUSD,H1: Failed modifying LTCUSD
0	12:04:46.675	trend_dtrader XTIUSD,H1: Failed modifying MANAUSD
0	12:04:48.173	trend_dtrader XTIUSD,H1: Failed modifying MATICUSD
0	12:04:48.630	trend_dtrader XTIUSD,H1: Failed modifying NEARUSD
0	12:04:50.590	trend_dtrader XTIUSD,H1: Failed modifying NZDUSD
0	12:04:50.782	trend_dtrader XTIUSD,H1: Failed modifying SOLUSD
0	12:04:51.748	trend_dtrader XTIUSD,H1: Failed modifying TRXUSD
0	12:04:52.620	trend_dtrader XTIUSD,H1: Failed modifying UNIUSD
0	12:04:53.594	trend_dtrader XTIUSD,H1: Failed modifying USDCAD
0	12:04:54.620	trend_dtrader XTIUSD,H1: Failed modifying USDCHF
0	12:04:55.864	trend_dtrader XTIUSD,H1: Failed modifying USDJPY
0	12:04:57.084	trend_dtrader XTIUSD,H1: Failed modifying USDMXN
0	12:04:57.624	trend_dtrader XTIUSD,H1: Failed modifying USDZAR
0	12:04:58.637	trend_dtrader XTIUSD,H1: Failed modifying XAGUSD
0	12:04:59.730	trend_dtrader XTIUSD,H1: Failed modifying XAUUSD
0	12:05:00.597	trend_dtrader XTIUSD,H1: Failed modifying XBRUSD
0	12:05:01.593	trend_dtrader XTIUSD,H1: Failed modifying XNGUSD
0	12:05:02.593	trend_dtrader XTIUSD,H1: Failed modifying XRPUSD
0	12:05:03.648	trend_dtrader XTIUSD,H1: Failed modifying XTIUSD
0	12:05:04.593	trend_dtrader XTIUSD,H1: Failed modifying AAVEUSD
0	12:05:05.805	trend_dtrader XTIUSD,H1: Failed modifying ADAUSD
0	12:05:06.628	trend_dtrader XTIUSD,H1: Failed modifying ALGOUSD
0	12:05:07.660	trend_dtrader XTIUSD,H1: Failed modifying ATOMUSD
0	12:05:08.651	trend_dtrader XTIUSD,H1: Failed modifying AUDUSD
0	12:05:09.648	trend_dtrader XTIUSD,H1: Failed modifying AVAXUSD
0	12:05:10.934	trend_dtrader XTIUSD,H1: Failed modifying AXSUSD
0	12:05:11.602	trend_dtrader XTIUSD,H1: Failed modifying BCHUSD
0	12:05:12.806	trend_dtrader XTIUSD,H1: Failed modifying BNBUSD
0	12:05:13.650	trend_dtrader XTIUSD,H1: Failed modifying BTCUSD
0	12:05:14.654	trend_dtrader XTIUSD,H1: Failed modifying DASHUSD
0	12:05:15.595	trend_dtrader XTIUSD,H1: Failed modifying DOGEUSD
0	12:05:18.507	trend_dtrader XTIUSD,H1: Failed modifying DOTUSD
0	12:05:18.608	trend_dtrader XTIUSD,H1: Failed modifying ETCUSD
0	12:05:19.594	trend_dtrader XTIUSD,H1: Failed modifying ETHUSD
0	12:05:20.594	trend_dtrader XTIUSD,H1: Failed modifying EURUSD
0	12:05:21.643	trend_dtrader XTIUSD,H1: Failed modifying FILUSD
0	12:05:23.091	trend_dtrader XTIUSD,H1: Failed modifying FTMUSD
0	12:05:23.597	trend_dtrader XTIUSD,H1: Failed modifying GBPUSD
0	12:05:24.653	trend_dtrader XTIUSD,H1: Failed modifying GRTUSD
0	12:05:25.598	trend_dtrader XTIUSD,H1: Failed modifying ICPUSD
0	12:05:27.628	trend_dtrader XTIUSD,H1: Failed modifying IOTAUSD
0	12:05:28.829	trend_dtrader XTIUSD,H1: Failed modifying LINKUSD
0	12:05:29.850	trend_dtrader XTIUSD,H1: Failed modifying LRCUSD
0	12:05:30.990	trend_dtrader XTIUSD,H1: Failed modifying LTCUSD
0	12:05:32.146	trend_dtrader XTIUSD,H1: Failed modifying MANAUSD
0	12:05:32.698	trend_dtrader XTIUSD,H1: Failed modifying MATICUSD
0	12:05:33.820	trend_dtrader XTIUSD,H1: Failed modifying NEARUSD
0	12:05:34.687	trend_dtrader XTIUSD,H1: Failed modifying NZDUSD
0	12:05:35.593	trend_dtrader XTIUSD,H1: Failed modifying SOLUSD
0	12:05:36.964	trend_dtrader XTIUSD,H1: Failed modifying TRXUSD
0	12:05:37.747	trend_dtrader XTIUSD,H1: Failed modifying UNIUSD
0	12:05:38.594	trend_dtrader XTIUSD,H1: Failed modifying USDCAD
0	12:05:39.718	trend_dtrader XTIUSD,H1: Failed modifying USDCHF
0	12:05:40.909	trend_dtrader XTIUSD,H1: Failed modifying USDJPY
0	12:05:42.129	trend_dtrader XTIUSD,H1: Failed modifying USDMXN
0	12:05:42.676	trend_dtrader XTIUSD,H1: Failed modifying USDZAR
0	12:05:43.959	trend_dtrader XTIUSD,H1: Failed modifying XAGUSD
0	12:05:44.825	trend_dtrader XTIUSD,H1: Failed modifying XAUUSD
0	12:05:45.605	trend_dtrader XTIUSD,H1: Failed modifying XBRUSD
0	12:05:47.276	trend_dtrader XTIUSD,H1: Failed modifying XNGUSD
0	12:05:47.676	trend_dtrader XTIUSD,H1: Failed modifying XRPUSD
0	12:05:49.368	trend_dtrader XTIUSD,H1: Failed modifying XTIUSD
0	12:05:49.594	trend_dtrader XTIUSD,H1: Failed modifying AAVEUSD
0	12:05:51.231	trend_dtrader XTIUSD,H1: Failed modifying ADAUSD
0	12:05:51.595	trend_dtrader XTIUSD,H1: Failed modifying ALGOUSD
0	12:05:53.128	trend_dtrader XTIUSD,H1: Failed modifying ATOMUSD
0	12:05:53.658	trend_dtrader XTIUSD,H1: Failed modifying AUDUSD
0	12:05:55.628	trend_dtrader XTIUSD,H1: Failed modifying AVAXUSD
0	12:05:56.593	trend_dtrader XTIUSD,H1: Failed modifying AXSUSD
0	12:05:58.136	trend_dtrader XTIUSD,H1: Failed modifying BCHUSD
0	12:05:59.227	trend_dtrader XTIUSD,H1: Failed modifying BNBUSD
0	12:06:03.886	trend_dtrader XTIUSD,H1: Failed modifying BTCUSD
0	12:06:05.835	trend_dtrader XTIUSD,H1: Failed modifying DASHUSD
0	12:06:06.596	trend_dtrader XTIUSD,H1: Failed modifying DOGEUSD
0	12:06:10.512	trend_dtrader XTIUSD,H1: Failed modifying DOTUSD
0	12:06:10.604	trend_dtrader XTIUSD,H1: Failed modifying ETCUSD
0	12:06:12.167	trend_dtrader XTIUSD,H1: Failed modifying ETHUSD
0	12:06:12.593	trend_dtrader XTIUSD,H1: Failed modifying EURUSD
0	12:06:13.593	trend_dtrader XTIUSD,H1: Failed modifying FILUSD
0	12:06:14.593	trend_dtrader XTIUSD,H1: Failed modifying FTMUSD
0	12:06:18.030	trend_dtrader XTIUSD,H1: Failed modifying GBPUSD
0	12:06:18.749	trend_dtrader XTIUSD,H1: Failed modifying GRTUSD
0	12:06:19.806	trend_dtrader XTIUSD,H1: Failed modifying ICPUSD
0	12:06:20.850	trend_dtrader XTIUSD,H1: Failed modifying IOTAUSD
0	12:06:21.595	trend_dtrader XTIUSD,H1: Failed modifying LINKUSD
0	12:06:22.713	trend_dtrader XTIUSD,H1: Failed modifying LRCUSD
0	12:06:24.339	trend_dtrader XTIUSD,H1: Failed modifying LTCUSD
0	12:06:24.612	trend_dtrader XTIUSD,H1: Failed modifying MANAUSD
0	12:06:27.565	trend_dtrader XTIUSD,H1: Failed modifying MATICUSD
0	12:06:27.593	trend_dtrader XTIUSD,H1: Failed modifying NEARUSD
0	12:06:31.120	trend_dtrader XTIUSD,H1: Failed modifying NZDUSD
0	12:06:32.364	trend_dtrader XTIUSD,H1: Failed modifying SOLUSD
0	12:06:36.822	trend_dtrader XTIUSD,H1: Failed modifying TRXUSD
0	12:06:37.653	trend_dtrader XTIUSD,H1: Failed modifying UNIUSD
0	12:06:38.751	trend_dtrader XTIUSD,H1: Failed modifying USDCAD
0	12:06:40.450	trend_dtrader XTIUSD,H1: Failed modifying USDCHF
0	12:06:40.652	trend_dtrader XTIUSD,H1: Failed modifying USDJPY
0	12:06:41.594	trend_dtrader XTIUSD,H1: Failed modifying USDMXN
0	12:06:42.614	trend_dtrader XTIUSD,H1: Failed modifying USDZAR
0	12:06:44.463	trend_dtrader XTIUSD,H1: Failed modifying XAGUSD
0	12:06:47.922	trend_dtrader XTIUSD,H1: Failed modifying XAUUSD
0	12:06:48.600	trend_dtrader XTIUSD,H1: Failed modifying XBRUSD
0	12:06:50.306	trend_dtrader XTIUSD,H1: Failed modifying XNGUSD
0	12:06:50.608	trend_dtrader XTIUSD,H1: Failed modifying XRPUSD
0	12:06:51.598	trend_dtrader XTIUSD,H1: Failed modifying XTIUSD
0	12:06:52.692	trend_dtrader XTIUSD,H1: Failed modifying AAVEUSD
0	12:06:53.604	trend_dtrader XTIUSD,H1: Failed modifying ADAUSD
0	12:06:54.593	trend_dtrader XTIUSD,H1: Failed modifying ALGOUSD
0	12:06:55.616	trend_dtrader XTIUSD,H1: Failed modifying ATOMUSD
0	12:06:56.845	trend_dtrader XTIUSD,H1: Failed modifying AUDUSD
0	12:06:57.618	trend_dtrader XTIUSD,H1: Failed modifying AVAXUSD
0	12:06:59.074	trend_dtrader XTIUSD,H1: Failed modifying AXSUSD
0	12:06:59.606	trend_dtrader XTIUSD,H1: Failed modifying BCHUSD
0	12:07:00.591	trend_dtrader XTIUSD,H1: Failed modifying BNBUSD
0	12:07:01.627	trend_dtrader XTIUSD,H1: Failed modifying BTCUSD
0	12:07:02.591	trend_dtrader XTIUSD,H1: Failed modifying DASHUSD
0	12:07:03.822	trend_dtrader XTIUSD,H1: Failed modifying DOGEUSD
0	12:07:04.592	trend_dtrader XTIUSD,H1: Failed modifying DOTUSD
0	12:07:05.598	trend_dtrader XTIUSD,H1: Failed modifying ETCUSD
0	12:07:06.786	trend_dtrader XTIUSD,H1: Failed modifying ETHUSD
0	12:07:07.592	trend_dtrader XTIUSD,H1: Failed modifying EURUSD
0	12:07:08.642	trend_dtrader XTIUSD,H1: Failed modifying FILUSD
0	12:07:09.593	trend_dtrader XTIUSD,H1: Failed modifying FTMUSD
0	12:07:11.973	trend_dtrader XTIUSD,H1: Failed modifying GBPUSD
0	12:07:12.601	trend_dtrader XTIUSD,H1: Failed modifying GRTUSD
0	12:07:13.666	trend_dtrader XTIUSD,H1: Failed modifying ICPUSD
0	12:07:14.588	trend_dtrader XTIUSD,H1: Failed modifying IOTAUSD
0	12:07:15.602	trend_dtrader XTIUSD,H1: Failed modifying LINKUSD
0	12:07:16.669	trend_dtrader XTIUSD,H1: Failed modifying LRCUSD
0	12:07:17.609	trend_dtrader XTIUSD,H1: Failed modifying LTCUSD
0	12:07:18.593	trend_dtrader XTIUSD,H1: Failed modifying MANAUSD
0	12:07:19.592	trend_dtrader XTIUSD,H1: Failed modifying MATICUSD
0	12:07:21.182	trend_dtrader XTIUSD,H1: Failed modifying NEARUSD
0	12:07:21.871	trend_dtrader XTIUSD,H1: Failed modifying NZDUSD
0	12:07:22.600	trend_dtrader XTIUSD,H1: Failed modifying SOLUSD
0	12:07:23.628	trend_dtrader XTIUSD,H1: Failed modifying TRXUSD
0	12:07:24.728	trend_dtrader XTIUSD,H1: Failed modifying UNIUSD
0	12:07:25.594	trend_dtrader XTIUSD,H1: Failed modifying USDCAD
0	12:07:26.597	trend_dtrader XTIUSD,H1: Failed modifying USDCHF
0	12:07:28.094	trend_dtrader XTIUSD,H1: Failed modifying USDJPY
0	12:07:28.702	trend_dtrader XTIUSD,H1: Failed modifying USDMXN
0	12:07:29.712	trend_dtrader XTIUSD,H1: Failed modifying USDZAR
0	12:07:31.245	trend_dtrader XTIUSD,H1: Failed modifying XAGUSD
0	12:07:31.871	trend_dtrader XTIUSD,H1: Failed modifying XAUUSD
0	12:07:32.711	trend_dtrader XTIUSD,H1: Failed modifying XBRUSD
0	12:07:33.652	trend_dtrader XTIUSD,H1: Failed modifying XNGUSD
0	12:07:34.626	trend_dtrader XTIUSD,H1: Failed modifying XRPUSD
0	12:07:35.928	trend_dtrader XTIUSD,H1: Failed modifying XTIUSD
0	12:07:36.781	trend_dtrader XTIUSD,H1: Failed modifying AAVEUSD
0	12:07:37.591	trend_dtrader XTIUSD,H1: Failed modifying ADAUSD
0	12:07:38.592	trend_dtrader XTIUSD,H1: Failed modifying ALGOUSD
0	12:07:39.595	trend_dtrader XTIUSD,H1: Failed modifying ATOMUSD
0	12:07:40.896	trend_dtrader XTIUSD,H1: Failed modifying AUDUSD
0	12:07:41.664	trend_dtrader XTIUSD,H1: Failed modifying AVAXUSD
0	12:07:42.901	trend_dtrader XTIUSD,H1: Failed modifying AXSUSD
0	12:07:43.593	trend_dtrader XTIUSD,H1: Failed modifying BCHUSD
0	12:07:44.866	trend_dtrader XTIUSD,H1: Failed modifying BNBUSD
0	12:07:46.179	trend_dtrader XTIUSD,H1: Failed modifying BTCUSD
0	12:07:46.686	trend_dtrader XTIUSD,H1: Failed modifying DASHUSD
0	12:07:47.594	trend_dtrader XTIUSD,H1: Failed modifying DOGEUSD
0	12:07:50.298	trend_dtrader XTIUSD,H1: Failed modifying DOTUSD
0	12:07:50.677	trend_dtrader XTIUSD,H1: Failed modifying ETCUSD
0	12:07:53.735	trend_dtrader XTIUSD,H1: Failed modifying ETHUSD
0	12:07:54.619	trend_dtrader XTIUSD,H1: Failed modifying EURUSD
0	12:07:55.658	trend_dtrader XTIUSD,H1: Failed modifying FILUSD
0	12:07:56.778	trend_dtrader XTIUSD,H1: Failed modifying FTMUSD
0	12:07:57.596	trend_dtrader XTIUSD,H1: Failed modifying GBPUSD
0	12:07:58.706	trend_dtrader XTIUSD,H1: Failed modifying GRTUSD
0	12:08:00.033	trend_dtrader XTIUSD,H1: Failed modifying ICPUSD
0	12:08:00.591	trend_dtrader XTIUSD,H1: Failed modifying IOTAUSD
0	12:08:02.579	trend_dtrader XTIUSD,H1: Failed modifying LINKUSD
0	12:08:02.610	trend_dtrader XTIUSD,H1: Failed modifying LRCUSD
0	12:08:03.682	trend_dtrader XTIUSD,H1: Failed modifying LTCUSD
0	12:08:04.616	trend_dtrader XTIUSD,H1: Failed modifying MANAUSD
0	12:08:05.771	trend_dtrader XTIUSD,H1: Failed modifying MATICUSD
0	12:08:06.621	trend_dtrader XTIUSD,H1: Failed modifying NEARUSD
0	12:08:07.594	trend_dtrader XTIUSD,H1: Failed modifying NZDUSD
0	12:08:10.065	trend_dtrader XTIUSD,H1: Failed modifying SOLUSD
0	12:08:10.612	trend_dtrader XTIUSD,H1: Failed modifying TRXUSD
0	12:08:11.723	trend_dtrader XTIUSD,H1: Failed modifying UNIUSD
0	12:08:12.981	trend_dtrader XTIUSD,H1: Failed modifying USDCAD
0	12:08:13.881	trend_dtrader XTIUSD,H1: Failed modifying USDCHF
0	12:08:14.887	trend_dtrader XTIUSD,H1: Failed modifying USDJPY
0	12:08:17.240	trend_dtrader XTIUSD,H1: Failed modifying USDMXN
0	12:08:17.721	trend_dtrader XTIUSD,H1: Failed modifying USDZAR
0	12:08:18.753	trend_dtrader XTIUSD,H1: Failed modifying XAGUSD
0	12:08:19.595	trend_dtrader XTIUSD,H1: Failed modifying XAUUSD
0	12:08:20.595	trend_dtrader XTIUSD,H1: Failed modifying XBRUSD
0	12:08:21.591	trend_dtrader XTIUSD,H1: Failed modifying XNGUSD
0	12:08:22.592	trend_dtrader XTIUSD,H1: Failed modifying XRPUSD
0	12:08:23.597	trend_dtrader XTIUSD,H1: Failed modifying XTIUSD
0	12:08:24.590	trend_dtrader XTIUSD,H1: Failed modifying AAVEUSD
0	12:08:25.590	trend_dtrader XTIUSD,H1: Failed modifying ADAUSD
0	12:08:26.590	trend_dtrader XTIUSD,H1: Failed modifying ALGOUSD
0	12:08:27.598	trend_dtrader XTIUSD,H1: Failed modifying ATOMUSD
0	12:08:28.835	trend_dtrader XTIUSD,H1: Failed modifying AUDUSD
0	12:08:29.591	trend_dtrader XTIUSD,H1: Failed modifying AVAXUSD
0	12:08:30.590	trend_dtrader XTIUSD,H1: Failed modifying AXSUSD
0	12:08:31.594	trend_dtrader XTIUSD,H1: Failed modifying BCHUSD
0	12:08:32.601	trend_dtrader XTIUSD,H1: Failed modifying BNBUSD
0	12:08:33.777	trend_dtrader XTIUSD,H1: Failed modifying BTCUSD
0	12:08:34.649	trend_dtrader XTIUSD,H1: Failed modifying DASHUSD
0	12:08:35.594	trend_dtrader XTIUSD,H1: Failed modifying DOGEUSD
0	12:08:36.590	trend_dtrader XTIUSD,H1: Failed modifying DOTUSD
0	12:08:37.594	trend_dtrader XTIUSD,H1: Failed modifying ETCUSD
0	12:08:38.621	trend_dtrader XTIUSD,H1: Failed modifying ETHUSD
0	12:08:39.709	trend_dtrader XTIUSD,H1: Failed modifying EURUSD
0	12:08:40.677	trend_dtrader XTIUSD,H1: Failed modifying FILUSD
0	12:08:42.020	trend_dtrader XTIUSD,H1: Failed modifying FTMUSD
0	12:08:42.748	trend_dtrader XTIUSD,H1: Failed modifying GBPUSD
0	12:08:43.917	trend_dtrader XTIUSD,H1: Failed modifying GRTUSD
0	12:08:47.435	trend_dtrader XTIUSD,H1: Failed modifying ICPUSD
0	12:08:49.690	trend_dtrader XTIUSD,H1: Failed modifying IOTAUSD
0	12:08:50.592	trend_dtrader XTIUSD,H1: Failed modifying LINKUSD
0	12:08:51.763	trend_dtrader XTIUSD,H1: Failed modifying LRCUSD
0	12:08:52.594	trend_dtrader XTIUSD,H1: Failed modifying LTCUSD
0	12:08:53.947	trend_dtrader XTIUSD,H1: Failed modifying MANAUSD
0	12:08:54.763	trend_dtrader XTIUSD,H1: Failed modifying MATICUSD
0	12:08:55.685	trend_dtrader XTIUSD,H1: Failed modifying NEARUSD
0	12:08:56.685	trend_dtrader XTIUSD,H1: Failed modifying NZDUSD
0	12:08:57.697	trend_dtrader XTIUSD,H1: Failed modifying SOLUSD
0	12:08:58.594	trend_dtrader XTIUSD,H1: Failed modifying TRXUSD
0	12:09:01.070	trend_dtrader XTIUSD,H1: Failed modifying UNIUSD
0	12:09:01.857	trend_dtrader XTIUSD,H1: Failed modifying USDCAD
0	12:09:02.935	trend_dtrader XTIUSD,H1: Failed modifying USDCHF
0	12:09:04.128	trend_dtrader XTIUSD,H1: Failed modifying USDJPY
0	12:09:04.970	trend_dtrader XTIUSD,H1: Failed modifying USDMXN
0	12:09:05.764	trend_dtrader XTIUSD,H1: Failed modifying USDZAR
0	12:09:06.601	trend_dtrader XTIUSD,H1: Failed modifying XAGUSD
0	12:09:07.595	trend_dtrader XTIUSD,H1: Failed modifying XAUUSD
0	12:09:08.891	trend_dtrader XTIUSD,H1: Failed modifying XBRUSD
0	12:09:09.590	trend_dtrader XTIUSD,H1: Failed modifying XNGUSD
0	12:09:10.596	trend_dtrader XTIUSD,H1: Failed modifying XRPUSD
0	12:09:11.888	trend_dtrader XTIUSD,H1: Failed modifying XTIUSD
0	12:09:12.595	trend_dtrader XTIUSD,H1: Failed modifying AAVEUSD
0	12:09:14.265	trend_dtrader XTIUSD,H1: Failed modifying ADAUSD
0	12:09:14.590	trend_dtrader XTIUSD,H1: Failed modifying ALGOUSD
0	12:09:15.594	trend_dtrader XTIUSD,H1: Failed modifying ATOMUSD
0	12:09:16.947	trend_dtrader XTIUSD,H1: Failed modifying AUDUSD
0	12:09:17.589	trend_dtrader XTIUSD,H1: Failed modifying AVAXUSD
0	12:09:18.688	trend_dtrader XTIUSD,H1: Failed modifying AXSUSD
0	12:09:19.797	trend_dtrader XTIUSD,H1: Failed modifying BCHUSD
0	12:09:20.589	trend_dtrader XTIUSD,H1: Failed modifying BNBUSD
0	12:09:22.054	trend_dtrader XTIUSD,H1: Failed modifying BTCUSD
0	12:09:22.592	trend_dtrader XTIUSD,H1: Failed modifying DASHUSD
0	12:09:23.592	trend_dtrader XTIUSD,H1: Failed modifying DOGEUSD
0	12:09:24.645	trend_dtrader XTIUSD,H1: Failed modifying DOTUSD
0	12:09:25.642	trend_dtrader XTIUSD,H1: Failed modifying ETCUSD
0	12:09:27.217	trend_dtrader XTIUSD,H1: Failed modifying ETHUSD
0	12:09:27.589	trend_dtrader XTIUSD,H1: Failed modifying EURUSD
0	12:09:28.590	trend_dtrader XTIUSD,H1: Failed modifying FILUSD
0	12:09:29.590	trend_dtrader XTIUSD,H1: Failed modifying FTMUSD
0	12:09:30.593	trend_dtrader XTIUSD,H1: Failed modifying GBPUSD
0	12:09:32.331	trend_dtrader XTIUSD,H1: Failed modifying GRTUSD
0	12:09:32.822	trend_dtrader XTIUSD,H1: Failed modifying ICPUSD
0	12:09:33.588	trend_dtrader XTIUSD,H1: Failed modifying IOTAUSD
0	12:09:34.941	trend_dtrader XTIUSD,H1: Failed modifying LINKUSD
0	12:09:36.603	trend_dtrader XTIUSD,H1: Failed modifying LRCUSD
0	12:09:37.595	trend_dtrader XTIUSD,H1: Failed modifying LTCUSD
0	12:09:39.001	trend_dtrader XTIUSD,H1: Failed modifying MANAUSD
0	12:09:39.614	trend_dtrader XTIUSD,H1: Failed modifying MATICUSD
0	12:09:40.787	trend_dtrader XTIUSD,H1: Failed modifying NEARUSD
0	12:09:42.063	trend_dtrader XTIUSD,H1: Failed modifying NZDUSD
0	12:09:42.867	trend_dtrader XTIUSD,H1: Failed modifying SOLUSD
0	12:09:43.816	trend_dtrader XTIUSD,H1: Failed modifying TRXUSD
0	12:09:45.318	trend_dtrader XTIUSD,H1: Failed modifying UNIUSD
0	12:09:45.608	trend_dtrader XTIUSD,H1: Failed modifying USDCAD
0	12:09:46.753	trend_dtrader XTIUSD,H1: Failed modifying USDCHF
0	12:09:50.016	trend_dtrader XTIUSD,H1: Failed modifying USDJPY
0	12:09:51.925	trend_dtrader XTIUSD,H1: Failed modifying USDMXN
0	12:09:52.595	trend_dtrader XTIUSD,H1: Failed modifying USDZAR
0	12:09:54.006	trend_dtrader XTIUSD,H1: Failed modifying XAGUSD
0	12:09:54.594	trend_dtrader XTIUSD,H1: Failed modifying XAUUSD
0	12:09:55.593	trend_dtrader XTIUSD,H1: Failed modifying XBRUSD
0	12:09:56.647	trend_dtrader XTIUSD,H1: Failed modifying XNGUSD
0	12:09:57.885	trend_dtrader XTIUSD,H1: Failed modifying XRPUSD
0	12:09:58.595	trend_dtrader XTIUSD,H1: Failed modifying XTIUSD
0	12:09:59.917	trend_dtrader XTIUSD,H1: Failed modifying AAVEUSD
0	12:10:00.589	trend_dtrader XTIUSD,H1: Failed modifying ADAUSD
0	12:10:01.998	trend_dtrader XTIUSD,H1: Failed modifying ALGOUSD
0	12:10:02.926	trend_dtrader XTIUSD,H1: Failed modifying ATOMUSD
0	12:10:03.928	trend_dtrader XTIUSD,H1: Failed modifying AUDUSD
0	12:10:05.351	trend_dtrader XTIUSD,H1: Failed modifying AVAXUSD
0	12:10:05.590	trend_dtrader XTIUSD,H1: Failed modifying AXSUSD
0	12:10:06.870	trend_dtrader XTIUSD,H1: Failed modifying BCHUSD
0	12:10:09.444	trend_dtrader XTIUSD,H1: Failed modifying BNBUSD
0	12:10:10.177	trend_dtrader XTIUSD,H1: Failed modifying BTCUSD
0	12:10:10.590	trend_dtrader XTIUSD,H1: Failed modifying DASHUSD
0	12:10:12.600	trend_dtrader XTIUSD,H1: Failed modifying DOGEUSD
0	12:10:14.062	trend_dtrader XTIUSD,H1: Failed modifying DOTUSD
0	12:10:15.428	trend_dtrader XTIUSD,H1: Failed modifying ETCUSD
0	12:10:16.638	trend_dtrader XTIUSD,H1: Failed modifying ETHUSD
0	12:10:17.642	trend_dtrader XTIUSD,H1: Failed modifying EURUSD
0	12:10:18.695	trend_dtrader XTIUSD,H1: Failed modifying FILUSD
0	12:10:19.588	trend_dtrader XTIUSD,H1: Failed modifying FTMUSD
0	12:10:21.020	trend_dtrader XTIUSD,H1: Failed modifying GBPUSD
0	12:10:21.994	trend_dtrader XTIUSD,H1: Failed modifying GRTUSD
0	12:10:22.593	trend_dtrader XTIUSD,H1: Failed modifying ICPUSD
0	12:10:24.563	trend_dtrader XTIUSD,H1: Failed modifying IOTAUSD
0	12:10:24.594	trend_dtrader XTIUSD,H1: Failed modifying LINKUSD
0	12:10:25.603	trend_dtrader XTIUSD,H1: Failed modifying LRCUSD
0	12:10:26.722	trend_dtrader XTIUSD,H1: Failed modifying LTCUSD
0	12:10:27.689	trend_dtrader XTIUSD,H1: Failed modifying MANAUSD
0	12:10:32.264	trend_dtrader XTIUSD,H1: Failed modifying MATICUSD
0	12:10:32.595	trend_dtrader XTIUSD,H1: Failed modifying NEARUSD
0	12:10:34.528	trend_dtrader XTIUSD,H1: Failed modifying NZDUSD
0	12:10:34.882	trend_dtrader XTIUSD,H1: Failed modifying SOLUSD
0	12:10:36.142	trend_dtrader XTIUSD,H1: Failed modifying TRXUSD
0	12:10:37.164	trend_dtrader XTIUSD,H1: Failed modifying UNIUSD
0	12:10:37.591	trend_dtrader XTIUSD,H1: Failed modifying USDCAD
0	12:10:38.590	trend_dtrader XTIUSD,H1: Failed modifying USDCHF
0	12:10:39.834	trend_dtrader XTIUSD,H1: Failed modifying USDJPY
0	12:10:40.589	trend_dtrader XTIUSD,H1: Failed modifying USDMXN
0	12:10:41.592	trend_dtrader XTIUSD,H1: Failed modifying USDZAR
0	12:10:42.682	trend_dtrader XTIUSD,H1: Failed modifying XAGUSD
0	12:10:43.592	trend_dtrader XTIUSD,H1: Failed modifying XAUUSD
0	12:10:44.593	trend_dtrader XTIUSD,H1: Failed modifying XBRUSD
0	12:10:46.006	trend_dtrader XTIUSD,H1: Failed modifying XNGUSD
0	12:10:46.595	trend_dtrader XTIUSD,H1: Failed modifying XRPUSD
0	12:10:47.593	trend_dtrader XTIUSD,H1: Failed modifying XTIUSD
0	12:10:49.138	trend_dtrader XTIUSD,H1: Failed modifying AAVEUSD
0	12:10:50.160	trend_dtrader XTIUSD,H1: Failed modifying ADAUSD
0	12:10:50.669	trend_dtrader XTIUSD,H1: Failed modifying ALGOUSD
0	12:10:51.610	trend_dtrader XTIUSD,H1: Failed modifying ATOMUSD
0	12:10:52.593	trend_dtrader XTIUSD,H1: Failed modifying AUDUSD
0	12:10:53.776	trend_dtrader XTIUSD,H1: Failed modifying AVAXUSD
0	12:10:54.698	trend_dtrader XTIUSD,H1: Failed modifying AXSUSD
0	12:10:55.700	trend_dtrader XTIUSD,H1: Failed modifying BCHUSD
0	12:10:56.927	trend_dtrader XTIUSD,H1: Failed modifying BNBUSD
0	12:10:57.588	trend_dtrader XTIUSD,H1: Failed modifying BTCUSD
0	12:10:59.052	trend_dtrader XTIUSD,H1: Failed modifying DASHUSD
0	12:10:59.891	trend_dtrader XTIUSD,H1: Failed modifying DOGEUSD
0	12:11:00.595	trend_dtrader XTIUSD,H1: Failed modifying DOTUSD
0	12:11:01.591	trend_dtrader XTIUSD,H1: Failed modifying ETCUSD
0	12:11:02.588	trend_dtrader XTIUSD,H1: Failed modifying ETHUSD
0	12:11:03.588	trend_dtrader XTIUSD,H1: Failed modifying EURUSD
0	12:11:04.591	trend_dtrader XTIUSD,H1: Failed modifying FILUSD
0	12:11:06.445	trend_dtrader XTIUSD,H1: Failed modifying FTMUSD
0	12:11:06.883	trend_dtrader XTIUSD,H1: Failed modifying GBPUSD
0	12:11:07.627	trend_dtrader XTIUSD,H1: Failed modifying GRTUSD
0	12:11:09.283	trend_dtrader XTIUSD,H1: Failed modifying ICPUSD
0	12:11:09.770	trend_dtrader XTIUSD,H1: Failed modifying IOTAUSD
0	12:11:13.013	trend_dtrader XTIUSD,H1: Failed modifying LINKUSD
0	12:11:13.987	trend_dtrader XTIUSD,H1: Failed modifying LRCUSD
0	12:11:14.686	trend_dtrader XTIUSD,H1: Failed modifying LTCUSD
0	12:11:17.113	trend_dtrader XTIUSD,H1: Failed modifying MANAUSD
0	12:11:17.803	trend_dtrader XTIUSD,H1: Failed modifying MATICUSD
0	12:11:18.888	trend_dtrader XTIUSD,H1: Failed modifying NEARUSD
0	12:11:19.830	trend_dtrader XTIUSD,H1: Failed modifying NZDUSD
0	12:11:21.159	trend_dtrader XTIUSD,H1: Failed modifying SOLUSD
0	12:11:21.592	trend_dtrader XTIUSD,H1: Failed modifying TRXUSD
0	12:11:22.592	trend_dtrader XTIUSD,H1: Failed modifying UNIUSD
0	12:11:23.589	trend_dtrader XTIUSD,H1: Failed modifying USDCAD
0	12:11:26.556	trend_dtrader XTIUSD,H1: Failed modifying USDCHF
0	12:11:26.592	trend_dtrader XTIUSD,H1: Failed modifying USDJPY
0	12:11:28.513	trend_dtrader XTIUSD,H1: Failed modifying USDMXN
0	12:11:28.634	trend_dtrader XTIUSD,H1: Failed modifying USDZAR
0	12:11:29.591	trend_dtrader XTIUSD,H1: Failed modifying XAGUSD
0	12:11:30.589	trend_dtrader XTIUSD,H1: Failed modifying XAUUSD
0	12:11:31.803	trend_dtrader XTIUSD,H1: Failed modifying XBRUSD
0	12:11:32.617	trend_dtrader XTIUSD,H1: Failed modifying XNGUSD
0	12:11:33.588	trend_dtrader XTIUSD,H1: Failed modifying XRPUSD
0	12:11:34.643	trend_dtrader XTIUSD,H1: Failed modifying XTIUSD
0	12:11:35.587	trend_dtrader XTIUSD,H1: Failed modifying AAVEUSD
0	12:11:36.586	trend_dtrader XTIUSD,H1: Failed modifying ADAUSD
0	12:11:38.438	trend_dtrader XTIUSD,H1: Failed modifying ALGOUSD
0	12:11:38.697	trend_dtrader XTIUSD,H1: Failed modifying ATOMUSD
0	12:11:39.596	trend_dtrader XTIUSD,H1: Failed modifying AUDUSD
0	12:11:40.884	trend_dtrader XTIUSD,H1: Failed modifying AVAXUSD
0	12:11:41.587	trend_dtrader XTIUSD,H1: Failed modifying AXSUSD
0	12:11:43.852	trend_dtrader XTIUSD,H1: Failed modifying BCHUSD
0	12:11:45.643	trend_dtrader XTIUSD,H1: Failed modifying BNBUSD
0	12:11:46.716	trend_dtrader XTIUSD,H1: Failed modifying BTCUSD
0	12:11:47.596	trend_dtrader XTIUSD,H1: Failed modifying DASHUSD
0	12:11:49.356	trend_dtrader XTIUSD,H1: Failed modifying DOGEUSD
0	12:11:49.994	trend_dtrader XTIUSD,H1: Failed modifying DOTUSD
0	12:11:50.588	trend_dtrader XTIUSD,H1: Failed modifying ETCUSD
0	12:11:51.587	trend_dtrader XTIUSD,H1: Failed modifying ETHUSD
0	12:11:52.588	trend_dtrader XTIUSD,H1: Failed modifying EURUSD
0	12:11:54.595	trend_dtrader XTIUSD,H1: Failed modifying FILUSD
0	12:11:55.587	trend_dtrader XTIUSD,H1: Failed modifying FTMUSD
0	12:11:56.591	trend_dtrader XTIUSD,H1: Failed modifying GBPUSD
0	12:11:57.976	trend_dtrader XTIUSD,H1: Failed modifying GRTUSD
0	12:11:58.592	trend_dtrader XTIUSD,H1: Failed modifying ICPUSD
0	12:11:59.588	trend_dtrader XTIUSD,H1: Failed modifying IOTAUSD
0	12:12:01.032	trend_dtrader XTIUSD,H1: Failed modifying LINKUSD
0	12:12:01.683	trend_dtrader XTIUSD,H1: Failed modifying LRCUSD
0	12:12:02.643	trend_dtrader XTIUSD,H1: Failed modifying LTCUSD
0	12:12:04.233	trend_dtrader XTIUSD,H1: Failed modifying MANAUSD
0	12:12:04.588	trend_dtrader XTIUSD,H1: Failed modifying MATICUSD
0	12:12:05.586	trend_dtrader XTIUSD,H1: Failed modifying NEARUSD
0	12:12:06.759	trend_dtrader XTIUSD,H1: Failed modifying NZDUSD
0	12:12:07.587	trend_dtrader XTIUSD,H1: Failed modifying SOLUSD
0	12:12:09.570	trend_dtrader XTIUSD,H1: Failed modifying TRXUSD
0	12:12:09.600	trend_dtrader XTIUSD,H1: Failed modifying UNIUSD
0	12:12:10.588	trend_dtrader XTIUSD,H1: Failed modifying USDCAD
0	12:12:11.602	trend_dtrader XTIUSD,H1: Failed modifying USDCHF
0	12:12:12.587	trend_dtrader XTIUSD,H1: Failed modifying USDJPY
0	12:12:13.588	trend_dtrader XTIUSD,H1: Failed modifying USDMXN
0	12:12:14.995	trend_dtrader XTIUSD,H1: Failed modifying USDZAR
0	12:12:15.590	trend_dtrader XTIUSD,H1: Failed modifying XAGUSD
0	12:12:17.100	trend_dtrader XTIUSD,H1: Failed modifying XAUUSD
0	12:12:18.121	trend_dtrader XTIUSD,H1: Failed modifying XBRUSD
0	12:12:18.587	trend_dtrader XTIUSD,H1: Failed modifying XNGUSD
0	12:12:20.209	trend_dtrader XTIUSD,H1: Failed modifying XRPUSD
0	12:12:20.591	trend_dtrader XTIUSD,H1: Failed modifying XTIUSD
0	12:12:21.998	trend_dtrader XTIUSD,H1: Failed modifying AAVEUSD
0	12:12:23.113	trend_dtrader XTIUSD,H1: Failed modifying ADAUSD
0	12:12:23.941	trend_dtrader XTIUSD,H1: Failed modifying ALGOUSD
0	12:12:24.915	trend_dtrader XTIUSD,H1: Failed modifying ATOMUSD
0	12:12:26.025	trend_dtrader XTIUSD,H1: Failed modifying AUDUSD
0	12:12:28.970	trend_dtrader XTIUSD,H1: Failed modifying AVAXUSD
0	12:12:30.023	trend_dtrader XTIUSD,H1: Failed modifying AXSUSD
0	12:12:30.589	trend_dtrader XTIUSD,H1: Failed modifying BCHUSD
0	12:12:31.961	trend_dtrader XTIUSD,H1: Failed modifying BNBUSD
0	12:12:32.586	trend_dtrader XTIUSD,H1: Failed modifying BTCUSD
0	12:12:35.283	trend_dtrader XTIUSD,H1: Failed modifying DASHUSD
0	12:12:36.151	trend_dtrader XTIUSD,H1: Failed modifying DOGEUSD
0	12:12:36.698	trend_dtrader XTIUSD,H1: Failed modifying DOTUSD
0	12:12:37.590	trend_dtrader XTIUSD,H1: Failed modifying ETCUSD
0	12:12:39.395	trend_dtrader XTIUSD,H1: Failed modifying ETHUSD
0	12:12:39.838	trend_dtrader XTIUSD,H1: Failed modifying EURUSD
0	12:12:40.665	trend_dtrader XTIUSD,H1: Failed modifying FILUSD
0	12:12:41.999	trend_dtrader XTIUSD,H1: Failed modifying FTMUSD
0	12:12:42.704	trend_dtrader XTIUSD,H1: Failed modifying GBPUSD
0	12:12:44.335	trend_dtrader XTIUSD,H1: Failed modifying GRTUSD
0	12:12:44.636	trend_dtrader XTIUSD,H1: Failed modifying ICPUSD
0	12:12:47.026	trend_dtrader XTIUSD,H1: Failed modifying IOTAUSD
0	12:12:48.393	trend_dtrader XTIUSD,H1: Failed modifying LINKUSD
0	12:12:48.663	trend_dtrader XTIUSD,H1: Failed modifying LRCUSD
0	12:12:49.881	trend_dtrader XTIUSD,H1: Failed modifying LTCUSD
0	12:12:51.160	trend_dtrader XTIUSD,H1: Failed modifying MANAUSD
0	12:12:51.664	trend_dtrader XTIUSD,H1: Failed modifying MATICUSD
0	12:12:52.589	trend_dtrader XTIUSD,H1: Failed modifying NEARUSD
0	12:12:53.880	trend_dtrader XTIUSD,H1: Failed modifying NZDUSD
0	12:12:54.674	trend_dtrader XTIUSD,H1: Failed modifying SOLUSD
0	12:12:55.684	trend_dtrader XTIUSD,H1: Failed modifying TRXUSD
0	12:12:57.181	trend_dtrader XTIUSD,H1: Failed modifying UNIUSD
0	12:12:57.869	trend_dtrader XTIUSD,H1: Failed modifying USDCAD
0	12:12:58.586	trend_dtrader XTIUSD,H1: Failed modifying USDCHF
0	12:12:59.586	trend_dtrader XTIUSD,H1: Failed modifying USDJPY
0	12:13:00.587	trend_dtrader XTIUSD,H1: Failed modifying USDMXN
0	12:13:01.677	trend_dtrader XTIUSD,H1: Failed modifying USDZAR
0	12:13:02.590	trend_dtrader XTIUSD,H1: Failed modifying XAGUSD
0	12:13:03.590	trend_dtrader XTIUSD,H1: Failed modifying XAUUSD
0	12:13:04.748	trend_dtrader XTIUSD,H1: Failed modifying XBRUSD
0	12:13:05.654	trend_dtrader XTIUSD,H1: Failed modifying XNGUSD
0	12:13:08.582	trend_dtrader XTIUSD,H1: Failed modifying XRPUSD
0	12:13:09.644	trend_dtrader XTIUSD,H1: Failed modifying XTIUSD
0	12:13:13.168	trend_dtrader XTIUSD,H1: Failed modifying AAVEUSD
0	12:13:13.647	trend_dtrader XTIUSD,H1: Failed modifying ADAUSD
0	12:13:17.185	trend_dtrader XTIUSD,H1: Failed modifying ALGOUSD
0	12:13:18.459	trend_dtrader XTIUSD,H1: Failed modifying ATOMUSD
0	12:13:18.590	trend_dtrader XTIUSD,H1: Failed modifying AUDUSD
0	12:13:20.124	trend_dtrader XTIUSD,H1: Failed modifying AVAXUSD
0	12:13:20.601	trend_dtrader XTIUSD,H1: Failed modifying AXSUSD
0	12:13:21.787	trend_dtrader XTIUSD,H1: Failed modifying BCHUSD
0	12:13:22.613	trend_dtrader XTIUSD,H1: Failed modifying BNBUSD
0	12:13:24.167	trend_dtrader XTIUSD,H1: Failed modifying BTCUSD
0	12:13:24.665	trend_dtrader XTIUSD,H1: Failed modifying DASHUSD
0	12:13:26.158	trend_dtrader XTIUSD,H1: Failed modifying DOGEUSD
0	12:13:26.585	trend_dtrader XTIUSD,H1: Failed modifying DOTUSD
0	12:13:27.802	trend_dtrader XTIUSD,H1: Failed modifying ETCUSD
0	12:13:28.627	trend_dtrader XTIUSD,H1: Failed modifying ETHUSD
0	12:13:30.007	trend_dtrader XTIUSD,H1: Failed modifying EURUSD
0	12:13:31.264	trend_dtrader XTIUSD,H1: Failed modifying FILUSD
0	12:13:31.650	trend_dtrader XTIUSD,H1: Failed modifying FTMUSD
0	12:13:32.588	trend_dtrader XTIUSD,H1: Failed modifying GBPUSD
0	12:13:33.647	trend_dtrader XTIUSD,H1: Failed modifying GRTUSD
0	12:13:34.589	trend_dtrader XTIUSD,H1: Failed modifying ICPUSD
0	12:13:35.688	trend_dtrader XTIUSD,H1: Failed modifying IOTAUSD
0	12:13:36.603	trend_dtrader XTIUSD,H1: Failed modifying LINKUSD
0	12:13:37.586	trend_dtrader XTIUSD,H1: Failed modifying LRCUSD
0	12:13:38.997	trend_dtrader XTIUSD,H1: Failed modifying LTCUSD
0	12:13:39.585	trend_dtrader XTIUSD,H1: Failed modifying MANAUSD
0	12:13:40.585	trend_dtrader XTIUSD,H1: Failed modifying MATICUSD
0	12:13:41.586	trend_dtrader XTIUSD,H1: Failed modifying NEARUSD
0	12:13:42.587	trend_dtrader XTIUSD,H1: Failed modifying NZDUSD
0	12:13:43.836	trend_dtrader XTIUSD,H1: Failed modifying SOLUSD
0	12:13:45.405	trend_dtrader XTIUSD,H1: Failed modifying TRXUSD
0	12:13:45.597	trend_dtrader XTIUSD,H1: Failed modifying UNIUSD
0	12:13:47.139	trend_dtrader XTIUSD,H1: Failed modifying USDCAD
0	12:13:49.498	trend_dtrader XTIUSD,H1: Failed modifying USDCHF
0	12:13:49.678	trend_dtrader XTIUSD,H1: Failed modifying USDJPY
0	12:13:50.587	trend_dtrader XTIUSD,H1: Failed modifying USDMXN
0	12:13:51.697	trend_dtrader XTIUSD,H1: Failed modifying USDZAR
0	12:13:53.241	trend_dtrader XTIUSD,H1: Failed modifying XAGUSD
0	12:13:54.386	trend_dtrader XTIUSD,H1: Failed modifying XAUUSD
0	12:13:54.890	trend_dtrader XTIUSD,H1: Failed modifying XBRUSD
0	12:13:55.589	trend_dtrader XTIUSD,H1: Failed modifying XNGUSD
0	12:13:56.585	trend_dtrader XTIUSD,H1: Failed modifying XRPUSD
0	12:13:57.611	trend_dtrader XTIUSD,H1: Failed modifying XTIUSD
0	12:13:58.585	trend_dtrader XTIUSD,H1: Failed modifying AAVEUSD
0	12:13:59.585	trend_dtrader XTIUSD,H1: Failed modifying ADAUSD
0	12:14:00.899	trend_dtrader XTIUSD,H1: Failed modifying ALGOUSD
0	12:14:01.697	trend_dtrader XTIUSD,H1: Failed modifying ATOMUSD
0	12:14:02.956	trend_dtrader XTIUSD,H1: Failed modifying AUDUSD
0	12:14:04.172	trend_dtrader XTIUSD,H1: Failed modifying AVAXUSD
0	12:14:04.586	trend_dtrader XTIUSD,H1: Failed modifying AXSUSD
0	12:14:05.849	trend_dtrader XTIUSD,H1: Failed modifying BCHUSD
0	12:14:06.625	trend_dtrader XTIUSD,H1: Failed modifying BNBUSD
0	12:14:08.146	trend_dtrader XTIUSD,H1: Failed modifying BTCUSD
0	12:14:08.623	trend_dtrader XTIUSD,H1: Failed modifying DASHUSD
0	12:14:09.587	trend_dtrader XTIUSD,H1: Failed modifying DOGEUSD
0	12:14:10.583	trend_dtrader XTIUSD,H1: Failed modifying DOTUSD
0	12:14:11.626	trend_dtrader XTIUSD,H1: Failed modifying ETCUSD
0	12:14:12.757	trend_dtrader XTIUSD,H1: Failed modifying ETHUSD
0	12:14:13.585	trend_dtrader XTIUSD,H1: Failed modifying EURUSD
0	12:14:14.664	trend_dtrader XTIUSD,H1: Failed modifying FILUSD
0	12:14:15.591	trend_dtrader XTIUSD,H1: Failed modifying FTMUSD
0	12:14:16.805	trend_dtrader XTIUSD,H1: Failed modifying GBPUSD
0	12:14:17.601	trend_dtrader XTIUSD,H1: Failed modifying GRTUSD
0	12:14:18.590	trend_dtrader XTIUSD,H1: Failed modifying ICPUSD
0	12:14:19.583	trend_dtrader XTIUSD,H1: Failed modifying IOTAUSD
0	12:14:20.585	trend_dtrader XTIUSD,H1: Failed modifying LINKUSD
0	12:14:21.644	trend_dtrader XTIUSD,H1: Failed modifying LRCUSD
0	12:14:22.589	trend_dtrader XTIUSD,H1: Failed modifying LTCUSD
0	12:14:23.988	trend_dtrader XTIUSD,H1: Failed modifying MANAUSD
0	12:14:24.584	trend_dtrader XTIUSD,H1: Failed modifying MATICUSD
0	12:14:25.584	trend_dtrader XTIUSD,H1: Failed modifying NEARUSD
0	12:14:27.999	trend_dtrader XTIUSD,H1: Failed modifying NZDUSD
0	12:14:32.983	trend_dtrader XTIUSD,H1: Failed modifying SOLUSD
0	12:14:34.641	trend_dtrader XTIUSD,H1: Failed modifying TRXUSD
0	12:14:35.668	trend_dtrader XTIUSD,H1: Failed modifying UNIUSD
0	12:14:36.760	trend_dtrader XTIUSD,H1: Failed modifying USDCAD
0	12:14:38.313	trend_dtrader XTIUSD,H1: Failed modifying USDCHF
0	12:14:39.343	trend_dtrader XTIUSD,H1: Failed modifying USDJPY
0	12:14:39.585	trend_dtrader XTIUSD,H1: Failed modifying USDMXN
0	12:14:40.777	trend_dtrader XTIUSD,H1: Failed modifying USDZAR
0	12:14:42.211	trend_dtrader XTIUSD,H1: Failed modifying XAGUSD
0	12:14:43.118	trend_dtrader XTIUSD,H1: Failed modifying XAUUSD
0	12:14:44.535	trend_dtrader XTIUSD,H1: Failed modifying XBRUSD
0	12:14:44.580	trend_dtrader XTIUSD,H1: Failed modifying XNGUSD
0	12:14:48.576	trend_dtrader XTIUSD,H1: Failed modifying XRPUSD
0	12:14:48.613	trend_dtrader XTIUSD,H1: Failed modifying XTIUSD
0	12:14:50.593	trend_dtrader XTIUSD,H1: Failed modifying AAVEUSD
0	12:14:51.583	trend_dtrader XTIUSD,H1: Failed modifying ADAUSD
0	12:14:52.593	trend_dtrader XTIUSD,H1: Failed modifying ALGOUSD
0	12:14:54.566	trend_dtrader XTIUSD,H1: Failed modifying ATOMUSD
0	12:14:54.685	trend_dtrader XTIUSD,H1: Failed modifying AUDUSD
0	12:14:57.509	trend_dtrader XTIUSD,H1: Failed modifying AVAXUSD
0	12:14:57.583	trend_dtrader XTIUSD,H1: Failed modifying AXSUSD
0	12:14:58.587	trend_dtrader XTIUSD,H1: Failed modifying BCHUSD
0	12:14:59.608	trend_dtrader XTIUSD,H1: Failed modifying BNBUSD
0	12:15:00.583	trend_dtrader XTIUSD,H1: Failed modifying BTCUSD
0	12:15:02.530	trend_dtrader XTIUSD,H1: Failed modifying DASHUSD
0	12:15:02.586	trend_dtrader XTIUSD,H1: Failed modifying DOGEUSD
0	12:15:05.925	trend_dtrader XTIUSD,H1: Failed modifying DOTUSD
0	12:15:07.984	trend_dtrader XTIUSD,H1: Failed modifying ETCUSD
0	12:15:10.431	trend_dtrader XTIUSD,H1: Failed modifying ETHUSD
0	12:15:12.324	trend_dtrader XTIUSD,H1: Failed modifying EURUSD
0	12:15:12.582	trend_dtrader XTIUSD,H1: Failed modifying FILUSD
0	12:15:14.036	trend_dtrader XTIUSD,H1: Failed modifying FTMUSD
0	12:15:14.891	trend_dtrader XTIUSD,H1: Failed modifying GBPUSD
0	12:15:15.583	trend_dtrader XTIUSD,H1: Failed modifying GRTUSD
0	12:15:17.242	trend_dtrader XTIUSD,H1: Failed modifying ICPUSD
0	12:15:17.583	trend_dtrader XTIUSD,H1: Failed modifying IOTAUSD
0	12:15:20.066	trend_dtrader XTIUSD,H1: Failed modifying LINKUSD
0	12:15:22.625	trend_dtrader XTIUSD,H1: Failed modifying LRCUSD
0	12:15:24.557	trend_dtrader XTIUSD,H1: Failed modifying LTCUSD
0	12:15:24.656	trend_dtrader XTIUSD,H1: Failed modifying MANAUSD
0	12:15:25.687	trend_dtrader XTIUSD,H1: Failed modifying MATICUSD
0	12:15:28.457	trend_dtrader XTIUSD,H1: Failed modifying NEARUSD
0	12:15:28.681	trend_dtrader XTIUSD,H1: Failed modifying NZDUSD
0	12:15:29.584	trend_dtrader XTIUSD,H1: Failed modifying SOLUSD
0	12:15:30.588	trend_dtrader XTIUSD,H1: Failed modifying TRXUSD
0	12:15:32.166	trend_dtrader XTIUSD,H1: Failed modifying UNIUSD
0	12:15:32.589	trend_dtrader XTIUSD,H1: Failed modifying USDCAD
0	12:15:34.384	trend_dtrader XTIUSD,H1: Failed modifying USDCHF
0	12:15:34.817	trend_dtrader XTIUSD,H1: Failed modifying USDJPY
0	12:15:35.587	trend_dtrader XTIUSD,H1: Failed modifying USDMXN
0	12:15:37.559	trend_dtrader XTIUSD,H1: Failed modifying USDZAR
0	12:15:37.589	trend_dtrader XTIUSD,H1: Failed modifying XAGUSD
0	12:15:39.443	trend_dtrader XTIUSD,H1: Failed modifying XAUUSD
0	12:15:39.591	trend_dtrader XTIUSD,H1: Failed modifying XBRUSD
0	12:15:41.055	trend_dtrader XTIUSD,H1: Failed modifying XNGUSD
0	12:15:41.786	trend_dtrader XTIUSD,H1: Failed modifying XRPUSD
0	12:15:42.673	trend_dtrader XTIUSD,H1: Failed modifying XTIUSD
0	12:15:43.761	trend_dtrader XTIUSD,H1: Failed modifying AAVEUSD
0	12:15:44.640	trend_dtrader XTIUSD,H1: Failed modifying ADAUSD
0	12:15:45.583	trend_dtrader XTIUSD,H1: Failed modifying ALGOUSD
0	12:15:47.078	trend_dtrader XTIUSD,H1: Failed modifying ATOMUSD
0	12:15:47.589	trend_dtrader XTIUSD,H1: Failed modifying AUDUSD
0	12:15:48.817	trend_dtrader XTIUSD,H1: Failed modifying AVAXUSD
0	12:15:49.659	trend_dtrader XTIUSD,H1: Failed modifying AXSUSD
0	12:15:50.682	trend_dtrader XTIUSD,H1: Failed modifying BCHUSD
0	12:15:51.692	trend_dtrader XTIUSD,H1: Failed modifying BNBUSD
0	12:15:53.228	trend_dtrader XTIUSD,H1: Failed modifying BTCUSD
0	12:15:53.810	trend_dtrader XTIUSD,H1: Failed modifying DASHUSD
0	12:15:54.586	trend_dtrader XTIUSD,H1: Failed modifying DOGEUSD
0	12:15:55.872	trend_dtrader XTIUSD,H1: Failed modifying DOTUSD
0	12:15:56.636	trend_dtrader XTIUSD,H1: Failed modifying ETCUSD
0	12:15:57.813	trend_dtrader XTIUSD,H1: Failed modifying ETHUSD
0	12:15:58.581	trend_dtrader XTIUSD,H1: Failed modifying EURUSD
0	12:15:59.694	trend_dtrader XTIUSD,H1: Failed modifying FILUSD
0	12:16:00.642	trend_dtrader XTIUSD,H1: Failed modifying FTMUSD
0	12:16:01.918	trend_dtrader XTIUSD,H1: Failed modifying GBPUSD
0	12:16:02.582	trend_dtrader XTIUSD,H1: Failed modifying GRTUSD
0	12:16:03.598	trend_dtrader XTIUSD,H1: Failed modifying ICPUSD
0	12:16:05.770	trend_dtrader XTIUSD,H1: Failed modifying IOTAUSD
0	12:16:06.584	trend_dtrader XTIUSD,H1: Failed modifying LINKUSD
0	12:16:09.355	trend_dtrader XTIUSD,H1: Failed modifying LRCUSD
0	12:16:09.622	trend_dtrader XTIUSD,H1: Failed modifying LTCUSD
0	12:16:10.584	trend_dtrader XTIUSD,H1: Failed modifying MANAUSD
0	12:16:12.316	trend_dtrader XTIUSD,H1: Failed modifying MATICUSD
0	12:16:12.583	trend_dtrader XTIUSD,H1: Failed modifying NEARUSD
0	12:16:13.589	trend_dtrader XTIUSD,H1: Failed modifying NZDUSD
0	12:16:14.940	trend_dtrader XTIUSD,H1: Failed modifying SOLUSD
0	12:16:15.681	trend_dtrader XTIUSD,H1: Failed modifying TRXUSD
0	12:16:17.592	trend_dtrader XTIUSD,H1: Failed modifying UNIUSD
0	12:16:19.448	trend_dtrader XTIUSD,H1: Failed modifying USDCAD
0	12:16:19.951	trend_dtrader XTIUSD,H1: Failed modifying USDCHF
0	12:16:21.410	trend_dtrader XTIUSD,H1: Failed modifying USDJPY
0	12:16:21.875	trend_dtrader XTIUSD,H1: Failed modifying USDMXN
0	12:16:22.593	trend_dtrader XTIUSD,H1: Failed modifying USDZAR
0	12:16:23.720	trend_dtrader XTIUSD,H1: Failed modifying XAGUSD
0	12:16:25.050	trend_dtrader XTIUSD,H1: Failed modifying XAUUSD
0	12:16:26.230	trend_dtrader XTIUSD,H1: Failed modifying XBRUSD
0	12:16:26.584	trend_dtrader XTIUSD,H1: Failed modifying XNGUSD
0	12:16:28.444	trend_dtrader XTIUSD,H1: Failed modifying XRPUSD
0	12:16:28.654	trend_dtrader XTIUSD,H1: Failed modifying XTIUSD
0	12:16:29.929	trend_dtrader XTIUSD,H1: Failed modifying AAVEUSD
0	12:16:36.606	trend_dtrader XTIUSD,H1: Failed modifying ADAUSD
0	12:16:37.728	trend_dtrader XTIUSD,H1: Failed modifying ALGOUSD
0	12:16:39.271	trend_dtrader XTIUSD,H1: Failed modifying ATOMUSD
0	12:16:39.908	trend_dtrader XTIUSD,H1: Failed modifying AUDUSD
0	12:16:41.471	trend_dtrader XTIUSD,H1: Failed modifying AVAXUSD
0	12:16:42.172	trend_dtrader XTIUSD,H1: Failed modifying AXSUSD
0	12:16:44.547	trend_dtrader XTIUSD,H1: Failed modifying BCHUSD
0	12:16:44.582	trend_dtrader XTIUSD,H1: Failed modifying BNBUSD
0	12:16:47.519	trend_dtrader XTIUSD,H1: Failed modifying BTCUSD
0	12:16:48.209	trend_dtrader XTIUSD,H1: Failed modifying DASHUSD
0	12:16:49.210	trend_dtrader XTIUSD,H1: Failed modifying DOGEUSD
0	12:16:49.582	trend_dtrader XTIUSD,H1: Failed modifying DOTUSD
0	12:16:55.527	trend_dtrader XTIUSD,H1: Failed modifying ETCUSD
0	12:16:55.582	trend_dtrader XTIUSD,H1: Failed modifying ETHUSD
0	12:16:57.268	trend_dtrader XTIUSD,H1: Failed modifying EURUSD
0	12:16:57.582	trend_dtrader XTIUSD,H1: Failed modifying FILUSD
0	12:16:58.580	trend_dtrader XTIUSD,H1: Failed modifying FTMUSD
0	12:16:59.698	trend_dtrader XTIUSD,H1: Failed modifying GBPUSD
0	12:17:01.144	trend_dtrader XTIUSD,H1: Failed modifying GRTUSD
0	12:17:01.881	trend_dtrader XTIUSD,H1: Failed modifying ICPUSD
0	12:17:02.953	trend_dtrader XTIUSD,H1: Failed modifying IOTAUSD
0	12:17:04.162	trend_dtrader XTIUSD,H1: Failed modifying LINKUSD
0	12:17:04.934	trend_dtrader XTIUSD,H1: Failed modifying LRCUSD
0	12:17:05.948	trend_dtrader XTIUSD,H1: Failed modifying LTCUSD
0	12:17:06.827	trend_dtrader XTIUSD,H1: Failed modifying MANAUSD
0	12:17:07.708	trend_dtrader XTIUSD,H1: Failed modifying MATICUSD
0	12:17:08.682	trend_dtrader XTIUSD,H1: Failed modifying NEARUSD
0	12:17:09.616	trend_dtrader XTIUSD,H1: Failed modifying NZDUSD
0	12:17:10.700	trend_dtrader XTIUSD,H1: Failed modifying SOLUSD
0	12:17:11.785	trend_dtrader XTIUSD,H1: Failed modifying TRXUSD
0	12:17:12.649	trend_dtrader XTIUSD,H1: Failed modifying UNIUSD
0	12:17:13.580	trend_dtrader XTIUSD,H1: Failed modifying USDCAD
0	12:17:16.787	trend_dtrader XTIUSD,H1: Failed modifying USDCHF
0	12:17:17.591	trend_dtrader XTIUSD,H1: Failed modifying USDJPY
0	12:17:18.580	trend_dtrader XTIUSD,H1: Failed modifying USDMXN
0	12:17:20.239	trend_dtrader XTIUSD,H1: Failed modifying USDZAR
0	12:17:20.587	trend_dtrader XTIUSD,H1: Failed modifying XAGUSD
0	12:17:21.584	trend_dtrader XTIUSD,H1: Failed modifying XAUUSD
0	12:17:22.584	trend_dtrader XTIUSD,H1: Failed modifying XBRUSD
0	12:17:23.680	trend_dtrader XTIUSD,H1: Failed modifying XNGUSD
0	12:17:24.580	trend_dtrader XTIUSD,H1: Failed modifying XRPUSD
0	12:17:25.583	trend_dtrader XTIUSD,H1: Failed modifying XTIUSD
0	12:17:27.099	trend_dtrader XTIUSD,H1: Failed modifying AAVEUSD
0	12:17:27.605	trend_dtrader XTIUSD,H1: Failed modifying ADAUSD
0	12:17:28.831	trend_dtrader XTIUSD,H1: Failed modifying ALGOUSD
0	12:17:29.830	trend_dtrader XTIUSD,H1: Failed modifying ATOMUSD
0	12:17:30.785	trend_dtrader XTIUSD,H1: Failed modifying AUDUSD
0	12:17:31.579	trend_dtrader XTIUSD,H1: Failed modifying AVAXUSD
0	12:17:32.583	trend_dtrader XTIUSD,H1: Failed modifying AXSUSD
0	12:17:33.901	trend_dtrader XTIUSD,H1: Failed modifying BCHUSD
0	12:17:34.618	trend_dtrader XTIUSD,H1: Failed modifying BNBUSD
0	12:17:35.624	trend_dtrader XTIUSD,H1: Failed modifying BTCUSD
0	12:17:36.798	trend_dtrader XTIUSD,H1: Failed modifying DASHUSD
0	12:17:39.256	trend_dtrader XTIUSD,H1: Failed modifying DOGEUSD
0	12:17:40.182	trend_dtrader XTIUSD,H1: Failed modifying DOTUSD
0	12:17:40.672	trend_dtrader XTIUSD,H1: Failed modifying ETCUSD
0	12:17:42.032	trend_dtrader XTIUSD,H1: Failed modifying ETHUSD
0	12:17:42.578	trend_dtrader XTIUSD,H1: Failed modifying EURUSD
0	12:17:44.210	trend_dtrader XTIUSD,H1: Failed modifying FILUSD
0	12:17:44.800	trend_dtrader XTIUSD,H1: Failed modifying FTMUSD
0	12:17:45.644	trend_dtrader XTIUSD,H1: Failed modifying GBPUSD
0	12:17:47.205	trend_dtrader XTIUSD,H1: Failed modifying GRTUSD
0	12:17:47.649	trend_dtrader XTIUSD,H1: Failed modifying ICPUSD
0	12:17:49.166	trend_dtrader XTIUSD,H1: Failed modifying IOTAUSD
0	12:17:49.827	trend_dtrader XTIUSD,H1: Failed modifying LINKUSD
0	12:17:50.620	trend_dtrader XTIUSD,H1: Failed modifying LRCUSD
0	12:17:51.582	trend_dtrader XTIUSD,H1: Failed modifying LTCUSD
0	12:17:52.597	trend_dtrader XTIUSD,H1: Failed modifying MANAUSD
0	12:17:53.580	trend_dtrader XTIUSD,H1: Failed modifying MATICUSD
0	12:17:54.591	trend_dtrader XTIUSD,H1: Failed modifying NEARUSD
0	12:17:55.948	trend_dtrader XTIUSD,H1: Failed modifying NZDUSD
0	12:17:56.577	trend_dtrader XTIUSD,H1: Failed modifying SOLUSD
0	12:17:57.589	trend_dtrader XTIUSD,H1: Failed modifying TRXUSD
0	12:17:58.582	trend_dtrader XTIUSD,H1: Failed modifying UNIUSD
0	12:17:59.662	trend_dtrader XTIUSD,H1: Failed modifying USDCAD
0	12:18:00.638	trend_dtrader XTIUSD,H1: Failed modifying USDCHF
0	12:18:01.672	trend_dtrader XTIUSD,H1: Failed modifying USDJPY
0	12:18:02.579	trend_dtrader XTIUSD,H1: Failed modifying USDMXN
0	12:18:03.581	trend_dtrader XTIUSD,H1: Failed modifying USDZAR
0	12:18:04.581	trend_dtrader XTIUSD,H1: Failed modifying XAGUSD
0	12:18:06.171	trend_dtrader XTIUSD,H1: Failed modifying XAUUSD
0	12:18:06.582	trend_dtrader XTIUSD,H1: Failed modifying XBRUSD
0	12:18:07.615	trend_dtrader XTIUSD,H1: Failed modifying XNGUSD
0	12:18:08.578	trend_dtrader XTIUSD,H1: Failed modifying XRPUSD
0	12:18:09.631	trend_dtrader XTIUSD,H1: Failed modifying XTIUSD
0	12:18:10.590	trend_dtrader XTIUSD,H1: Failed modifying AAVEUSD
0	12:18:11.632	trend_dtrader XTIUSD,H1: Failed modifying ADAUSD
0	12:18:12.680	trend_dtrader XTIUSD,H1: Failed modifying ALGOUSD
0	12:18:13.581	trend_dtrader XTIUSD,H1: Failed modifying ATOMUSD
0	12:18:14.582	trend_dtrader XTIUSD,H1: Failed modifying AUDUSD
0	12:18:15.583	trend_dtrader XTIUSD,H1: Failed modifying AVAXUSD
0	12:18:16.591	trend_dtrader XTIUSD,H1: Failed modifying AXSUSD
0	12:18:18.078	trend_dtrader XTIUSD,H1: Failed modifying BCHUSD
0	12:18:18.577	trend_dtrader XTIUSD,H1: Failed modifying BNBUSD
0	12:18:19.814	trend_dtrader XTIUSD,H1: Failed modifying BTCUSD
0	12:18:20.897	trend_dtrader XTIUSD,H1: Failed modifying DASHUSD
0	12:18:21.582	trend_dtrader XTIUSD,H1: Failed modifying DOGEUSD
0	12:18:22.578	trend_dtrader XTIUSD,H1: Failed modifying DOTUSD
0	12:18:23.663	trend_dtrader XTIUSD,H1: Failed modifying ETCUSD
0	12:18:24.576	trend_dtrader XTIUSD,H1: Failed modifying ETHUSD
0	12:18:25.811	trend_dtrader XTIUSD,H1: Failed modifying EURUSD
0	12:18:26.630	trend_dtrader XTIUSD,H1: Failed modifying FILUSD
0	12:18:27.601	trend_dtrader XTIUSD,H1: Failed modifying FTMUSD
0	12:18:28.580	trend_dtrader XTIUSD,H1: Failed modifying GBPUSD
0	12:18:29.828	trend_dtrader XTIUSD,H1: Failed modifying GRTUSD
0	12:18:30.583	trend_dtrader XTIUSD,H1: Failed modifying ICPUSD
0	12:18:31.892	trend_dtrader XTIUSD,H1: Failed modifying IOTAUSD
0	12:18:32.579	trend_dtrader XTIUSD,H1: Failed modifying LINKUSD
0	12:18:34.058	trend_dtrader XTIUSD,H1: Failed modifying LRCUSD
0	12:18:34.591	trend_dtrader XTIUSD,H1: Failed modifying LTCUSD
0	12:18:35.577	trend_dtrader XTIUSD,H1: Failed modifying MANAUSD
0	12:18:36.722	trend_dtrader XTIUSD,H1: Failed modifying MATICUSD
0	12:18:37.668	trend_dtrader XTIUSD,H1: Failed modifying NEARUSD
0	12:18:38.866	trend_dtrader XTIUSD,H1: Failed modifying NZDUSD
0	12:18:39.598	trend_dtrader XTIUSD,H1: Failed modifying SOLUSD
0	12:18:40.645	trend_dtrader XTIUSD,H1: Failed modifying TRXUSD
0	12:18:41.831	trend_dtrader XTIUSD,H1: Failed modifying UNIUSD
0	12:18:42.709	trend_dtrader XTIUSD,H1: Failed modifying USDCAD
0	12:18:44.154	trend_dtrader XTIUSD,H1: Failed modifying USDCHF
0	12:18:44.580	trend_dtrader XTIUSD,H1: Failed modifying USDJPY
0	12:18:45.577	trend_dtrader XTIUSD,H1: Failed modifying USDMXN
0	12:18:47.184	trend_dtrader XTIUSD,H1: Failed modifying USDZAR
0	12:18:47.629	trend_dtrader XTIUSD,H1: Failed modifying XAGUSD
0	12:18:48.842	trend_dtrader XTIUSD,H1: Failed modifying XAUUSD
0	12:18:49.607	trend_dtrader XTIUSD,H1: Failed modifying XBRUSD
0	12:18:51.057	trend_dtrader XTIUSD,H1: Failed modifying XNGUSD
0	12:18:52.017	trend_dtrader XTIUSD,H1: Failed modifying XRPUSD
0	12:18:52.581	trend_dtrader XTIUSD,H1: Failed modifying XTIUSD
0	12:18:53.608	trend_dtrader XTIUSD,H1: Failed modifying AAVEUSD
0	12:18:54.621	trend_dtrader XTIUSD,H1: Failed modifying ADAUSD
0	12:18:56.782	trend_dtrader XTIUSD,H1: Failed modifying ALGOUSD
0	12:18:57.628	trend_dtrader XTIUSD,H1: Failed modifying ATOMUSD
0	12:18:58.752	trend_dtrader XTIUSD,H1: Failed modifying AUDUSD
0	12:18:59.577	trend_dtrader XTIUSD,H1: Failed modifying AVAXUSD
0	12:19:00.628	trend_dtrader XTIUSD,H1: Failed modifying AXSUSD
0	12:19:01.579	trend_dtrader XTIUSD,H1: Failed modifying BCHUSD
0	12:19:02.577	trend_dtrader XTIUSD,H1: Failed modifying BNBUSD
0	12:19:03.950	trend_dtrader XTIUSD,H1: Failed modifying BTCUSD
0	12:19:04.578	trend_dtrader XTIUSD,H1: Failed modifying DASHUSD
0	12:19:05.812	trend_dtrader XTIUSD,H1: Failed modifying DOGEUSD
0	12:19:06.618	trend_dtrader XTIUSD,H1: Failed modifying DOTUSD
0	12:19:07.584	trend_dtrader XTIUSD,H1: Failed modifying ETCUSD
0	12:19:09.008	trend_dtrader XTIUSD,H1: Failed modifying ETHUSD
0	12:19:10.000	trend_dtrader XTIUSD,H1: Failed modifying EURUSD
0	12:19:10.592	trend_dtrader XTIUSD,H1: Failed modifying FILUSD
0	12:19:11.586	trend_dtrader XTIUSD,H1: Failed modifying FTMUSD
0	12:19:12.589	trend_dtrader XTIUSD,H1: Failed modifying GBPUSD
0	12:19:13.588	trend_dtrader XTIUSD,H1: Failed modifying GRTUSD
0	12:19:14.914	trend_dtrader XTIUSD,H1: Failed modifying ICPUSD
0	12:19:15.957	trend_dtrader XTIUSD,H1: Failed modifying IOTAUSD
0	12:19:16.996	trend_dtrader XTIUSD,H1: Failed modifying LINKUSD
0	12:19:17.614	trend_dtrader XTIUSD,H1: Failed modifying LRCUSD
0	12:19:18.593	trend_dtrader XTIUSD,H1: Failed modifying LTCUSD
0	12:19:19.704	trend_dtrader XTIUSD,H1: Failed modifying MANAUSD
0	12:19:20.620	trend_dtrader XTIUSD,H1: Failed modifying MATICUSD
0	12:19:21.591	trend_dtrader XTIUSD,H1: Failed modifying NEARUSD
0	12:19:22.636	trend_dtrader XTIUSD,H1: Failed modifying NZDUSD
0	12:19:23.613	trend_dtrader XTIUSD,H1: Failed modifying SOLUSD
0	12:19:24.650	trend_dtrader XTIUSD,H1: Failed modifying TRXUSD
0	12:19:25.876	trend_dtrader XTIUSD,H1: Failed modifying UNIUSD
0	12:19:26.689	trend_dtrader XTIUSD,H1: Failed modifying USDCAD
0	12:19:27.594	trend_dtrader XTIUSD,H1: Failed modifying USDCHF
0	12:19:28.651	trend_dtrader XTIUSD,H1: Failed modifying USDJPY
0	12:19:29.596	trend_dtrader XTIUSD,H1: Failed modifying USDMXN
0	12:19:30.807	trend_dtrader XTIUSD,H1: Failed modifying USDZAR
0	12:19:31.695	trend_dtrader XTIUSD,H1: Failed modifying XAGUSD
0	12:19:32.623	trend_dtrader XTIUSD,H1: Failed modifying XAUUSD
0	12:19:33.597	trend_dtrader XTIUSD,H1: Failed modifying XBRUSD
0	12:19:34.593	trend_dtrader XTIUSD,H1: Failed modifying XNGUSD
0	12:19:35.901	trend_dtrader XTIUSD,H1: Failed modifying XRPUSD
0	12:19:36.917	trend_dtrader XTIUSD,H1: Failed modifying XTIUSD
0	12:19:37.595	trend_dtrader XTIUSD,H1: Failed modifying AAVEUSD
0	12:19:38.814	trend_dtrader XTIUSD,H1: Failed modifying ADAUSD
0	12:19:39.595	trend_dtrader XTIUSD,H1: Failed modifying ALGOUSD
0	12:19:41.043	trend_dtrader XTIUSD,H1: Failed modifying ATOMUSD
0	12:19:41.598	trend_dtrader XTIUSD,H1: Failed modifying AUDUSD
0	12:19:42.607	trend_dtrader XTIUSD,H1: Failed modifying AVAXUSD
0	12:19:43.628	trend_dtrader XTIUSD,H1: Failed modifying AXSUSD
0	12:19:44.658	trend_dtrader XTIUSD,H1: Failed modifying BCHUSD
0	12:19:45.695	trend_dtrader XTIUSD,H1: Failed modifying BNBUSD
0	12:19:46.664	trend_dtrader XTIUSD,H1: Failed modifying BTCUSD
0	12:19:47.595	trend_dtrader XTIUSD,H1: Failed modifying DASHUSD
0	12:19:48.606	trend_dtrader XTIUSD,H1: Failed modifying DOGEUSD
0	12:19:49.596	trend_dtrader XTIUSD,H1: Failed modifying DOTUSD
0	12:19:50.656	trend_dtrader XTIUSD,H1: Failed modifying ETCUSD
0	12:19:51.970	trend_dtrader XTIUSD,H1: Failed modifying ETHUSD
0	12:19:52.629	trend_dtrader XTIUSD,H1: Failed modifying EURUSD
0	12:19:53.594	trend_dtrader XTIUSD,H1: Failed modifying FILUSD
0	12:19:54.650	trend_dtrader XTIUSD,H1: Failed modifying FTMUSD
0	12:19:55.712	trend_dtrader XTIUSD,H1: Failed modifying GBPUSD
0	12:19:56.774	trend_dtrader XTIUSD,H1: Failed modifying GRTUSD
0	12:19:57.610	trend_dtrader XTIUSD,H1: Failed modifying ICPUSD
0	12:19:58.675	trend_dtrader XTIUSD,H1: Failed modifying IOTAUSD
0	12:19:59.598	trend_dtrader XTIUSD,H1: Failed modifying LINKUSD
0	12:20:00.625	trend_dtrader XTIUSD,H1: Failed modifying LRCUSD
0	12:20:01.609	trend_dtrader XTIUSD,H1: Failed modifying LTCUSD
0	12:20:02.597	trend_dtrader XTIUSD,H1: Failed modifying MANAUSD
0	12:20:03.597	trend_dtrader XTIUSD,H1: Failed modifying MATICUSD
0	12:20:04.601	trend_dtrader XTIUSD,H1: Failed modifying NEARUSD
0	12:20:05.672	trend_dtrader XTIUSD,H1: Failed modifying NZDUSD
0	12:20:06.721	trend_dtrader XTIUSD,H1: Failed modifying SOLUSD
0	12:20:07.636	trend_dtrader XTIUSD,H1: Failed modifying TRXUSD
0	12:20:08.641	trend_dtrader XTIUSD,H1: Failed modifying UNIUSD
0	12:20:09.597	trend_dtrader XTIUSD,H1: Failed modifying USDCAD
0	12:20:10.914	trend_dtrader XTIUSD,H1: Failed modifying USDCHF
0	12:20:11.597	trend_dtrader XTIUSD,H1: Failed modifying USDJPY
0	12:20:12.597	trend_dtrader XTIUSD,H1: Failed modifying USDMXN
0	12:20:13.660	trend_dtrader XTIUSD,H1: Failed modifying USDZAR
0	12:20:14.689	trend_dtrader XTIUSD,H1: Failed modifying XAGUSD
0	12:20:16.937	trend_dtrader XTIUSD,H1: Failed modifying XAUUSD
0	12:20:18.337	trend_dtrader XTIUSD,H1: Failed modifying XBRUSD
0	12:20:18.596	trend_dtrader XTIUSD,H1: Failed modifying XNGUSD
0	12:20:19.598	trend_dtrader XTIUSD,H1: Failed modifying XRPUSD
0	12:20:20.709	trend_dtrader XTIUSD,H1: Failed modifying XTIUSD
0	12:20:21.597	trend_dtrader XTIUSD,H1: Failed modifying AAVEUSD
0	12:20:22.597	trend_dtrader XTIUSD,H1: Failed modifying ADAUSD
0	12:20:25.121	trend_dtrader XTIUSD,H1: Failed modifying ALGOUSD
0	12:20:25.669	trend_dtrader XTIUSD,H1: Failed modifying ATOMUSD
0	12:20:26.717	trend_dtrader XTIUSD,H1: Failed modifying AUDUSD
0	12:20:27.910	trend_dtrader XTIUSD,H1: Failed modifying AVAXUSD
0	12:20:28.596	trend_dtrader XTIUSD,H1: Failed modifying AXSUSD
0	12:20:29.599	trend_dtrader XTIUSD,H1: Failed modifying BCHUSD
0	12:20:30.596	trend_dtrader XTIUSD,H1: Failed modifying BNBUSD
0	12:20:31.635	trend_dtrader XTIUSD,H1: Failed modifying BTCUSD
0	12:20:32.839	trend_dtrader XTIUSD,H1: Failed modifying DASHUSD
0	12:20:33.598	trend_dtrader XTIUSD,H1: Failed modifying DOGEUSD
0	12:20:34.596	trend_dtrader XTIUSD,H1: Failed modifying DOTUSD
0	12:20:35.599	trend_dtrader XTIUSD,H1: Failed modifying ETCUSD
0	12:20:36.713	trend_dtrader XTIUSD,H1: Failed modifying ETHUSD
0	12:20:37.768	trend_dtrader XTIUSD,H1: Failed modifying EURUSD
0	12:20:38.698	trend_dtrader XTIUSD,H1: Failed modifying FILUSD
0	12:20:39.652	trend_dtrader XTIUSD,H1: Failed modifying FTMUSD
0	12:20:40.914	trend_dtrader XTIUSD,H1: Failed modifying GBPUSD
0	12:20:41.640	trend_dtrader XTIUSD,H1: Failed modifying GRTUSD
0	12:20:42.667	trend_dtrader XTIUSD,H1: Failed modifying ICPUSD
0	12:20:43.980	trend_dtrader XTIUSD,H1: Failed modifying IOTAUSD
0	12:20:44.821	trend_dtrader XTIUSD,H1: Failed modifying LINKUSD
0	12:20:45.630	trend_dtrader XTIUSD,H1: Failed modifying LRCUSD
0	12:20:47.146	trend_dtrader XTIUSD,H1: Failed modifying LTCUSD
0	12:20:47.623	trend_dtrader XTIUSD,H1: Failed modifying MANAUSD
0	12:20:48.858	trend_dtrader XTIUSD,H1: Failed modifying MATICUSD
0	12:20:49.596	trend_dtrader XTIUSD,H1: Failed modifying NEARUSD
0	12:20:50.627	trend_dtrader XTIUSD,H1: Failed modifying NZDUSD
0	12:20:51.639	trend_dtrader XTIUSD,H1: Failed modifying SOLUSD
0	12:20:53.305	trend_dtrader XTIUSD,H1: Failed modifying TRXUSD
0	12:20:54.401	trend_dtrader XTIUSD,H1: Failed modifying UNIUSD
0	12:20:54.600	trend_dtrader XTIUSD,H1: Failed modifying USDCAD
0	12:20:55.638	trend_dtrader XTIUSD,H1: Failed modifying USDCHF
0	12:20:56.630	trend_dtrader XTIUSD,H1: Failed modifying USDJPY
0	12:20:57.891	trend_dtrader XTIUSD,H1: Failed modifying USDMXN
0	12:20:58.666	trend_dtrader XTIUSD,H1: Failed modifying USDZAR
0	12:20:59.599	trend_dtrader XTIUSD,H1: Failed modifying XAGUSD
0	12:21:00.599	trend_dtrader XTIUSD,H1: Failed modifying XAUUSD
0	12:21:01.600	trend_dtrader XTIUSD,H1: Failed modifying XBRUSD
0	12:21:02.636	trend_dtrader XTIUSD,H1: Failed modifying XNGUSD
0	12:21:03.597	trend_dtrader XTIUSD,H1: Failed modifying XRPUSD
0	12:21:04.674	trend_dtrader XTIUSD,H1: Failed modifying XTIUSD
0	12:21:05.598	trend_dtrader XTIUSD,H1: Failed modifying AAVEUSD
0	12:21:07.187	trend_dtrader XTIUSD,H1: Failed modifying ADAUSD
0	12:21:07.596	trend_dtrader XTIUSD,H1: Failed modifying ALGOUSD
0	12:21:08.599	trend_dtrader XTIUSD,H1: Failed modifying ATOMUSD
0	12:21:09.651	trend_dtrader XTIUSD,H1: Failed modifying AUDUSD
0	12:21:10.707	trend_dtrader XTIUSD,H1: Failed modifying AVAXUSD
0	12:21:11.647	trend_dtrader XTIUSD,H1: Failed modifying AXSUSD
0	12:21:12.709	trend_dtrader XTIUSD,H1: Failed modifying BCHUSD
0	12:21:13.595	trend_dtrader XTIUSD,H1: Failed modifying BNBUSD
0	12:21:14.606	trend_dtrader XTIUSD,H1: Failed modifying BTCUSD
0	12:21:15.595	trend_dtrader XTIUSD,H1: Failed modifying DASHUSD
0	12:21:17.186	trend_dtrader XTIUSD,H1: Failed modifying DOGEUSD
0	12:21:17.595	trend_dtrader XTIUSD,H1: Failed modifying DOTUSD
0	12:21:18.704	trend_dtrader XTIUSD,H1: Failed modifying ETCUSD
0	12:21:19.595	trend_dtrader XTIUSD,H1: Failed modifying ETHUSD
0	12:21:20.829	trend_dtrader XTIUSD,H1: Failed modifying EURUSD
0	12:21:21.657	trend_dtrader XTIUSD,H1: Failed modifying FILUSD
0	12:21:22.707	trend_dtrader XTIUSD,H1: Failed modifying FTMUSD
0	12:21:23.598	trend_dtrader XTIUSD,H1: Failed modifying GBPUSD
0	12:21:24.673	trend_dtrader XTIUSD,H1: Failed modifying GRTUSD
0	12:21:25.642	trend_dtrader XTIUSD,H1: Failed modifying ICPUSD
0	12:21:26.596	trend_dtrader XTIUSD,H1: Failed modifying IOTAUSD
0	12:21:27.652	trend_dtrader XTIUSD,H1: Failed modifying LINKUSD
0	12:21:28.820	trend_dtrader XTIUSD,H1: Failed modifying LRCUSD
0	12:21:29.600	trend_dtrader XTIUSD,H1: Failed modifying LTCUSD
0	12:21:30.829	trend_dtrader XTIUSD,H1: Failed modifying MANAUSD
0	12:21:32.341	trend_dtrader XTIUSD,H1: Failed modifying MATICUSD
0	12:21:32.730	trend_dtrader XTIUSD,H1: Failed modifying NEARUSD
0	12:21:33.638	trend_dtrader XTIUSD,H1: Failed modifying NZDUSD
0	12:21:34.597	trend_dtrader XTIUSD,H1: Failed modifying SOLUSD
0	12:21:35.599	trend_dtrader XTIUSD,H1: Failed modifying TRXUSD
0	12:21:36.677	trend_dtrader XTIUSD,H1: Failed modifying UNIUSD
0	12:21:37.600	trend_dtrader XTIUSD,H1: Failed modifying USDCAD
0	12:21:38.597	trend_dtrader XTIUSD,H1: Failed modifying USDCHF
0	12:21:39.596	trend_dtrader XTIUSD,H1: Failed modifying USDJPY
0	12:21:40.745	trend_dtrader XTIUSD,H1: Failed modifying USDMXN
0	12:21:41.699	trend_dtrader XTIUSD,H1: Failed modifying USDZAR
0	12:21:43.157	trend_dtrader XTIUSD,H1: Failed modifying XAGUSD
0	12:21:43.599	trend_dtrader XTIUSD,H1: Failed modifying XAUUSD
0	12:21:44.790	trend_dtrader XTIUSD,H1: Failed modifying XBRUSD
0	12:21:45.594	trend_dtrader XTIUSD,H1: Failed modifying XNGUSD
0	12:21:46.597	trend_dtrader XTIUSD,H1: Failed modifying XRPUSD
0	12:21:48.123	trend_dtrader XTIUSD,H1: Failed modifying XTIUSD
0	12:21:48.596	trend_dtrader XTIUSD,H1: Failed modifying AAVEUSD
0	12:21:49.654	trend_dtrader XTIUSD,H1: Failed modifying ADAUSD
0	12:21:50.741	trend_dtrader XTIUSD,H1: Failed modifying ALGOUSD
0	12:21:52.032	trend_dtrader XTIUSD,H1: Failed modifying ATOMUSD
0	12:21:52.598	trend_dtrader XTIUSD,H1: Failed modifying AUDUSD
0	12:21:53.632	trend_dtrader XTIUSD,H1: Failed modifying AVAXUSD
0	12:21:55.329	trend_dtrader XTIUSD,H1: Failed modifying AXSUSD
0	12:21:55.600	trend_dtrader XTIUSD,H1: Failed modifying BCHUSD
0	12:21:56.673	trend_dtrader XTIUSD,H1: Failed modifying BNBUSD
0	12:21:57.638	trend_dtrader XTIUSD,H1: Failed modifying BTCUSD
0	12:21:58.615	trend_dtrader XTIUSD,H1: Failed modifying DASHUSD
0	12:21:59.594	trend_dtrader XTIUSD,H1: Failed modifying DOGEUSD
0	12:22:00.700	trend_dtrader XTIUSD,H1: Failed modifying DOTUSD
0	12:22:01.598	trend_dtrader XTIUSD,H1: Failed modifying ETCUSD
0	12:22:02.609	trend_dtrader XTIUSD,H1: Failed modifying ETHUSD
0	12:22:03.762	trend_dtrader XTIUSD,H1: Failed modifying EURUSD
0	12:22:04.890	trend_dtrader XTIUSD,H1: Failed modifying FILUSD
0	12:22:05.870	trend_dtrader XTIUSD,H1: Failed modifying FTMUSD
0	12:22:06.632	trend_dtrader XTIUSD,H1: Failed modifying GBPUSD
0	12:22:07.658	trend_dtrader XTIUSD,H1: Failed modifying GRTUSD
0	12:22:08.598	trend_dtrader XTIUSD,H1: Failed modifying ICPUSD
0	12:22:09.595	trend_dtrader XTIUSD,H1: Failed modifying IOTAUSD
0	12:22:10.874	trend_dtrader XTIUSD,H1: Failed modifying LINKUSD
0	12:22:11.760	trend_dtrader XTIUSD,H1: Failed modifying LRCUSD
0	12:22:12.694	trend_dtrader XTIUSD,H1: Failed modifying LTCUSD
0	12:22:14.374	trend_dtrader XTIUSD,H1: Failed modifying MANAUSD
0	12:22:14.647	trend_dtrader XTIUSD,H1: Failed modifying MATICUSD
0	12:22:15.595	trend_dtrader XTIUSD,H1: Failed modifying NEARUSD
0	12:22:16.710	trend_dtrader XTIUSD,H1: Failed modifying NZDUSD
0	12:22:17.604	trend_dtrader XTIUSD,H1: Failed modifying SOLUSD
0	12:22:18.599	trend_dtrader XTIUSD,H1: Failed modifying TRXUSD
0	12:22:19.616	trend_dtrader XTIUSD,H1: Failed modifying UNIUSD
0	12:22:20.660	trend_dtrader XTIUSD,H1: Failed modifying USDCAD
0	12:22:21.595	trend_dtrader XTIUSD,H1: Failed modifying USDCHF
0	12:22:23.075	trend_dtrader XTIUSD,H1: Failed modifying USDJPY
0	12:22:24.714	trend_dtrader XTIUSD,H1: Failed modifying USDMXN
0	12:22:25.968	trend_dtrader XTIUSD,H1: Failed modifying USDZAR
0	12:22:26.633	trend_dtrader XTIUSD,H1: Failed modifying XAGUSD
0	12:22:27.857	trend_dtrader XTIUSD,H1: Failed modifying XAUUSD
0	12:22:28.728	trend_dtrader XTIUSD,H1: Failed modifying XBRUSD
0	12:22:29.617	trend_dtrader XTIUSD,H1: Failed modifying XNGUSD
0	12:22:30.681	trend_dtrader XTIUSD,H1: Failed modifying XRPUSD
0	12:22:31.607	trend_dtrader XTIUSD,H1: Failed modifying XTIUSD
0	12:22:32.772	trend_dtrader XTIUSD,H1: Failed modifying AAVEUSD
0	12:22:33.594	trend_dtrader XTIUSD,H1: Failed modifying ADAUSD
0	12:22:34.594	trend_dtrader XTIUSD,H1: Failed modifying ALGOUSD
0	12:22:35.608	trend_dtrader XTIUSD,H1: Failed modifying ATOMUSD
0	12:22:36.631	trend_dtrader XTIUSD,H1: Failed modifying AUDUSD
0	12:22:37.602	trend_dtrader XTIUSD,H1: Failed modifying AVAXUSD
0	12:22:38.592	trend_dtrader XTIUSD,H1: Failed modifying AXSUSD
0	12:22:39.840	trend_dtrader XTIUSD,H1: Failed modifying BCHUSD
0	12:22:40.603	trend_dtrader XTIUSD,H1: Failed modifying BNBUSD
0	12:22:41.595	trend_dtrader XTIUSD,H1: Failed modifying BTCUSD
0	12:22:42.625	trend_dtrader XTIUSD,H1: Failed modifying DASHUSD
0	12:22:43.712	trend_dtrader XTIUSD,H1: Failed modifying DOGEUSD
0	12:22:44.594	trend_dtrader XTIUSD,H1: Failed modifying DOTUSD
0	12:22:45.597	trend_dtrader XTIUSD,H1: Failed modifying ETCUSD
0	12:22:46.594	trend_dtrader XTIUSD,H1: Failed modifying ETHUSD
0	12:22:46.596	trend_dtrader XTIUSD,H1: Failed modifying ETHUSD
0	12:22:47.592	trend_dtrader XTIUSD,H1: Failed modifying EURUSD
0	12:22:47.593	trend_dtrader XTIUSD,H1: Failed modifying EURUSD
0	12:22:48.681	trend_dtrader XTIUSD,H1: Failed modifying FILUSD
0	12:22:49.595	trend_dtrader XTIUSD,H1: Failed modifying FTMUSD
0	12:22:50.597	trend_dtrader XTIUSD,H1: Failed modifying GBPUSD
0	12:22:50.597	trend_dtrader XTIUSD,H1: Failed modifying GBPUSD
0	12:22:51.595	trend_dtrader XTIUSD,H1: Failed modifying GRTUSD
0	12:22:51.595	trend_dtrader XTIUSD,H1: Failed modifying GRTUSD
0	12:22:52.724	trend_dtrader XTIUSD,H1: Failed modifying ICPUSD
2	12:22:53.307	trend_dtrader XTIUSD,H1: modify #469862276 sell 0.40 DOGEUSD at 0.15741 sl: 0.15695 tp: 0.07797 ok
0	12:22:53.310	trend_dtrader XTIUSD,H1: Alert: DOGEUSD has been assigned a breakeven 0.15695
0	12:22:53.593	trend_dtrader XTIUSD,H1: Failed modifying IOTAUSD
0	12:22:54.596	trend_dtrader XTIUSD,H1: Failed modifying LINKUSD
0	12:22:55.595	trend_dtrader XTIUSD,H1: Failed modifying LRCUSD
0	12:22:56.597	trend_dtrader XTIUSD,H1: Failed modifying LTCUSD
0	12:22:57.595	trend_dtrader XTIUSD,H1: Failed modifying MANAUSD
0	12:22:58.594	trend_dtrader XTIUSD,H1: Failed modifying MATICUSD
0	12:22:59.594	trend_dtrader XTIUSD,H1: Failed modifying NEARUSD
0	12:23:00.698	trend_dtrader XTIUSD,H1: Failed modifying NZDUSD
0	12:23:01.604	trend_dtrader XTIUSD,H1: Failed modifying SOLUSD
0	12:23:02.595	trend_dtrader XTIUSD,H1: Failed modifying TRXUSD
0	12:23:03.597	trend_dtrader XTIUSD,H1: Failed modifying UNIUSD
0	12:23:04.641	trend_dtrader XTIUSD,H1: Failed modifying USDCAD
0	12:23:05.595	trend_dtrader XTIUSD,H1: Failed modifying USDCHF
0	12:23:06.682	trend_dtrader XTIUSD,H1: Failed modifying USDJPY
0	12:23:07.594	trend_dtrader XTIUSD,H1: Failed modifying USDMXN
0	12:23:08.998	trend_dtrader XTIUSD,H1: Failed modifying USDZAR
0	12:23:09.803	trend_dtrader XTIUSD,H1: Failed modifying XAGUSD
0	12:23:10.599	trend_dtrader XTIUSD,H1: Failed modifying XAUUSD
0	12:23:11.805	trend_dtrader XTIUSD,H1: Failed modifying XBRUSD
0	12:23:12.595	trend_dtrader XTIUSD,H1: Failed modifying XNGUSD
0	12:23:13.685	trend_dtrader XTIUSD,H1: Failed modifying XRPUSD
0	12:23:14.598	trend_dtrader XTIUSD,H1: Failed modifying XTIUSD
0	12:23:15.594	trend_dtrader XTIUSD,H1: Failed modifying AAVEUSD
0	12:23:16.735	trend_dtrader XTIUSD,H1: Failed modifying ADAUSD
0	12:23:17.643	trend_dtrader XTIUSD,H1: Failed modifying ALGOUSD
0	12:23:18.763	trend_dtrader XTIUSD,H1: Failed modifying ATOMUSD
0	12:23:19.597	trend_dtrader XTIUSD,H1: Failed modifying AUDUSD
0	12:23:20.684	trend_dtrader XTIUSD,H1: Failed modifying AVAXUSD
0	12:23:21.665	trend_dtrader XTIUSD,H1: Failed modifying AXSUSD
0	12:23:23.287	trend_dtrader XTIUSD,H1: Failed modifying BCHUSD
0	12:23:23.593	trend_dtrader XTIUSD,H1: Failed modifying BNBUSD
0	12:23:25.044	trend_dtrader XTIUSD,H1: Failed modifying BTCUSD
0	12:23:25.593	trend_dtrader XTIUSD,H1: Failed modifying DASHUSD
0	12:23:26.708	trend_dtrader XTIUSD,H1: Failed modifying DOGEUSD
0	12:23:27.669	trend_dtrader XTIUSD,H1: Failed modifying DOTUSD
0	12:23:28.613	trend_dtrader XTIUSD,H1: Failed modifying ETCUSD
0	12:23:29.592	trend_dtrader XTIUSD,H1: Failed modifying ETHUSD
0	12:23:31.308	trend_dtrader XTIUSD,H1: Failed modifying EURUSD
0	12:23:31.642	trend_dtrader XTIUSD,H1: Failed modifying FILUSD
0	12:23:33.512	trend_dtrader XTIUSD,H1: Failed modifying FTMUSD
0	12:23:34.190	trend_dtrader XTIUSD,H1: Failed modifying GBPUSD
0	12:23:34.593	trend_dtrader XTIUSD,H1: Failed modifying GRTUSD
0	12:23:35.780	trend_dtrader XTIUSD,H1: Failed modifying ICPUSD
0	12:23:36.933	trend_dtrader XTIUSD,H1: Failed modifying IOTAUSD
0	12:23:37.595	trend_dtrader XTIUSD,H1: Failed modifying LINKUSD
0	12:23:38.988	trend_dtrader XTIUSD,H1: Failed modifying LRCUSD
0	12:23:39.721	trend_dtrader XTIUSD,H1: Failed modifying LTCUSD
0	12:23:41.038	trend_dtrader XTIUSD,H1: Failed modifying MANAUSD
0	12:23:41.597	trend_dtrader XTIUSD,H1: Failed modifying MATICUSD
0	12:23:42.996	trend_dtrader XTIUSD,H1: Failed modifying NEARUSD
0	12:23:44.095	trend_dtrader XTIUSD,H1: Failed modifying NZDUSD
0	12:23:44.593	trend_dtrader XTIUSD,H1: Failed modifying SOLUSD
0	12:23:45.597	trend_dtrader XTIUSD,H1: Failed modifying TRXUSD
0	12:23:46.998	trend_dtrader XTIUSD,H1: Failed modifying UNIUSD
0	12:23:47.593	trend_dtrader XTIUSD,H1: Failed modifying USDCAD
0	12:23:48.683	trend_dtrader XTIUSD,H1: Failed modifying USDCHF
0	12:23:49.629	trend_dtrader XTIUSD,H1: Failed modifying USDJPY
0	12:23:50.607	trend_dtrader XTIUSD,H1: Failed modifying USDMXN
0	12:23:51.596	trend_dtrader XTIUSD,H1: Failed modifying USDZAR
0	12:23:52.753	trend_dtrader XTIUSD,H1: Failed modifying XAGUSD
0	12:23:53.596	trend_dtrader XTIUSD,H1: Failed modifying XAUUSD
0	12:23:54.959	trend_dtrader XTIUSD,H1: Failed modifying XBRUSD
0	12:23:55.625	trend_dtrader XTIUSD,H1: Failed modifying XNGUSD
0	12:23:56.808	trend_dtrader XTIUSD,H1: Failed modifying XRPUSD
0	12:23:57.618	trend_dtrader XTIUSD,H1: Failed modifying XTIUSD
0	12:23:58.739	trend_dtrader XTIUSD,H1: Failed modifying AAVEUSD
0	12:23:59.716	trend_dtrader XTIUSD,H1: Failed modifying ADAUSD
0	12:24:00.646	trend_dtrader XTIUSD,H1: Failed modifying ALGOUSD
0	12:24:01.598	trend_dtrader XTIUSD,H1: Failed modifying ATOMUSD
0	12:24:02.655	trend_dtrader XTIUSD,H1: Failed modifying AUDUSD
0	12:24:03.682	trend_dtrader XTIUSD,H1: Failed modifying AVAXUSD
0	12:24:04.661	trend_dtrader XTIUSD,H1: Failed modifying AXSUSD
0	12:24:05.876	trend_dtrader XTIUSD,H1: Failed modifying BCHUSD
0	12:24:06.593	trend_dtrader XTIUSD,H1: Failed modifying BNBUSD
0	12:24:07.840	trend_dtrader XTIUSD,H1: Failed modifying BTCUSD
0	12:24:09.113	trend_dtrader XTIUSD,H1: Failed modifying DASHUSD
0	12:24:10.415	trend_dtrader XTIUSD,H1: Failed modifying DOGEUSD
0	12:24:11.510	trend_dtrader XTIUSD,H1: Failed modifying DOTUSD
0	12:24:11.955	trend_dtrader XTIUSD,H1: Failed modifying ETCUSD
0	12:24:12.862	trend_dtrader XTIUSD,H1: Failed modifying ETHUSD
0	12:24:13.699	trend_dtrader XTIUSD,H1: Failed modifying EURUSD
0	12:24:14.738	trend_dtrader XTIUSD,H1: Failed modifying FILUSD
0	12:24:15.660	trend_dtrader XTIUSD,H1: Failed modifying FTMUSD
0	12:24:17.510	trend_dtrader XTIUSD,H1: Failed modifying GBPUSD
0	12:24:17.728	trend_dtrader XTIUSD,H1: Failed modifying GRTUSD
0	12:24:18.702	trend_dtrader XTIUSD,H1: Failed modifying ICPUSD
0	12:24:21.041	trend_dtrader XTIUSD,H1: Failed modifying IOTAUSD
0	12:24:22.081	trend_dtrader XTIUSD,H1: Failed modifying LINKUSD
0	12:24:23.688	trend_dtrader XTIUSD,H1: Failed modifying LRCUSD
0	12:24:24.668	trend_dtrader XTIUSD,H1: Failed modifying LTCUSD
0	12:24:26.077	trend_dtrader XTIUSD,H1: Failed modifying MANAUSD
0	12:24:26.715	trend_dtrader XTIUSD,H1: Failed modifying MATICUSD
0	12:24:27.798	trend_dtrader XTIUSD,H1: Failed modifying NEARUSD
0	12:24:29.103	trend_dtrader XTIUSD,H1: Failed modifying NZDUSD
0	12:24:29.695	trend_dtrader XTIUSD,H1: Failed modifying SOLUSD
0	12:24:30.750	trend_dtrader XTIUSD,H1: Failed modifying TRXUSD
0	12:24:32.085	trend_dtrader XTIUSD,H1: Failed modifying UNIUSD
0	12:24:32.650	trend_dtrader XTIUSD,H1: Failed modifying USDCAD
0	12:24:33.710	trend_dtrader XTIUSD,H1: Failed modifying USDCHF
0	12:24:34.916	trend_dtrader XTIUSD,H1: Failed modifying USDJPY
0	12:24:35.956	trend_dtrader XTIUSD,H1: Failed modifying USDMXN
0	12:24:36.692	trend_dtrader XTIUSD,H1: Failed modifying USDZAR
0	12:24:37.706	trend_dtrader XTIUSD,H1: Failed modifying XAGUSD
0	12:24:38.918	trend_dtrader XTIUSD,H1: Failed modifying XAUUSD
0	12:24:39.885	trend_dtrader XTIUSD,H1: Failed modifying XBRUSD
0	12:24:41.010	trend_dtrader XTIUSD,H1: Failed modifying XNGUSD
0	12:24:41.634	trend_dtrader XTIUSD,H1: Failed modifying XRPUSD
0	12:24:42.867	trend_dtrader XTIUSD,H1: Failed modifying XTIUSD
0	12:24:43.683	trend_dtrader XTIUSD,H1: Failed modifying AAVEUSD
0	12:24:44.593	trend_dtrader XTIUSD,H1: Failed modifying ADAUSD
0	12:24:46.028	trend_dtrader XTIUSD,H1: Failed modifying ALGOUSD
0	12:24:47.034	trend_dtrader XTIUSD,H1: Failed modifying ATOMUSD
0	12:24:48.004	trend_dtrader XTIUSD,H1: Failed modifying AUDUSD
0	12:24:48.696	trend_dtrader XTIUSD,H1: Failed modifying AVAXUSD
0	12:24:49.675	trend_dtrader XTIUSD,H1: Failed modifying AXSUSD
0	12:24:50.831	trend_dtrader XTIUSD,H1: Failed modifying BCHUSD
0	12:24:51.752	trend_dtrader XTIUSD,H1: Failed modifying BNBUSD
0	12:24:52.784	trend_dtrader XTIUSD,H1: Failed modifying BTCUSD
0	12:24:53.714	trend_dtrader XTIUSD,H1: Failed modifying DASHUSD
0	12:24:55.269	trend_dtrader XTIUSD,H1: Failed modifying DOGEUSD
0	12:24:55.593	trend_dtrader XTIUSD,H1: Failed modifying DOTUSD
0	12:24:56.595	trend_dtrader XTIUSD,H1: Failed modifying ETCUSD
0	12:24:57.593	trend_dtrader XTIUSD,H1: Failed modifying ETHUSD
0	12:24:58.592	trend_dtrader XTIUSD,H1: Failed modifying EURUSD
0	12:24:59.732	trend_dtrader XTIUSD,H1: Failed modifying FILUSD
0	12:25:00.841	trend_dtrader XTIUSD,H1: Failed modifying FTMUSD
0	12:25:01.634	trend_dtrader XTIUSD,H1: Failed modifying GBPUSD
0	12:25:02.775	trend_dtrader XTIUSD,H1: Failed modifying GRTUSD
0	12:25:03.596	trend_dtrader XTIUSD,H1: Failed modifying ICPUSD
0	12:25:04.592	trend_dtrader XTIUSD,H1: Failed modifying IOTAUSD
0	12:25:05.619	trend_dtrader XTIUSD,H1: Failed modifying LINKUSD
0	12:25:06.592	trend_dtrader XTIUSD,H1: Failed modifying LRCUSD
0	12:25:07.655	trend_dtrader XTIUSD,H1: Failed modifying LTCUSD
0	12:25:08.592	trend_dtrader XTIUSD,H1: Failed modifying MANAUSD
0	12:25:09.593	trend_dtrader XTIUSD,H1: Failed modifying MATICUSD
0	12:25:10.643	trend_dtrader XTIUSD,H1: Failed modifying NEARUSD
0	12:25:11.613	trend_dtrader XTIUSD,H1: Failed modifying NZDUSD
0	12:25:12.769	trend_dtrader XTIUSD,H1: Failed modifying SOLUSD
0	12:25:13.594	trend_dtrader XTIUSD,H1: Failed modifying TRXUSD
0	12:25:14.595	trend_dtrader XTIUSD,H1: Failed modifying UNIUSD
0	12:25:15.593	trend_dtrader XTIUSD,H1: Failed modifying USDCAD
0	12:25:16.594	trend_dtrader XTIUSD,H1: Failed modifying USDCHF
0	12:25:17.592	trend_dtrader XTIUSD,H1: Failed modifying USDJPY
0	12:25:18.593	trend_dtrader XTIUSD,H1: Failed modifying USDMXN
0	12:25:19.595	trend_dtrader XTIUSD,H1: Failed modifying USDZAR
0	12:25:20.687	trend_dtrader XTIUSD,H1: Failed modifying XAGUSD
0	12:25:21.680	trend_dtrader XTIUSD,H1: Failed modifying XAUUSD
0	12:25:22.603	trend_dtrader XTIUSD,H1: Failed modifying XBRUSD
0	12:25:25.143	trend_dtrader XTIUSD,H1: Failed modifying XNGUSD
0	12:25:25.610	trend_dtrader XTIUSD,H1: Failed modifying XRPUSD
0	12:25:27.554	trend_dtrader XTIUSD,H1: Failed modifying XTIUSD
0	12:25:27.598	trend_dtrader XTIUSD,H1: Failed modifying AAVEUSD
0	12:25:28.592	trend_dtrader XTIUSD,H1: Failed modifying ADAUSD
0	12:25:29.616	trend_dtrader XTIUSD,H1: Failed modifying ALGOUSD
0	12:25:30.834	trend_dtrader XTIUSD,H1: Failed modifying ATOMUSD
0	12:25:31.864	trend_dtrader XTIUSD,H1: Failed modifying AUDUSD
0	12:25:32.626	trend_dtrader XTIUSD,H1: Failed modifying AVAXUSD
0	12:25:33.803	trend_dtrader XTIUSD,H1: Failed modifying AXSUSD
0	12:25:34.879	trend_dtrader XTIUSD,H1: Failed modifying BCHUSD
0	12:25:36.392	trend_dtrader XTIUSD,H1: Failed modifying BNBUSD
0	12:25:36.592	trend_dtrader XTIUSD,H1: Failed modifying BTCUSD
0	12:25:37.591	trend_dtrader XTIUSD,H1: Failed modifying DASHUSD
0	12:25:38.648	trend_dtrader XTIUSD,H1: Failed modifying DOGEUSD
0	12:25:39.592	trend_dtrader XTIUSD,H1: Failed modifying DOTUSD
0	12:25:40.596	trend_dtrader XTIUSD,H1: Failed modifying ETCUSD
0	12:25:41.591	trend_dtrader XTIUSD,H1: Failed modifying ETHUSD
0	12:25:42.592	trend_dtrader XTIUSD,H1: Failed modifying EURUSD
0	12:25:43.618	trend_dtrader XTIUSD,H1: Failed modifying FILUSD
0	12:25:44.813	trend_dtrader XTIUSD,H1: Failed modifying FTMUSD
0	12:25:45.706	trend_dtrader XTIUSD,H1: Failed modifying GBPUSD
0	12:25:46.592	trend_dtrader XTIUSD,H1: Failed modifying GRTUSD
0	12:25:47.594	trend_dtrader XTIUSD,H1: Failed modifying ICPUSD
0	12:25:48.754	trend_dtrader XTIUSD,H1: Failed modifying IOTAUSD
0	12:25:50.023	trend_dtrader XTIUSD,H1: Failed modifying LINKUSD
0	12:25:51.292	trend_dtrader XTIUSD,H1: Failed modifying LRCUSD
0	12:25:51.615	trend_dtrader XTIUSD,H1: Failed modifying LTCUSD
0	12:25:52.707	trend_dtrader XTIUSD,H1: Failed modifying MANAUSD
0	12:25:53.803	trend_dtrader XTIUSD,H1: Failed modifying MATICUSD
0	12:25:55.129	trend_dtrader XTIUSD,H1: Failed modifying NEARUSD
0	12:25:55.593	trend_dtrader XTIUSD,H1: Failed modifying NZDUSD
0	12:25:56.787	trend_dtrader XTIUSD,H1: Failed modifying SOLUSD
0	12:25:57.596	trend_dtrader XTIUSD,H1: Failed modifying TRXUSD
0	12:25:58.653	trend_dtrader XTIUSD,H1: Failed modifying UNIUSD
0	12:25:59.606	trend_dtrader XTIUSD,H1: Failed modifying USDCAD
0	12:26:00.592	trend_dtrader XTIUSD,H1: Failed modifying USDCHF
0	12:26:01.592	trend_dtrader XTIUSD,H1: Failed modifying USDJPY
0	12:26:02.592	trend_dtrader XTIUSD,H1: Failed modifying USDMXN
0	12:26:03.721	trend_dtrader XTIUSD,H1: Failed modifying USDZAR
0	12:26:04.594	trend_dtrader XTIUSD,H1: Failed modifying XAGUSD
0	12:26:05.632	trend_dtrader XTIUSD,H1: Failed modifying XAUUSD
0	12:26:06.640	trend_dtrader XTIUSD,H1: Failed modifying XBRUSD
0	12:26:07.635	trend_dtrader XTIUSD,H1: Failed modifying XNGUSD
0	12:26:08.642	trend_dtrader XTIUSD,H1: Failed modifying XRPUSD
0	12:26:09.611	trend_dtrader XTIUSD,H1: Failed modifying XTIUSD
0	12:26:11.620	trend_dtrader XTIUSD,H1: Failed modifying AAVEUSD
0	12:26:15.115	trend_dtrader XTIUSD,H1: Failed modifying ADAUSD
0	12:26:16.981	trend_dtrader XTIUSD,H1: Failed modifying ALGOUSD
0	12:26:18.017	trend_dtrader XTIUSD,H1: Failed modifying ATOMUSD
0	12:26:18.932	trend_dtrader XTIUSD,H1: Failed modifying AUDUSD
0	12:26:20.368	trend_dtrader XTIUSD,H1: Failed modifying AVAXUSD
0	12:26:20.592	trend_dtrader XTIUSD,H1: Failed modifying AXSUSD
0	12:26:21.617	trend_dtrader XTIUSD,H1: Failed modifying BCHUSD
0	12:26:23.062	trend_dtrader XTIUSD,H1: Failed modifying BNBUSD
0	12:26:24.052	trend_dtrader XTIUSD,H1: Failed modifying BTCUSD
0	12:26:24.646	trend_dtrader XTIUSD,H1: Failed modifying DASHUSD
0	12:26:25.608	trend_dtrader XTIUSD,H1: Failed modifying DOGEUSD
0	12:26:26.594	trend_dtrader XTIUSD,H1: Failed modifying DOTUSD
0	12:26:27.645	trend_dtrader XTIUSD,H1: Failed modifying ETCUSD
0	12:26:28.591	trend_dtrader XTIUSD,H1: Failed modifying ETHUSD
0	12:26:29.701	trend_dtrader XTIUSD,H1: Failed modifying EURUSD
0	12:26:30.592	trend_dtrader XTIUSD,H1: Failed modifying FILUSD
0	12:26:31.592	trend_dtrader XTIUSD,H1: Failed modifying FTMUSD
0	12:26:32.613	trend_dtrader XTIUSD,H1: Failed modifying GBPUSD
0	12:26:33.655	trend_dtrader XTIUSD,H1: Failed modifying GRTUSD
0	12:26:34.980	trend_dtrader XTIUSD,H1: Failed modifying ICPUSD
0	12:26:35.591	trend_dtrader XTIUSD,H1: Failed modifying IOTAUSD
0	12:26:36.593	trend_dtrader XTIUSD,H1: Failed modifying LINKUSD
0	12:26:37.616	trend_dtrader XTIUSD,H1: Failed modifying LRCUSD
0	12:26:39.089	trend_dtrader XTIUSD,H1: Failed modifying LTCUSD
0	12:26:40.176	trend_dtrader XTIUSD,H1: Failed modifying MANAUSD
0	12:26:40.803	trend_dtrader XTIUSD,H1: Failed modifying MATICUSD
0	12:26:41.594	trend_dtrader XTIUSD,H1: Failed modifying NEARUSD
0	12:26:42.592	trend_dtrader XTIUSD,H1: Failed modifying NZDUSD
0	12:26:43.622	trend_dtrader XTIUSD,H1: Failed modifying SOLUSD
0	12:26:45.484	trend_dtrader XTIUSD,H1: Failed modifying TRXUSD
0	12:26:45.618	trend_dtrader XTIUSD,H1: Failed modifying UNIUSD
0	12:26:46.805	trend_dtrader XTIUSD,H1: Failed modifying USDCAD
0	12:26:47.891	trend_dtrader XTIUSD,H1: Failed modifying USDCHF
0	12:26:49.288	trend_dtrader XTIUSD,H1: Failed modifying USDJPY
0	12:26:50.035	trend_dtrader XTIUSD,H1: Failed modifying USDMXN
0	12:26:50.602	trend_dtrader XTIUSD,H1: Failed modifying USDZAR
0	12:26:52.473	trend_dtrader XTIUSD,H1: Failed modifying XAGUSD
0	12:26:52.592	trend_dtrader XTIUSD,H1: Failed modifying XAUUSD
0	12:26:53.595	trend_dtrader XTIUSD,H1: Failed modifying XBRUSD
0	12:26:54.641	trend_dtrader XTIUSD,H1: Failed modifying XNGUSD
0	12:26:56.156	trend_dtrader XTIUSD,H1: Failed modifying XRPUSD
0	12:26:56.598	trend_dtrader XTIUSD,H1: Failed modifying XTIUSD
0	12:26:57.611	trend_dtrader XTIUSD,H1: Failed modifying AAVEUSD
0	12:26:58.590	trend_dtrader XTIUSD,H1: Failed modifying ADAUSD
0	12:26:59.591	trend_dtrader XTIUSD,H1: Failed modifying ALGOUSD
0	12:27:00.687	trend_dtrader XTIUSD,H1: Failed modifying ATOMUSD
0	12:27:02.538	trend_dtrader XTIUSD,H1: Failed modifying AUDUSD
0	12:27:02.691	trend_dtrader XTIUSD,H1: Failed modifying AVAXUSD
0	12:27:03.591	trend_dtrader XTIUSD,H1: Failed modifying AXSUSD
0	12:27:05.031	trend_dtrader XTIUSD,H1: Failed modifying BCHUSD
0	12:27:05.591	trend_dtrader XTIUSD,H1: Failed modifying BNBUSD
0	12:27:07.106	trend_dtrader XTIUSD,H1: Failed modifying BTCUSD
0	12:27:07.686	trend_dtrader XTIUSD,H1: Failed modifying DASHUSD
0	12:27:08.594	trend_dtrader XTIUSD,H1: Failed modifying DOGEUSD
0	12:27:09.591	trend_dtrader XTIUSD,H1: Failed modifying DOTUSD
0	12:27:11.070	trend_dtrader XTIUSD,H1: Failed modifying ETCUSD
0	12:27:11.863	trend_dtrader XTIUSD,H1: Failed modifying ETHUSD
0	12:27:12.899	trend_dtrader XTIUSD,H1: Failed modifying EURUSD
0	12:27:13.657	trend_dtrader XTIUSD,H1: Failed modifying FILUSD
0	12:27:14.592	trend_dtrader XTIUSD,H1: Failed modifying FTMUSD
0	12:27:15.595	trend_dtrader XTIUSD,H1: Failed modifying GBPUSD
0	12:27:17.180	trend_dtrader XTIUSD,H1: Failed modifying GRTUSD
0	12:27:18.376	trend_dtrader XTIUSD,H1: Failed modifying ICPUSD
0	12:27:18.590	trend_dtrader XTIUSD,H1: Failed modifying IOTAUSD
0	12:27:19.590	trend_dtrader XTIUSD,H1: Failed modifying LINKUSD
0	12:27:20.593	trend_dtrader XTIUSD,H1: Failed modifying LRCUSD
0	12:27:22.491	trend_dtrader XTIUSD,H1: Failed modifying LTCUSD
0	12:27:22.716	trend_dtrader XTIUSD,H1: Failed modifying MANAUSD
0	12:27:23.665	trend_dtrader XTIUSD,H1: Failed modifying MATICUSD
0	12:27:24.658	trend_dtrader XTIUSD,H1: Failed modifying NEARUSD
0	12:27:25.592	trend_dtrader XTIUSD,H1: Failed modifying NZDUSD
0	12:27:26.591	trend_dtrader XTIUSD,H1: Failed modifying SOLUSD
0	12:27:27.606	trend_dtrader XTIUSD,H1: Failed modifying TRXUSD
0	12:27:28.603	trend_dtrader XTIUSD,H1: Failed modifying UNIUSD
0	12:27:29.599	trend_dtrader XTIUSD,H1: Failed modifying USDCAD
0	12:27:31.020	trend_dtrader XTIUSD,H1: Failed modifying USDCHF
0	12:27:31.802	trend_dtrader XTIUSD,H1: Failed modifying USDJPY
0	12:27:32.593	trend_dtrader XTIUSD,H1: Failed modifying USDMXN
0	12:27:33.603	trend_dtrader XTIUSD,H1: Failed modifying USDZAR
0	12:27:34.597	trend_dtrader XTIUSD,H1: Failed modifying XAGUSD
0	12:27:35.673	trend_dtrader XTIUSD,H1: Failed modifying XAUUSD
0	12:27:36.609	trend_dtrader XTIUSD,H1: Failed modifying XBRUSD
0	12:27:37.858	trend_dtrader XTIUSD,H1: Failed modifying XNGUSD
0	12:27:38.591	trend_dtrader XTIUSD,H1: Failed modifying XRPUSD
0	12:27:39.599	trend_dtrader XTIUSD,H1: Failed modifying XTIUSD
0	12:27:40.595	trend_dtrader XTIUSD,H1: Failed modifying AAVEUSD
0	12:27:41.944	trend_dtrader XTIUSD,H1: Failed modifying ADAUSD
0	12:27:43.000	trend_dtrader XTIUSD,H1: Failed modifying ALGOUSD
0	12:27:43.594	trend_dtrader XTIUSD,H1: Failed modifying ATOMUSD
0	12:27:44.618	trend_dtrader XTIUSD,H1: Failed modifying AUDUSD
0	12:27:45.613	trend_dtrader XTIUSD,H1: Failed modifying AVAXUSD
0	12:27:46.890	trend_dtrader XTIUSD,H1: Failed modifying AXSUSD
0	12:27:47.855	trend_dtrader XTIUSD,H1: Failed modifying BCHUSD
0	12:27:48.704	trend_dtrader XTIUSD,H1: Failed modifying BNBUSD
0	12:27:49.689	trend_dtrader XTIUSD,H1: Failed modifying BTCUSD
0	12:27:50.589	trend_dtrader XTIUSD,H1: Failed modifying DASHUSD
2	12:27:51.804	trend_dtrader XTIUSD,H1: open #469871930 sell 0.40 DOGEUSD at 0.15642 sl: 0.18554 tp: 0.07797 ok
0	12:27:51.804	trend_dtrader XTIUSD,H1: Alert: DOGEUSD Ordered Successfully
0	12:27:51.805	trend_dtrader XTIUSD,H1: Failed modifying DOGEUSD
0	12:27:52.593	trend_dtrader XTIUSD,H1: Failed modifying DOTUSD
0	12:27:53.592	trend_dtrader XTIUSD,H1: Failed modifying ETCUSD
0	12:27:54.614	trend_dtrader XTIUSD,H1: Failed modifying ETHUSD
0	12:27:55.603	trend_dtrader XTIUSD,H1: Failed modifying EURUSD
0	12:27:56.596	trend_dtrader XTIUSD,H1: Failed modifying FILUSD
0	12:27:57.637	trend_dtrader XTIUSD,H1: Failed modifying FTMUSD
0	12:27:58.592	trend_dtrader XTIUSD,H1: Failed modifying GBPUSD
0	12:27:59.589	trend_dtrader XTIUSD,H1: Failed modifying GRTUSD
0	12:28:00.592	trend_dtrader XTIUSD,H1: Failed modifying ICPUSD
0	12:28:01.589	trend_dtrader XTIUSD,H1: Failed modifying IOTAUSD
0	12:28:02.590	trend_dtrader XTIUSD,H1: Failed modifying LINKUSD
0	12:28:03.883	trend_dtrader XTIUSD,H1: Failed modifying LRCUSD
0	12:28:04.628	trend_dtrader XTIUSD,H1: Failed modifying LTCUSD
0	12:28:05.771	trend_dtrader XTIUSD,H1: Failed modifying MANAUSD
0	12:28:06.637	trend_dtrader XTIUSD,H1: Failed modifying MATICUSD
0	12:28:08.577	trend_dtrader XTIUSD,H1: Failed modifying NEARUSD
0	12:28:08.598	trend_dtrader XTIUSD,H1: Failed modifying NZDUSD
0	12:28:09.795	trend_dtrader XTIUSD,H1: Failed modifying SOLUSD
0	12:28:10.820	trend_dtrader XTIUSD,H1: Failed modifying TRXUSD
0	12:28:11.658	trend_dtrader XTIUSD,H1: Failed modifying UNIUSD
0	12:28:12.648	trend_dtrader XTIUSD,H1: Failed modifying USDCAD
0	12:28:13.591	trend_dtrader XTIUSD,H1: Failed modifying USDCHF
0	12:28:14.605	trend_dtrader XTIUSD,H1: Failed modifying USDJPY
0	12:28:15.613	trend_dtrader XTIUSD,H1: Failed modifying USDMXN
0	12:28:16.593	trend_dtrader XTIUSD,H1: Failed modifying USDZAR
0	12:28:17.593	trend_dtrader XTIUSD,H1: Failed modifying XAGUSD
0	12:28:18.683	trend_dtrader XTIUSD,H1: Failed modifying XAUUSD
0	12:28:21.125	trend_dtrader XTIUSD,H1: Failed modifying XBRUSD
0	12:28:22.473	trend_dtrader XTIUSD,H1: Failed modifying XNGUSD
0	12:28:22.590	trend_dtrader XTIUSD,H1: Failed modifying XRPUSD
0	12:28:24.387	trend_dtrader XTIUSD,H1: Failed modifying XTIUSD
0	12:28:24.592	trend_dtrader XTIUSD,H1: Failed modifying AAVEUSD
0	12:28:26.471	trend_dtrader XTIUSD,H1: Failed modifying ADAUSD
0	12:28:26.642	trend_dtrader XTIUSD,H1: Failed modifying ALGOUSD
0	12:28:27.593	trend_dtrader XTIUSD,H1: Failed modifying ATOMUSD
0	12:28:28.607	trend_dtrader XTIUSD,H1: Failed modifying AUDUSD
0	12:28:29.618	trend_dtrader XTIUSD,H1: Failed modifying AVAXUSD
0	12:28:30.856	trend_dtrader XTIUSD,H1: Failed modifying AXSUSD
0	12:28:31.621	trend_dtrader XTIUSD,H1: Failed modifying BCHUSD
0	12:28:32.659	trend_dtrader XTIUSD,H1: Failed modifying BNBUSD
0	12:28:33.591	trend_dtrader XTIUSD,H1: Failed modifying BTCUSD
0	12:28:34.594	trend_dtrader XTIUSD,H1: Failed modifying DASHUSD
0	12:28:35.589	trend_dtrader XTIUSD,H1: Failed modifying DOGEUSD
0	12:28:36.619	trend_dtrader XTIUSD,H1: Failed modifying DOTUSD
0	12:28:37.595	trend_dtrader XTIUSD,H1: Failed modifying ETCUSD
0	12:28:38.591	trend_dtrader XTIUSD,H1: Failed modifying ETHUSD
0	12:28:39.806	trend_dtrader XTIUSD,H1: Failed modifying EURUSD
0	12:28:40.622	trend_dtrader XTIUSD,H1: Failed modifying FILUSD
0	12:28:41.679	trend_dtrader XTIUSD,H1: Failed modifying FTMUSD
0	12:28:42.604	trend_dtrader XTIUSD,H1: Failed modifying GBPUSD
0	12:28:43.629	trend_dtrader XTIUSD,H1: Failed modifying GRTUSD
0	12:28:44.654	trend_dtrader XTIUSD,H1: Failed modifying ICPUSD
0	12:28:45.589	trend_dtrader XTIUSD,H1: Failed modifying IOTAUSD
0	12:28:46.633	trend_dtrader XTIUSD,H1: Failed modifying LINKUSD
0	12:28:47.590	trend_dtrader XTIUSD,H1: Failed modifying LRCUSD
0	12:28:48.593	trend_dtrader XTIUSD,H1: Failed modifying LTCUSD
0	12:28:49.589	trend_dtrader XTIUSD,H1: Failed modifying MANAUSD
0	12:28:50.767	trend_dtrader XTIUSD,H1: Failed modifying MATICUSD
0	12:28:51.644	trend_dtrader XTIUSD,H1: Failed modifying NEARUSD
0	12:28:52.591	trend_dtrader XTIUSD,H1: Failed modifying NZDUSD
0	12:28:53.593	trend_dtrader XTIUSD,H1: Failed modifying SOLUSD
0	12:28:54.622	trend_dtrader XTIUSD,H1: Failed modifying TRXUSD
0	12:28:55.671	trend_dtrader XTIUSD,H1: Failed modifying UNIUSD
0	12:28:56.639	trend_dtrader XTIUSD,H1: Failed modifying USDCAD
0	12:28:57.591	trend_dtrader XTIUSD,H1: Failed modifying USDCHF
0	12:28:58.591	trend_dtrader XTIUSD,H1: Failed modifying USDJPY
0	12:28:59.636	trend_dtrader XTIUSD,H1: Failed modifying USDMXN
0	12:29:00.593	trend_dtrader XTIUSD,H1: Failed modifying USDZAR
0	12:29:01.593	trend_dtrader XTIUSD,H1: Failed modifying XAGUSD
0	12:29:02.655	trend_dtrader XTIUSD,H1: Failed modifying XAUUSD
0	12:29:03.811	trend_dtrader XTIUSD,H1: Failed modifying XBRUSD
0	12:29:04.612	trend_dtrader XTIUSD,H1: Failed modifying XNGUSD
0	12:29:05.728	trend_dtrader XTIUSD,H1: Failed modifying XRPUSD
0	12:29:06.593	trend_dtrader XTIUSD,H1: Failed modifying XTIUSD
0	12:29:07.589	trend_dtrader XTIUSD,H1: Failed modifying AAVEUSD
0	12:29:08.634	trend_dtrader XTIUSD,H1: Failed modifying ADAUSD
0	12:29:09.589	trend_dtrader XTIUSD,H1: Failed modifying ALGOUSD
0	12:29:10.591	trend_dtrader XTIUSD,H1: Failed modifying ATOMUSD
0	12:29:11.748	trend_dtrader XTIUSD,H1: Failed modifying AUDUSD
0	12:29:12.589	trend_dtrader XTIUSD,H1: Failed modifying AVAXUSD
0	12:29:13.590	trend_dtrader XTIUSD,H1: Failed modifying AXSUSD
0	12:29:14.641	trend_dtrader XTIUSD,H1: Failed modifying BCHUSD
0	12:29:16.807	trend_dtrader XTIUSD,H1: Failed modifying BNBUSD
0	12:29:17.589	trend_dtrader XTIUSD,H1: Failed modifying BTCUSD
0	12:29:18.689	trend_dtrader XTIUSD,H1: Failed modifying DASHUSD
0	12:29:19.826	trend_dtrader XTIUSD,H1: Failed modifying DOGEUSD
0	12:29:20.624	trend_dtrader XTIUSD,H1: Failed modifying DOTUSD
0	12:29:21.839	trend_dtrader XTIUSD,H1: Failed modifying ETCUSD
0	12:29:22.638	trend_dtrader XTIUSD,H1: Failed modifying ETHUSD
0	12:29:26.471	trend_dtrader XTIUSD,H1: Failed modifying EURUSD
0	12:29:27.196	trend_dtrader XTIUSD,H1: Failed modifying FILUSD
0	12:29:27.599	trend_dtrader XTIUSD,H1: Failed modifying FTMUSD
0	12:29:32.658	trend_dtrader XTIUSD,H1: Failed modifying GBPUSD
0	12:29:34.420	trend_dtrader XTIUSD,H1: Failed modifying GRTUSD
0	12:29:34.592	trend_dtrader XTIUSD,H1: Failed modifying ICPUSD
0	12:29:35.662	trend_dtrader XTIUSD,H1: Failed modifying IOTAUSD
0	12:29:36.770	trend_dtrader XTIUSD,H1: Failed modifying LINKUSD
0	12:29:37.590	trend_dtrader XTIUSD,H1: Failed modifying LRCUSD
0	12:29:38.686	trend_dtrader XTIUSD,H1: Failed modifying LTCUSD
0	12:29:40.170	trend_dtrader XTIUSD,H1: Failed modifying MANAUSD
0	12:29:40.975	trend_dtrader XTIUSD,H1: Failed modifying MATICUSD
0	12:29:41.592	trend_dtrader XTIUSD,H1: Failed modifying NEARUSD
0	12:29:42.860	trend_dtrader XTIUSD,H1: Failed modifying NZDUSD
0	12:29:44.410	trend_dtrader XTIUSD,H1: Failed modifying SOLUSD
0	12:29:44.601	trend_dtrader XTIUSD,H1: Failed modifying TRXUSD
0	12:29:45.605	trend_dtrader XTIUSD,H1: Failed modifying UNIUSD
0	12:29:46.903	trend_dtrader XTIUSD,H1: Failed modifying USDCAD
0	12:29:47.596	trend_dtrader XTIUSD,H1: Failed modifying USDCHF
0	12:29:51.272	trend_dtrader XTIUSD,H1: Failed modifying USDJPY
0	12:29:52.121	trend_dtrader XTIUSD,H1: Failed modifying USDMXN
0	12:29:52.594	trend_dtrader XTIUSD,H1: Failed modifying USDZAR
0	12:29:53.600	trend_dtrader XTIUSD,H1: Failed modifying XAGUSD
0	12:29:54.594	trend_dtrader XTIUSD,H1: Failed modifying XAUUSD
0	12:29:56.660	trend_dtrader XTIUSD,H1: Failed modifying XBRUSD
0	12:29:57.617	trend_dtrader XTIUSD,H1: Failed modifying XNGUSD
0	12:29:58.591	trend_dtrader XTIUSD,H1: Failed modifying XRPUSD
0	12:29:59.693	trend_dtrader XTIUSD,H1: Failed modifying XTIUSD
0	12:30:00.594	trend_dtrader XTIUSD,H1: Failed modifying AAVEUSD
0	12:30:01.668	trend_dtrader XTIUSD,H1: Failed modifying ADAUSD
0	12:30:02.589	trend_dtrader XTIUSD,H1: Failed modifying ALGOUSD
0	12:30:03.847	trend_dtrader XTIUSD,H1: Failed modifying ATOMUSD
0	12:30:04.665	trend_dtrader XTIUSD,H1: Failed modifying AUDUSD
0	12:30:06.048	trend_dtrader XTIUSD,H1: Failed modifying AVAXUSD
0	12:30:06.586	trend_dtrader XTIUSD,H1: Failed modifying AXSUSD
0	12:30:07.592	trend_dtrader XTIUSD,H1: Failed modifying BCHUSD
0	12:30:08.609	trend_dtrader XTIUSD,H1: Failed modifying BNBUSD
0	12:30:09.619	trend_dtrader XTIUSD,H1: Failed modifying BTCUSD
0	12:30:10.621	trend_dtrader XTIUSD,H1: Failed modifying DASHUSD
0	12:30:11.817	trend_dtrader XTIUSD,H1: Failed modifying DOGEUSD
0	12:30:12.698	trend_dtrader XTIUSD,H1: Failed modifying DOTUSD
0	12:30:13.591	trend_dtrader XTIUSD,H1: Failed modifying ETCUSD
0	12:30:14.587	trend_dtrader XTIUSD,H1: Failed modifying ETHUSD
0	12:30:15.863	trend_dtrader XTIUSD,H1: Failed modifying EURUSD
0	12:30:16.601	trend_dtrader XTIUSD,H1: Failed modifying FILUSD
0	12:30:17.762	trend_dtrader XTIUSD,H1: Failed modifying FTMUSD
0	12:30:19.441	trend_dtrader XTIUSD,H1: Failed modifying GBPUSD
0	12:30:19.720	trend_dtrader XTIUSD,H1: Failed modifying GRTUSD
0	12:30:20.598	trend_dtrader XTIUSD,H1: Failed modifying ICPUSD
0	12:30:21.628	trend_dtrader XTIUSD,H1: Failed modifying IOTAUSD
0	12:30:22.853	trend_dtrader XTIUSD,H1: Failed modifying LINKUSD
0	12:30:23.628	trend_dtrader XTIUSD,H1: Failed modifying LRCUSD
0	12:30:24.598	trend_dtrader XTIUSD,H1: Failed modifying LTCUSD
0	12:30:25.873	trend_dtrader XTIUSD,H1: Failed modifying MANAUSD
0	12:30:26.649	trend_dtrader XTIUSD,H1: Failed modifying MATICUSD
0	12:30:27.673	trend_dtrader XTIUSD,H1: Failed modifying NEARUSD
0	12:30:28.590	trend_dtrader XTIUSD,H1: Failed modifying NZDUSD
0	12:30:29.589	trend_dtrader XTIUSD,H1: Failed modifying SOLUSD
0	12:30:30.613	trend_dtrader XTIUSD,H1: Failed modifying TRXUSD
0	12:30:31.619	trend_dtrader XTIUSD,H1: Failed modifying UNIUSD
0	12:30:32.589	trend_dtrader XTIUSD,H1: Failed modifying USDCAD
0	12:30:33.590	trend_dtrader XTIUSD,H1: Failed modifying USDCHF
0	12:30:34.590	trend_dtrader XTIUSD,H1: Failed modifying USDJPY
0	12:30:35.590	trend_dtrader XTIUSD,H1: Failed modifying USDMXN
0	12:30:36.607	trend_dtrader XTIUSD,H1: Failed modifying USDZAR
0	12:30:37.936	trend_dtrader XTIUSD,H1: Failed modifying XAGUSD
0	12:30:39.404	trend_dtrader XTIUSD,H1: Failed modifying XAUUSD
0	12:30:39.598	trend_dtrader XTIUSD,H1: Failed modifying XBRUSD
0	12:30:40.587	trend_dtrader XTIUSD,H1: Failed modifying XNGUSD
0	12:30:41.705	trend_dtrader XTIUSD,H1: Failed modifying XRPUSD
0	12:30:42.592	trend_dtrader XTIUSD,H1: Failed modifying XTIUSD
0	12:30:43.588	trend_dtrader XTIUSD,H1: Failed modifying AAVEUSD
0	12:30:44.588	trend_dtrader XTIUSD,H1: Failed modifying ADAUSD
0	12:30:45.588	trend_dtrader XTIUSD,H1: Failed modifying ALGOUSD
0	12:30:46.607	trend_dtrader XTIUSD,H1: Failed modifying ATOMUSD
0	12:30:47.605	trend_dtrader XTIUSD,H1: Failed modifying AUDUSD
0	12:30:48.928	trend_dtrader XTIUSD,H1: Failed modifying AVAXUSD
0	12:30:49.911	trend_dtrader XTIUSD,H1: Failed modifying AXSUSD
0	12:30:50.678	trend_dtrader XTIUSD,H1: Failed modifying BCHUSD
0	12:30:51.587	trend_dtrader XTIUSD,H1: Failed modifying BNBUSD
0	12:30:52.589	trend_dtrader XTIUSD,H1: Failed modifying BTCUSD
0	12:30:53.636	trend_dtrader XTIUSD,H1: Failed modifying DASHUSD
0	12:30:54.652	trend_dtrader XTIUSD,H1: Failed modifying DOGEUSD
0	12:30:56.217	trend_dtrader XTIUSD,H1: Failed modifying DOTUSD
0	12:30:56.733	trend_dtrader XTIUSD,H1: Failed modifying ETCUSD
0	12:30:57.649	trend_dtrader XTIUSD,H1: Failed modifying ETHUSD
0	12:30:59.262	trend_dtrader XTIUSD,H1: Failed modifying EURUSD
0	12:30:59.772	trend_dtrader XTIUSD,H1: Failed modifying FILUSD
0	12:31:01.375	trend_dtrader XTIUSD,H1: Failed modifying FTMUSD
0	12:31:01.642	trend_dtrader XTIUSD,H1: Failed modifying GBPUSD
0	12:31:02.618	trend_dtrader XTIUSD,H1: Failed modifying GRTUSD
0	12:31:03.861	trend_dtrader XTIUSD,H1: Failed modifying ICPUSD
0	12:31:04.587	trend_dtrader XTIUSD,H1: Failed modifying IOTAUSD
0	12:31:05.823	trend_dtrader XTIUSD,H1: Failed modifying LINKUSD
0	12:31:07.736	trend_dtrader XTIUSD,H1: Failed modifying LRCUSD
0	12:31:09.126	trend_dtrader XTIUSD,H1: Failed modifying LTCUSD
0	12:31:09.588	trend_dtrader XTIUSD,H1: Failed modifying MANAUSD
0	12:31:12.420	trend_dtrader XTIUSD,H1: Failed modifying MATICUSD
0	12:31:12.604	trend_dtrader XTIUSD,H1: Failed modifying NEARUSD
0	12:31:13.639	trend_dtrader XTIUSD,H1: Failed modifying NZDUSD
0	12:31:14.982	trend_dtrader XTIUSD,H1: Failed modifying SOLUSD
0	12:31:16.739	trend_dtrader XTIUSD,H1: Failed modifying TRXUSD
0	12:31:17.720	trend_dtrader XTIUSD,H1: Failed modifying UNIUSD
0	12:31:18.754	trend_dtrader XTIUSD,H1: Failed modifying USDCAD
0	12:31:20.173	trend_dtrader XTIUSD,H1: Failed modifying USDCHF
0	12:31:20.590	trend_dtrader XTIUSD,H1: Failed modifying USDJPY
0	12:31:21.639	trend_dtrader XTIUSD,H1: Failed modifying USDMXN
0	12:31:22.696	trend_dtrader XTIUSD,H1: Failed modifying USDZAR
0	12:31:23.906	trend_dtrader XTIUSD,H1: Failed modifying XAGUSD
0	12:31:24.644	trend_dtrader XTIUSD,H1: Failed modifying XAUUSD
0	12:31:26.109	trend_dtrader XTIUSD,H1: Failed modifying XBRUSD
0	12:31:27.013	trend_dtrader XTIUSD,H1: Failed modifying XNGUSD
0	12:31:27.589	trend_dtrader XTIUSD,H1: Failed modifying XRPUSD
0	12:31:29.415	trend_dtrader XTIUSD,H1: Failed modifying XTIUSD
0	12:31:30.287	trend_dtrader XTIUSD,H1: Failed modifying AAVEUSD
0	12:31:31.418	trend_dtrader XTIUSD,H1: Failed modifying ADAUSD
0	12:31:36.494	trend_dtrader XTIUSD,H1: Failed modifying ALGOUSD
0	12:31:36.729	trend_dtrader XTIUSD,H1: Failed modifying ATOMUSD
0	12:31:37.593	trend_dtrader XTIUSD,H1: Failed modifying AUDUSD
0	12:31:39.999	trend_dtrader XTIUSD,H1: Failed modifying AVAXUSD
0	12:31:41.113	trend_dtrader XTIUSD,H1: Failed modifying AXSUSD
0	12:31:41.654	trend_dtrader XTIUSD,H1: Failed modifying BCHUSD
0	12:31:42.708	trend_dtrader XTIUSD,H1: Failed modifying BNBUSD
0	12:31:43.830	trend_dtrader XTIUSD,H1: Failed modifying BTCUSD
0	12:31:44.588	trend_dtrader XTIUSD,H1: Failed modifying DASHUSD
0	12:31:47.502	trend_dtrader XTIUSD,H1: Failed modifying DOGEUSD
0	12:31:47.585	trend_dtrader XTIUSD,H1: Failed modifying DOTUSD
0	12:31:49.322	trend_dtrader XTIUSD,H1: Failed modifying ETCUSD
0	12:31:49.589	trend_dtrader XTIUSD,H1: Failed modifying ETHUSD
0	12:31:52.323	trend_dtrader XTIUSD,H1: Failed modifying EURUSD
0	12:31:52.587	trend_dtrader XTIUSD,H1: Failed modifying FILUSD
0	12:31:53.588	trend_dtrader XTIUSD,H1: Failed modifying FTMUSD
0	12:31:54.651	trend_dtrader XTIUSD,H1: Failed modifying GBPUSD
0	12:31:55.624	trend_dtrader XTIUSD,H1: Failed modifying GRTUSD
0	12:31:56.600	trend_dtrader XTIUSD,H1: Failed modifying ICPUSD
0	12:31:58.232	trend_dtrader XTIUSD,H1: Failed modifying IOTAUSD
0	12:31:59.352	trend_dtrader XTIUSD,H1: Failed modifying LINKUSD
0	12:31:59.636	trend_dtrader XTIUSD,H1: Failed modifying LRCUSD
0	12:32:00.591	trend_dtrader XTIUSD,H1: Failed modifying LTCUSD
0	12:32:02.067	trend_dtrader XTIUSD,H1: Failed modifying MANAUSD
0	12:32:03.824	trend_dtrader XTIUSD,H1: Failed modifying MATICUSD
0	12:32:05.055	trend_dtrader XTIUSD,H1: Failed modifying NEARUSD
0	12:32:05.623	trend_dtrader XTIUSD,H1: Failed modifying NZDUSD
0	12:32:06.586	trend_dtrader XTIUSD,H1: Failed modifying SOLUSD
0	12:32:07.591	trend_dtrader XTIUSD,H1: Failed modifying TRXUSD
0	12:32:08.820	trend_dtrader XTIUSD,H1: Failed modifying UNIUSD
0	12:32:09.791	trend_dtrader XTIUSD,H1: Failed modifying USDCAD
0	12:32:10.600	trend_dtrader XTIUSD,H1: Failed modifying USDCHF
0	12:32:12.145	trend_dtrader XTIUSD,H1: Failed modifying USDJPY
0	12:32:12.587	trend_dtrader XTIUSD,H1: Failed modifying USDMXN
0	12:32:13.632	trend_dtrader XTIUSD,H1: Failed modifying USDZAR
0	12:32:16.768	trend_dtrader XTIUSD,H1: Failed modifying XAGUSD
0	12:32:17.594	trend_dtrader XTIUSD,H1: Failed modifying XAUUSD
0	12:32:18.689	trend_dtrader XTIUSD,H1: Failed modifying XBRUSD
0	12:32:19.619	trend_dtrader XTIUSD,H1: Failed modifying XNGUSD
0	12:32:20.587	trend_dtrader XTIUSD,H1: Failed modifying XRPUSD
0	12:32:21.622	trend_dtrader XTIUSD,H1: Failed modifying XTIUSD
0	12:32:22.622	trend_dtrader XTIUSD,H1: Failed modifying AAVEUSD
0	12:32:23.654	trend_dtrader XTIUSD,H1: Failed modifying ADAUSD
0	12:32:24.754	trend_dtrader XTIUSD,H1: Failed modifying ALGOUSD
0	12:32:26.583	trend_dtrader XTIUSD,H1: Failed modifying ATOMUSD
0	12:32:26.964	trend_dtrader XTIUSD,H1: Failed modifying AUDUSD
0	12:32:27.801	trend_dtrader XTIUSD,H1: Failed modifying AVAXUSD
0	12:32:29.010	trend_dtrader XTIUSD,H1: Failed modifying AXSUSD
0	12:32:29.654	trend_dtrader XTIUSD,H1: Failed modifying BCHUSD
0	12:32:30.623	trend_dtrader XTIUSD,H1: Failed modifying BNBUSD
0	12:32:31.731	trend_dtrader XTIUSD,H1: Failed modifying BTCUSD
0	12:32:32.585	trend_dtrader XTIUSD,H1: Failed modifying DASHUSD
0	12:32:33.729	trend_dtrader XTIUSD,H1: Failed modifying DOGEUSD
0	12:32:34.631	trend_dtrader XTIUSD,H1: Failed modifying DOTUSD
0	12:32:35.595	trend_dtrader XTIUSD,H1: Failed modifying ETCUSD
0	12:32:36.613	trend_dtrader XTIUSD,H1: Failed modifying ETHUSD
0	12:32:37.588	trend_dtrader XTIUSD,H1: Failed modifying EURUSD
0	12:32:38.626	trend_dtrader XTIUSD,H1: Failed modifying FILUSD
0	12:32:39.589	trend_dtrader XTIUSD,H1: Failed modifying FTMUSD
0	12:32:40.697	trend_dtrader XTIUSD,H1: Failed modifying GBPUSD
0	12:32:41.623	trend_dtrader XTIUSD,H1: Failed modifying GRTUSD
0	12:32:42.589	trend_dtrader XTIUSD,H1: Failed modifying ICPUSD
0	12:32:43.583	trend_dtrader XTIUSD,H1: Failed modifying IOTAUSD
0	12:32:44.588	trend_dtrader XTIUSD,H1: Failed modifying LINKUSD
0	12:32:45.637	trend_dtrader XTIUSD,H1: Failed modifying LRCUSD
0	12:32:46.590	trend_dtrader XTIUSD,H1: Failed modifying LTCUSD
0	12:32:47.588	trend_dtrader XTIUSD,H1: Failed modifying MANAUSD
0	12:32:48.707	trend_dtrader XTIUSD,H1: Failed modifying MATICUSD
0	12:32:49.700	trend_dtrader XTIUSD,H1: Failed modifying NEARUSD
0	12:32:50.587	trend_dtrader XTIUSD,H1: Failed modifying NZDUSD
0	12:32:51.891	trend_dtrader XTIUSD,H1: Failed modifying SOLUSD
0	12:32:52.590	trend_dtrader XTIUSD,H1: Failed modifying TRXUSD
0	12:32:53.590	trend_dtrader XTIUSD,H1: Failed modifying UNIUSD
0	12:32:54.607	trend_dtrader XTIUSD,H1: Failed modifying USDCAD
0	12:32:55.585	trend_dtrader XTIUSD,H1: Failed modifying USDCHF
0	12:32:56.640	trend_dtrader XTIUSD,H1: Failed modifying USDJPY
0	12:32:57.663	trend_dtrader XTIUSD,H1: Failed modifying USDMXN
0	12:32:58.617	trend_dtrader XTIUSD,H1: Failed modifying USDZAR
0	12:32:59.589	trend_dtrader XTIUSD,H1: Failed modifying XAGUSD
0	12:33:00.589	trend_dtrader XTIUSD,H1: Failed modifying XAUUSD
0	12:33:01.591	trend_dtrader XTIUSD,H1: Failed modifying XBRUSD
0	12:33:02.620	trend_dtrader XTIUSD,H1: Failed modifying XNGUSD
0	12:33:03.631	trend_dtrader XTIUSD,H1: Failed modifying XRPUSD
0	12:33:04.723	trend_dtrader XTIUSD,H1: Failed modifying XTIUSD
0	12:33:05.900	trend_dtrader XTIUSD,H1: Failed modifying AAVEUSD
0	12:33:06.585	trend_dtrader XTIUSD,H1: Failed modifying ADAUSD
0	12:33:07.632	trend_dtrader XTIUSD,H1: Failed modifying ALGOUSD
0	12:33:08.588	trend_dtrader XTIUSD,H1: Failed modifying ATOMUSD
0	12:33:09.763	trend_dtrader XTIUSD,H1: Failed modifying AUDUSD
0	12:33:10.741	trend_dtrader XTIUSD,H1: Failed modifying AVAXUSD
0	12:33:11.937	trend_dtrader XTIUSD,H1: Failed modifying AXSUSD
0	12:33:12.585	trend_dtrader XTIUSD,H1: Failed modifying BCHUSD
0	12:33:13.594	trend_dtrader XTIUSD,H1: Failed modifying BNBUSD
0	12:33:14.653	trend_dtrader XTIUSD,H1: Failed modifying BTCUSD
0	12:33:15.584	trend_dtrader XTIUSD,H1: Failed modifying DASHUSD
0	12:33:16.644	trend_dtrader XTIUSD,H1: Failed modifying DOGEUSD
0	12:33:17.731	trend_dtrader XTIUSD,H1: Failed modifying DOTUSD
0	12:33:18.599	trend_dtrader XTIUSD,H1: Failed modifying ETCUSD
0	12:33:19.584	trend_dtrader XTIUSD,H1: Failed modifying ETHUSD
0	12:33:20.584	trend_dtrader XTIUSD,H1: Failed modifying EURUSD
0	12:33:21.626	trend_dtrader XTIUSD,H1: Failed modifying FILUSD
0	12:33:22.588	trend_dtrader XTIUSD,H1: Failed modifying FTMUSD
0	12:33:23.957	trend_dtrader XTIUSD,H1: uninit reason 2
0	12:33:24.017	trend_dtrader XTIUSD,H1: Alert: 2
0	12:33:25.516	Expert trend_dtrader XTIUSD,H1: removed
0	12:33:25.591	Expert trend_dtrader XTIUSD,H1: loaded successfully
0	12:33:25.680	trend_dtrader XTIUSD,H1: AAVEUSD --> 2
0	12:33:25.680	trend_dtrader XTIUSD,H1: ADAUSD --> 4
0	12:33:25.680	trend_dtrader XTIUSD,H1: ALGOUSD --> 4
0	12:33:25.680	trend_dtrader XTIUSD,H1: ATOMUSD --> 3
0	12:33:25.680	trend_dtrader XTIUSD,H1: AUDUSD --> 5
0	12:33:25.680	trend_dtrader XTIUSD,H1: AVAXUSD --> 3
0	12:33:25.680	trend_dtrader XTIUSD,H1: AXSUSD --> 2
0	12:33:25.680	trend_dtrader XTIUSD,H1: BCHUSD --> 2
0	12:33:25.680	trend_dtrader XTIUSD,H1: BNBUSD --> 2
0	12:33:25.680	trend_dtrader XTIUSD,H1: BTCUSD --> 2
0	12:33:25.680	trend_dtrader XTIUSD,H1: DASHUSD --> 2
0	12:33:25.680	trend_dtrader XTIUSD,H1: DOGEUSD --> 5
0	12:33:25.680	trend_dtrader XTIUSD,H1: DOTUSD --> 3
0	12:33:25.680	trend_dtrader XTIUSD,H1: ETCUSD --> 3
0	12:33:25.680	trend_dtrader XTIUSD,H1: ETHUSD --> 2
0	12:33:25.680	trend_dtrader XTIUSD,H1: EURUSD --> 5
0	12:33:25.680	trend_dtrader XTIUSD,H1: FILUSD --> 3
0	12:33:25.681	trend_dtrader XTIUSD,H1: FTMUSD --> 4
0	12:33:25.681	trend_dtrader XTIUSD,H1: GBPUSD --> 5
0	12:33:25.681	trend_dtrader XTIUSD,H1: GRTUSD --> 4
0	12:33:25.681	trend_dtrader XTIUSD,H1: ICPUSD --> 3
0	12:33:25.681	trend_dtrader XTIUSD,H1: IOTAUSD --> 4
0	12:33:25.681	trend_dtrader XTIUSD,H1: LINKUSD --> 3
0	12:33:25.681	trend_dtrader XTIUSD,H1: LRCUSD --> 4
0	12:33:25.681	trend_dtrader XTIUSD,H1: LTCUSD --> 2
0	12:33:25.681	trend_dtrader XTIUSD,H1: MANAUSD --> 4
0	12:33:25.681	trend_dtrader XTIUSD,H1: MATICUSD --> 4
0	12:33:25.681	trend_dtrader XTIUSD,H1: NEARUSD --> 3
0	12:33:25.681	trend_dtrader XTIUSD,H1: NZDUSD --> 5
0	12:33:25.681	trend_dtrader XTIUSD,H1: SOLUSD --> 2
0	12:33:25.681	trend_dtrader XTIUSD,H1: TRXUSD --> 5
0	12:33:25.681	trend_dtrader XTIUSD,H1: UNIUSD --> 3
0	12:33:25.681	trend_dtrader XTIUSD,H1: USDCAD --> 5
0	12:33:25.681	trend_dtrader XTIUSD,H1: USDCHF --> 5
0	12:33:25.681	trend_dtrader XTIUSD,H1: USDJPY --> 3
0	12:33:25.681	trend_dtrader XTIUSD,H1: USDMXN --> 4
0	12:33:25.681	trend_dtrader XTIUSD,H1: USDZAR --> 5
0	12:33:25.681	trend_dtrader XTIUSD,H1: XAGUSD --> 3
0	12:33:25.681	trend_dtrader XTIUSD,H1: XAUUSD --> 2
0	12:33:25.681	trend_dtrader XTIUSD,H1: XBRUSD --> 2
0	12:33:25.681	trend_dtrader XTIUSD,H1: XNGUSD --> 3
0	12:33:25.681	trend_dtrader XTIUSD,H1: XRPUSD --> 5
0	12:33:25.681	trend_dtrader XTIUSD,H1: XTIUSD --> 2
0	12:33:25.681	trend_dtrader XTIUSD,H1: ZECUSD --> 2
0	12:33:25.681	trend_dtrader XTIUSD,H1: 44
0	12:33:25.681	trend_dtrader XTIUSD,H1: initialized
0	12:33:26.894	trend_dtrader XTIUSD,H1: Failed modifying AAVEUSD
0	12:33:27.894	trend_dtrader XTIUSD,H1: Failed modifying ADAUSD
0	12:33:28.942	trend_dtrader XTIUSD,H1: Failed modifying ALGOUSD
0	12:33:30.017	trend_dtrader XTIUSD,H1: Failed modifying ATOMUSD
0	12:33:31.017	trend_dtrader XTIUSD,H1: Failed modifying AUDUSD
0	12:33:32.150	trend_dtrader XTIUSD,H1: Failed modifying AVAXUSD
0	12:33:33.065	trend_dtrader XTIUSD,H1: Failed modifying AXSUSD
0	12:33:34.154	trend_dtrader XTIUSD,H1: Failed modifying BCHUSD
0	12:33:35.197	trend_dtrader XTIUSD,H1: Failed modifying BNBUSD
0	12:33:36.188	trend_dtrader XTIUSD,H1: Failed modifying BTCUSD
0	12:33:37.008	trend_dtrader XTIUSD,H1: Failed modifying DASHUSD
0	12:33:38.387	trend_dtrader XTIUSD,H1: Failed modifying DOGEUSD
0	12:33:38.952	trend_dtrader XTIUSD,H1: Failed modifying DOTUSD
0	12:33:40.236	trend_dtrader XTIUSD,H1: Failed modifying ETCUSD
0	12:33:40.937	trend_dtrader XTIUSD,H1: Failed modifying ETHUSD
0	12:33:42.053	trend_dtrader XTIUSD,H1: Failed modifying EURUSD
0	12:33:43.530	trend_dtrader XTIUSD,H1: Failed modifying FILUSD
0	12:33:44.705	trend_dtrader XTIUSD,H1: Failed modifying FTMUSD
0	12:33:45.603	trend_dtrader XTIUSD,H1: Failed modifying GBPUSD
0	12:33:46.831	trend_dtrader XTIUSD,H1: Failed modifying GRTUSD
0	12:33:47.431	trend_dtrader XTIUSD,H1: Failed modifying ICPUSD
0	12:33:48.093	trend_dtrader XTIUSD,H1: Failed modifying IOTAUSD
0	12:33:49.063	trend_dtrader XTIUSD,H1: Failed modifying LINKUSD
0	12:33:49.829	trend_dtrader XTIUSD,H1: Failed modifying LRCUSD
0	12:33:51.326	trend_dtrader XTIUSD,H1: Failed modifying LTCUSD
0	12:33:52.630	trend_dtrader XTIUSD,H1: Failed modifying MANAUSD
0	12:33:53.346	trend_dtrader XTIUSD,H1: Failed modifying MATICUSD
0	12:33:54.394	trend_dtrader XTIUSD,H1: Failed modifying NEARUSD
0	12:33:55.459	trend_dtrader XTIUSD,H1: Failed modifying NZDUSD
0	12:33:56.393	trend_dtrader XTIUSD,H1: Failed modifying SOLUSD
0	12:33:57.801	trend_dtrader XTIUSD,H1: Failed modifying TRXUSD
0	12:33:58.640	trend_dtrader XTIUSD,H1: Failed modifying UNIUSD
0	12:33:59.374	trend_dtrader XTIUSD,H1: Failed modifying USDCAD
0	12:34:01.248	trend_dtrader XTIUSD,H1: Failed modifying USDCHF
0	12:34:02.211	trend_dtrader XTIUSD,H1: Failed modifying USDJPY
0	12:34:03.230	trend_dtrader XTIUSD,H1: Failed modifying USDMXN
0	12:34:04.823	trend_dtrader XTIUSD,H1: Failed modifying USDZAR
0	12:34:05.554	trend_dtrader XTIUSD,H1: Failed modifying XAGUSD
0	12:34:07.000	trend_dtrader XTIUSD,H1: Failed modifying XAUUSD
0	12:34:07.957	trend_dtrader XTIUSD,H1: Failed modifying XBRUSD
0	12:34:08.666	trend_dtrader XTIUSD,H1: Failed modifying XNGUSD
0	12:34:10.246	trend_dtrader XTIUSD,H1: Failed modifying XRPUSD
0	12:34:11.439	trend_dtrader XTIUSD,H1: Failed modifying XTIUSD
0	12:34:11.445	trend_dtrader XTIUSD,H1: Failed modifying AAVEUSD
0	12:34:12.090	trend_dtrader XTIUSD,H1: Failed modifying ADAUSD
0	12:34:12.865	trend_dtrader XTIUSD,H1: Failed modifying ALGOUSD
0	12:34:13.685	trend_dtrader XTIUSD,H1: Failed modifying ATOMUSD
0	12:34:14.765	trend_dtrader XTIUSD,H1: Failed modifying AUDUSD
0	12:34:16.224	trend_dtrader XTIUSD,H1: Failed modifying AVAXUSD
0	12:34:16.752	trend_dtrader XTIUSD,H1: Failed modifying AXSUSD
0	12:34:17.694	trend_dtrader XTIUSD,H1: Failed modifying BCHUSD
0	12:34:18.968	trend_dtrader XTIUSD,H1: Failed modifying BNBUSD
0	12:34:19.688	trend_dtrader XTIUSD,H1: Failed modifying BTCUSD
0	12:34:20.782	trend_dtrader XTIUSD,H1: Failed modifying DASHUSD
0	12:34:21.796	trend_dtrader XTIUSD,H1: Failed modifying DOGEUSD
0	12:34:22.688	trend_dtrader XTIUSD,H1: Failed modifying DOTUSD
0	12:34:23.698	trend_dtrader XTIUSD,H1: Failed modifying ETCUSD
0	12:34:24.808	trend_dtrader XTIUSD,H1: Failed modifying ETHUSD
0	12:34:25.876	trend_dtrader XTIUSD,H1: Failed modifying EURUSD
0	12:34:26.690	trend_dtrader XTIUSD,H1: Failed modifying FILUSD
0	12:34:27.693	trend_dtrader XTIUSD,H1: Failed modifying FTMUSD
0	12:34:28.805	trend_dtrader XTIUSD,H1: Failed modifying GBPUSD
0	12:34:29.692	trend_dtrader XTIUSD,H1: Failed modifying GRTUSD
0	12:34:30.818	trend_dtrader XTIUSD,H1: Failed modifying ICPUSD
0	12:34:31.772	trend_dtrader XTIUSD,H1: Failed modifying IOTAUSD
0	12:34:32.695	trend_dtrader XTIUSD,H1: Failed modifying LINKUSD
0	12:34:33.692	trend_dtrader XTIUSD,H1: Failed modifying LRCUSD
0	12:34:34.695	trend_dtrader XTIUSD,H1: Failed modifying LTCUSD
0	12:34:35.690	trend_dtrader XTIUSD,H1: Failed modifying MANAUSD
0	12:34:36.743	trend_dtrader XTIUSD,H1: Failed modifying MATICUSD
0	12:34:37.693	trend_dtrader XTIUSD,H1: Failed modifying NEARUSD
0	12:34:38.696	trend_dtrader XTIUSD,H1: Failed modifying NZDUSD
0	12:34:39.769	trend_dtrader XTIUSD,H1: Failed modifying SOLUSD
0	12:34:40.697	trend_dtrader XTIUSD,H1: Failed modifying TRXUSD
0	12:34:41.746	trend_dtrader XTIUSD,H1: Failed modifying UNIUSD
0	12:34:42.695	trend_dtrader XTIUSD,H1: Failed modifying USDCAD
0	12:34:43.785	trend_dtrader XTIUSD,H1: Failed modifying USDCHF
0	12:34:44.783	trend_dtrader XTIUSD,H1: Failed modifying USDJPY
0	12:34:46.379	trend_dtrader XTIUSD,H1: Failed modifying USDMXN
0	12:34:46.711	trend_dtrader XTIUSD,H1: Failed modifying USDZAR
0	12:34:47.696	trend_dtrader XTIUSD,H1: Failed modifying XAGUSD
0	12:34:49.110	trend_dtrader XTIUSD,H1: Failed modifying XAUUSD
0	12:34:49.698	trend_dtrader XTIUSD,H1: Failed modifying XBRUSD
0	12:34:50.794	trend_dtrader XTIUSD,H1: Failed modifying XNGUSD
0	12:34:51.913	trend_dtrader XTIUSD,H1: Failed modifying XRPUSD
0	12:34:52.698	trend_dtrader XTIUSD,H1: Failed modifying XTIUSD
0	12:34:54.644	trend_dtrader XTIUSD,H1: Failed modifying AAVEUSD
0	12:34:54.693	trend_dtrader XTIUSD,H1: Failed modifying ADAUSD
0	12:34:56.309	trend_dtrader XTIUSD,H1: Failed modifying ALGOUSD
0	12:34:57.052	trend_dtrader XTIUSD,H1: Failed modifying ATOMUSD
0	12:34:58.628	trend_dtrader XTIUSD,H1: Failed modifying AUDUSD
0	12:34:58.811	trend_dtrader XTIUSD,H1: Failed modifying AVAXUSD
0	12:34:59.874	trend_dtrader XTIUSD,H1: Failed modifying AXSUSD
0	12:35:00.874	trend_dtrader XTIUSD,H1: Failed modifying BCHUSD
0	12:35:01.882	trend_dtrader XTIUSD,H1: Failed modifying BNBUSD
0	12:35:02.694	trend_dtrader XTIUSD,H1: Failed modifying BTCUSD
0	12:35:03.699	trend_dtrader XTIUSD,H1: Failed modifying DASHUSD
0	12:35:04.696	trend_dtrader XTIUSD,H1: Failed modifying DOGEUSD
0	12:35:05.762	trend_dtrader XTIUSD,H1: Failed modifying DOTUSD
0	12:35:06.759	trend_dtrader XTIUSD,H1: Failed modifying ETCUSD
0	12:35:07.694	trend_dtrader XTIUSD,H1: Failed modifying ETHUSD
0	12:35:08.857	trend_dtrader XTIUSD,H1: Failed modifying EURUSD
0	12:35:09.799	trend_dtrader XTIUSD,H1: Failed modifying FILUSD
0	12:35:10.887	trend_dtrader XTIUSD,H1: Failed modifying FTMUSD
0	12:35:11.968	trend_dtrader XTIUSD,H1: Failed modifying GBPUSD
0	12:35:12.884	trend_dtrader XTIUSD,H1: Failed modifying GRTUSD
0	12:35:13.698	trend_dtrader XTIUSD,H1: Failed modifying ICPUSD
0	12:35:14.695	trend_dtrader XTIUSD,H1: Failed modifying IOTAUSD
0	12:35:15.941	trend_dtrader XTIUSD,H1: Failed modifying LINKUSD
0	12:35:16.694	trend_dtrader XTIUSD,H1: Failed modifying LRCUSD
0	12:35:17.829	trend_dtrader XTIUSD,H1: Failed modifying LTCUSD
0	12:35:18.760	trend_dtrader XTIUSD,H1: Failed modifying MANAUSD
0	12:35:19.964	trend_dtrader XTIUSD,H1: Failed modifying MATICUSD
0	12:35:20.694	trend_dtrader XTIUSD,H1: Failed modifying NEARUSD
0	12:35:21.701	trend_dtrader XTIUSD,H1: Failed modifying NZDUSD
0	12:35:22.867	trend_dtrader XTIUSD,H1: Failed modifying SOLUSD
0	12:35:23.794	trend_dtrader XTIUSD,H1: Failed modifying TRXUSD
0	12:35:24.996	trend_dtrader XTIUSD,H1: Failed modifying UNIUSD
0	12:35:25.798	trend_dtrader XTIUSD,H1: Failed modifying USDCAD
0	12:35:26.933	trend_dtrader XTIUSD,H1: Failed modifying USDCHF
0	12:35:28.179	trend_dtrader XTIUSD,H1: Failed modifying USDJPY
0	12:35:28.697	trend_dtrader XTIUSD,H1: Failed modifying USDMXN
0	12:35:30.064	trend_dtrader XTIUSD,H1: Failed modifying USDZAR
0	12:35:31.242	trend_dtrader XTIUSD,H1: Failed modifying XAGUSD
0	12:35:31.709	trend_dtrader XTIUSD,H1: Failed modifying XAUUSD
0	12:35:32.698	trend_dtrader XTIUSD,H1: Failed modifying XBRUSD
0	12:35:33.881	trend_dtrader XTIUSD,H1: Failed modifying XNGUSD
0	12:35:34.775	trend_dtrader XTIUSD,H1: Failed modifying XRPUSD
0	12:35:35.779	trend_dtrader XTIUSD,H1: Failed modifying XTIUSD
0	12:35:36.694	trend_dtrader XTIUSD,H1: Failed modifying AAVEUSD
0	12:35:37.695	trend_dtrader XTIUSD,H1: Failed modifying ADAUSD
0	12:35:38.711	trend_dtrader XTIUSD,H1: Failed modifying ALGOUSD
0	12:35:39.697	trend_dtrader XTIUSD,H1: Failed modifying ATOMUSD
0	12:35:40.763	trend_dtrader XTIUSD,H1: Failed modifying AUDUSD
0	12:35:41.714	trend_dtrader XTIUSD,H1: Failed modifying AVAXUSD
0	12:35:42.725	trend_dtrader XTIUSD,H1: Failed modifying AXSUSD
0	12:35:43.698	trend_dtrader XTIUSD,H1: Failed modifying BCHUSD
0	12:35:44.694	trend_dtrader XTIUSD,H1: Failed modifying BNBUSD
0	12:35:46.136	trend_dtrader XTIUSD,H1: Failed modifying BTCUSD
0	12:35:46.695	trend_dtrader XTIUSD,H1: Failed modifying DASHUSD
0	12:35:47.848	trend_dtrader XTIUSD,H1: Failed modifying DOGEUSD
0	12:35:48.802	trend_dtrader XTIUSD,H1: Failed modifying DOTUSD
0	12:35:50.089	trend_dtrader XTIUSD,H1: Failed modifying ETCUSD
0	12:35:50.722	trend_dtrader XTIUSD,H1: Failed modifying ETHUSD
0	12:35:52.301	trend_dtrader XTIUSD,H1: Failed modifying EURUSD
0	12:35:52.807	trend_dtrader XTIUSD,H1: Failed modifying FILUSD
0	12:35:53.695	trend_dtrader XTIUSD,H1: Failed modifying FTMUSD
0	12:35:55.523	trend_dtrader XTIUSD,H1: Failed modifying GBPUSD
0	12:35:55.833	trend_dtrader XTIUSD,H1: Failed modifying GRTUSD
0	12:35:56.767	trend_dtrader XTIUSD,H1: Failed modifying ICPUSD
0	12:35:57.880	trend_dtrader XTIUSD,H1: Failed modifying IOTAUSD
0	12:35:58.694	trend_dtrader XTIUSD,H1: Failed modifying LINKUSD
0	12:35:59.694	trend_dtrader XTIUSD,H1: Failed modifying LRCUSD
0	12:36:00.697	trend_dtrader XTIUSD,H1: Failed modifying LTCUSD
0	12:36:01.886	trend_dtrader XTIUSD,H1: Failed modifying MANAUSD
0	12:36:02.694	trend_dtrader XTIUSD,H1: Failed modifying MATICUSD
0	12:36:03.694	trend_dtrader XTIUSD,H1: Failed modifying NEARUSD
0	12:36:04.696	trend_dtrader XTIUSD,H1: Failed modifying NZDUSD
0	12:36:05.866	trend_dtrader XTIUSD,H1: Failed modifying SOLUSD
0	12:36:06.781	trend_dtrader XTIUSD,H1: Failed modifying TRXUSD
0	12:36:07.882	trend_dtrader XTIUSD,H1: Failed modifying UNIUSD
0	12:36:09.088	trend_dtrader XTIUSD,H1: Failed modifying USDCAD
0	12:36:09.769	trend_dtrader XTIUSD,H1: Failed modifying USDCHF
0	12:36:10.747	trend_dtrader XTIUSD,H1: Failed modifying USDJPY
0	12:36:11.736	trend_dtrader XTIUSD,H1: Failed modifying USDMXN
0	12:36:12.818	trend_dtrader XTIUSD,H1: Failed modifying USDZAR
0	12:36:14.182	trend_dtrader XTIUSD,H1: Failed modifying XAGUSD
0	12:36:14.808	trend_dtrader XTIUSD,H1: Failed modifying XAUUSD
0	12:36:16.170	trend_dtrader XTIUSD,H1: Failed modifying XBRUSD
0	12:36:16.727	trend_dtrader XTIUSD,H1: Failed modifying XNGUSD
0	12:36:17.705	trend_dtrader XTIUSD,H1: Failed modifying XRPUSD
0	12:36:18.738	trend_dtrader XTIUSD,H1: Failed modifying XTIUSD
0	12:36:19.694	trend_dtrader XTIUSD,H1: Failed modifying AAVEUSD
0	12:36:20.743	trend_dtrader XTIUSD,H1: Failed modifying ADAUSD
0	12:36:21.915	trend_dtrader XTIUSD,H1: Failed modifying ALGOUSD
0	12:36:22.698	trend_dtrader XTIUSD,H1: Failed modifying ATOMUSD
0	12:36:23.773	trend_dtrader XTIUSD,H1: Failed modifying AUDUSD
0	12:36:25.037	trend_dtrader XTIUSD,H1: Failed modifying AVAXUSD
0	12:36:25.771	trend_dtrader XTIUSD,H1: Failed modifying AXSUSD
0	12:36:26.696	trend_dtrader XTIUSD,H1: Failed modifying BCHUSD
0	12:36:27.842	trend_dtrader XTIUSD,H1: Failed modifying BNBUSD
0	12:36:28.694	trend_dtrader XTIUSD,H1: Failed modifying BTCUSD
0	12:36:30.148	trend_dtrader XTIUSD,H1: Failed modifying DASHUSD
0	12:36:30.696	trend_dtrader XTIUSD,H1: Failed modifying DOGEUSD
0	12:36:32.490	trend_dtrader XTIUSD,H1: Failed modifying DOTUSD
0	12:36:33.712	trend_dtrader XTIUSD,H1: Failed modifying ETCUSD
0	12:36:34.694	trend_dtrader XTIUSD,H1: Failed modifying ETHUSD
0	12:36:35.835	trend_dtrader XTIUSD,H1: Failed modifying EURUSD
0	12:36:36.694	trend_dtrader XTIUSD,H1: Failed modifying FILUSD
0	12:36:37.838	trend_dtrader XTIUSD,H1: Failed modifying FTMUSD
0	12:36:38.754	trend_dtrader XTIUSD,H1: Failed modifying GBPUSD
0	12:36:39.697	trend_dtrader XTIUSD,H1: Failed modifying GRTUSD
0	12:36:40.700	trend_dtrader XTIUSD,H1: Failed modifying ICPUSD
0	12:36:42.005	trend_dtrader XTIUSD,H1: Failed modifying IOTAUSD
0	12:36:42.783	trend_dtrader XTIUSD,H1: Failed modifying LINKUSD
0	12:36:43.693	trend_dtrader XTIUSD,H1: Failed modifying LRCUSD
0	12:36:44.843	trend_dtrader XTIUSD,H1: Failed modifying LTCUSD
0	12:36:45.757	trend_dtrader XTIUSD,H1: Failed modifying MANAUSD
0	12:36:46.696	trend_dtrader XTIUSD,H1: Failed modifying MATICUSD
0	12:36:48.072	trend_dtrader XTIUSD,H1: Failed modifying NEARUSD
0	12:36:48.934	trend_dtrader XTIUSD,H1: Failed modifying NZDUSD
0	12:36:49.710	trend_dtrader XTIUSD,H1: Failed modifying SOLUSD
0	12:36:50.867	trend_dtrader XTIUSD,H1: Failed modifying TRXUSD
0	12:36:51.754	trend_dtrader XTIUSD,H1: Failed modifying UNIUSD
0	12:36:52.818	trend_dtrader XTIUSD,H1: Failed modifying USDCAD
0	12:36:54.280	trend_dtrader XTIUSD,H1: Failed modifying USDCHF
0	12:36:54.860	trend_dtrader XTIUSD,H1: Failed modifying USDJPY
0	12:36:55.694	trend_dtrader XTIUSD,H1: Failed modifying USDMXN
0	12:36:56.709	trend_dtrader XTIUSD,H1: Failed modifying USDZAR
0	12:36:57.697	trend_dtrader XTIUSD,H1: Failed modifying XAGUSD
0	12:36:58.706	trend_dtrader XTIUSD,H1: Failed modifying XAUUSD
0	12:36:59.742	trend_dtrader XTIUSD,H1: Failed modifying XBRUSD
0	12:37:00.781	trend_dtrader XTIUSD,H1: Failed modifying XNGUSD
0	12:37:01.873	trend_dtrader XTIUSD,H1: Failed modifying XRPUSD
0	12:37:02.795	trend_dtrader XTIUSD,H1: Failed modifying XTIUSD
0	12:37:03.738	trend_dtrader XTIUSD,H1: Failed modifying AAVEUSD
0	12:37:04.693	trend_dtrader XTIUSD,H1: Failed modifying ADAUSD
0	12:37:05.711	trend_dtrader XTIUSD,H1: Failed modifying ALGOUSD
0	12:37:06.822	trend_dtrader XTIUSD,H1: Failed modifying ATOMUSD
0	12:37:07.696	trend_dtrader XTIUSD,H1: Failed modifying AUDUSD
0	12:37:08.739	trend_dtrader XTIUSD,H1: Failed modifying AVAXUSD
0	12:37:09.694	trend_dtrader XTIUSD,H1: Failed modifying AXSUSD
0	12:37:10.759	trend_dtrader XTIUSD,H1: Failed modifying BCHUSD
0	12:37:11.757	trend_dtrader XTIUSD,H1: Failed modifying BNBUSD
0	12:37:12.693	trend_dtrader XTIUSD,H1: Failed modifying BTCUSD
0	12:37:13.693	trend_dtrader XTIUSD,H1: Failed modifying DASHUSD
0	12:37:14.696	trend_dtrader XTIUSD,H1: Failed modifying DOGEUSD
0	12:37:15.693	trend_dtrader XTIUSD,H1: Failed modifying DOTUSD
0	12:37:16.696	trend_dtrader XTIUSD,H1: Failed modifying ETCUSD
0	12:37:17.696	trend_dtrader XTIUSD,H1: Failed modifying ETHUSD
0	12:37:18.693	trend_dtrader XTIUSD,H1: Failed modifying EURUSD
0	12:37:19.721	trend_dtrader XTIUSD,H1: Failed modifying FILUSD
0	12:37:20.814	trend_dtrader XTIUSD,H1: Failed modifying FTMUSD
0	12:37:21.847	trend_dtrader XTIUSD,H1: Failed modifying GBPUSD
0	12:37:22.693	trend_dtrader XTIUSD,H1: Failed modifying GRTUSD
0	12:37:24.129	trend_dtrader XTIUSD,H1: Failed modifying ICPUSD
0	12:37:24.717	trend_dtrader XTIUSD,H1: Failed modifying IOTAUSD
0	12:37:25.755	trend_dtrader XTIUSD,H1: Failed modifying LINKUSD
0	12:37:26.692	trend_dtrader XTIUSD,H1: Failed modifying LRCUSD
0	12:37:27.714	trend_dtrader XTIUSD,H1: Failed modifying LTCUSD
0	12:37:28.693	trend_dtrader XTIUSD,H1: Failed modifying MANAUSD
0	12:37:29.697	trend_dtrader XTIUSD,H1: Failed modifying MATICUSD
0	12:37:30.788	trend_dtrader XTIUSD,H1: Failed modifying NEARUSD
0	12:37:31.693	trend_dtrader XTIUSD,H1: Failed modifying NZDUSD
0	12:37:32.692	trend_dtrader XTIUSD,H1: Failed modifying SOLUSD
0	12:37:33.693	trend_dtrader XTIUSD,H1: Failed modifying TRXUSD
0	12:37:34.697	trend_dtrader XTIUSD,H1: Failed modifying UNIUSD
0	12:37:35.725	trend_dtrader XTIUSD,H1: Failed modifying USDCAD
0	12:37:36.697	trend_dtrader XTIUSD,H1: Failed modifying USDCHF
0	12:37:37.769	trend_dtrader XTIUSD,H1: Failed modifying USDJPY
0	12:37:38.726	trend_dtrader XTIUSD,H1: Failed modifying USDMXN
0	12:37:39.695	trend_dtrader XTIUSD,H1: Failed modifying USDZAR
0	12:37:40.695	trend_dtrader XTIUSD,H1: Failed modifying XAGUSD
0	12:37:41.750	trend_dtrader XTIUSD,H1: Failed modifying XAUUSD
0	12:37:42.951	trend_dtrader XTIUSD,H1: Failed modifying XBRUSD
0	12:37:43.692	trend_dtrader XTIUSD,H1: Failed modifying XNGUSD
0	12:37:44.693	trend_dtrader XTIUSD,H1: Failed modifying XRPUSD
0	12:37:45.868	trend_dtrader XTIUSD,H1: Failed modifying XTIUSD
0	12:37:47.627	trend_dtrader XTIUSD,H1: Failed modifying AAVEUSD
0	12:37:47.693	trend_dtrader XTIUSD,H1: Failed modifying ADAUSD
0	12:37:48.692	trend_dtrader XTIUSD,H1: Failed modifying ALGOUSD
0	12:37:49.695	trend_dtrader XTIUSD,H1: Failed modifying ATOMUSD
0	12:37:50.693	trend_dtrader XTIUSD,H1: Failed modifying AUDUSD
0	12:37:51.731	trend_dtrader XTIUSD,H1: Failed modifying AVAXUSD
0	12:37:53.078	trend_dtrader XTIUSD,H1: Failed modifying AXSUSD
0	12:37:53.947	trend_dtrader XTIUSD,H1: Failed modifying BCHUSD
0	12:37:54.738	trend_dtrader XTIUSD,H1: Failed modifying BNBUSD
0	12:37:55.799	trend_dtrader XTIUSD,H1: Failed modifying BTCUSD
0	12:37:56.693	trend_dtrader XTIUSD,H1: Failed modifying DASHUSD
0	12:37:57.784	trend_dtrader XTIUSD,H1: Failed modifying DOGEUSD
0	12:37:58.693	trend_dtrader XTIUSD,H1: Failed modifying DOTUSD
0	12:37:59.695	trend_dtrader XTIUSD,H1: Failed modifying ETCUSD
0	12:38:00.692	trend_dtrader XTIUSD,H1: Failed modifying ETHUSD
0	12:38:01.692	trend_dtrader XTIUSD,H1: Failed modifying EURUSD
0	12:38:02.692	trend_dtrader XTIUSD,H1: Failed modifying FILUSD
0	12:38:03.693	trend_dtrader XTIUSD,H1: Failed modifying FTMUSD
0	12:38:04.694	trend_dtrader XTIUSD,H1: Failed modifying GBPUSD
0	12:38:05.691	trend_dtrader XTIUSD,H1: Failed modifying GRTUSD
0	12:38:06.695	trend_dtrader XTIUSD,H1: Failed modifying ICPUSD
0	12:38:07.692	trend_dtrader XTIUSD,H1: Failed modifying IOTAUSD
0	12:38:08.693	trend_dtrader XTIUSD,H1: Failed modifying LINKUSD
0	12:38:09.691	trend_dtrader XTIUSD,H1: Failed modifying LRCUSD
0	12:38:10.694	trend_dtrader XTIUSD,H1: Failed modifying LTCUSD
0	12:38:11.692	trend_dtrader XTIUSD,H1: Failed modifying MANAUSD
0	12:38:12.691	trend_dtrader XTIUSD,H1: Failed modifying MATICUSD
0	12:38:13.692	trend_dtrader XTIUSD,H1: Failed modifying NEARUSD
0	12:38:14.692	trend_dtrader XTIUSD,H1: Failed modifying NZDUSD
0	12:38:15.691	trend_dtrader XTIUSD,H1: Failed modifying SOLUSD
0	12:38:16.696	trend_dtrader XTIUSD,H1: Failed modifying TRXUSD
0	12:38:18.519	trend_dtrader XTIUSD,H1: Failed modifying UNIUSD
0	12:38:18.717	trend_dtrader XTIUSD,H1: Failed modifying USDCAD
0	12:38:19.949	trend_dtrader XTIUSD,H1: Failed modifying USDCHF
0	12:38:20.692	trend_dtrader XTIUSD,H1: Failed modifying USDJPY
0	12:38:22.044	trend_dtrader XTIUSD,H1: Failed modifying USDMXN
0	12:38:22.699	trend_dtrader XTIUSD,H1: Failed modifying USDZAR
0	12:38:23.716	trend_dtrader XTIUSD,H1: Failed modifying XAGUSD
0	12:38:24.753	trend_dtrader XTIUSD,H1: Failed modifying XAUUSD
0	12:38:25.740	trend_dtrader XTIUSD,H1: Failed modifying XBRUSD
0	12:38:26.691	trend_dtrader XTIUSD,H1: Failed modifying XNGUSD
0	12:38:27.708	trend_dtrader XTIUSD,H1: Failed modifying XRPUSD
0	12:38:28.695	trend_dtrader XTIUSD,H1: Failed modifying XTIUSD
0	12:38:29.692	trend_dtrader XTIUSD,H1: Failed modifying AAVEUSD
0	12:38:30.692	trend_dtrader XTIUSD,H1: Failed modifying ADAUSD
0	12:38:31.691	trend_dtrader XTIUSD,H1: Failed modifying ALGOUSD
0	12:38:32.696	trend_dtrader XTIUSD,H1: Failed modifying ATOMUSD
0	12:38:33.695	trend_dtrader XTIUSD,H1: Failed modifying AUDUSD
0	12:38:34.691	trend_dtrader XTIUSD,H1: Failed modifying AVAXUSD
0	12:38:35.691	trend_dtrader XTIUSD,H1: Failed modifying AXSUSD
0	12:38:36.799	trend_dtrader XTIUSD,H1: Failed modifying BCHUSD
0	12:38:37.692	trend_dtrader XTIUSD,H1: Failed modifying BNBUSD
0	12:38:38.753	trend_dtrader XTIUSD,H1: Failed modifying BTCUSD
0	12:38:39.692	trend_dtrader XTIUSD,H1: Failed modifying DASHUSD
0	12:38:40.720	trend_dtrader XTIUSD,H1: Failed modifying DOGEUSD
0	12:38:41.816	trend_dtrader XTIUSD,H1: Failed modifying DOTUSD
0	12:38:42.694	trend_dtrader XTIUSD,H1: Failed modifying ETCUSD
0	12:38:43.755	trend_dtrader XTIUSD,H1: Failed modifying ETHUSD
0	12:38:44.700	trend_dtrader XTIUSD,H1: Failed modifying EURUSD
0	12:38:45.691	trend_dtrader XTIUSD,H1: Failed modifying FILUSD
0	12:38:46.692	trend_dtrader XTIUSD,H1: Failed modifying FTMUSD
0	12:38:47.695	trend_dtrader XTIUSD,H1: Failed modifying GBPUSD
0	12:38:48.691	trend_dtrader XTIUSD,H1: Failed modifying GRTUSD
0	12:38:49.694	trend_dtrader XTIUSD,H1: Failed modifying ICPUSD
0	12:38:50.731	trend_dtrader XTIUSD,H1: Failed modifying IOTAUSD
0	12:38:51.691	trend_dtrader XTIUSD,H1: Failed modifying LINKUSD
0	12:38:52.690	trend_dtrader XTIUSD,H1: Failed modifying LRCUSD
0	12:38:53.710	trend_dtrader XTIUSD,H1: Failed modifying LTCUSD
0	12:38:54.709	trend_dtrader XTIUSD,H1: Failed modifying MANAUSD
0	12:38:55.691	trend_dtrader XTIUSD,H1: Failed modifying MATICUSD
0	12:38:56.979	trend_dtrader XTIUSD,H1: Failed modifying NEARUSD
0	12:38:57.693	trend_dtrader XTIUSD,H1: Failed modifying NZDUSD
0	12:38:58.908	trend_dtrader XTIUSD,H1: Failed modifying SOLUSD
0	12:38:59.860	trend_dtrader XTIUSD,H1: Failed modifying TRXUSD
0	12:39:00.743	trend_dtrader XTIUSD,H1: Failed modifying UNIUSD
0	12:39:01.692	trend_dtrader XTIUSD,H1: Failed modifying USDCAD
0	12:39:02.692	trend_dtrader XTIUSD,H1: Failed modifying USDCHF
0	12:39:03.697	trend_dtrader XTIUSD,H1: Failed modifying USDJPY
0	12:39:04.691	trend_dtrader XTIUSD,H1: Failed modifying USDMXN
0	12:39:05.693	trend_dtrader XTIUSD,H1: Failed modifying USDZAR
0	12:39:06.754	trend_dtrader XTIUSD,H1: Failed modifying XAGUSD
0	12:39:07.693	trend_dtrader XTIUSD,H1: Failed modifying XAUUSD
0	12:39:08.694	trend_dtrader XTIUSD,H1: Failed modifying XBRUSD
0	12:39:09.695	trend_dtrader XTIUSD,H1: Failed modifying XNGUSD
0	12:39:10.728	trend_dtrader XTIUSD,H1: Failed modifying XRPUSD
0	12:39:11.738	trend_dtrader XTIUSD,H1: Failed modifying XTIUSD
0	12:39:12.707	trend_dtrader XTIUSD,H1: Failed modifying AAVEUSD
0	12:39:13.745	trend_dtrader XTIUSD,H1: Failed modifying ADAUSD
0	12:39:14.691	trend_dtrader XTIUSD,H1: Failed modifying ALGOUSD
0	12:39:15.698	trend_dtrader XTIUSD,H1: Failed modifying ATOMUSD
0	12:39:16.695	trend_dtrader XTIUSD,H1: Failed modifying AUDUSD
0	12:39:17.691	trend_dtrader XTIUSD,H1: Failed modifying AVAXUSD
0	12:39:18.692	trend_dtrader XTIUSD,H1: Failed modifying AXSUSD
0	12:39:19.703	trend_dtrader XTIUSD,H1: Failed modifying BCHUSD
0	12:39:20.690	trend_dtrader XTIUSD,H1: Failed modifying BNBUSD
0	12:39:21.735	trend_dtrader XTIUSD,H1: Failed modifying BTCUSD
0	12:39:22.691	trend_dtrader XTIUSD,H1: Failed modifying DASHUSD
0	12:39:23.694	trend_dtrader XTIUSD,H1: Failed modifying DOGEUSD
0	12:39:24.691	trend_dtrader XTIUSD,H1: Failed modifying DOTUSD
0	12:39:25.694	trend_dtrader XTIUSD,H1: Failed modifying ETCUSD
0	12:39:26.691	trend_dtrader XTIUSD,H1: Failed modifying ETHUSD
0	12:39:27.693	trend_dtrader XTIUSD,H1: Failed modifying EURUSD
0	12:39:28.692	trend_dtrader XTIUSD,H1: Failed modifying FILUSD
0	12:39:29.727	trend_dtrader XTIUSD,H1: Failed modifying FTMUSD
0	12:39:30.693	trend_dtrader XTIUSD,H1: Failed modifying GBPUSD
0	12:39:31.691	trend_dtrader XTIUSD,H1: Failed modifying GRTUSD
0	12:39:32.697	trend_dtrader XTIUSD,H1: Failed modifying ICPUSD
0	12:39:33.794	trend_dtrader XTIUSD,H1: Failed modifying IOTAUSD
0	12:39:34.835	trend_dtrader XTIUSD,H1: Failed modifying LINKUSD
0	12:39:35.691	trend_dtrader XTIUSD,H1: Failed modifying LRCUSD
0	12:39:36.720	trend_dtrader XTIUSD,H1: Failed modifying LTCUSD
0	12:39:37.699	trend_dtrader XTIUSD,H1: Failed modifying MANAUSD
0	12:39:38.690	trend_dtrader XTIUSD,H1: Failed modifying MATICUSD
0	12:39:39.749	trend_dtrader XTIUSD,H1: Failed modifying NEARUSD
0	12:39:40.699	trend_dtrader XTIUSD,H1: Failed modifying NZDUSD
0	12:39:41.828	trend_dtrader XTIUSD,H1: Failed modifying SOLUSD
0	12:39:42.791	trend_dtrader XTIUSD,H1: Failed modifying TRXUSD
0	12:39:43.694	trend_dtrader XTIUSD,H1: Failed modifying UNIUSD
0	12:39:44.765	trend_dtrader XTIUSD,H1: Failed modifying USDCAD
0	12:39:45.696	trend_dtrader XTIUSD,H1: Failed modifying USDCHF
0	12:39:46.831	trend_dtrader XTIUSD,H1: Failed modifying USDJPY
0	12:39:47.741	trend_dtrader XTIUSD,H1: Failed modifying USDMXN
0	12:39:48.693	trend_dtrader XTIUSD,H1: Failed modifying USDZAR
0	12:39:49.692	trend_dtrader XTIUSD,H1: Failed modifying XAGUSD
0	12:39:50.773	trend_dtrader XTIUSD,H1: Failed modifying XAUUSD
0	12:39:51.814	trend_dtrader XTIUSD,H1: Failed modifying XBRUSD
0	12:39:52.689	trend_dtrader XTIUSD,H1: Failed modifying XNGUSD
0	12:39:53.690	trend_dtrader XTIUSD,H1: Failed modifying XRPUSD
0	12:39:54.693	trend_dtrader XTIUSD,H1: Failed modifying XTIUSD
0	12:39:55.690	trend_dtrader XTIUSD,H1: Failed modifying AAVEUSD
0	12:39:56.690	trend_dtrader XTIUSD,H1: Failed modifying ADAUSD
0	12:39:57.691	trend_dtrader XTIUSD,H1: Failed modifying ALGOUSD
0	12:39:58.693	trend_dtrader XTIUSD,H1: Failed modifying ATOMUSD
0	12:39:59.815	trend_dtrader XTIUSD,H1: Failed modifying AUDUSD
0	12:40:00.691	trend_dtrader XTIUSD,H1: Failed modifying AVAXUSD
0	12:40:01.690	trend_dtrader XTIUSD,H1: Failed modifying AXSUSD
0	12:40:02.693	trend_dtrader XTIUSD,H1: Failed modifying BCHUSD
0	12:40:03.835	trend_dtrader XTIUSD,H1: Failed modifying BNBUSD
0	12:40:04.881	trend_dtrader XTIUSD,H1: Failed modifying BTCUSD
0	12:40:05.690	trend_dtrader XTIUSD,H1: Failed modifying DASHUSD
0	12:40:06.692	trend_dtrader XTIUSD,H1: Failed modifying DOGEUSD
0	12:40:07.691	trend_dtrader XTIUSD,H1: Failed modifying DOTUSD
0	12:40:08.759	trend_dtrader XTIUSD,H1: Failed modifying ETCUSD
0	12:40:09.690	trend_dtrader XTIUSD,H1: Failed modifying ETHUSD
0	12:40:10.690	trend_dtrader XTIUSD,H1: Failed modifying EURUSD
0	12:40:11.690	trend_dtrader XTIUSD,H1: Failed modifying FILUSD
0	12:40:12.691	trend_dtrader XTIUSD,H1: Failed modifying FTMUSD
0	12:40:13.784	trend_dtrader XTIUSD,H1: Failed modifying GBPUSD
0	12:40:14.690	trend_dtrader XTIUSD,H1: Failed modifying GRTUSD
0	12:40:15.698	trend_dtrader XTIUSD,H1: Failed modifying ICPUSD
0	12:40:16.690	trend_dtrader XTIUSD,H1: Failed modifying IOTAUSD
0	12:40:17.809	trend_dtrader XTIUSD,H1: Failed modifying LINKUSD
0	12:40:18.720	trend_dtrader XTIUSD,H1: Failed modifying LRCUSD
0	12:40:19.935	trend_dtrader XTIUSD,H1: Failed modifying LTCUSD
0	12:40:20.689	trend_dtrader XTIUSD,H1: Failed modifying MANAUSD
0	12:40:21.690	trend_dtrader XTIUSD,H1: Failed modifying MATICUSD
0	12:40:22.726	trend_dtrader XTIUSD,H1: Failed modifying NEARUSD
0	12:40:23.691	trend_dtrader XTIUSD,H1: Failed modifying NZDUSD
0	12:40:24.691	trend_dtrader XTIUSD,H1: Failed modifying SOLUSD
0	12:40:25.759	trend_dtrader XTIUSD,H1: Failed modifying TRXUSD
0	12:40:26.694	trend_dtrader XTIUSD,H1: Failed modifying UNIUSD
0	12:40:27.818	trend_dtrader XTIUSD,H1: Failed modifying USDCAD
0	12:40:28.689	trend_dtrader XTIUSD,H1: Failed modifying USDCHF
0	12:40:29.730	trend_dtrader XTIUSD,H1: Failed modifying USDJPY
0	12:40:30.690	trend_dtrader XTIUSD,H1: Failed modifying USDMXN
0	12:40:31.709	trend_dtrader XTIUSD,H1: Failed modifying USDZAR
0	12:40:32.733	trend_dtrader XTIUSD,H1: Failed modifying XAGUSD
0	12:40:33.693	trend_dtrader XTIUSD,H1: Failed modifying XAUUSD
0	12:40:34.697	trend_dtrader XTIUSD,H1: Failed modifying XBRUSD
0	12:40:35.687	trend_dtrader XTIUSD,H1: Failed modifying XNGUSD
0	12:40:36.692	trend_dtrader XTIUSD,H1: Failed modifying XRPUSD
0	12:40:37.877	trend_dtrader XTIUSD,H1: Failed modifying XTIUSD
0	12:40:38.691	trend_dtrader XTIUSD,H1: Failed modifying AAVEUSD
0	12:40:39.690	trend_dtrader XTIUSD,H1: Failed modifying ADAUSD
0	12:40:40.690	trend_dtrader XTIUSD,H1: Failed modifying ALGOUSD
0	12:40:41.697	trend_dtrader XTIUSD,H1: Failed modifying ATOMUSD
0	12:40:42.707	trend_dtrader XTIUSD,H1: Failed modifying AUDUSD
0	12:40:43.691	trend_dtrader XTIUSD,H1: Failed modifying AVAXUSD
0	12:40:44.690	trend_dtrader XTIUSD,H1: Failed modifying AXSUSD
0	12:40:45.700	trend_dtrader XTIUSD,H1: Failed modifying BCHUSD
0	12:40:46.689	trend_dtrader XTIUSD,H1: Failed modifying BNBUSD
0	12:40:48.132	trend_dtrader XTIUSD,H1: Failed modifying BTCUSD
0	12:40:48.754	trend_dtrader XTIUSD,H1: Failed modifying DASHUSD
0	12:40:49.692	trend_dtrader XTIUSD,H1: Failed modifying DOGEUSD
0	12:40:50.689	trend_dtrader XTIUSD,H1: Failed modifying DOTUSD
0	12:40:51.891	trend_dtrader XTIUSD,H1: Failed modifying ETCUSD
0	12:40:52.689	trend_dtrader XTIUSD,H1: Failed modifying ETHUSD
0	12:40:53.689	trend_dtrader XTIUSD,H1: Failed modifying EURUSD
0	12:40:54.689	trend_dtrader XTIUSD,H1: Failed modifying FILUSD
0	12:40:55.882	trend_dtrader XTIUSD,H1: Failed modifying FTMUSD
0	12:40:56.693	trend_dtrader XTIUSD,H1: Failed modifying GBPUSD
0	12:40:57.774	trend_dtrader XTIUSD,H1: Failed modifying GRTUSD
0	12:40:58.741	trend_dtrader XTIUSD,H1: Failed modifying ICPUSD
0	12:40:59.710	trend_dtrader XTIUSD,H1: Failed modifying IOTAUSD
0	12:41:00.690	trend_dtrader XTIUSD,H1: Failed modifying LINKUSD
0	12:41:01.826	trend_dtrader XTIUSD,H1: Failed modifying LRCUSD
0	12:41:02.692	trend_dtrader XTIUSD,H1: Failed modifying LTCUSD
0	12:41:03.815	trend_dtrader XTIUSD,H1: Failed modifying MANAUSD
0	12:41:04.690	trend_dtrader XTIUSD,H1: Failed modifying MATICUSD
0	12:41:05.689	trend_dtrader XTIUSD,H1: Failed modifying NEARUSD
0	12:41:06.690	trend_dtrader XTIUSD,H1: Failed modifying NZDUSD
0	12:41:07.689	trend_dtrader XTIUSD,H1: Failed modifying SOLUSD
0	12:41:08.827	trend_dtrader XTIUSD,H1: Failed modifying TRXUSD
0	12:41:09.715	trend_dtrader XTIUSD,H1: Failed modifying UNIUSD
0	12:41:10.690	trend_dtrader XTIUSD,H1: Failed modifying USDCAD
0	12:41:11.717	trend_dtrader XTIUSD,H1: Failed modifying USDCHF
0	12:41:12.690	trend_dtrader XTIUSD,H1: Failed modifying USDJPY
0	12:41:13.689	trend_dtrader XTIUSD,H1: Failed modifying USDMXN
0	12:41:14.692	trend_dtrader XTIUSD,H1: Failed modifying USDZAR
0	12:41:15.941	trend_dtrader XTIUSD,H1: Failed modifying XAGUSD
0	12:41:16.692	trend_dtrader XTIUSD,H1: Failed modifying XAUUSD
0	12:41:17.693	trend_dtrader XTIUSD,H1: Failed modifying XBRUSD
0	12:41:18.689	trend_dtrader XTIUSD,H1: Failed modifying XNGUSD
0	12:41:19.689	trend_dtrader XTIUSD,H1: Failed modifying XRPUSD
0	12:41:20.692	trend_dtrader XTIUSD,H1: Failed modifying XTIUSD
0	12:41:21.691	trend_dtrader XTIUSD,H1: Failed modifying AAVEUSD
0	12:41:22.690	trend_dtrader XTIUSD,H1: Failed modifying ADAUSD
0	12:41:23.688	trend_dtrader XTIUSD,H1: Failed modifying ALGOUSD
0	12:41:24.692	trend_dtrader XTIUSD,H1: Failed modifying ATOMUSD
0	12:41:25.732	trend_dtrader XTIUSD,H1: Failed modifying AUDUSD
0	12:41:26.690	trend_dtrader XTIUSD,H1: Failed modifying AVAXUSD
0	12:41:27.690	trend_dtrader XTIUSD,H1: Failed modifying AXSUSD
0	12:41:28.692	trend_dtrader XTIUSD,H1: Failed modifying BCHUSD
0	12:41:29.690	trend_dtrader XTIUSD,H1: Failed modifying BNBUSD
0	12:41:30.795	trend_dtrader XTIUSD,H1: Failed modifying BTCUSD
0	12:41:31.742	trend_dtrader XTIUSD,H1: Failed modifying DASHUSD
0	12:41:32.691	trend_dtrader XTIUSD,H1: Failed modifying DOGEUSD
0	12:41:33.689	trend_dtrader XTIUSD,H1: Failed modifying DOTUSD
0	12:41:34.692	trend_dtrader XTIUSD,H1: Failed modifying ETCUSD
0	12:41:35.764	trend_dtrader XTIUSD,H1: Failed modifying ETHUSD
0	12:41:36.688	trend_dtrader XTIUSD,H1: Failed modifying EURUSD
0	12:41:37.689	trend_dtrader XTIUSD,H1: Failed modifying FILUSD
0	12:41:38.830	trend_dtrader XTIUSD,H1: Failed modifying FTMUSD
0	12:41:39.691	trend_dtrader XTIUSD,H1: Failed modifying GBPUSD
0	12:41:40.689	trend_dtrader XTIUSD,H1: Failed modifying GRTUSD
0	12:41:41.692	trend_dtrader XTIUSD,H1: Failed modifying ICPUSD
0	12:41:42.689	trend_dtrader XTIUSD,H1: Failed modifying IOTAUSD
0	12:41:43.689	trend_dtrader XTIUSD,H1: Failed modifying LINKUSD
0	12:41:44.874	trend_dtrader XTIUSD,H1: Failed modifying LRCUSD
0	12:41:45.896	trend_dtrader XTIUSD,H1: Failed modifying LTCUSD
0	12:41:46.689	trend_dtrader XTIUSD,H1: Failed modifying MANAUSD
0	12:41:47.796	trend_dtrader XTIUSD,H1: Failed modifying MATICUSD
0	12:41:48.755	trend_dtrader XTIUSD,H1: Failed modifying NEARUSD
0	12:41:49.689	trend_dtrader XTIUSD,H1: Failed modifying NZDUSD
0	12:41:50.845	trend_dtrader XTIUSD,H1: Failed modifying SOLUSD
0	12:41:51.692	trend_dtrader XTIUSD,H1: Failed modifying TRXUSD
0	12:41:52.692	trend_dtrader XTIUSD,H1: Failed modifying UNIUSD
0	12:41:53.853	trend_dtrader XTIUSD,H1: Failed modifying USDCAD
0	12:41:54.689	trend_dtrader XTIUSD,H1: Failed modifying USDCHF
0	12:41:55.717	trend_dtrader XTIUSD,H1: Failed modifying USDJPY
0	12:41:56.689	trend_dtrader XTIUSD,H1: Failed modifying USDMXN
0	12:41:57.697	trend_dtrader XTIUSD,H1: Failed modifying USDZAR
0	12:41:58.691	trend_dtrader XTIUSD,H1: Failed modifying XAGUSD
0	12:41:59.692	trend_dtrader XTIUSD,H1: Failed modifying XAUUSD
0	12:42:00.691	trend_dtrader XTIUSD,H1: Failed modifying XBRUSD
0	12:42:01.720	trend_dtrader XTIUSD,H1: Failed modifying XNGUSD
0	12:42:02.689	trend_dtrader XTIUSD,H1: Failed modifying XRPUSD
0	12:42:03.761	trend_dtrader XTIUSD,H1: Failed modifying XTIUSD
0	12:42:04.812	trend_dtrader XTIUSD,H1: Failed modifying AAVEUSD
0	12:42:05.688	trend_dtrader XTIUSD,H1: Failed modifying ADAUSD
0	12:42:06.712	trend_dtrader XTIUSD,H1: Failed modifying ALGOUSD
0	12:42:07.906	trend_dtrader XTIUSD,H1: Failed modifying ATOMUSD
0	12:42:08.691	trend_dtrader XTIUSD,H1: Failed modifying AUDUSD
0	12:42:09.689	trend_dtrader XTIUSD,H1: Failed modifying AVAXUSD
0	12:42:10.689	trend_dtrader XTIUSD,H1: Failed modifying AXSUSD
0	12:42:11.691	trend_dtrader XTIUSD,H1: Failed modifying BCHUSD
0	12:42:12.689	trend_dtrader XTIUSD,H1: Failed modifying BNBUSD
0	12:42:13.692	trend_dtrader XTIUSD,H1: Failed modifying BTCUSD
0	12:42:14.691	trend_dtrader XTIUSD,H1: Failed modifying DASHUSD
0	12:42:15.696	trend_dtrader XTIUSD,H1: Failed modifying DOGEUSD
0	12:42:16.888	trend_dtrader XTIUSD,H1: Failed modifying DOTUSD
0	12:42:17.691	trend_dtrader XTIUSD,H1: Failed modifying ETCUSD
0	12:42:18.688	trend_dtrader XTIUSD,H1: Failed modifying ETHUSD
0	12:42:19.689	trend_dtrader XTIUSD,H1: Failed modifying EURUSD
0	12:42:20.784	trend_dtrader XTIUSD,H1: Failed modifying FILUSD
0	12:42:21.688	trend_dtrader XTIUSD,H1: Failed modifying FTMUSD
0	12:42:22.692	trend_dtrader XTIUSD,H1: Failed modifying GBPUSD
0	12:42:23.688	trend_dtrader XTIUSD,H1: Failed modifying GRTUSD
0	12:42:24.751	trend_dtrader XTIUSD,H1: Failed modifying ICPUSD
0	12:42:25.688	trend_dtrader XTIUSD,H1: Failed modifying IOTAUSD
0	12:42:26.765	trend_dtrader XTIUSD,H1: Failed modifying LINKUSD
0	12:42:27.688	trend_dtrader XTIUSD,H1: Failed modifying LRCUSD
0	12:42:28.692	trend_dtrader XTIUSD,H1: Failed modifying LTCUSD
0	12:42:29.688	trend_dtrader XTIUSD,H1: Failed modifying MANAUSD
0	12:42:30.891	trend_dtrader XTIUSD,H1: Failed modifying MATICUSD
0	12:42:31.688	trend_dtrader XTIUSD,H1: Failed modifying NEARUSD
0	12:42:32.688	trend_dtrader XTIUSD,H1: Failed modifying NZDUSD
0	12:42:33.687	trend_dtrader XTIUSD,H1: Failed modifying SOLUSD
0	12:42:34.821	trend_dtrader XTIUSD,H1: Failed modifying TRXUSD
0	12:42:35.691	trend_dtrader XTIUSD,H1: Failed modifying UNIUSD
0	12:42:36.689	trend_dtrader XTIUSD,H1: Failed modifying USDCAD
0	12:42:37.688	trend_dtrader XTIUSD,H1: Failed modifying USDCHF
0	12:42:38.688	trend_dtrader XTIUSD,H1: Failed modifying USDJPY
0	12:42:39.708	trend_dtrader XTIUSD,H1: Failed modifying USDMXN
0	12:42:40.690	trend_dtrader XTIUSD,H1: Failed modifying USDZAR
0	12:42:41.690	trend_dtrader XTIUSD,H1: Failed modifying XAGUSD
0	12:42:42.691	trend_dtrader XTIUSD,H1: Failed modifying XAUUSD
0	12:42:43.691	trend_dtrader XTIUSD,H1: Failed modifying XBRUSD
0	12:42:44.687	trend_dtrader XTIUSD,H1: Failed modifying XNGUSD
0	12:42:45.690	trend_dtrader XTIUSD,H1: Failed modifying XRPUSD
0	12:42:46.772	trend_dtrader XTIUSD,H1: Failed modifying XTIUSD
0	12:42:47.688	trend_dtrader XTIUSD,H1: Failed modifying AAVEUSD
0	12:42:48.688	trend_dtrader XTIUSD,H1: Failed modifying ADAUSD
0	12:42:49.687	trend_dtrader XTIUSD,H1: Failed modifying ALGOUSD
0	12:42:50.690	trend_dtrader XTIUSD,H1: Failed modifying ATOMUSD
0	12:42:51.691	trend_dtrader XTIUSD,H1: Failed modifying AUDUSD
0	12:42:53.148	trend_dtrader XTIUSD,H1: Failed modifying AVAXUSD
0	12:42:53.740	trend_dtrader XTIUSD,H1: Failed modifying AXSUSD
0	12:42:54.691	trend_dtrader XTIUSD,H1: Failed modifying BCHUSD
0	12:42:55.760	trend_dtrader XTIUSD,H1: Failed modifying BNBUSD
0	12:42:56.687	trend_dtrader XTIUSD,H1: Failed modifying BTCUSD
0	12:42:57.687	trend_dtrader XTIUSD,H1: Failed modifying DASHUSD
0	12:42:58.690	trend_dtrader XTIUSD,H1: Failed modifying DOGEUSD
0	12:42:59.798	trend_dtrader XTIUSD,H1: Failed modifying DOTUSD
0	12:43:00.704	trend_dtrader XTIUSD,H1: Failed modifying ETCUSD
0	12:43:01.715	trend_dtrader XTIUSD,H1: Failed modifying ETHUSD
0	12:43:02.688	trend_dtrader XTIUSD,H1: Failed modifying EURUSD
0	12:43:03.687	trend_dtrader XTIUSD,H1: Failed modifying FILUSD
0	12:43:04.688	trend_dtrader XTIUSD,H1: Failed modifying FTMUSD
0	12:43:05.690	trend_dtrader XTIUSD,H1: Failed modifying GBPUSD
0	12:43:06.687	trend_dtrader XTIUSD,H1: Failed modifying GRTUSD
0	12:43:07.691	trend_dtrader XTIUSD,H1: Failed modifying ICPUSD
0	12:43:08.688	trend_dtrader XTIUSD,H1: Failed modifying IOTAUSD
0	12:43:09.824	trend_dtrader XTIUSD,H1: Failed modifying LINKUSD
0	12:43:10.688	trend_dtrader XTIUSD,H1: Failed modifying LRCUSD
0	12:43:11.689	trend_dtrader XTIUSD,H1: Failed modifying LTCUSD
0	12:43:12.687	trend_dtrader XTIUSD,H1: Failed modifying MANAUSD
0	12:43:13.791	trend_dtrader XTIUSD,H1: Failed modifying MATICUSD
0	12:43:14.686	trend_dtrader XTIUSD,H1: Failed modifying NEARUSD
0	12:43:15.689	trend_dtrader XTIUSD,H1: Failed modifying NZDUSD
0	12:43:16.709	trend_dtrader XTIUSD,H1: Failed modifying SOLUSD
0	12:43:17.696	trend_dtrader XTIUSD,H1: Failed modifying TRXUSD
0	12:43:18.810	trend_dtrader XTIUSD,H1: Failed modifying UNIUSD
0	12:43:19.699	trend_dtrader XTIUSD,H1: Failed modifying USDCAD
0	12:43:20.828	trend_dtrader XTIUSD,H1: Failed modifying USDCHF
0	12:43:21.687	trend_dtrader XTIUSD,H1: Failed modifying USDJPY
0	12:43:22.687	trend_dtrader XTIUSD,H1: Failed modifying USDMXN
0	12:43:23.938	trend_dtrader XTIUSD,H1: Failed modifying USDZAR
0	12:43:24.812	trend_dtrader XTIUSD,H1: Failed modifying XAGUSD
0	12:43:25.719	trend_dtrader XTIUSD,H1: Failed modifying XAUUSD
0	12:43:26.690	trend_dtrader XTIUSD,H1: Failed modifying XBRUSD
0	12:43:27.684	trend_dtrader XTIUSD,H1: Failed modifying XNGUSD
0	12:43:28.688	trend_dtrader XTIUSD,H1: Failed modifying XRPUSD
0	12:43:29.690	trend_dtrader XTIUSD,H1: Failed modifying XTIUSD
0	12:43:30.688	trend_dtrader XTIUSD,H1: Failed modifying AAVEUSD
0	12:43:31.687	trend_dtrader XTIUSD,H1: Failed modifying ADAUSD
0	12:43:32.686	trend_dtrader XTIUSD,H1: Failed modifying ALGOUSD
0	12:43:34.115	trend_dtrader XTIUSD,H1: Failed modifying ATOMUSD
0	12:43:34.690	trend_dtrader XTIUSD,H1: Failed modifying AUDUSD
0	12:43:35.687	trend_dtrader XTIUSD,H1: Failed modifying AVAXUSD
0	12:43:36.781	trend_dtrader XTIUSD,H1: Failed modifying AXSUSD
0	12:43:37.689	trend_dtrader XTIUSD,H1: Failed modifying BCHUSD
0	12:43:38.687	trend_dtrader XTIUSD,H1: Failed modifying BNBUSD
0	12:43:39.703	trend_dtrader XTIUSD,H1: Failed modifying BTCUSD
0	12:43:40.687	trend_dtrader XTIUSD,H1: Failed modifying DASHUSD
0	12:43:41.717	trend_dtrader XTIUSD,H1: Failed modifying DOGEUSD
0	12:43:42.709	trend_dtrader XTIUSD,H1: Failed modifying DOTUSD
0	12:43:43.824	trend_dtrader XTIUSD,H1: Failed modifying ETCUSD
0	12:43:44.687	trend_dtrader XTIUSD,H1: Failed modifying ETHUSD
0	12:43:45.687	trend_dtrader XTIUSD,H1: Failed modifying EURUSD
0	12:43:46.688	trend_dtrader XTIUSD,H1: Failed modifying FILUSD
0	12:43:47.688	trend_dtrader XTIUSD,H1: Failed modifying FTMUSD
0	12:43:48.772	trend_dtrader XTIUSD,H1: Failed modifying GBPUSD
0	12:43:49.687	trend_dtrader XTIUSD,H1: Failed modifying GRTUSD
0	12:43:50.773	trend_dtrader XTIUSD,H1: Failed modifying ICPUSD
0	12:43:51.687	trend_dtrader XTIUSD,H1: Failed modifying IOTAUSD
0	12:43:52.687	trend_dtrader XTIUSD,H1: Failed modifying LINKUSD
0	12:43:53.823	trend_dtrader XTIUSD,H1: Failed modifying LRCUSD
0	12:43:54.787	trend_dtrader XTIUSD,H1: Failed modifying LTCUSD
0	12:43:55.687	trend_dtrader XTIUSD,H1: Failed modifying MANAUSD
0	12:43:56.687	trend_dtrader XTIUSD,H1: Failed modifying MATICUSD
0	12:43:57.687	trend_dtrader XTIUSD,H1: Failed modifying NEARUSD
0	12:43:58.688	trend_dtrader XTIUSD,H1: Failed modifying NZDUSD
0	12:43:59.688	trend_dtrader XTIUSD,H1: Failed modifying SOLUSD
0	12:44:00.685	trend_dtrader XTIUSD,H1: Failed modifying TRXUSD
0	12:44:01.853	trend_dtrader XTIUSD,H1: Failed modifying UNIUSD
0	12:44:02.687	trend_dtrader XTIUSD,H1: Failed modifying USDCAD
0	12:44:03.813	trend_dtrader XTIUSD,H1: Failed modifying USDCHF
0	12:44:04.687	trend_dtrader XTIUSD,H1: Failed modifying USDJPY
0	12:44:05.687	trend_dtrader XTIUSD,H1: Failed modifying USDMXN
0	12:44:06.869	trend_dtrader XTIUSD,H1: Failed modifying USDZAR
0	12:44:07.689	trend_dtrader XTIUSD,H1: Failed modifying XAGUSD
0	12:44:08.938	trend_dtrader XTIUSD,H1: Failed modifying XAUUSD
0	12:44:09.690	trend_dtrader XTIUSD,H1: Failed modifying XBRUSD
0	12:44:10.686	trend_dtrader XTIUSD,H1: Failed modifying XNGUSD
0	12:44:11.685	trend_dtrader XTIUSD,H1: Failed modifying XRPUSD
0	12:44:12.690	trend_dtrader XTIUSD,H1: Failed modifying XTIUSD
0	12:44:13.920	trend_dtrader XTIUSD,H1: Failed modifying AAVEUSD
0	12:44:14.819	trend_dtrader XTIUSD,H1: Failed modifying ADAUSD
0	12:44:15.971	trend_dtrader XTIUSD,H1: Failed modifying ALGOUSD
0	12:44:16.690	trend_dtrader XTIUSD,H1: Failed modifying ATOMUSD
0	12:44:17.690	trend_dtrader XTIUSD,H1: Failed modifying AUDUSD
0	12:44:18.758	trend_dtrader XTIUSD,H1: Failed modifying AVAXUSD
0	12:44:19.863	trend_dtrader XTIUSD,H1: Failed modifying AXSUSD
0	12:44:20.689	trend_dtrader XTIUSD,H1: Failed modifying BCHUSD
0	12:44:21.686	trend_dtrader XTIUSD,H1: Failed modifying BNBUSD
0	12:44:22.687	trend_dtrader XTIUSD,H1: Failed modifying BTCUSD
0	12:44:23.686	trend_dtrader XTIUSD,H1: Failed modifying DASHUSD
0	12:44:24.689	trend_dtrader XTIUSD,H1: Failed modifying DOGEUSD
0	12:44:25.686	trend_dtrader XTIUSD,H1: Failed modifying DOTUSD
0	12:44:26.689	trend_dtrader XTIUSD,H1: Failed modifying ETCUSD
0	12:44:27.786	trend_dtrader XTIUSD,H1: Failed modifying ETHUSD
0	12:44:28.716	trend_dtrader XTIUSD,H1: Failed modifying EURUSD
0	12:44:29.722	trend_dtrader XTIUSD,H1: Failed modifying FILUSD
0	12:44:30.688	trend_dtrader XTIUSD,H1: Failed modifying FTMUSD
0	12:44:31.689	trend_dtrader XTIUSD,H1: Failed modifying GBPUSD
0	12:44:32.686	trend_dtrader XTIUSD,H1: Failed modifying GRTUSD
0	12:44:33.810	trend_dtrader XTIUSD,H1: Failed modifying ICPUSD
0	12:44:34.686	trend_dtrader XTIUSD,H1: Failed modifying IOTAUSD
0	12:44:35.687	trend_dtrader XTIUSD,H1: Failed modifying LINKUSD
0	12:44:36.686	trend_dtrader XTIUSD,H1: Failed modifying LRCUSD
0	12:44:37.853	trend_dtrader XTIUSD,H1: Failed modifying LTCUSD
0	12:44:38.686	trend_dtrader XTIUSD,H1: Failed modifying MANAUSD
0	12:44:39.686	trend_dtrader XTIUSD,H1: Failed modifying MATICUSD
0	12:44:40.686	trend_dtrader XTIUSD,H1: Failed modifying NEARUSD
0	12:44:41.687	trend_dtrader XTIUSD,H1: Failed modifying NZDUSD
0	12:44:42.686	trend_dtrader XTIUSD,H1: Failed modifying SOLUSD
0	12:44:43.774	trend_dtrader XTIUSD,H1: Failed modifying TRXUSD
0	12:44:44.688	trend_dtrader XTIUSD,H1: Failed modifying UNIUSD
0	12:44:45.687	trend_dtrader XTIUSD,H1: Failed modifying USDCAD
0	12:44:46.733	trend_dtrader XTIUSD,H1: Failed modifying USDCHF
0	12:44:47.904	trend_dtrader XTIUSD,H1: Failed modifying USDJPY
0	12:44:48.686	trend_dtrader XTIUSD,H1: Failed modifying USDMXN
0	12:44:49.690	trend_dtrader XTIUSD,H1: Failed modifying USDZAR
0	12:44:50.702	trend_dtrader XTIUSD,H1: Failed modifying XAGUSD
0	12:44:51.700	trend_dtrader XTIUSD,H1: Failed modifying XAUUSD
0	12:44:52.689	trend_dtrader XTIUSD,H1: Failed modifying XBRUSD
0	12:44:53.686	trend_dtrader XTIUSD,H1: Failed modifying XNGUSD
0	12:44:54.686	trend_dtrader XTIUSD,H1: Failed modifying XRPUSD
0	12:44:55.689	trend_dtrader XTIUSD,H1: Failed modifying XTIUSD
0	12:44:56.686	trend_dtrader XTIUSD,H1: Failed modifying AAVEUSD
0	12:44:57.686	trend_dtrader XTIUSD,H1: Failed modifying ADAUSD
0	12:44:58.809	trend_dtrader XTIUSD,H1: Failed modifying ALGOUSD
0	12:44:59.689	trend_dtrader XTIUSD,H1: Failed modifying ATOMUSD
0	12:45:00.776	trend_dtrader XTIUSD,H1: Failed modifying AUDUSD
0	12:45:01.698	trend_dtrader XTIUSD,H1: Failed modifying AVAXUSD
0	12:45:02.687	trend_dtrader XTIUSD,H1: Failed modifying AXSUSD
0	12:45:03.976	trend_dtrader XTIUSD,H1: Failed modifying BCHUSD
0	12:45:04.696	trend_dtrader XTIUSD,H1: Failed modifying BNBUSD
0	12:45:05.976	trend_dtrader XTIUSD,H1: Failed modifying BTCUSD
0	12:45:06.687	trend_dtrader XTIUSD,H1: Failed modifying DASHUSD
0	12:45:07.689	trend_dtrader XTIUSD,H1: Failed modifying DOGEUSD
0	12:45:08.686	trend_dtrader XTIUSD,H1: Failed modifying DOTUSD
0	12:45:09.689	trend_dtrader XTIUSD,H1: Failed modifying ETCUSD
0	12:45:10.686	trend_dtrader XTIUSD,H1: Failed modifying ETHUSD
0	12:45:11.686	trend_dtrader XTIUSD,H1: Failed modifying EURUSD
0	12:45:12.788	trend_dtrader XTIUSD,H1: Failed modifying FILUSD
0	12:45:13.687	trend_dtrader XTIUSD,H1: Failed modifying FTMUSD
0	12:45:14.842	trend_dtrader XTIUSD,H1: Failed modifying GBPUSD
0	12:45:15.845	trend_dtrader XTIUSD,H1: Failed modifying GRTUSD
0	12:45:16.709	trend_dtrader XTIUSD,H1: Failed modifying ICPUSD
0	12:45:17.688	trend_dtrader XTIUSD,H1: Failed modifying IOTAUSD
0	12:45:18.687	trend_dtrader XTIUSD,H1: Failed modifying LINKUSD
0	12:45:19.686	trend_dtrader XTIUSD,H1: Failed modifying LRCUSD
0	12:45:20.689	trend_dtrader XTIUSD,H1: Failed modifying LTCUSD
0	12:45:21.686	trend_dtrader XTIUSD,H1: Failed modifying MANAUSD
0	12:45:23.156	trend_dtrader XTIUSD,H1: Failed modifying MATICUSD
0	12:45:23.686	trend_dtrader XTIUSD,H1: Failed modifying NEARUSD
0	12:45:24.686	trend_dtrader XTIUSD,H1: Failed modifying NZDUSD
0	12:45:25.829	trend_dtrader XTIUSD,H1: Failed modifying SOLUSD
0	12:45:26.794	trend_dtrader XTIUSD,H1: Failed modifying TRXUSD
0	12:45:27.689	trend_dtrader XTIUSD,H1: Failed modifying UNIUSD
0	12:45:28.686	trend_dtrader XTIUSD,H1: Failed modifying USDCAD
0	12:45:29.686	trend_dtrader XTIUSD,H1: Failed modifying USDCHF
0	12:45:30.686	trend_dtrader XTIUSD,H1: Failed modifying USDJPY
0	12:45:31.687	trend_dtrader XTIUSD,H1: Failed modifying USDMXN
0	12:45:32.821	trend_dtrader XTIUSD,H1: Failed modifying USDZAR
0	12:45:33.689	trend_dtrader XTIUSD,H1: Failed modifying XAGUSD
0	12:45:34.688	trend_dtrader XTIUSD,H1: Failed modifying XAUUSD
0	12:45:35.690	trend_dtrader XTIUSD,H1: Failed modifying XBRUSD
0	12:45:36.686	trend_dtrader XTIUSD,H1: Failed modifying XNGUSD
0	12:45:37.684	trend_dtrader XTIUSD,H1: Failed modifying XRPUSD
0	12:45:38.696	trend_dtrader XTIUSD,H1: Failed modifying XTIUSD
0	12:45:39.703	trend_dtrader XTIUSD,H1: Failed modifying AAVEUSD
0	12:45:40.734	trend_dtrader XTIUSD,H1: Failed modifying ADAUSD
0	12:45:41.781	trend_dtrader XTIUSD,H1: Failed modifying ALGOUSD
0	12:45:42.688	trend_dtrader XTIUSD,H1: Failed modifying ATOMUSD
0	12:45:43.690	trend_dtrader XTIUSD,H1: Failed modifying AUDUSD
0	12:45:44.748	trend_dtrader XTIUSD,H1: Failed modifying AVAXUSD
0	12:45:45.686	trend_dtrader XTIUSD,H1: Failed modifying AXSUSD
0	12:45:46.803	trend_dtrader XTIUSD,H1: Failed modifying BCHUSD
0	12:45:47.693	trend_dtrader XTIUSD,H1: Failed modifying BNBUSD
0	12:45:48.958	trend_dtrader XTIUSD,H1: Failed modifying BTCUSD
0	12:45:49.686	trend_dtrader XTIUSD,H1: Failed modifying DASHUSD
0	12:45:50.688	trend_dtrader XTIUSD,H1: Failed modifying DOGEUSD
0	12:45:51.685	trend_dtrader XTIUSD,H1: Failed modifying DOTUSD
0	12:45:52.827	trend_dtrader XTIUSD,H1: Failed modifying ETCUSD
0	12:45:53.685	trend_dtrader XTIUSD,H1: Failed modifying ETHUSD
0	12:45:54.685	trend_dtrader XTIUSD,H1: Failed modifying EURUSD
0	12:45:55.686	trend_dtrader XTIUSD,H1: Failed modifying FILUSD
0	12:45:56.749	trend_dtrader XTIUSD,H1: Failed modifying FTMUSD
0	12:45:57.704	trend_dtrader XTIUSD,H1: Failed modifying GBPUSD
0	12:45:58.685	trend_dtrader XTIUSD,H1: Failed modifying GRTUSD
0	12:45:59.689	trend_dtrader XTIUSD,H1: Failed modifying ICPUSD
0	12:46:00.685	trend_dtrader XTIUSD,H1: Failed modifying IOTAUSD
0	12:46:02.009	trend_dtrader XTIUSD,H1: Failed modifying LINKUSD
0	12:46:02.686	trend_dtrader XTIUSD,H1: Failed modifying LRCUSD
0	12:46:03.688	trend_dtrader XTIUSD,H1: Failed modifying LTCUSD
0	12:46:04.685	trend_dtrader XTIUSD,H1: Failed modifying MANAUSD
0	12:46:05.685	trend_dtrader XTIUSD,H1: Failed modifying MATICUSD
0	12:46:07.235	trend_dtrader XTIUSD,H1: Failed modifying NEARUSD
0	12:46:07.699	trend_dtrader XTIUSD,H1: Failed modifying NZDUSD
0	12:46:08.686	trend_dtrader XTIUSD,H1: Failed modifying SOLUSD
0	12:46:09.688	trend_dtrader XTIUSD,H1: Failed modifying TRXUSD
0	12:46:10.724	trend_dtrader XTIUSD,H1: Failed modifying UNIUSD
0	12:46:11.684	trend_dtrader XTIUSD,H1: Failed modifying USDCAD
0	12:46:12.685	trend_dtrader XTIUSD,H1: Failed modifying USDCHF
0	12:46:13.686	trend_dtrader XTIUSD,H1: Failed modifying USDJPY
0	12:46:14.685	trend_dtrader XTIUSD,H1: Failed modifying USDMXN
0	12:46:15.769	trend_dtrader XTIUSD,H1: Failed modifying USDZAR
0	12:46:16.688	trend_dtrader XTIUSD,H1: Failed modifying XAGUSD
0	12:46:17.873	trend_dtrader XTIUSD,H1: Failed modifying XAUUSD
0	12:46:18.689	trend_dtrader XTIUSD,H1: Failed modifying XBRUSD
0	12:46:19.685	trend_dtrader XTIUSD,H1: Failed modifying XNGUSD
0	12:46:20.686	trend_dtrader XTIUSD,H1: Failed modifying XRPUSD
0	12:46:21.689	trend_dtrader XTIUSD,H1: Failed modifying XTIUSD
0	12:46:22.820	trend_dtrader XTIUSD,H1: Failed modifying AAVEUSD
0	12:46:23.801	trend_dtrader XTIUSD,H1: Failed modifying ADAUSD
0	12:46:24.797	trend_dtrader XTIUSD,H1: Failed modifying ALGOUSD
0	12:46:25.816	trend_dtrader XTIUSD,H1: Failed modifying ATOMUSD
0	12:46:26.689	trend_dtrader XTIUSD,H1: Failed modifying AUDUSD
0	12:46:27.685	trend_dtrader XTIUSD,H1: Failed modifying AVAXUSD
0	12:46:28.839	trend_dtrader XTIUSD,H1: Failed modifying AXSUSD
0	12:46:29.689	trend_dtrader XTIUSD,H1: Failed modifying BCHUSD
0	12:46:30.723	trend_dtrader XTIUSD,H1: Failed modifying BNBUSD
0	12:46:31.799	trend_dtrader XTIUSD,H1: Failed modifying BTCUSD
0	12:46:32.742	trend_dtrader XTIUSD,H1: Failed modifying DASHUSD
0	12:46:33.688	trend_dtrader XTIUSD,H1: Failed modifying DOGEUSD
0	12:46:34.736	trend_dtrader XTIUSD,H1: Failed modifying DOTUSD
0	12:46:35.688	trend_dtrader XTIUSD,H1: Failed modifying ETCUSD
0	12:46:36.684	trend_dtrader XTIUSD,H1: Failed modifying ETHUSD
0	12:46:37.686	trend_dtrader XTIUSD,H1: Failed modifying EURUSD
0	12:46:38.686	trend_dtrader XTIUSD,H1: Failed modifying FILUSD
0	12:46:39.686	trend_dtrader XTIUSD,H1: Failed modifying FTMUSD
0	12:46:40.689	trend_dtrader XTIUSD,H1: Failed modifying GBPUSD
0	12:46:41.684	trend_dtrader XTIUSD,H1: Failed modifying GRTUSD
0	12:46:42.688	trend_dtrader XTIUSD,H1: Failed modifying ICPUSD
0	12:46:43.684	trend_dtrader XTIUSD,H1: Failed modifying IOTAUSD
0	12:46:44.685	trend_dtrader XTIUSD,H1: Failed modifying LINKUSD
0	12:46:45.684	trend_dtrader XTIUSD,H1: Failed modifying LRCUSD
0	12:46:46.688	trend_dtrader XTIUSD,H1: Failed modifying LTCUSD
0	12:46:47.688	trend_dtrader XTIUSD,H1: Failed modifying MANAUSD
0	12:46:48.886	trend_dtrader XTIUSD,H1: Failed modifying MATICUSD
0	12:46:49.715	trend_dtrader XTIUSD,H1: Failed modifying NEARUSD
0	12:46:50.685	trend_dtrader XTIUSD,H1: Failed modifying NZDUSD
0	12:46:51.686	trend_dtrader XTIUSD,H1: Failed modifying SOLUSD
0	12:46:52.689	trend_dtrader XTIUSD,H1: Failed modifying TRXUSD
0	12:46:53.688	trend_dtrader XTIUSD,H1: Failed modifying UNIUSD
0	12:46:54.691	trend_dtrader XTIUSD,H1: Failed modifying USDCAD
0	12:46:55.685	trend_dtrader XTIUSD,H1: Failed modifying USDCHF
0	12:46:56.687	trend_dtrader XTIUSD,H1: Failed modifying USDJPY
0	12:46:57.685	trend_dtrader XTIUSD,H1: Failed modifying USDMXN
0	12:46:58.688	trend_dtrader XTIUSD,H1: Failed modifying USDZAR
0	12:46:59.688	trend_dtrader XTIUSD,H1: Failed modifying XAGUSD
0	12:47:00.761	trend_dtrader XTIUSD,H1: Failed modifying XAUUSD
0	12:47:01.688	trend_dtrader XTIUSD,H1: Failed modifying XBRUSD
0	12:47:02.696	trend_dtrader XTIUSD,H1: Failed modifying XNGUSD
0	12:47:03.784	trend_dtrader XTIUSD,H1: Failed modifying XRPUSD
0	12:47:04.688	trend_dtrader XTIUSD,H1: Failed modifying XTIUSD
0	12:47:05.685	trend_dtrader XTIUSD,H1: Failed modifying AAVEUSD
0	12:47:06.685	trend_dtrader XTIUSD,H1: Failed modifying ADAUSD
0	12:47:07.734	trend_dtrader XTIUSD,H1: Failed modifying ALGOUSD
0	12:47:08.688	trend_dtrader XTIUSD,H1: Failed modifying ATOMUSD
0	12:47:09.688	trend_dtrader XTIUSD,H1: Failed modifying AUDUSD
0	12:47:10.685	trend_dtrader XTIUSD,H1: Failed modifying AVAXUSD
0	12:47:11.688	trend_dtrader XTIUSD,H1: Failed modifying AXSUSD
0	12:47:12.688	trend_dtrader XTIUSD,H1: Failed modifying BCHUSD
0	12:47:13.685	trend_dtrader XTIUSD,H1: Failed modifying BNBUSD
0	12:47:14.685	trend_dtrader XTIUSD,H1: Failed modifying BTCUSD
0	12:47:16.197	trend_dtrader XTIUSD,H1: Failed modifying DASHUSD
0	12:47:16.789	trend_dtrader XTIUSD,H1: Failed modifying DOGEUSD
0	12:47:17.685	trend_dtrader XTIUSD,H1: Failed modifying DOTUSD
0	12:47:18.688	trend_dtrader XTIUSD,H1: Failed modifying ETCUSD
0	12:47:19.791	trend_dtrader XTIUSD,H1: Failed modifying ETHUSD
0	12:47:20.684	trend_dtrader XTIUSD,H1: Failed modifying EURUSD
0	12:47:21.684	trend_dtrader XTIUSD,H1: Failed modifying FILUSD
0	12:47:22.769	trend_dtrader XTIUSD,H1: Failed modifying FTMUSD
0	12:47:23.687	trend_dtrader XTIUSD,H1: Failed modifying GBPUSD
0	12:47:24.685	trend_dtrader XTIUSD,H1: Failed modifying GRTUSD
0	12:47:25.688	trend_dtrader XTIUSD,H1: Failed modifying ICPUSD
0	12:47:26.684	trend_dtrader XTIUSD,H1: Failed modifying IOTAUSD
0	12:47:27.755	trend_dtrader XTIUSD,H1: Failed modifying LINKUSD
0	12:47:28.685	trend_dtrader XTIUSD,H1: Failed modifying LRCUSD
0	12:47:29.688	trend_dtrader XTIUSD,H1: Failed modifying LTCUSD
0	12:47:30.786	trend_dtrader XTIUSD,H1: Failed modifying MANAUSD
0	12:47:31.685	trend_dtrader XTIUSD,H1: Failed modifying MATICUSD
0	12:47:32.687	trend_dtrader XTIUSD,H1: Failed modifying NEARUSD
0	12:47:33.703	trend_dtrader XTIUSD,H1: Failed modifying NZDUSD
0	12:47:34.689	trend_dtrader XTIUSD,H1: Failed modifying SOLUSD
0	12:47:35.688	trend_dtrader XTIUSD,H1: Failed modifying TRXUSD
0	12:47:36.820	trend_dtrader XTIUSD,H1: Failed modifying UNIUSD
0	12:47:37.685	trend_dtrader XTIUSD,H1: Failed modifying USDCAD
0	12:47:38.685	trend_dtrader XTIUSD,H1: Failed modifying USDCHF
0	12:47:39.685	trend_dtrader XTIUSD,H1: Failed modifying USDJPY
0	12:47:40.688	trend_dtrader XTIUSD,H1: Failed modifying USDMXN
0	12:47:41.688	trend_dtrader XTIUSD,H1: Failed modifying USDZAR
0	12:47:42.687	trend_dtrader XTIUSD,H1: Failed modifying XAGUSD
0	12:47:43.689	trend_dtrader XTIUSD,H1: Failed modifying XAUUSD
0	12:47:44.689	trend_dtrader XTIUSD,H1: Failed modifying XBRUSD
0	12:47:45.687	trend_dtrader XTIUSD,H1: Failed modifying XNGUSD
0	12:47:47.090	trend_dtrader XTIUSD,H1: Failed modifying XRPUSD
0	12:47:47.696	trend_dtrader XTIUSD,H1: Failed modifying XTIUSD
0	12:47:48.764	trend_dtrader XTIUSD,H1: Failed modifying AAVEUSD
0	12:47:49.684	trend_dtrader XTIUSD,H1: Failed modifying ADAUSD
0	12:47:50.684	trend_dtrader XTIUSD,H1: Failed modifying ALGOUSD
0	12:47:51.695	trend_dtrader XTIUSD,H1: Failed modifying ATOMUSD
0	12:47:52.776	trend_dtrader XTIUSD,H1: Failed modifying AUDUSD
0	12:47:53.685	trend_dtrader XTIUSD,H1: Failed modifying AVAXUSD
0	12:47:54.685	trend_dtrader XTIUSD,H1: Failed modifying AXSUSD
0	12:47:55.690	trend_dtrader XTIUSD,H1: Failed modifying BCHUSD
0	12:47:56.685	trend_dtrader XTIUSD,H1: Failed modifying BNBUSD
0	12:47:57.685	trend_dtrader XTIUSD,H1: Failed modifying BTCUSD
0	12:47:58.742	trend_dtrader XTIUSD,H1: Failed modifying DASHUSD
0	12:47:59.689	trend_dtrader XTIUSD,H1: Failed modifying DOGEUSD
0	12:48:00.685	trend_dtrader XTIUSD,H1: Failed modifying DOTUSD
0	12:48:01.690	trend_dtrader XTIUSD,H1: Failed modifying ETCUSD
0	12:48:03.304	trend_dtrader XTIUSD,H1: Failed modifying ETHUSD
0	12:48:03.776	trend_dtrader XTIUSD,H1: Failed modifying EURUSD
0	12:48:04.682	trend_dtrader XTIUSD,H1: Failed modifying FILUSD
0	12:48:05.847	trend_dtrader XTIUSD,H1: Failed modifying FTMUSD
0	12:48:06.690	trend_dtrader XTIUSD,H1: Failed modifying GBPUSD
0	12:48:07.878	trend_dtrader XTIUSD,H1: Failed modifying GRTUSD
0	12:48:08.789	trend_dtrader XTIUSD,H1: Failed modifying ICPUSD
0	12:48:09.701	trend_dtrader XTIUSD,H1: Failed modifying IOTAUSD
0	12:48:10.685	trend_dtrader XTIUSD,H1: Failed modifying LINKUSD
0	12:48:11.684	trend_dtrader XTIUSD,H1: Failed modifying LRCUSD
0	12:48:12.688	trend_dtrader XTIUSD,H1: Failed modifying LTCUSD
0	12:48:13.686	trend_dtrader XTIUSD,H1: Failed modifying MANAUSD
0	12:48:14.684	trend_dtrader XTIUSD,H1: Failed modifying MATICUSD
0	12:48:15.687	trend_dtrader XTIUSD,H1: Failed modifying NEARUSD
0	12:48:16.687	trend_dtrader XTIUSD,H1: Failed modifying NZDUSD
0	12:48:17.984	trend_dtrader XTIUSD,H1: Failed modifying SOLUSD
0	12:48:19.218	trend_dtrader XTIUSD,H1: Failed modifying TRXUSD
0	12:48:19.687	trend_dtrader XTIUSD,H1: Failed modifying UNIUSD
0	12:48:20.685	trend_dtrader XTIUSD,H1: Failed modifying USDCAD
0	12:48:21.685	trend_dtrader XTIUSD,H1: Failed modifying USDCHF
0	12:48:22.721	trend_dtrader XTIUSD,H1: Failed modifying USDJPY
0	12:48:23.684	trend_dtrader XTIUSD,H1: Failed modifying USDMXN
0	12:48:24.687	trend_dtrader XTIUSD,H1: Failed modifying USDZAR
0	12:48:25.688	trend_dtrader XTIUSD,H1: Failed modifying XAGUSD
0	12:48:26.688	trend_dtrader XTIUSD,H1: Failed modifying XAUUSD
0	12:48:27.689	trend_dtrader XTIUSD,H1: Failed modifying XBRUSD
0	12:48:28.684	trend_dtrader XTIUSD,H1: Failed modifying XNGUSD
0	12:48:29.685	trend_dtrader XTIUSD,H1: Failed modifying XRPUSD
0	12:48:30.689	trend_dtrader XTIUSD,H1: Failed modifying XTIUSD
0	12:48:32.049	trend_dtrader XTIUSD,H1: Failed modifying AAVEUSD
0	12:48:32.686	trend_dtrader XTIUSD,H1: Failed modifying ADAUSD
0	12:48:33.683	trend_dtrader XTIUSD,H1: Failed modifying ALGOUSD
0	12:48:34.691	trend_dtrader XTIUSD,H1: Failed modifying ATOMUSD
0	12:48:35.770	trend_dtrader XTIUSD,H1: Failed modifying AUDUSD
0	12:48:36.785	trend_dtrader XTIUSD,H1: Failed modifying AVAXUSD
0	12:48:37.745	trend_dtrader XTIUSD,H1: Failed modifying AXSUSD
0	12:48:38.689	trend_dtrader XTIUSD,H1: Failed modifying BCHUSD
0	12:48:39.684	trend_dtrader XTIUSD,H1: Failed modifying BNBUSD
0	12:48:40.747	trend_dtrader XTIUSD,H1: Failed modifying BTCUSD
0	12:48:41.697	trend_dtrader XTIUSD,H1: Failed modifying DASHUSD
0	12:48:42.691	trend_dtrader XTIUSD,H1: Failed modifying DOGEUSD
0	12:48:43.685	trend_dtrader XTIUSD,H1: Failed modifying DOTUSD
0	12:48:44.711	trend_dtrader XTIUSD,H1: Failed modifying ETCUSD
0	12:48:46.017	trend_dtrader XTIUSD,H1: Failed modifying ETHUSD
0	12:48:46.683	trend_dtrader XTIUSD,H1: Failed modifying EURUSD
0	12:48:47.706	trend_dtrader XTIUSD,H1: Failed modifying FILUSD
0	12:48:49.168	trend_dtrader XTIUSD,H1: Failed modifying FTMUSD
0	12:48:49.691	trend_dtrader XTIUSD,H1: Failed modifying GBPUSD
0	12:48:51.062	trend_dtrader XTIUSD,H1: Failed modifying GRTUSD
0	12:48:51.686	trend_dtrader XTIUSD,H1: Failed modifying ICPUSD
0	12:48:52.808	trend_dtrader XTIUSD,H1: Failed modifying IOTAUSD
0	12:48:53.684	trend_dtrader XTIUSD,H1: Failed modifying LINKUSD
0	12:48:54.683	trend_dtrader XTIUSD,H1: Failed modifying LRCUSD
0	12:48:55.685	trend_dtrader XTIUSD,H1: Failed modifying LTCUSD
0	12:48:56.683	trend_dtrader XTIUSD,H1: Failed modifying MANAUSD
0	12:48:57.979	trend_dtrader XTIUSD,H1: Failed modifying MATICUSD
0	12:48:58.962	trend_dtrader XTIUSD,H1: Failed modifying NEARUSD
0	12:48:59.688	trend_dtrader XTIUSD,H1: Failed modifying NZDUSD
0	12:49:00.683	trend_dtrader XTIUSD,H1: Failed modifying SOLUSD
0	12:49:01.788	trend_dtrader XTIUSD,H1: Failed modifying TRXUSD
0	12:49:02.819	trend_dtrader XTIUSD,H1: Failed modifying UNIUSD
0	12:49:03.683	trend_dtrader XTIUSD,H1: Failed modifying USDCAD
0	12:49:04.683	trend_dtrader XTIUSD,H1: Failed modifying USDCHF
0	12:49:05.683	trend_dtrader XTIUSD,H1: Failed modifying USDJPY
0	12:49:06.683	trend_dtrader XTIUSD,H1: Failed modifying USDMXN
0	12:49:07.761	trend_dtrader XTIUSD,H1: Failed modifying USDZAR
0	12:49:08.686	trend_dtrader XTIUSD,H1: Failed modifying XAGUSD
0	12:49:09.686	trend_dtrader XTIUSD,H1: Failed modifying XAUUSD
0	12:49:10.794	trend_dtrader XTIUSD,H1: Failed modifying XBRUSD
0	12:49:11.682	trend_dtrader XTIUSD,H1: Failed modifying XNGUSD
0	12:49:12.682	trend_dtrader XTIUSD,H1: Failed modifying XRPUSD
0	12:49:13.719	trend_dtrader XTIUSD,H1: Failed modifying XTIUSD
0	12:49:14.727	trend_dtrader XTIUSD,H1: Failed modifying AAVEUSD
0	12:49:16.239	trend_dtrader XTIUSD,H1: Failed modifying ADAUSD
0	12:49:16.683	trend_dtrader XTIUSD,H1: Failed modifying ALGOUSD
0	12:49:17.692	trend_dtrader XTIUSD,H1: Failed modifying ATOMUSD
0	12:49:18.960	trend_dtrader XTIUSD,H1: Failed modifying AUDUSD
0	12:49:19.682	trend_dtrader XTIUSD,H1: Failed modifying AVAXUSD
0	12:49:20.681	trend_dtrader XTIUSD,H1: Failed modifying AXSUSD
0	12:49:21.686	trend_dtrader XTIUSD,H1: Failed modifying BCHUSD
0	12:49:22.683	trend_dtrader XTIUSD,H1: Failed modifying BNBUSD
0	12:49:23.683	trend_dtrader XTIUSD,H1: Failed modifying BTCUSD
0	12:49:24.776	trend_dtrader XTIUSD,H1: Failed modifying DASHUSD
0	12:49:25.809	trend_dtrader XTIUSD,H1: Failed modifying DOGEUSD
0	12:49:26.703	trend_dtrader XTIUSD,H1: Failed modifying DOTUSD
0	12:49:27.722	trend_dtrader XTIUSD,H1: Failed modifying ETCUSD
0	12:49:28.682	trend_dtrader XTIUSD,H1: Failed modifying ETHUSD
0	12:49:29.683	trend_dtrader XTIUSD,H1: Failed modifying EURUSD
0	12:49:30.686	trend_dtrader XTIUSD,H1: Failed modifying FILUSD
0	12:49:31.684	trend_dtrader XTIUSD,H1: Failed modifying FTMUSD
0	12:49:32.685	trend_dtrader XTIUSD,H1: Failed modifying GBPUSD
0	12:49:33.682	trend_dtrader XTIUSD,H1: Failed modifying GRTUSD
0	12:49:34.764	trend_dtrader XTIUSD,H1: Failed modifying ICPUSD
0	12:49:35.682	trend_dtrader XTIUSD,H1: Failed modifying IOTAUSD
0	12:49:36.682	trend_dtrader XTIUSD,H1: Failed modifying LINKUSD
0	12:49:37.793	trend_dtrader XTIUSD,H1: Failed modifying LRCUSD
0	12:49:38.685	trend_dtrader XTIUSD,H1: Failed modifying LTCUSD
0	12:49:39.681	trend_dtrader XTIUSD,H1: Failed modifying MANAUSD
0	12:49:40.764	trend_dtrader XTIUSD,H1: Failed modifying MATICUSD
0	12:49:41.887	trend_dtrader XTIUSD,H1: Failed modifying NEARUSD
0	12:49:42.763	trend_dtrader XTIUSD,H1: Failed modifying NZDUSD
0	12:49:43.762	trend_dtrader XTIUSD,H1: Failed modifying SOLUSD
0	12:49:44.906	trend_dtrader XTIUSD,H1: Failed modifying TRXUSD
0	12:49:45.856	trend_dtrader XTIUSD,H1: Failed modifying UNIUSD
0	12:49:46.762	trend_dtrader XTIUSD,H1: Failed modifying USDCAD
0	12:49:47.761	trend_dtrader XTIUSD,H1: Failed modifying USDCHF
0	12:49:48.883	trend_dtrader XTIUSD,H1: Failed modifying USDJPY
0	12:49:49.762	trend_dtrader XTIUSD,H1: Failed modifying USDMXN
0	12:49:50.763	trend_dtrader XTIUSD,H1: Failed modifying USDZAR
0	12:49:51.764	trend_dtrader XTIUSD,H1: Failed modifying XAGUSD
0	12:49:52.765	trend_dtrader XTIUSD,H1: Failed modifying XAUUSD
0	12:49:53.766	trend_dtrader XTIUSD,H1: Failed modifying XBRUSD
0	12:49:54.761	trend_dtrader XTIUSD,H1: Failed modifying XNGUSD
0	12:49:55.761	trend_dtrader XTIUSD,H1: Failed modifying XRPUSD
0	12:49:56.766	trend_dtrader XTIUSD,H1: Failed modifying XTIUSD
0	12:49:57.762	trend_dtrader XTIUSD,H1: Failed modifying AAVEUSD
0	12:49:58.791	trend_dtrader XTIUSD,H1: Failed modifying ADAUSD
0	12:49:59.765	trend_dtrader XTIUSD,H1: Failed modifying ALGOUSD
0	12:50:00.765	trend_dtrader XTIUSD,H1: Failed modifying ATOMUSD
0	12:50:01.766	trend_dtrader XTIUSD,H1: Failed modifying AUDUSD
0	12:50:02.764	trend_dtrader XTIUSD,H1: Failed modifying AVAXUSD
0	12:50:03.763	trend_dtrader XTIUSD,H1: Failed modifying AXSUSD
0	12:50:04.764	trend_dtrader XTIUSD,H1: Failed modifying BCHUSD
0	12:50:05.870	trend_dtrader XTIUSD,H1: Failed modifying BNBUSD
0	12:50:06.762	trend_dtrader XTIUSD,H1: Failed modifying BTCUSD
0	12:50:07.761	trend_dtrader XTIUSD,H1: Failed modifying DASHUSD
0	12:50:08.764	trend_dtrader XTIUSD,H1: Failed modifying DOGEUSD
0	12:50:09.761	trend_dtrader XTIUSD,H1: Failed modifying DOTUSD
0	12:50:11.121	trend_dtrader XTIUSD,H1: Failed modifying ETCUSD
0	12:50:11.761	trend_dtrader XTIUSD,H1: Failed modifying ETHUSD
0	12:50:12.762	trend_dtrader XTIUSD,H1: Failed modifying EURUSD
0	12:50:14.011	trend_dtrader XTIUSD,H1: Failed modifying FILUSD
0	12:50:14.763	trend_dtrader XTIUSD,H1: Failed modifying FTMUSD
0	12:50:15.789	trend_dtrader XTIUSD,H1: Failed modifying GBPUSD
0	12:50:16.760	trend_dtrader XTIUSD,H1: Failed modifying GRTUSD
0	12:50:17.763	trend_dtrader XTIUSD,H1: Failed modifying ICPUSD
0	12:50:18.760	trend_dtrader XTIUSD,H1: Failed modifying IOTAUSD
0	12:50:19.888	trend_dtrader XTIUSD,H1: Failed modifying LINKUSD
0	12:50:20.830	trend_dtrader XTIUSD,H1: Failed modifying LRCUSD
0	12:50:21.766	trend_dtrader XTIUSD,H1: Failed modifying LTCUSD
0	12:50:22.857	trend_dtrader XTIUSD,H1: Failed modifying MANAUSD
0	12:50:23.398	s_and_d NZDUSD,H1: uninit reason 3
0	12:50:23.403	s_and_d NZDUSD,Daily: initialized
0	12:50:23.760	trend_dtrader XTIUSD,H1: Failed modifying MATICUSD
0	12:50:24.903	trend_dtrader XTIUSD,H1: Failed modifying NEARUSD
0	12:50:25.760	trend_dtrader XTIUSD,H1: Failed modifying NZDUSD
0	12:50:26.766	trend_dtrader XTIUSD,H1: Failed modifying SOLUSD
0	12:50:27.773	trend_dtrader XTIUSD,H1: Failed modifying TRXUSD
0	12:50:28.763	trend_dtrader XTIUSD,H1: Failed modifying UNIUSD
0	12:50:29.831	trend_dtrader XTIUSD,H1: Failed modifying USDCAD
0	12:50:30.832	trend_dtrader XTIUSD,H1: Failed modifying USDCHF
0	12:50:31.855	trend_dtrader XTIUSD,H1: Failed modifying USDJPY
0	12:50:32.761	trend_dtrader XTIUSD,H1: Failed modifying USDMXN
0	12:50:33.762	trend_dtrader XTIUSD,H1: Failed modifying USDZAR
0	12:50:34.762	trend_dtrader XTIUSD,H1: Failed modifying XAGUSD
0	12:50:35.764	trend_dtrader XTIUSD,H1: Failed modifying XAUUSD
0	12:50:36.764	trend_dtrader XTIUSD,H1: Failed modifying XBRUSD
0	12:50:37.760	trend_dtrader XTIUSD,H1: Failed modifying XNGUSD
0	12:50:38.761	trend_dtrader XTIUSD,H1: Failed modifying XRPUSD
0	12:50:39.763	trend_dtrader XTIUSD,H1: Failed modifying XTIUSD
0	12:50:40.770	trend_dtrader XTIUSD,H1: Failed modifying AAVEUSD
0	12:50:41.762	trend_dtrader XTIUSD,H1: Failed modifying ADAUSD
0	12:50:42.780	trend_dtrader XTIUSD,H1: Failed modifying ALGOUSD
0	12:50:43.909	trend_dtrader XTIUSD,H1: Failed modifying ATOMUSD
0	12:50:44.846	trend_dtrader XTIUSD,H1: Failed modifying AUDUSD
0	12:50:45.213	trend_dtrader XTIUSD,H1: uninit reason 2
0	12:50:45.213	trend_dtrader XTIUSD,H1: Alert: 2
0	12:50:45.854	Expert trend_dtrader XTIUSD,H1: removed
0	12:50:45.897	Expert trend_dtrader XTIUSD,H1: loaded successfully
0	12:50:45.979	trend_dtrader XTIUSD,H1: AAVEUSD --> 2
0	12:50:45.979	trend_dtrader XTIUSD,H1: ADAUSD --> 4
0	12:50:45.980	trend_dtrader XTIUSD,H1: ALGOUSD --> 4
0	12:50:45.980	trend_dtrader XTIUSD,H1: ATOMUSD --> 3
0	12:50:45.980	trend_dtrader XTIUSD,H1: AUDUSD --> 5
0	12:50:45.980	trend_dtrader XTIUSD,H1: AVAXUSD --> 3
0	12:50:45.980	trend_dtrader XTIUSD,H1: AXSUSD --> 2
0	12:50:45.980	trend_dtrader XTIUSD,H1: BCHUSD --> 2
0	12:50:45.980	trend_dtrader XTIUSD,H1: BNBUSD --> 2
0	12:50:45.980	trend_dtrader XTIUSD,H1: BTCUSD --> 2
0	12:50:45.980	trend_dtrader XTIUSD,H1: DASHUSD --> 2
0	12:50:45.980	trend_dtrader XTIUSD,H1: DOGEUSD --> 5
0	12:50:45.980	trend_dtrader XTIUSD,H1: DOTUSD --> 3
0	12:50:45.980	trend_dtrader XTIUSD,H1: ETCUSD --> 3
0	12:50:45.980	trend_dtrader XTIUSD,H1: ETHUSD --> 2
0	12:50:45.980	trend_dtrader XTIUSD,H1: EURUSD --> 5
0	12:50:45.980	trend_dtrader XTIUSD,H1: FILUSD --> 3
0	12:50:45.980	trend_dtrader XTIUSD,H1: FTMUSD --> 4
0	12:50:45.980	trend_dtrader XTIUSD,H1: GBPUSD --> 5
0	12:50:45.980	trend_dtrader XTIUSD,H1: GRTUSD --> 4
0	12:50:45.980	trend_dtrader XTIUSD,H1: ICPUSD --> 3
0	12:50:45.980	trend_dtrader XTIUSD,H1: IOTAUSD --> 4
0	12:50:45.980	trend_dtrader XTIUSD,H1: LINKUSD --> 3
0	12:50:45.980	trend_dtrader XTIUSD,H1: LRCUSD --> 4
0	12:50:45.980	trend_dtrader XTIUSD,H1: LTCUSD --> 2
0	12:50:45.980	trend_dtrader XTIUSD,H1: MANAUSD --> 4
0	12:50:45.980	trend_dtrader XTIUSD,H1: MATICUSD --> 4
0	12:50:45.980	trend_dtrader XTIUSD,H1: NEARUSD --> 3
0	12:50:45.980	trend_dtrader XTIUSD,H1: NZDUSD --> 5
0	12:50:45.980	trend_dtrader XTIUSD,H1: SOLUSD --> 2
0	12:50:45.980	trend_dtrader XTIUSD,H1: TRXUSD --> 5
0	12:50:45.980	trend_dtrader XTIUSD,H1: UNIUSD --> 3
0	12:50:45.980	trend_dtrader XTIUSD,H1: USDCAD --> 5
0	12:50:45.980	trend_dtrader XTIUSD,H1: USDCHF --> 5
0	12:50:45.980	trend_dtrader XTIUSD,H1: USDJPY --> 3
0	12:50:45.981	trend_dtrader XTIUSD,H1: USDMXN --> 4
0	12:50:45.981	trend_dtrader XTIUSD,H1: USDZAR --> 5
0	12:50:45.981	trend_dtrader XTIUSD,H1: XAGUSD --> 3
0	12:50:45.981	trend_dtrader XTIUSD,H1: XAUUSD --> 2
0	12:50:45.981	trend_dtrader XTIUSD,H1: XBRUSD --> 2
0	12:50:45.981	trend_dtrader XTIUSD,H1: XNGUSD --> 3
0	12:50:45.981	trend_dtrader XTIUSD,H1: XRPUSD --> 5
0	12:50:45.981	trend_dtrader XTIUSD,H1: XTIUSD --> 2
0	12:50:45.981	trend_dtrader XTIUSD,H1: ZECUSD --> 2
0	12:50:45.981	trend_dtrader XTIUSD,H1: 44
0	12:50:45.981	trend_dtrader XTIUSD,H1: initialized
0	12:50:47.063	trend_dtrader XTIUSD,H1: Failed modifying AAVEUSD
0	12:50:48.059	trend_dtrader XTIUSD,H1: Failed modifying ADAUSD
0	12:50:49.058	trend_dtrader XTIUSD,H1: Failed modifying ALGOUSD
0	12:50:50.057	trend_dtrader XTIUSD,H1: Failed modifying ATOMUSD
0	12:50:51.129	trend_dtrader XTIUSD,H1: Failed modifying AUDUSD
0	12:50:52.055	trend_dtrader XTIUSD,H1: Failed modifying AVAXUSD
0	12:50:53.064	trend_dtrader XTIUSD,H1: Failed modifying AXSUSD
0	12:50:54.064	trend_dtrader XTIUSD,H1: Failed modifying BCHUSD
0	12:50:55.060	trend_dtrader XTIUSD,H1: Failed modifying BNBUSD
0	12:50:56.062	trend_dtrader XTIUSD,H1: Failed modifying BTCUSD
0	12:50:57.067	trend_dtrader XTIUSD,H1: Failed modifying DASHUSD
0	12:50:58.066	trend_dtrader XTIUSD,H1: Failed modifying DOGEUSD
0	12:50:59.067	trend_dtrader XTIUSD,H1: Failed modifying DOTUSD
0	12:51:00.071	trend_dtrader XTIUSD,H1: Failed modifying ETCUSD
0	12:51:01.080	trend_dtrader XTIUSD,H1: Failed modifying ETHUSD
0	12:51:02.151	trend_dtrader XTIUSD,H1: Failed modifying EURUSD
0	12:51:03.076	trend_dtrader XTIUSD,H1: Failed modifying FILUSD
0	12:51:04.074	trend_dtrader XTIUSD,H1: Failed modifying FTMUSD
0	12:51:05.165	trend_dtrader XTIUSD,H1: Failed modifying GBPUSD
0	12:51:06.077	trend_dtrader XTIUSD,H1: Failed modifying GRTUSD
0	12:51:07.164	trend_dtrader XTIUSD,H1: Failed modifying ICPUSD
0	12:51:08.158	trend_dtrader XTIUSD,H1: Failed modifying IOTAUSD
0	12:51:09.071	trend_dtrader XTIUSD,H1: Failed modifying LINKUSD
0	12:51:10.069	trend_dtrader XTIUSD,H1: Failed modifying LRCUSD
0	12:51:11.097	trend_dtrader XTIUSD,H1: Failed modifying LTCUSD
0	12:51:12.072	trend_dtrader XTIUSD,H1: Failed modifying MANAUSD
0	12:51:13.119	trend_dtrader XTIUSD,H1: Failed modifying MATICUSD
0	12:51:14.114	trend_dtrader XTIUSD,H1: Failed modifying NEARUSD
0	12:51:15.214	trend_dtrader XTIUSD,H1: Failed modifying NZDUSD
0	12:51:16.832	trend_dtrader XTIUSD,H1: Failed modifying SOLUSD
0	12:51:17.995	trend_dtrader XTIUSD,H1: Failed modifying TRXUSD
0	12:51:18.161	trend_dtrader XTIUSD,H1: Failed modifying UNIUSD
0	12:51:19.122	trend_dtrader XTIUSD,H1: Failed modifying USDCAD
0	12:51:20.115	trend_dtrader XTIUSD,H1: Failed modifying USDCHF
0	12:51:21.418	trend_dtrader XTIUSD,H1: Failed modifying USDJPY
0	12:51:22.129	trend_dtrader XTIUSD,H1: Failed modifying USDMXN
0	12:51:23.385	trend_dtrader XTIUSD,H1: Failed modifying USDZAR
0	12:51:24.436	trend_dtrader XTIUSD,H1: Failed modifying XAGUSD
0	12:51:25.471	trend_dtrader XTIUSD,H1: Failed modifying XAUUSD
0	12:51:26.153	trend_dtrader XTIUSD,H1: Failed modifying XBRUSD
0	12:51:27.511	trend_dtrader XTIUSD,H1: Failed modifying XNGUSD
0	12:51:28.145	trend_dtrader XTIUSD,H1: Failed modifying XRPUSD
0	12:51:29.142	trend_dtrader XTIUSD,H1: Failed modifying XTIUSD
0	12:51:30.069	trend_dtrader XTIUSD,H1: Failed modifying AAVEUSD
0	12:51:30.982	trend_dtrader XTIUSD,H1: Failed modifying ADAUSD
0	12:51:31.986	trend_dtrader XTIUSD,H1: Failed modifying ALGOUSD
0	12:51:33.173	trend_dtrader XTIUSD,H1: Failed modifying ATOMUSD
0	12:51:33.983	trend_dtrader XTIUSD,H1: Failed modifying AUDUSD
0	12:51:35.046	trend_dtrader XTIUSD,H1: Failed modifying AVAXUSD
0	12:51:35.990	trend_dtrader XTIUSD,H1: Failed modifying AXSUSD
0	12:51:36.981	trend_dtrader XTIUSD,H1: Failed modifying BCHUSD
0	12:51:37.982	trend_dtrader XTIUSD,H1: Failed modifying BNBUSD
0	12:51:38.981	trend_dtrader XTIUSD,H1: Failed modifying BTCUSD
0	12:51:39.981	trend_dtrader XTIUSD,H1: Failed modifying DASHUSD
0	12:51:40.984	trend_dtrader XTIUSD,H1: Failed modifying DOGEUSD
0	12:51:41.982	trend_dtrader XTIUSD,H1: Failed modifying DOTUSD
0	12:51:42.981	trend_dtrader XTIUSD,H1: Failed modifying ETCUSD
0	12:51:43.981	trend_dtrader XTIUSD,H1: Failed modifying ETHUSD
0	12:51:44.983	trend_dtrader XTIUSD,H1: Failed modifying EURUSD
0	12:51:45.981	trend_dtrader XTIUSD,H1: Failed modifying FILUSD
0	12:51:47.109	trend_dtrader XTIUSD,H1: Failed modifying FTMUSD
0	12:51:47.983	trend_dtrader XTIUSD,H1: Failed modifying GBPUSD
0	12:51:48.981	trend_dtrader XTIUSD,H1: Failed modifying GRTUSD
0	12:51:49.983	trend_dtrader XTIUSD,H1: Failed modifying ICPUSD
0	12:51:50.983	trend_dtrader XTIUSD,H1: Failed modifying IOTAUSD
0	12:51:51.981	trend_dtrader XTIUSD,H1: Failed modifying LINKUSD
0	12:51:52.981	trend_dtrader XTIUSD,H1: Failed modifying LRCUSD
0	12:51:53.981	trend_dtrader XTIUSD,H1: Failed modifying LTCUSD
0	12:51:54.994	trend_dtrader XTIUSD,H1: Failed modifying MANAUSD
0	12:51:55.981	trend_dtrader XTIUSD,H1: Failed modifying MATICUSD
0	12:51:56.981	trend_dtrader XTIUSD,H1: Failed modifying NEARUSD
0	12:51:57.982	trend_dtrader XTIUSD,H1: Failed modifying NZDUSD
0	12:51:59.071	trend_dtrader XTIUSD,H1: Failed modifying SOLUSD
0	12:51:59.983	trend_dtrader XTIUSD,H1: Failed modifying TRXUSD
0	12:52:00.981	trend_dtrader XTIUSD,H1: Failed modifying UNIUSD
0	12:52:01.981	trend_dtrader XTIUSD,H1: Failed modifying USDCAD
0	12:52:02.980	trend_dtrader XTIUSD,H1: Failed modifying USDCHF
0	12:52:04.006	trend_dtrader XTIUSD,H1: Failed modifying USDJPY
0	12:52:05.042	trend_dtrader XTIUSD,H1: Failed modifying USDMXN
0	12:52:05.983	trend_dtrader XTIUSD,H1: Failed modifying USDZAR
0	12:52:06.984	trend_dtrader XTIUSD,H1: Failed modifying XAGUSD
0	12:52:07.985	trend_dtrader XTIUSD,H1: Failed modifying XAUUSD
0	12:52:08.981	trend_dtrader XTIUSD,H1: Failed modifying XBRUSD
0	12:52:09.991	trend_dtrader XTIUSD,H1: Failed modifying XNGUSD
0	12:52:10.981	trend_dtrader XTIUSD,H1: Failed modifying XRPUSD
0	12:52:11.980	trend_dtrader XTIUSD,H1: Failed modifying XTIUSD
0	12:52:12.981	trend_dtrader XTIUSD,H1: Failed modifying AAVEUSD
0	12:52:13.981	trend_dtrader XTIUSD,H1: Failed modifying ADAUSD
0	12:52:14.981	trend_dtrader XTIUSD,H1: Failed modifying ALGOUSD
0	12:52:16.000	trend_dtrader XTIUSD,H1: Failed modifying ATOMUSD
0	12:52:16.982	trend_dtrader XTIUSD,H1: Failed modifying AUDUSD
0	12:52:18.054	trend_dtrader XTIUSD,H1: Failed modifying AVAXUSD
0	12:52:18.980	trend_dtrader XTIUSD,H1: Failed modifying AXSUSD
0	12:52:20.006	trend_dtrader XTIUSD,H1: Failed modifying BCHUSD
0	12:52:20.981	trend_dtrader XTIUSD,H1: Failed modifying BNBUSD
0	12:52:21.980	trend_dtrader XTIUSD,H1: Failed modifying BTCUSD
0	12:52:22.981	trend_dtrader XTIUSD,H1: Failed modifying DASHUSD
0	12:52:24.096	trend_dtrader XTIUSD,H1: Failed modifying DOGEUSD
0	12:52:25.040	trend_dtrader XTIUSD,H1: Failed modifying DOTUSD
0	12:52:25.981	trend_dtrader XTIUSD,H1: Failed modifying ETCUSD
0	12:52:26.980	trend_dtrader XTIUSD,H1: Failed modifying ETHUSD
0	12:52:27.982	trend_dtrader XTIUSD,H1: Failed modifying EURUSD
0	12:52:28.981	trend_dtrader XTIUSD,H1: Failed modifying FILUSD
0	12:52:29.980	trend_dtrader XTIUSD,H1: Failed modifying FTMUSD
0	12:52:31.142	trend_dtrader XTIUSD,H1: Failed modifying GBPUSD
0	12:52:31.981	trend_dtrader XTIUSD,H1: Failed modifying GRTUSD
0	12:52:32.982	trend_dtrader XTIUSD,H1: Failed modifying ICPUSD
0	12:52:33.982	trend_dtrader XTIUSD,H1: Failed modifying IOTAUSD
0	12:52:35.005	trend_dtrader XTIUSD,H1: Failed modifying LINKUSD
0	12:52:35.981	trend_dtrader XTIUSD,H1: Failed modifying LRCUSD
0	12:52:36.981	trend_dtrader XTIUSD,H1: Failed modifying LTCUSD
0	12:52:37.980	trend_dtrader XTIUSD,H1: Failed modifying MANAUSD
0	12:52:38.981	trend_dtrader XTIUSD,H1: Failed modifying MATICUSD
0	12:52:39.981	trend_dtrader XTIUSD,H1: Failed modifying NEARUSD
0	12:52:40.983	trend_dtrader XTIUSD,H1: Failed modifying NZDUSD
0	12:52:41.984	trend_dtrader XTIUSD,H1: Failed modifying SOLUSD
0	12:52:43.013	trend_dtrader XTIUSD,H1: Failed modifying TRXUSD
0	12:52:43.980	trend_dtrader XTIUSD,H1: Failed modifying UNIUSD
0	12:52:44.980	trend_dtrader XTIUSD,H1: Failed modifying USDCAD
0	12:52:45.980	trend_dtrader XTIUSD,H1: Failed modifying USDCHF
0	12:52:46.982	trend_dtrader XTIUSD,H1: Failed modifying USDJPY
0	12:52:47.996	trend_dtrader XTIUSD,H1: Failed modifying USDMXN
0	12:52:49.069	trend_dtrader XTIUSD,H1: Failed modifying USDZAR
0	12:52:49.983	trend_dtrader XTIUSD,H1: Failed modifying XAGUSD
0	12:52:50.984	trend_dtrader XTIUSD,H1: Failed modifying XAUUSD
0	12:52:51.981	trend_dtrader XTIUSD,H1: Failed modifying XBRUSD
0	12:52:52.983	trend_dtrader XTIUSD,H1: Failed modifying XNGUSD
0	12:52:53.981	trend_dtrader XTIUSD,H1: Failed modifying XRPUSD
0	12:52:54.980	trend_dtrader XTIUSD,H1: Failed modifying XTIUSD
0	12:52:55.981	trend_dtrader XTIUSD,H1: Failed modifying AAVEUSD
0	12:52:56.980	trend_dtrader XTIUSD,H1: Failed modifying ADAUSD
0	12:52:57.980	trend_dtrader XTIUSD,H1: Failed modifying ALGOUSD
0	12:52:58.980	trend_dtrader XTIUSD,H1: Failed modifying ATOMUSD
0	12:52:59.983	trend_dtrader XTIUSD,H1: Failed modifying AUDUSD
0	12:53:00.981	trend_dtrader XTIUSD,H1: Failed modifying AVAXUSD
0	12:53:01.981	trend_dtrader XTIUSD,H1: Failed modifying AXSUSD
0	12:53:02.981	trend_dtrader XTIUSD,H1: Failed modifying BCHUSD
0	12:53:03.980	trend_dtrader XTIUSD,H1: Failed modifying BNBUSD
0	12:53:04.980	trend_dtrader XTIUSD,H1: Failed modifying BTCUSD
0	12:53:05.980	trend_dtrader XTIUSD,H1: Failed modifying DASHUSD
0	12:53:06.980	trend_dtrader XTIUSD,H1: Failed modifying DOGEUSD
0	12:53:07.980	trend_dtrader XTIUSD,H1: Failed modifying DOTUSD
0	12:53:08.980	trend_dtrader XTIUSD,H1: Failed modifying ETCUSD
0	12:53:09.981	trend_dtrader XTIUSD,H1: Failed modifying ETHUSD
0	12:53:10.983	trend_dtrader XTIUSD,H1: Failed modifying EURUSD
0	12:53:11.980	trend_dtrader XTIUSD,H1: Failed modifying FILUSD
0	12:53:13.026	trend_dtrader XTIUSD,H1: Failed modifying FTMUSD
0	12:53:13.981	trend_dtrader XTIUSD,H1: Failed modifying GBPUSD
0	12:53:14.980	trend_dtrader XTIUSD,H1: Failed modifying GRTUSD
0	12:53:15.981	trend_dtrader XTIUSD,H1: Failed modifying ICPUSD
0	12:53:16.981	trend_dtrader XTIUSD,H1: Failed modifying IOTAUSD
0	12:53:17.980	trend_dtrader XTIUSD,H1: Failed modifying LINKUSD
0	12:53:18.981	trend_dtrader XTIUSD,H1: Failed modifying LRCUSD
0	12:53:19.980	trend_dtrader XTIUSD,H1: Failed modifying LTCUSD
0	12:53:20.980	trend_dtrader XTIUSD,H1: Failed modifying MANAUSD
0	12:53:21.980	trend_dtrader XTIUSD,H1: Failed modifying MATICUSD
0	12:53:22.980	trend_dtrader XTIUSD,H1: Failed modifying NEARUSD
0	12:53:24.023	trend_dtrader XTIUSD,H1: Failed modifying NZDUSD
0	12:53:25.431	trend_dtrader XTIUSD,H1: Failed modifying SOLUSD
0	12:53:25.981	trend_dtrader XTIUSD,H1: Failed modifying TRXUSD
0	12:53:26.980	trend_dtrader XTIUSD,H1: Failed modifying UNIUSD
0	12:53:27.980	trend_dtrader XTIUSD,H1: Failed modifying USDCAD
0	12:53:28.980	trend_dtrader XTIUSD,H1: Failed modifying USDCHF
0	12:53:29.982	trend_dtrader XTIUSD,H1: Failed modifying USDJPY
0	12:53:30.980	trend_dtrader XTIUSD,H1: Failed modifying USDMXN
0	12:53:31.984	trend_dtrader XTIUSD,H1: Failed modifying USDZAR
0	12:53:32.983	trend_dtrader XTIUSD,H1: Failed modifying XAGUSD
0	12:53:33.983	trend_dtrader XTIUSD,H1: Failed modifying XAUUSD
0	12:53:35.031	trend_dtrader XTIUSD,H1: Failed modifying XBRUSD
0	12:53:35.984	trend_dtrader XTIUSD,H1: Failed modifying XNGUSD
0	12:53:37.001	trend_dtrader XTIUSD,H1: Failed modifying XRPUSD
0	12:53:37.980	trend_dtrader XTIUSD,H1: Failed modifying XTIUSD
0	12:53:38.980	trend_dtrader XTIUSD,H1: Failed modifying AAVEUSD
0	12:53:39.980	trend_dtrader XTIUSD,H1: Failed modifying ADAUSD
0	12:53:40.980	trend_dtrader XTIUSD,H1: Failed modifying ALGOUSD
0	12:53:41.980	trend_dtrader XTIUSD,H1: Failed modifying ATOMUSD
0	12:53:42.982	trend_dtrader XTIUSD,H1: Failed modifying AUDUSD
0	12:53:43.981	trend_dtrader XTIUSD,H1: Failed modifying AVAXUSD
0	12:53:44.980	trend_dtrader XTIUSD,H1: Failed modifying AXSUSD
0	12:53:45.980	trend_dtrader XTIUSD,H1: Failed modifying BCHUSD
0	12:53:46.980	trend_dtrader XTIUSD,H1: Failed modifying BNBUSD
0	12:53:47.980	trend_dtrader XTIUSD,H1: Failed modifying BTCUSD
0	12:53:48.981	trend_dtrader XTIUSD,H1: Failed modifying DASHUSD
0	12:53:49.980	trend_dtrader XTIUSD,H1: Failed modifying DOGEUSD
0	12:53:50.981	trend_dtrader XTIUSD,H1: Failed modifying DOTUSD
0	12:53:51.980	trend_dtrader XTIUSD,H1: Failed modifying ETCUSD
0	12:53:52.980	trend_dtrader XTIUSD,H1: Failed modifying ETHUSD
0	12:53:53.982	trend_dtrader XTIUSD,H1: Failed modifying EURUSD
0	12:53:54.980	trend_dtrader XTIUSD,H1: Failed modifying FILUSD
0	12:53:55.981	trend_dtrader XTIUSD,H1: Failed modifying FTMUSD
0	12:53:56.982	trend_dtrader XTIUSD,H1: Failed modifying GBPUSD
0	12:53:57.980	trend_dtrader XTIUSD,H1: Failed modifying GRTUSD
0	12:53:59.667	trend_dtrader XTIUSD,H1: Failed modifying ICPUSD
0	12:53:59.982	trend_dtrader XTIUSD,H1: Failed modifying IOTAUSD
0	12:54:00.980	trend_dtrader XTIUSD,H1: Failed modifying LINKUSD
0	12:54:01.981	trend_dtrader XTIUSD,H1: Failed modifying LRCUSD
0	12:54:02.981	trend_dtrader XTIUSD,H1: Failed modifying LTCUSD
0	12:54:03.982	trend_dtrader XTIUSD,H1: Failed modifying MANAUSD
0	12:54:05.646	trend_dtrader XTIUSD,H1: uninit reason 2
0	12:54:05.647	trend_dtrader XTIUSD,H1: Alert: 2
0	12:54:06.085	Expert trend_dtrader XTIUSD,H1: removed
0	12:54:06.122	Expert trend_dtrader XTIUSD,H1: loaded successfully
0	12:54:06.209	trend_dtrader XTIUSD,H1: AAVEUSD --> 2
0	12:54:06.209	trend_dtrader XTIUSD,H1: ADAUSD --> 4
0	12:54:06.209	trend_dtrader XTIUSD,H1: ALGOUSD --> 4
0	12:54:06.209	trend_dtrader XTIUSD,H1: ATOMUSD --> 3
0	12:54:06.209	trend_dtrader XTIUSD,H1: AUDUSD --> 5
0	12:54:06.210	trend_dtrader XTIUSD,H1: AVAXUSD --> 3
0	12:54:06.210	trend_dtrader XTIUSD,H1: AXSUSD --> 2
0	12:54:06.210	trend_dtrader XTIUSD,H1: BCHUSD --> 2
0	12:54:06.210	trend_dtrader XTIUSD,H1: BNBUSD --> 2
0	12:54:06.210	trend_dtrader XTIUSD,H1: BTCUSD --> 2
0	12:54:06.210	trend_dtrader XTIUSD,H1: DASHUSD --> 2
0	12:54:06.210	trend_dtrader XTIUSD,H1: DOGEUSD --> 5
0	12:54:06.210	trend_dtrader XTIUSD,H1: DOTUSD --> 3
0	12:54:06.210	trend_dtrader XTIUSD,H1: ETCUSD --> 3
0	12:54:06.210	trend_dtrader XTIUSD,H1: ETHUSD --> 2
0	12:54:06.210	trend_dtrader XTIUSD,H1: EURUSD --> 5
0	12:54:06.210	trend_dtrader XTIUSD,H1: FILUSD --> 3
0	12:54:06.210	trend_dtrader XTIUSD,H1: FTMUSD --> 4
0	12:54:06.210	trend_dtrader XTIUSD,H1: GBPUSD --> 5
0	12:54:06.210	trend_dtrader XTIUSD,H1: GRTUSD --> 4
0	12:54:06.210	trend_dtrader XTIUSD,H1: ICPUSD --> 3
0	12:54:06.210	trend_dtrader XTIUSD,H1: IOTAUSD --> 4
0	12:54:06.210	trend_dtrader XTIUSD,H1: LINKUSD --> 3
0	12:54:06.210	trend_dtrader XTIUSD,H1: LRCUSD --> 4
0	12:54:06.210	trend_dtrader XTIUSD,H1: LTCUSD --> 2
0	12:54:06.210	trend_dtrader XTIUSD,H1: MANAUSD --> 4
0	12:54:06.210	trend_dtrader XTIUSD,H1: MATICUSD --> 4
0	12:54:06.210	trend_dtrader XTIUSD,H1: NEARUSD --> 3
0	12:54:06.210	trend_dtrader XTIUSD,H1: NZDUSD --> 5
0	12:54:06.210	trend_dtrader XTIUSD,H1: SOLUSD --> 2
0	12:54:06.210	trend_dtrader XTIUSD,H1: TRXUSD --> 5
0	12:54:06.210	trend_dtrader XTIUSD,H1: UNIUSD --> 3
0	12:54:06.210	trend_dtrader XTIUSD,H1: USDCAD --> 5
0	12:54:06.210	trend_dtrader XTIUSD,H1: USDCHF --> 5
0	12:54:06.210	trend_dtrader XTIUSD,H1: USDJPY --> 3
0	12:54:06.210	trend_dtrader XTIUSD,H1: USDMXN --> 4
0	12:54:06.210	trend_dtrader XTIUSD,H1: USDZAR --> 5
0	12:54:06.210	trend_dtrader XTIUSD,H1: XAGUSD --> 3
0	12:54:06.210	trend_dtrader XTIUSD,H1: XAUUSD --> 2
0	12:54:06.210	trend_dtrader XTIUSD,H1: XBRUSD --> 2
0	12:54:06.210	trend_dtrader XTIUSD,H1: XNGUSD --> 3
0	12:54:06.210	trend_dtrader XTIUSD,H1: XRPUSD --> 5
0	12:54:06.210	trend_dtrader XTIUSD,H1: XTIUSD --> 2
0	12:54:06.210	trend_dtrader XTIUSD,H1: ZECUSD --> 2
0	12:54:06.210	trend_dtrader XTIUSD,H1: 44
0	12:54:06.210	trend_dtrader XTIUSD,H1: initialized
0	12:54:07.316	trend_dtrader XTIUSD,H1: Failed modifying AAVEUSD
0	12:54:08.335	trend_dtrader XTIUSD,H1: Failed modifying ADAUSD
0	12:54:09.460	trend_dtrader XTIUSD,H1: Failed modifying ALGOUSD
0	12:54:10.313	trend_dtrader XTIUSD,H1: Failed modifying ATOMUSD
0	12:54:11.564	trend_dtrader XTIUSD,H1: Failed modifying AUDUSD
0	12:54:12.622	trend_dtrader XTIUSD,H1: Failed modifying AVAXUSD
0	12:54:13.333	trend_dtrader XTIUSD,H1: Failed modifying AXSUSD
0	12:54:14.412	trend_dtrader XTIUSD,H1: Failed modifying BCHUSD
0	12:54:15.819	trend_dtrader XTIUSD,H1: Failed modifying BNBUSD
0	12:54:17.117	trend_dtrader XTIUSD,H1: Failed modifying BTCUSD
0	12:54:18.290	trend_dtrader XTIUSD,H1: Failed modifying DASHUSD
0	12:54:18.476	trend_dtrader XTIUSD,H1: Failed modifying DOGEUSD
0	12:54:19.561	trend_dtrader XTIUSD,H1: Failed modifying DOTUSD
0	12:54:20.657	trend_dtrader XTIUSD,H1: Failed modifying ETCUSD
0	12:54:21.419	trend_dtrader XTIUSD,H1: Failed modifying ETHUSD
0	12:54:23.068	trend_dtrader XTIUSD,H1: Failed modifying EURUSD
0	12:54:23.360	trend_dtrader XTIUSD,H1: Failed modifying FILUSD
0	12:54:24.512	trend_dtrader XTIUSD,H1: Failed modifying FTMUSD
0	12:54:25.473	trend_dtrader XTIUSD,H1: Failed modifying GBPUSD
0	12:54:26.537	trend_dtrader XTIUSD,H1: Failed modifying GRTUSD
0	12:54:27.531	trend_dtrader XTIUSD,H1: Failed modifying ICPUSD
0	12:54:28.853	trend_dtrader XTIUSD,H1: Failed modifying IOTAUSD
0	12:54:29.390	trend_dtrader XTIUSD,H1: Failed modifying LINKUSD
0	12:54:30.617	trend_dtrader XTIUSD,H1: Failed modifying LRCUSD
0	12:54:31.663	trend_dtrader XTIUSD,H1: Failed modifying LTCUSD
0	12:54:32.465	trend_dtrader XTIUSD,H1: Failed modifying MANAUSD
0	12:54:33.499	trend_dtrader XTIUSD,H1: Failed modifying MATICUSD
0	12:54:34.378	trend_dtrader XTIUSD,H1: Failed modifying NEARUSD
0	12:54:35.736	trend_dtrader XTIUSD,H1: Failed modifying NZDUSD
0	12:54:36.692	trend_dtrader XTIUSD,H1: Failed modifying SOLUSD
0	12:54:37.868	trend_dtrader XTIUSD,H1: Failed modifying TRXUSD
0	12:54:38.366	trend_dtrader XTIUSD,H1: Failed modifying UNIUSD
0	12:54:39.496	trend_dtrader XTIUSD,H1: Failed modifying USDCAD
0	12:54:40.361	trend_dtrader XTIUSD,H1: Failed modifying USDCHF
0	12:54:41.831	trend_dtrader XTIUSD,H1: Failed modifying USDJPY
0	12:54:42.366	trend_dtrader XTIUSD,H1: Failed modifying USDMXN
0	12:54:43.934	trend_dtrader XTIUSD,H1: Failed modifying USDZAR
0	12:54:44.642	trend_dtrader XTIUSD,H1: Failed modifying XAGUSD
0	12:54:45.989	trend_dtrader XTIUSD,H1: Failed modifying XAUUSD
0	12:54:46.394	trend_dtrader XTIUSD,H1: Failed modifying XBRUSD
0	12:54:48.056	trend_dtrader XTIUSD,H1: Failed modifying XNGUSD
0	12:54:48.390	trend_dtrader XTIUSD,H1: Failed modifying XRPUSD
0	12:54:49.559	trend_dtrader XTIUSD,H1: Failed modifying XTIUSD
0	12:54:50.212	trend_dtrader XTIUSD,H1: Failed modifying AAVEUSD
0	12:54:51.215	trend_dtrader XTIUSD,H1: Failed modifying ADAUSD
0	12:54:52.212	trend_dtrader XTIUSD,H1: Failed modifying ALGOUSD
0	12:54:53.213	trend_dtrader XTIUSD,H1: Failed modifying ATOMUSD
0	12:54:54.220	trend_dtrader XTIUSD,H1: Failed modifying AUDUSD
0	12:54:55.229	trend_dtrader XTIUSD,H1: Failed modifying AVAXUSD
0	12:54:56.219	trend_dtrader XTIUSD,H1: Failed modifying AXSUSD
0	12:54:57.217	trend_dtrader XTIUSD,H1: Failed modifying BCHUSD
0	12:54:58.215	trend_dtrader XTIUSD,H1: Failed modifying BNBUSD
0	12:54:59.218	trend_dtrader XTIUSD,H1: Failed modifying BTCUSD
0	12:55:00.218	trend_dtrader XTIUSD,H1: Failed modifying DASHUSD
0	12:55:01.242	trend_dtrader XTIUSD,H1: Failed modifying DOGEUSD
0	12:55:02.215	trend_dtrader XTIUSD,H1: Failed modifying DOTUSD
0	12:55:03.213	trend_dtrader XTIUSD,H1: Failed modifying ETCUSD
0	12:55:04.212	trend_dtrader XTIUSD,H1: Failed modifying ETHUSD
0	12:55:05.228	trend_dtrader XTIUSD,H1: Failed modifying EURUSD
0	12:55:06.214	trend_dtrader XTIUSD,H1: Failed modifying FILUSD
0	12:55:07.211	trend_dtrader XTIUSD,H1: Failed modifying FTMUSD
0	12:55:08.212	trend_dtrader XTIUSD,H1: Failed modifying GBPUSD
0	12:55:09.211	trend_dtrader XTIUSD,H1: Failed modifying GRTUSD
0	12:55:10.216	trend_dtrader XTIUSD,H1: Failed modifying ICPUSD
0	12:55:11.214	trend_dtrader XTIUSD,H1: Failed modifying IOTAUSD
0	12:55:12.211	trend_dtrader XTIUSD,H1: Failed modifying LINKUSD
0	12:55:13.214	trend_dtrader XTIUSD,H1: Failed modifying LRCUSD
0	12:55:14.212	trend_dtrader XTIUSD,H1: Failed modifying LTCUSD
0	12:55:15.224	trend_dtrader XTIUSD,H1: Failed modifying MANAUSD
0	12:55:16.211	trend_dtrader XTIUSD,H1: Failed modifying MATICUSD
0	12:55:17.213	trend_dtrader XTIUSD,H1: Failed modifying NEARUSD
0	12:55:18.212	trend_dtrader XTIUSD,H1: Failed modifying NZDUSD
0	12:55:19.214	trend_dtrader XTIUSD,H1: Failed modifying SOLUSD
0	12:55:20.211	trend_dtrader XTIUSD,H1: Failed modifying TRXUSD
0	12:55:21.215	trend_dtrader XTIUSD,H1: Failed modifying UNIUSD
0	12:55:22.211	trend_dtrader XTIUSD,H1: Failed modifying USDCAD
0	12:55:23.213	trend_dtrader XTIUSD,H1: Failed modifying USDCHF
0	12:55:24.213	trend_dtrader XTIUSD,H1: Failed modifying USDJPY
0	12:55:25.212	trend_dtrader XTIUSD,H1: Failed modifying USDMXN
0	12:55:26.353	trend_dtrader XTIUSD,H1: Failed modifying USDZAR
0	12:55:27.291	trend_dtrader XTIUSD,H1: Failed modifying XAGUSD
0	12:55:28.212	trend_dtrader XTIUSD,H1: Failed modifying XAUUSD
0	12:55:29.210	trend_dtrader XTIUSD,H1: Failed modifying XBRUSD
0	12:55:30.212	trend_dtrader XTIUSD,H1: Failed modifying XNGUSD
0	12:55:31.230	trend_dtrader XTIUSD,H1: Failed modifying XRPUSD
0	12:55:32.215	trend_dtrader XTIUSD,H1: Failed modifying XTIUSD
0	12:55:33.278	trend_dtrader XTIUSD,H1: Failed modifying AAVEUSD
0	12:55:34.228	trend_dtrader XTIUSD,H1: Failed modifying ADAUSD
0	12:55:35.230	trend_dtrader XTIUSD,H1: Failed modifying ALGOUSD
0	12:55:36.212	trend_dtrader XTIUSD,H1: Failed modifying ATOMUSD
0	12:55:37.211	trend_dtrader XTIUSD,H1: Failed modifying AUDUSD
0	12:55:38.211	trend_dtrader XTIUSD,H1: Failed modifying AVAXUSD
0	12:55:39.211	trend_dtrader XTIUSD,H1: Failed modifying AXSUSD
0	12:55:40.212	trend_dtrader XTIUSD,H1: Failed modifying BCHUSD
0	12:55:41.211	trend_dtrader XTIUSD,H1: Failed modifying BNBUSD
0	12:55:42.211	trend_dtrader XTIUSD,H1: Failed modifying BTCUSD
0	12:55:43.211	trend_dtrader XTIUSD,H1: Failed modifying DASHUSD
0	12:55:44.211	trend_dtrader XTIUSD,H1: Failed modifying DOGEUSD
0	12:55:45.211	trend_dtrader XTIUSD,H1: Failed modifying DOTUSD
0	12:55:46.211	trend_dtrader XTIUSD,H1: Failed modifying ETCUSD
0	12:55:47.211	trend_dtrader XTIUSD,H1: Failed modifying ETHUSD
0	12:55:48.211	trend_dtrader XTIUSD,H1: Failed modifying EURUSD
0	12:55:49.211	trend_dtrader XTIUSD,H1: Failed modifying FILUSD
0	12:55:50.212	trend_dtrader XTIUSD,H1: Failed modifying FTMUSD
0	12:55:51.211	trend_dtrader XTIUSD,H1: Failed modifying GBPUSD
0	12:55:52.211	trend_dtrader XTIUSD,H1: Failed modifying GRTUSD
0	12:55:53.211	trend_dtrader XTIUSD,H1: Failed modifying ICPUSD
0	12:55:54.211	trend_dtrader XTIUSD,H1: Failed modifying IOTAUSD
0	12:55:55.211	trend_dtrader XTIUSD,H1: Failed modifying LINKUSD
0	12:55:56.212	trend_dtrader XTIUSD,H1: Failed modifying LRCUSD
0	12:55:57.211	trend_dtrader XTIUSD,H1: Failed modifying LTCUSD
0	12:55:58.223	trend_dtrader XTIUSD,H1: Failed modifying MANAUSD
0	12:55:59.210	trend_dtrader XTIUSD,H1: Failed modifying MATICUSD
0	12:56:00.231	trend_dtrader XTIUSD,H1: Failed modifying NEARUSD
0	12:56:01.211	trend_dtrader XTIUSD,H1: Failed modifying NZDUSD
0	12:56:02.211	trend_dtrader XTIUSD,H1: Failed modifying SOLUSD
0	12:56:03.211	trend_dtrader XTIUSD,H1: Failed modifying TRXUSD
0	12:56:04.210	trend_dtrader XTIUSD,H1: Failed modifying UNIUSD
0	12:56:05.211	trend_dtrader XTIUSD,H1: Failed modifying USDCAD
0	12:56:06.210	trend_dtrader XTIUSD,H1: Failed modifying USDCHF
0	12:56:07.211	trend_dtrader XTIUSD,H1: Failed modifying USDJPY
0	12:56:08.211	trend_dtrader XTIUSD,H1: Failed modifying USDMXN
0	12:56:09.211	trend_dtrader XTIUSD,H1: Failed modifying USDZAR
0	12:56:10.227	trend_dtrader XTIUSD,H1: Failed modifying XAGUSD
0	12:56:11.211	trend_dtrader XTIUSD,H1: Failed modifying XAUUSD
0	12:56:12.210	trend_dtrader XTIUSD,H1: Failed modifying XBRUSD
0	12:56:13.211	trend_dtrader XTIUSD,H1: Failed modifying XNGUSD
0	12:56:14.211	trend_dtrader XTIUSD,H1: Failed modifying XRPUSD
0	12:56:15.211	trend_dtrader XTIUSD,H1: Failed modifying XTIUSD
0	12:56:16.211	trend_dtrader XTIUSD,H1: Failed modifying AAVEUSD
0	12:56:17.211	trend_dtrader XTIUSD,H1: Failed modifying ADAUSD
0	12:56:18.211	trend_dtrader XTIUSD,H1: Failed modifying ALGOUSD
0	12:56:19.211	trend_dtrader XTIUSD,H1: Failed modifying ATOMUSD
0	12:56:20.211	trend_dtrader XTIUSD,H1: Failed modifying AUDUSD
0	12:56:21.211	trend_dtrader XTIUSD,H1: Failed modifying AVAXUSD
0	12:56:22.211	trend_dtrader XTIUSD,H1: Failed modifying AXSUSD
0	12:56:23.210	trend_dtrader XTIUSD,H1: Failed modifying BCHUSD
0	12:56:24.210	trend_dtrader XTIUSD,H1: Failed modifying BNBUSD
0	12:56:25.210	trend_dtrader XTIUSD,H1: Failed modifying BTCUSD
0	12:56:26.213	trend_dtrader XTIUSD,H1: Failed modifying DASHUSD
0	12:56:27.210	trend_dtrader XTIUSD,H1: Failed modifying DOGEUSD
0	12:56:28.211	trend_dtrader XTIUSD,H1: Failed modifying DOTUSD
0	12:56:29.211	trend_dtrader XTIUSD,H1: Failed modifying ETCUSD
0	12:56:30.211	trend_dtrader XTIUSD,H1: Failed modifying ETHUSD
0	12:56:31.211	trend_dtrader XTIUSD,H1: Failed modifying EURUSD
0	12:56:32.210	trend_dtrader XTIUSD,H1: Failed modifying FILUSD
0	12:56:33.211	trend_dtrader XTIUSD,H1: Failed modifying FTMUSD
0	12:56:34.210	trend_dtrader XTIUSD,H1: Failed modifying GBPUSD
0	12:56:35.212	trend_dtrader XTIUSD,H1: Failed modifying GRTUSD
0	12:56:36.210	trend_dtrader XTIUSD,H1: Failed modifying ICPUSD
0	12:56:37.211	trend_dtrader XTIUSD,H1: Failed modifying IOTAUSD
0	12:56:38.211	trend_dtrader XTIUSD,H1: Failed modifying LINKUSD
0	12:56:39.211	trend_dtrader XTIUSD,H1: Failed modifying LRCUSD
0	12:56:40.210	trend_dtrader XTIUSD,H1: Failed modifying LTCUSD
0	12:56:41.210	trend_dtrader XTIUSD,H1: Failed modifying MANAUSD
0	12:56:42.210	trend_dtrader XTIUSD,H1: Failed modifying MATICUSD
0	12:56:43.210	trend_dtrader XTIUSD,H1: Failed modifying NEARUSD
0	12:56:44.211	trend_dtrader XTIUSD,H1: Failed modifying NZDUSD
0	12:56:45.210	trend_dtrader XTIUSD,H1: Failed modifying SOLUSD
0	12:56:46.211	trend_dtrader XTIUSD,H1: Failed modifying TRXUSD
0	12:56:47.211	trend_dtrader XTIUSD,H1: Failed modifying UNIUSD
0	12:56:48.210	trend_dtrader XTIUSD,H1: Failed modifying USDCAD
0	12:56:49.210	trend_dtrader XTIUSD,H1: Failed modifying USDCHF
0	12:56:50.210	trend_dtrader XTIUSD,H1: Failed modifying USDJPY
0	12:56:51.210	trend_dtrader XTIUSD,H1: Failed modifying USDMXN
0	12:56:52.210	trend_dtrader XTIUSD,H1: Failed modifying USDZAR
0	12:56:53.210	trend_dtrader XTIUSD,H1: Failed modifying XAGUSD
0	12:56:54.210	trend_dtrader XTIUSD,H1: Failed modifying XAUUSD
0	12:56:55.210	trend_dtrader XTIUSD,H1: Failed modifying XBRUSD
0	12:56:56.213	trend_dtrader XTIUSD,H1: Failed modifying XNGUSD
0	12:56:57.210	trend_dtrader XTIUSD,H1: Failed modifying XRPUSD
0	12:56:58.210	trend_dtrader XTIUSD,H1: Failed modifying XTIUSD
0	12:56:59.211	trend_dtrader XTIUSD,H1: Failed modifying AAVEUSD
0	12:57:00.214	trend_dtrader XTIUSD,H1: Failed modifying ADAUSD
0	12:57:01.211	trend_dtrader XTIUSD,H1: Failed modifying ALGOUSD
0	12:57:02.210	trend_dtrader XTIUSD,H1: Failed modifying ATOMUSD
0	12:57:03.210	trend_dtrader XTIUSD,H1: Failed modifying AUDUSD
0	12:57:04.210	trend_dtrader XTIUSD,H1: Failed modifying AVAXUSD
0	12:57:05.210	trend_dtrader XTIUSD,H1: Failed modifying AXSUSD
0	12:57:06.210	trend_dtrader XTIUSD,H1: Failed modifying BCHUSD
0	12:57:07.210	trend_dtrader XTIUSD,H1: Failed modifying BNBUSD
0	12:57:08.210	trend_dtrader XTIUSD,H1: Failed modifying BTCUSD
0	12:57:09.210	trend_dtrader XTIUSD,H1: Failed modifying DASHUSD
0	12:57:10.210	trend_dtrader XTIUSD,H1: Failed modifying DOGEUSD
0	12:57:11.211	trend_dtrader XTIUSD,H1: Failed modifying DOTUSD
0	12:57:12.211	trend_dtrader XTIUSD,H1: Failed modifying ETCUSD
0	12:57:13.211	trend_dtrader XTIUSD,H1: Failed modifying ETHUSD
0	12:57:14.210	trend_dtrader XTIUSD,H1: Failed modifying EURUSD
0	12:57:15.210	trend_dtrader XTIUSD,H1: Failed modifying FILUSD
0	12:57:16.210	trend_dtrader XTIUSD,H1: Failed modifying FTMUSD
0	12:57:17.210	trend_dtrader XTIUSD,H1: Failed modifying GBPUSD
0	12:57:18.210	trend_dtrader XTIUSD,H1: Failed modifying GRTUSD
0	12:57:19.210	trend_dtrader XTIUSD,H1: Failed modifying ICPUSD
0	12:57:20.210	trend_dtrader XTIUSD,H1: Failed modifying IOTAUSD
0	12:57:21.210	trend_dtrader XTIUSD,H1: Failed modifying LINKUSD
0	12:57:22.210	trend_dtrader XTIUSD,H1: Failed modifying LRCUSD
0	12:57:23.210	trend_dtrader XTIUSD,H1: Failed modifying LTCUSD
0	12:57:24.210	trend_dtrader XTIUSD,H1: Failed modifying MANAUSD
0	12:57:25.210	trend_dtrader XTIUSD,H1: Failed modifying MATICUSD
0	12:57:26.211	trend_dtrader XTIUSD,H1: Failed modifying NEARUSD
0	12:57:27.210	trend_dtrader XTIUSD,H1: Failed modifying NZDUSD
0	12:57:28.210	trend_dtrader XTIUSD,H1: Failed modifying SOLUSD
0	12:57:29.210	trend_dtrader XTIUSD,H1: Failed modifying TRXUSD
0	12:57:30.210	trend_dtrader XTIUSD,H1: Failed modifying UNIUSD
0	12:57:31.210	trend_dtrader XTIUSD,H1: Failed modifying USDCAD
0	12:57:32.210	trend_dtrader XTIUSD,H1: Failed modifying USDCHF
0	12:57:33.210	trend_dtrader XTIUSD,H1: Failed modifying USDJPY
0	12:57:34.210	trend_dtrader XTIUSD,H1: Failed modifying USDMXN
0	12:57:35.210	trend_dtrader XTIUSD,H1: Failed modifying USDZAR
0	12:57:36.210	trend_dtrader XTIUSD,H1: Failed modifying XAGUSD
0	12:57:37.210	trend_dtrader XTIUSD,H1: Failed modifying XAUUSD
0	12:57:38.210	trend_dtrader XTIUSD,H1: Failed modifying XBRUSD
0	12:57:39.210	trend_dtrader XTIUSD,H1: Failed modifying XNGUSD
0	12:57:40.210	trend_dtrader XTIUSD,H1: Failed modifying XRPUSD
0	12:57:41.210	trend_dtrader XTIUSD,H1: Failed modifying XTIUSD
0	12:57:42.210	trend_dtrader XTIUSD,H1: Failed modifying AAVEUSD
0	12:57:43.210	trend_dtrader XTIUSD,H1: Failed modifying ADAUSD
0	12:57:44.210	trend_dtrader XTIUSD,H1: Failed modifying ALGOUSD
0	12:57:45.210	trend_dtrader XTIUSD,H1: Failed modifying ATOMUSD
0	12:57:46.210	trend_dtrader XTIUSD,H1: Failed modifying AUDUSD
0	12:57:47.210	trend_dtrader XTIUSD,H1: Failed modifying AVAXUSD
0	12:57:48.210	trend_dtrader XTIUSD,H1: Failed modifying AXSUSD
0	12:57:49.213	trend_dtrader XTIUSD,H1: Failed modifying BCHUSD
0	12:57:50.211	trend_dtrader XTIUSD,H1: Failed modifying BNBUSD
0	12:57:51.210	trend_dtrader XTIUSD,H1: Failed modifying BTCUSD
0	12:57:52.210	trend_dtrader XTIUSD,H1: Failed modifying DASHUSD
0	12:57:53.210	trend_dtrader XTIUSD,H1: Failed modifying DOGEUSD
0	12:57:54.210	trend_dtrader XTIUSD,H1: Failed modifying DOTUSD
0	12:57:55.210	trend_dtrader XTIUSD,H1: Failed modifying ETCUSD
0	12:57:56.212	trend_dtrader XTIUSD,H1: Failed modifying ETHUSD
0	12:57:57.210	trend_dtrader XTIUSD,H1: Failed modifying EURUSD
0	12:57:58.211	trend_dtrader XTIUSD,H1: Failed modifying FILUSD
0	12:57:59.210	trend_dtrader XTIUSD,H1: Failed modifying FTMUSD
0	12:58:00.210	trend_dtrader XTIUSD,H1: Failed modifying GBPUSD
0	12:58:01.210	trend_dtrader XTIUSD,H1: Failed modifying GRTUSD
0	12:58:02.237	trend_dtrader XTIUSD,H1: Failed modifying ICPUSD
0	12:58:03.210	trend_dtrader XTIUSD,H1: Failed modifying IOTAUSD
0	12:58:04.210	trend_dtrader XTIUSD,H1: Failed modifying LINKUSD
0	12:58:05.210	trend_dtrader XTIUSD,H1: Failed modifying LRCUSD
0	12:58:06.209	trend_dtrader XTIUSD,H1: Failed modifying LTCUSD
0	12:58:07.209	trend_dtrader XTIUSD,H1: Failed modifying MANAUSD
0	12:58:08.210	trend_dtrader XTIUSD,H1: Failed modifying MATICUSD
0	12:58:09.242	trend_dtrader XTIUSD,H1: Failed modifying NEARUSD
0	12:58:10.210	trend_dtrader XTIUSD,H1: Failed modifying NZDUSD
0	12:58:11.210	trend_dtrader XTIUSD,H1: Failed modifying SOLUSD
0	12:58:12.210	trend_dtrader XTIUSD,H1: Failed modifying TRXUSD
0	12:58:13.210	trend_dtrader XTIUSD,H1: Failed modifying UNIUSD
0	12:58:14.212	trend_dtrader XTIUSD,H1: Failed modifying USDCAD
0	12:58:15.212	trend_dtrader XTIUSD,H1: Failed modifying USDCHF
0	12:58:16.210	trend_dtrader XTIUSD,H1: Failed modifying USDJPY
0	12:58:17.210	trend_dtrader XTIUSD,H1: Failed modifying USDMXN
0	12:58:18.210	trend_dtrader XTIUSD,H1: Failed modifying USDZAR
0	12:58:19.210	trend_dtrader XTIUSD,H1: Failed modifying XAGUSD
0	12:58:20.210	trend_dtrader XTIUSD,H1: Failed modifying XAUUSD
0	12:58:21.210	trend_dtrader XTIUSD,H1: Failed modifying XBRUSD
0	12:58:22.210	trend_dtrader XTIUSD,H1: Failed modifying XNGUSD
0	12:58:23.210	trend_dtrader XTIUSD,H1: Failed modifying XRPUSD
0	12:58:24.209	trend_dtrader XTIUSD,H1: Failed modifying XTIUSD
0	12:58:25.211	trend_dtrader XTIUSD,H1: Failed modifying AAVEUSD
0	12:58:26.211	trend_dtrader XTIUSD,H1: Failed modifying ADAUSD
0	12:58:27.211	trend_dtrader XTIUSD,H1: Failed modifying ALGOUSD
0	12:58:28.211	trend_dtrader XTIUSD,H1: Failed modifying ATOMUSD
0	12:58:29.210	trend_dtrader XTIUSD,H1: Failed modifying AUDUSD
0	12:58:30.210	trend_dtrader XTIUSD,H1: Failed modifying AVAXUSD
0	12:58:31.210	trend_dtrader XTIUSD,H1: Failed modifying AXSUSD
0	12:58:32.211	trend_dtrader XTIUSD,H1: Failed modifying BCHUSD
0	12:58:33.210	trend_dtrader XTIUSD,H1: Failed modifying BNBUSD
0	12:58:34.210	trend_dtrader XTIUSD,H1: Failed modifying BTCUSD
0	12:58:35.210	trend_dtrader XTIUSD,H1: Failed modifying DASHUSD
0	12:58:36.210	trend_dtrader XTIUSD,H1: Failed modifying DOGEUSD
0	12:58:37.210	trend_dtrader XTIUSD,H1: Failed modifying DOTUSD
0	12:58:38.210	trend_dtrader XTIUSD,H1: Failed modifying ETCUSD
0	12:58:39.210	trend_dtrader XTIUSD,H1: Failed modifying ETHUSD
0	12:58:40.210	trend_dtrader XTIUSD,H1: Failed modifying EURUSD
0	12:58:41.210	trend_dtrader XTIUSD,H1: Failed modifying FILUSD
0	12:58:42.210	trend_dtrader XTIUSD,H1: Failed modifying FTMUSD
0	12:58:43.210	trend_dtrader XTIUSD,H1: Failed modifying GBPUSD
0	12:58:44.210	trend_dtrader XTIUSD,H1: Failed modifying GRTUSD
0	12:58:45.209	trend_dtrader XTIUSD,H1: Failed modifying ICPUSD
0	12:58:46.209	trend_dtrader XTIUSD,H1: Failed modifying IOTAUSD
0	12:58:47.209	trend_dtrader XTIUSD,H1: Failed modifying LINKUSD
0	12:58:48.210	trend_dtrader XTIUSD,H1: Failed modifying LRCUSD
0	12:58:49.210	trend_dtrader XTIUSD,H1: Failed modifying LTCUSD
0	12:58:50.209	trend_dtrader XTIUSD,H1: Failed modifying MANAUSD
0	12:58:51.210	trend_dtrader XTIUSD,H1: Failed modifying MATICUSD
0	12:58:52.209	trend_dtrader XTIUSD,H1: Failed modifying NEARUSD
0	12:58:53.209	trend_dtrader XTIUSD,H1: Failed modifying NZDUSD
0	12:58:54.210	trend_dtrader XTIUSD,H1: Failed modifying SOLUSD
0	12:58:55.210	trend_dtrader XTIUSD,H1: Failed modifying TRXUSD
0	12:58:56.210	trend_dtrader XTIUSD,H1: Failed modifying UNIUSD
0	12:58:57.209	trend_dtrader XTIUSD,H1: Failed modifying USDCAD
0	12:58:58.209	trend_dtrader XTIUSD,H1: Failed modifying USDCHF
0	12:58:59.209	trend_dtrader XTIUSD,H1: Alert: Please check your internet connection
0	12:59:00.208	trend_dtrader XTIUSD,H1: Alert: Please check your internet connection
0	12:59:01.210	trend_dtrader XTIUSD,H1: Alert: Please check your internet connection
0	12:59:02.209	trend_dtrader XTIUSD,H1: Alert: Please check your internet connection
0	12:59:03.210	trend_dtrader XTIUSD,H1: Failed modifying USDJPY
0	12:59:04.209	trend_dtrader XTIUSD,H1: Alert: Please check your internet connection
0	12:59:05.208	trend_dtrader XTIUSD,H1: Alert: Please check your internet connection
0	12:59:06.209	trend_dtrader XTIUSD,H1: Alert: Please check your internet connection
0	12:59:07.209	trend_dtrader XTIUSD,H1: Alert: Please check your internet connection
0	12:59:08.209	trend_dtrader XTIUSD,H1: Alert: Please check your internet connection
0	12:59:09.208	trend_dtrader XTIUSD,H1: Alert: Please check your internet connection
0	12:59:10.209	trend_dtrader XTIUSD,H1: Alert: Please check your internet connection
0	12:59:11.681	trend_dtrader XTIUSD,H1: Failed modifying USDMXN
0	12:59:12.215	trend_dtrader XTIUSD,H1: Failed modifying USDZAR
0	12:59:13.284	trend_dtrader XTIUSD,H1: Failed modifying XAGUSD
0	12:59:14.223	trend_dtrader XTIUSD,H1: Failed modifying XAUUSD
0	12:59:15.210	trend_dtrader XTIUSD,H1: Failed modifying XBRUSD
0	12:59:16.349	trend_dtrader XTIUSD,H1: Failed modifying XNGUSD
0	12:59:17.217	trend_dtrader XTIUSD,H1: Alert: Please check your internet connection
0	12:59:18.209	trend_dtrader XTIUSD,H1: Alert: Please check your internet connection
0	12:59:19.210	trend_dtrader XTIUSD,H1: Failed modifying XRPUSD
0	12:59:20.453	trend_dtrader XTIUSD,H1: Failed modifying XTIUSD
0	12:59:21.504	trend_dtrader XTIUSD,H1: Failed modifying AAVEUSD
0	12:59:22.310	trend_dtrader XTIUSD,H1: Failed modifying ADAUSD
0	12:59:23.211	trend_dtrader XTIUSD,H1: Failed modifying ALGOUSD
0	12:59:24.210	trend_dtrader XTIUSD,H1: Failed modifying ATOMUSD
0	12:59:25.297	trend_dtrader XTIUSD,H1: Failed modifying AUDUSD
0	12:59:26.511	trend_dtrader XTIUSD,H1: Failed modifying AVAXUSD
0	12:59:27.216	trend_dtrader XTIUSD,H1: Failed modifying AXSUSD
0	12:59:28.230	trend_dtrader XTIUSD,H1: Failed modifying BCHUSD
0	12:59:29.210	trend_dtrader XTIUSD,H1: Failed modifying BNBUSD
0	12:59:30.210	trend_dtrader XTIUSD,H1: Failed modifying BTCUSD
0	12:59:31.210	trend_dtrader XTIUSD,H1: Failed modifying DASHUSD
0	12:59:32.210	trend_dtrader XTIUSD,H1: Failed modifying DOGEUSD
0	12:59:33.210	trend_dtrader XTIUSD,H1: Failed modifying DOTUSD
0	12:59:34.211	trend_dtrader XTIUSD,H1: Failed modifying ETCUSD
0	12:59:35.219	trend_dtrader XTIUSD,H1: Failed modifying ETHUSD
0	12:59:36.212	trend_dtrader XTIUSD,H1: Failed modifying EURUSD
0	12:59:37.210	trend_dtrader XTIUSD,H1: Failed modifying FILUSD
0	12:59:38.217	trend_dtrader XTIUSD,H1: Failed modifying FTMUSD
0	12:59:39.211	trend_dtrader XTIUSD,H1: Failed modifying GBPUSD
0	12:59:40.306	trend_dtrader XTIUSD,H1: Failed modifying GRTUSD
0	12:59:41.389	trend_dtrader XTIUSD,H1: Failed modifying ICPUSD
0	12:59:42.255	trend_dtrader XTIUSD,H1: Failed modifying IOTAUSD
0	12:59:43.226	trend_dtrader XTIUSD,H1: Failed modifying LINKUSD
0	12:59:44.373	trend_dtrader XTIUSD,H1: Failed modifying LRCUSD
0	12:59:45.283	trend_dtrader XTIUSD,H1: Failed modifying LTCUSD
0	12:59:46.210	trend_dtrader XTIUSD,H1: Failed modifying MANAUSD
0	12:59:47.235	trend_dtrader XTIUSD,H1: Failed modifying MATICUSD
0	12:59:48.209	trend_dtrader XTIUSD,H1: Failed modifying NEARUSD
0	12:59:49.222	trend_dtrader XTIUSD,H1: Failed modifying NZDUSD
0	12:59:50.215	trend_dtrader XTIUSD,H1: Failed modifying SOLUSD
0	12:59:51.212	trend_dtrader XTIUSD,H1: Failed modifying TRXUSD
0	12:59:52.390	trend_dtrader XTIUSD,H1: Failed modifying UNIUSD
0	12:59:53.453	trend_dtrader XTIUSD,H1: Failed modifying USDCAD
0	12:59:54.215	trend_dtrader XTIUSD,H1: Failed modifying USDCHF
0	12:59:55.439	trend_dtrader XTIUSD,H1: Failed modifying USDJPY
0	12:59:57.029	trend_dtrader XTIUSD,H1: Failed modifying USDMXN
0	12:59:57.212	trend_dtrader XTIUSD,H1: Failed modifying USDZAR
0	12:59:58.216	trend_dtrader XTIUSD,H1: Failed modifying XAGUSD
0	12:59:59.221	trend_dtrader XTIUSD,H1: Failed modifying XAUUSD
0	13:00:00.284	trend_dtrader XTIUSD,H1: Failed modifying XBRUSD
0	13:00:02.241	trend_dtrader XTIUSD,H1: Failed modifying XNGUSD
0	13:00:04.403	trend_dtrader XTIUSD,H1: Failed modifying XRPUSD
0	13:00:05.209	trend_dtrader XTIUSD,H1: Failed modifying XTIUSD
0	13:00:06.246	trend_dtrader XTIUSD,H1: Failed modifying AAVEUSD
0	13:00:07.210	trend_dtrader XTIUSD,H1: Failed modifying ADAUSD
0	13:00:08.571	trend_dtrader XTIUSD,H1: Failed modifying ALGOUSD
0	13:00:09.211	trend_dtrader XTIUSD,H1: Failed modifying ATOMUSD
0	13:00:12.340	trend_dtrader XTIUSD,H1: Failed modifying AUDUSD
0	13:00:15.269	trend_dtrader XTIUSD,H1: Failed modifying AVAXUSD
0	13:00:16.423	trend_dtrader XTIUSD,H1: Failed modifying AXSUSD
0	13:00:17.330	trend_dtrader XTIUSD,H1: Failed modifying BCHUSD
0	13:00:18.587	trend_dtrader XTIUSD,H1: Failed modifying BNBUSD
0	13:00:19.210	trend_dtrader XTIUSD,H1: Failed modifying BTCUSD
0	13:00:20.525	trend_dtrader XTIUSD,H1: Failed modifying DASHUSD
0	13:00:21.553	trend_dtrader XTIUSD,H1: Failed modifying DOGEUSD
0	13:00:22.639	trend_dtrader XTIUSD,H1: Failed modifying DOTUSD
0	13:00:23.495	trend_dtrader XTIUSD,H1: Failed modifying ETCUSD
0	13:00:24.547	trend_dtrader XTIUSD,H1: Failed modifying ETHUSD
0	13:00:26.571	trend_dtrader XTIUSD,H1: Failed modifying EURUSD
0	13:00:27.213	trend_dtrader XTIUSD,H1: Failed modifying FILUSD
0	13:00:28.211	trend_dtrader XTIUSD,H1: Failed modifying FTMUSD
0	13:00:29.297	trend_dtrader XTIUSD,H1: Failed modifying GBPUSD
0	13:00:30.343	trend_dtrader XTIUSD,H1: Failed modifying GRTUSD
0	13:00:31.250	trend_dtrader XTIUSD,H1: Failed modifying ICPUSD
0	13:00:32.227	trend_dtrader XTIUSD,H1: Failed modifying IOTAUSD
0	13:00:33.634	trend_dtrader XTIUSD,H1: Failed modifying LINKUSD
0	13:00:34.246	trend_dtrader XTIUSD,H1: Failed modifying LRCUSD
0	13:00:35.232	trend_dtrader XTIUSD,H1: Failed modifying LTCUSD
0	13:00:36.978	trend_dtrader XTIUSD,H1: Failed modifying MANAUSD
0	13:00:37.288	trend_dtrader XTIUSD,H1: Failed modifying MATICUSD
0	13:00:38.209	trend_dtrader XTIUSD,H1: Failed modifying NEARUSD
0	13:00:39.348	trend_dtrader XTIUSD,H1: Failed modifying NZDUSD
0	13:00:41.073	trend_dtrader XTIUSD,H1: Failed modifying SOLUSD
0	13:00:41.228	trend_dtrader XTIUSD,H1: Failed modifying TRXUSD
0	13:00:42.209	trend_dtrader XTIUSD,H1: Failed modifying UNIUSD
0	13:00:43.387	trend_dtrader XTIUSD,H1: Failed modifying USDCAD
0	13:00:44.478	trend_dtrader XTIUSD,H1: Failed modifying USDCHF
0	13:00:45.391	trend_dtrader XTIUSD,H1: Failed modifying USDJPY
0	13:00:46.210	trend_dtrader XTIUSD,H1: Failed modifying USDMXN
0	13:00:47.223	trend_dtrader XTIUSD,H1: Failed modifying USDZAR
0	13:00:48.352	trend_dtrader XTIUSD,H1: Failed modifying XAGUSD
0	13:00:49.277	trend_dtrader XTIUSD,H1: Failed modifying XAUUSD
0	13:00:50.459	trend_dtrader XTIUSD,H1: Failed modifying XBRUSD
0	13:00:52.138	trend_dtrader XTIUSD,H1: Failed modifying XNGUSD
0	13:00:52.354	trend_dtrader XTIUSD,H1: Failed modifying XRPUSD
0	13:00:53.213	trend_dtrader XTIUSD,H1: Failed modifying XTIUSD
0	13:00:54.468	trend_dtrader XTIUSD,H1: Failed modifying AAVEUSD
0	13:00:55.325	trend_dtrader XTIUSD,H1: Failed modifying ADAUSD
0	13:00:57.146	trend_dtrader XTIUSD,H1: Failed modifying ALGOUSD
0	13:00:57.210	trend_dtrader XTIUSD,H1: Failed modifying ATOMUSD
0	13:00:58.447	trend_dtrader XTIUSD,H1: Failed modifying AUDUSD
0	13:00:59.232	trend_dtrader XTIUSD,H1: Failed modifying AVAXUSD
0	13:01:02.641	trend_dtrader XTIUSD,H1: Failed modifying AXSUSD
0	13:01:03.938	trend_dtrader XTIUSD,H1: Failed modifying BCHUSD
0	13:01:04.276	trend_dtrader XTIUSD,H1: Failed modifying BNBUSD
0	13:01:06.941	trend_dtrader XTIUSD,H1: Failed modifying BTCUSD
0	13:01:07.269	trend_dtrader XTIUSD,H1: Failed modifying DASHUSD
0	13:01:08.241	trend_dtrader XTIUSD,H1: Failed modifying DOGEUSD
0	13:01:09.347	trend_dtrader XTIUSD,H1: Failed modifying DOTUSD
0	13:01:11.384	trend_dtrader XTIUSD,H1: Failed modifying ETCUSD
0	13:01:12.387	trend_dtrader XTIUSD,H1: Failed modifying ETHUSD
0	13:01:13.282	trend_dtrader XTIUSD,H1: Failed modifying EURUSD
0	13:01:14.287	trend_dtrader XTIUSD,H1: Failed modifying FILUSD
0	13:01:15.209	trend_dtrader XTIUSD,H1: Failed modifying FTMUSD
0	13:01:16.574	trend_dtrader XTIUSD,H1: Failed modifying GBPUSD
0	13:01:17.585	trend_dtrader XTIUSD,H1: Failed modifying GRTUSD
0	13:01:18.225	trend_dtrader XTIUSD,H1: Failed modifying ICPUSD
0	13:01:19.283	trend_dtrader XTIUSD,H1: Failed modifying IOTAUSD
0	13:01:20.365	trend_dtrader XTIUSD,H1: Failed modifying LINKUSD
0	13:01:21.422	trend_dtrader XTIUSD,H1: Failed modifying LRCUSD
0	13:01:22.209	trend_dtrader XTIUSD,H1: Failed modifying LTCUSD
0	13:01:23.331	trend_dtrader XTIUSD,H1: Failed modifying MANAUSD
0	13:01:24.306	trend_dtrader XTIUSD,H1: Failed modifying MATICUSD
0	13:01:25.229	trend_dtrader XTIUSD,H1: Failed modifying NEARUSD
0	13:01:27.170	trend_dtrader XTIUSD,H1: Failed modifying NZDUSD
0	13:01:27.215	trend_dtrader XTIUSD,H1: Failed modifying SOLUSD
0	13:01:28.564	trend_dtrader XTIUSD,H1: Failed modifying TRXUSD
0	13:01:29.209	trend_dtrader XTIUSD,H1: Failed modifying UNIUSD
0	13:01:30.300	trend_dtrader XTIUSD,H1: Failed modifying USDCAD
0	13:01:31.463	trend_dtrader XTIUSD,H1: Failed modifying USDCHF
0	13:01:32.271	trend_dtrader XTIUSD,H1: Failed modifying USDJPY
0	13:01:33.232	trend_dtrader XTIUSD,H1: Failed modifying USDMXN
0	13:01:34.807	trend_dtrader XTIUSD,H1: Failed modifying USDZAR
0	13:01:35.452	trend_dtrader XTIUSD,H1: Failed modifying XAGUSD
0	13:01:36.582	trend_dtrader XTIUSD,H1: Failed modifying XAUUSD
0	13:01:37.239	trend_dtrader XTIUSD,H1: Failed modifying XBRUSD
0	13:01:38.254	trend_dtrader XTIUSD,H1: Failed modifying XNGUSD
0	13:01:39.209	trend_dtrader XTIUSD,H1: Failed modifying XRPUSD
0	13:01:40.287	trend_dtrader XTIUSD,H1: Failed modifying XTIUSD
0	13:01:41.366	trend_dtrader XTIUSD,H1: Failed modifying AAVEUSD
0	13:01:42.210	trend_dtrader XTIUSD,H1: Failed modifying ADAUSD
0	13:01:43.455	trend_dtrader XTIUSD,H1: Failed modifying ALGOUSD
0	13:01:44.510	trend_dtrader XTIUSD,H1: Failed modifying ATOMUSD
0	13:01:45.243	trend_dtrader XTIUSD,H1: Failed modifying AUDUSD
0	13:01:46.210	trend_dtrader XTIUSD,H1: Failed modifying AVAXUSD
0	13:01:47.210	trend_dtrader XTIUSD,H1: Failed modifying AXSUSD
0	13:01:48.212	trend_dtrader XTIUSD,H1: Failed modifying BCHUSD
0	13:01:49.223	trend_dtrader XTIUSD,H1: Failed modifying BNBUSD
0	13:01:50.210	trend_dtrader XTIUSD,H1: Failed modifying BTCUSD
0	13:01:51.210	trend_dtrader XTIUSD,H1: Failed modifying DASHUSD
0	13:01:52.209	trend_dtrader XTIUSD,H1: Failed modifying DOGEUSD
0	13:01:53.322	trend_dtrader XTIUSD,H1: Failed modifying DOTUSD
0	13:01:54.271	trend_dtrader XTIUSD,H1: Failed modifying ETCUSD
0	13:01:55.210	trend_dtrader XTIUSD,H1: Failed modifying ETHUSD
0	13:01:56.309	trend_dtrader XTIUSD,H1: Failed modifying EURUSD
0	13:01:57.505	trend_dtrader XTIUSD,H1: Failed modifying FILUSD
0	13:01:58.548	trend_dtrader XTIUSD,H1: Failed modifying FTMUSD
0	13:01:59.211	trend_dtrader XTIUSD,H1: Failed modifying GBPUSD
0	13:02:00.422	trend_dtrader XTIUSD,H1: Failed modifying GRTUSD
0	13:02:01.222	trend_dtrader XTIUSD,H1: Failed modifying ICPUSD
0	13:02:02.212	trend_dtrader XTIUSD,H1: Failed modifying IOTAUSD
0	13:02:03.295	trend_dtrader XTIUSD,H1: Failed modifying LINKUSD
0	13:02:04.383	trend_dtrader XTIUSD,H1: Failed modifying LRCUSD
0	13:02:05.374	trend_dtrader XTIUSD,H1: Failed modifying LTCUSD
0	13:02:06.209	trend_dtrader XTIUSD,H1: Failed modifying MANAUSD
0	13:02:07.210	trend_dtrader XTIUSD,H1: Failed modifying MATICUSD
0	13:02:08.427	trend_dtrader XTIUSD,H1: Failed modifying NEARUSD
0	13:02:09.211	trend_dtrader XTIUSD,H1: Failed modifying NZDUSD
0	13:02:10.403	trend_dtrader XTIUSD,H1: Failed modifying SOLUSD
0	13:02:11.743	trend_dtrader XTIUSD,H1: Failed modifying TRXUSD
0	13:02:12.209	trend_dtrader XTIUSD,H1: Failed modifying UNIUSD
0	13:02:13.339	trend_dtrader XTIUSD,H1: Failed modifying USDCAD
0	13:02:14.242	trend_dtrader XTIUSD,H1: Failed modifying USDCHF
0	13:02:15.211	trend_dtrader XTIUSD,H1: Failed modifying USDJPY
0	13:02:16.816	trend_dtrader XTIUSD,H1: Failed modifying USDMXN
0	13:02:17.572	trend_dtrader XTIUSD,H1: Failed modifying USDZAR
0	13:02:18.280	trend_dtrader XTIUSD,H1: Failed modifying XAGUSD
0	13:02:19.349	trend_dtrader XTIUSD,H1: Failed modifying XAUUSD
0	13:02:20.532	trend_dtrader XTIUSD,H1: Failed modifying XBRUSD
0	13:02:21.337	trend_dtrader XTIUSD,H1: Failed modifying XNGUSD
0	13:02:22.209	trend_dtrader XTIUSD,H1: Failed modifying XRPUSD
0	13:02:23.209	trend_dtrader XTIUSD,H1: Failed modifying XTIUSD
0	13:02:24.509	trend_dtrader XTIUSD,H1: Failed modifying AAVEUSD
0	13:02:25.210	trend_dtrader XTIUSD,H1: Failed modifying ADAUSD
0	13:02:26.708	trend_dtrader XTIUSD,H1: Failed modifying ALGOUSD
0	13:02:27.483	trend_dtrader XTIUSD,H1: Failed modifying ATOMUSD
0	13:02:28.518	trend_dtrader XTIUSD,H1: Failed modifying AUDUSD
0	13:02:29.456	trend_dtrader XTIUSD,H1: Failed modifying AVAXUSD
0	13:02:30.373	trend_dtrader XTIUSD,H1: Failed modifying AXSUSD
0	13:02:31.209	trend_dtrader XTIUSD,H1: Failed modifying BCHUSD
0	13:02:32.210	trend_dtrader XTIUSD,H1: Failed modifying BNBUSD
0	13:02:33.220	trend_dtrader XTIUSD,H1: Failed modifying BTCUSD
0	13:02:34.211	trend_dtrader XTIUSD,H1: Failed modifying DASHUSD
0	13:02:35.210	trend_dtrader XTIUSD,H1: Failed modifying DOGEUSD
0	13:02:36.210	trend_dtrader XTIUSD,H1: Failed modifying DOTUSD
0	13:02:37.210	trend_dtrader XTIUSD,H1: Failed modifying ETCUSD
0	13:02:38.264	trend_dtrader XTIUSD,H1: Failed modifying ETHUSD
0	13:02:39.278	trend_dtrader XTIUSD,H1: Failed modifying EURUSD
0	13:02:40.210	trend_dtrader XTIUSD,H1: Failed modifying FILUSD
0	13:02:41.304	trend_dtrader XTIUSD,H1: Failed modifying FTMUSD
0	13:02:42.268	trend_dtrader XTIUSD,H1: Failed modifying GBPUSD
0	13:02:43.543	trend_dtrader XTIUSD,H1: Failed modifying GRTUSD
0	13:02:44.277	trend_dtrader XTIUSD,H1: Failed modifying ICPUSD
0	13:02:45.409	trend_dtrader XTIUSD,H1: Failed modifying IOTAUSD
0	13:02:46.209	trend_dtrader XTIUSD,H1: Failed modifying LINKUSD
0	13:02:47.610	trend_dtrader XTIUSD,H1: Failed modifying LRCUSD
0	13:02:48.346	trend_dtrader XTIUSD,H1: Failed modifying LTCUSD
0	13:02:49.209	trend_dtrader XTIUSD,H1: Failed modifying MANAUSD
0	13:02:50.210	trend_dtrader XTIUSD,H1: Failed modifying MATICUSD
0	13:02:51.431	trend_dtrader XTIUSD,H1: Failed modifying NEARUSD
0	13:02:52.302	trend_dtrader XTIUSD,H1: Failed modifying NZDUSD
0	13:02:53.273	trend_dtrader XTIUSD,H1: Failed modifying SOLUSD
0	13:02:54.436	trend_dtrader XTIUSD,H1: Failed modifying TRXUSD
0	13:02:55.412	trend_dtrader XTIUSD,H1: Failed modifying UNIUSD
0	13:02:57.248	trend_dtrader XTIUSD,H1: Failed modifying USDCAD
0	13:02:58.339	trend_dtrader XTIUSD,H1: Failed modifying USDCHF
0	13:02:59.319	trend_dtrader XTIUSD,H1: Failed modifying USDJPY
0	13:03:00.553	trend_dtrader XTIUSD,H1: Failed modifying USDMXN
0	13:03:03.328	trend_dtrader XTIUSD,H1: Failed modifying USDZAR
0	13:03:04.491	trend_dtrader XTIUSD,H1: Failed modifying XAGUSD
0	13:03:05.706	trend_dtrader XTIUSD,H1: Failed modifying XAUUSD
0	13:03:06.916	trend_dtrader XTIUSD,H1: Failed modifying XBRUSD
0	13:03:07.215	trend_dtrader XTIUSD,H1: Failed modifying XNGUSD
0	13:03:08.208	trend_dtrader XTIUSD,H1: Failed modifying XRPUSD
0	13:03:09.328	trend_dtrader XTIUSD,H1: Failed modifying XTIUSD
0	13:03:10.210	trend_dtrader XTIUSD,H1: Failed modifying AAVEUSD
0	13:03:11.349	trend_dtrader XTIUSD,H1: Failed modifying ADAUSD
0	13:03:12.288	trend_dtrader XTIUSD,H1: Failed modifying ALGOUSD
0	13:03:13.944	trend_dtrader XTIUSD,H1: Failed modifying ATOMUSD
0	13:03:14.273	trend_dtrader XTIUSD,H1: Failed modifying AUDUSD
0	13:03:15.209	trend_dtrader XTIUSD,H1: Failed modifying AVAXUSD
0	13:03:16.260	trend_dtrader XTIUSD,H1: Failed modifying AXSUSD
0	13:03:17.209	trend_dtrader XTIUSD,H1: Failed modifying BCHUSD
0	13:03:18.209	trend_dtrader XTIUSD,H1: Failed modifying BNBUSD
0	13:03:19.608	trend_dtrader XTIUSD,H1: Failed modifying BTCUSD
0	13:03:20.208	trend_dtrader XTIUSD,H1: Failed modifying DASHUSD
0	13:03:21.696	trend_dtrader XTIUSD,H1: Failed modifying DOGEUSD
0	13:03:22.530	trend_dtrader XTIUSD,H1: Failed modifying DOTUSD
0	13:03:23.269	trend_dtrader XTIUSD,H1: Failed modifying ETCUSD
0	13:03:24.212	trend_dtrader XTIUSD,H1: Failed modifying ETHUSD
0	13:03:25.223	trend_dtrader XTIUSD,H1: Failed modifying EURUSD
0	13:03:26.568	trend_dtrader XTIUSD,H1: Failed modifying FILUSD
0	13:03:27.528	trend_dtrader XTIUSD,H1: Failed modifying FTMUSD
0	13:03:28.295	trend_dtrader XTIUSD,H1: Failed modifying GBPUSD
0	13:03:29.213	trend_dtrader XTIUSD,H1: Failed modifying GRTUSD
0	13:03:30.245	trend_dtrader XTIUSD,H1: Failed modifying ICPUSD
0	13:03:31.259	trend_dtrader XTIUSD,H1: Failed modifying IOTAUSD
0	13:03:32.209	trend_dtrader XTIUSD,H1: Failed modifying LINKUSD
0	13:03:33.519	trend_dtrader XTIUSD,H1: Failed modifying LRCUSD
0	13:03:34.209	trend_dtrader XTIUSD,H1: Failed modifying LTCUSD
0	13:03:35.317	trend_dtrader XTIUSD,H1: Failed modifying MANAUSD
0	13:03:36.339	trend_dtrader XTIUSD,H1: Failed modifying MATICUSD
0	13:03:37.217	trend_dtrader XTIUSD,H1: Failed modifying NEARUSD
0	13:03:38.278	trend_dtrader XTIUSD,H1: Failed modifying NZDUSD
0	13:03:39.215	trend_dtrader XTIUSD,H1: Failed modifying SOLUSD
0	13:03:40.213	trend_dtrader XTIUSD,H1: Failed modifying TRXUSD
0	13:03:41.364	trend_dtrader XTIUSD,H1: Failed modifying UNIUSD
0	13:03:42.218	trend_dtrader XTIUSD,H1: Failed modifying USDCAD
0	13:03:44.520	trend_dtrader XTIUSD,H1: Failed modifying USDCHF
0	13:03:45.212	trend_dtrader XTIUSD,H1: Failed modifying USDJPY
0	13:03:46.208	trend_dtrader XTIUSD,H1: Failed modifying USDMXN
0	13:03:47.663	trend_dtrader XTIUSD,H1: Failed modifying USDZAR
0	13:03:48.270	trend_dtrader XTIUSD,H1: Failed modifying XAGUSD
0	13:03:49.391	trend_dtrader XTIUSD,H1: Failed modifying XAUUSD
0	13:03:50.393	trend_dtrader XTIUSD,H1: Failed modifying XBRUSD
0	13:03:51.426	trend_dtrader XTIUSD,H1: Failed modifying XNGUSD
0	13:03:52.208	trend_dtrader XTIUSD,H1: Failed modifying XRPUSD
0	13:03:53.593	trend_dtrader XTIUSD,H1: Failed modifying XTIUSD
0	13:03:54.382	trend_dtrader XTIUSD,H1: Failed modifying AAVEUSD
0	13:03:55.209	trend_dtrader XTIUSD,H1: Failed modifying ADAUSD
0	13:03:56.211	trend_dtrader XTIUSD,H1: Failed modifying ALGOUSD
0	13:03:57.278	trend_dtrader XTIUSD,H1: Failed modifying ATOMUSD
0	13:03:58.391	trend_dtrader XTIUSD,H1: Failed modifying AUDUSD
0	13:03:59.209	trend_dtrader XTIUSD,H1: Failed modifying AVAXUSD
0	13:04:00.209	trend_dtrader XTIUSD,H1: Failed modifying AXSUSD
0	13:04:02.621	trend_dtrader XTIUSD,H1: Failed modifying BCHUSD
0	13:04:07.918	trend_dtrader XTIUSD,H1: Failed modifying BNBUSD
0	13:04:08.286	trend_dtrader XTIUSD,H1: Failed modifying BTCUSD
0	13:04:15.186	trend_dtrader XTIUSD,H1: Failed modifying DASHUSD
0	13:04:15.230	trend_dtrader XTIUSD,H1: Failed modifying DOGEUSD
0	13:04:16.209	trend_dtrader XTIUSD,H1: Failed modifying DOTUSD
0	13:04:17.239	trend_dtrader XTIUSD,H1: Failed modifying ETCUSD
0	13:04:19.831	trend_dtrader XTIUSD,H1: Failed modifying ETHUSD
0	13:04:20.714	trend_dtrader XTIUSD,H1: Failed modifying EURUSD
0	13:04:22.242	trend_dtrader XTIUSD,H1: Failed modifying FILUSD
0	13:04:27.108	trend_dtrader XTIUSD,H1: Failed modifying FTMUSD
0	13:04:27.215	trend_dtrader XTIUSD,H1: Failed modifying GBPUSD
0	13:04:29.925	trend_dtrader XTIUSD,H1: Failed modifying GRTUSD
0	13:04:30.406	trend_dtrader XTIUSD,H1: Failed modifying ICPUSD
0	13:04:31.289	trend_dtrader XTIUSD,H1: Failed modifying IOTAUSD
0	13:04:33.541	trend_dtrader XTIUSD,H1: Failed modifying LINKUSD
0	13:04:34.374	trend_dtrader XTIUSD,H1: Failed modifying LRCUSD
0	13:04:35.897	trend_dtrader XTIUSD,H1: Failed modifying LTCUSD
0	13:04:36.226	trend_dtrader XTIUSD,H1: Failed modifying MANAUSD
0	13:04:38.108	trend_dtrader XTIUSD,H1: Failed modifying MATICUSD
0	13:04:38.213	trend_dtrader XTIUSD,H1: Failed modifying NEARUSD
0	13:04:40.572	trend_dtrader XTIUSD,H1: Failed modifying NZDUSD
0	13:04:41.297	trend_dtrader XTIUSD,H1: Failed modifying SOLUSD
0	13:04:42.493	trend_dtrader XTIUSD,H1: Failed modifying TRXUSD
0	13:04:43.482	trend_dtrader XTIUSD,H1: Failed modifying UNIUSD
0	13:04:45.014	trend_dtrader XTIUSD,H1: Failed modifying USDCAD
0	13:04:45.215	trend_dtrader XTIUSD,H1: Failed modifying USDCHF
0	13:04:46.317	trend_dtrader XTIUSD,H1: Failed modifying USDJPY
0	13:04:47.246	trend_dtrader XTIUSD,H1: Failed modifying USDMXN
0	13:04:48.363	trend_dtrader XTIUSD,H1: Failed modifying USDZAR
0	13:04:49.221	trend_dtrader XTIUSD,H1: Failed modifying XAGUSD
0	13:04:51.448	trend_dtrader XTIUSD,H1: Failed modifying XAUUSD
0	13:04:52.619	trend_dtrader XTIUSD,H1: Failed modifying XBRUSD
0	13:04:53.217	trend_dtrader XTIUSD,H1: Failed modifying XNGUSD
0	13:04:54.208	trend_dtrader XTIUSD,H1: Failed modifying XRPUSD
0	13:04:56.225	trend_dtrader XTIUSD,H1: Failed modifying XTIUSD
0	13:04:58.204	trend_dtrader XTIUSD,H1: Failed modifying AAVEUSD
0	13:04:58.213	trend_dtrader XTIUSD,H1: Failed modifying ADAUSD
0	13:04:59.222	trend_dtrader XTIUSD,H1: Failed modifying ALGOUSD
0	13:05:00.517	trend_dtrader XTIUSD,H1: Failed modifying ATOMUSD
0	13:05:02.366	trend_dtrader XTIUSD,H1: Failed modifying AUDUSD
0	13:05:04.786	trend_dtrader XTIUSD,H1: Failed modifying AVAXUSD
0	13:05:05.227	trend_dtrader XTIUSD,H1: Failed modifying AXSUSD
0	13:05:06.499	trend_dtrader XTIUSD,H1: Failed modifying BCHUSD
0	13:05:07.209	trend_dtrader XTIUSD,H1: Failed modifying BNBUSD
0	13:05:09.206	trend_dtrader XTIUSD,H1: Failed modifying BTCUSD
0	13:05:09.214	trend_dtrader XTIUSD,H1: Failed modifying DASHUSD
0	13:05:10.700	trend_dtrader XTIUSD,H1: Failed modifying DOGEUSD
0	13:05:11.510	trend_dtrader XTIUSD,H1: Failed modifying DOTUSD
0	13:05:15.403	trend_dtrader XTIUSD,H1: Failed modifying ETCUSD
0	13:05:18.007	trend_dtrader XTIUSD,H1: Failed modifying ETHUSD
0	13:05:18.611	trend_dtrader XTIUSD,H1: Failed modifying EURUSD
0	13:05:19.316	trend_dtrader XTIUSD,H1: Failed modifying FILUSD
0	13:05:20.215	trend_dtrader XTIUSD,H1: Failed modifying FTMUSD
0	13:05:21.216	trend_dtrader XTIUSD,H1: Failed modifying GBPUSD
0	13:05:22.209	trend_dtrader XTIUSD,H1: Failed modifying GRTUSD
0	13:05:23.551	trend_dtrader XTIUSD,H1: Failed modifying ICPUSD
0	13:05:24.211	trend_dtrader XTIUSD,H1: Failed modifying IOTAUSD
0	13:05:25.280	trend_dtrader XTIUSD,H1: Failed modifying LINKUSD
0	13:05:26.324	trend_dtrader XTIUSD,H1: Failed modifying LRCUSD
0	13:05:28.035	trend_dtrader XTIUSD,H1: Failed modifying LTCUSD
0	13:05:28.548	trend_dtrader XTIUSD,H1: Failed modifying MANAUSD
0	13:05:30.532	trend_dtrader XTIUSD,H1: Failed modifying MATICUSD
0	13:05:32.374	trend_dtrader XTIUSD,H1: Failed modifying NEARUSD
0	13:05:34.519	trend_dtrader XTIUSD,H1: Failed modifying NZDUSD
0	13:05:36.144	trend_dtrader XTIUSD,H1: Failed modifying SOLUSD
0	13:05:37.105	trend_dtrader XTIUSD,H1: Failed modifying TRXUSD
0	13:05:37.377	trend_dtrader XTIUSD,H1: Failed modifying UNIUSD
0	13:05:38.968	trend_dtrader XTIUSD,H1: Failed modifying USDCAD
0	13:05:39.316	trend_dtrader XTIUSD,H1: Failed modifying USDCHF
0	13:05:40.468	trend_dtrader XTIUSD,H1: Failed modifying USDJPY
0	13:05:41.237	trend_dtrader XTIUSD,H1: Failed modifying USDMXN
0	13:05:43.471	trend_dtrader XTIUSD,H1: Failed modifying USDZAR
0	13:05:44.750	trend_dtrader XTIUSD,H1: Failed modifying XAGUSD
0	13:05:45.292	trend_dtrader XTIUSD,H1: Failed modifying XAUUSD
0	13:05:47.136	trend_dtrader XTIUSD,H1: Failed modifying XBRUSD
0	13:05:47.298	trend_dtrader XTIUSD,H1: Failed modifying XNGUSD
0	13:05:48.477	trend_dtrader XTIUSD,H1: Failed modifying XRPUSD
0	13:05:49.391	trend_dtrader XTIUSD,H1: Failed modifying XTIUSD
0	13:05:50.210	trend_dtrader XTIUSD,H1: Failed modifying AAVEUSD
0	13:05:52.162	trend_dtrader XTIUSD,H1: Failed modifying ADAUSD
0	13:05:52.247	trend_dtrader XTIUSD,H1: Failed modifying ALGOUSD
0	13:05:54.138	trend_dtrader XTIUSD,H1: Failed modifying ATOMUSD
0	13:05:54.451	trend_dtrader XTIUSD,H1: Failed modifying AUDUSD
0	13:05:56.063	trend_dtrader XTIUSD,H1: Failed modifying AVAXUSD
0	13:05:56.209	trend_dtrader XTIUSD,H1: Failed modifying AXSUSD
0	13:05:57.233	trend_dtrader XTIUSD,H1: Failed modifying BCHUSD
0	13:05:58.208	trend_dtrader XTIUSD,H1: Failed modifying BNBUSD
0	13:05:59.722	trend_dtrader XTIUSD,H1: Failed modifying BTCUSD
0	13:06:00.460	trend_dtrader XTIUSD,H1: Failed modifying DASHUSD
0	13:06:02.748	trend_dtrader XTIUSD,H1: Failed modifying DOGEUSD
0	13:06:04.148	trend_dtrader XTIUSD,H1: Failed modifying DOTUSD
0	13:06:04.209	trend_dtrader XTIUSD,H1: Failed modifying ETCUSD
0	13:06:05.580	trend_dtrader XTIUSD,H1: Failed modifying ETHUSD
0	13:06:06.351	trend_dtrader XTIUSD,H1: Failed modifying EURUSD
0	13:06:07.242	trend_dtrader XTIUSD,H1: Failed modifying FILUSD
0	13:06:08.961	trend_dtrader XTIUSD,H1: Failed modifying FTMUSD
0	13:06:09.307	trend_dtrader XTIUSD,H1: Failed modifying GBPUSD
0	13:06:13.104	trend_dtrader XTIUSD,H1: Failed modifying GRTUSD
0	13:06:13.232	trend_dtrader XTIUSD,H1: Failed modifying ICPUSD
0	13:06:14.960	trend_dtrader XTIUSD,H1: Failed modifying IOTAUSD
0	13:06:15.208	trend_dtrader XTIUSD,H1: Failed modifying LINKUSD
0	13:06:16.214	trend_dtrader XTIUSD,H1: Failed modifying LRCUSD
0	13:06:18.017	trend_dtrader XTIUSD,H1: Failed modifying LTCUSD
0	13:06:19.130	trend_dtrader XTIUSD,H1: Failed modifying MANAUSD
0	13:06:19.269	trend_dtrader XTIUSD,H1: Failed modifying MATICUSD
0	13:06:21.408	trend_dtrader XTIUSD,H1: Failed modifying NEARUSD
0	13:06:22.216	trend_dtrader XTIUSD,H1: Failed modifying NZDUSD
0	13:06:23.516	trend_dtrader XTIUSD,H1: Failed modifying SOLUSD
0	13:06:24.292	trend_dtrader XTIUSD,H1: Failed modifying TRXUSD
0	13:06:25.631	trend_dtrader XTIUSD,H1: Failed modifying UNIUSD
0	13:06:27.636	trend_dtrader XTIUSD,H1: Failed modifying USDCAD
0	13:06:28.423	trend_dtrader XTIUSD,H1: Failed modifying USDCHF
0	13:06:29.596	trend_dtrader XTIUSD,H1: Failed modifying USDJPY
0	13:06:30.320	trend_dtrader XTIUSD,H1: Failed modifying USDMXN
0	13:06:32.036	trend_dtrader XTIUSD,H1: Failed modifying USDZAR
0	13:06:32.213	trend_dtrader XTIUSD,H1: Failed modifying XAGUSD
0	13:06:34.642	trend_dtrader XTIUSD,H1: Failed modifying XAUUSD
0	13:06:35.974	trend_dtrader XTIUSD,H1: Failed modifying XBRUSD
0	13:06:36.212	trend_dtrader XTIUSD,H1: Failed modifying XNGUSD
0	13:06:37.440	trend_dtrader XTIUSD,H1: Failed modifying XRPUSD
0	13:06:38.559	trend_dtrader XTIUSD,H1: Failed modifying XTIUSD
0	13:06:40.959	trend_dtrader XTIUSD,H1: Failed modifying AAVEUSD
0	13:06:42.963	trend_dtrader XTIUSD,H1: Failed modifying ADAUSD
0	13:06:43.209	trend_dtrader XTIUSD,H1: Failed modifying ALGOUSD
0	13:06:45.159	trend_dtrader XTIUSD,H1: Failed modifying ATOMUSD
0	13:06:45.211	trend_dtrader XTIUSD,H1: Failed modifying AUDUSD
0	13:06:46.629	trend_dtrader XTIUSD,H1: Failed modifying AVAXUSD
0	13:06:48.144	trend_dtrader XTIUSD,H1: Failed modifying AXSUSD
0	13:06:49.502	trend_dtrader XTIUSD,H1: Failed modifying BCHUSD
0	13:06:51.581	trend_dtrader XTIUSD,H1: Failed modifying BNBUSD
0	13:06:52.208	trend_dtrader XTIUSD,H1: Failed modifying BTCUSD
0	13:06:53.653	trend_dtrader XTIUSD,H1: Failed modifying DASHUSD
0	13:06:54.213	trend_dtrader XTIUSD,H1: Failed modifying DOGEUSD
0	13:06:55.498	trend_dtrader XTIUSD,H1: Failed modifying DOTUSD
0	13:06:58.385	trend_dtrader XTIUSD,H1: Failed modifying ETCUSD
0	13:06:59.965	trend_dtrader XTIUSD,H1: Failed modifying ETHUSD
0	13:07:00.699	trend_dtrader XTIUSD,H1: Failed modifying EURUSD
0	13:07:01.211	trend_dtrader XTIUSD,H1: Failed modifying FILUSD
0	13:07:02.967	trend_dtrader XTIUSD,H1: Failed modifying FTMUSD
0	13:07:07.480	trend_dtrader XTIUSD,H1: Failed modifying GBPUSD
0	13:07:08.754	trend_dtrader XTIUSD,H1: Failed modifying GRTUSD
0	13:07:09.334	trend_dtrader XTIUSD,H1: Failed modifying ICPUSD
0	13:07:10.995	trend_dtrader XTIUSD,H1: Failed modifying IOTAUSD
0	13:07:11.463	trend_dtrader XTIUSD,H1: Failed modifying LINKUSD
0	13:07:13.298	trend_dtrader XTIUSD,H1: Failed modifying LRCUSD
0	13:07:15.446	trend_dtrader XTIUSD,H1: Failed modifying LTCUSD
0	13:07:17.283	trend_dtrader XTIUSD,H1: Failed modifying MANAUSD
0	13:07:18.208	trend_dtrader XTIUSD,H1: Failed modifying MATICUSD
0	13:07:19.621	trend_dtrader XTIUSD,H1: Failed modifying NEARUSD
0	13:07:20.211	trend_dtrader XTIUSD,H1: Failed modifying NZDUSD
0	13:07:21.435	trend_dtrader XTIUSD,H1: Failed modifying SOLUSD
0	13:07:22.210	trend_dtrader XTIUSD,H1: Failed modifying TRXUSD
0	13:07:23.880	trend_dtrader XTIUSD,H1: Failed modifying UNIUSD
0	13:07:24.208	trend_dtrader XTIUSD,H1: Failed modifying USDCAD
0	13:07:25.278	trend_dtrader XTIUSD,H1: Failed modifying USDCHF
0	13:07:26.283	trend_dtrader XTIUSD,H1: Failed modifying USDJPY
0	13:07:27.847	trend_dtrader XTIUSD,H1: Failed modifying USDMXN
0	13:07:28.215	trend_dtrader XTIUSD,H1: Failed modifying USDZAR
0	13:07:29.221	trend_dtrader XTIUSD,H1: Failed modifying XAGUSD
0	13:07:30.706	trend_dtrader XTIUSD,H1: Failed modifying XAUUSD
0	13:07:31.318	trend_dtrader XTIUSD,H1: Failed modifying XBRUSD
0	13:07:32.394	trend_dtrader XTIUSD,H1: Failed modifying XNGUSD
0	13:07:34.983	trend_dtrader XTIUSD,H1: Failed modifying XRPUSD
0	13:07:35.351	trend_dtrader XTIUSD,H1: Failed modifying XTIUSD
0	13:07:36.286	trend_dtrader XTIUSD,H1: Failed modifying AAVEUSD
0	13:07:37.546	trend_dtrader XTIUSD,H1: Failed modifying ADAUSD
0	13:07:38.868	trend_dtrader XTIUSD,H1: Failed modifying ALGOUSD
0	13:07:39.271	trend_dtrader XTIUSD,H1: Failed modifying ATOMUSD
0	13:07:40.218	trend_dtrader XTIUSD,H1: Failed modifying AUDUSD
0	13:07:41.459	trend_dtrader XTIUSD,H1: Failed modifying AVAXUSD
0	13:07:42.208	trend_dtrader XTIUSD,H1: Failed modifying AXSUSD
0	13:07:43.742	trend_dtrader XTIUSD,H1: Failed modifying BCHUSD
0	13:07:45.042	trend_dtrader XTIUSD,H1: Failed modifying BNBUSD
0	13:07:45.794	trend_dtrader XTIUSD,H1: Failed modifying BTCUSD
0	13:07:46.352	trend_dtrader XTIUSD,H1: Failed modifying DASHUSD
0	13:07:47.776	trend_dtrader XTIUSD,H1: Failed modifying DOGEUSD
0	13:07:48.515	trend_dtrader XTIUSD,H1: Failed modifying DOTUSD
0	13:07:49.708	trend_dtrader XTIUSD,H1: Failed modifying ETCUSD
0	13:07:50.658	trend_dtrader XTIUSD,H1: Failed modifying ETHUSD
0	13:07:52.029	trend_dtrader XTIUSD,H1: Failed modifying EURUSD
0	13:07:52.361	trend_dtrader XTIUSD,H1: Failed modifying FILUSD
0	13:07:53.243	trend_dtrader XTIUSD,H1: Failed modifying FTMUSD
0	13:07:54.706	trend_dtrader XTIUSD,H1: Failed modifying GBPUSD
0	13:07:55.210	trend_dtrader XTIUSD,H1: Failed modifying GRTUSD
0	13:07:56.226	trend_dtrader XTIUSD,H1: Failed modifying ICPUSD
0	13:07:57.316	trend_dtrader XTIUSD,H1: Failed modifying IOTAUSD
0	13:07:58.415	trend_dtrader XTIUSD,H1: Failed modifying LINKUSD
0	13:07:59.208	trend_dtrader XTIUSD,H1: Failed modifying LRCUSD
0	13:08:01.363	trend_dtrader XTIUSD,H1: Failed modifying LTCUSD
0	13:08:03.970	trend_dtrader XTIUSD,H1: Failed modifying MANAUSD
0	13:08:04.209	trend_dtrader XTIUSD,H1: Failed modifying MATICUSD
0	13:08:05.797	trend_dtrader XTIUSD,H1: Failed modifying NEARUSD
0	13:08:06.212	trend_dtrader XTIUSD,H1: Failed modifying NZDUSD
0	13:08:08.211	trend_dtrader XTIUSD,H1: Failed modifying SOLUSD
0	13:08:09.828	trend_dtrader XTIUSD,H1: Failed modifying TRXUSD
0	13:08:10.208	trend_dtrader XTIUSD,H1: Failed modifying UNIUSD
0	13:08:12.155	trend_dtrader XTIUSD,H1: Failed modifying USDCAD
0	13:08:12.208	trend_dtrader XTIUSD,H1: Failed modifying USDCHF
0	13:08:13.244	trend_dtrader XTIUSD,H1: Failed modifying USDJPY
0	13:08:14.232	trend_dtrader XTIUSD,H1: Failed modifying USDMXN
0	13:08:15.213	trend_dtrader XTIUSD,H1: Failed modifying USDZAR
0	13:08:16.220	trend_dtrader XTIUSD,H1: Failed modifying XAGUSD
0	13:08:17.213	trend_dtrader XTIUSD,H1: Failed modifying XAUUSD
0	13:08:18.773	trend_dtrader XTIUSD,H1: Failed modifying XBRUSD
0	13:08:19.323	trend_dtrader XTIUSD,H1: Failed modifying XNGUSD
0	13:08:20.563	trend_dtrader XTIUSD,H1: Failed modifying XRPUSD
0	13:08:21.483	trend_dtrader XTIUSD,H1: Failed modifying XTIUSD
0	13:08:22.219	trend_dtrader XTIUSD,H1: Failed modifying AAVEUSD
0	13:08:23.222	trend_dtrader XTIUSD,H1: Failed modifying ADAUSD
0	13:08:24.517	trend_dtrader XTIUSD,H1: Failed modifying ALGOUSD
0	13:08:25.210	trend_dtrader XTIUSD,H1: Failed modifying ATOMUSD
0	13:08:26.210	trend_dtrader XTIUSD,H1: Failed modifying AUDUSD
0	13:08:27.822	trend_dtrader XTIUSD,H1: Failed modifying AVAXUSD
0	13:08:28.208	trend_dtrader XTIUSD,H1: Failed modifying AXSUSD
0	13:08:29.335	trend_dtrader XTIUSD,H1: Failed modifying BCHUSD
0	13:08:30.436	trend_dtrader XTIUSD,H1: Failed modifying BNBUSD
0	13:08:31.999	trend_dtrader XTIUSD,H1: Failed modifying BTCUSD
0	13:08:32.208	trend_dtrader XTIUSD,H1: Failed modifying DASHUSD
0	13:08:33.217	trend_dtrader XTIUSD,H1: Failed modifying DOGEUSD
0	13:08:34.208	trend_dtrader XTIUSD,H1: Failed modifying DOTUSD
0	13:08:36.558	trend_dtrader XTIUSD,H1: Failed modifying ETCUSD
0	13:08:38.642	trend_dtrader XTIUSD,H1: Failed modifying ETHUSD
0	13:08:39.299	trend_dtrader XTIUSD,H1: Failed modifying EURUSD
0	13:08:40.477	trend_dtrader XTIUSD,H1: Failed modifying FILUSD
0	13:08:41.335	trend_dtrader XTIUSD,H1: Failed modifying FTMUSD
0	13:08:43.256	trend_dtrader XTIUSD,H1: Failed modifying GBPUSD
0	13:08:44.213	trend_dtrader XTIUSD,H1: Failed modifying GRTUSD
0	13:08:45.295	trend_dtrader XTIUSD,H1: Failed modifying ICPUSD
0	13:08:46.325	trend_dtrader XTIUSD,H1: Failed modifying IOTAUSD
0	13:08:47.668	trend_dtrader XTIUSD,H1: Failed modifying LINKUSD
0	13:08:48.787	trend_dtrader XTIUSD,H1: Failed modifying LRCUSD
0	13:08:49.692	trend_dtrader XTIUSD,H1: Failed modifying LTCUSD
0	13:08:50.211	trend_dtrader XTIUSD,H1: Failed modifying MANAUSD
0	13:08:51.807	trend_dtrader XTIUSD,H1: Failed modifying MATICUSD
0	13:08:52.349	trend_dtrader XTIUSD,H1: Failed modifying NEARUSD
0	13:08:55.116	trend_dtrader XTIUSD,H1: Failed modifying NZDUSD
0	13:08:56.288	trend_dtrader XTIUSD,H1: Failed modifying SOLUSD
0	13:08:57.239	trend_dtrader XTIUSD,H1: Failed modifying TRXUSD
0	13:08:58.209	trend_dtrader XTIUSD,H1: Failed modifying UNIUSD
0	13:08:59.385	trend_dtrader XTIUSD,H1: Failed modifying USDCAD
0	13:09:00.727	trend_dtrader XTIUSD,H1: Failed modifying USDCHF
0	13:09:01.450	trend_dtrader XTIUSD,H1: Failed modifying USDJPY
0	13:09:02.580	trend_dtrader XTIUSD,H1: Failed modifying USDMXN
0	13:09:03.867	trend_dtrader XTIUSD,H1: Failed modifying USDZAR
0	13:09:05.683	trend_dtrader XTIUSD,H1: Failed modifying XAGUSD
0	13:09:06.218	trend_dtrader XTIUSD,H1: Failed modifying XAUUSD
0	13:09:07.670	trend_dtrader XTIUSD,H1: Failed modifying XBRUSD
0	13:09:08.281	trend_dtrader XTIUSD,H1: Failed modifying XNGUSD
0	13:09:09.821	trend_dtrader XTIUSD,H1: Failed modifying XRPUSD
0	13:09:11.864	trend_dtrader XTIUSD,H1: Failed modifying XTIUSD
0	13:09:12.215	trend_dtrader XTIUSD,H1: Failed modifying AAVEUSD
0	13:09:14.509	trend_dtrader XTIUSD,H1: Failed modifying ADAUSD
0	13:09:15.557	trend_dtrader XTIUSD,H1: Failed modifying ALGOUSD
0	13:09:16.502	trend_dtrader XTIUSD,H1: Failed modifying ATOMUSD
0	13:09:17.210	trend_dtrader XTIUSD,H1: Failed modifying AUDUSD
0	13:09:19.901	trend_dtrader XTIUSD,H1: Failed modifying AVAXUSD
0	13:09:20.281	trend_dtrader XTIUSD,H1: Failed modifying AXSUSD
0	13:09:21.208	trend_dtrader XTIUSD,H1: Failed modifying BCHUSD
0	13:09:23.221	trend_dtrader XTIUSD,H1: Failed modifying BNBUSD
0	13:09:24.210	trend_dtrader XTIUSD,H1: Failed modifying BTCUSD
0	13:09:25.306	trend_dtrader XTIUSD,H1: Failed modifying DASHUSD
0	13:09:26.381	trend_dtrader XTIUSD,H1: Failed modifying DOGEUSD
0	13:09:27.210	trend_dtrader XTIUSD,H1: Failed modifying DOTUSD
0	13:09:28.427	trend_dtrader XTIUSD,H1: Failed modifying ETCUSD
0	13:09:29.506	trend_dtrader XTIUSD,H1: Failed modifying ETHUSD
0	13:09:30.209	trend_dtrader XTIUSD,H1: Failed modifying EURUSD
0	13:09:31.777	trend_dtrader XTIUSD,H1: Failed modifying FILUSD
0	13:09:32.208	trend_dtrader XTIUSD,H1: Failed modifying FTMUSD
0	13:09:33.839	trend_dtrader XTIUSD,H1: Failed modifying GBPUSD
0	13:09:34.207	trend_dtrader XTIUSD,H1: Failed modifying GRTUSD
0	13:09:36.811	trend_dtrader XTIUSD,H1: Failed modifying ICPUSD
0	13:09:37.218	trend_dtrader XTIUSD,H1: Failed modifying IOTAUSD
0	13:09:38.296	trend_dtrader XTIUSD,H1: Failed modifying LINKUSD
0	13:09:39.210	trend_dtrader XTIUSD,H1: Failed modifying LRCUSD
0	13:09:41.048	trend_dtrader XTIUSD,H1: Failed modifying LTCUSD
0	13:09:42.742	trend_dtrader XTIUSD,H1: Failed modifying MANAUSD
0	13:09:43.208	trend_dtrader XTIUSD,H1: Failed modifying MATICUSD
0	13:09:44.583	trend_dtrader XTIUSD,H1: Failed modifying NEARUSD
0	13:09:45.245	trend_dtrader XTIUSD,H1: Failed modifying NZDUSD
0	13:09:47.982	trend_dtrader XTIUSD,H1: Failed modifying SOLUSD
0	13:09:48.215	trend_dtrader XTIUSD,H1: Failed modifying TRXUSD
0	13:09:49.209	trend_dtrader XTIUSD,H1: Failed modifying UNIUSD
0	13:09:50.404	trend_dtrader XTIUSD,H1: Failed modifying USDCAD
0	13:09:51.804	trend_dtrader XTIUSD,H1: Failed modifying USDCHF
0	13:09:52.209	trend_dtrader XTIUSD,H1: Failed modifying USDJPY
0	13:09:53.466	trend_dtrader XTIUSD,H1: Failed modifying USDMXN
0	13:09:54.212	trend_dtrader XTIUSD,H1: Failed modifying USDZAR
0	13:09:55.926	trend_dtrader XTIUSD,H1: Failed modifying XAGUSD
0	13:09:56.725	trend_dtrader XTIUSD,H1: Failed modifying XAUUSD
0	13:09:57.644	trend_dtrader XTIUSD,H1: Failed modifying XBRUSD
0	13:09:58.214	trend_dtrader XTIUSD,H1: Failed modifying XNGUSD
0	13:09:59.209	trend_dtrader XTIUSD,H1: Failed modifying XRPUSD
0	13:10:00.596	trend_dtrader XTIUSD,H1: Failed modifying XTIUSD
0	13:10:02.759	trend_dtrader XTIUSD,H1: Failed modifying AAVEUSD
0	13:10:04.530	trend_dtrader XTIUSD,H1: Failed modifying ADAUSD
0	13:10:05.207	trend_dtrader XTIUSD,H1: Failed modifying ALGOUSD
0	13:10:06.957	trend_dtrader XTIUSD,H1: Failed modifying ATOMUSD
0	13:10:07.210	trend_dtrader XTIUSD,H1: Failed modifying AUDUSD
0	13:10:10.314	trend_dtrader XTIUSD,H1: Failed modifying AVAXUSD
0	13:10:11.727	trend_dtrader XTIUSD,H1: Failed modifying AXSUSD
0	13:10:12.509	trend_dtrader XTIUSD,H1: Failed modifying BCHUSD
0	13:10:13.609	trend_dtrader XTIUSD,H1: Failed modifying BNBUSD
0	13:10:14.207	trend_dtrader XTIUSD,H1: Failed modifying BTCUSD
0	13:10:16.085	trend_dtrader XTIUSD,H1: Failed modifying DASHUSD
0	13:10:16.522	trend_dtrader XTIUSD,H1: Failed modifying DOGEUSD
0	13:10:17.963	trend_dtrader XTIUSD,H1: Failed modifying DOTUSD
0	13:10:19.133	trend_dtrader XTIUSD,H1: Failed modifying ETCUSD
0	13:10:20.416	trend_dtrader XTIUSD,H1: Failed modifying ETHUSD
0	13:10:23.127	trend_dtrader XTIUSD,H1: Failed modifying EURUSD
0	13:10:23.249	trend_dtrader XTIUSD,H1: Failed modifying FILUSD
0	13:10:24.575	trend_dtrader XTIUSD,H1: Failed modifying FTMUSD
0	13:10:25.302	trend_dtrader XTIUSD,H1: Failed modifying GBPUSD
0	13:10:26.379	trend_dtrader XTIUSD,H1: Failed modifying GRTUSD
0	13:10:27.308	trend_dtrader XTIUSD,H1: Failed modifying ICPUSD
0	13:10:29.238	trend_dtrader XTIUSD,H1: Failed modifying IOTAUSD
0	13:10:31.569	trend_dtrader XTIUSD,H1: Failed modifying LINKUSD
0	13:10:34.448	trend_dtrader XTIUSD,H1: Failed modifying LRCUSD
0	13:10:35.879	trend_dtrader XTIUSD,H1: Failed modifying LTCUSD
0	13:10:36.596	trend_dtrader XTIUSD,H1: Failed modifying MANAUSD
0	13:10:38.789	trend_dtrader XTIUSD,H1: Failed modifying MATICUSD
0	13:10:39.666	trend_dtrader XTIUSD,H1: Failed modifying NEARUSD
0	13:10:40.214	trend_dtrader XTIUSD,H1: Failed modifying NZDUSD
0	13:10:41.280	trend_dtrader XTIUSD,H1: Failed modifying SOLUSD
0	13:10:42.729	trend_dtrader XTIUSD,H1: Failed modifying TRXUSD
0	13:10:44.095	trend_dtrader XTIUSD,H1: Failed modifying UNIUSD
0	13:10:44.854	trend_dtrader XTIUSD,H1: Failed modifying USDCAD
0	13:10:45.207	trend_dtrader XTIUSD,H1: Failed modifying USDCHF
0	13:10:47.111	trend_dtrader XTIUSD,H1: Failed modifying USDJPY
0	13:10:47.981	trend_dtrader XTIUSD,H1: Failed modifying USDMXN
0	13:10:48.230	trend_dtrader XTIUSD,H1: Failed modifying USDZAR
0	13:10:49.802	trend_dtrader XTIUSD,H1: Failed modifying XAGUSD
0	13:10:50.211	trend_dtrader XTIUSD,H1: Failed modifying XAUUSD
0	13:10:52.235	trend_dtrader XTIUSD,H1: Failed modifying XBRUSD
0	13:10:53.215	trend_dtrader XTIUSD,H1: Failed modifying XNGUSD
0	13:10:54.352	trend_dtrader XTIUSD,H1: Failed modifying XRPUSD
0	13:10:55.209	trend_dtrader XTIUSD,H1: Failed modifying XTIUSD
0	13:10:56.404	trend_dtrader XTIUSD,H1: Failed modifying AAVEUSD
0	13:10:58.227	trend_dtrader XTIUSD,H1: Failed modifying ADAUSD
0	13:10:59.208	trend_dtrader XTIUSD,H1: Failed modifying ALGOUSD
0	13:11:00.218	trend_dtrader XTIUSD,H1: Failed modifying ATOMUSD
0	13:11:01.211	trend_dtrader XTIUSD,H1: Failed modifying AUDUSD
0	13:11:02.794	trend_dtrader XTIUSD,H1: Failed modifying AVAXUSD
0	13:11:03.282	trend_dtrader XTIUSD,H1: Failed modifying AXSUSD
0	13:11:04.811	trend_dtrader XTIUSD,H1: Failed modifying BCHUSD
0	13:11:05.365	trend_dtrader XTIUSD,H1: Failed modifying BNBUSD
0	13:11:06.552	trend_dtrader XTIUSD,H1: Failed modifying BTCUSD
0	13:11:07.208	trend_dtrader XTIUSD,H1: Failed modifying DASHUSD
0	13:11:08.209	trend_dtrader XTIUSD,H1: Failed modifying DOGEUSD
0	13:11:09.393	trend_dtrader XTIUSD,H1: Failed modifying DOTUSD
0	13:11:10.252	trend_dtrader XTIUSD,H1: Failed modifying ETCUSD
0	13:11:11.313	trend_dtrader XTIUSD,H1: Failed modifying ETHUSD
0	13:11:12.300	trend_dtrader XTIUSD,H1: Failed modifying EURUSD
0	13:11:14.473	trend_dtrader XTIUSD,H1: Failed modifying FILUSD
0	13:11:15.212	trend_dtrader XTIUSD,H1: Failed modifying FTMUSD
0	13:11:16.210	trend_dtrader XTIUSD,H1: Failed modifying GBPUSD
0	13:11:17.504	trend_dtrader XTIUSD,H1: Failed modifying GRTUSD
0	13:11:18.244	trend_dtrader XTIUSD,H1: Failed modifying ICPUSD
0	13:11:19.332	trend_dtrader XTIUSD,H1: Failed modifying IOTAUSD
0	13:11:21.115	trend_dtrader XTIUSD,H1: Failed modifying LINKUSD
0	13:11:21.207	trend_dtrader XTIUSD,H1: Failed modifying LRCUSD
0	13:11:22.464	trend_dtrader XTIUSD,H1: Failed modifying LTCUSD
0	13:11:23.207	trend_dtrader XTIUSD,H1: Failed modifying MANAUSD
0	13:11:24.975	trend_dtrader XTIUSD,H1: Failed modifying MATICUSD
0	13:11:25.390	trend_dtrader XTIUSD,H1: Failed modifying NEARUSD
0	13:11:26.215	trend_dtrader XTIUSD,H1: Failed modifying NZDUSD
0	13:11:27.721	trend_dtrader XTIUSD,H1: Failed modifying SOLUSD
0	13:11:28.467	trend_dtrader XTIUSD,H1: Failed modifying TRXUSD
0	13:11:29.808	trend_dtrader XTIUSD,H1: Failed modifying UNIUSD
0	13:11:30.335	trend_dtrader XTIUSD,H1: Failed modifying USDCAD
0	13:11:31.209	trend_dtrader XTIUSD,H1: Failed modifying USDCHF
0	13:11:34.497	trend_dtrader XTIUSD,H1: Failed modifying USDJPY
0	13:11:35.230	trend_dtrader XTIUSD,H1: Failed modifying USDMXN
0	13:11:36.220	trend_dtrader XTIUSD,H1: Failed modifying USDZAR
0	13:11:37.230	trend_dtrader XTIUSD,H1: Failed modifying XAGUSD
0	13:11:38.310	trend_dtrader XTIUSD,H1: Failed modifying XAUUSD
0	13:11:39.207	trend_dtrader XTIUSD,H1: Failed modifying XBRUSD
0	13:11:40.233	trend_dtrader XTIUSD,H1: Failed modifying XNGUSD
0	13:11:41.289	trend_dtrader XTIUSD,H1: Failed modifying XRPUSD
0	13:11:42.820	trend_dtrader XTIUSD,H1: Failed modifying XTIUSD
0	13:11:43.352	trend_dtrader XTIUSD,H1: Failed modifying AAVEUSD
0	13:11:45.744	trend_dtrader XTIUSD,H1: Failed modifying ADAUSD
0	13:11:46.210	trend_dtrader XTIUSD,H1: Failed modifying ALGOUSD
0	13:11:47.801	trend_dtrader XTIUSD,H1: Failed modifying ATOMUSD
0	13:11:48.209	trend_dtrader XTIUSD,H1: Failed modifying AUDUSD
0	13:11:49.384	trend_dtrader XTIUSD,H1: Failed modifying AVAXUSD
0	13:11:50.774	trend_dtrader XTIUSD,H1: Failed modifying AXSUSD
0	13:11:51.207	trend_dtrader XTIUSD,H1: Failed modifying BCHUSD
0	13:11:52.616	trend_dtrader XTIUSD,H1: Failed modifying BNBUSD
0	13:11:53.290	trend_dtrader XTIUSD,H1: Failed modifying BTCUSD
0	13:11:54.495	trend_dtrader XTIUSD,H1: Failed modifying DASHUSD
0	13:11:55.429	trend_dtrader XTIUSD,H1: Failed modifying DOGEUSD
0	13:11:57.335	trend_dtrader XTIUSD,H1: Failed modifying DOTUSD
0	13:11:58.773	trend_dtrader XTIUSD,H1: Failed modifying ETCUSD
0	13:11:59.513	trend_dtrader XTIUSD,H1: Failed modifying ETHUSD
0	13:12:00.337	trend_dtrader XTIUSD,H1: Failed modifying EURUSD
0	13:12:02.253	trend_dtrader XTIUSD,H1: Failed modifying FILUSD
0	13:12:03.216	trend_dtrader XTIUSD,H1: Failed modifying FTMUSD
0	13:12:04.337	trend_dtrader XTIUSD,H1: Failed modifying GBPUSD
0	13:12:05.211	trend_dtrader XTIUSD,H1: Failed modifying GRTUSD
0	13:12:06.538	trend_dtrader XTIUSD,H1: Failed modifying ICPUSD
0	13:12:07.215	trend_dtrader XTIUSD,H1: Failed modifying IOTAUSD
0	13:12:09.314	trend_dtrader XTIUSD,H1: Failed modifying LINKUSD
0	13:12:10.209	trend_dtrader XTIUSD,H1: Failed modifying LRCUSD
0	13:12:11.570	trend_dtrader XTIUSD,H1: Failed modifying LTCUSD
0	13:12:12.945	trend_dtrader XTIUSD,H1: Failed modifying MANAUSD
0	13:12:13.208	trend_dtrader XTIUSD,H1: Failed modifying MATICUSD
0	13:12:14.349	trend_dtrader XTIUSD,H1: Failed modifying NEARUSD
0	13:12:15.218	trend_dtrader XTIUSD,H1: Failed modifying NZDUSD
0	13:12:17.653	trend_dtrader XTIUSD,H1: Failed modifying SOLUSD
0	13:12:18.209	trend_dtrader XTIUSD,H1: Failed modifying TRXUSD
0	13:12:20.400	trend_dtrader XTIUSD,H1: Failed modifying UNIUSD
0	13:12:21.209	trend_dtrader XTIUSD,H1: Failed modifying USDCAD
0	13:12:22.822	trend_dtrader XTIUSD,H1: Failed modifying USDCHF
0	13:12:23.209	trend_dtrader XTIUSD,H1: Failed modifying USDJPY
0	13:12:24.608	trend_dtrader XTIUSD,H1: Failed modifying USDMXN
0	13:12:25.559	trend_dtrader XTIUSD,H1: Failed modifying USDZAR
0	13:12:26.385	trend_dtrader XTIUSD,H1: Failed modifying XAGUSD
0	13:12:27.784	trend_dtrader XTIUSD,H1: Failed modifying XAUUSD
0	13:12:28.422	trend_dtrader XTIUSD,H1: Failed modifying XBRUSD
0	13:12:29.787	trend_dtrader XTIUSD,H1: Failed modifying XNGUSD
0	13:12:31.718	trend_dtrader XTIUSD,H1: Failed modifying XRPUSD
0	13:12:32.206	trend_dtrader XTIUSD,H1: Failed modifying XTIUSD
0	13:12:33.647	trend_dtrader XTIUSD,H1: Failed modifying AAVEUSD
0	13:12:34.227	trend_dtrader XTIUSD,H1: Failed modifying ADAUSD
0	13:12:35.536	trend_dtrader XTIUSD,H1: Failed modifying ALGOUSD
0	13:12:36.335	trend_dtrader XTIUSD,H1: Failed modifying ATOMUSD
0	13:12:37.481	trend_dtrader XTIUSD,H1: Failed modifying AUDUSD
0	13:12:38.507	trend_dtrader XTIUSD,H1: Failed modifying AVAXUSD
0	13:12:39.207	trend_dtrader XTIUSD,H1: Failed modifying AXSUSD
0	13:12:40.757	trend_dtrader XTIUSD,H1: Failed modifying BCHUSD
0	13:12:41.206	trend_dtrader XTIUSD,H1: Failed modifying BNBUSD
0	13:12:42.456	trend_dtrader XTIUSD,H1: Failed modifying BTCUSD
0	13:12:43.722	trend_dtrader XTIUSD,H1: Failed modifying DASHUSD
0	13:12:44.209	trend_dtrader XTIUSD,H1: Failed modifying DOGEUSD
0	13:12:45.209	trend_dtrader XTIUSD,H1: Failed modifying DOTUSD
0	13:12:46.207	trend_dtrader XTIUSD,H1: Failed modifying ETCUSD
0	13:12:47.899	trend_dtrader XTIUSD,H1: Failed modifying ETHUSD
0	13:12:48.228	trend_dtrader XTIUSD,H1: Failed modifying EURUSD
0	13:12:49.337	trend_dtrader XTIUSD,H1: Failed modifying FILUSD
0	13:12:50.279	trend_dtrader XTIUSD,H1: Failed modifying FTMUSD
0	13:12:51.216	trend_dtrader XTIUSD,H1: Failed modifying GBPUSD
0	13:12:52.229	trend_dtrader XTIUSD,H1: Failed modifying GRTUSD
0	13:12:53.701	trend_dtrader XTIUSD,H1: Failed modifying ICPUSD
0	13:12:54.593	trend_dtrader XTIUSD,H1: Failed modifying IOTAUSD
0	13:12:55.207	trend_dtrader XTIUSD,H1: Failed modifying LINKUSD
0	13:12:56.209	trend_dtrader XTIUSD,H1: Failed modifying LRCUSD
0	13:12:57.227	trend_dtrader XTIUSD,H1: Failed modifying LTCUSD
0	13:12:59.307	trend_dtrader XTIUSD,H1: Failed modifying MANAUSD
0	13:13:00.665	trend_dtrader XTIUSD,H1: Failed modifying MATICUSD
0	13:13:02.017	trend_dtrader XTIUSD,H1: Failed modifying NEARUSD
0	13:13:02.239	trend_dtrader XTIUSD,H1: Failed modifying NZDUSD
0	13:13:03.331	trend_dtrader XTIUSD,H1: Failed modifying SOLUSD
0	13:13:04.412	trend_dtrader XTIUSD,H1: Failed modifying TRXUSD
0	13:13:06.525	trend_dtrader XTIUSD,H1: Failed modifying UNIUSD
0	13:13:07.206	trend_dtrader XTIUSD,H1: Failed modifying USDCAD
0	13:13:09.009	trend_dtrader XTIUSD,H1: Failed modifying USDCHF
0	13:13:09.477	trend_dtrader XTIUSD,H1: Failed modifying USDJPY
0	13:13:10.344	trend_dtrader XTIUSD,H1: Failed modifying USDMXN
0	13:13:11.504	trend_dtrader XTIUSD,H1: Failed modifying USDZAR
0	13:13:13.701	trend_dtrader XTIUSD,H1: Failed modifying XAGUSD
0	13:13:14.229	trend_dtrader XTIUSD,H1: Failed modifying XAUUSD
0	13:13:16.159	trend_dtrader XTIUSD,H1: Failed modifying XBRUSD
0	13:13:16.217	trend_dtrader XTIUSD,H1: Failed modifying XNGUSD
0	13:13:18.152	trend_dtrader XTIUSD,H1: Failed modifying XRPUSD
0	13:13:18.205	trend_dtrader XTIUSD,H1: Failed modifying XTIUSD
0	13:13:19.446	trend_dtrader XTIUSD,H1: Failed modifying AAVEUSD
0	13:13:20.724	trend_dtrader XTIUSD,H1: Failed modifying ADAUSD
0	13:13:21.207	trend_dtrader XTIUSD,H1: Failed modifying ALGOUSD
0	13:13:22.902	trend_dtrader XTIUSD,H1: Failed modifying ATOMUSD
0	13:13:25.031	trend_dtrader XTIUSD,H1: Failed modifying AUDUSD
0	13:13:25.207	trend_dtrader XTIUSD,H1: Failed modifying AVAXUSD
0	13:13:26.209	trend_dtrader XTIUSD,H1: Failed modifying AXSUSD
0	13:13:28.168	trend_dtrader XTIUSD,H1: Failed modifying BCHUSD
0	13:13:28.221	trend_dtrader XTIUSD,H1: Failed modifying BNBUSD
0	13:13:29.753	trend_dtrader XTIUSD,H1: Failed modifying BTCUSD
0	13:13:30.207	trend_dtrader XTIUSD,H1: Failed modifying DASHUSD
0	13:13:31.944	trend_dtrader XTIUSD,H1: Failed modifying DOGEUSD
0	13:13:32.465	trend_dtrader XTIUSD,H1: Failed modifying DOTUSD
0	13:13:33.368	trend_dtrader XTIUSD,H1: Failed modifying ETCUSD
0	13:13:34.386	trend_dtrader XTIUSD,H1: Failed modifying ETHUSD
0	13:13:35.210	trend_dtrader XTIUSD,H1: Failed modifying EURUSD
0	13:13:36.212	trend_dtrader XTIUSD,H1: Failed modifying FILUSD
0	13:13:37.206	trend_dtrader XTIUSD,H1: Failed modifying FTMUSD
0	13:13:38.878	trend_dtrader XTIUSD,H1: Failed modifying GBPUSD
0	13:13:39.287	trend_dtrader XTIUSD,H1: Failed modifying GRTUSD
0	13:13:41.639	trend_dtrader XTIUSD,H1: Failed modifying ICPUSD
0	13:13:42.210	trend_dtrader XTIUSD,H1: Failed modifying IOTAUSD
0	13:13:43.209	trend_dtrader XTIUSD,H1: Failed modifying LINKUSD
0	13:13:44.207	trend_dtrader XTIUSD,H1: Failed modifying LRCUSD
0	13:13:45.489	trend_dtrader XTIUSD,H1: Failed modifying LTCUSD
0	13:13:46.205	trend_dtrader XTIUSD,H1: Failed modifying MANAUSD
0	13:13:48.740	trend_dtrader XTIUSD,H1: Failed modifying MATICUSD
0	13:13:51.030	trend_dtrader XTIUSD,H1: Failed modifying NEARUSD
0	13:13:51.208	trend_dtrader XTIUSD,H1: Failed modifying NZDUSD
0	13:13:52.223	trend_dtrader XTIUSD,H1: Failed modifying SOLUSD
0	13:13:53.322	trend_dtrader XTIUSD,H1: Failed modifying TRXUSD
0	13:13:55.932	trend_dtrader XTIUSD,H1: Failed modifying UNIUSD
0	13:13:56.206	trend_dtrader XTIUSD,H1: Failed modifying USDCAD
0	13:13:57.208	trend_dtrader XTIUSD,H1: Failed modifying USDCHF
0	13:13:58.209	trend_dtrader XTIUSD,H1: Failed modifying USDJPY
0	13:13:59.947	trend_dtrader XTIUSD,H1: Failed modifying USDMXN
0	13:14:00.215	trend_dtrader XTIUSD,H1: Failed modifying USDZAR
0	13:14:01.227	trend_dtrader XTIUSD,H1: Failed modifying XAGUSD
0	13:14:02.583	trend_dtrader XTIUSD,H1: Failed modifying XAUUSD
0	13:14:05.558	trend_dtrader XTIUSD,H1: Failed modifying XBRUSD
0	13:14:06.223	trend_dtrader XTIUSD,H1: Failed modifying XNGUSD
0	13:14:09.508	trend_dtrader XTIUSD,H1: Failed modifying XRPUSD
0	13:14:10.237	trend_dtrader XTIUSD,H1: Failed modifying XTIUSD
0	13:14:11.622	trend_dtrader XTIUSD,H1: Failed modifying AAVEUSD
0	13:14:12.382	trend_dtrader XTIUSD,H1: Failed modifying ADAUSD
0	13:14:16.644	trend_dtrader XTIUSD,H1: Failed modifying ALGOUSD
0	13:14:17.206	trend_dtrader XTIUSD,H1: Failed modifying ATOMUSD
0	13:14:18.990	trend_dtrader XTIUSD,H1: Failed modifying AUDUSD
0	13:14:19.228	trend_dtrader XTIUSD,H1: Failed modifying AVAXUSD
0	13:14:20.463	trend_dtrader XTIUSD,H1: Failed modifying AXSUSD
0	13:14:21.328	trend_dtrader XTIUSD,H1: Failed modifying BCHUSD
0	13:14:22.758	trend_dtrader XTIUSD,H1: Failed modifying BNBUSD
0	13:14:23.627	trend_dtrader XTIUSD,H1: Failed modifying BTCUSD
0	13:14:24.639	trend_dtrader XTIUSD,H1: Failed modifying DASHUSD
0	13:14:25.968	trend_dtrader XTIUSD,H1: Failed modifying DOGEUSD
0	13:14:26.207	trend_dtrader XTIUSD,H1: Failed modifying DOTUSD
0	13:14:28.000	trend_dtrader XTIUSD,H1: Failed modifying ETCUSD
0	13:14:28.210	trend_dtrader XTIUSD,H1: Failed modifying ETHUSD
0	13:14:29.258	trend_dtrader XTIUSD,H1: Failed modifying EURUSD
0	13:14:30.265	trend_dtrader XTIUSD,H1: Failed modifying FILUSD
0	13:14:31.273	trend_dtrader XTIUSD,H1: Failed modifying FTMUSD
0	13:14:32.378	trend_dtrader XTIUSD,H1: Failed modifying GBPUSD
0	13:14:33.206	trend_dtrader XTIUSD,H1: Failed modifying GRTUSD
0	13:14:34.465	trend_dtrader XTIUSD,H1: Failed modifying ICPUSD
0	13:14:35.576	trend_dtrader XTIUSD,H1: Failed modifying IOTAUSD
0	13:14:37.646	trend_dtrader XTIUSD,H1: Failed modifying LINKUSD
0	13:14:38.206	trend_dtrader XTIUSD,H1: Failed modifying LRCUSD
0	13:14:39.660	trend_dtrader XTIUSD,H1: Failed modifying LTCUSD
0	13:14:40.413	trend_dtrader XTIUSD,H1: Failed modifying MANAUSD
0	13:14:41.788	trend_dtrader XTIUSD,H1: Failed modifying MATICUSD
0	13:14:42.250	trend_dtrader XTIUSD,H1: Failed modifying NEARUSD
0	13:14:43.765	trend_dtrader XTIUSD,H1: Failed modifying NZDUSD
0	13:14:44.505	trend_dtrader XTIUSD,H1: Failed modifying SOLUSD
0	13:14:45.844	trend_dtrader XTIUSD,H1: Failed modifying TRXUSD
0	13:14:46.426	trend_dtrader XTIUSD,H1: Failed modifying UNIUSD
0	13:14:47.574	trend_dtrader XTIUSD,H1: Failed modifying USDCAD
0	13:14:48.876	trend_dtrader XTIUSD,H1: Failed modifying USDCHF
0	13:14:49.359	trend_dtrader XTIUSD,H1: Failed modifying USDJPY
0	13:14:50.232	trend_dtrader XTIUSD,H1: Failed modifying USDMXN
0	13:14:51.608	trend_dtrader XTIUSD,H1: Failed modifying USDZAR
0	13:14:52.217	trend_dtrader XTIUSD,H1: Failed modifying XAGUSD
0	13:14:53.458	trend_dtrader XTIUSD,H1: Failed modifying XAUUSD
0	13:14:54.256	trend_dtrader XTIUSD,H1: Failed modifying XBRUSD
0	13:14:55.447	trend_dtrader XTIUSD,H1: Failed modifying XNGUSD
0	13:14:56.205	trend_dtrader XTIUSD,H1: Failed modifying XRPUSD
0	13:14:57.532	trend_dtrader XTIUSD,H1: Failed modifying XTIUSD
0	13:14:59.013	trend_dtrader XTIUSD,H1: Failed modifying AAVEUSD
0	13:14:59.206	trend_dtrader XTIUSD,H1: Failed modifying ADAUSD
0	13:15:03.366	trend_dtrader XTIUSD,H1: Failed modifying ALGOUSD
0	13:15:05.336	trend_dtrader XTIUSD,H1: Failed modifying ATOMUSD
0	13:15:06.466	trend_dtrader XTIUSD,H1: Failed modifying AUDUSD
0	13:15:09.016	trend_dtrader XTIUSD,H1: Failed modifying AVAXUSD
0	13:15:09.649	trend_dtrader XTIUSD,H1: Failed modifying AXSUSD
0	13:15:10.352	trend_dtrader XTIUSD,H1: Failed modifying BCHUSD
0	13:15:12.852	trend_dtrader XTIUSD,H1: Failed modifying BNBUSD
0	13:15:13.855	trend_dtrader XTIUSD,H1: Failed modifying BTCUSD
0	13:15:14.861	trend_dtrader XTIUSD,H1: Failed modifying DASHUSD
0	13:15:15.210	trend_dtrader XTIUSD,H1: Failed modifying DOGEUSD
0	13:15:18.027	trend_dtrader XTIUSD,H1: Failed modifying DOTUSD
0	13:15:18.206	trend_dtrader XTIUSD,H1: Failed modifying ETCUSD
0	13:15:19.315	trend_dtrader XTIUSD,H1: Failed modifying ETHUSD
0	13:15:20.209	trend_dtrader XTIUSD,H1: Failed modifying EURUSD
0	13:15:22.264	trend_dtrader XTIUSD,H1: Failed modifying FILUSD
0	13:15:24.741	trend_dtrader XTIUSD,H1: Failed modifying FTMUSD
0	13:15:25.209	trend_dtrader XTIUSD,H1: Failed modifying GBPUSD
0	13:15:27.378	trend_dtrader XTIUSD,H1: Failed modifying GRTUSD
0	13:15:29.495	trend_dtrader XTIUSD,H1: Failed modifying ICPUSD
0	13:15:30.395	trend_dtrader XTIUSD,H1: Failed modifying IOTAUSD
0	13:15:31.510	trend_dtrader XTIUSD,H1: Failed modifying LINKUSD
0	13:15:32.205	trend_dtrader XTIUSD,H1: Failed modifying LRCUSD
0	13:15:33.211	trend_dtrader XTIUSD,H1: Failed modifying LTCUSD
0	13:15:34.226	trend_dtrader XTIUSD,H1: Failed modifying MANAUSD
0	13:15:35.340	trend_dtrader XTIUSD,H1: Failed modifying MATICUSD
0	13:15:36.509	trend_dtrader XTIUSD,H1: Failed modifying NEARUSD
0	13:15:38.231	trend_dtrader XTIUSD,H1: Failed modifying NZDUSD
0	13:15:39.214	trend_dtrader XTIUSD,H1: Failed modifying SOLUSD
0	13:15:40.359	trend_dtrader XTIUSD,H1: Failed modifying TRXUSD
0	13:15:41.432	trend_dtrader XTIUSD,H1: Failed modifying UNIUSD
0	13:15:42.727	trend_dtrader XTIUSD,H1: Failed modifying USDCAD
0	13:15:43.295	trend_dtrader XTIUSD,H1: Failed modifying USDCHF
0	13:15:45.128	trend_dtrader XTIUSD,H1: Failed modifying USDJPY
0	13:15:45.207	trend_dtrader XTIUSD,H1: Failed modifying USDMXN
0	13:15:47.607	trend_dtrader XTIUSD,H1: Failed modifying USDZAR
0	13:15:48.207	trend_dtrader XTIUSD,H1: Failed modifying XAGUSD
0	13:15:50.282	trend_dtrader XTIUSD,H1: Failed modifying XAUUSD
0	13:15:51.208	trend_dtrader XTIUSD,H1: Failed modifying XBRUSD
0	13:15:52.228	trend_dtrader XTIUSD,H1: Failed modifying XNGUSD
0	13:15:53.346	trend_dtrader XTIUSD,H1: Failed modifying XRPUSD
0	13:15:54.408	trend_dtrader XTIUSD,H1: Failed modifying XTIUSD
0	13:15:55.303	trend_dtrader XTIUSD,H1: Failed modifying AAVEUSD
0	13:15:56.911	trend_dtrader XTIUSD,H1: Failed modifying ADAUSD
0	13:15:57.342	trend_dtrader XTIUSD,H1: Failed modifying ALGOUSD
0	13:15:58.245	trend_dtrader XTIUSD,H1: Failed modifying ATOMUSD
0	13:15:59.760	trend_dtrader XTIUSD,H1: Failed modifying AUDUSD
0	13:16:00.206	trend_dtrader XTIUSD,H1: Failed modifying AVAXUSD
0	13:16:01.316	trend_dtrader XTIUSD,H1: Failed modifying AXSUSD
0	13:16:02.392	trend_dtrader XTIUSD,H1: Failed modifying BCHUSD
0	13:16:04.746	trend_dtrader XTIUSD,H1: Failed modifying BNBUSD
0	13:16:05.211	trend_dtrader XTIUSD,H1: Failed modifying BTCUSD
0	13:16:06.798	trend_dtrader XTIUSD,H1: Failed modifying DASHUSD
0	13:16:07.275	trend_dtrader XTIUSD,H1: Failed modifying DOGEUSD
0	13:16:09.801	trend_dtrader XTIUSD,H1: Failed modifying DOTUSD
0	13:16:11.824	trend_dtrader XTIUSD,H1: Failed modifying ETCUSD
0	13:16:12.205	trend_dtrader XTIUSD,H1: Failed modifying ETHUSD
0	13:16:13.628	trend_dtrader XTIUSD,H1: Failed modifying EURUSD
0	13:16:14.273	trend_dtrader XTIUSD,H1: Failed modifying FILUSD
0	13:16:16.047	trend_dtrader XTIUSD,H1: Failed modifying FTMUSD
0	13:16:16.208	trend_dtrader XTIUSD,H1: Failed modifying GBPUSD
0	13:16:17.637	trend_dtrader XTIUSD,H1: Failed modifying GRTUSD
0	13:16:18.266	trend_dtrader XTIUSD,H1: Failed modifying ICPUSD
0	13:16:19.281	trend_dtrader XTIUSD,H1: Failed modifying IOTAUSD
0	13:16:21.143	trend_dtrader XTIUSD,H1: Failed modifying LINKUSD
0	13:16:21.210	trend_dtrader XTIUSD,H1: Failed modifying LRCUSD
0	13:16:23.281	trend_dtrader XTIUSD,H1: Failed modifying LTCUSD
0	13:16:24.673	trend_dtrader XTIUSD,H1: Failed modifying MANAUSD
0	13:16:25.208	trend_dtrader XTIUSD,H1: Failed modifying MATICUSD
0	13:16:26.205	trend_dtrader XTIUSD,H1: Failed modifying NEARUSD
0	13:16:27.510	trend_dtrader XTIUSD,H1: Failed modifying NZDUSD
0	13:16:28.295	trend_dtrader XTIUSD,H1: Failed modifying SOLUSD
0	13:16:29.261	trend_dtrader XTIUSD,H1: Failed modifying TRXUSD
0	13:16:30.205	trend_dtrader XTIUSD,H1: Failed modifying UNIUSD
0	13:16:31.210	trend_dtrader XTIUSD,H1: Failed modifying USDCAD
0	13:16:32.736	trend_dtrader XTIUSD,H1: Failed modifying USDCHF
0	13:16:35.012	trend_dtrader XTIUSD,H1: Failed modifying USDJPY
0	13:16:35.205	trend_dtrader XTIUSD,H1: Failed modifying USDMXN
0	13:16:37.509	trend_dtrader XTIUSD,H1: Failed modifying USDZAR
0	13:16:39.645	trend_dtrader XTIUSD,H1: Failed modifying XAGUSD
0	13:16:40.212	trend_dtrader XTIUSD,H1: Failed modifying XAUUSD
0	13:16:42.451	trend_dtrader XTIUSD,H1: Failed modifying XBRUSD
0	13:16:44.347	trend_dtrader XTIUSD,H1: Failed modifying XNGUSD
0	13:16:45.301	trend_dtrader XTIUSD,H1: Failed modifying XRPUSD
0	13:16:46.331	trend_dtrader XTIUSD,H1: Failed modifying XTIUSD
0	13:16:48.270	trend_dtrader XTIUSD,H1: Failed modifying AAVEUSD
0	13:16:49.205	trend_dtrader XTIUSD,H1: Failed modifying ADAUSD
0	13:16:50.211	trend_dtrader XTIUSD,H1: Failed modifying ALGOUSD
0	13:16:51.378	trend_dtrader XTIUSD,H1: Failed modifying ATOMUSD
0	13:16:52.649	trend_dtrader XTIUSD,H1: Failed modifying AUDUSD
0	13:16:53.206	trend_dtrader XTIUSD,H1: Failed modifying AVAXUSD
0	13:16:54.479	trend_dtrader XTIUSD,H1: Failed modifying AXSUSD
0	13:16:55.482	trend_dtrader XTIUSD,H1: Failed modifying BCHUSD
0	13:16:56.205	trend_dtrader XTIUSD,H1: Failed modifying BNBUSD
0	13:16:57.944	trend_dtrader XTIUSD,H1: Failed modifying BTCUSD
0	13:16:58.205	trend_dtrader XTIUSD,H1: Failed modifying DASHUSD
0	13:16:59.385	trend_dtrader XTIUSD,H1: Failed modifying DOGEUSD
0	13:17:00.588	trend_dtrader XTIUSD,H1: Failed modifying DOTUSD
0	13:17:03.211	trend_dtrader XTIUSD,H1: Failed modifying ETCUSD
0	13:17:05.205	trend_dtrader XTIUSD,H1: Failed modifying ETHUSD
0	13:17:05.224	trend_dtrader XTIUSD,H1: Failed modifying EURUSD
0	13:17:06.209	trend_dtrader XTIUSD,H1: Failed modifying FILUSD
0	13:17:07.621	trend_dtrader XTIUSD,H1: Failed modifying FTMUSD
0	13:17:09.217	trend_dtrader XTIUSD,H1: Failed modifying GBPUSD
0	13:17:10.205	trend_dtrader XTIUSD,H1: Failed modifying GRTUSD
0	13:17:13.059	trend_dtrader XTIUSD,H1: Failed modifying ICPUSD
0	13:17:13.226	trend_dtrader XTIUSD,H1: Failed modifying IOTAUSD
0	13:17:15.065	trend_dtrader XTIUSD,H1: Failed modifying LINKUSD
0	13:17:15.209	trend_dtrader XTIUSD,H1: Failed modifying LRCUSD
0	13:17:19.632	trend_dtrader XTIUSD,H1: Failed modifying LTCUSD
0	13:17:20.248	trend_dtrader XTIUSD,H1: Failed modifying MANAUSD
0	13:17:21.296	trend_dtrader XTIUSD,H1: Failed modifying MATICUSD
0	13:17:26.004	trend_dtrader XTIUSD,H1: Failed modifying NEARUSD
0	13:17:26.219	trend_dtrader XTIUSD,H1: Failed modifying NZDUSD
0	13:17:27.490	trend_dtrader XTIUSD,H1: Failed modifying SOLUSD
0	13:17:28.250	trend_dtrader XTIUSD,H1: Failed modifying TRXUSD
0	13:17:30.540	trend_dtrader XTIUSD,H1: Failed modifying UNIUSD
0	13:17:31.213	trend_dtrader XTIUSD,H1: Failed modifying USDCAD
0	13:17:32.528	trend_dtrader XTIUSD,H1: Failed modifying USDCHF
0	13:17:35.648	trend_dtrader XTIUSD,H1: Failed modifying USDJPY
0	13:17:37.400	trend_dtrader XTIUSD,H1: Failed modifying USDMXN
0	13:17:40.072	trend_dtrader XTIUSD,H1: Failed modifying USDZAR
0	13:17:40.210	trend_dtrader XTIUSD,H1: Failed modifying XAGUSD
0	13:17:43.228	trend_dtrader XTIUSD,H1: Failed modifying XAUUSD
0	13:17:44.714	trend_dtrader XTIUSD,H1: Failed modifying XBRUSD
0	13:17:45.212	trend_dtrader XTIUSD,H1: Failed modifying XNGUSD
0	13:17:46.657	trend_dtrader XTIUSD,H1: Failed modifying XRPUSD
0	13:17:48.484	trend_dtrader XTIUSD,H1: Failed modifying XTIUSD
0	13:17:49.510	trend_dtrader XTIUSD,H1: Failed modifying AAVEUSD
0	13:17:50.499	trend_dtrader XTIUSD,H1: Failed modifying ADAUSD
0	13:17:51.405	trend_dtrader XTIUSD,H1: Failed modifying ALGOUSD
0	13:17:53.956	trend_dtrader XTIUSD,H1: Failed modifying ATOMUSD
0	13:17:54.208	trend_dtrader XTIUSD,H1: Failed modifying AUDUSD
0	13:17:55.209	trend_dtrader XTIUSD,H1: Failed modifying AVAXUSD
0	13:17:56.317	trend_dtrader XTIUSD,H1: Failed modifying AXSUSD
0	13:17:58.302	trend_dtrader XTIUSD,H1: Failed modifying BCHUSD
0	13:17:59.512	trend_dtrader XTIUSD,H1: Failed modifying BNBUSD
0	13:18:00.424	trend_dtrader XTIUSD,H1: Failed modifying BTCUSD
0	13:18:01.971	trend_dtrader XTIUSD,H1: Failed modifying DASHUSD
0	13:18:02.547	trend_dtrader XTIUSD,H1: Failed modifying DOGEUSD
0	13:18:03.244	trend_dtrader XTIUSD,H1: Failed modifying DOTUSD
0	13:18:04.331	trend_dtrader XTIUSD,H1: Failed modifying ETCUSD
0	13:18:05.260	trend_dtrader XTIUSD,H1: Failed modifying ETHUSD
0	13:18:07.566	trend_dtrader XTIUSD,H1: Failed modifying EURUSD
0	13:18:08.205	trend_dtrader XTIUSD,H1: Failed modifying FILUSD
0	13:18:09.572	trend_dtrader XTIUSD,H1: Failed modifying FTMUSD
0	13:18:10.273	trend_dtrader XTIUSD,H1: Failed modifying GBPUSD
0	13:18:11.755	trend_dtrader XTIUSD,H1: Failed modifying GRTUSD
0	13:18:12.457	trend_dtrader XTIUSD,H1: Failed modifying ICPUSD
0	13:18:14.272	trend_dtrader XTIUSD,H1: Failed modifying IOTAUSD
0	13:18:15.208	trend_dtrader XTIUSD,H1: Failed modifying LINKUSD
0	13:18:16.377	trend_dtrader XTIUSD,H1: Failed modifying LRCUSD
0	13:18:17.205	trend_dtrader XTIUSD,H1: Failed modifying LTCUSD
0	13:18:18.513	trend_dtrader XTIUSD,H1: Failed modifying MANAUSD
0	13:18:19.204	trend_dtrader XTIUSD,H1: Failed modifying MATICUSD
0	13:18:20.260	trend_dtrader XTIUSD,H1: Failed modifying NEARUSD
0	13:18:21.207	trend_dtrader XTIUSD,H1: Failed modifying NZDUSD
0	13:18:23.844	trend_dtrader XTIUSD,H1: Failed modifying SOLUSD
0	13:18:25.318	trend_dtrader XTIUSD,H1: Failed modifying TRXUSD
0	13:18:26.384	trend_dtrader XTIUSD,H1: Failed modifying UNIUSD
0	13:18:27.979	trend_dtrader XTIUSD,H1: Failed modifying USDCAD
0	13:18:28.229	trend_dtrader XTIUSD,H1: Failed modifying USDCHF
0	13:18:29.968	trend_dtrader XTIUSD,H1: Failed modifying USDJPY
0	13:18:30.459	trend_dtrader XTIUSD,H1: Failed modifying USDMXN
0	13:18:32.341	trend_dtrader XTIUSD,H1: Failed modifying USDZAR
0	13:18:33.879	trend_dtrader XTIUSD,H1: Failed modifying XAGUSD
0	13:18:34.511	trend_dtrader XTIUSD,H1: Failed modifying XAUUSD
0	13:18:35.212	trend_dtrader XTIUSD,H1: Failed modifying XBRUSD
0	13:18:36.665	trend_dtrader XTIUSD,H1: Failed modifying XNGUSD
0	13:18:37.546	trend_dtrader XTIUSD,H1: Failed modifying XRPUSD
0	13:18:38.612	trend_dtrader XTIUSD,H1: Failed modifying XTIUSD
0	13:18:39.306	trend_dtrader XTIUSD,H1: Failed modifying AAVEUSD
0	13:18:40.207	trend_dtrader XTIUSD,H1: Failed modifying ADAUSD
0	13:18:41.761	trend_dtrader XTIUSD,H1: Failed modifying ALGOUSD
0	13:18:42.365	trend_dtrader XTIUSD,H1: Failed modifying ATOMUSD
0	13:18:43.568	trend_dtrader XTIUSD,H1: Failed modifying AUDUSD
0	13:18:44.222	trend_dtrader XTIUSD,H1: Failed modifying AVAXUSD
0	13:18:45.795	trend_dtrader XTIUSD,H1: Failed modifying AXSUSD
0	13:18:46.205	trend_dtrader XTIUSD,H1: Failed modifying BCHUSD
0	13:18:48.307	trend_dtrader XTIUSD,H1: Failed modifying BNBUSD
0	13:18:50.337	trend_dtrader XTIUSD,H1: Failed modifying BTCUSD
0	13:18:51.714	trend_dtrader XTIUSD,H1: Failed modifying DASHUSD
0	13:18:52.206	trend_dtrader XTIUSD,H1: Failed modifying DOGEUSD
0	13:18:53.303	trend_dtrader XTIUSD,H1: Failed modifying DOTUSD
0	13:18:54.590	trend_dtrader XTIUSD,H1: Failed modifying ETCUSD
0	13:18:55.204	trend_dtrader XTIUSD,H1: Failed modifying ETHUSD
0	13:18:56.491	trend_dtrader XTIUSD,H1: Failed modifying EURUSD
0	13:18:57.207	trend_dtrader XTIUSD,H1: Failed modifying FILUSD
0	13:18:59.448	trend_dtrader XTIUSD,H1: Failed modifying FTMUSD
0	13:19:00.928	trend_dtrader XTIUSD,H1: Failed modifying GBPUSD
0	13:19:01.207	trend_dtrader XTIUSD,H1: Failed modifying GRTUSD
0	13:19:02.309	trend_dtrader XTIUSD,H1: Failed modifying ICPUSD
0	13:19:04.107	trend_dtrader XTIUSD,H1: Failed modifying IOTAUSD
0	13:19:04.204	trend_dtrader XTIUSD,H1: Failed modifying LINKUSD
0	13:19:05.210	trend_dtrader XTIUSD,H1: Failed modifying LRCUSD
0	13:19:06.311	trend_dtrader XTIUSD,H1: Failed modifying LTCUSD
0	13:19:07.721	trend_dtrader XTIUSD,H1: Failed modifying MANAUSD
0	13:19:08.870	trend_dtrader XTIUSD,H1: Failed modifying MATICUSD
0	13:19:09.385	trend_dtrader XTIUSD,H1: Failed modifying NEARUSD
0	13:19:10.212	trend_dtrader XTIUSD,H1: Failed modifying NZDUSD
0	13:19:11.211	trend_dtrader XTIUSD,H1: Failed modifying SOLUSD
0	13:19:13.124	trend_dtrader XTIUSD,H1: Failed modifying TRXUSD
0	13:19:13.204	trend_dtrader XTIUSD,H1: Failed modifying UNIUSD
0	13:19:14.218	trend_dtrader XTIUSD,H1: Failed modifying USDCAD
0	13:19:15.242	trend_dtrader XTIUSD,H1: Failed modifying USDCHF
0	13:19:16.206	trend_dtrader XTIUSD,H1: Failed modifying USDJPY
0	13:19:17.594	trend_dtrader XTIUSD,H1: Failed modifying USDMXN
0	13:19:18.210	trend_dtrader XTIUSD,H1: Failed modifying USDZAR
0	13:19:19.907	trend_dtrader XTIUSD,H1: Failed modifying XAGUSD
0	13:19:20.211	trend_dtrader XTIUSD,H1: Failed modifying XAUUSD
0	13:19:22.092	trend_dtrader XTIUSD,H1: Failed modifying XBRUSD
0	13:19:22.216	trend_dtrader XTIUSD,H1: Failed modifying XNGUSD
0	13:19:23.775	trend_dtrader XTIUSD,H1: Failed modifying XRPUSD
0	13:19:24.376	trend_dtrader XTIUSD,H1: Failed modifying XTIUSD
0	13:19:25.205	trend_dtrader XTIUSD,H1: Failed modifying AAVEUSD
0	13:19:26.310	trend_dtrader XTIUSD,H1: Failed modifying ADAUSD
0	13:19:27.472	trend_dtrader XTIUSD,H1: Failed modifying ALGOUSD
0	13:19:28.727	trend_dtrader XTIUSD,H1: Failed modifying ATOMUSD
0	13:19:29.259	trend_dtrader XTIUSD,H1: Failed modifying AUDUSD
0	13:19:30.587	trend_dtrader XTIUSD,H1: Failed modifying AVAXUSD
0	13:19:31.360	trend_dtrader XTIUSD,H1: Failed modifying AXSUSD
0	13:19:33.205	trend_dtrader XTIUSD,H1: Failed modifying BCHUSD
0	13:19:33.514	trend_dtrader XTIUSD,H1: Failed modifying BNBUSD
0	13:19:34.320	trend_dtrader XTIUSD,H1: Failed modifying BTCUSD
0	13:19:35.397	trend_dtrader XTIUSD,H1: Failed modifying DASHUSD
0	13:19:36.295	trend_dtrader XTIUSD,H1: Failed modifying DOGEUSD
0	13:19:37.540	trend_dtrader XTIUSD,H1: Failed modifying DOTUSD
0	13:19:38.394	trend_dtrader XTIUSD,H1: Failed modifying ETCUSD
0	13:19:39.425	trend_dtrader XTIUSD,H1: Failed modifying ETHUSD
0	13:19:40.212	trend_dtrader XTIUSD,H1: Failed modifying EURUSD
0	13:19:42.007	trend_dtrader XTIUSD,H1: Failed modifying FILUSD
0	13:19:43.160	trend_dtrader XTIUSD,H1: Failed modifying FTMUSD
0	13:19:43.207	trend_dtrader XTIUSD,H1: Failed modifying GBPUSD
0	13:19:44.901	trend_dtrader XTIUSD,H1: Failed modifying GRTUSD
0	13:19:45.210	trend_dtrader XTIUSD,H1: Failed modifying ICPUSD
0	13:19:46.800	trend_dtrader XTIUSD,H1: Failed modifying IOTAUSD
0	13:19:47.431	trend_dtrader XTIUSD,H1: Failed modifying LINKUSD
0	13:19:48.427	trend_dtrader XTIUSD,H1: Failed modifying LRCUSD
0	13:19:50.153	trend_dtrader XTIUSD,H1: Failed modifying LTCUSD
0	13:19:50.206	trend_dtrader XTIUSD,H1: Failed modifying MANAUSD
0	13:19:51.207	trend_dtrader XTIUSD,H1: Failed modifying MATICUSD
0	13:19:52.204	trend_dtrader XTIUSD,H1: Failed modifying NEARUSD
0	13:19:54.213	trend_dtrader XTIUSD,H1: Failed modifying NZDUSD
0	13:19:55.643	trend_dtrader XTIUSD,H1: Failed modifying SOLUSD
0	13:19:56.213	trend_dtrader XTIUSD,H1: Failed modifying TRXUSD
0	13:19:57.204	trend_dtrader XTIUSD,H1: Failed modifying UNIUSD
0	13:19:58.798	trend_dtrader XTIUSD,H1: Failed modifying USDCAD
0	13:19:59.204	trend_dtrader XTIUSD,H1: Failed modifying USDCHF
0	13:20:01.130	trend_dtrader XTIUSD,H1: Failed modifying USDJPY
0	13:20:01.204	trend_dtrader XTIUSD,H1: Failed modifying USDMXN
0	13:20:03.599	trend_dtrader XTIUSD,H1: Failed modifying USDZAR
0	13:20:04.888	trend_dtrader XTIUSD,H1: Failed modifying XAGUSD
0	13:20:05.795	trend_dtrader XTIUSD,H1: Failed modifying XAUUSD
0	13:20:06.455	trend_dtrader XTIUSD,H1: Failed modifying XBRUSD
0	13:20:07.212	trend_dtrader XTIUSD,H1: Failed modifying XNGUSD
0	13:20:08.462	trend_dtrader XTIUSD,H1: Failed modifying XRPUSD
0	13:20:09.493	trend_dtrader XTIUSD,H1: Failed modifying XTIUSD
0	13:20:10.338	trend_dtrader XTIUSD,H1: Failed modifying AAVEUSD
0	13:20:11.959	trend_dtrader XTIUSD,H1: Failed modifying ADAUSD
0	13:20:12.539	trend_dtrader XTIUSD,H1: Failed modifying ALGOUSD
0	13:20:13.504	trend_dtrader XTIUSD,H1: Failed modifying ATOMUSD
0	13:20:14.224	trend_dtrader XTIUSD,H1: Failed modifying AUDUSD
0	13:20:15.205	trend_dtrader XTIUSD,H1: Failed modifying AVAXUSD
0	13:20:16.876	trend_dtrader XTIUSD,H1: Failed modifying AXSUSD
0	13:20:17.204	trend_dtrader XTIUSD,H1: Failed modifying BCHUSD
0	13:20:18.207	trend_dtrader XTIUSD,H1: Failed modifying BNBUSD
0	13:20:20.420	trend_dtrader XTIUSD,H1: Failed modifying BTCUSD
0	13:20:21.287	trend_dtrader XTIUSD,H1: Failed modifying DASHUSD
0	13:20:22.374	trend_dtrader XTIUSD,H1: Failed modifying DOGEUSD
0	13:20:23.978	trend_dtrader XTIUSD,H1: Failed modifying DOTUSD
0	13:20:24.685	trend_dtrader XTIUSD,H1: Failed modifying ETCUSD
0	13:20:25.331	trend_dtrader XTIUSD,H1: Failed modifying ETHUSD
0	13:20:26.388	trend_dtrader XTIUSD,H1: Failed modifying EURUSD
0	13:20:27.289	trend_dtrader XTIUSD,H1: Failed modifying FILUSD
0	13:20:28.769	trend_dtrader XTIUSD,H1: Failed modifying FTMUSD
0	13:20:29.289	trend_dtrader XTIUSD,H1: Failed modifying GBPUSD
0	13:20:30.289	trend_dtrader XTIUSD,H1: Failed modifying GRTUSD
0	13:20:31.405	trend_dtrader XTIUSD,H1: Failed modifying ICPUSD
0	13:20:32.375	trend_dtrader XTIUSD,H1: Failed modifying IOTAUSD
0	13:20:33.643	trend_dtrader XTIUSD,H1: Failed modifying LINKUSD
0	13:20:34.286	trend_dtrader XTIUSD,H1: Failed modifying LRCUSD
0	13:20:35.455	trend_dtrader XTIUSD,H1: Failed modifying LTCUSD
0	13:20:36.295	trend_dtrader XTIUSD,H1: Failed modifying MANAUSD
0	13:20:37.289	trend_dtrader XTIUSD,H1: Failed modifying MATICUSD
0	13:20:38.286	trend_dtrader XTIUSD,H1: Failed modifying NEARUSD
0	13:20:39.296	trend_dtrader XTIUSD,H1: Failed modifying NZDUSD
0	13:20:40.293	trend_dtrader XTIUSD,H1: Failed modifying SOLUSD
0	13:20:41.515	trend_dtrader XTIUSD,H1: Failed modifying TRXUSD
0	13:20:42.289	trend_dtrader XTIUSD,H1: Failed modifying UNIUSD
0	13:20:43.462	trend_dtrader XTIUSD,H1: Failed modifying USDCAD
0	13:20:45.098	trend_dtrader XTIUSD,H1: Failed modifying USDCHF
0	13:20:45.289	trend_dtrader XTIUSD,H1: Failed modifying USDJPY
0	13:20:46.950	trend_dtrader XTIUSD,H1: Failed modifying USDMXN
0	13:20:47.292	trend_dtrader XTIUSD,H1: Failed modifying USDZAR
0	13:20:48.430	trend_dtrader XTIUSD,H1: Failed modifying XAGUSD
0	13:20:49.408	trend_dtrader XTIUSD,H1: Failed modifying XAUUSD
0	13:20:50.413	trend_dtrader XTIUSD,H1: Failed modifying XBRUSD
0	13:20:51.302	trend_dtrader XTIUSD,H1: Failed modifying XNGUSD
0	13:20:52.363	trend_dtrader XTIUSD,H1: Failed modifying XRPUSD
0	13:20:53.732	trend_dtrader XTIUSD,H1: Failed modifying XTIUSD
0	13:20:54.302	trend_dtrader XTIUSD,H1: Failed modifying AAVEUSD
0	13:20:55.292	trend_dtrader XTIUSD,H1: Failed modifying ADAUSD
0	13:20:56.287	trend_dtrader XTIUSD,H1: Failed modifying ALGOUSD
0	13:20:57.288	trend_dtrader XTIUSD,H1: Failed modifying ATOMUSD
0	13:20:58.295	trend_dtrader XTIUSD,H1: Failed modifying AUDUSD
0	13:20:59.604	trend_dtrader XTIUSD,H1: Failed modifying AVAXUSD
0	13:21:00.457	trend_dtrader XTIUSD,H1: Failed modifying AXSUSD
0	13:21:01.302	trend_dtrader XTIUSD,H1: Failed modifying BCHUSD
0	13:21:02.303	trend_dtrader XTIUSD,H1: Failed modifying BNBUSD
0	13:21:03.287	trend_dtrader XTIUSD,H1: Failed modifying BTCUSD
0	13:21:04.292	trend_dtrader XTIUSD,H1: Failed modifying DASHUSD
0	13:21:05.291	trend_dtrader XTIUSD,H1: Failed modifying DOGEUSD
0	13:21:07.630	trend_dtrader XTIUSD,H1: Failed modifying DOTUSD
0	13:21:08.285	trend_dtrader XTIUSD,H1: Failed modifying ETCUSD
0	13:21:09.986	trend_dtrader XTIUSD,H1: Failed modifying ETHUSD
0	13:21:10.510	trend_dtrader XTIUSD,H1: Failed modifying EURUSD
0	13:21:11.289	trend_dtrader XTIUSD,H1: Failed modifying FILUSD
0	13:21:12.287	trend_dtrader XTIUSD,H1: Failed modifying FTMUSD
0	13:21:13.294	trend_dtrader XTIUSD,H1: Failed modifying GBPUSD
0	13:21:14.289	trend_dtrader XTIUSD,H1: Failed modifying GRTUSD
0	13:21:15.288	trend_dtrader XTIUSD,H1: Failed modifying ICPUSD
0	13:21:16.293	trend_dtrader XTIUSD,H1: Failed modifying IOTAUSD
0	13:21:17.486	trend_dtrader XTIUSD,H1: Failed modifying LINKUSD
0	13:21:21.280	trend_dtrader XTIUSD,H1: Failed modifying LRCUSD
0	13:21:21.297	trend_dtrader XTIUSD,H1: Failed modifying LTCUSD
0	13:21:23.185	trend_dtrader XTIUSD,H1: Failed modifying MANAUSD
0	13:21:23.289	trend_dtrader XTIUSD,H1: Failed modifying MATICUSD
0	13:21:25.403	trend_dtrader XTIUSD,H1: Failed modifying NEARUSD
0	13:21:26.301	trend_dtrader XTIUSD,H1: Failed modifying NZDUSD
0	13:21:27.838	trend_dtrader XTIUSD,H1: Failed modifying SOLUSD
0	13:21:28.289	trend_dtrader XTIUSD,H1: Failed modifying TRXUSD
0	13:21:30.342	trend_dtrader XTIUSD,H1: Failed modifying UNIUSD
0	13:21:31.289	trend_dtrader XTIUSD,H1: Failed modifying USDCAD
0	13:21:32.389	trend_dtrader XTIUSD,H1: Failed modifying USDCHF
0	13:21:33.288	trend_dtrader XTIUSD,H1: Failed modifying USDJPY
0	13:21:34.739	trend_dtrader XTIUSD,H1: Failed modifying USDMXN
0	13:21:35.290	trend_dtrader XTIUSD,H1: Failed modifying USDZAR
0	13:21:36.300	trend_dtrader XTIUSD,H1: Failed modifying XAGUSD
0	13:21:37.292	trend_dtrader XTIUSD,H1: Failed modifying XAUUSD
0	13:21:38.518	trend_dtrader XTIUSD,H1: Failed modifying XBRUSD
0	13:21:39.383	trend_dtrader XTIUSD,H1: Failed modifying XNGUSD
0	13:21:41.675	trend_dtrader XTIUSD,H1: Failed modifying XRPUSD
0	13:21:42.289	trend_dtrader XTIUSD,H1: Failed modifying XTIUSD
0	13:21:43.778	trend_dtrader XTIUSD,H1: Failed modifying AAVEUSD
0	13:21:44.287	trend_dtrader XTIUSD,H1: Failed modifying ADAUSD
0	13:21:45.290	trend_dtrader XTIUSD,H1: Failed modifying ALGOUSD
0	13:21:46.287	trend_dtrader XTIUSD,H1: Failed modifying ATOMUSD
0	13:21:47.298	trend_dtrader XTIUSD,H1: Failed modifying AUDUSD
0	13:21:48.287	trend_dtrader XTIUSD,H1: Failed modifying AVAXUSD
0	13:21:49.306	trend_dtrader XTIUSD,H1: Failed modifying AXSUSD
0	13:21:50.289	trend_dtrader XTIUSD,H1: Failed modifying BCHUSD
0	13:21:51.286	trend_dtrader XTIUSD,H1: Failed modifying BNBUSD
0	13:21:52.938	trend_dtrader XTIUSD,H1: Failed modifying BTCUSD
0	13:21:53.287	trend_dtrader XTIUSD,H1: Failed modifying DASHUSD
0	13:21:54.475	trend_dtrader XTIUSD,H1: Failed modifying DOGEUSD
0	13:21:55.287	trend_dtrader XTIUSD,H1: Failed modifying DOTUSD
0	13:21:56.292	trend_dtrader XTIUSD,H1: Failed modifying ETCUSD
0	13:21:57.286	trend_dtrader XTIUSD,H1: Failed modifying ETHUSD
0	13:21:58.878	trend_dtrader XTIUSD,H1: Failed modifying EURUSD
0	13:21:59.290	trend_dtrader XTIUSD,H1: Failed modifying FILUSD
0	13:22:00.286	trend_dtrader XTIUSD,H1: Failed modifying FTMUSD
0	13:22:01.294	trend_dtrader XTIUSD,H1: Failed modifying GBPUSD
0	13:22:04.121	trend_dtrader XTIUSD,H1: Failed modifying GRTUSD
0	13:22:04.308	trend_dtrader XTIUSD,H1: Failed modifying ICPUSD
0	13:22:06.420	trend_dtrader XTIUSD,H1: Failed modifying IOTAUSD
0	13:22:07.286	trend_dtrader XTIUSD,H1: Failed modifying LINKUSD
0	13:22:08.976	trend_dtrader XTIUSD,H1: Failed modifying LRCUSD
0	13:22:09.286	trend_dtrader XTIUSD,H1: Failed modifying LTCUSD
0	13:22:11.041	trend_dtrader XTIUSD,H1: Failed modifying MANAUSD
0	13:22:11.287	trend_dtrader XTIUSD,H1: Failed modifying MATICUSD
0	13:22:13.500	trend_dtrader XTIUSD,H1: Failed modifying NEARUSD
0	13:22:14.382	trend_dtrader XTIUSD,H1: Failed modifying NZDUSD
0	13:22:16.305	trend_dtrader XTIUSD,H1: Failed modifying SOLUSD
0	13:22:17.568	trend_dtrader XTIUSD,H1: Failed modifying TRXUSD
0	13:22:18.788	trend_dtrader XTIUSD,H1: Failed modifying UNIUSD
0	13:22:19.289	trend_dtrader XTIUSD,H1: Failed modifying USDCAD
0	13:22:20.404	trend_dtrader XTIUSD,H1: Failed modifying USDCHF
0	13:22:21.423	trend_dtrader XTIUSD,H1: Failed modifying USDJPY
0	13:22:22.416	trend_dtrader XTIUSD,H1: Failed modifying USDMXN
0	13:22:23.293	trend_dtrader XTIUSD,H1: Failed modifying USDZAR
0	13:22:24.489	trend_dtrader XTIUSD,H1: Failed modifying XAGUSD
0	13:22:25.293	trend_dtrader XTIUSD,H1: Failed modifying XAUUSD
0	13:22:29.868	trend_dtrader XTIUSD,H1: Failed modifying XBRUSD
0	13:22:30.294	trend_dtrader XTIUSD,H1: Failed modifying XNGUSD
0	13:22:31.611	trend_dtrader XTIUSD,H1: Failed modifying XRPUSD
0	13:22:32.534	trend_dtrader XTIUSD,H1: Failed modifying XTIUSD
0	13:22:33.877	trend_dtrader XTIUSD,H1: Failed modifying AAVEUSD
0	13:22:34.480	trend_dtrader XTIUSD,H1: Failed modifying ADAUSD
0	13:22:35.291	trend_dtrader XTIUSD,H1: Failed modifying ALGOUSD
0	13:22:36.288	trend_dtrader XTIUSD,H1: Failed modifying ATOMUSD
0	13:22:38.288	trend_dtrader XTIUSD,H1: Failed modifying AUDUSD
0	13:22:38.323	trend_dtrader XTIUSD,H1: Failed modifying AVAXUSD
0	13:22:39.286	trend_dtrader XTIUSD,H1: Failed modifying AXSUSD
0	13:22:40.297	trend_dtrader XTIUSD,H1: Failed modifying BCHUSD
0	13:22:41.288	trend_dtrader XTIUSD,H1: Failed modifying BNBUSD
0	13:22:42.290	trend_dtrader XTIUSD,H1: Failed modifying BTCUSD
0	13:22:43.286	trend_dtrader XTIUSD,H1: Failed modifying DASHUSD
0	13:22:44.292	trend_dtrader XTIUSD,H1: Failed modifying DOGEUSD
0	13:22:45.287	trend_dtrader XTIUSD,H1: Failed modifying DOTUSD
0	13:22:46.290	trend_dtrader XTIUSD,H1: Failed modifying ETCUSD
0	13:22:47.290	trend_dtrader XTIUSD,H1: Failed modifying ETHUSD
0	13:22:48.290	trend_dtrader XTIUSD,H1: Failed modifying EURUSD
0	13:22:49.878	trend_dtrader XTIUSD,H1: Failed modifying FILUSD
0	13:22:50.287	trend_dtrader XTIUSD,H1: Failed modifying FTMUSD
0	13:22:52.446	trend_dtrader XTIUSD,H1: Failed modifying GBPUSD
0	13:22:53.290	trend_dtrader XTIUSD,H1: Failed modifying GRTUSD
0	13:22:54.773	trend_dtrader XTIUSD,H1: Failed modifying ICPUSD
0	13:22:55.289	trend_dtrader XTIUSD,H1: Failed modifying IOTAUSD
0	13:22:56.611	trend_dtrader XTIUSD,H1: Failed modifying LINKUSD
0	13:22:58.328	trend_dtrader XTIUSD,H1: Failed modifying LRCUSD
0	13:22:59.319	trend_dtrader XTIUSD,H1: Failed modifying LTCUSD
0	13:23:00.290	trend_dtrader XTIUSD,H1: Failed modifying MANAUSD
0	13:23:01.865	trend_dtrader XTIUSD,H1: Failed modifying MATICUSD
0	13:23:02.303	trend_dtrader XTIUSD,H1: Failed modifying NEARUSD
0	13:23:03.296	trend_dtrader XTIUSD,H1: Failed modifying NZDUSD
0	13:23:04.626	trend_dtrader XTIUSD,H1: Failed modifying SOLUSD
0	13:23:05.295	trend_dtrader XTIUSD,H1: Failed modifying TRXUSD
0	13:23:06.598	trend_dtrader XTIUSD,H1: Failed modifying UNIUSD
0	13:23:08.486	trend_dtrader XTIUSD,H1: Failed modifying USDCAD
0	13:23:09.322	trend_dtrader XTIUSD,H1: Failed modifying USDCHF
0	13:23:10.292	trend_dtrader XTIUSD,H1: Failed modifying USDJPY
0	13:23:12.417	trend_dtrader XTIUSD,H1: Failed modifying USDMXN
0	13:23:13.672	trend_dtrader XTIUSD,H1: Failed modifying USDZAR
0	13:23:14.404	trend_dtrader XTIUSD,H1: Failed modifying XAGUSD
0	13:23:15.698	trend_dtrader XTIUSD,H1: Failed modifying XAUUSD
0	13:23:16.330	trend_dtrader XTIUSD,H1: Failed modifying XBRUSD
0	13:23:17.303	trend_dtrader XTIUSD,H1: Failed modifying XNGUSD
0	13:23:18.327	trend_dtrader XTIUSD,H1: Failed modifying XRPUSD
0	13:23:19.379	trend_dtrader XTIUSD,H1: Failed modifying XTIUSD
0	13:23:20.561	trend_dtrader XTIUSD,H1: Failed modifying AAVEUSD
0	13:23:21.286	trend_dtrader XTIUSD,H1: Failed modifying ADAUSD
0	13:23:22.291	trend_dtrader XTIUSD,H1: Failed modifying ALGOUSD
0	13:23:23.286	trend_dtrader XTIUSD,H1: Failed modifying ATOMUSD
0	13:23:24.983	trend_dtrader XTIUSD,H1: Failed modifying AUDUSD
0	13:23:25.287	trend_dtrader XTIUSD,H1: Failed modifying AVAXUSD
0	13:23:26.421	trend_dtrader XTIUSD,H1: Failed modifying AXSUSD
0	13:23:27.287	trend_dtrader XTIUSD,H1: Failed modifying BCHUSD
0	13:23:28.410	trend_dtrader XTIUSD,H1: Failed modifying BNBUSD
0	13:23:29.679	trend_dtrader XTIUSD,H1: Failed modifying BTCUSD
0	13:23:30.287	trend_dtrader XTIUSD,H1: Failed modifying DASHUSD
0	13:23:31.432	trend_dtrader XTIUSD,H1: Failed modifying DOGEUSD
0	13:23:32.626	trend_dtrader XTIUSD,H1: Failed modifying DOTUSD
0	13:23:34.275	trend_dtrader XTIUSD,H1: Failed modifying ETCUSD
0	13:23:34.286	trend_dtrader XTIUSD,H1: Failed modifying ETHUSD
0	13:23:35.295	trend_dtrader XTIUSD,H1: Failed modifying EURUSD
0	13:23:36.291	trend_dtrader XTIUSD,H1: Failed modifying FILUSD
0	13:23:37.286	trend_dtrader XTIUSD,H1: Failed modifying FTMUSD
0	13:23:38.295	trend_dtrader XTIUSD,H1: Failed modifying GBPUSD
0	13:23:39.287	trend_dtrader XTIUSD,H1: Failed modifying GRTUSD
0	13:23:40.296	trend_dtrader XTIUSD,H1: Failed modifying ICPUSD
0	13:23:41.290	trend_dtrader XTIUSD,H1: Failed modifying IOTAUSD
0	13:23:42.925	trend_dtrader XTIUSD,H1: Failed modifying LINKUSD
0	13:23:43.290	trend_dtrader XTIUSD,H1: Failed modifying LRCUSD
0	13:23:45.144	trend_dtrader XTIUSD,H1: Failed modifying LTCUSD
0	13:23:45.364	trend_dtrader XTIUSD,H1: Failed modifying MANAUSD
0	13:23:46.287	trend_dtrader XTIUSD,H1: Failed modifying MATICUSD
0	13:23:47.289	trend_dtrader XTIUSD,H1: Failed modifying NEARUSD
0	13:23:48.289	trend_dtrader XTIUSD,H1: Failed modifying NZDUSD
0	13:23:49.299	trend_dtrader XTIUSD,H1: Failed modifying SOLUSD
0	13:23:50.293	trend_dtrader XTIUSD,H1: Failed modifying TRXUSD
0	13:23:51.287	trend_dtrader XTIUSD,H1: Failed modifying UNIUSD
0	13:23:52.290	trend_dtrader XTIUSD,H1: Failed modifying USDCAD
0	13:23:53.286	trend_dtrader XTIUSD,H1: Failed modifying USDCHF
0	13:23:55.053	trend_dtrader XTIUSD,H1: Failed modifying USDJPY
0	13:23:55.287	trend_dtrader XTIUSD,H1: Failed modifying USDMXN
0	13:23:56.303	trend_dtrader XTIUSD,H1: Failed modifying USDZAR
0	13:23:57.293	trend_dtrader XTIUSD,H1: Failed modifying XAGUSD
0	13:24:01.395	trend_dtrader XTIUSD,H1: Failed modifying XAUUSD
0	13:24:02.338	trend_dtrader XTIUSD,H1: Failed modifying XBRUSD
0	13:24:04.187	trend_dtrader XTIUSD,H1: Failed modifying XNGUSD
0	13:24:04.561	trend_dtrader XTIUSD,H1: Failed modifying XRPUSD
0	13:24:06.294	trend_dtrader XTIUSD,H1: Failed modifying XTIUSD
0	13:24:07.287	trend_dtrader XTIUSD,H1: Failed modifying AAVEUSD
0	13:24:09.532	trend_dtrader XTIUSD,H1: Failed modifying ADAUSD
0	13:24:11.541	trend_dtrader XTIUSD,H1: Failed modifying ALGOUSD
0	13:24:13.747	trend_dtrader XTIUSD,H1: Failed modifying ATOMUSD
0	13:24:14.492	trend_dtrader XTIUSD,H1: Failed modifying AUDUSD
0	13:24:15.463	trend_dtrader XTIUSD,H1: Failed modifying AVAXUSD
0	13:24:16.611	trend_dtrader XTIUSD,H1: Failed modifying AXSUSD
0	13:24:18.647	trend_dtrader XTIUSD,H1: Failed modifying BCHUSD
0	13:24:19.715	trend_dtrader XTIUSD,H1: Failed modifying BNBUSD
0	13:24:20.443	trend_dtrader XTIUSD,H1: Failed modifying BTCUSD
0	13:24:21.287	trend_dtrader XTIUSD,H1: Failed modifying DASHUSD
0	13:24:22.291	trend_dtrader XTIUSD,H1: Failed modifying DOGEUSD
0	13:24:23.458	trend_dtrader XTIUSD,H1: Failed modifying DOTUSD
0	13:24:24.307	trend_dtrader XTIUSD,H1: Failed modifying ETCUSD
0	13:24:25.355	trend_dtrader XTIUSD,H1: Failed modifying ETHUSD
0	13:24:26.294	trend_dtrader XTIUSD,H1: Failed modifying EURUSD
0	13:24:27.295	trend_dtrader XTIUSD,H1: Failed modifying FILUSD
0	13:24:28.287	trend_dtrader XTIUSD,H1: Failed modifying FTMUSD
0	13:24:29.708	trend_dtrader XTIUSD,H1: Failed modifying GBPUSD
0	13:24:30.287	trend_dtrader XTIUSD,H1: Failed modifying GRTUSD
0	13:24:31.295	trend_dtrader XTIUSD,H1: Failed modifying ICPUSD