0	00:06:08.523	trend_dtrader XRPUSD,H1: Alert: Please check your internet connection
0	00:06:08.830	trend_dtrader XRPUSD,H1: Alert: Please check your internet connection
0	00:06:09.831	trend_dtrader XRPUSD,H1: Alert: Please check your internet connection
0	00:06:10.828	trend_dtrader XRPUSD,H1: Alert: Please check your internet connection
0	00:06:11.828	trend_dtrader XRPUSD,H1: Alert: Please check your internet connection
0	00:06:12.828	trend_dtrader XRPUSD,H1: Alert: Please check your internet connection
0	00:06:13.827	trend_dtrader XRPUSD,H1: Alert: Please check your internet connection
0	00:06:14.826	trend_dtrader XRPUSD,H1: Alert: Please check your internet connection
0	00:06:15.826	trend_dtrader XRPUSD,H1: Alert: Please check your internet connection
0	00:06:16.825	trend_dtrader XRPUSD,H1: Alert: Please check your internet connection
0	00:06:17.824	trend_dtrader XRPUSD,H1: Alert: Please check your internet connection
0	00:06:18.824	trend_dtrader XRPUSD,H1: Alert: Please check your internet connection
0	00:06:28.596	trend_dtrader XRPUSD,H1: Alert: Failed ADAUSD
0	00:06:39.148	trend_dtrader XRPUSD,H1: Alert: Failed MATICUSD
0	00:06:45.053	trend_dtrader XRPUSD,H1: Alert: Failed ADAUSD
0	00:18:25.251	trend_dtrader XRPUSD,H1: Alert: Please check your internet connection
0	00:18:25.809	trend_dtrader XRPUSD,H1: Alert: Please check your internet connection
0	00:18:26.807	trend_dtrader XRPUSD,H1: Alert: Please check your internet connection
0	00:18:28.649	trend_dtrader XRPUSD,H1: Alert: Failed MATICUSD
0	00:18:34.280	trend_dtrader XRPUSD,H1: Alert: Failed ADAUSD
0	00:18:45.057	trend_dtrader XRPUSD,H1: Alert: Failed MATICUSD
0	00:18:51.062	trend_dtrader XRPUSD,H1: Alert: Failed ADAUSD
0	00:19:02.090	trend_dtrader XRPUSD,H1: Alert: Failed MATICUSD
0	00:19:08.070	trend_dtrader XRPUSD,H1: Alert: Failed ADAUSD
0	00:22:20.805	trend_dtrader XRPUSD,H1: Alert: Please check your internet connection
0	00:22:21.804	trend_dtrader XRPUSD,H1: Alert: Please check your internet connection
0	00:22:22.713	trend_dtrader XRPUSD,H1: Alert: Please check your internet connection
0	00:22:30.355	trend_dtrader XRPUSD,H1: Alert: Failed MATICUSD
0	00:22:36.197	trend_dtrader XRPUSD,H1: Alert: Failed ADAUSD
0	00:22:46.997	trend_dtrader XRPUSD,H1: Alert: Failed MATICUSD
0	00:22:53.707	trend_dtrader XRPUSD,H1: Alert: Failed ADAUSD
0	00:23:03.973	trend_dtrader XRPUSD,H1: Alert: Failed MATICUSD
0	00:24:09.698	trend_dtrader XRPUSD,H1: Alert: Please check your internet connection
0	00:24:10.712	trend_dtrader XRPUSD,H1: Alert: Please check your internet connection
0	00:24:11.699	trend_dtrader XRPUSD,H1: Alert: Please check your internet connection
0	00:24:12.700	trend_dtrader XRPUSD,H1: Alert: Please check your internet connection
0	00:24:13.699	trend_dtrader XRPUSD,H1: Alert: Please check your internet connection
0	00:24:14.699	trend_dtrader XRPUSD,H1: Alert: Please check your internet connection
0	00:24:15.699	trend_dtrader XRPUSD,H1: Alert: Please check your internet connection
0	00:24:19.060	trend_dtrader XRPUSD,H1: Alert: Failed ADAUSD
0	00:24:30.043	trend_dtrader XRPUSD,H1: Alert: Failed MATICUSD
0	00:24:35.981	trend_dtrader XRPUSD,H1: Alert: Failed ADAUSD
0	00:24:46.957	trend_dtrader XRPUSD,H1: Alert: Failed MATICUSD
0	00:24:52.998	trend_dtrader XRPUSD,H1: Alert: Failed ADAUSD
0	00:25:47.159	trend_dtrader XRPUSD,H1: Alert: Failed MATICUSD
0	00:25:52.281	trend_dtrader XRPUSD,H1: Alert: Failed ADAUSD
0	00:26:03.392	trend_dtrader XRPUSD,H1: Alert: Failed MATICUSD
0	00:26:15.565	trend_dtrader XRPUSD,H1: Alert: Failed ADAUSD
0	00:31:17.017	trend_dtrader XRPUSD,H1: Alert: Please check your internet connection
0	00:31:17.690	trend_dtrader XRPUSD,H1: Alert: Please check your internet connection
0	00:31:18.690	trend_dtrader XRPUSD,H1: Alert: Please check your internet connection
0	00:31:19.690	trend_dtrader XRPUSD,H1: Alert: Please check your internet connection
0	00:31:20.689	trend_dtrader XRPUSD,H1: Alert: Please check your internet connection
0	00:31:21.689	trend_dtrader XRPUSD,H1: Alert: Please check your internet connection
0	00:31:22.689	trend_dtrader XRPUSD,H1: Alert: Please check your internet connection
0	00:31:23.689	trend_dtrader XRPUSD,H1: Alert: Please check your internet connection
0	00:31:24.688	trend_dtrader XRPUSD,H1: Alert: Please check your internet connection
0	00:31:25.688	trend_dtrader XRPUSD,H1: Alert: Please check your internet connection
0	00:31:26.688	trend_dtrader XRPUSD,H1: Alert: Please check your internet connection
0	00:31:27.689	trend_dtrader XRPUSD,H1: Alert: Please check your internet connection
0	00:31:33.310	trend_dtrader XRPUSD,H1: Alert: Failed MATICUSD
0	00:31:39.444	trend_dtrader XRPUSD,H1: Alert: Failed ADAUSD
0	00:31:50.524	trend_dtrader XRPUSD,H1: Alert: Failed MATICUSD
0	00:31:57.105	trend_dtrader XRPUSD,H1: Alert: Failed ADAUSD
0	00:32:07.478	trend_dtrader XRPUSD,H1: Alert: Failed MATICUSD
0	00:32:14.178	trend_dtrader XRPUSD,H1: Alert: Failed ADAUSD
0	00:32:24.227	trend_dtrader XRPUSD,H1: Alert: Failed MATICUSD
0	00:32:30.278	trend_dtrader XRPUSD,H1: Alert: Failed ADAUSD
0	00:32:42.437	trend_dtrader XRPUSD,H1: Alert: Failed MATICUSD
0	00:32:48.007	trend_dtrader XRPUSD,H1: Alert: Failed ADAUSD
0	00:47:48.480	trend_dtrader XRPUSD,H1: Alert: Failed MATICUSD
0	00:47:53.143	trend_dtrader XRPUSD,H1: Alert: Failed ADAUSD
0	00:48:04.038	trend_dtrader XRPUSD,H1: Alert: Failed MATICUSD
0	00:48:10.015	trend_dtrader XRPUSD,H1: Alert: Failed ADAUSD
0	00:48:20.983	trend_dtrader XRPUSD,H1: Alert: Failed MATICUSD
0	00:48:27.089	trend_dtrader XRPUSD,H1: Alert: Failed ADAUSD
0	01:07:09.336	trend_dtrader XRPUSD,H1: Alert: Please check your internet connection
0	01:07:09.660	trend_dtrader XRPUSD,H1: Alert: Please check your internet connection
0	01:07:10.743	trend_dtrader XRPUSD,H1: Alert: Please check your internet connection
0	01:07:11.660	trend_dtrader XRPUSD,H1: Alert: Please check your internet connection
0	01:07:12.659	trend_dtrader XRPUSD,H1: Alert: Please check your internet connection
0	01:07:13.659	trend_dtrader XRPUSD,H1: Alert: Please check your internet connection
0	01:07:14.661	trend_dtrader XRPUSD,H1: Alert: Please check your internet connection
0	01:07:15.659	trend_dtrader XRPUSD,H1: Alert: Please check your internet connection
0	01:07:19.399	trend_dtrader XRPUSD,H1: Alert: Failed MATICUSD
0	01:07:25.116	trend_dtrader XRPUSD,H1: Alert: Failed ADAUSD
0	01:07:35.931	trend_dtrader XRPUSD,H1: Alert: Failed MATICUSD
0	01:07:41.945	trend_dtrader XRPUSD,H1: Alert: Failed ADAUSD
0	01:07:52.901	trend_dtrader XRPUSD,H1: Alert: Failed MATICUSD
0	01:25:20.624	trend_dtrader XRPUSD,H1: Alert: Please check your internet connection
0	01:25:20.668	trend_dtrader XRPUSD,H1: Alert: Please check your internet connection
0	01:25:21.558	trend_dtrader XRPUSD,H1: Alert: Please check your internet connection
0	01:25:22.558	trend_dtrader XRPUSD,H1: Alert: Please check your internet connection
0	01:41:36.562	trend_dtrader XRPUSD,H1: Alert: Failed ADAUSD
0	01:41:45.985	trend_dtrader XRPUSD,H1: Alert: Failed MANAUSD
0	01:41:46.955	trend_dtrader XRPUSD,H1: Alert: Failed MATICUSD
0	01:42:02.755	trend_dtrader XRPUSD,H1: Alert: Failed MANAUSD
0	01:42:03.722	trend_dtrader XRPUSD,H1: Alert: Failed MATICUSD
0	02:08:09.777	trend_dtrader XRPUSD,H1: Alert: Failed MANAUSD
0	02:08:10.511	trend_dtrader XRPUSD,H1: Alert: Failed MATICUSD
0	02:08:10.930	trend_dtrader XRPUSD,H1: Alert: Please check your internet connection
0	02:08:11.402	trend_dtrader XRPUSD,H1: Alert: Please check your internet connection
0	02:08:12.414	trend_dtrader XRPUSD,H1: Alert: Please check your internet connection
0	02:08:13.404	trend_dtrader XRPUSD,H1: Alert: Please check your internet connection
0	02:08:14.405	trend_dtrader XRPUSD,H1: Alert: Please check your internet connection
0	02:08:15.405	trend_dtrader XRPUSD,H1: Alert: Please check your internet connection
0	02:08:16.406	trend_dtrader XRPUSD,H1: Alert: Please check your internet connection
0	02:08:17.407	trend_dtrader XRPUSD,H1: Alert: Please check your internet connection
0	02:08:18.425	trend_dtrader XRPUSD,H1: Alert: Please check your internet connection
0	02:08:34.893	trend_dtrader XRPUSD,H1: Alert: Failed MANAUSD
0	02:08:35.689	trend_dtrader XRPUSD,H1: Alert: Failed MATICUSD
0	02:08:51.708	trend_dtrader XRPUSD,H1: Alert: Failed MANAUSD
0	02:08:52.707	trend_dtrader XRPUSD,H1: Alert: Failed MATICUSD
0	02:25:12.267	trend_dtrader XRPUSD,H1: Alert: Please check your internet connection
0	02:25:12.381	trend_dtrader XRPUSD,H1: Alert: Please check your internet connection
0	02:25:13.380	trend_dtrader XRPUSD,H1: Alert: Please check your internet connection
0	02:40:48.552	trend_dtrader XRPUSD,H1: Alert: Please check your internet connection
0	02:40:49.342	trend_dtrader XRPUSD,H1: Alert: Please check your internet connection
0	02:40:58.003	trend_dtrader XRPUSD,H1: Alert: Failed MANAUSD
0	02:40:58.841	trend_dtrader XRPUSD,H1: Alert: Failed MATICUSD
0	02:41:14.557	trend_dtrader XRPUSD,H1: Alert: Failed MANAUSD
0	02:41:15.569	trend_dtrader XRPUSD,H1: Alert: Failed MATICUSD
0	02:41:31.506	trend_dtrader XRPUSD,H1: Alert: Failed MANAUSD
0	02:41:32.502	trend_dtrader XRPUSD,H1: Alert: Failed MATICUSD
0	02:56:51.260	trend_dtrader XRPUSD,H1: Alert: Please check your internet connection
0	02:56:52.260	trend_dtrader XRPUSD,H1: Alert: Please check your internet connection
0	02:56:53.260	trend_dtrader XRPUSD,H1: Alert: Please check your internet connection
0	02:56:54.262	trend_dtrader XRPUSD,H1: Alert: Please check your internet connection
0	02:56:55.261	trend_dtrader XRPUSD,H1: Alert: Please check your internet connection
0	03:04:27.360	trend_dtrader XRPUSD,H1: Alert: Please check your internet connection
0	03:04:28.245	trend_dtrader XRPUSD,H1: Alert: Please check your internet connection
0	03:04:29.248	trend_dtrader XRPUSD,H1: Alert: Please check your internet connection
0	03:04:30.247	trend_dtrader XRPUSD,H1: Alert: Please check your internet connection
0	03:04:31.722	trend_dtrader XRPUSD,H1: Alert: Failed USDCHF
2	03:04:44.161	trend_dtrader XRPUSD,H1: open #469447081 buy 0.20 MANAUSD at 0.7918 sl: 0.6996 tp: 0.7947 ok
0	03:04:44.162	trend_dtrader XRPUSD,H1: Alert: MANAUSD Ordered Successfully
0	03:04:46.048	trend_dtrader XRPUSD,H1: Alert: Failed MATICUSD
2	03:04:49.346	trend_dtrader XRPUSD,H1: open #469447087 sell 0.20 USDCAD at 1.34758 sl: 1.35327 tp: 1.33959 ok
0	03:04:49.366	trend_dtrader XRPUSD,H1: Alert: USDCAD Ordered Successfully
0	03:04:49.932	trend_dtrader XRPUSD,H1: Alert: Failed USDCHF
0	03:05:02.498	trend_dtrader XRPUSD,H1: Alert: Failed MATICUSD
0	03:05:06.491	trend_dtrader XRPUSD,H1: Alert: Failed USDCHF
0	03:26:43.934	trend_dtrader XRPUSD,H1: Alert: Failed MATICUSD
0	03:26:43.935	trend_dtrader XRPUSD,H1: Alert: Please check your internet connection
0	03:26:44.087	trend_dtrader XRPUSD,H1: Alert: Please check your internet connection
0	03:26:44.209	trend_dtrader XRPUSD,H1: Alert: Please check your internet connection
0	03:26:45.210	trend_dtrader XRPUSD,H1: Alert: Please check your internet connection
0	03:26:46.214	trend_dtrader XRPUSD,H1: Alert: Please check your internet connection
0	03:41:59.180	trend_dtrader XRPUSD,H1: Alert: Please check your internet connection
0	03:42:00.182	trend_dtrader XRPUSD,H1: Alert: Please check your internet connection
0	03:42:02.218	trend_dtrader XRPUSD,H1: Alert: Failed USDCHF
0	03:42:41.711	trend_dtrader XRPUSD,H1: Alert: Failed MATICUSD
0	03:42:58.449	trend_dtrader XRPUSD,H1: Alert: Failed MATICUSD
0	03:43:15.458	trend_dtrader XRPUSD,H1: Alert: Failed MATICUSD
0	04:01:08.306	trend_dtrader XRPUSD,H1: Alert: Please check your internet connection
0	04:01:09.131	trend_dtrader XRPUSD,H1: Alert: Please check your internet connection
0	04:01:10.135	trend_dtrader XRPUSD,H1: Alert: Please check your internet connection
0	04:01:11.122	trend_dtrader XRPUSD,H1: Alert: Please check your internet connection
0	04:01:12.122	trend_dtrader XRPUSD,H1: Alert: Please check your internet connection
0	04:10:11.520	trend_dtrader XRPUSD,H1: Alert: Please check your internet connection
0	04:10:12.106	trend_dtrader XRPUSD,H1: Alert: Please check your internet connection
0	04:10:13.108	trend_dtrader XRPUSD,H1: Alert: Please check your internet connection
0	04:10:14.586	trend_dtrader XRPUSD,H1: Alert: Please check your internet connection
0	04:10:28.662	trend_dtrader XRPUSD,H1: Alert: Failed MATICUSD
0	04:10:32.317	trend_dtrader XRPUSD,H1: Alert: Failed USDCHF
0	04:10:45.414	trend_dtrader XRPUSD,H1: Alert: Failed MATICUSD
0	04:10:49.352	trend_dtrader XRPUSD,H1: Alert: Failed USDCHF
0	04:24:12.169	trend_dtrader XRPUSD,H1: Alert: Please check your internet connection
0	04:24:13.101	trend_dtrader XRPUSD,H1: Alert: Please check your internet connection
0	04:24:14.101	trend_dtrader XRPUSD,H1: Alert: Please check your internet connection
0	04:24:15.102	trend_dtrader XRPUSD,H1: Alert: Please check your internet connection
0	04:24:16.101	trend_dtrader XRPUSD,H1: Alert: Please check your internet connection
0	04:24:17.100	trend_dtrader XRPUSD,H1: Alert: Please check your internet connection
0	04:24:18.101	trend_dtrader XRPUSD,H1: Alert: Please check your internet connection
0	04:24:19.101	trend_dtrader XRPUSD,H1: Alert: Please check your internet connection
0	04:24:20.102	trend_dtrader XRPUSD,H1: Alert: Please check your internet connection
0	04:24:21.101	trend_dtrader XRPUSD,H1: Alert: Please check your internet connection
0	04:24:22.357	trend_dtrader XRPUSD,H1: Alert: Please check your internet connection
0	04:24:23.114	trend_dtrader XRPUSD,H1: Alert: Please check your internet connection
0	04:24:24.122	trend_dtrader XRPUSD,H1: Alert: Please check your internet connection
0	04:24:25.100	trend_dtrader XRPUSD,H1: Alert: Please check your internet connection
0	04:24:26.102	trend_dtrader XRPUSD,H1: Alert: Please check your internet connection
0	04:24:27.101	trend_dtrader XRPUSD,H1: Alert: Please check your internet connection
0	04:24:28.102	trend_dtrader XRPUSD,H1: Alert: Please check your internet connection
0	04:24:29.102	trend_dtrader XRPUSD,H1: Alert: Please check your internet connection
0	04:24:30.100	trend_dtrader XRPUSD,H1: Alert: Please check your internet connection
0	04:24:31.101	trend_dtrader XRPUSD,H1: Alert: Please check your internet connection
0	04:24:32.101	trend_dtrader XRPUSD,H1: Alert: Please check your internet connection
0	04:24:33.103	trend_dtrader XRPUSD,H1: Alert: Please check your internet connection
0	04:24:34.101	trend_dtrader XRPUSD,H1: Alert: Please check your internet connection
0	04:24:35.106	trend_dtrader XRPUSD,H1: Alert: Please check your internet connection
0	04:24:36.102	trend_dtrader XRPUSD,H1: Alert: Please check your internet connection
0	04:24:37.100	trend_dtrader XRPUSD,H1: Alert: Please check your internet connection
0	04:24:38.113	trend_dtrader XRPUSD,H1: Alert: Please check your internet connection
0	04:24:39.102	trend_dtrader XRPUSD,H1: Alert: Please check your internet connection
0	04:24:40.101	trend_dtrader XRPUSD,H1: Alert: Please check your internet connection
0	04:24:41.100	trend_dtrader XRPUSD,H1: Alert: Please check your internet connection
0	04:24:42.102	trend_dtrader XRPUSD,H1: Alert: Please check your internet connection
0	04:24:43.102	trend_dtrader XRPUSD,H1: Alert: Please check your internet connection
0	04:24:44.100	trend_dtrader XRPUSD,H1: Alert: Please check your internet connection
0	04:24:45.101	trend_dtrader XRPUSD,H1: Alert: Please check your internet connection
0	04:24:46.100	trend_dtrader XRPUSD,H1: Alert: Please check your internet connection
0	04:24:47.101	trend_dtrader XRPUSD,H1: Alert: Please check your internet connection
0	04:24:48.102	trend_dtrader XRPUSD,H1: Alert: Please check your internet connection
0	04:24:49.102	trend_dtrader XRPUSD,H1: Alert: Please check your internet connection
0	04:24:50.102	trend_dtrader XRPUSD,H1: Alert: Please check your internet connection
0	04:24:51.101	trend_dtrader XRPUSD,H1: Alert: Please check your internet connection
0	04:24:52.100	trend_dtrader XRPUSD,H1: Alert: Please check your internet connection
0	04:24:53.140	trend_dtrader XRPUSD,H1: Alert: Please check your internet connection
0	04:24:54.107	trend_dtrader XRPUSD,H1: Alert: Please check your internet connection
0	04:24:55.100	trend_dtrader XRPUSD,H1: Alert: Please check your internet connection
0	04:24:56.101	trend_dtrader XRPUSD,H1: Alert: Please check your internet connection
0	04:24:57.101	trend_dtrader XRPUSD,H1: Alert: Please check your internet connection
0	04:24:58.103	trend_dtrader XRPUSD,H1: Alert: Please check your internet connection
0	04:42:46.471	trend_dtrader XRPUSD,H1: Alert: Please check your internet connection
0	04:42:47.061	trend_dtrader XRPUSD,H1: Alert: Please check your internet connection
0	04:42:48.153	trend_dtrader XRPUSD,H1: Alert: Please check your internet connection
0	04:42:49.063	trend_dtrader XRPUSD,H1: Alert: Please check your internet connection
0	04:42:50.063	trend_dtrader XRPUSD,H1: Alert: Please check your internet connection
0	04:42:51.062	trend_dtrader XRPUSD,H1: Alert: Please check your internet connection
0	04:42:52.759	trend_dtrader XRPUSD,H1: Alert: Please check your internet connection
0	04:42:53.240	trend_dtrader XRPUSD,H1: Alert: Please check your internet connection
0	04:43:01.973	trend_dtrader XRPUSD,H1: Alert: Failed USDCHF
0	04:43:19.293	trend_dtrader XRPUSD,H1: Alert: Failed USDCHF
0	04:43:36.280	trend_dtrader XRPUSD,H1: Alert: Failed USDCHF
0	04:59:52.042	trend_dtrader XRPUSD,H1: Alert: Please check your internet connection
0	04:59:53.041	trend_dtrader XRPUSD,H1: Alert: Please check your internet connection
0	05:11:13.022	trend_dtrader XRPUSD,H1: Alert: Please check your internet connection
0	05:11:14.020	trend_dtrader XRPUSD,H1: Alert: Please check your internet connection
0	05:11:24.491	trend_dtrader XRPUSD,H1: Alert: Failed USDCHF
0	05:11:41.733	trend_dtrader XRPUSD,H1: Alert: Failed USDCHF
0	05:11:58.907	trend_dtrader XRPUSD,H1: Alert: Failed USDCHF
0	05:26:36.510	trend_dtrader XRPUSD,H1: Alert: Please check your internet connection
0	05:26:37.003	trend_dtrader XRPUSD,H1: Alert: Please check your internet connection
0	05:26:37.989	trend_dtrader XRPUSD,H1: Alert: Please check your internet connection
0	05:26:38.986	trend_dtrader XRPUSD,H1: Alert: Please check your internet connection
0	05:26:39.984	trend_dtrader XRPUSD,H1: Alert: Please check your internet connection
0	05:26:40.983	trend_dtrader XRPUSD,H1: Alert: Please check your internet connection
0	05:26:41.983	trend_dtrader XRPUSD,H1: Alert: Please check your internet connection
0	05:26:58.492	trend_dtrader XRPUSD,H1: Alert: Failed USDCHF
0	05:27:15.183	trend_dtrader XRPUSD,H1: Alert: Failed USDCHF
0	05:42:57.931	trend_dtrader XRPUSD,H1: Alert: Please check your internet connection
0	05:42:58.961	trend_dtrader XRPUSD,H1: Alert: Please check your internet connection
0	05:43:08.423	trend_dtrader XRPUSD,H1: Alert: Failed USDCHF
0	05:43:25.167	trend_dtrader XRPUSD,H1: Alert: Failed USDCHF
0	05:43:42.148	trend_dtrader XRPUSD,H1: Alert: Failed USDCHF
0	05:55:44.900	trend_dtrader XRPUSD,H1: Alert: Please check your internet connection
0	05:55:45.870	trend_dtrader XRPUSD,H1: Alert: Please check your internet connection
0	05:55:46.870	trend_dtrader XRPUSD,H1: Alert: Please check your internet connection
0	05:55:47.869	trend_dtrader XRPUSD,H1: Alert: Please check your internet connection
0	05:55:48.868	trend_dtrader XRPUSD,H1: Alert: Please check your internet connection
0	05:55:49.869	trend_dtrader XRPUSD,H1: Alert: Please check your internet connection
0	05:56:05.460	trend_dtrader XRPUSD,H1: Alert: Failed USDCHF
0	05:56:22.056	trend_dtrader XRPUSD,H1: Alert: Failed USDCHF
0	05:56:39.975	trend_dtrader XRPUSD,H1: Alert: Failed USDCHF
0	05:56:49.661	trend_dtrader XRPUSD,H1: uninit reason 5
0	05:56:49.661	trend_dtrader XRPUSD,H1: Alert: 5
0	05:56:49.762	trend_dtrader XRPUSD,H1 inputs: mdesc=DBot FX; lot_size=0.1; max_trade=20; 
0	05:56:49.767	trend_dtrader XRPUSD,H1: ADAUSD --> 4
0	05:56:49.767	trend_dtrader XRPUSD,H1: ALGOUSD --> 4
0	05:56:49.768	trend_dtrader XRPUSD,H1: AUDUSD --> 5
0	05:56:49.779	trend_dtrader XRPUSD,H1: DOGEUSD --> 5
0	05:56:49.784	trend_dtrader XRPUSD,H1: EURUSD --> 5
0	05:56:49.784	trend_dtrader XRPUSD,H1: FTMUSD --> 4
0	05:56:49.785	trend_dtrader XRPUSD,H1: GBPUSD --> 5
0	05:56:49.785	trend_dtrader XRPUSD,H1: GRTUSD --> 4
0	05:56:49.786	trend_dtrader XRPUSD,H1: IOTAUSD --> 4
0	05:56:49.786	trend_dtrader XRPUSD,H1: LRCUSD --> 4
0	05:56:49.788	trend_dtrader XRPUSD,H1: MANAUSD --> 4
0	05:56:49.788	trend_dtrader XRPUSD,H1: MATICUSD --> 4
0	05:56:49.789	trend_dtrader XRPUSD,H1: NZDUSD --> 5
0	05:56:49.790	trend_dtrader XRPUSD,H1: TRXUSD --> 5
0	05:56:49.790	trend_dtrader XRPUSD,H1: USDCAD --> 5
0	05:56:49.790	trend_dtrader XRPUSD,H1: USDCHF --> 5
0	05:56:49.802	trend_dtrader XRPUSD,H1: XNGUSD --> 3
0	05:56:49.804	trend_dtrader XRPUSD,H1: XRPUSD --> 5
0	05:56:49.807	trend_dtrader XRPUSD,H1: 18
0	05:56:49.807	trend_dtrader XRPUSD,H1: initialized
0	05:57:06.792	trend_dtrader XRPUSD,H1: Alert: Failed USDCHF
0	05:57:22.960	trend_dtrader XRPUSD,H1: Alert: Failed USDCHF
0	05:57:43.034	trend_dtrader XRPUSD,H1: Alert: Failed USDCHF
0	05:57:59.007	trend_dtrader XRPUSD,H1: Alert: Failed USDCHF
0	05:58:15.954	trend_dtrader XRPUSD,H1: Alert: Failed USDCHF
0	05:58:33.037	trend_dtrader XRPUSD,H1: Alert: Failed USDCHF
0	05:58:50.002	trend_dtrader XRPUSD,H1: Alert: Failed USDCHF
0	05:59:06.976	trend_dtrader XRPUSD,H1: Alert: Failed USDCHF
0	05:59:23.987	trend_dtrader XRPUSD,H1: Alert: Failed USDCHF
0	05:59:41.005	trend_dtrader XRPUSD,H1: Alert: Failed USDCHF
0	05:59:58.007	trend_dtrader XRPUSD,H1: Alert: Failed USDCHF
0	06:00:11.798	s_and_d GBPUSD,H1: uninit reason 3
0	06:00:11.800	s_and_d FTMUSD,H1: initialized
0	06:00:14.969	trend_dtrader XRPUSD,H1: Alert: Failed USDCHF
0	06:00:31.970	trend_dtrader XRPUSD,H1: Alert: Failed USDCHF
0	06:00:49.004	trend_dtrader XRPUSD,H1: Alert: Failed USDCHF
0	06:01:05.960	trend_dtrader XRPUSD,H1: Alert: Failed USDCHF
0	06:01:23.014	trend_dtrader XRPUSD,H1: Alert: Failed USDCHF
0	06:01:23.194	trend_dtrader XRPUSD,H1: uninit reason 5
0	06:01:23.194	trend_dtrader XRPUSD,H1: Alert: 5
0	06:01:23.293	trend_dtrader XRPUSD,H1 inputs: mdesc=DBot FX; lot_size=0.2; max_trade=20; 
0	06:01:23.297	trend_dtrader XRPUSD,H1: ADAUSD --> 4
0	06:01:23.297	trend_dtrader XRPUSD,H1: ALGOUSD --> 4
0	06:01:23.298	trend_dtrader XRPUSD,H1: AUDUSD --> 5
0	06:01:23.304	trend_dtrader XRPUSD,H1: DOGEUSD --> 5
0	06:01:23.306	trend_dtrader XRPUSD,H1: EURUSD --> 5
0	06:01:23.307	trend_dtrader XRPUSD,H1: FTMUSD --> 4
0	06:01:23.307	trend_dtrader XRPUSD,H1: GBPUSD --> 5
0	06:01:23.307	trend_dtrader XRPUSD,H1: GRTUSD --> 4
0	06:01:23.307	trend_dtrader XRPUSD,H1: IOTAUSD --> 4
0	06:01:23.308	trend_dtrader XRPUSD,H1: LRCUSD --> 4
0	06:01:23.309	trend_dtrader XRPUSD,H1: MANAUSD --> 4
0	06:01:23.309	trend_dtrader XRPUSD,H1: MATICUSD --> 4
0	06:01:23.310	trend_dtrader XRPUSD,H1: NZDUSD --> 5
0	06:01:23.311	trend_dtrader XRPUSD,H1: TRXUSD --> 5
0	06:01:23.312	trend_dtrader XRPUSD,H1: USDCAD --> 5
0	06:01:23.312	trend_dtrader XRPUSD,H1: USDCHF --> 5
0	06:01:23.317	trend_dtrader XRPUSD,H1: XNGUSD --> 3
0	06:01:23.318	trend_dtrader XRPUSD,H1: XRPUSD --> 5
0	06:01:23.320	trend_dtrader XRPUSD,H1: 18
0	06:01:23.320	trend_dtrader XRPUSD,H1: initialized
0	06:01:39.543	trend_dtrader XRPUSD,H1: Alert: Failed USDCHF
0	06:01:56.510	trend_dtrader XRPUSD,H1: Alert: Failed USDCHF
0	06:02:13.495	trend_dtrader XRPUSD,H1: Alert: Failed USDCHF
0	06:02:30.523	trend_dtrader XRPUSD,H1: Alert: Failed USDCHF
0	06:02:47.555	trend_dtrader XRPUSD,H1: Alert: Failed USDCHF
0	06:03:04.546	trend_dtrader XRPUSD,H1: Alert: Failed USDCHF
0	06:03:21.503	trend_dtrader XRPUSD,H1: Alert: Failed USDCHF
0	06:03:38.534	trend_dtrader XRPUSD,H1: Alert: Failed USDCHF
0	06:03:55.490	trend_dtrader XRPUSD,H1: Alert: Failed USDCHF
0	06:04:12.656	trend_dtrader XRPUSD,H1: Alert: Failed USDCHF
0	06:04:29.542	trend_dtrader XRPUSD,H1: Alert: Failed USDCHF
0	06:04:46.495	trend_dtrader XRPUSD,H1: Alert: Failed USDCHF
0	06:05:03.515	trend_dtrader XRPUSD,H1: Alert: Failed USDCHF
0	06:05:20.481	trend_dtrader XRPUSD,H1: Alert: Failed USDCHF
0	06:05:37.539	trend_dtrader XRPUSD,H1: Alert: Failed USDCHF
0	06:05:54.554	trend_dtrader XRPUSD,H1: Alert: Failed USDCHF
0	06:06:11.477	trend_dtrader XRPUSD,H1: Alert: Failed USDCHF
0	06:06:28.542	trend_dtrader XRPUSD,H1: Alert: Failed USDCHF
0	06:06:45.629	trend_dtrader XRPUSD,H1: Alert: Failed USDCHF
0	06:07:02.512	trend_dtrader XRPUSD,H1: Alert: Failed USDCHF
0	06:07:19.519	trend_dtrader XRPUSD,H1: Alert: Failed USDCHF
0	06:07:36.474	trend_dtrader XRPUSD,H1: Alert: Failed USDCHF
0	06:07:53.501	trend_dtrader XRPUSD,H1: Alert: Failed USDCHF
0	06:08:10.508	trend_dtrader XRPUSD,H1: Alert: Failed USDCHF
0	06:08:27.496	trend_dtrader XRPUSD,H1: Alert: Failed USDCHF
0	06:10:09.521	trend_dtrader XRPUSD,H1: Alert: Failed USDCHF
0	06:10:19.271	trend_dtrader XRPUSD,H1: Alert: Please check your internet connection
0	06:10:20.273	trend_dtrader XRPUSD,H1: Alert: Please check your internet connection
0	06:10:21.271	trend_dtrader XRPUSD,H1: Alert: Please check your internet connection
0	06:10:22.272	trend_dtrader XRPUSD,H1: Alert: Please check your internet connection
0	06:10:23.271	trend_dtrader XRPUSD,H1: Alert: Please check your internet connection
0	06:10:24.272	trend_dtrader XRPUSD,H1: Alert: Please check your internet connection
0	06:10:32.534	trend_dtrader XRPUSD,H1: Alert: Failed USDCHF
0	06:30:16.372	trend_dtrader XRPUSD,H1: Alert: Failed USDCHF
0	06:30:32.511	trend_dtrader XRPUSD,H1: Alert: Failed USDCHF
0	06:30:49.439	trend_dtrader XRPUSD,H1: Alert: Failed USDCHF
0	06:33:15.181	trend_dtrader XRPUSD,H1: Alert: Please check your internet connection
0	06:33:16.178	trend_dtrader XRPUSD,H1: Alert: Please check your internet connection
0	06:33:22.456	trend_dtrader XRPUSD,H1: Alert: Failed USDCHF
0	06:33:39.403	trend_dtrader XRPUSD,H1: Alert: Failed USDCHF
0	06:33:56.447	trend_dtrader XRPUSD,H1: Alert: Failed USDCHF
0	06:34:13.463	trend_dtrader XRPUSD,H1: Alert: Failed USDCHF
0	06:34:30.383	trend_dtrader XRPUSD,H1: Alert: Failed USDCHF
0	06:34:34.197	s_and_d FTMUSD,H1: uninit reason 3
0	06:34:34.201	s_and_d TRXUSD,H1: initialized
0	06:34:47.383	trend_dtrader XRPUSD,H1: Alert: Failed USDCHF
0	06:35:04.548	trend_dtrader XRPUSD,H1: Alert: Failed USDCHF
0	06:35:21.599	trend_dtrader XRPUSD,H1: Alert: Failed USDCHF
0	06:35:38.521	trend_dtrader XRPUSD,H1: Alert: Failed USDCHF
0	06:35:55.399	trend_dtrader XRPUSD,H1: Alert: Failed USDCHF
0	06:36:12.538	trend_dtrader XRPUSD,H1: Alert: Failed USDCHF
0	06:36:29.540	trend_dtrader XRPUSD,H1: Alert: Failed USDCHF
0	06:36:46.395	trend_dtrader XRPUSD,H1: Alert: Failed USDCHF
0	06:37:03.392	trend_dtrader XRPUSD,H1: Alert: Failed USDCHF
0	06:37:20.424	trend_dtrader XRPUSD,H1: Alert: Failed USDCHF
0	06:37:37.430	trend_dtrader XRPUSD,H1: Alert: Failed USDCHF
0	06:37:54.517	trend_dtrader XRPUSD,H1: Alert: Failed USDCHF
0	06:38:11.609	trend_dtrader XRPUSD,H1: Alert: Failed USDCHF
0	06:38:28.376	trend_dtrader XRPUSD,H1: Alert: Failed USDCHF
0	06:38:45.374	trend_dtrader XRPUSD,H1: Alert: Failed USDCHF
0	06:39:02.448	trend_dtrader XRPUSD,H1: Alert: Failed USDCHF
0	06:39:19.416	trend_dtrader XRPUSD,H1: Alert: Failed USDCHF
0	06:39:36.441	trend_dtrader XRPUSD,H1: Alert: Failed USDCHF
0	06:39:53.512	trend_dtrader XRPUSD,H1: Alert: Failed USDCHF
0	06:40:10.756	trend_dtrader XRPUSD,H1: Alert: Failed USDCHF
0	06:40:27.375	trend_dtrader XRPUSD,H1: Alert: Failed USDCHF
0	06:40:44.424	trend_dtrader XRPUSD,H1: Alert: Failed USDCHF
0	06:41:01.400	trend_dtrader XRPUSD,H1: Alert: Failed USDCHF
0	06:41:18.559	trend_dtrader XRPUSD,H1: Alert: Failed USDCHF
0	06:41:35.416	trend_dtrader XRPUSD,H1: Alert: Failed USDCHF
0	06:41:52.379	trend_dtrader XRPUSD,H1: Alert: Failed USDCHF
0	06:42:09.449	trend_dtrader XRPUSD,H1: Alert: Failed USDCHF
0	06:42:26.399	trend_dtrader XRPUSD,H1: Alert: Failed USDCHF
0	06:42:43.383	trend_dtrader XRPUSD,H1: Alert: Failed USDCHF
0	06:43:00.396	trend_dtrader XRPUSD,H1: Alert: Failed USDCHF
0	06:43:17.382	trend_dtrader XRPUSD,H1: Alert: Failed USDCHF
0	06:43:34.458	trend_dtrader XRPUSD,H1: Alert: Failed USDCHF
0	06:43:51.422	trend_dtrader XRPUSD,H1: Alert: Failed USDCHF
0	06:44:08.448	trend_dtrader XRPUSD,H1: Alert: Failed USDCHF
0	06:44:25.507	trend_dtrader XRPUSD,H1: Alert: Failed USDCHF
0	06:44:42.422	trend_dtrader XRPUSD,H1: Alert: Failed USDCHF
0	06:44:59.446	trend_dtrader XRPUSD,H1: Alert: Failed USDCHF
0	06:45:16.574	trend_dtrader XRPUSD,H1: Alert: Failed USDCHF
0	06:45:33.416	trend_dtrader XRPUSD,H1: Alert: Failed USDCHF
0	06:45:50.460	trend_dtrader XRPUSD,H1: Alert: Failed USDCHF
0	06:46:07.426	trend_dtrader XRPUSD,H1: Alert: Failed USDCHF
0	06:46:24.423	trend_dtrader XRPUSD,H1: Alert: Failed USDCHF
0	06:46:41.582	trend_dtrader XRPUSD,H1: Alert: Failed USDCHF
0	06:46:58.439	trend_dtrader XRPUSD,H1: Alert: Failed USDCHF
0	06:47:15.453	trend_dtrader XRPUSD,H1: Alert: Failed USDCHF
0	06:47:32.567	trend_dtrader XRPUSD,H1: Alert: Failed USDCHF
0	06:47:49.480	trend_dtrader XRPUSD,H1: Alert: Failed USDCHF
0	06:48:09.444	trend_dtrader XRPUSD,H1: Alert: Failed USDCHF
0	06:48:26.398	trend_dtrader XRPUSD,H1: Alert: Failed USDCHF
0	06:48:43.462	trend_dtrader XRPUSD,H1: Alert: Failed USDCHF
0	06:49:00.399	trend_dtrader XRPUSD,H1: Alert: Failed USDCHF
0	06:49:17.429	trend_dtrader XRPUSD,H1: Alert: Failed USDCHF
0	06:49:34.411	trend_dtrader XRPUSD,H1: Alert: Failed USDCHF
0	06:49:51.489	trend_dtrader XRPUSD,H1: Alert: Failed USDCHF
0	06:50:08.718	trend_dtrader XRPUSD,H1: Alert: Failed USDCHF
0	06:50:25.547	trend_dtrader XRPUSD,H1: Alert: Failed USDCHF
0	06:50:42.417	trend_dtrader XRPUSD,H1: Alert: Failed USDCHF
0	06:50:59.716	trend_dtrader XRPUSD,H1: Alert: Failed USDCHF
0	06:51:16.403	trend_dtrader XRPUSD,H1: Alert: Failed USDCHF
0	06:51:33.389	trend_dtrader XRPUSD,H1: Alert: Failed USDCHF
0	06:51:50.418	trend_dtrader XRPUSD,H1: Alert: Failed USDCHF
0	06:59:22.181	trend_dtrader XRPUSD,H1: Alert: Please check your internet connection
0	06:59:27.579	trend_dtrader XRPUSD,H1: Alert: Failed USDCHF
0	06:59:44.950	trend_dtrader XRPUSD,H1: Alert: Failed USDCHF
0	07:05:34.244	trend_dtrader XRPUSD,H1: Alert: Failed USDCHF
0	07:05:50.465	trend_dtrader XRPUSD,H1: Alert: Failed USDCHF
0	07:06:07.493	trend_dtrader XRPUSD,H1: Alert: Failed USDCHF
0	07:18:29.221	trend_dtrader XRPUSD,H1: Alert: Please check your internet connection
0	07:18:30.157	trend_dtrader XRPUSD,H1: Alert: Please check your internet connection
0	07:18:31.158	trend_dtrader XRPUSD,H1: Alert: Please check your internet connection
0	07:18:32.157	trend_dtrader XRPUSD,H1: Alert: Please check your internet connection
0	07:18:33.159	trend_dtrader XRPUSD,H1: Alert: Please check your internet connection
0	07:18:34.159	trend_dtrader XRPUSD,H1: Alert: Please check your internet connection
0	07:18:35.160	trend_dtrader XRPUSD,H1: Alert: Please check your internet connection
0	07:18:36.160	trend_dtrader XRPUSD,H1: Alert: Please check your internet connection
0	07:18:45.977	trend_dtrader XRPUSD,H1: Alert: Failed USDCHF
0	07:19:36.463	trend_dtrader XRPUSD,H1: Alert: Failed USDCHF
0	07:19:53.585	trend_dtrader XRPUSD,H1: Alert: Failed USDCHF
2	07:20:16.490	trend_dtrader XRPUSD,H1: modify #469419629 buy 0.20 IOTAUSD at 0.3894 sl: 0.3978 tp: 0.6699 ok
0	07:20:16.491	trend_dtrader XRPUSD,H1: Alert: IOTAUSD has been assigned a breakeven 0.3978
0	07:23:00.426	trend_dtrader XRPUSD,H1: Alert: Failed USDCHF
0	07:24:42.587	trend_dtrader XRPUSD,H1: Alert: Failed USDCHF
0	07:24:59.409	trend_dtrader XRPUSD,H1: Alert: Failed USDCHF
0	07:25:16.407	trend_dtrader XRPUSD,H1: Alert: Failed USDCHF
0	07:25:33.423	trend_dtrader XRPUSD,H1: Alert: Failed USDCHF
0	07:25:50.348	trend_dtrader XRPUSD,H1: Alert: Failed USDCHF
0	07:26:07.366	trend_dtrader XRPUSD,H1: Alert: Failed USDCHF
0	07:26:24.393	trend_dtrader XRPUSD,H1: Alert: Failed USDCHF
0	07:26:41.377	trend_dtrader XRPUSD,H1: Alert: Failed USDCHF
0	07:26:58.509	trend_dtrader XRPUSD,H1: Alert: Failed USDCHF
0	07:27:15.336	trend_dtrader XRPUSD,H1: Alert: Failed USDCHF
0	07:27:32.455	trend_dtrader XRPUSD,H1: Alert: Failed USDCHF
0	07:27:49.652	trend_dtrader XRPUSD,H1: Alert: Failed USDCHF
0	07:28:06.534	trend_dtrader XRPUSD,H1: Alert: Failed USDCHF
0	07:28:23.408	trend_dtrader XRPUSD,H1: Alert: Failed USDCHF
0	07:28:40.374	trend_dtrader XRPUSD,H1: Alert: Failed USDCHF
0	07:28:57.395	trend_dtrader XRPUSD,H1: Alert: Failed USDCHF
0	07:29:14.504	trend_dtrader XRPUSD,H1: Alert: Failed USDCHF
0	07:29:31.422	trend_dtrader XRPUSD,H1: Alert: Failed USDCHF
0	07:29:48.399	trend_dtrader XRPUSD,H1: Alert: Failed USDCHF
0	07:30:05.383	trend_dtrader XRPUSD,H1: Alert: Failed USDCHF
0	07:30:22.401	trend_dtrader XRPUSD,H1: Alert: Failed USDCHF
0	07:30:39.367	trend_dtrader XRPUSD,H1: Alert: Failed USDCHF
0	07:30:56.517	trend_dtrader XRPUSD,H1: Alert: Failed USDCHF
0	07:31:13.363	trend_dtrader XRPUSD,H1: Alert: Failed USDCHF
0	07:31:30.480	trend_dtrader XRPUSD,H1: Alert: Failed USDCHF
0	07:31:47.366	trend_dtrader XRPUSD,H1: Alert: Failed USDCHF
0	07:32:04.493	trend_dtrader XRPUSD,H1: Alert: Failed USDCHF
0	07:32:21.389	trend_dtrader XRPUSD,H1: Alert: Failed USDCHF
0	07:32:38.379	trend_dtrader XRPUSD,H1: Alert: Failed USDCHF
0	07:32:55.396	trend_dtrader XRPUSD,H1: Alert: Failed USDCHF
0	07:33:12.382	trend_dtrader XRPUSD,H1: Alert: Failed USDCHF
0	07:33:29.346	trend_dtrader XRPUSD,H1: Alert: Failed USDCHF
0	07:33:46.235	trend_dtrader XRPUSD,H1: Alert: Failed USDCHF
0	07:34:03.174	trend_dtrader XRPUSD,H1: Alert: Failed USDCHF
0	07:34:20.127	trend_dtrader XRPUSD,H1: Alert: Failed USDCHF
0	07:34:37.211	trend_dtrader XRPUSD,H1: Alert: Failed USDCHF
0	07:34:54.177	trend_dtrader XRPUSD,H1: Alert: Failed USDCHF
0	07:35:11.147	trend_dtrader XRPUSD,H1: Alert: Failed USDCHF
0	07:35:28.170	trend_dtrader XRPUSD,H1: Alert: Failed USDCHF
0	07:35:45.185	trend_dtrader XRPUSD,H1: Alert: Failed USDCHF
0	07:36:02.176	trend_dtrader XRPUSD,H1: Alert: Failed USDCHF
0	07:36:19.164	trend_dtrader XRPUSD,H1: Alert: Failed USDCHF
0	07:36:36.186	trend_dtrader XRPUSD,H1: Alert: Failed USDCHF
0	07:36:53.173	trend_dtrader XRPUSD,H1: Alert: Failed USDCHF
0	07:37:10.180	trend_dtrader XRPUSD,H1: Alert: Failed USDCHF
0	07:37:27.179	trend_dtrader XRPUSD,H1: Alert: Failed USDCHF
0	07:37:44.175	trend_dtrader XRPUSD,H1: Alert: Failed USDCHF
0	07:38:01.167	trend_dtrader XRPUSD,H1: Alert: Failed USDCHF
0	07:38:18.157	trend_dtrader XRPUSD,H1: Alert: Failed USDCHF
0	07:38:35.148	trend_dtrader XRPUSD,H1: Alert: Failed USDCHF
0	07:38:52.182	trend_dtrader XRPUSD,H1: Alert: Failed USDCHF
0	07:39:09.138	trend_dtrader XRPUSD,H1: Alert: Failed USDCHF
0	07:39:26.159	trend_dtrader XRPUSD,H1: Alert: Failed USDCHF
0	07:39:43.165	trend_dtrader XRPUSD,H1: Alert: Failed USDCHF
0	07:41:29.196	trend_dtrader XRPUSD,H1: Alert: Please check your internet connection
0	07:41:29.917	trend_dtrader XRPUSD,H1: Alert: Please check your internet connection
0	07:41:30.938	trend_dtrader XRPUSD,H1: Alert: Please check your internet connection
0	07:41:46.175	trend_dtrader XRPUSD,H1: Alert: Failed USDCHF
0	07:42:03.152	trend_dtrader XRPUSD,H1: Alert: Failed USDCHF
0	07:42:20.142	trend_dtrader XRPUSD,H1: Alert: Failed USDCHF
0	07:42:37.131	trend_dtrader XRPUSD,H1: Alert: Failed USDCHF
0	07:42:54.144	trend_dtrader XRPUSD,H1: Alert: Failed USDCHF
0	07:43:11.131	trend_dtrader XRPUSD,H1: Alert: Failed USDCHF
0	07:43:28.125	trend_dtrader XRPUSD,H1: Alert: Failed USDCHF
0	07:43:45.135	trend_dtrader XRPUSD,H1: Alert: Failed USDCHF
0	07:44:02.159	trend_dtrader XRPUSD,H1: Alert: Failed USDCHF
0	07:44:19.170	trend_dtrader XRPUSD,H1: Alert: Failed USDCHF
0	07:44:36.135	trend_dtrader XRPUSD,H1: Alert: Failed USDCHF
0	07:44:53.145	trend_dtrader XRPUSD,H1: Alert: Failed USDCHF
0	07:45:10.140	trend_dtrader XRPUSD,H1: Alert: Failed USDCHF
0	07:45:27.116	trend_dtrader XRPUSD,H1: Alert: Failed USDCHF
0	07:45:44.130	trend_dtrader XRPUSD,H1: Alert: Failed USDCHF
0	07:46:01.132	trend_dtrader XRPUSD,H1: Alert: Failed USDCHF
0	07:46:18.293	trend_dtrader XRPUSD,H1: Alert: Failed USDCHF
0	07:46:35.103	trend_dtrader XRPUSD,H1: Alert: Failed USDCHF
0	07:46:52.136	trend_dtrader XRPUSD,H1: Alert: Failed USDCHF
0	07:47:09.272	trend_dtrader XRPUSD,H1: Alert: Failed USDCHF
0	07:47:26.316	trend_dtrader XRPUSD,H1: Alert: Failed USDCHF
0	07:47:43.124	trend_dtrader XRPUSD,H1: Alert: Failed USDCHF
0	07:48:00.122	trend_dtrader XRPUSD,H1: Alert: Failed USDCHF
0	07:48:17.072	trend_dtrader XRPUSD,H1: Alert: Failed USDCHF
0	07:48:34.151	trend_dtrader XRPUSD,H1: Alert: Failed USDCHF
0	07:48:51.122	trend_dtrader XRPUSD,H1: Alert: Failed USDCHF
0	07:49:08.115	trend_dtrader XRPUSD,H1: Alert: Failed USDCHF
0	07:49:25.117	trend_dtrader XRPUSD,H1: Alert: Failed USDCHF
0	07:49:42.113	trend_dtrader XRPUSD,H1: Alert: Failed USDCHF
0	07:49:59.123	trend_dtrader XRPUSD,H1: Alert: Failed USDCHF
0	07:50:16.127	trend_dtrader XRPUSD,H1: Alert: Failed USDCHF
0	07:50:33.143	trend_dtrader XRPUSD,H1: Alert: Failed USDCHF
0	07:50:50.115	trend_dtrader XRPUSD,H1: Alert: Failed USDCHF
0	07:51:07.180	trend_dtrader XRPUSD,H1: Alert: Failed USDCHF
0	07:51:24.113	trend_dtrader XRPUSD,H1: Alert: Failed USDCHF
0	07:51:41.164	trend_dtrader XRPUSD,H1: Alert: Failed USDCHF
0	07:51:58.080	trend_dtrader XRPUSD,H1: Alert: Failed USDCHF
0	07:52:15.125	trend_dtrader XRPUSD,H1: Alert: Failed USDCHF
0	07:52:32.287	trend_dtrader XRPUSD,H1: Alert: Failed USDCHF
0	07:52:49.093	trend_dtrader XRPUSD,H1: Alert: Failed USDCHF
0	07:53:06.103	trend_dtrader XRPUSD,H1: Alert: Failed USDCHF
0	07:53:23.155	trend_dtrader XRPUSD,H1: Alert: Failed USDCHF
0	07:53:40.125	trend_dtrader XRPUSD,H1: Alert: Failed USDCHF
0	07:53:57.108	trend_dtrader XRPUSD,H1: Alert: Failed USDCHF
0	07:54:14.626	trend_dtrader XRPUSD,H1: Alert: Failed USDCHF
0	07:54:31.107	trend_dtrader XRPUSD,H1: Alert: Failed USDCHF
0	07:54:48.190	trend_dtrader XRPUSD,H1: Alert: Failed USDCHF
0	07:55:05.382	trend_dtrader XRPUSD,H1: Alert: Failed USDCHF
0	07:55:22.177	trend_dtrader XRPUSD,H1: Alert: Failed USDCHF
0	07:55:39.175	trend_dtrader XRPUSD,H1: Alert: Failed USDCHF
0	07:55:56.188	trend_dtrader XRPUSD,H1: Alert: Failed USDCHF
0	07:56:13.164	trend_dtrader XRPUSD,H1: Alert: Failed USDCHF
0	07:56:30.205	trend_dtrader XRPUSD,H1: Alert: Failed USDCHF
0	07:56:47.245	trend_dtrader XRPUSD,H1: Alert: Failed USDCHF
0	07:57:04.187	trend_dtrader XRPUSD,H1: Alert: Failed USDCHF
0	07:57:21.185	trend_dtrader XRPUSD,H1: Alert: Failed USDCHF
0	07:57:38.169	trend_dtrader XRPUSD,H1: Alert: Failed USDCHF
0	07:57:55.167	trend_dtrader XRPUSD,H1: Alert: Failed USDCHF
0	07:58:12.187	trend_dtrader XRPUSD,H1: Alert: Failed USDCHF
0	07:58:29.159	trend_dtrader XRPUSD,H1: Alert: Failed USDCHF
0	07:58:46.176	trend_dtrader XRPUSD,H1: Alert: Failed USDCHF
0	07:59:03.160	trend_dtrader XRPUSD,H1: Alert: Failed USDCHF
0	07:59:20.196	trend_dtrader XRPUSD,H1: Alert: Failed USDCHF
0	07:59:37.163	trend_dtrader XRPUSD,H1: Alert: Failed USDCHF
0	07:59:54.155	trend_dtrader XRPUSD,H1: Alert: Failed USDCHF
0	08:00:11.198	trend_dtrader XRPUSD,H1: Alert: Failed USDCHF
0	08:00:28.169	trend_dtrader XRPUSD,H1: Alert: Failed USDCHF
0	08:00:45.142	trend_dtrader XRPUSD,H1: Alert: Failed USDCHF
0	08:01:02.168	trend_dtrader XRPUSD,H1: Alert: Failed USDCHF
0	08:01:19.173	trend_dtrader XRPUSD,H1: Alert: Failed USDCHF
0	08:01:36.168	trend_dtrader XRPUSD,H1: Alert: Failed USDCHF
0	08:01:53.120	trend_dtrader XRPUSD,H1: Alert: Failed USDCHF
0	08:02:10.167	trend_dtrader XRPUSD,H1: Alert: Failed USDCHF
0	08:02:27.397	trend_dtrader XRPUSD,H1: Alert: Failed USDCHF
0	08:02:44.103	trend_dtrader XRPUSD,H1: Alert: Failed USDCHF
0	08:03:01.161	trend_dtrader XRPUSD,H1: Alert: Failed USDCHF
0	08:03:18.170	trend_dtrader XRPUSD,H1: Alert: Failed USDCHF
0	08:03:35.171	trend_dtrader XRPUSD,H1: Alert: Failed USDCHF
0	08:03:52.155	trend_dtrader XRPUSD,H1: Alert: Failed USDCHF
0	08:04:09.202	trend_dtrader XRPUSD,H1: Alert: Failed USDCHF
0	08:04:26.149	trend_dtrader XRPUSD,H1: Alert: Failed USDCHF
0	08:04:43.117	trend_dtrader XRPUSD,H1: Alert: Failed USDCHF
0	08:05:00.141	trend_dtrader XRPUSD,H1: Alert: Failed USDCHF
0	08:05:17.140	trend_dtrader XRPUSD,H1: Alert: Failed USDCHF
0	08:05:34.138	trend_dtrader XRPUSD,H1: Alert: Failed USDCHF
0	08:05:51.126	trend_dtrader XRPUSD,H1: Alert: Failed USDCHF
0	08:06:08.239	trend_dtrader XRPUSD,H1: Alert: Failed USDCHF
0	08:06:25.175	trend_dtrader XRPUSD,H1: Alert: Failed USDCHF
0	08:06:42.172	trend_dtrader XRPUSD,H1: Alert: Failed USDCHF
0	08:06:59.155	trend_dtrader XRPUSD,H1: Alert: Failed USDCHF
0	08:07:16.123	trend_dtrader XRPUSD,H1: Alert: Failed USDCHF
0	08:07:33.245	trend_dtrader XRPUSD,H1: Alert: Failed USDCHF
0	08:07:50.424	trend_dtrader XRPUSD,H1: Alert: Failed USDCHF
0	08:08:07.099	trend_dtrader XRPUSD,H1: Alert: Failed USDCHF
0	08:08:24.222	trend_dtrader XRPUSD,H1: Alert: Failed USDCHF
0	08:08:42.130	trend_dtrader XRPUSD,H1: Alert: Failed USDCHF
0	08:08:59.185	trend_dtrader XRPUSD,H1: Alert: Failed USDCHF
0	08:09:16.137	trend_dtrader XRPUSD,H1: Alert: Failed USDCHF
0	08:09:33.219	trend_dtrader XRPUSD,H1: Alert: Failed USDCHF
0	08:09:50.217	trend_dtrader XRPUSD,H1: Alert: Failed USDCHF
0	08:10:07.439	trend_dtrader XRPUSD,H1: Alert: Failed USDCHF
0	08:10:25.182	trend_dtrader XRPUSD,H1: Alert: Failed USDCHF
0	08:10:42.206	trend_dtrader XRPUSD,H1: Alert: Failed USDCHF
0	08:10:59.226	trend_dtrader XRPUSD,H1: Alert: Failed USDCHF
0	08:11:16.182	trend_dtrader XRPUSD,H1: Alert: Failed USDCHF
0	08:11:33.152	trend_dtrader XRPUSD,H1: Alert: Failed USDCHF
0	08:11:50.150	trend_dtrader XRPUSD,H1: Alert: Failed USDCHF
0	08:12:07.225	trend_dtrader XRPUSD,H1: Alert: Failed USDCHF
0	08:12:24.212	trend_dtrader XRPUSD,H1: Alert: Failed USDCHF
0	08:12:41.403	trend_dtrader XRPUSD,H1: Alert: Failed USDCHF
0	08:12:58.204	trend_dtrader XRPUSD,H1: Alert: Failed USDCHF
0	08:45:05.478	trend_dtrader XRPUSD,H1: Alert: Please check your internet connection
0	08:45:05.933	trend_dtrader XRPUSD,H1: Alert: Please check your internet connection
0	08:45:06.933	trend_dtrader XRPUSD,H1: Alert: Please check your internet connection
0	08:45:11.407	trend_dtrader XRPUSD,H1: Alert: Failed USDCHF
0	08:45:28.140	trend_dtrader XRPUSD,H1: Alert: Failed USDCHF
0	08:45:45.184	trend_dtrader XRPUSD,H1: Alert: Failed USDCHF
0	08:56:30.070	trend_dtrader XRPUSD,H1: Alert: Please check your internet connection
0	08:56:30.901	trend_dtrader XRPUSD,H1: Alert: Please check your internet connection
0	08:56:31.977	trend_dtrader XRPUSD,H1: Alert: Please check your internet connection
0	08:56:32.980	trend_dtrader XRPUSD,H1: Alert: Please check your internet connection
0	08:56:33.976	trend_dtrader XRPUSD,H1: Alert: Please check your internet connection
0	08:56:34.975	trend_dtrader XRPUSD,H1: Alert: Please check your internet connection
0	08:56:35.976	trend_dtrader XRPUSD,H1: Alert: Please check your internet connection
0	08:56:47.478	trend_dtrader XRPUSD,H1: Alert: Failed USDCHF
0	08:57:04.228	trend_dtrader XRPUSD,H1: Alert: Failed USDCHF
0	08:58:32.974	trend_dtrader XRPUSD,H1: Alert: Please check your internet connection
0	08:58:33.974	trend_dtrader XRPUSD,H1: Alert: Please check your internet connection
0	08:58:34.974	trend_dtrader XRPUSD,H1: Alert: Please check your internet connection
0	08:58:39.337	trend_dtrader XRPUSD,H1: Alert: Failed USDCHF
0	08:58:56.245	trend_dtrader XRPUSD,H1: Alert: Failed USDCHF
0	08:59:13.257	trend_dtrader XRPUSD,H1: Alert: Failed USDCHF
0	09:00:06.008	trend_dtrader XRPUSD,H1: Alert: Failed USDCHF
0	09:00:22.201	trend_dtrader XRPUSD,H1: Alert: Failed USDCHF
0	09:00:39.193	trend_dtrader XRPUSD,H1: Alert: Failed USDCHF
0	09:03:38.158	trend_dtrader XRPUSD,H1: Alert: Please check your internet connection
0	09:03:38.966	trend_dtrader XRPUSD,H1: Alert: Please check your internet connection
0	09:03:39.966	trend_dtrader XRPUSD,H1: Alert: Please check your internet connection
0	09:03:56.212	trend_dtrader XRPUSD,H1: Alert: Failed USDCHF
0	09:04:13.202	trend_dtrader XRPUSD,H1: Alert: Failed USDCHF
0	09:06:32.962	trend_dtrader XRPUSD,H1: Alert: Please check your internet connection
0	09:06:33.962	trend_dtrader XRPUSD,H1: Alert: Please check your internet connection
0	09:06:34.962	trend_dtrader XRPUSD,H1: Alert: Please check your internet connection
0	09:06:35.962	trend_dtrader XRPUSD,H1: Alert: Please check your internet connection
0	09:06:36.959	trend_dtrader XRPUSD,H1: Alert: Please check your internet connection
0	09:06:37.961	trend_dtrader XRPUSD,H1: Alert: Please check your internet connection
0	09:06:38.962	trend_dtrader XRPUSD,H1: Alert: Please check your internet connection
0	09:06:44.185	trend_dtrader XRPUSD,H1: Alert: Failed USDCHF
0	09:07:01.174	trend_dtrader XRPUSD,H1: Alert: Failed USDCHF
0	09:07:18.248	trend_dtrader XRPUSD,H1: Alert: Failed USDCHF
0	09:24:02.708	trend_dtrader XRPUSD,H1: Alert: Failed USDCHF
0	09:24:20.635	trend_dtrader XRPUSD,H1: Alert: Failed USDCHF
0	09:24:41.018	trend_dtrader XRPUSD,H1: Alert: Failed USDCHF
0	09:29:25.665	trend_dtrader XRPUSD,H1: Alert: Please check your internet connection
0	09:29:25.941	trend_dtrader XRPUSD,H1: Alert: Please check your internet connection
0	09:29:26.942	trend_dtrader XRPUSD,H1: Alert: Please check your internet connection
0	09:29:38.441	trend_dtrader XRPUSD,H1: Alert: Failed USDCHF
0	09:29:55.220	trend_dtrader XRPUSD,H1: Alert: Failed USDCHF
0	09:31:55.989	trend_dtrader XRPUSD,H1: Alert: Failed USDCHF
0	09:32:15.192	trend_dtrader XRPUSD,H1: Alert: Failed USDCHF
0	09:36:35.992	trend_dtrader XRPUSD,H1: Alert: Please check your internet connection
0	09:36:36.992	trend_dtrader XRPUSD,H1: Alert: Please check your internet connection
0	09:36:37.993	trend_dtrader XRPUSD,H1: Alert: Please check your internet connection
0	09:36:38.992	trend_dtrader XRPUSD,H1: Alert: Please check your internet connection
0	09:36:42.500	trend_dtrader XRPUSD,H1: Alert: Failed USDCHF
0	09:36:59.259	trend_dtrader XRPUSD,H1: Alert: Failed USDCHF
0	09:37:16.257	trend_dtrader XRPUSD,H1: Alert: Failed USDCHF
0	09:37:33.234	trend_dtrader XRPUSD,H1: Alert: Failed USDCHF
0	09:37:50.212	trend_dtrader XRPUSD,H1: Alert: Failed USDCHF
0	09:38:08.369	trend_dtrader XRPUSD,H1: Alert: Failed USDCHF
0	09:38:24.770	trend_dtrader XRPUSD,H1: Alert: Failed USDCHF
0	09:39:33.860	trend_dtrader XRPUSD,H1: Alert: Failed USDCHF
0	09:39:51.230	trend_dtrader XRPUSD,H1: Alert: Failed USDCHF
0	09:40:59.938	trend_dtrader XRPUSD,H1: Alert: Failed USDCHF
0	09:41:15.226	trend_dtrader XRPUSD,H1: Alert: Failed USDCHF
0	09:42:09.219	trend_dtrader XRPUSD,H1: Alert: Failed USDCHF
0	09:42:27.950	trend_dtrader XRPUSD,H1: Alert: Failed USDCHF
0	09:42:45.450	trend_dtrader XRPUSD,H1: Alert: Failed USDCHF
0	09:43:02.361	trend_dtrader XRPUSD,H1: Alert: Failed USDCHF
0	09:43:18.980	trend_dtrader XRPUSD,H1: Alert: Failed USDCHF
0	09:43:37.365	trend_dtrader XRPUSD,H1: Alert: Failed USDCHF
0	09:43:54.489	trend_dtrader XRPUSD,H1: Alert: Failed USDCHF
0	09:44:10.973	trend_dtrader XRPUSD,H1: Alert: Failed USDCHF
0	09:44:28.479	trend_dtrader XRPUSD,H1: Alert: Failed USDCHF
0	09:44:45.197	trend_dtrader XRPUSD,H1: Alert: Failed USDCHF
0	09:45:01.856	trend_dtrader XRPUSD,H1: Alert: Failed USDCHF
0	09:45:19.448	trend_dtrader XRPUSD,H1: Alert: Failed USDCHF
0	09:45:36.550	trend_dtrader XRPUSD,H1: Alert: Failed USDCHF
0	09:45:53.147	trend_dtrader XRPUSD,H1: Alert: Failed USDCHF
0	09:46:10.474	trend_dtrader XRPUSD,H1: Alert: Failed USDCHF
0	09:46:28.022	trend_dtrader XRPUSD,H1: Alert: Failed USDCHF
0	09:46:45.631	trend_dtrader XRPUSD,H1: Alert: Failed USDCHF
0	09:47:02.613	trend_dtrader XRPUSD,H1: Alert: Failed USDCHF
0	09:48:03.549	trend_dtrader XRPUSD,H1: Alert: Failed USDCHF
0	09:48:40.025	trend_dtrader XRPUSD,H1: Alert: Failed USDCHF
0	09:49:36.774	trend_dtrader XRPUSD,H1: Alert: Failed USDCHF
0	09:50:13.799	trend_dtrader XRPUSD,H1: Alert: Failed USDCHF
0	09:50:44.183	trend_dtrader XRPUSD,H1: Alert: Failed USDCHF
0	09:52:22.662	trend_dtrader XRPUSD,H1: Alert: Failed USDCHF
0	09:55:58.820	trend_dtrader XRPUSD,H1: Alert: Failed USDCHF
0	09:59:35.311	trend_dtrader XRPUSD,H1: Alert: Failed USDCHF
0	10:03:12.274	trend_dtrader XRPUSD,H1: Alert: Failed USDCHF
0	10:06:19.849	trend_dtrader XRPUSD,H1: Alert: Failed USDCHF
0	10:06:35.179	trend_dtrader XRPUSD,H1: Alert: Failed USDCHF
0	10:06:52.189	trend_dtrader XRPUSD,H1: Alert: Failed USDCHF
0	10:07:09.207	trend_dtrader XRPUSD,H1: Alert: Failed USDCHF
0	10:07:26.252	trend_dtrader XRPUSD,H1: Alert: Failed USDCHF
0	10:07:43.249	trend_dtrader XRPUSD,H1: Alert: Failed USDCHF
0	10:08:00.230	trend_dtrader XRPUSD,H1: Alert: Failed USDCHF
0	10:08:17.204	trend_dtrader XRPUSD,H1: Alert: Failed USDCHF
0	10:08:34.198	trend_dtrader XRPUSD,H1: Alert: Failed USDCHF
0	10:08:51.200	trend_dtrader XRPUSD,H1: Alert: Failed USDCHF
0	10:09:08.387	trend_dtrader XRPUSD,H1: Alert: Failed USDCHF
0	10:09:27.694	trend_dtrader XRPUSD,H1: Alert: Failed USDCHF
0	10:09:45.933	trend_dtrader XRPUSD,H1: Alert: Failed USDCHF
0	10:10:01.258	trend_dtrader XRPUSD,H1: Alert: Failed USDCHF
0	10:10:19.619	trend_dtrader XRPUSD,H1: Alert: Failed USDCHF
0	10:10:35.851	trend_dtrader XRPUSD,H1: Alert: Failed USDCHF
0	10:10:52.981	trend_dtrader XRPUSD,H1: Alert: Failed USDCHF
0	10:11:10.536	trend_dtrader XRPUSD,H1: Alert: Failed USDCHF
0	10:11:26.365	trend_dtrader XRPUSD,H1: Alert: Failed USDCHF
0	10:11:43.276	trend_dtrader XRPUSD,H1: Alert: Failed USDCHF
0	10:12:00.390	trend_dtrader XRPUSD,H1: Alert: Failed USDCHF
0	10:12:17.211	trend_dtrader XRPUSD,H1: Alert: Failed USDCHF
0	10:12:34.240	trend_dtrader XRPUSD,H1: Alert: Failed USDCHF
0	10:12:51.264	trend_dtrader XRPUSD,H1: Alert: Failed USDCHF
0	10:13:08.174	trend_dtrader XRPUSD,H1: Alert: Failed USDCHF
0	10:13:25.235	trend_dtrader XRPUSD,H1: Alert: Failed USDCHF
0	10:13:42.191	trend_dtrader XRPUSD,H1: Alert: Failed USDCHF
0	10:18:07.964	trend_dtrader XRPUSD,H1: Alert: Please check your internet connection
0	10:18:08.964	trend_dtrader XRPUSD,H1: Alert: Please check your internet connection
0	10:18:15.491	trend_dtrader XRPUSD,H1: Alert: Failed USDCHF
0	10:18:32.262	trend_dtrader XRPUSD,H1: Alert: Failed USDCHF
0	10:19:47.953	trend_dtrader XRPUSD,H1: Alert: Please check your internet connection
0	10:19:48.952	trend_dtrader XRPUSD,H1: Alert: Please check your internet connection
0	10:19:49.953	trend_dtrader XRPUSD,H1: Alert: Please check your internet connection
0	10:19:50.951	trend_dtrader XRPUSD,H1: Alert: Please check your internet connection
0	10:19:51.951	trend_dtrader XRPUSD,H1: Alert: Please check your internet connection
0	10:19:52.952	trend_dtrader XRPUSD,H1: Alert: Please check your internet connection
0	10:19:53.951	trend_dtrader XRPUSD,H1: Alert: Please check your internet connection
0	10:19:54.953	trend_dtrader XRPUSD,H1: Alert: Please check your internet connection
0	10:19:59.252	trend_dtrader XRPUSD,H1: Alert: Failed USDCHF
0	10:20:16.174	trend_dtrader XRPUSD,H1: Alert: Failed USDCHF
0	10:20:33.206	trend_dtrader XRPUSD,H1: Alert: Failed USDCHF
0	10:20:50.186	trend_dtrader XRPUSD,H1: Alert: Failed USDCHF
0	10:21:07.217	trend_dtrader XRPUSD,H1: Alert: Failed USDCHF
0	10:21:24.296	trend_dtrader XRPUSD,H1: Alert: Failed USDCHF
0	10:21:41.173	trend_dtrader XRPUSD,H1: Alert: Failed USDCHF
0	10:21:58.186	trend_dtrader XRPUSD,H1: Alert: Failed USDCHF
0	10:22:15.201	trend_dtrader XRPUSD,H1: Alert: Failed USDCHF
0	10:22:32.204	trend_dtrader XRPUSD,H1: Alert: Failed USDCHF
0	10:22:49.189	trend_dtrader XRPUSD,H1: Alert: Failed USDCHF
0	10:23:06.179	trend_dtrader XRPUSD,H1: Alert: Failed USDCHF
0	10:23:23.174	trend_dtrader XRPUSD,H1: Alert: Failed USDCHF
0	10:23:40.189	trend_dtrader XRPUSD,H1: Alert: Failed USDCHF
0	10:23:57.291	trend_dtrader XRPUSD,H1: Alert: Failed USDCHF
0	10:24:14.184	trend_dtrader XRPUSD,H1: Alert: Failed USDCHF
0	10:24:31.188	trend_dtrader XRPUSD,H1: Alert: Failed USDCHF
0	10:24:48.276	trend_dtrader XRPUSD,H1: Alert: Failed USDCHF
0	10:25:05.264	trend_dtrader XRPUSD,H1: Alert: Failed USDCHF
0	10:25:22.198	trend_dtrader XRPUSD,H1: Alert: Failed USDCHF
0	10:25:39.182	trend_dtrader XRPUSD,H1: Alert: Failed USDCHF
0	10:25:56.197	trend_dtrader XRPUSD,H1: Alert: Failed USDCHF
0	10:26:13.182	trend_dtrader XRPUSD,H1: Alert: Failed USDCHF
0	10:26:30.181	trend_dtrader XRPUSD,H1: Alert: Failed USDCHF
0	10:26:47.166	trend_dtrader XRPUSD,H1: Alert: Failed USDCHF
0	10:27:04.228	trend_dtrader XRPUSD,H1: Alert: Failed USDCHF
0	10:27:21.149	trend_dtrader XRPUSD,H1: Alert: Failed USDCHF
0	10:27:38.180	trend_dtrader XRPUSD,H1: Alert: Failed USDCHF
0	10:27:55.203	trend_dtrader XRPUSD,H1: Alert: Failed USDCHF
0	10:28:12.166	trend_dtrader XRPUSD,H1: Alert: Failed USDCHF
0	10:28:29.178	trend_dtrader XRPUSD,H1: Alert: Failed USDCHF
0	10:28:46.158	trend_dtrader XRPUSD,H1: Alert: Failed USDCHF
0	10:29:03.116	trend_dtrader XRPUSD,H1: Alert: Failed USDCHF
0	10:29:20.173	trend_dtrader XRPUSD,H1: Alert: Failed USDCHF
0	10:29:37.197	trend_dtrader XRPUSD,H1: Alert: Failed USDCHF
0	10:29:54.164	trend_dtrader XRPUSD,H1: Alert: Failed USDCHF
0	10:30:11.162	trend_dtrader XRPUSD,H1: Alert: Failed USDCHF
0	10:30:28.179	trend_dtrader XRPUSD,H1: Alert: Failed USDCHF
0	10:30:45.161	trend_dtrader XRPUSD,H1: Alert: Failed USDCHF
0	10:31:02.161	trend_dtrader XRPUSD,H1: Alert: Failed USDCHF
0	10:31:19.237	trend_dtrader XRPUSD,H1: Alert: Failed USDCHF
0	10:31:36.157	trend_dtrader XRPUSD,H1: Alert: Failed USDCHF
0	10:31:53.176	trend_dtrader XRPUSD,H1: Alert: Failed USDCHF
0	10:32:10.128	trend_dtrader XRPUSD,H1: Alert: Failed USDCHF
0	10:32:27.159	trend_dtrader XRPUSD,H1: Alert: Failed USDCHF
0	10:32:44.129	trend_dtrader XRPUSD,H1: Alert: Failed USDCHF
0	10:33:01.156	trend_dtrader XRPUSD,H1: Alert: Failed USDCHF
0	10:33:18.142	trend_dtrader XRPUSD,H1: Alert: Failed USDCHF
0	10:33:35.162	trend_dtrader XRPUSD,H1: Alert: Failed USDCHF
0	10:33:52.191	trend_dtrader XRPUSD,H1: Alert: Failed USDCHF
0	10:34:09.139	trend_dtrader XRPUSD,H1: Alert: Failed USDCHF
0	10:34:26.104	trend_dtrader XRPUSD,H1: Alert: Failed USDCHF
0	10:34:43.171	trend_dtrader XRPUSD,H1: Alert: Failed USDCHF
0	10:35:00.184	trend_dtrader XRPUSD,H1: Alert: Failed USDCHF
0	10:35:17.138	trend_dtrader XRPUSD,H1: Alert: Failed USDCHF
0	10:35:34.185	trend_dtrader XRPUSD,H1: Alert: Failed USDCHF
0	10:35:51.135	trend_dtrader XRPUSD,H1: Alert: Failed USDCHF
0	10:36:08.182	trend_dtrader XRPUSD,H1: Alert: Failed USDCHF
0	10:36:25.168	trend_dtrader XRPUSD,H1: Alert: Failed USDCHF
0	10:36:42.148	trend_dtrader XRPUSD,H1: Alert: Failed USDCHF
0	10:36:59.140	trend_dtrader XRPUSD,H1: Alert: Failed USDCHF
0	10:37:16.165	trend_dtrader XRPUSD,H1: Alert: Failed USDCHF
0	10:37:33.177	trend_dtrader XRPUSD,H1: Alert: Failed USDCHF
0	10:37:50.115	trend_dtrader XRPUSD,H1: Alert: Failed USDCHF
0	10:38:07.166	trend_dtrader XRPUSD,H1: Alert: Failed USDCHF
0	10:38:24.117	trend_dtrader XRPUSD,H1: Alert: Failed USDCHF
0	10:38:41.196	trend_dtrader XRPUSD,H1: Alert: Failed USDCHF
0	10:38:58.146	trend_dtrader XRPUSD,H1: Alert: Failed USDCHF
0	10:39:15.176	trend_dtrader XRPUSD,H1: Alert: Failed USDCHF
0	10:39:32.149	trend_dtrader XRPUSD,H1: Alert: Failed USDCHF
0	10:39:49.146	trend_dtrader XRPUSD,H1: Alert: Failed USDCHF
0	10:40:06.178	trend_dtrader XRPUSD,H1: Alert: Failed USDCHF
0	10:40:23.158	trend_dtrader XRPUSD,H1: Alert: Failed USDCHF
0	10:40:40.157	trend_dtrader XRPUSD,H1: Alert: Failed USDCHF
0	10:40:57.143	trend_dtrader XRPUSD,H1: Alert: Failed USDCHF
0	10:41:14.111	trend_dtrader XRPUSD,H1: Alert: Failed USDCHF
0	10:41:31.188	trend_dtrader XRPUSD,H1: Alert: Failed USDCHF
0	10:41:48.160	trend_dtrader XRPUSD,H1: Alert: Failed USDCHF
0	10:42:05.193	trend_dtrader XRPUSD,H1: Alert: Failed USDCHF
0	10:42:22.154	trend_dtrader XRPUSD,H1: Alert: Failed USDCHF
0	10:42:39.156	trend_dtrader XRPUSD,H1: Alert: Failed USDCHF
0	10:42:56.232	trend_dtrader XRPUSD,H1: Alert: Failed USDCHF
0	10:43:13.148	trend_dtrader XRPUSD,H1: Alert: Failed USDCHF
0	10:43:30.107	trend_dtrader XRPUSD,H1: Alert: Failed USDCHF
0	10:43:47.167	trend_dtrader XRPUSD,H1: Alert: Failed USDCHF
0	10:44:04.249	trend_dtrader XRPUSD,H1: Alert: Failed USDCHF
0	10:44:21.172	trend_dtrader XRPUSD,H1: Alert: Failed USDCHF
0	10:44:38.149	trend_dtrader XRPUSD,H1: Alert: Failed USDCHF
0	10:44:55.182	trend_dtrader XRPUSD,H1: Alert: Failed USDCHF
0	10:45:12.209	trend_dtrader XRPUSD,H1: Alert: Failed USDCHF
0	10:45:29.192	trend_dtrader XRPUSD,H1: Alert: Failed USDCHF
0	10:45:46.193	trend_dtrader XRPUSD,H1: Alert: Failed USDCHF
0	10:46:03.177	trend_dtrader XRPUSD,H1: Alert: Failed USDCHF
0	10:46:20.221	trend_dtrader XRPUSD,H1: Alert: Failed USDCHF
0	10:46:37.163	trend_dtrader XRPUSD,H1: Alert: Failed USDCHF
0	10:46:54.177	trend_dtrader XRPUSD,H1: Alert: Failed USDCHF
0	10:47:11.236	trend_dtrader XRPUSD,H1: Alert: Failed USDCHF
0	10:47:28.174	trend_dtrader XRPUSD,H1: Alert: Failed USDCHF
0	10:47:45.221	trend_dtrader XRPUSD,H1: Alert: Failed USDCHF
0	10:48:02.187	trend_dtrader XRPUSD,H1: Alert: Failed USDCHF
0	10:48:19.328	trend_dtrader XRPUSD,H1: Alert: Failed USDCHF
0	10:48:36.236	trend_dtrader XRPUSD,H1: Alert: Failed USDCHF
0	10:48:53.202	trend_dtrader XRPUSD,H1: Alert: Failed USDCHF
0	10:49:10.220	trend_dtrader XRPUSD,H1: Alert: Failed USDCHF
0	10:49:27.203	trend_dtrader XRPUSD,H1: Alert: Failed USDCHF
0	10:49:44.218	trend_dtrader XRPUSD,H1: Alert: Failed USDCHF
0	10:50:01.214	trend_dtrader XRPUSD,H1: Alert: Failed USDCHF
0	10:50:18.183	trend_dtrader XRPUSD,H1: Alert: Failed USDCHF
0	10:50:35.218	trend_dtrader XRPUSD,H1: Alert: Failed USDCHF
0	10:50:52.186	trend_dtrader XRPUSD,H1: Alert: Failed USDCHF
0	10:51:09.170	trend_dtrader XRPUSD,H1: Alert: Failed USDCHF
0	10:51:26.168	trend_dtrader XRPUSD,H1: Alert: Failed USDCHF
0	10:51:43.183	trend_dtrader XRPUSD,H1: Alert: Failed USDCHF
0	10:52:00.253	trend_dtrader XRPUSD,H1: Alert: Failed USDCHF
0	10:52:17.242	trend_dtrader XRPUSD,H1: Alert: Failed USDCHF
0	10:52:34.191	trend_dtrader XRPUSD,H1: Alert: Failed USDCHF
0	10:52:51.329	trend_dtrader XRPUSD,H1: Alert: Failed USDCHF
0	10:53:08.849	trend_dtrader XRPUSD,H1: Alert: Failed USDCHF
0	10:53:25.238	trend_dtrader XRPUSD,H1: Alert: Failed USDCHF
0	10:53:42.268	trend_dtrader XRPUSD,H1: Alert: Failed USDCHF
0	10:54:00.169	trend_dtrader XRPUSD,H1: Alert: Failed USDCHF
0	10:54:16.193	trend_dtrader XRPUSD,H1: Alert: Failed USDCHF
0	10:54:33.224	trend_dtrader XRPUSD,H1: Alert: Failed USDCHF
0	10:54:50.144	trend_dtrader XRPUSD,H1: Alert: Failed USDCHF
0	10:55:07.161	trend_dtrader XRPUSD,H1: Alert: Failed USDCHF
0	10:55:24.203	trend_dtrader XRPUSD,H1: Alert: Failed USDCHF
0	10:55:41.210	trend_dtrader XRPUSD,H1: Alert: Failed USDCHF
0	10:55:58.296	trend_dtrader XRPUSD,H1: Alert: Failed USDCHF
0	10:56:15.204	trend_dtrader XRPUSD,H1: Alert: Failed USDCHF
0	10:56:32.206	trend_dtrader XRPUSD,H1: Alert: Failed USDCHF
0	10:56:49.142	trend_dtrader XRPUSD,H1: Alert: Failed USDCHF
0	10:57:06.207	trend_dtrader XRPUSD,H1: Alert: Failed USDCHF
0	10:57:23.198	trend_dtrader XRPUSD,H1: Alert: Failed USDCHF
0	10:57:40.195	trend_dtrader XRPUSD,H1: Alert: Failed USDCHF
0	10:57:57.173	trend_dtrader XRPUSD,H1: Alert: Failed USDCHF
0	10:58:14.186	trend_dtrader XRPUSD,H1: Alert: Failed USDCHF
0	10:58:31.174	trend_dtrader XRPUSD,H1: Alert: Failed USDCHF
0	10:58:48.229	trend_dtrader XRPUSD,H1: Alert: Failed USDCHF
0	10:59:05.511	trend_dtrader XRPUSD,H1: Alert: Failed USDCHF
0	10:59:22.130	trend_dtrader XRPUSD,H1: Alert: Failed USDCHF
0	10:59:39.331	trend_dtrader XRPUSD,H1: Alert: Failed USDCHF
0	10:59:56.250	trend_dtrader XRPUSD,H1: Alert: Failed USDCHF
0	11:00:13.244	trend_dtrader XRPUSD,H1: Alert: Failed USDCHF
0	11:00:30.206	trend_dtrader XRPUSD,H1: Alert: Failed USDCHF
0	11:00:47.160	trend_dtrader XRPUSD,H1: Alert: Failed USDCHF
0	11:01:04.201	trend_dtrader XRPUSD,H1: Alert: Failed USDCHF
0	11:01:21.203	trend_dtrader XRPUSD,H1: Alert: Failed USDCHF
0	11:01:38.187	trend_dtrader XRPUSD,H1: Alert: Failed USDCHF
0	11:01:55.202	trend_dtrader XRPUSD,H1: Alert: Failed USDCHF
0	11:02:12.246	trend_dtrader XRPUSD,H1: Alert: Failed USDCHF
0	11:02:29.184	trend_dtrader XRPUSD,H1: Alert: Failed USDCHF
0	11:02:46.482	trend_dtrader XRPUSD,H1: Alert: Failed USDCHF
0	11:03:03.201	trend_dtrader XRPUSD,H1: Alert: Failed USDCHF
0	11:03:20.243	trend_dtrader XRPUSD,H1: Alert: Failed USDCHF
0	11:03:37.199	trend_dtrader XRPUSD,H1: Alert: Failed USDCHF
0	11:03:54.184	trend_dtrader XRPUSD,H1: Alert: Failed USDCHF
0	11:04:11.211	trend_dtrader XRPUSD,H1: Alert: Failed USDCHF
0	11:04:28.195	trend_dtrader XRPUSD,H1: Alert: Failed USDCHF
0	11:04:45.195	trend_dtrader XRPUSD,H1: Alert: Failed USDCHF
0	11:05:02.212	trend_dtrader XRPUSD,H1: Alert: Failed USDCHF
0	11:05:19.196	trend_dtrader XRPUSD,H1: Alert: Failed USDCHF
0	11:05:36.215	trend_dtrader XRPUSD,H1: Alert: Failed USDCHF
0	11:05:53.206	trend_dtrader XRPUSD,H1: Alert: Failed USDCHF
0	11:06:10.177	trend_dtrader XRPUSD,H1: Alert: Failed USDCHF
0	11:06:27.174	trend_dtrader XRPUSD,H1: Alert: Failed USDCHF
0	11:06:44.231	trend_dtrader XRPUSD,H1: Alert: Failed USDCHF
0	11:07:01.204	trend_dtrader XRPUSD,H1: Alert: Failed USDCHF
0	11:07:18.220	trend_dtrader XRPUSD,H1: Alert: Failed USDCHF
0	11:07:35.187	trend_dtrader XRPUSD,H1: Alert: Failed USDCHF
0	11:07:52.206	trend_dtrader XRPUSD,H1: Alert: Failed USDCHF
0	11:08:09.192	trend_dtrader XRPUSD,H1: Alert: Failed USDCHF
0	11:08:26.326	trend_dtrader XRPUSD,H1: Alert: Failed USDCHF
0	11:08:43.221	trend_dtrader XRPUSD,H1: Alert: Failed USDCHF
0	11:09:00.203	trend_dtrader XRPUSD,H1: Alert: Failed USDCHF
0	11:09:17.181	trend_dtrader XRPUSD,H1: Alert: Failed USDCHF
0	11:09:34.222	trend_dtrader XRPUSD,H1: Alert: Failed USDCHF
0	11:09:51.194	trend_dtrader XRPUSD,H1: Alert: Failed USDCHF
0	11:10:08.169	trend_dtrader XRPUSD,H1: Alert: Failed USDCHF
0	11:10:25.197	trend_dtrader XRPUSD,H1: Alert: Failed USDCHF
0	11:10:42.150	trend_dtrader XRPUSD,H1: Alert: Failed USDCHF
0	11:10:59.212	trend_dtrader XRPUSD,H1: Alert: Failed USDCHF
0	11:11:16.198	trend_dtrader XRPUSD,H1: Alert: Failed USDCHF
0	11:11:33.152	trend_dtrader XRPUSD,H1: Alert: Failed USDCHF
0	11:11:50.187	trend_dtrader XRPUSD,H1: Alert: Failed USDCHF
0	11:12:07.246	trend_dtrader XRPUSD,H1: Alert: Failed USDCHF
0	11:12:24.226	trend_dtrader XRPUSD,H1: Alert: Failed USDCHF
0	11:12:41.177	trend_dtrader XRPUSD,H1: Alert: Failed USDCHF
0	11:12:58.221	trend_dtrader XRPUSD,H1: Alert: Failed USDCHF
0	11:13:15.253	trend_dtrader XRPUSD,H1: Alert: Failed USDCHF
0	11:13:32.189	trend_dtrader XRPUSD,H1: Alert: Failed USDCHF
0	11:13:49.175	trend_dtrader XRPUSD,H1: Alert: Failed USDCHF
0	11:14:06.174	trend_dtrader XRPUSD,H1: Alert: Failed USDCHF
0	11:14:23.218	trend_dtrader XRPUSD,H1: Alert: Failed USDCHF
0	11:14:40.185	trend_dtrader XRPUSD,H1: Alert: Failed USDCHF
0	11:14:57.168	trend_dtrader XRPUSD,H1: Alert: Failed USDCHF
0	11:15:14.186	trend_dtrader XRPUSD,H1: Alert: Failed USDCHF
0	11:15:31.185	trend_dtrader XRPUSD,H1: Alert: Failed USDCHF
0	11:15:48.186	trend_dtrader XRPUSD,H1: Alert: Failed USDCHF
0	11:16:05.151	trend_dtrader XRPUSD,H1: Alert: Failed USDCHF
0	11:16:22.226	trend_dtrader XRPUSD,H1: Alert: Failed USDCHF
0	11:16:39.154	trend_dtrader XRPUSD,H1: Alert: Failed USDCHF
0	11:16:56.181	trend_dtrader XRPUSD,H1: Alert: Failed USDCHF
0	11:17:13.216	trend_dtrader XRPUSD,H1: Alert: Failed USDCHF
0	11:17:30.214	trend_dtrader XRPUSD,H1: Alert: Failed USDCHF
0	11:17:47.135	trend_dtrader XRPUSD,H1: Alert: Failed USDCHF
0	11:18:04.163	trend_dtrader XRPUSD,H1: Alert: Failed USDCHF
0	11:18:21.149	trend_dtrader XRPUSD,H1: Alert: Failed USDCHF
0	11:18:38.163	trend_dtrader XRPUSD,H1: Alert: Failed USDCHF
0	11:18:55.289	trend_dtrader XRPUSD,H1: Alert: Failed USDCHF
0	11:19:12.237	trend_dtrader XRPUSD,H1: Alert: Failed USDCHF
0	11:19:29.196	trend_dtrader XRPUSD,H1: Alert: Failed USDCHF
0	11:19:46.160	trend_dtrader XRPUSD,H1: Alert: Failed USDCHF
0	11:20:03.175	trend_dtrader XRPUSD,H1: Alert: Failed USDCHF
0	11:20:20.158	trend_dtrader XRPUSD,H1: Alert: Failed USDCHF
0	11:20:37.191	trend_dtrader XRPUSD,H1: Alert: Failed USDCHF
0	11:20:54.192	trend_dtrader XRPUSD,H1: Alert: Failed USDCHF
0	11:21:11.147	trend_dtrader XRPUSD,H1: Alert: Failed USDCHF
0	11:21:28.220	trend_dtrader XRPUSD,H1: Alert: Failed USDCHF
0	11:21:45.145	trend_dtrader XRPUSD,H1: Alert: Failed USDCHF
0	11:22:02.159	trend_dtrader XRPUSD,H1: Alert: Failed USDCHF
0	11:22:19.148	trend_dtrader XRPUSD,H1: Alert: Failed USDCHF
0	11:22:36.159	trend_dtrader XRPUSD,H1: Alert: Failed USDCHF
0	11:22:53.208	trend_dtrader XRPUSD,H1: Alert: Failed USDCHF
0	11:23:10.195	trend_dtrader XRPUSD,H1: Alert: Failed USDCHF
0	11:23:27.192	trend_dtrader XRPUSD,H1: Alert: Failed USDCHF
0	11:23:44.172	trend_dtrader XRPUSD,H1: Alert: Failed USDCHF
0	11:24:01.236	trend_dtrader XRPUSD,H1: Alert: Failed USDCHF
0	11:24:18.156	trend_dtrader XRPUSD,H1: Alert: Failed USDCHF
0	11:24:35.144	trend_dtrader XRPUSD,H1: Alert: Failed USDCHF
0	11:24:52.174	trend_dtrader XRPUSD,H1: Alert: Failed USDCHF
0	11:25:09.190	trend_dtrader XRPUSD,H1: Alert: Failed USDCHF
0	11:25:26.232	trend_dtrader XRPUSD,H1: Alert: Failed USDCHF
0	11:25:43.202	trend_dtrader XRPUSD,H1: Alert: Failed USDCHF
0	11:26:00.172	trend_dtrader XRPUSD,H1: Alert: Failed USDCHF
0	11:26:17.201	trend_dtrader XRPUSD,H1: Alert: Failed USDCHF
0	11:26:34.602	trend_dtrader XRPUSD,H1: Alert: Failed USDCHF
0	11:26:51.168	trend_dtrader XRPUSD,H1: Alert: Failed USDCHF
0	11:27:10.170	trend_dtrader XRPUSD,H1: Alert: Failed USDCHF
0	11:27:27.216	trend_dtrader XRPUSD,H1: Alert: Failed USDCHF
0	11:27:44.189	trend_dtrader XRPUSD,H1: Alert: Failed USDCHF
0	11:28:01.414	trend_dtrader XRPUSD,H1: Alert: Failed USDCHF
0	11:28:18.151	trend_dtrader XRPUSD,H1: Alert: Failed USDCHF
0	11:28:35.152	trend_dtrader XRPUSD,H1: Alert: Failed USDCHF
0	11:28:52.235	trend_dtrader XRPUSD,H1: Alert: Failed USDCHF
0	11:29:09.664	trend_dtrader XRPUSD,H1: Alert: Failed USDCHF
0	11:29:26.218	trend_dtrader XRPUSD,H1: Alert: Failed USDCHF
0	11:29:44.182	trend_dtrader XRPUSD,H1: Alert: Failed USDCHF
0	11:30:04.128	trend_dtrader XRPUSD,H1: Alert: Failed USDCHF
0	11:30:20.206	trend_dtrader XRPUSD,H1: Alert: Failed USDCHF
0	11:30:37.207	trend_dtrader XRPUSD,H1: Alert: Failed USDCHF
0	11:30:54.209	trend_dtrader XRPUSD,H1: Alert: Failed USDCHF
0	11:31:11.234	trend_dtrader XRPUSD,H1: Alert: Failed USDCHF
0	11:31:28.208	trend_dtrader XRPUSD,H1: Alert: Failed USDCHF
0	11:31:47.266	trend_dtrader XRPUSD,H1: Alert: Failed USDCHF
0	11:32:04.313	trend_dtrader XRPUSD,H1: Alert: Failed USDCHF
0	11:32:21.231	trend_dtrader XRPUSD,H1: Alert: Failed USDCHF
0	11:32:38.177	trend_dtrader XRPUSD,H1: Alert: Failed USDCHF
0	11:32:55.220	trend_dtrader XRPUSD,H1: Alert: Failed USDCHF
0	11:33:12.269	trend_dtrader XRPUSD,H1: Alert: Failed USDCHF
0	11:33:29.205	trend_dtrader XRPUSD,H1: Alert: Failed USDCHF
0	11:33:46.268	trend_dtrader XRPUSD,H1: Alert: Failed USDCHF
0	11:34:03.252	trend_dtrader XRPUSD,H1: Alert: Failed USDCHF
0	11:34:20.253	trend_dtrader XRPUSD,H1: Alert: Failed USDCHF
0	11:34:37.186	trend_dtrader XRPUSD,H1: Alert: Failed USDCHF
0	11:34:54.298	trend_dtrader XRPUSD,H1: Alert: Failed USDCHF
0	11:35:11.213	trend_dtrader XRPUSD,H1: Alert: Failed USDCHF
0	11:35:28.261	trend_dtrader XRPUSD,H1: Alert: Failed USDCHF
0	11:35:45.269	trend_dtrader XRPUSD,H1: Alert: Failed USDCHF
0	11:36:02.217	trend_dtrader XRPUSD,H1: Alert: Failed USDCHF
0	11:36:19.249	trend_dtrader XRPUSD,H1: Alert: Failed USDCHF
0	11:36:36.278	trend_dtrader XRPUSD,H1: Alert: Failed USDCHF
0	11:36:53.201	trend_dtrader XRPUSD,H1: Alert: Failed USDCHF
0	11:37:10.203	trend_dtrader XRPUSD,H1: Alert: Failed USDCHF
0	11:37:27.185	trend_dtrader XRPUSD,H1: Alert: Failed USDCHF
0	11:37:44.202	trend_dtrader XRPUSD,H1: Alert: Failed USDCHF
0	11:38:01.181	trend_dtrader XRPUSD,H1: Alert: Failed USDCHF
0	11:38:18.217	trend_dtrader XRPUSD,H1: Alert: Failed USDCHF
0	11:38:35.232	trend_dtrader XRPUSD,H1: Alert: Failed USDCHF
0	11:38:52.195	trend_dtrader XRPUSD,H1: Alert: Failed USDCHF
0	11:39:09.324	trend_dtrader XRPUSD,H1: Alert: Failed USDCHF
0	11:39:26.214	trend_dtrader XRPUSD,H1: Alert: Failed USDCHF
0	11:39:43.248	trend_dtrader XRPUSD,H1: Alert: Failed USDCHF
0	11:40:00.229	trend_dtrader XRPUSD,H1: Alert: Failed USDCHF
0	11:40:17.228	trend_dtrader XRPUSD,H1: Alert: Failed USDCHF
0	11:40:34.246	trend_dtrader XRPUSD,H1: Alert: Failed USDCHF
0	11:40:51.260	trend_dtrader XRPUSD,H1: Alert: Failed USDCHF
0	11:41:08.163	trend_dtrader XRPUSD,H1: Alert: Failed USDCHF
0	11:41:25.194	trend_dtrader XRPUSD,H1: Alert: Failed USDCHF
0	11:41:42.179	trend_dtrader XRPUSD,H1: Alert: Failed USDCHF
0	11:41:59.194	trend_dtrader XRPUSD,H1: Alert: Failed USDCHF
0	11:42:16.215	trend_dtrader XRPUSD,H1: Alert: Failed USDCHF
0	11:42:33.222	trend_dtrader XRPUSD,H1: Alert: Failed USDCHF
0	11:42:50.241	trend_dtrader XRPUSD,H1: Alert: Failed USDCHF
0	11:43:07.234	trend_dtrader XRPUSD,H1: Alert: Failed USDCHF
0	11:43:24.164	trend_dtrader XRPUSD,H1: Alert: Failed USDCHF
0	11:43:41.211	trend_dtrader XRPUSD,H1: Alert: Failed USDCHF
0	11:43:58.246	trend_dtrader XRPUSD,H1: Alert: Failed USDCHF
0	11:44:15.262	trend_dtrader XRPUSD,H1: Alert: Failed USDCHF
0	11:44:32.195	trend_dtrader XRPUSD,H1: Alert: Failed USDCHF
0	11:44:49.277	trend_dtrader XRPUSD,H1: Alert: Failed USDCHF
0	11:45:06.278	trend_dtrader XRPUSD,H1: Alert: Failed USDCHF
0	11:45:23.182	trend_dtrader XRPUSD,H1: Alert: Failed USDCHF
0	11:45:40.212	trend_dtrader XRPUSD,H1: Alert: Failed USDCHF
0	11:45:57.210	trend_dtrader XRPUSD,H1: Alert: Failed USDCHF
0	11:46:14.193	trend_dtrader XRPUSD,H1: Alert: Failed USDCHF
0	11:46:31.210	trend_dtrader XRPUSD,H1: Alert: Failed USDCHF
0	11:46:48.238	trend_dtrader XRPUSD,H1: Alert: Failed USDCHF
0	11:47:05.195	trend_dtrader XRPUSD,H1: Alert: Failed USDCHF
0	11:47:22.210	trend_dtrader XRPUSD,H1: Alert: Failed USDCHF
0	11:47:39.227	trend_dtrader XRPUSD,H1: Alert: Failed USDCHF
0	11:47:56.241	trend_dtrader XRPUSD,H1: Alert: Failed USDCHF
0	11:48:13.209	trend_dtrader XRPUSD,H1: Alert: Failed USDCHF
0	11:48:30.212	trend_dtrader XRPUSD,H1: Alert: Failed USDCHF
0	11:48:47.226	trend_dtrader XRPUSD,H1: Alert: Failed USDCHF
0	11:49:04.252	trend_dtrader XRPUSD,H1: Alert: Failed USDCHF
0	11:49:21.188	trend_dtrader XRPUSD,H1: Alert: Failed USDCHF
0	11:49:38.253	trend_dtrader XRPUSD,H1: Alert: Failed USDCHF
0	11:49:55.224	trend_dtrader XRPUSD,H1: Alert: Failed USDCHF
0	11:50:12.210	trend_dtrader XRPUSD,H1: Alert: Failed USDCHF
0	11:50:29.240	trend_dtrader XRPUSD,H1: Alert: Failed USDCHF
0	11:50:46.231	trend_dtrader XRPUSD,H1: Alert: Failed USDCHF
0	11:51:03.415	trend_dtrader XRPUSD,H1: Alert: Failed USDCHF
0	11:51:20.244	trend_dtrader XRPUSD,H1: Alert: Failed USDCHF
0	11:51:37.246	trend_dtrader XRPUSD,H1: Alert: Failed USDCHF
0	11:51:54.209	trend_dtrader XRPUSD,H1: Alert: Failed USDCHF
0	11:52:11.234	trend_dtrader XRPUSD,H1: Alert: Failed USDCHF
0	11:52:28.229	trend_dtrader XRPUSD,H1: Alert: Failed USDCHF
0	11:52:45.220	trend_dtrader XRPUSD,H1: Alert: Failed USDCHF
0	11:53:02.198	trend_dtrader XRPUSD,H1: Alert: Failed USDCHF
0	11:53:19.198	trend_dtrader XRPUSD,H1: Alert: Failed USDCHF
0	11:53:36.209	trend_dtrader XRPUSD,H1: Alert: Failed USDCHF
0	11:53:53.193	trend_dtrader XRPUSD,H1: Alert: Failed USDCHF
0	11:54:10.277	trend_dtrader XRPUSD,H1: Alert: Failed USDCHF
0	11:54:27.196	trend_dtrader XRPUSD,H1: Alert: Failed USDCHF
0	11:54:44.272	trend_dtrader XRPUSD,H1: Alert: Failed USDCHF
0	11:55:01.200	trend_dtrader XRPUSD,H1: Alert: Failed USDCHF
0	11:55:18.712	trend_dtrader XRPUSD,H1: Alert: Failed USDCHF
0	11:55:35.248	trend_dtrader XRPUSD,H1: Alert: Failed USDCHF
0	11:55:52.193	trend_dtrader XRPUSD,H1: Alert: Failed USDCHF
0	11:56:09.192	trend_dtrader XRPUSD,H1: Alert: Failed USDCHF
0	11:56:26.210	trend_dtrader XRPUSD,H1: Alert: Failed USDCHF
0	11:56:43.217	trend_dtrader XRPUSD,H1: Alert: Failed USDCHF
0	11:57:00.255	trend_dtrader XRPUSD,H1: Alert: Failed USDCHF
0	11:57:17.503	trend_dtrader XRPUSD,H1: Alert: Failed USDCHF
0	11:57:39.822	trend_dtrader XRPUSD,H1: Alert: Failed USDCHF
0	11:58:00.677	trend_dtrader XRPUSD,H1: Alert: Failed USDCHF
0	11:58:27.670	trend_dtrader XRPUSD,H1: Alert: Failed USDCHF
0	11:59:15.697	trend_dtrader XRPUSD,H1: Alert: Failed USDCHF
0	11:59:40.237	trend_dtrader XRPUSD,H1: Alert: Failed USDCHF
0	11:59:59.998	trend_dtrader XRPUSD,H1: Alert: Failed USDCHF
0	12:00:51.776	trend_dtrader XRPUSD,H1: Alert: Failed USDCHF
0	12:01:41.702	trend_dtrader XRPUSD,H1: Alert: Failed USDCHF
0	12:02:16.461	trend_dtrader XRPUSD,H1: Alert: Failed USDCHF
0	12:02:41.735	trend_dtrader XRPUSD,H1: Alert: Failed USDCHF
0	12:03:12.191	trend_dtrader XRPUSD,H1: Alert: Failed USDCHF
0	12:03:34.958	trend_dtrader XRPUSD,H1: Alert: Failed USDCHF
0	12:03:54.254	trend_dtrader XRPUSD,H1: Alert: Failed USDCHF
0	12:04:15.515	trend_dtrader XRPUSD,H1: Alert: Failed USDCHF
0	12:04:32.917	trend_dtrader XRPUSD,H1: Alert: Failed USDCHF
0	12:04:52.305	trend_dtrader XRPUSD,H1: Alert: Failed USDCHF
0	12:05:13.672	trend_dtrader XRPUSD,H1: Alert: Failed USDCHF
0	12:05:32.218	trend_dtrader XRPUSD,H1: Alert: Failed USDCHF
0	12:05:54.824	trend_dtrader XRPUSD,H1: Alert: Failed USDCHF
0	12:06:20.095	trend_dtrader XRPUSD,H1: Alert: Failed USDCHF
0	12:06:44.507	trend_dtrader XRPUSD,H1: Alert: Failed USDCHF
0	12:07:08.736	trend_dtrader XRPUSD,H1: Alert: Failed USDCHF
0	12:07:31.995	trend_dtrader XRPUSD,H1: Alert: Failed USDCHF
0	12:07:57.729	trend_dtrader XRPUSD,H1: Alert: Failed USDCHF
0	12:08:18.991	trend_dtrader XRPUSD,H1: Alert: Failed USDCHF
0	12:08:35.939	trend_dtrader XRPUSD,H1: Alert: Failed USDCHF
0	12:08:52.357	trend_dtrader XRPUSD,H1: Alert: Failed USDCHF
0	12:09:09.199	trend_dtrader XRPUSD,H1: Alert: Failed USDCHF
0	12:09:26.199	trend_dtrader XRPUSD,H1: Alert: Failed USDCHF
0	12:09:43.513	trend_dtrader XRPUSD,H1: Alert: Failed USDCHF
0	12:10:00.280	trend_dtrader XRPUSD,H1: Alert: Failed USDCHF
0	12:10:17.254	trend_dtrader XRPUSD,H1: Alert: Failed USDCHF
2	12:10:27.249	trend_dtrader XRPUSD,H1: open #469496331 buy 0.20 IOTAUSD at 0.3900 sl: 0.3443 tp: 0.6699 ok
0	12:10:27.249	trend_dtrader XRPUSD,H1: Alert: IOTAUSD Ordered Successfully
0	12:10:34.169	trend_dtrader XRPUSD,H1: Alert: Failed USDCHF
0	12:10:51.209	trend_dtrader XRPUSD,H1: Alert: Failed USDCHF
0	12:11:08.176	trend_dtrader XRPUSD,H1: Alert: Failed USDCHF
0	12:11:25.207	trend_dtrader XRPUSD,H1: Alert: Failed USDCHF
0	12:11:42.216	trend_dtrader XRPUSD,H1: Alert: Failed USDCHF
0	12:11:59.236	trend_dtrader XRPUSD,H1: Alert: Failed USDCHF
0	12:12:16.592	trend_dtrader XRPUSD,H1: Alert: Failed USDCHF
0	12:12:34.191	trend_dtrader XRPUSD,H1: Alert: Failed USDCHF
0	12:12:51.199	trend_dtrader XRPUSD,H1: Alert: Failed USDCHF
0	12:13:08.230	trend_dtrader XRPUSD,H1: Alert: Failed USDCHF
0	12:13:25.165	trend_dtrader XRPUSD,H1: Alert: Failed USDCHF
0	12:13:42.224	trend_dtrader XRPUSD,H1: Alert: Failed USDCHF
0	12:13:59.199	trend_dtrader XRPUSD,H1: Alert: Failed USDCHF
0	12:14:16.199	trend_dtrader XRPUSD,H1: Alert: Failed USDCHF
0	12:14:33.578	trend_dtrader XRPUSD,H1: Alert: Failed USDCHF
0	12:14:50.285	trend_dtrader XRPUSD,H1: Alert: Failed USDCHF
0	12:15:07.121	trend_dtrader XRPUSD,H1: Alert: Failed USDCHF
0	12:15:24.101	trend_dtrader XRPUSD,H1: Alert: Failed USDCHF
0	12:15:41.215	trend_dtrader XRPUSD,H1: Alert: Failed USDCHF
0	12:15:58.134	trend_dtrader XRPUSD,H1: Alert: Failed USDCHF
0	12:16:15.115	trend_dtrader XRPUSD,H1: Alert: Failed USDCHF
0	12:16:32.149	trend_dtrader XRPUSD,H1: Alert: Failed USDCHF
0	12:16:49.116	trend_dtrader XRPUSD,H1: Alert: Failed USDCHF
0	12:17:06.152	trend_dtrader XRPUSD,H1: Alert: Failed USDCHF
0	12:17:23.192	trend_dtrader XRPUSD,H1: Alert: Failed USDCHF
0	12:17:40.117	trend_dtrader XRPUSD,H1: Alert: Failed USDCHF
0	12:18:00.008	trend_dtrader XRPUSD,H1: Alert: Failed USDCHF
0	12:18:16.118	trend_dtrader XRPUSD,H1: Alert: Failed USDCHF
0	12:18:33.168	trend_dtrader XRPUSD,H1: Alert: Failed USDCHF
0	12:18:50.188	trend_dtrader XRPUSD,H1: Alert: Failed USDCHF
0	12:19:07.303	trend_dtrader XRPUSD,H1: Alert: Failed USDCHF
0	12:19:24.153	trend_dtrader XRPUSD,H1: Alert: Failed USDCHF
0	12:20:32.138	trend_dtrader XRPUSD,H1: Alert: Failed USDCHF
0	12:21:23.111	trend_dtrader XRPUSD,H1: Alert: Failed USDCHF
0	12:22:14.830	trend_dtrader XRPUSD,H1: Alert: Failed USDCHF
0	12:22:31.348	trend_dtrader XRPUSD,H1: Alert: Failed USDCHF
0	12:22:48.155	trend_dtrader XRPUSD,H1: Alert: Failed USDCHF
0	12:23:05.122	trend_dtrader XRPUSD,H1: Alert: Failed USDCHF
0	12:23:22.130	trend_dtrader XRPUSD,H1: Alert: Failed USDCHF
0	12:23:39.121	trend_dtrader XRPUSD,H1: Alert: Failed USDCHF
0	12:23:56.124	trend_dtrader XRPUSD,H1: Alert: Failed USDCHF
0	12:24:13.122	trend_dtrader XRPUSD,H1: Alert: Failed USDCHF
0	12:25:19.717	trend_dtrader XRPUSD,H1: Alert: Failed USDCHF
0	12:25:35.126	trend_dtrader XRPUSD,H1: Alert: Failed USDCHF
0	12:25:52.081	trend_dtrader XRPUSD,H1: Alert: Failed USDCHF
0	12:26:09.214	trend_dtrader XRPUSD,H1: Alert: Failed USDCHF
0	12:26:26.176	trend_dtrader XRPUSD,H1: Alert: Failed USDCHF
0	12:26:43.157	trend_dtrader XRPUSD,H1: Alert: Failed USDCHF
0	12:27:00.830	trend_dtrader XRPUSD,H1: Alert: Failed USDCHF
0	12:27:17.224	trend_dtrader XRPUSD,H1: Alert: Failed USDCHF
0	12:27:34.108	trend_dtrader XRPUSD,H1: Alert: Failed USDCHF
0	12:27:51.120	trend_dtrader XRPUSD,H1: Alert: Failed USDCHF
0	12:28:08.121	trend_dtrader XRPUSD,H1: Alert: Failed USDCHF
0	12:28:25.123	trend_dtrader XRPUSD,H1: Alert: Failed USDCHF
0	12:28:43.434	trend_dtrader XRPUSD,H1: Alert: Failed USDCHF
0	12:29:00.093	trend_dtrader XRPUSD,H1: Alert: Failed USDCHF
0	12:29:22.093	trend_dtrader XRPUSD,H1: Alert: Failed USDCHF
0	12:29:39.259	trend_dtrader XRPUSD,H1: Alert: Failed USDCHF
0	12:30:02.958	trend_dtrader XRPUSD,H1: Alert: Failed USDCHF
0	12:30:19.593	trend_dtrader XRPUSD,H1: Alert: Failed USDCHF
0	12:30:36.207	trend_dtrader XRPUSD,H1: Alert: Failed USDCHF
0	12:30:53.186	trend_dtrader XRPUSD,H1: Alert: Failed USDCHF
0	12:31:10.196	trend_dtrader XRPUSD,H1: Alert: Failed USDCHF
0	12:31:27.140	trend_dtrader XRPUSD,H1: Alert: Failed USDCHF
0	12:31:44.170	trend_dtrader XRPUSD,H1: Alert: Failed USDCHF
0	12:32:01.202	trend_dtrader XRPUSD,H1: Alert: Failed USDCHF
0	12:32:18.152	trend_dtrader XRPUSD,H1: Alert: Failed USDCHF
0	12:32:35.152	trend_dtrader XRPUSD,H1: Alert: Failed USDCHF
0	12:32:52.150	trend_dtrader XRPUSD,H1: Alert: Failed USDCHF
0	12:33:09.205	trend_dtrader XRPUSD,H1: Alert: Failed USDCHF
0	12:33:26.135	trend_dtrader XRPUSD,H1: Alert: Failed USDCHF
0	12:33:43.228	trend_dtrader XRPUSD,H1: Alert: Failed USDCHF
0	12:34:00.152	trend_dtrader XRPUSD,H1: Alert: Failed USDCHF
0	12:34:17.152	trend_dtrader XRPUSD,H1: Alert: Failed USDCHF
0	12:34:34.150	trend_dtrader XRPUSD,H1: Alert: Failed USDCHF
0	12:34:51.149	trend_dtrader XRPUSD,H1: Alert: Failed USDCHF
0	12:35:08.147	trend_dtrader XRPUSD,H1: Alert: Failed USDCHF
0	12:35:25.164	trend_dtrader XRPUSD,H1: Alert: Failed USDCHF
0	12:35:42.148	trend_dtrader XRPUSD,H1: Alert: Failed USDCHF
0	12:35:59.144	trend_dtrader XRPUSD,H1: Alert: Failed USDCHF
0	12:36:16.179	trend_dtrader XRPUSD,H1: Alert: Failed USDCHF
0	12:36:33.130	trend_dtrader XRPUSD,H1: Alert: Failed USDCHF
0	12:36:50.182	trend_dtrader XRPUSD,H1: Alert: Failed USDCHF
0	12:37:07.182	trend_dtrader XRPUSD,H1: Alert: Failed USDCHF
0	12:37:24.147	trend_dtrader XRPUSD,H1: Alert: Failed USDCHF
0	12:37:41.162	trend_dtrader XRPUSD,H1: Alert: Failed USDCHF
0	12:37:58.171	trend_dtrader XRPUSD,H1: Alert: Failed USDCHF
0	12:38:15.173	trend_dtrader XRPUSD,H1: Alert: Failed USDCHF
0	12:38:32.188	trend_dtrader XRPUSD,H1: Alert: Failed USDCHF
0	12:38:49.182	trend_dtrader XRPUSD,H1: Alert: Failed USDCHF
0	12:39:06.183	trend_dtrader XRPUSD,H1: Alert: Failed USDCHF
0	12:39:23.134	trend_dtrader XRPUSD,H1: Alert: Failed USDCHF
0	12:39:40.162	trend_dtrader XRPUSD,H1: Alert: Failed USDCHF
0	12:39:57.187	trend_dtrader XRPUSD,H1: Alert: Failed USDCHF
0	12:40:14.131	trend_dtrader XRPUSD,H1: Alert: Failed USDCHF
0	12:40:31.147	trend_dtrader XRPUSD,H1: Alert: Failed USDCHF
0	12:40:48.151	trend_dtrader XRPUSD,H1: Alert: Failed USDCHF
0	12:41:05.131	trend_dtrader XRPUSD,H1: Alert: Failed USDCHF
0	12:41:22.167	trend_dtrader XRPUSD,H1: Alert: Failed USDCHF
0	12:41:39.146	trend_dtrader XRPUSD,H1: Alert: Failed USDCHF
0	12:41:56.163	trend_dtrader XRPUSD,H1: Alert: Failed USDCHF
0	12:42:13.152	trend_dtrader XRPUSD,H1: Alert: Failed USDCHF
0	12:42:30.144	trend_dtrader XRPUSD,H1: Alert: Failed USDCHF
0	12:42:47.134	trend_dtrader XRPUSD,H1: Alert: Failed USDCHF
0	12:43:04.161	trend_dtrader XRPUSD,H1: Alert: Failed USDCHF
0	12:43:21.171	trend_dtrader XRPUSD,H1: Alert: Failed USDCHF
0	12:43:38.189	trend_dtrader XRPUSD,H1: Alert: Failed USDCHF
0	12:43:55.145	trend_dtrader XRPUSD,H1: Alert: Failed USDCHF
0	12:44:12.389	trend_dtrader XRPUSD,H1: Alert: Failed USDCHF
0	12:44:29.128	trend_dtrader XRPUSD,H1: Alert: Failed USDCHF
0	12:44:46.194	trend_dtrader XRPUSD,H1: Alert: Failed USDCHF
0	12:45:01.804	trend_dtrader XRPUSD,H1: uninit reason 2
0	12:45:01.805	trend_dtrader XRPUSD,H1: Alert: 2
0	12:45:03.221	Expert trend_dtrader XRPUSD,H1: removed
0	12:45:03.310	Expert trend_dtrader XRPUSD,H1: loaded successfully
0	12:45:03.414	trend_dtrader XRPUSD,H1: ADAUSD --> 4
0	12:45:03.415	trend_dtrader XRPUSD,H1: ALGOUSD --> 4
0	12:45:03.418	trend_dtrader XRPUSD,H1: AUDUSD --> 5
0	12:45:03.441	trend_dtrader XRPUSD,H1: DOGEUSD --> 5
0	12:45:03.447	trend_dtrader XRPUSD,H1: EURUSD --> 5
0	12:45:03.450	trend_dtrader XRPUSD,H1: FTMUSD --> 4
0	12:45:03.451	trend_dtrader XRPUSD,H1: GBPUSD --> 5
0	12:45:03.452	trend_dtrader XRPUSD,H1: GRTUSD --> 4
0	12:45:03.453	trend_dtrader XRPUSD,H1: IOTAUSD --> 4
0	12:45:03.454	trend_dtrader XRPUSD,H1: LRCUSD --> 4
0	12:45:03.457	trend_dtrader XRPUSD,H1: MANAUSD --> 4
0	12:45:03.468	trend_dtrader XRPUSD,H1: MATICUSD --> 4
0	12:45:03.471	trend_dtrader XRPUSD,H1: NZDUSD --> 5
0	12:45:03.473	trend_dtrader XRPUSD,H1: TRXUSD --> 5
0	12:45:03.474	trend_dtrader XRPUSD,H1: USDCAD --> 5
0	12:45:03.475	trend_dtrader XRPUSD,H1: USDCHF --> 5
0	12:45:03.486	trend_dtrader XRPUSD,H1: XNGUSD --> 3
0	12:45:03.488	trend_dtrader XRPUSD,H1: XRPUSD --> 5
0	12:45:03.491	trend_dtrader XRPUSD,H1: 18
0	12:45:03.492	trend_dtrader XRPUSD,H1: initialized
0	12:45:18.184	trend_dtrader XRPUSD,H1: uninit reason 2
0	12:45:18.185	trend_dtrader XRPUSD,H1: Alert: 2
0	12:45:18.742	Expert trend_dtrader XRPUSD,H1: removed
0	12:45:18.909	Expert trend_dtrader XRPUSD,H1: loaded successfully
0	12:45:18.992	trend_dtrader XRPUSD,H1: ADAUSD --> 4
0	12:45:18.995	trend_dtrader XRPUSD,H1: ALGOUSD --> 4
0	12:45:18.996	trend_dtrader XRPUSD,H1: AUDUSD --> 5
0	12:45:18.997	trend_dtrader XRPUSD,H1: DOGEUSD --> 5
0	12:45:18.998	trend_dtrader XRPUSD,H1: EURUSD --> 5
0	12:45:18.999	trend_dtrader XRPUSD,H1: FTMUSD --> 4
0	12:45:18.999	trend_dtrader XRPUSD,H1: GBPUSD --> 5
0	12:45:18.999	trend_dtrader XRPUSD,H1: GRTUSD --> 4
0	12:45:18.999	trend_dtrader XRPUSD,H1: IOTAUSD --> 4
0	12:45:18.999	trend_dtrader XRPUSD,H1: LRCUSD --> 4
0	12:45:19.000	trend_dtrader XRPUSD,H1: MANAUSD --> 4
0	12:45:19.000	trend_dtrader XRPUSD,H1: MATICUSD --> 4
0	12:45:19.000	trend_dtrader XRPUSD,H1: NZDUSD --> 5
0	12:45:19.001	trend_dtrader XRPUSD,H1: TRXUSD --> 5
0	12:45:19.001	trend_dtrader XRPUSD,H1: USDCAD --> 5
0	12:45:19.002	trend_dtrader XRPUSD,H1: USDCHF --> 5
0	12:45:19.004	trend_dtrader XRPUSD,H1: XNGUSD --> 3
0	12:45:19.004	trend_dtrader XRPUSD,H1: XRPUSD --> 5
0	12:45:19.005	trend_dtrader XRPUSD,H1: 18
0	12:45:19.005	trend_dtrader XRPUSD,H1: initialized
0	12:45:35.598	trend_dtrader XRPUSD,H1: Alert: Failed USDCHF
0	12:46:52.685	Expert trend_dtrader TRXUSD,H1: loaded successfully
0	12:46:55.577	Expert trend_dtrader TRXUSD,H1: removed
2	13:27:51.536	trend_dtrader XRPUSD,H1: modify #469422161 sell 0.20 TRXUSD at 0.13233 sl: 0.13192 tp: 0.10645 ok
0	13:27:51.537	trend_dtrader XRPUSD,H1: Alert: TRXUSD has been assigned a breakeven 0.131915
2	14:04:18.684	trend_dtrader XRPUSD,H1: open #469526448 sell 0.20 NZDUSD at 0.61563 sl: 0.61997 tp: 0.60540 ok
0	14:04:18.685	trend_dtrader XRPUSD,H1: Alert: NZDUSD Ordered Successfully
2	14:12:17.413	trend_dtrader XRPUSD,H1: modify #469526448 sell 0.20 NZDUSD at 0.61563 sl: 0.61522 tp: 0.60540 ok
0	14:12:17.414	trend_dtrader XRPUSD,H1: Alert: NZDUSD has been assigned a breakeven 0.6152150000000001
2	14:14:48.308	trend_dtrader XRPUSD,H1: open #469531244 sell 0.20 NZDUSD at 0.61498 sl: 0.61932 tp: 0.60540 ok
0	14:14:48.310	trend_dtrader XRPUSD,H1: Alert: NZDUSD Ordered Successfully
2	14:35:26.503	trend_dtrader XRPUSD,H1: modify #469531244 sell 0.20 NZDUSD at 0.61498 sl: 0.61455 tp: 0.60540 ok
0	14:35:26.504	trend_dtrader XRPUSD,H1: Alert: NZDUSD has been assigned a breakeven 0.6145499999999999
2	14:54:22.361	trend_dtrader XRPUSD,H1: open #469542211 sell 0.20 NZDUSD at 0.61445 sl: 0.61881 tp: 0.60540 ok
0	14:54:22.361	trend_dtrader XRPUSD,H1: Alert: NZDUSD Ordered Successfully
2	15:00:40.540	trend_dtrader XRPUSD,H1: modify #469496331 buy 0.20 IOTAUSD at 0.3900 sl: 0.3981 tp: 0.6699 ok
0	15:00:40.541	trend_dtrader XRPUSD,H1: Alert: IOTAUSD has been assigned a breakeven 0.3981
2	16:00:16.467	trend_dtrader XRPUSD,H1: open #469556348 sell 0.20 AUDUSD at 0.65960 sl: 0.66436 tp: 0.64519 ok
0	16:00:16.470	trend_dtrader XRPUSD,H1: Alert: AUDUSD Ordered Successfully
0	16:07:23.422	trend_dtrader XRPUSD,H1: Alert: Failed ALGOUSD
0	16:07:40.845	trend_dtrader XRPUSD,H1: Alert: Failed ALGOUSD
0	16:07:57.462	trend_dtrader XRPUSD,H1: Alert: Failed ALGOUSD
0	16:08:14.649	trend_dtrader XRPUSD,H1: Alert: Failed ALGOUSD
0	16:08:31.481	trend_dtrader XRPUSD,H1: Alert: Failed ALGOUSD
0	16:08:48.524	trend_dtrader XRPUSD,H1: Alert: Failed ALGOUSD
0	16:09:05.459	trend_dtrader XRPUSD,H1: Alert: Failed ALGOUSD
0	16:09:22.453	trend_dtrader XRPUSD,H1: Alert: Failed ALGOUSD
0	16:09:39.770	trend_dtrader XRPUSD,H1: Alert: Failed ALGOUSD
0	16:09:56.595	trend_dtrader XRPUSD,H1: Alert: Failed ALGOUSD
0	16:10:13.536	trend_dtrader XRPUSD,H1: Alert: Failed ALGOUSD
0	16:10:30.986	trend_dtrader XRPUSD,H1: Alert: Failed ALGOUSD
0	16:10:47.460	trend_dtrader XRPUSD,H1: Alert: Failed ALGOUSD
0	16:11:04.526	trend_dtrader XRPUSD,H1: Alert: Failed ALGOUSD
0	16:11:21.470	trend_dtrader XRPUSD,H1: Alert: Failed ALGOUSD
0	16:11:38.484	trend_dtrader XRPUSD,H1: Alert: Failed ALGOUSD
0	16:11:55.584	trend_dtrader XRPUSD,H1: Alert: Failed ALGOUSD
0	16:12:12.531	trend_dtrader XRPUSD,H1: Alert: Failed ALGOUSD
0	16:12:29.424	trend_dtrader XRPUSD,H1: Alert: Failed ALGOUSD
0	16:12:46.453	trend_dtrader XRPUSD,H1: Alert: Failed ALGOUSD
0	16:13:03.497	trend_dtrader XRPUSD,H1: Alert: Failed ALGOUSD
0	16:13:20.475	trend_dtrader XRPUSD,H1: Alert: Failed ALGOUSD
0	16:13:37.503	trend_dtrader XRPUSD,H1: Alert: Failed ALGOUSD
0	16:13:54.456	trend_dtrader XRPUSD,H1: Alert: Failed ALGOUSD
0	16:14:11.456	trend_dtrader XRPUSD,H1: Alert: Failed ALGOUSD
0	16:14:28.434	trend_dtrader XRPUSD,H1: Alert: Failed ALGOUSD
0	16:14:45.454	trend_dtrader XRPUSD,H1: Alert: Failed ALGOUSD
0	16:15:02.518	trend_dtrader XRPUSD,H1: Alert: Failed ALGOUSD
0	16:15:19.473	trend_dtrader XRPUSD,H1: Alert: Failed ALGOUSD
0	16:15:36.457	trend_dtrader XRPUSD,H1: Alert: Failed ALGOUSD
0	16:15:53.497	trend_dtrader XRPUSD,H1: Alert: Failed ALGOUSD
0	16:16:10.497	trend_dtrader XRPUSD,H1: Alert: Failed ALGOUSD
0	16:16:27.517	trend_dtrader XRPUSD,H1: Alert: Failed ALGOUSD
0	16:16:44.531	trend_dtrader XRPUSD,H1: Alert: Failed ALGOUSD
0	16:17:01.460	trend_dtrader XRPUSD,H1: Alert: Failed ALGOUSD
0	16:17:18.522	trend_dtrader XRPUSD,H1: Alert: Failed ALGOUSD
0	16:17:35.627	trend_dtrader XRPUSD,H1: Alert: Failed ALGOUSD
0	16:17:52.515	trend_dtrader XRPUSD,H1: Alert: Failed ALGOUSD
0	16:18:09.488	trend_dtrader XRPUSD,H1: Alert: Failed ALGOUSD
0	16:18:26.455	trend_dtrader XRPUSD,H1: Alert: Failed ALGOUSD
0	16:18:43.652	trend_dtrader XRPUSD,H1: Alert: Failed ALGOUSD
0	16:19:00.482	trend_dtrader XRPUSD,H1: Alert: Failed ALGOUSD
0	16:19:17.491	trend_dtrader XRPUSD,H1: Alert: Failed ALGOUSD
0	16:19:34.572	trend_dtrader XRPUSD,H1: Alert: Failed ALGOUSD
0	16:19:51.492	trend_dtrader XRPUSD,H1: Alert: Failed ALGOUSD
0	16:20:08.643	trend_dtrader XRPUSD,H1: Alert: Failed ALGOUSD
0	16:20:25.450	trend_dtrader XRPUSD,H1: Alert: Failed ALGOUSD
0	16:20:42.477	trend_dtrader XRPUSD,H1: Alert: Failed ALGOUSD
0	16:20:59.480	trend_dtrader XRPUSD,H1: Alert: Failed ALGOUSD
0	16:21:16.507	trend_dtrader XRPUSD,H1: Alert: Failed ALGOUSD
0	16:21:33.889	trend_dtrader XRPUSD,H1: Alert: Failed ALGOUSD
0	16:21:50.476	trend_dtrader XRPUSD,H1: Alert: Failed ALGOUSD
0	16:22:07.601	trend_dtrader XRPUSD,H1: Alert: Failed ALGOUSD
0	16:22:24.527	trend_dtrader XRPUSD,H1: Alert: Failed ALGOUSD
0	16:22:41.506	trend_dtrader XRPUSD,H1: Alert: Failed ALGOUSD
0	16:22:58.498	trend_dtrader XRPUSD,H1: Alert: Failed ALGOUSD
0	16:23:15.613	trend_dtrader XRPUSD,H1: Alert: Failed ALGOUSD
0	16:23:32.818	trend_dtrader XRPUSD,H1: Alert: Failed ALGOUSD
0	16:23:49.550	trend_dtrader XRPUSD,H1: Alert: Failed ALGOUSD
0	16:24:06.546	trend_dtrader XRPUSD,H1: Alert: Failed ALGOUSD
0	16:24:23.460	trend_dtrader XRPUSD,H1: Alert: Failed ALGOUSD
0	16:24:40.559	trend_dtrader XRPUSD,H1: Alert: Failed ALGOUSD
0	16:24:57.623	trend_dtrader XRPUSD,H1: Alert: Failed ALGOUSD
0	16:25:14.532	trend_dtrader XRPUSD,H1: Alert: Failed ALGOUSD
0	16:25:31.761	trend_dtrader XRPUSD,H1: Alert: Failed ALGOUSD
0	16:25:48.511	trend_dtrader XRPUSD,H1: Alert: Failed ALGOUSD
0	16:26:05.542	trend_dtrader XRPUSD,H1: Alert: Failed ALGOUSD
0	16:26:22.487	trend_dtrader XRPUSD,H1: Alert: Failed ALGOUSD
0	16:26:39.542	trend_dtrader XRPUSD,H1: Alert: Failed ALGOUSD
0	16:26:56.501	trend_dtrader XRPUSD,H1: Alert: Failed ALGOUSD
0	16:27:13.634	trend_dtrader XRPUSD,H1: Alert: Failed ALGOUSD
0	16:27:30.506	trend_dtrader XRPUSD,H1: Alert: Failed ALGOUSD
0	16:27:47.497	trend_dtrader XRPUSD,H1: Alert: Failed ALGOUSD
0	16:28:04.540	trend_dtrader XRPUSD,H1: Alert: Failed ALGOUSD
0	16:28:21.476	trend_dtrader XRPUSD,H1: Alert: Failed ALGOUSD
0	16:28:38.542	trend_dtrader XRPUSD,H1: Alert: Failed ALGOUSD
0	16:28:55.476	trend_dtrader XRPUSD,H1: Alert: Failed ALGOUSD
0	16:29:12.592	trend_dtrader XRPUSD,H1: Alert: Failed ALGOUSD
0	16:29:29.522	trend_dtrader XRPUSD,H1: Alert: Failed ALGOUSD
0	16:29:46.483	trend_dtrader XRPUSD,H1: Alert: Failed ALGOUSD
0	16:30:03.547	trend_dtrader XRPUSD,H1: Alert: Failed ALGOUSD
0	16:30:20.543	trend_dtrader XRPUSD,H1: Alert: Failed ALGOUSD
0	16:30:37.538	trend_dtrader XRPUSD,H1: Alert: Failed ALGOUSD
0	16:30:54.549	trend_dtrader XRPUSD,H1: Alert: Failed ALGOUSD
0	16:31:11.472	trend_dtrader XRPUSD,H1: Alert: Failed ALGOUSD
0	16:31:28.493	trend_dtrader XRPUSD,H1: Alert: Failed ALGOUSD
0	16:31:45.481	trend_dtrader XRPUSD,H1: Alert: Failed ALGOUSD
0	16:32:02.461	trend_dtrader XRPUSD,H1: Alert: Failed ALGOUSD
0	16:32:19.463	trend_dtrader XRPUSD,H1: Alert: Failed ALGOUSD
0	16:32:36.542	trend_dtrader XRPUSD,H1: Alert: Failed ALGOUSD
0	16:32:53.479	trend_dtrader XRPUSD,H1: Alert: Failed ALGOUSD
0	16:33:10.742	trend_dtrader XRPUSD,H1: Alert: Failed ALGOUSD
0	16:33:27.481	trend_dtrader XRPUSD,H1: Alert: Failed ALGOUSD
0	16:33:44.529	trend_dtrader XRPUSD,H1: Alert: Failed ALGOUSD
0	16:34:01.557	trend_dtrader XRPUSD,H1: Alert: Failed ALGOUSD
0	16:34:18.453	trend_dtrader XRPUSD,H1: Alert: Failed ALGOUSD
0	16:34:35.465	trend_dtrader XRPUSD,H1: Alert: Failed ALGOUSD
0	16:34:52.838	trend_dtrader XRPUSD,H1: Alert: Failed ALGOUSD
0	16:35:09.523	trend_dtrader XRPUSD,H1: Alert: Failed ALGOUSD
0	16:35:26.540	trend_dtrader XRPUSD,H1: Alert: Failed ALGOUSD
0	16:35:43.726	trend_dtrader XRPUSD,H1: Alert: Failed ALGOUSD
0	16:36:00.469	trend_dtrader XRPUSD,H1: Alert: Failed ALGOUSD
0	16:36:17.496	trend_dtrader XRPUSD,H1: Alert: Failed ALGOUSD
0	16:36:34.454	trend_dtrader XRPUSD,H1: Alert: Failed ALGOUSD
0	16:36:51.473	trend_dtrader XRPUSD,H1: Alert: Failed ALGOUSD
0	16:37:08.460	trend_dtrader XRPUSD,H1: Alert: Failed ALGOUSD
0	16:37:25.485	trend_dtrader XRPUSD,H1: Alert: Failed ALGOUSD
0	16:37:42.486	trend_dtrader XRPUSD,H1: Alert: Failed ALGOUSD
0	16:37:59.483	trend_dtrader XRPUSD,H1: Alert: Failed ALGOUSD
0	16:38:16.499	trend_dtrader XRPUSD,H1: Alert: Failed ALGOUSD
0	16:38:33.471	trend_dtrader XRPUSD,H1: Alert: Failed ALGOUSD
0	16:38:50.473	trend_dtrader XRPUSD,H1: Alert: Failed ALGOUSD
0	16:39:07.482	trend_dtrader XRPUSD,H1: Alert: Failed ALGOUSD
0	16:39:24.598	trend_dtrader XRPUSD,H1: Alert: Failed ALGOUSD
0	16:39:41.485	trend_dtrader XRPUSD,H1: Alert: Failed ALGOUSD
0	16:39:58.495	trend_dtrader XRPUSD,H1: Alert: Failed ALGOUSD
0	16:40:15.493	trend_dtrader XRPUSD,H1: Alert: Failed ALGOUSD
0	16:40:32.484	trend_dtrader XRPUSD,H1: Alert: Failed ALGOUSD
0	16:40:49.467	trend_dtrader XRPUSD,H1: Alert: Failed ALGOUSD
0	16:41:06.758	trend_dtrader XRPUSD,H1: Alert: Failed ALGOUSD
0	16:41:23.788	trend_dtrader XRPUSD,H1: Alert: Failed ALGOUSD
0	16:41:40.436	trend_dtrader XRPUSD,H1: Alert: Failed ALGOUSD
0	16:41:57.465	trend_dtrader XRPUSD,H1: Alert: Failed ALGOUSD
0	16:42:14.523	trend_dtrader XRPUSD,H1: Alert: Failed ALGOUSD
0	16:42:31.515	trend_dtrader XRPUSD,H1: Alert: Failed ALGOUSD
0	16:42:48.521	trend_dtrader XRPUSD,H1: Alert: Failed ALGOUSD
0	16:43:05.483	trend_dtrader XRPUSD,H1: Alert: Failed ALGOUSD
0	16:43:22.480	trend_dtrader XRPUSD,H1: Alert: Failed ALGOUSD
0	16:43:39.644	trend_dtrader XRPUSD,H1: Alert: Failed ALGOUSD
0	16:43:56.536	trend_dtrader XRPUSD,H1: Alert: Failed ALGOUSD
0	16:44:13.474	trend_dtrader XRPUSD,H1: Alert: Failed ALGOUSD
0	16:44:30.497	trend_dtrader XRPUSD,H1: Alert: Failed ALGOUSD
0	16:44:47.468	trend_dtrader XRPUSD,H1: Alert: Failed ALGOUSD
0	16:45:04.499	trend_dtrader XRPUSD,H1: Alert: Failed ALGOUSD
0	16:45:21.474	trend_dtrader XRPUSD,H1: Alert: Failed ALGOUSD
0	16:45:38.449	trend_dtrader XRPUSD,H1: Alert: Failed ALGOUSD
0	16:45:55.496	trend_dtrader XRPUSD,H1: Alert: Failed ALGOUSD
0	16:46:13.468	trend_dtrader XRPUSD,H1: Alert: Failed ALGOUSD
0	16:46:31.505	trend_dtrader XRPUSD,H1: Alert: Failed ALGOUSD
0	16:46:48.464	trend_dtrader XRPUSD,H1: Alert: Failed ALGOUSD
0	16:47:05.483	trend_dtrader XRPUSD,H1: Alert: Failed ALGOUSD
0	16:47:22.473	trend_dtrader XRPUSD,H1: Alert: Failed ALGOUSD
0	16:47:39.499	trend_dtrader XRPUSD,H1: Alert: Failed ALGOUSD
0	16:47:56.898	trend_dtrader XRPUSD,H1: Alert: Failed ALGOUSD
0	16:48:13.928	trend_dtrader XRPUSD,H1: Alert: Failed ALGOUSD
0	16:48:30.464	trend_dtrader XRPUSD,H1: Alert: Failed ALGOUSD
0	16:48:47.555	trend_dtrader XRPUSD,H1: Alert: Failed ALGOUSD
0	16:49:04.551	trend_dtrader XRPUSD,H1: Alert: Failed ALGOUSD
0	16:49:21.470	trend_dtrader XRPUSD,H1: Alert: Failed ALGOUSD
0	16:49:38.749	trend_dtrader XRPUSD,H1: Alert: Failed ALGOUSD
0	16:49:57.484	trend_dtrader XRPUSD,H1: Alert: Failed ALGOUSD
0	16:50:14.634	trend_dtrader XRPUSD,H1: Alert: Failed ALGOUSD
0	16:50:31.466	trend_dtrader XRPUSD,H1: Alert: Failed ALGOUSD
0	16:50:48.513	trend_dtrader XRPUSD,H1: Alert: Failed ALGOUSD
0	16:51:06.491	trend_dtrader XRPUSD,H1: Alert: Failed ALGOUSD
0	16:51:24.505	trend_dtrader XRPUSD,H1: Alert: Failed ALGOUSD
0	16:51:41.499	trend_dtrader XRPUSD,H1: Alert: Failed ALGOUSD
0	16:51:58.497	trend_dtrader XRPUSD,H1: Alert: Failed ALGOUSD
0	16:52:15.531	trend_dtrader XRPUSD,H1: Alert: Failed ALGOUSD
0	16:52:32.594	trend_dtrader XRPUSD,H1: Alert: Failed ALGOUSD
0	16:52:49.545	trend_dtrader XRPUSD,H1: Alert: Failed ALGOUSD
0	16:53:06.509	trend_dtrader XRPUSD,H1: Alert: Failed ALGOUSD
0	16:53:23.479	trend_dtrader XRPUSD,H1: Alert: Failed ALGOUSD
0	16:53:40.610	trend_dtrader XRPUSD,H1: Alert: Failed ALGOUSD
0	16:53:57.500	trend_dtrader XRPUSD,H1: Alert: Failed ALGOUSD
0	16:54:14.512	trend_dtrader XRPUSD,H1: Alert: Failed ALGOUSD
0	16:54:31.499	trend_dtrader XRPUSD,H1: Alert: Failed ALGOUSD
0	16:54:48.516	trend_dtrader XRPUSD,H1: Alert: Failed ALGOUSD
0	16:55:05.435	trend_dtrader XRPUSD,H1: Alert: Failed ALGOUSD
0	16:55:22.472	trend_dtrader XRPUSD,H1: Alert: Failed ALGOUSD
0	16:55:39.491	trend_dtrader XRPUSD,H1: Alert: Failed ALGOUSD
0	16:55:57.583	trend_dtrader XRPUSD,H1: Alert: Failed ALGOUSD
0	16:56:15.322	trend_dtrader XRPUSD,H1: Alert: Failed ALGOUSD
0	16:56:31.596	trend_dtrader XRPUSD,H1: Alert: Failed ALGOUSD
0	16:56:48.638	trend_dtrader XRPUSD,H1: Alert: Failed ALGOUSD
0	16:57:05.505	trend_dtrader XRPUSD,H1: Alert: Failed ALGOUSD
0	16:57:22.484	trend_dtrader XRPUSD,H1: Alert: Failed ALGOUSD
0	16:57:44.905	trend_dtrader XRPUSD,H1: Alert: Failed ALGOUSD
0	16:58:02.555	trend_dtrader XRPUSD,H1: Alert: Failed ALGOUSD
0	16:58:19.542	trend_dtrader XRPUSD,H1: Alert: Failed ALGOUSD
0	16:58:36.501	trend_dtrader XRPUSD,H1: Alert: Failed ALGOUSD
0	16:58:53.512	trend_dtrader XRPUSD,H1: Alert: Failed ALGOUSD
0	16:59:10.779	trend_dtrader XRPUSD,H1: Alert: Failed ALGOUSD
0	16:59:27.529	trend_dtrader XRPUSD,H1: Alert: Failed ALGOUSD
0	16:59:44.516	trend_dtrader XRPUSD,H1: Alert: Failed ALGOUSD
0	17:00:01.498	trend_dtrader XRPUSD,H1: Alert: Failed ALGOUSD
0	17:00:18.628	trend_dtrader XRPUSD,H1: Alert: Failed ALGOUSD
0	17:00:35.496	trend_dtrader XRPUSD,H1: Alert: Failed ALGOUSD
0	17:00:52.738	trend_dtrader XRPUSD,H1: Alert: Failed ALGOUSD
0	17:01:09.577	trend_dtrader XRPUSD,H1: Alert: Failed ALGOUSD
0	17:01:26.610	trend_dtrader XRPUSD,H1: Alert: Failed ALGOUSD
0	17:01:43.686	trend_dtrader XRPUSD,H1: Alert: Failed ALGOUSD
0	17:02:00.612	trend_dtrader XRPUSD,H1: Alert: Failed ALGOUSD
0	17:02:17.745	trend_dtrader XRPUSD,H1: Alert: Failed ALGOUSD
0	17:02:34.555	trend_dtrader XRPUSD,H1: Alert: Failed ALGOUSD
0	17:02:51.534	trend_dtrader XRPUSD,H1: Alert: Failed ALGOUSD
0	17:03:08.748	trend_dtrader XRPUSD,H1: Alert: Failed ALGOUSD
0	17:03:25.593	trend_dtrader XRPUSD,H1: Alert: Failed ALGOUSD
0	17:03:42.498	trend_dtrader XRPUSD,H1: Alert: Failed ALGOUSD
0	17:04:00.087	trend_dtrader XRPUSD,H1: Alert: Failed ALGOUSD
0	17:04:16.907	trend_dtrader XRPUSD,H1: Alert: Failed ALGOUSD
0	17:04:33.716	trend_dtrader XRPUSD,H1: Alert: Failed ALGOUSD
0	17:04:53.977	trend_dtrader XRPUSD,H1: Alert: Failed ALGOUSD
0	17:05:09.515	trend_dtrader XRPUSD,H1: Alert: Failed ALGOUSD
0	17:05:26.538	trend_dtrader XRPUSD,H1: Alert: Failed ALGOUSD
0	17:05:43.783	trend_dtrader XRPUSD,H1: Alert: Failed ALGOUSD
0	17:06:00.566	trend_dtrader XRPUSD,H1: Alert: Failed ALGOUSD
0	17:06:17.807	trend_dtrader XRPUSD,H1: Alert: Failed ALGOUSD
0	17:06:35.057	trend_dtrader XRPUSD,H1: Alert: Failed ALGOUSD
0	17:06:51.639	trend_dtrader XRPUSD,H1: Alert: Failed ALGOUSD
0	17:07:08.931	trend_dtrader XRPUSD,H1: Alert: Failed ALGOUSD
0	17:07:26.144	trend_dtrader XRPUSD,H1: Alert: Failed ALGOUSD
0	17:07:42.756	trend_dtrader XRPUSD,H1: Alert: Failed ALGOUSD
0	17:07:59.564	trend_dtrader XRPUSD,H1: Alert: Failed ALGOUSD
0	17:08:16.578	trend_dtrader XRPUSD,H1: Alert: Failed ALGOUSD
0	17:08:33.486	trend_dtrader XRPUSD,H1: Alert: Failed ALGOUSD
0	17:08:50.631	trend_dtrader XRPUSD,H1: Alert: Failed ALGOUSD
0	17:09:07.607	trend_dtrader XRPUSD,H1: Alert: Failed ALGOUSD
0	17:09:25.000	trend_dtrader XRPUSD,H1: Alert: Failed ALGOUSD
0	17:09:41.539	trend_dtrader XRPUSD,H1: Alert: Failed ALGOUSD
0	17:09:58.551	trend_dtrader XRPUSD,H1: Alert: Failed ALGOUSD
0	17:10:16.051	trend_dtrader XRPUSD,H1: Alert: Failed ALGOUSD
0	17:10:32.535	trend_dtrader XRPUSD,H1: Alert: Failed ALGOUSD
0	17:10:49.518	trend_dtrader XRPUSD,H1: Alert: Failed ALGOUSD
0	17:11:06.594	trend_dtrader XRPUSD,H1: Alert: Failed ALGOUSD
0	17:11:23.488	trend_dtrader XRPUSD,H1: Alert: Failed ALGOUSD
0	17:11:40.535	trend_dtrader XRPUSD,H1: Alert: Failed ALGOUSD
0	17:11:57.538	trend_dtrader XRPUSD,H1: Alert: Failed ALGOUSD
0	17:12:14.591	trend_dtrader XRPUSD,H1: Alert: Failed ALGOUSD
0	17:12:31.487	trend_dtrader XRPUSD,H1: Alert: Failed ALGOUSD
0	17:12:50.713	trend_dtrader XRPUSD,H1: Alert: Failed ALGOUSD
0	17:13:07.573	trend_dtrader XRPUSD,H1: Alert: Failed ALGOUSD
0	17:13:24.561	trend_dtrader XRPUSD,H1: Alert: Failed ALGOUSD
0	17:13:41.705	trend_dtrader XRPUSD,H1: Alert: Failed ALGOUSD
0	17:13:58.788	trend_dtrader XRPUSD,H1: Alert: Failed ALGOUSD
0	17:14:15.547	trend_dtrader XRPUSD,H1: Alert: Failed ALGOUSD
0	17:14:32.562	trend_dtrader XRPUSD,H1: Alert: Failed ALGOUSD
0	17:14:49.505	trend_dtrader XRPUSD,H1: Alert: Failed ALGOUSD
0	17:15:06.661	trend_dtrader XRPUSD,H1: Alert: Failed ALGOUSD
0	17:15:23.517	trend_dtrader XRPUSD,H1: Alert: Failed ALGOUSD
0	17:15:40.583	trend_dtrader XRPUSD,H1: Alert: Failed ALGOUSD
0	17:15:57.503	trend_dtrader XRPUSD,H1: Alert: Failed ALGOUSD
0	17:16:15.817	trend_dtrader XRPUSD,H1: Alert: Failed ALGOUSD
0	17:16:31.586	trend_dtrader XRPUSD,H1: Alert: Failed ALGOUSD
0	17:16:48.534	trend_dtrader XRPUSD,H1: Alert: Failed ALGOUSD
0	17:17:05.950	trend_dtrader XRPUSD,H1: Alert: Failed ALGOUSD
0	17:17:23.130	trend_dtrader XRPUSD,H1: Alert: Failed ALGOUSD
0	17:17:39.572	trend_dtrader XRPUSD,H1: Alert: Failed ALGOUSD
0	17:17:56.866	trend_dtrader XRPUSD,H1: Alert: Failed ALGOUSD
0	17:18:14.322	trend_dtrader XRPUSD,H1: Alert: Failed ALGOUSD
0	17:18:30.817	trend_dtrader XRPUSD,H1: Alert: Failed ALGOUSD
0	17:18:47.506	trend_dtrader XRPUSD,H1: Alert: Failed ALGOUSD
0	17:19:05.963	trend_dtrader XRPUSD,H1: Alert: Failed ALGOUSD
0	17:19:26.850	trend_dtrader XRPUSD,H1: Alert: Failed ALGOUSD
0	17:19:42.571	trend_dtrader XRPUSD,H1: Alert: Failed ALGOUSD
0	17:19:59.554	trend_dtrader XRPUSD,H1: Alert: Failed ALGOUSD
0	17:20:16.715	trend_dtrader XRPUSD,H1: Alert: Failed ALGOUSD
0	17:20:35.011	trend_dtrader XRPUSD,H1: Alert: Failed ALGOUSD
0	17:20:52.534	trend_dtrader XRPUSD,H1: Alert: Failed ALGOUSD
0	17:21:09.750	trend_dtrader XRPUSD,H1: Alert: Failed ALGOUSD
0	17:21:27.778	trend_dtrader XRPUSD,H1: Alert: Failed ALGOUSD
0	17:21:45.636	trend_dtrader XRPUSD,H1: Alert: Failed ALGOUSD
0	17:22:02.601	trend_dtrader XRPUSD,H1: Alert: Failed ALGOUSD
0	17:22:20.555	trend_dtrader XRPUSD,H1: Alert: Failed ALGOUSD
0	17:22:41.074	trend_dtrader XRPUSD,H1: Alert: Failed ALGOUSD
0	17:23:02.071	trend_dtrader XRPUSD,H1: Alert: Failed ALGOUSD
0	17:23:18.693	trend_dtrader XRPUSD,H1: Alert: Failed ALGOUSD
0	17:23:35.614	trend_dtrader XRPUSD,H1: Alert: Failed ALGOUSD
0	17:23:53.032	trend_dtrader XRPUSD,H1: Alert: Failed ALGOUSD
0	17:27:16.536	trend_dtrader XRPUSD,H1: Alert: Failed ALGOUSD
0	17:27:35.189	trend_dtrader XRPUSD,H1: Alert: Failed ALGOUSD
0	17:27:52.819	trend_dtrader XRPUSD,H1: Alert: Failed ALGOUSD
0	17:28:09.598	trend_dtrader XRPUSD,H1: Alert: Failed ALGOUSD
0	17:28:29.717	trend_dtrader XRPUSD,H1: Alert: Failed ALGOUSD
0	17:28:46.722	trend_dtrader XRPUSD,H1: Alert: Failed ALGOUSD
0	17:29:03.847	trend_dtrader XRPUSD,H1: Alert: Failed ALGOUSD
0	17:29:20.701	trend_dtrader XRPUSD,H1: Alert: Failed ALGOUSD
0	17:29:54.642	trend_dtrader XRPUSD,H1: Alert: Failed ALGOUSD
0	17:30:11.610	trend_dtrader XRPUSD,H1: Alert: Failed ALGOUSD
0	17:30:28.819	trend_dtrader XRPUSD,H1: Alert: Failed ALGOUSD
0	17:31:20.876	trend_dtrader XRPUSD,H1: Alert: Failed ALGOUSD
0	17:31:39.768	trend_dtrader XRPUSD,H1: Alert: Failed ALGOUSD
0	17:31:56.722	trend_dtrader XRPUSD,H1: Alert: Failed ALGOUSD
0	17:32:15.047	trend_dtrader XRPUSD,H1: Alert: Failed ALGOUSD
0	17:32:31.725	trend_dtrader XRPUSD,H1: Alert: Failed ALGOUSD
0	17:32:51.640	trend_dtrader XRPUSD,H1: Alert: Failed ALGOUSD
0	17:33:15.885	trend_dtrader XRPUSD,H1: Alert: Failed ALGOUSD
0	17:33:34.207	trend_dtrader XRPUSD,H1: Alert: Failed ALGOUSD
0	17:33:50.734	trend_dtrader XRPUSD,H1: Alert: Failed ALGOUSD
0	17:34:08.582	trend_dtrader XRPUSD,H1: Alert: Failed ALGOUSD
0	17:34:25.560	trend_dtrader XRPUSD,H1: Alert: Failed ALGOUSD
0	17:34:42.572	trend_dtrader XRPUSD,H1: Alert: Failed ALGOUSD
0	17:34:59.517	trend_dtrader XRPUSD,H1: Alert: Failed ALGOUSD
0	17:35:17.562	trend_dtrader XRPUSD,H1: Alert: Failed ALGOUSD
0	17:35:34.574	trend_dtrader XRPUSD,H1: Alert: Failed ALGOUSD
0	17:35:51.502	trend_dtrader XRPUSD,H1: Alert: Failed ALGOUSD
0	17:36:08.964	trend_dtrader XRPUSD,H1: Alert: Failed ALGOUSD
0	17:36:25.962	trend_dtrader XRPUSD,H1: Alert: Failed ALGOUSD
0	17:36:42.534	trend_dtrader XRPUSD,H1: Alert: Failed ALGOUSD
0	17:36:59.532	trend_dtrader XRPUSD,H1: Alert: Failed ALGOUSD
0	17:37:19.602	trend_dtrader XRPUSD,H1: Alert: Failed ALGOUSD
0	17:37:36.554	trend_dtrader XRPUSD,H1: Alert: Failed ALGOUSD
0	17:37:53.604	trend_dtrader XRPUSD,H1: Alert: Failed ALGOUSD
0	17:38:10.533	trend_dtrader XRPUSD,H1: Alert: Failed ALGOUSD
0	17:38:27.569	trend_dtrader XRPUSD,H1: Alert: Failed ALGOUSD
0	17:38:44.624	trend_dtrader XRPUSD,H1: Alert: Failed ALGOUSD
0	17:39:01.659	trend_dtrader XRPUSD,H1: Alert: Failed ALGOUSD
0	17:39:18.571	trend_dtrader XRPUSD,H1: Alert: Failed ALGOUSD
0	17:39:35.804	trend_dtrader XRPUSD,H1: Alert: Failed ALGOUSD
0	17:39:52.529	trend_dtrader XRPUSD,H1: Alert: Failed ALGOUSD
0	17:40:09.590	trend_dtrader XRPUSD,H1: Alert: Failed ALGOUSD
0	17:40:26.723	trend_dtrader XRPUSD,H1: Alert: Failed ALGOUSD
0	17:41:17.560	trend_dtrader XRPUSD,H1: Alert: Failed ALGOUSD
0	17:41:34.600	trend_dtrader XRPUSD,H1: Alert: Failed ALGOUSD
0	17:41:51.525	trend_dtrader XRPUSD,H1: Alert: Failed ALGOUSD
0	17:42:08.951	trend_dtrader XRPUSD,H1: Alert: Failed ALGOUSD
0	17:42:25.590	trend_dtrader XRPUSD,H1: Alert: Failed ALGOUSD
0	17:42:42.560	trend_dtrader XRPUSD,H1: Alert: Failed ALGOUSD
0	17:42:59.526	trend_dtrader XRPUSD,H1: Alert: Failed ALGOUSD
0	17:43:16.513	trend_dtrader XRPUSD,H1: Alert: Failed ALGOUSD
0	17:43:33.657	trend_dtrader XRPUSD,H1: Alert: Failed ALGOUSD
0	17:43:50.593	trend_dtrader XRPUSD,H1: Alert: Failed ALGOUSD
0	17:44:07.748	trend_dtrader XRPUSD,H1: Alert: Failed ALGOUSD
0	17:44:24.594	trend_dtrader XRPUSD,H1: Alert: Failed ALGOUSD
0	17:44:41.532	trend_dtrader XRPUSD,H1: Alert: Failed ALGOUSD
0	17:44:59.320	trend_dtrader XRPUSD,H1: Alert: Failed ALGOUSD
0	17:45:15.525	trend_dtrader XRPUSD,H1: Alert: Failed ALGOUSD
0	17:45:32.709	trend_dtrader XRPUSD,H1: Alert: Failed ALGOUSD
0	17:45:49.561	trend_dtrader XRPUSD,H1: Alert: Failed ALGOUSD
0	17:46:07.127	trend_dtrader XRPUSD,H1: Alert: Failed ALGOUSD
0	17:46:23.524	trend_dtrader XRPUSD,H1: Alert: Failed ALGOUSD
0	17:46:53.581	trend_dtrader XRPUSD,H1: Alert: Failed ALGOUSD
0	17:47:10.670	trend_dtrader XRPUSD,H1: Alert: Failed ALGOUSD
0	17:47:27.557	trend_dtrader XRPUSD,H1: Alert: Failed ALGOUSD
0	17:47:44.571	trend_dtrader XRPUSD,H1: Alert: Failed ALGOUSD
0	17:48:01.554	trend_dtrader XRPUSD,H1: Alert: Failed ALGOUSD
0	17:48:18.542	trend_dtrader XRPUSD,H1: Alert: Failed ALGOUSD
0	17:48:35.524	trend_dtrader XRPUSD,H1: Alert: Failed ALGOUSD
0	17:48:52.611	trend_dtrader XRPUSD,H1: Alert: Failed ALGOUSD
0	17:49:09.547	trend_dtrader XRPUSD,H1: Alert: Failed ALGOUSD
0	17:49:26.560	trend_dtrader XRPUSD,H1: Alert: Failed ALGOUSD
0	17:49:43.647	trend_dtrader XRPUSD,H1: Alert: Failed ALGOUSD
0	17:50:01.851	trend_dtrader XRPUSD,H1: Alert: Failed ALGOUSD
0	17:50:17.629	trend_dtrader XRPUSD,H1: Alert: Failed ALGOUSD
0	17:50:34.668	trend_dtrader XRPUSD,H1: Alert: Failed ALGOUSD
0	17:50:51.571	trend_dtrader XRPUSD,H1: Alert: Failed ALGOUSD
0	17:51:08.656	trend_dtrader XRPUSD,H1: Alert: Failed ALGOUSD
0	17:51:25.641	trend_dtrader XRPUSD,H1: Alert: Failed ALGOUSD
0	17:51:42.589	trend_dtrader XRPUSD,H1: Alert: Failed ALGOUSD
0	17:51:59.688	trend_dtrader XRPUSD,H1: Alert: Failed ALGOUSD
0	17:52:16.584	trend_dtrader XRPUSD,H1: Alert: Failed ALGOUSD
0	18:01:03.565	trend_dtrader XRPUSD,H1: Alert: Failed ALGOUSD
0	18:01:38.416	trend_dtrader XRPUSD,H1: Alert: Failed ALGOUSD
0	18:01:55.588	trend_dtrader XRPUSD,H1: Alert: Failed ALGOUSD
0	18:02:12.592	trend_dtrader XRPUSD,H1: Alert: Failed ALGOUSD
0	18:04:11.597	trend_dtrader XRPUSD,H1: Alert: Failed ALGOUSD
0	18:04:45.537	trend_dtrader XRPUSD,H1: Alert: Failed ALGOUSD
0	18:05:02.514	trend_dtrader XRPUSD,H1: Alert: Failed ALGOUSD
0	18:08:15.698	trend_dtrader XRPUSD,H1: Alert: Please check your internet connection
0	18:08:16.262	trend_dtrader XRPUSD,H1: Alert: Please check your internet connection
0	18:08:17.259	trend_dtrader XRPUSD,H1: Alert: Please check your internet connection
0	18:08:18.257	trend_dtrader XRPUSD,H1: Alert: Please check your internet connection
0	18:08:19.255	trend_dtrader XRPUSD,H1: Alert: Please check your internet connection
0	18:08:20.255	trend_dtrader XRPUSD,H1: Alert: Please check your internet connection
0	18:08:21.254	trend_dtrader XRPUSD,H1: Alert: Please check your internet connection
0	18:08:22.252	trend_dtrader XRPUSD,H1: Alert: Please check your internet connection
0	18:38:42.533	trend_dtrader XRPUSD,H1: Alert: Failed ALGOUSD
0	18:38:59.531	trend_dtrader XRPUSD,H1: Alert: Failed ALGOUSD
0	18:39:16.715	trend_dtrader XRPUSD,H1: Alert: Failed ALGOUSD
0	18:39:33.497	trend_dtrader XRPUSD,H1: Alert: Failed ALGOUSD
0	18:39:50.529	trend_dtrader XRPUSD,H1: Alert: Failed ALGOUSD
0	18:40:08.501	trend_dtrader XRPUSD,H1: Alert: Failed ALGOUSD
0	18:40:42.450	trend_dtrader XRPUSD,H1: Alert: Failed ALGOUSD
0	18:40:59.522	trend_dtrader XRPUSD,H1: Alert: Failed ALGOUSD
0	18:41:16.669	trend_dtrader XRPUSD,H1: Alert: Failed ALGOUSD
0	18:41:33.496	trend_dtrader XRPUSD,H1: Alert: Failed ALGOUSD
0	18:41:50.543	trend_dtrader XRPUSD,H1: Alert: Failed ALGOUSD
0	18:42:07.699	trend_dtrader XRPUSD,H1: Alert: Failed ALGOUSD
0	18:42:24.730	trend_dtrader XRPUSD,H1: Alert: Failed ALGOUSD
0	18:42:41.680	trend_dtrader XRPUSD,H1: Alert: Failed ALGOUSD
0	18:42:58.489	trend_dtrader XRPUSD,H1: Alert: Failed ALGOUSD
0	18:43:15.498	trend_dtrader XRPUSD,H1: Alert: Failed ALGOUSD
0	18:43:32.513	trend_dtrader XRPUSD,H1: Alert: Failed ALGOUSD
0	18:43:49.487	trend_dtrader XRPUSD,H1: Alert: Failed ALGOUSD
0	18:44:06.495	trend_dtrader XRPUSD,H1: Alert: Failed ALGOUSD
0	18:44:23.479	trend_dtrader XRPUSD,H1: Alert: Failed ALGOUSD
0	18:44:40.512	trend_dtrader XRPUSD,H1: Alert: Failed ALGOUSD
0	18:44:57.484	trend_dtrader XRPUSD,H1: Alert: Failed ALGOUSD
0	18:45:14.502	trend_dtrader XRPUSD,H1: Alert: Failed ALGOUSD
0	18:45:31.545	trend_dtrader XRPUSD,H1: Alert: Failed ALGOUSD
0	18:45:48.498	trend_dtrader XRPUSD,H1: Alert: Failed ALGOUSD
0	18:46:05.708	trend_dtrader XRPUSD,H1: Alert: Failed ALGOUSD
0	18:46:22.479	trend_dtrader XRPUSD,H1: Alert: Failed ALGOUSD
0	18:46:39.465	trend_dtrader XRPUSD,H1: Alert: Failed ALGOUSD
0	18:46:56.511	trend_dtrader XRPUSD,H1: Alert: Failed ALGOUSD
0	18:47:13.545	trend_dtrader XRPUSD,H1: Alert: Failed ALGOUSD
0	18:47:30.511	trend_dtrader XRPUSD,H1: Alert: Failed ALGOUSD
0	18:47:47.464	trend_dtrader XRPUSD,H1: Alert: Failed ALGOUSD
0	18:48:04.487	trend_dtrader XRPUSD,H1: Alert: Failed ALGOUSD
0	18:48:21.604	trend_dtrader XRPUSD,H1: Alert: Failed ALGOUSD
0	18:48:38.497	trend_dtrader XRPUSD,H1: Alert: Failed ALGOUSD
0	18:48:55.531	trend_dtrader XRPUSD,H1: Alert: Failed ALGOUSD
0	18:49:12.517	trend_dtrader XRPUSD,H1: Alert: Failed ALGOUSD
0	18:49:29.482	trend_dtrader XRPUSD,H1: Alert: Failed ALGOUSD
0	18:49:46.547	trend_dtrader XRPUSD,H1: Alert: Failed ALGOUSD
0	18:50:03.497	trend_dtrader XRPUSD,H1: Alert: Failed ALGOUSD
0	18:50:20.513	trend_dtrader XRPUSD,H1: Alert: Failed ALGOUSD
0	18:50:37.511	trend_dtrader XRPUSD,H1: Alert: Failed ALGOUSD
0	18:50:54.542	trend_dtrader XRPUSD,H1: Alert: Failed ALGOUSD
0	18:51:11.526	trend_dtrader XRPUSD,H1: Alert: Failed ALGOUSD
0	18:51:28.526	trend_dtrader XRPUSD,H1: Alert: Failed ALGOUSD
0	18:51:45.528	trend_dtrader XRPUSD,H1: Alert: Failed ALGOUSD
0	18:52:02.477	trend_dtrader XRPUSD,H1: Alert: Failed ALGOUSD
0	18:52:19.590	trend_dtrader XRPUSD,H1: Alert: Failed ALGOUSD
0	18:52:36.480	trend_dtrader XRPUSD,H1: Alert: Failed ALGOUSD
0	18:52:53.503	trend_dtrader XRPUSD,H1: Alert: Failed ALGOUSD
0	18:53:10.541	trend_dtrader XRPUSD,H1: Alert: Failed ALGOUSD
0	18:53:27.542	trend_dtrader XRPUSD,H1: Alert: Failed ALGOUSD
0	18:53:44.608	trend_dtrader XRPUSD,H1: Alert: Failed ALGOUSD
0	18:54:01.713	trend_dtrader XRPUSD,H1: Alert: Failed ALGOUSD
0	18:54:18.621	trend_dtrader XRPUSD,H1: Alert: Failed ALGOUSD
0	18:54:35.514	trend_dtrader XRPUSD,H1: Alert: Failed ALGOUSD
0	18:54:52.543	trend_dtrader XRPUSD,H1: Alert: Failed ALGOUSD
0	18:55:09.938	trend_dtrader XRPUSD,H1: Alert: Failed ALGOUSD
0	18:55:26.571	trend_dtrader XRPUSD,H1: Alert: Failed ALGOUSD
0	18:55:43.514	trend_dtrader XRPUSD,H1: Alert: Failed ALGOUSD
0	18:56:00.534	trend_dtrader XRPUSD,H1: Alert: Failed ALGOUSD
0	18:56:17.546	trend_dtrader XRPUSD,H1: Alert: Failed ALGOUSD
0	18:56:34.500	trend_dtrader XRPUSD,H1: Alert: Failed ALGOUSD
0	18:56:51.560	trend_dtrader XRPUSD,H1: Alert: Failed ALGOUSD
0	18:57:08.582	trend_dtrader XRPUSD,H1: Alert: Failed ALGOUSD
0	18:57:25.522	trend_dtrader XRPUSD,H1: Alert: Failed ALGOUSD
0	18:57:42.572	trend_dtrader XRPUSD,H1: Alert: Failed ALGOUSD
0	18:57:59.590	trend_dtrader XRPUSD,H1: Alert: Failed ALGOUSD
0	18:58:16.548	trend_dtrader XRPUSD,H1: Alert: Failed ALGOUSD
0	18:58:33.548	trend_dtrader XRPUSD,H1: Alert: Failed ALGOUSD
0	18:58:50.544	trend_dtrader XRPUSD,H1: Alert: Failed ALGOUSD
0	18:59:07.547	trend_dtrader XRPUSD,H1: Alert: Failed ALGOUSD
0	18:59:24.566	trend_dtrader XRPUSD,H1: Alert: Failed ALGOUSD
0	18:59:41.558	trend_dtrader XRPUSD,H1: Alert: Failed ALGOUSD
0	18:59:58.575	trend_dtrader XRPUSD,H1: Alert: Failed ALGOUSD
0	19:00:15.592	trend_dtrader XRPUSD,H1: Alert: Failed ALGOUSD
0	19:00:33.549	trend_dtrader XRPUSD,H1: Alert: Failed ALGOUSD
0	19:00:50.714	trend_dtrader XRPUSD,H1: Alert: Failed ALGOUSD
0	19:01:07.551	trend_dtrader XRPUSD,H1: Alert: Failed ALGOUSD
0	19:01:24.662	trend_dtrader XRPUSD,H1: Alert: Failed ALGOUSD
0	19:01:41.656	trend_dtrader XRPUSD,H1: Alert: Failed ALGOUSD
0	19:01:58.534	trend_dtrader XRPUSD,H1: Alert: Failed ALGOUSD
0	19:02:15.575	trend_dtrader XRPUSD,H1: Alert: Failed ALGOUSD
0	19:02:32.599	trend_dtrader XRPUSD,H1: Alert: Failed ALGOUSD
0	19:02:49.587	trend_dtrader XRPUSD,H1: Alert: Failed ALGOUSD
0	19:03:06.610	trend_dtrader XRPUSD,H1: Alert: Failed ALGOUSD
0	19:03:23.578	trend_dtrader XRPUSD,H1: Alert: Failed ALGOUSD
0	19:03:40.577	trend_dtrader XRPUSD,H1: Alert: Failed ALGOUSD
0	19:03:57.592	trend_dtrader XRPUSD,H1: Alert: Failed ALGOUSD
0	19:04:14.593	trend_dtrader XRPUSD,H1: Alert: Failed ALGOUSD
0	19:04:31.618	trend_dtrader XRPUSD,H1: Alert: Failed ALGOUSD
0	19:04:48.702	trend_dtrader XRPUSD,H1: Alert: Failed ALGOUSD
0	19:05:05.580	trend_dtrader XRPUSD,H1: Alert: Failed ALGOUSD
0	19:05:22.594	trend_dtrader XRPUSD,H1: Alert: Failed ALGOUSD
0	19:05:39.579	trend_dtrader XRPUSD,H1: Alert: Failed ALGOUSD
0	19:05:56.623	trend_dtrader XRPUSD,H1: Alert: Failed ALGOUSD
0	19:06:13.546	trend_dtrader XRPUSD,H1: Alert: Failed ALGOUSD
0	19:06:30.581	trend_dtrader XRPUSD,H1: Alert: Failed ALGOUSD
0	19:06:47.607	trend_dtrader XRPUSD,H1: Alert: Failed ALGOUSD
0	19:07:04.561	trend_dtrader XRPUSD,H1: Alert: Failed ALGOUSD
0	19:07:21.561	trend_dtrader XRPUSD,H1: Alert: Failed ALGOUSD
0	19:07:38.592	trend_dtrader XRPUSD,H1: Alert: Failed ALGOUSD
0	19:07:55.602	trend_dtrader XRPUSD,H1: Alert: Failed ALGOUSD
0	19:08:12.585	trend_dtrader XRPUSD,H1: Alert: Failed ALGOUSD
0	19:08:29.623	trend_dtrader XRPUSD,H1: Alert: Failed ALGOUSD
0	19:08:46.589	trend_dtrader XRPUSD,H1: Alert: Failed ALGOUSD
0	19:09:03.571	trend_dtrader XRPUSD,H1: Alert: Failed ALGOUSD
0	19:09:20.618	trend_dtrader XRPUSD,H1: Alert: Failed ALGOUSD
0	19:09:37.568	trend_dtrader XRPUSD,H1: Alert: Failed ALGOUSD
0	19:09:54.830	trend_dtrader XRPUSD,H1: Alert: Failed ALGOUSD
0	19:10:13.329	trend_dtrader XRPUSD,H1: Alert: Failed ALGOUSD
0	19:10:28.597	trend_dtrader XRPUSD,H1: Alert: Failed ALGOUSD
0	19:10:45.593	trend_dtrader XRPUSD,H1: Alert: Failed ALGOUSD
0	19:11:02.626	trend_dtrader XRPUSD,H1: Alert: Failed ALGOUSD
0	19:11:19.580	trend_dtrader XRPUSD,H1: Alert: Failed ALGOUSD
0	19:11:36.566	trend_dtrader XRPUSD,H1: Alert: Failed ALGOUSD
0	19:11:53.574	trend_dtrader XRPUSD,H1: Alert: Failed ALGOUSD
0	19:12:10.625	trend_dtrader XRPUSD,H1: Alert: Failed ALGOUSD
0	19:12:27.572	trend_dtrader XRPUSD,H1: Alert: Failed ALGOUSD
0	19:12:44.578	trend_dtrader XRPUSD,H1: Alert: Failed ALGOUSD
0	19:13:01.611	trend_dtrader XRPUSD,H1: Alert: Failed ALGOUSD
0	19:13:18.577	trend_dtrader XRPUSD,H1: Alert: Failed ALGOUSD
0	19:13:35.634	trend_dtrader XRPUSD,H1: Alert: Failed ALGOUSD
0	19:13:52.597	trend_dtrader XRPUSD,H1: Alert: Failed ALGOUSD
0	19:14:09.578	trend_dtrader XRPUSD,H1: Alert: Failed ALGOUSD
0	19:14:26.546	trend_dtrader XRPUSD,H1: Alert: Failed ALGOUSD
0	19:14:43.630	trend_dtrader XRPUSD,H1: Alert: Failed ALGOUSD
0	19:15:00.593	trend_dtrader XRPUSD,H1: Alert: Failed ALGOUSD
0	19:15:17.595	trend_dtrader XRPUSD,H1: Alert: Failed ALGOUSD
0	19:15:34.596	trend_dtrader XRPUSD,H1: Alert: Failed ALGOUSD
0	19:15:51.570	trend_dtrader XRPUSD,H1: Alert: Failed ALGOUSD
0	19:16:08.553	trend_dtrader XRPUSD,H1: Alert: Failed ALGOUSD
0	19:16:25.567	trend_dtrader XRPUSD,H1: Alert: Failed ALGOUSD
0	19:16:42.633	trend_dtrader XRPUSD,H1: Alert: Failed ALGOUSD
0	19:16:59.597	trend_dtrader XRPUSD,H1: Alert: Failed ALGOUSD
0	19:17:16.652	trend_dtrader XRPUSD,H1: Alert: Failed ALGOUSD
0	19:17:33.569	trend_dtrader XRPUSD,H1: Alert: Failed ALGOUSD
0	19:17:50.580	trend_dtrader XRPUSD,H1: Alert: Failed ALGOUSD
0	19:18:07.600	trend_dtrader XRPUSD,H1: Alert: Failed ALGOUSD
0	19:18:24.613	trend_dtrader XRPUSD,H1: Alert: Failed ALGOUSD
0	19:18:41.600	trend_dtrader XRPUSD,H1: Alert: Failed ALGOUSD
0	19:18:58.599	trend_dtrader XRPUSD,H1: Alert: Failed ALGOUSD
0	19:19:15.598	trend_dtrader XRPUSD,H1: Alert: Failed ALGOUSD
0	19:19:32.569	trend_dtrader XRPUSD,H1: Alert: Failed ALGOUSD
0	19:19:49.614	trend_dtrader XRPUSD,H1: Alert: Failed ALGOUSD
0	19:20:06.649	trend_dtrader XRPUSD,H1: Alert: Failed ALGOUSD
0	19:20:23.652	trend_dtrader XRPUSD,H1: Alert: Failed ALGOUSD
0	19:20:40.645	trend_dtrader XRPUSD,H1: Alert: Failed ALGOUSD
0	19:20:57.640	trend_dtrader XRPUSD,H1: Alert: Failed ALGOUSD
0	19:21:14.610	trend_dtrader XRPUSD,H1: Alert: Failed ALGOUSD
0	19:21:31.584	trend_dtrader XRPUSD,H1: Alert: Failed ALGOUSD
0	19:21:48.643	trend_dtrader XRPUSD,H1: Alert: Failed ALGOUSD
0	19:22:05.596	trend_dtrader XRPUSD,H1: Alert: Failed ALGOUSD
0	19:22:22.638	trend_dtrader XRPUSD,H1: Alert: Failed ALGOUSD
0	19:22:39.674	trend_dtrader XRPUSD,H1: Alert: Failed ALGOUSD
0	19:22:56.609	trend_dtrader XRPUSD,H1: Alert: Failed ALGOUSD
0	19:23:13.631	trend_dtrader XRPUSD,H1: Alert: Failed ALGOUSD
0	19:23:30.613	trend_dtrader XRPUSD,H1: Alert: Failed ALGOUSD
0	19:23:47.690	trend_dtrader XRPUSD,H1: Alert: Failed ALGOUSD
0	19:24:04.688	trend_dtrader XRPUSD,H1: Alert: Failed ALGOUSD
0	19:24:21.615	trend_dtrader XRPUSD,H1: Alert: Failed ALGOUSD
0	19:24:39.015	trend_dtrader XRPUSD,H1: Alert: Failed ALGOUSD
0	19:24:56.263	trend_dtrader XRPUSD,H1: Alert: Failed ALGOUSD
0	19:25:12.793	trend_dtrader XRPUSD,H1: Alert: Failed ALGOUSD
0	19:25:29.567	trend_dtrader XRPUSD,H1: Alert: Failed ALGOUSD
0	19:25:46.611	trend_dtrader XRPUSD,H1: Alert: Failed ALGOUSD
0	19:26:03.757	trend_dtrader XRPUSD,H1: Alert: Failed ALGOUSD
0	19:26:20.598	trend_dtrader XRPUSD,H1: Alert: Failed ALGOUSD
0	19:26:37.569	trend_dtrader XRPUSD,H1: Alert: Failed ALGOUSD
0	19:26:54.906	trend_dtrader XRPUSD,H1: Alert: Failed ALGOUSD
0	19:31:38.038	trend_dtrader XRPUSD,H1: Alert: Failed ALGOUSD
0	19:31:50.261	trend_dtrader XRPUSD,H1: Alert: Please check your internet connection
0	19:31:52.262	trend_dtrader XRPUSD,H1: Alert: Please check your internet connection
0	19:31:53.261	trend_dtrader XRPUSD,H1: Alert: Please check your internet connection
0	19:31:54.261	trend_dtrader XRPUSD,H1: Alert: Please check your internet connection
0	19:31:58.041	trend_dtrader XRPUSD,H1: Alert: Failed ALGOUSD
0	19:32:14.748	trend_dtrader XRPUSD,H1: Alert: Failed ALGOUSD
0	19:32:31.493	trend_dtrader XRPUSD,H1: Alert: Failed ALGOUSD
0	19:32:48.605	trend_dtrader XRPUSD,H1: Alert: Failed ALGOUSD
0	19:33:05.563	trend_dtrader XRPUSD,H1: Alert: Failed ALGOUSD
0	19:33:22.536	trend_dtrader XRPUSD,H1: Alert: Failed ALGOUSD
0	19:33:39.535	trend_dtrader XRPUSD,H1: Alert: Failed ALGOUSD
0	19:33:56.520	trend_dtrader XRPUSD,H1: Alert: Failed ALGOUSD
0	19:34:13.614	trend_dtrader XRPUSD,H1: Alert: Failed ALGOUSD
0	19:34:30.750	trend_dtrader XRPUSD,H1: Alert: Failed ALGOUSD
0	19:34:47.521	trend_dtrader XRPUSD,H1: Alert: Failed ALGOUSD
0	19:35:04.542	trend_dtrader XRPUSD,H1: Alert: Failed ALGOUSD
0	19:35:21.502	trend_dtrader XRPUSD,H1: Alert: Failed ALGOUSD
0	19:35:38.671	trend_dtrader XRPUSD,H1: Alert: Failed ALGOUSD
0	19:35:55.573	trend_dtrader XRPUSD,H1: Alert: Failed ALGOUSD
0	19:36:12.485	trend_dtrader XRPUSD,H1: Alert: Failed ALGOUSD
0	19:36:29.525	trend_dtrader XRPUSD,H1: Alert: Failed ALGOUSD
0	19:36:46.496	trend_dtrader XRPUSD,H1: Alert: Failed ALGOUSD
0	19:37:03.545	trend_dtrader XRPUSD,H1: Alert: Failed ALGOUSD
0	19:37:20.537	trend_dtrader XRPUSD,H1: Alert: Failed ALGOUSD
0	19:37:37.474	trend_dtrader XRPUSD,H1: Alert: Failed ALGOUSD
0	19:37:54.539	trend_dtrader XRPUSD,H1: Alert: Failed ALGOUSD
0	19:38:11.492	trend_dtrader XRPUSD,H1: Alert: Failed ALGOUSD
0	19:38:28.859	trend_dtrader XRPUSD,H1: Alert: Failed ALGOUSD
0	19:38:45.534	trend_dtrader XRPUSD,H1: Alert: Failed ALGOUSD
0	19:39:03.142	trend_dtrader XRPUSD,H1: Alert: Failed ALGOUSD
0	19:39:19.662	trend_dtrader XRPUSD,H1: Alert: Failed ALGOUSD
0	19:39:36.503	trend_dtrader XRPUSD,H1: Alert: Failed ALGOUSD
0	19:39:53.558	trend_dtrader XRPUSD,H1: Alert: Failed ALGOUSD
0	19:40:10.608	trend_dtrader XRPUSD,H1: Alert: Failed ALGOUSD
0	19:40:27.544	trend_dtrader XRPUSD,H1: Alert: Failed ALGOUSD
0	19:40:44.868	trend_dtrader XRPUSD,H1: Alert: Failed ALGOUSD
0	19:41:01.546	trend_dtrader XRPUSD,H1: Alert: Failed ALGOUSD
0	19:41:18.707	trend_dtrader XRPUSD,H1: Alert: Failed ALGOUSD
0	19:41:35.578	trend_dtrader XRPUSD,H1: Alert: Failed ALGOUSD
0	19:41:52.961	trend_dtrader XRPUSD,H1: Alert: Failed ALGOUSD
0	19:42:32.182	trend_dtrader XRPUSD,H1: Alert: Failed ALGOUSD
0	19:42:57.658	trend_dtrader XRPUSD,H1: Alert: Failed ALGOUSD
0	19:43:47.577	trend_dtrader XRPUSD,H1: Alert: Failed ALGOUSD
0	19:47:28.557	trend_dtrader XRPUSD,H1: Alert: Failed ALGOUSD
0	19:48:02.688	trend_dtrader XRPUSD,H1: Alert: Failed ALGOUSD
0	19:48:19.548	trend_dtrader XRPUSD,H1: Alert: Failed ALGOUSD
0	19:48:36.549	trend_dtrader XRPUSD,H1: Alert: Failed ALGOUSD
0	19:48:54.478	trend_dtrader XRPUSD,H1: Alert: Failed ALGOUSD
0	19:49:10.560	trend_dtrader XRPUSD,H1: Alert: Failed ALGOUSD
0	19:49:27.589	trend_dtrader XRPUSD,H1: Alert: Failed ALGOUSD
0	19:49:44.621	trend_dtrader XRPUSD,H1: Alert: Failed ALGOUSD
0	19:50:01.567	trend_dtrader XRPUSD,H1: Alert: Failed ALGOUSD
0	19:50:18.612	trend_dtrader XRPUSD,H1: Alert: Failed ALGOUSD
0	19:50:35.587	trend_dtrader XRPUSD,H1: Alert: Failed ALGOUSD
0	19:50:52.586	trend_dtrader XRPUSD,H1: Alert: Failed ALGOUSD
0	19:51:09.736	trend_dtrader XRPUSD,H1: Alert: Failed ALGOUSD
0	19:51:26.538	trend_dtrader XRPUSD,H1: Alert: Failed ALGOUSD
0	19:51:43.562	trend_dtrader XRPUSD,H1: Alert: Failed ALGOUSD
0	19:52:00.638	trend_dtrader XRPUSD,H1: Alert: Failed ALGOUSD
0	19:52:17.582	trend_dtrader XRPUSD,H1: Alert: Failed ALGOUSD
0	19:52:34.572	trend_dtrader XRPUSD,H1: Alert: Failed ALGOUSD
0	19:52:51.573	trend_dtrader XRPUSD,H1: Alert: Failed ALGOUSD
0	19:53:08.826	trend_dtrader XRPUSD,H1: Alert: Failed ALGOUSD
0	19:53:25.514	trend_dtrader XRPUSD,H1: Alert: Failed ALGOUSD
0	19:53:42.576	trend_dtrader XRPUSD,H1: Alert: Failed ALGOUSD
0	19:53:59.622	trend_dtrader XRPUSD,H1: Alert: Failed ALGOUSD
0	19:54:16.516	trend_dtrader XRPUSD,H1: Alert: Failed ALGOUSD
0	19:54:33.546	trend_dtrader XRPUSD,H1: Alert: Failed ALGOUSD
0	19:54:50.602	trend_dtrader XRPUSD,H1: Alert: Failed ALGOUSD
0	19:55:07.566	trend_dtrader XRPUSD,H1: Alert: Failed ALGOUSD
0	19:55:24.589	trend_dtrader XRPUSD,H1: Alert: Failed ALGOUSD
0	19:55:41.598	trend_dtrader XRPUSD,H1: Alert: Failed ALGOUSD
0	19:55:58.582	trend_dtrader XRPUSD,H1: Alert: Failed ALGOUSD
0	19:56:15.545	trend_dtrader XRPUSD,H1: Alert: Failed ALGOUSD
0	19:56:32.731	trend_dtrader XRPUSD,H1: Alert: Failed ALGOUSD
0	19:56:49.545	trend_dtrader XRPUSD,H1: Alert: Failed ALGOUSD
0	19:57:06.581	trend_dtrader XRPUSD,H1: Alert: Failed ALGOUSD
0	19:57:23.566	trend_dtrader XRPUSD,H1: Alert: Failed ALGOUSD
0	19:57:40.613	trend_dtrader XRPUSD,H1: Alert: Failed ALGOUSD
0	19:57:57.604	trend_dtrader XRPUSD,H1: Alert: Failed ALGOUSD
0	19:58:14.631	trend_dtrader XRPUSD,H1: Alert: Failed ALGOUSD
0	19:58:31.604	trend_dtrader XRPUSD,H1: Alert: Failed ALGOUSD
0	19:58:48.611	trend_dtrader XRPUSD,H1: Alert: Failed ALGOUSD
0	19:59:05.768	trend_dtrader XRPUSD,H1: Alert: Failed ALGOUSD
0	19:59:24.760	trend_dtrader XRPUSD,H1: Alert: Failed ALGOUSD
0	19:59:42.685	trend_dtrader XRPUSD,H1: Alert: Failed ALGOUSD
0	19:59:59.592	trend_dtrader XRPUSD,H1: Alert: Failed ALGOUSD
0	20:00:18.637	trend_dtrader XRPUSD,H1: Alert: Failed ALGOUSD
0	20:00:36.062	trend_dtrader XRPUSD,H1: Alert: Failed ALGOUSD
0	20:00:52.611	trend_dtrader XRPUSD,H1: Alert: Failed ALGOUSD
0	20:01:09.563	trend_dtrader XRPUSD,H1: Alert: Failed ALGOUSD
0	20:01:27.005	trend_dtrader XRPUSD,H1: Alert: Failed ALGOUSD
0	20:01:43.841	trend_dtrader XRPUSD,H1: Alert: Failed ALGOUSD
0	20:02:00.581	trend_dtrader XRPUSD,H1: Alert: Failed ALGOUSD
0	20:02:17.590	trend_dtrader XRPUSD,H1: Alert: Failed ALGOUSD
0	20:02:34.601	trend_dtrader XRPUSD,H1: Alert: Failed ALGOUSD
0	20:02:51.677	trend_dtrader XRPUSD,H1: Alert: Failed ALGOUSD
0	20:03:08.580	trend_dtrader XRPUSD,H1: Alert: Failed ALGOUSD
0	20:03:25.577	trend_dtrader XRPUSD,H1: Alert: Failed ALGOUSD
0	20:03:42.625	trend_dtrader XRPUSD,H1: Alert: Failed ALGOUSD
0	20:03:59.605	trend_dtrader XRPUSD,H1: Alert: Failed ALGOUSD
0	20:04:17.097	trend_dtrader XRPUSD,H1: Alert: Failed ALGOUSD
0	20:04:33.617	trend_dtrader XRPUSD,H1: Alert: Failed ALGOUSD
0	20:04:50.662	trend_dtrader XRPUSD,H1: Alert: Failed ALGOUSD
0	20:05:07.574	trend_dtrader XRPUSD,H1: Alert: Failed ALGOUSD
0	20:05:24.585	trend_dtrader XRPUSD,H1: Alert: Failed ALGOUSD
0	20:05:41.566	trend_dtrader XRPUSD,H1: Alert: Failed ALGOUSD
0	20:05:58.592	trend_dtrader XRPUSD,H1: Alert: Failed ALGOUSD
0	20:06:15.635	trend_dtrader XRPUSD,H1: Alert: Failed ALGOUSD
0	20:06:32.680	trend_dtrader XRPUSD,H1: Alert: Failed ALGOUSD
0	20:06:49.590	trend_dtrader XRPUSD,H1: Alert: Failed ALGOUSD
0	20:07:06.634	trend_dtrader XRPUSD,H1: Alert: Failed ALGOUSD
0	20:07:23.607	trend_dtrader XRPUSD,H1: Alert: Failed ALGOUSD
0	20:07:40.639	trend_dtrader XRPUSD,H1: Alert: Failed ALGOUSD
0	20:07:57.637	trend_dtrader XRPUSD,H1: Alert: Failed ALGOUSD
0	20:08:14.592	trend_dtrader XRPUSD,H1: Alert: Failed ALGOUSD
0	20:08:31.586	trend_dtrader XRPUSD,H1: Alert: Failed ALGOUSD
0	20:08:48.622	trend_dtrader XRPUSD,H1: Alert: Failed ALGOUSD
0	20:09:05.716	trend_dtrader XRPUSD,H1: Alert: Failed ALGOUSD
0	20:09:22.647	trend_dtrader XRPUSD,H1: Alert: Failed ALGOUSD
0	20:09:39.641	trend_dtrader XRPUSD,H1: Alert: Failed ALGOUSD
0	20:09:56.637	trend_dtrader XRPUSD,H1: Alert: Failed ALGOUSD
0	20:10:13.606	trend_dtrader XRPUSD,H1: Alert: Failed ALGOUSD
0	20:10:30.594	trend_dtrader XRPUSD,H1: Alert: Failed ALGOUSD
2	20:10:47.659	trend_dtrader XRPUSD,H1: open #469582927 buy 0.20 ALGOUSD at 0.3148 sl: 0.2781 tp: 0.4196 ok
0	20:10:47.659	trend_dtrader XRPUSD,H1: Alert: ALGOUSD Ordered Successfully
0	22:35:49.527	trend_dtrader XRPUSD,H1: Alert: Please check your internet connection
0	22:35:50.526	trend_dtrader XRPUSD,H1: Alert: Please check your internet connection
0	22:42:25.547	trend_dtrader XRPUSD,H1: Alert: Please check your internet connection
0	22:43:23.394	s_and_d TRXUSD,H1: uninit reason 4
0	22:43:23.435	Custom indicator s_and_d TRXUSD,H1: removed
0	22:43:29.509	trend_dtrader XRPUSD,H1: uninit reason 4
0	22:43:29.510	trend_dtrader XRPUSD,H1: Alert: 4
0	22:43:29.668	Expert trend_dtrader XRPUSD,H1: removed
0	22:43:46.595	Expert trend_dtrader XTIUSD,H1: loaded successfully
0	22:43:57.814	trend_dtrader XTIUSD,H1 inputs: mdesc=DBot FX; lot_size=0.3; max_trade=20; 
0	22:43:57.864	trend_dtrader XTIUSD,H1: ADAUSD --> 4
0	22:43:57.866	trend_dtrader XTIUSD,H1: ALGOUSD --> 4
0	22:43:57.870	trend_dtrader XTIUSD,H1: AUDUSD --> 5
0	22:43:57.876	trend_dtrader XTIUSD,H1: DOGEUSD --> 5
0	22:43:57.880	trend_dtrader XTIUSD,H1: EURUSD --> 5
0	22:43:57.881	trend_dtrader XTIUSD,H1: FTMUSD --> 4
0	22:43:57.882	trend_dtrader XTIUSD,H1: GBPUSD --> 5
0	22:43:57.882	trend_dtrader XTIUSD,H1: GRTUSD --> 4
0	22:43:57.884	trend_dtrader XTIUSD,H1: IOTAUSD --> 4
0	22:43:57.886	trend_dtrader XTIUSD,H1: LRCUSD --> 4
0	22:43:57.887	trend_dtrader XTIUSD,H1: MANAUSD --> 4
0	22:43:57.887	trend_dtrader XTIUSD,H1: MATICUSD --> 4
0	22:43:57.888	trend_dtrader XTIUSD,H1: NZDUSD --> 5
0	22:43:57.889	trend_dtrader XTIUSD,H1: TRXUSD --> 5
0	22:43:57.891	trend_dtrader XTIUSD,H1: USDCAD --> 5
0	22:43:57.891	trend_dtrader XTIUSD,H1: USDCHF --> 5
0	22:43:57.896	trend_dtrader XTIUSD,H1: XNGUSD --> 3
0	22:43:57.897	trend_dtrader XTIUSD,H1: XRPUSD --> 5
0	22:43:57.898	trend_dtrader XTIUSD,H1: 18
0	22:43:57.898	trend_dtrader XTIUSD,H1: initialized
0	22:44:12.147	trend_dtrader XTIUSD,H1: uninit reason 9
0	22:44:12.147	trend_dtrader XTIUSD,H1: Alert: 9
0	22:44:12.424	Expert trend_dtrader XTIUSD,H1: removed
