0	12:15:33.404	trend_dtrader XAUUSD,H1: Failed modifying LRCUSD
0	12:15:34.664	trend_dtrader XAUUSD,H1: Failed modifying LTCUSD
0	12:15:35.599	trend_dtrader XAUUSD,H1: Failed modifying MANAUSD
0	12:15:36.579	trend_dtrader XAUUSD,H1: Failed modifying MATICUSD
0	12:15:37.574	trend_dtrader XAUUSD,H1: Failed modifying NEARUSD
0	12:15:38.576	trend_dtrader XAUUSD,H1: Failed modifying NZDUSD
0	12:15:39.622	trend_dtrader XAUUSD,H1: Failed modifying SOLUSD
0	12:15:40.610	trend_dtrader XAUUSD,H1: Failed modifying SUIUSD
0	12:15:41.574	trend_dtrader XAUUSD,H1: Failed modifying TRXUSD
0	12:15:42.631	trend_dtrader XAUUSD,H1: Failed modifying UNIUSD
0	12:15:43.821	trend_dtrader XAUUSD,H1: Failed modifying USDCAD
0	12:15:44.728	trend_dtrader XAUUSD,H1: Failed modifying USDCHF
0	12:15:45.701	trend_dtrader XAUUSD,H1: Failed modifying USDJPY
0	12:15:46.666	trend_dtrader XAUUSD,H1: Failed modifying USDMXN
0	12:15:47.700	trend_dtrader XAUUSD,H1: Failed modifying USDZAR
0	12:15:48.608	trend_dtrader XAUUSD,H1: Failed modifying XAGUSD
0	12:15:49.621	trend_dtrader XAUUSD,H1: Failed modifying XAUUSD
0	12:15:50.671	trend_dtrader XAUUSD,H1: Failed modifying XBRUSD
0	12:15:51.723	trend_dtrader XAUUSD,H1: Failed modifying XNGUSD
0	12:15:52.620	trend_dtrader XAUUSD,H1: Failed modifying XRPUSD
0	12:15:53.671	trend_dtrader XAUUSD,H1: Failed modifying XTIUSD
0	12:15:54.628	trend_dtrader XAUUSD,H1: Failed modifying AAVEUSD
0	12:15:55.645	trend_dtrader XAUUSD,H1: Failed modifying ADAUSD
0	12:15:56.653	trend_dtrader XAUUSD,H1: Failed modifying ALGOUSD
0	12:15:57.606	trend_dtrader XAUUSD,H1: Failed modifying APTUSD
0	12:15:58.596	trend_dtrader XAUUSD,H1: Failed modifying ARBUSD
0	12:15:59.627	trend_dtrader XAUUSD,H1: Failed modifying ATOMUSD
0	12:16:00.645	trend_dtrader XAUUSD,H1: Failed modifying AUDUSD
0	12:16:01.657	trend_dtrader XAUUSD,H1: Failed modifying AVAXUSD
0	12:16:02.707	trend_dtrader XAUUSD,H1: Failed modifying AXSUSD
0	12:16:03.647	trend_dtrader XAUUSD,H1: Failed modifying BCHUSD
0	12:16:04.637	trend_dtrader XAUUSD,H1: Failed modifying BNBUSD
0	12:16:05.641	trend_dtrader XAUUSD,H1: Failed modifying BTCUSD
0	12:16:06.690	trend_dtrader XAUUSD,H1: Failed modifying DASHUSD
0	12:16:07.768	trend_dtrader XAUUSD,H1: Failed modifying DOGEUSD
0	12:16:08.709	trend_dtrader XAUUSD,H1: Failed modifying DOTUSD
0	12:16:09.677	trend_dtrader XAUUSD,H1: Failed modifying ETCUSD
0	12:16:10.650	trend_dtrader XAUUSD,H1: Failed modifying ETHUSD
0	12:16:11.709	trend_dtrader XAUUSD,H1: Failed modifying EURUSD
0	12:16:12.656	trend_dtrader XAUUSD,H1: Failed modifying FETUSD
0	12:16:13.650	trend_dtrader XAUUSD,H1: Failed modifying FILUSD
0	12:16:14.701	trend_dtrader XAUUSD,H1: Failed modifying FTMUSD
0	12:16:15.706	trend_dtrader XAUUSD,H1: Failed modifying GBPUSD
0	12:16:16.740	trend_dtrader XAUUSD,H1: Failed modifying GRTUSD
0	12:16:17.664	trend_dtrader XAUUSD,H1: Failed modifying ICPUSD
0	12:16:18.664	trend_dtrader XAUUSD,H1: Failed modifying IOTAUSD
0	12:16:19.819	trend_dtrader XAUUSD,H1: Failed modifying LINKUSD
0	12:16:20.540	trend_dtrader XAUUSD,H1: Failed modifying LRCUSD
0	12:16:21.619	trend_dtrader XAUUSD,H1: Failed modifying LTCUSD
0	12:16:27.178	trend_dtrader XAUUSD,H1: Failed modifying MANAUSD
0	12:16:28.179	trend_dtrader XAUUSD,H1: Failed modifying MATICUSD
0	12:16:29.246	trend_dtrader XAUUSD,H1: Failed modifying NEARUSD
0	12:16:30.175	trend_dtrader XAUUSD,H1: Failed modifying NZDUSD
0	12:16:31.176	trend_dtrader XAUUSD,H1: Failed modifying SOLUSD
0	12:16:32.175	trend_dtrader XAUUSD,H1: Failed modifying SUIUSD
0	12:16:33.257	trend_dtrader XAUUSD,H1: Failed modifying TRXUSD
0	12:16:34.179	trend_dtrader XAUUSD,H1: Failed modifying UNIUSD
0	12:16:35.172	trend_dtrader XAUUSD,H1: Failed modifying USDCAD
0	12:16:36.181	trend_dtrader XAUUSD,H1: Failed modifying USDCHF
0	12:16:37.189	trend_dtrader XAUUSD,H1: Failed modifying USDJPY
0	12:16:38.176	trend_dtrader XAUUSD,H1: Failed modifying USDMXN
0	12:16:39.177	trend_dtrader XAUUSD,H1: Failed modifying USDZAR
0	12:16:40.263	trend_dtrader XAUUSD,H1: Failed modifying XAGUSD
0	12:16:41.174	trend_dtrader XAUUSD,H1: Failed modifying XAUUSD
0	12:16:42.181	trend_dtrader XAUUSD,H1: Failed modifying XBRUSD
0	12:16:43.179	trend_dtrader XAUUSD,H1: Failed modifying XNGUSD
0	12:16:44.268	trend_dtrader XAUUSD,H1: Failed modifying XRPUSD
0	12:16:45.182	trend_dtrader XAUUSD,H1: Failed modifying XTIUSD
0	12:16:46.177	trend_dtrader XAUUSD,H1: Failed modifying AAVEUSD
0	12:16:47.181	trend_dtrader XAUUSD,H1: Failed modifying ADAUSD
0	12:16:48.178	trend_dtrader XAUUSD,H1: Failed modifying ALGOUSD
0	12:16:49.194	trend_dtrader XAUUSD,H1: Failed modifying APTUSD
0	12:16:50.182	trend_dtrader XAUUSD,H1: Failed modifying ARBUSD
0	12:16:51.182	trend_dtrader XAUUSD,H1: Failed modifying ATOMUSD
0	12:16:52.255	trend_dtrader XAUUSD,H1: Failed modifying AUDUSD
0	12:16:53.189	trend_dtrader XAUUSD,H1: Failed modifying AVAXUSD
0	12:16:54.181	trend_dtrader XAUUSD,H1: Failed modifying AXSUSD
0	12:16:55.259	trend_dtrader XAUUSD,H1: Failed modifying BCHUSD
0	12:16:56.246	trend_dtrader XAUUSD,H1: Failed modifying BNBUSD
0	12:16:57.179	trend_dtrader XAUUSD,H1: Failed modifying BTCUSD
0	12:16:58.185	trend_dtrader XAUUSD,H1: Failed modifying DASHUSD
0	12:16:59.183	trend_dtrader XAUUSD,H1: Failed modifying DOGEUSD
0	12:17:00.182	trend_dtrader XAUUSD,H1: Failed modifying DOTUSD
0	12:17:01.179	trend_dtrader XAUUSD,H1: Failed modifying ETCUSD
0	12:17:02.180	trend_dtrader XAUUSD,H1: Failed modifying ETHUSD
0	12:17:03.179	trend_dtrader XAUUSD,H1: Failed modifying EURUSD
0	12:17:04.231	trend_dtrader XAUUSD,H1: Failed modifying FETUSD
0	12:17:05.183	trend_dtrader XAUUSD,H1: Failed modifying FILUSD
0	12:17:06.184	trend_dtrader XAUUSD,H1: Failed modifying FTMUSD
0	12:17:07.176	trend_dtrader XAUUSD,H1: Failed modifying GBPUSD
0	12:17:08.180	trend_dtrader XAUUSD,H1: Failed modifying GRTUSD
0	12:17:09.349	trend_dtrader XAUUSD,H1: Failed modifying ICPUSD
0	12:17:10.189	trend_dtrader XAUUSD,H1: Failed modifying IOTAUSD
0	12:17:11.191	trend_dtrader XAUUSD,H1: Failed modifying LINKUSD
0	12:17:12.174	trend_dtrader XAUUSD,H1: Failed modifying LRCUSD
0	12:17:13.180	trend_dtrader XAUUSD,H1: Failed modifying LTCUSD
0	12:17:14.174	trend_dtrader XAUUSD,H1: Failed modifying MANAUSD
0	12:17:15.177	trend_dtrader XAUUSD,H1: Failed modifying MATICUSD
0	12:17:16.177	trend_dtrader XAUUSD,H1: Failed modifying NEARUSD
0	12:17:17.175	trend_dtrader XAUUSD,H1: Failed modifying NZDUSD
0	12:17:18.176	trend_dtrader XAUUSD,H1: Failed modifying SOLUSD
0	12:17:19.177	trend_dtrader XAUUSD,H1: Failed modifying SUIUSD
0	12:17:20.340	trend_dtrader XAUUSD,H1: Failed modifying TRXUSD
0	12:17:21.175	trend_dtrader XAUUSD,H1: Failed modifying UNIUSD
0	12:17:22.174	trend_dtrader XAUUSD,H1: Failed modifying USDCAD
0	12:17:23.173	trend_dtrader XAUUSD,H1: Failed modifying USDCHF
0	12:17:24.173	trend_dtrader XAUUSD,H1: Failed modifying USDJPY
0	12:17:25.185	trend_dtrader XAUUSD,H1: Failed modifying USDMXN
0	12:17:26.176	trend_dtrader XAUUSD,H1: Failed modifying USDZAR
0	12:17:27.176	trend_dtrader XAUUSD,H1: Failed modifying XAGUSD
0	12:17:28.175	trend_dtrader XAUUSD,H1: Failed modifying XAUUSD
0	12:17:29.174	trend_dtrader XAUUSD,H1: Failed modifying XBRUSD
0	12:17:30.176	trend_dtrader XAUUSD,H1: Failed modifying XNGUSD
0	12:17:31.177	trend_dtrader XAUUSD,H1: Failed modifying XRPUSD
0	12:17:32.175	trend_dtrader XAUUSD,H1: Failed modifying XTIUSD
0	12:17:33.173	trend_dtrader XAUUSD,H1: Failed modifying AAVEUSD
0	12:17:34.174	trend_dtrader XAUUSD,H1: Failed modifying ADAUSD
0	12:17:35.173	trend_dtrader XAUUSD,H1: Failed modifying ALGOUSD
0	12:17:36.176	trend_dtrader XAUUSD,H1: Failed modifying APTUSD
0	12:17:37.174	trend_dtrader XAUUSD,H1: Failed modifying ARBUSD
0	12:17:38.172	trend_dtrader XAUUSD,H1: Failed modifying ATOMUSD
0	12:17:39.368	trend_dtrader XAUUSD,H1: Failed modifying AUDUSD
0	12:17:40.172	trend_dtrader XAUUSD,H1: Failed modifying AVAXUSD
0	12:17:41.173	trend_dtrader XAUUSD,H1: Failed modifying AXSUSD
0	12:17:42.180	trend_dtrader XAUUSD,H1: Failed modifying BCHUSD
0	12:17:43.283	trend_dtrader XAUUSD,H1: Failed modifying BNBUSD
0	12:17:44.174	trend_dtrader XAUUSD,H1: Failed modifying BTCUSD
0	12:17:45.181	trend_dtrader XAUUSD,H1: Failed modifying DASHUSD
0	12:17:46.176	trend_dtrader XAUUSD,H1: Failed modifying DOGEUSD
0	12:17:47.177	trend_dtrader XAUUSD,H1: Failed modifying DOTUSD
0	12:17:48.179	trend_dtrader XAUUSD,H1: Failed modifying ETCUSD
0	12:17:49.177	trend_dtrader XAUUSD,H1: Failed modifying ETHUSD
0	12:17:50.176	trend_dtrader XAUUSD,H1: Failed modifying EURUSD
2	12:17:51.991	trend_dtrader XAUUSD,H1: open #474275197 buy 0.05 FETUSD at 2.3274 sl: 2.1287 tp: 2.6887 ok
0	12:17:51.991	trend_dtrader XAUUSD,H1: Alert: FETUSD Ordered Successfully
0	12:17:51.991	trend_dtrader XAUUSD,H1: Failed modifying FETUSD
0	12:17:52.181	trend_dtrader XAUUSD,H1: Failed modifying FILUSD
0	12:17:53.182	trend_dtrader XAUUSD,H1: Failed modifying FTMUSD
0	12:17:54.179	trend_dtrader XAUUSD,H1: Failed modifying GBPUSD
0	12:17:55.173	trend_dtrader XAUUSD,H1: Failed modifying GRTUSD
0	12:17:56.187	trend_dtrader XAUUSD,H1: Failed modifying ICPUSD
0	12:17:57.179	trend_dtrader XAUUSD,H1: Failed modifying IOTAUSD
0	12:17:58.176	trend_dtrader XAUUSD,H1: Failed modifying LINKUSD
0	12:17:59.176	trend_dtrader XAUUSD,H1: Failed modifying LRCUSD
0	12:18:00.173	trend_dtrader XAUUSD,H1: Failed modifying LTCUSD
0	12:18:01.177	trend_dtrader XAUUSD,H1: Failed modifying MANAUSD
0	12:18:02.178	trend_dtrader XAUUSD,H1: Failed modifying MATICUSD
0	12:18:03.178	trend_dtrader XAUUSD,H1: Failed modifying NEARUSD
0	12:18:04.176	trend_dtrader XAUUSD,H1: Failed modifying NZDUSD
0	12:18:05.176	trend_dtrader XAUUSD,H1: Failed modifying SOLUSD
0	12:18:06.175	trend_dtrader XAUUSD,H1: Failed modifying SUIUSD
0	12:18:07.184	trend_dtrader XAUUSD,H1: Failed modifying TRXUSD
0	12:18:08.177	trend_dtrader XAUUSD,H1: Failed modifying UNIUSD
0	12:18:09.193	trend_dtrader XAUUSD,H1: Failed modifying USDCAD
0	12:18:10.176	trend_dtrader XAUUSD,H1: Failed modifying USDCHF
0	12:18:11.177	trend_dtrader XAUUSD,H1: Failed modifying USDJPY
0	12:18:12.176	trend_dtrader XAUUSD,H1: Failed modifying USDMXN
0	12:18:13.176	trend_dtrader XAUUSD,H1: Failed modifying USDZAR
0	12:18:14.178	trend_dtrader XAUUSD,H1: Failed modifying XAGUSD
0	12:18:15.176	trend_dtrader XAUUSD,H1: Failed modifying XAUUSD
0	12:18:16.175	trend_dtrader XAUUSD,H1: Failed modifying XBRUSD
0	12:18:17.176	trend_dtrader XAUUSD,H1: Failed modifying XNGUSD
0	12:18:18.175	trend_dtrader XAUUSD,H1: Failed modifying XRPUSD
0	12:18:19.180	trend_dtrader XAUUSD,H1: Failed modifying XTIUSD
0	12:18:20.176	trend_dtrader XAUUSD,H1: Failed modifying AAVEUSD
0	12:18:21.174	trend_dtrader XAUUSD,H1: Failed modifying ADAUSD
0	12:18:22.178	trend_dtrader XAUUSD,H1: Failed modifying ALGOUSD
0	12:18:23.176	trend_dtrader XAUUSD,H1: Failed modifying APTUSD
0	12:18:24.178	trend_dtrader XAUUSD,H1: Failed modifying ARBUSD
0	12:18:25.177	trend_dtrader XAUUSD,H1: Failed modifying ATOMUSD
0	12:18:26.188	trend_dtrader XAUUSD,H1: Failed modifying AUDUSD
0	12:18:27.175	trend_dtrader XAUUSD,H1: Failed modifying AVAXUSD
0	12:18:28.177	trend_dtrader XAUUSD,H1: Failed modifying AXSUSD
0	12:18:29.174	trend_dtrader XAUUSD,H1: Failed modifying BCHUSD
0	12:18:30.177	trend_dtrader XAUUSD,H1: Failed modifying BNBUSD
0	12:18:31.174	trend_dtrader XAUUSD,H1: Failed modifying BTCUSD
0	12:18:32.178	trend_dtrader XAUUSD,H1: Failed modifying DASHUSD
0	12:18:33.176	trend_dtrader XAUUSD,H1: Failed modifying DOGEUSD
0	12:18:34.184	trend_dtrader XAUUSD,H1: Failed modifying DOTUSD
0	12:18:35.182	trend_dtrader XAUUSD,H1: Failed modifying ETCUSD
0	12:18:36.174	trend_dtrader XAUUSD,H1: Failed modifying ETHUSD
0	12:18:37.181	trend_dtrader XAUUSD,H1: Failed modifying EURUSD
0	12:18:38.178	trend_dtrader XAUUSD,H1: Failed modifying FETUSD
0	12:18:39.173	trend_dtrader XAUUSD,H1: Failed modifying FILUSD
0	12:18:40.174	trend_dtrader XAUUSD,H1: Failed modifying FTMUSD
0	12:18:41.180	trend_dtrader XAUUSD,H1: Failed modifying GBPUSD
0	12:18:42.179	trend_dtrader XAUUSD,H1: Failed modifying GRTUSD
0	12:18:43.181	trend_dtrader XAUUSD,H1: Failed modifying ICPUSD
0	12:18:44.181	trend_dtrader XAUUSD,H1: Failed modifying IOTAUSD
0	12:18:45.181	trend_dtrader XAUUSD,H1: Failed modifying LINKUSD
0	12:18:46.181	trend_dtrader XAUUSD,H1: Failed modifying LRCUSD
0	12:18:47.185	trend_dtrader XAUUSD,H1: Failed modifying LTCUSD
0	12:18:48.177	trend_dtrader XAUUSD,H1: Failed modifying MANAUSD
0	12:18:49.182	trend_dtrader XAUUSD,H1: Failed modifying MATICUSD
0	12:18:50.174	trend_dtrader XAUUSD,H1: Failed modifying NEARUSD
0	12:18:51.179	trend_dtrader XAUUSD,H1: Failed modifying NZDUSD
0	12:18:52.179	trend_dtrader XAUUSD,H1: Failed modifying SOLUSD
0	12:18:53.178	trend_dtrader XAUUSD,H1: Failed modifying SUIUSD
0	12:18:54.180	trend_dtrader XAUUSD,H1: Failed modifying TRXUSD
0	12:18:55.178	trend_dtrader XAUUSD,H1: Failed modifying UNIUSD
0	12:18:56.178	trend_dtrader XAUUSD,H1: Failed modifying USDCAD
0	12:18:57.178	trend_dtrader XAUUSD,H1: Failed modifying USDCHF
0	12:18:58.180	trend_dtrader XAUUSD,H1: Failed modifying USDJPY
0	12:18:59.181	trend_dtrader XAUUSD,H1: Failed modifying USDMXN
0	12:19:00.181	trend_dtrader XAUUSD,H1: Failed modifying USDZAR
0	12:19:01.180	trend_dtrader XAUUSD,H1: Failed modifying XAGUSD
0	12:19:02.175	trend_dtrader XAUUSD,H1: Failed modifying XAUUSD
0	12:19:03.175	trend_dtrader XAUUSD,H1: Failed modifying XBRUSD
0	12:19:04.179	trend_dtrader XAUUSD,H1: Failed modifying XNGUSD
0	12:19:05.180	trend_dtrader XAUUSD,H1: Failed modifying XRPUSD
0	12:19:06.176	trend_dtrader XAUUSD,H1: Failed modifying XTIUSD
0	12:19:07.177	trend_dtrader XAUUSD,H1: Failed modifying AAVEUSD
0	12:19:08.177	trend_dtrader XAUUSD,H1: Failed modifying ADAUSD
0	12:19:09.176	trend_dtrader XAUUSD,H1: Failed modifying ALGOUSD
0	12:19:10.177	trend_dtrader XAUUSD,H1: Failed modifying APTUSD
0	12:19:11.178	trend_dtrader XAUUSD,H1: Failed modifying ARBUSD
0	12:19:12.179	trend_dtrader XAUUSD,H1: Failed modifying ATOMUSD
0	12:19:13.181	trend_dtrader XAUUSD,H1: Failed modifying AUDUSD
0	12:19:14.179	trend_dtrader XAUUSD,H1: Failed modifying AVAXUSD
0	12:19:15.177	trend_dtrader XAUUSD,H1: Failed modifying AXSUSD
0	12:19:16.182	trend_dtrader XAUUSD,H1: Failed modifying BCHUSD
0	12:19:17.177	trend_dtrader XAUUSD,H1: Failed modifying BNBUSD
0	12:19:18.175	trend_dtrader XAUUSD,H1: Failed modifying BTCUSD
0	12:19:19.177	trend_dtrader XAUUSD,H1: Failed modifying DASHUSD
0	12:19:20.176	trend_dtrader XAUUSD,H1: Failed modifying DOGEUSD
0	12:19:21.176	trend_dtrader XAUUSD,H1: Failed modifying DOTUSD
0	12:19:22.173	trend_dtrader XAUUSD,H1: Failed modifying ETCUSD
0	12:19:23.179	trend_dtrader XAUUSD,H1: Failed modifying ETHUSD
0	12:19:24.196	trend_dtrader XAUUSD,H1: Failed modifying EURUSD
0	12:19:25.175	trend_dtrader XAUUSD,H1: Failed modifying FETUSD
0	12:19:26.171	trend_dtrader XAUUSD,H1: Failed modifying FILUSD
0	12:19:27.176	trend_dtrader XAUUSD,H1: Failed modifying FTMUSD
0	12:19:28.174	trend_dtrader XAUUSD,H1: Failed modifying GBPUSD
0	12:19:29.175	trend_dtrader XAUUSD,H1: Failed modifying GRTUSD
0	12:19:30.180	trend_dtrader XAUUSD,H1: Failed modifying ICPUSD
0	12:19:31.173	trend_dtrader XAUUSD,H1: Failed modifying IOTAUSD
0	12:19:32.178	trend_dtrader XAUUSD,H1: Failed modifying LINKUSD
0	12:19:33.178	trend_dtrader XAUUSD,H1: Failed modifying LRCUSD
0	12:19:34.181	trend_dtrader XAUUSD,H1: Failed modifying LTCUSD
0	12:19:35.174	trend_dtrader XAUUSD,H1: Failed modifying MANAUSD
0	12:19:36.187	trend_dtrader XAUUSD,H1: Failed modifying MATICUSD
0	12:19:37.181	trend_dtrader XAUUSD,H1: Failed modifying NEARUSD
0	12:19:38.177	trend_dtrader XAUUSD,H1: Failed modifying NZDUSD
0	12:19:39.178	trend_dtrader XAUUSD,H1: Failed modifying SOLUSD
0	12:19:40.184	trend_dtrader XAUUSD,H1: Failed modifying SUIUSD
0	12:19:41.180	trend_dtrader XAUUSD,H1: Failed modifying TRXUSD
0	12:19:42.178	trend_dtrader XAUUSD,H1: Failed modifying UNIUSD
0	12:19:43.176	trend_dtrader XAUUSD,H1: Failed modifying USDCAD
0	12:19:44.179	trend_dtrader XAUUSD,H1: Failed modifying USDCHF
0	12:19:45.179	trend_dtrader XAUUSD,H1: Failed modifying USDJPY
0	12:19:46.180	trend_dtrader XAUUSD,H1: Failed modifying USDMXN
0	12:19:47.181	trend_dtrader XAUUSD,H1: Failed modifying USDZAR
0	12:19:48.183	trend_dtrader XAUUSD,H1: Failed modifying XAGUSD
0	12:19:49.179	trend_dtrader XAUUSD,H1: Failed modifying XAUUSD
0	12:19:50.177	trend_dtrader XAUUSD,H1: Failed modifying XBRUSD
0	12:19:51.180	trend_dtrader XAUUSD,H1: Failed modifying XNGUSD
0	12:19:52.178	trend_dtrader XAUUSD,H1: Failed modifying XRPUSD
0	12:19:53.179	trend_dtrader XAUUSD,H1: Failed modifying XTIUSD
0	12:19:54.179	trend_dtrader XAUUSD,H1: Failed modifying AAVEUSD
0	12:19:55.182	trend_dtrader XAUUSD,H1: Failed modifying ADAUSD
0	12:19:56.180	trend_dtrader XAUUSD,H1: Failed modifying ALGOUSD
0	12:19:57.175	trend_dtrader XAUUSD,H1: Failed modifying APTUSD
0	12:19:58.187	trend_dtrader XAUUSD,H1: Failed modifying ARBUSD
0	12:19:59.179	trend_dtrader XAUUSD,H1: Failed modifying ATOMUSD
0	12:20:00.177	trend_dtrader XAUUSD,H1: Failed modifying AUDUSD
0	12:20:01.178	trend_dtrader XAUUSD,H1: Failed modifying AVAXUSD
0	12:20:02.177	trend_dtrader XAUUSD,H1: Failed modifying AXSUSD
0	12:20:03.179	trend_dtrader XAUUSD,H1: Failed modifying BCHUSD
0	12:20:04.176	trend_dtrader XAUUSD,H1: Failed modifying BNBUSD
0	12:20:05.178	trend_dtrader XAUUSD,H1: Failed modifying BTCUSD
0	12:20:06.176	trend_dtrader XAUUSD,H1: Failed modifying DASHUSD
0	12:20:07.176	trend_dtrader XAUUSD,H1: Failed modifying DOGEUSD
0	12:20:08.177	trend_dtrader XAUUSD,H1: Failed modifying DOTUSD
0	12:20:09.173	trend_dtrader XAUUSD,H1: Failed modifying ETCUSD
0	12:20:10.175	trend_dtrader XAUUSD,H1: Failed modifying ETHUSD
0	12:20:11.176	trend_dtrader XAUUSD,H1: Failed modifying EURUSD
0	12:20:12.178	trend_dtrader XAUUSD,H1: Failed modifying FETUSD
0	12:20:13.177	trend_dtrader XAUUSD,H1: Failed modifying FILUSD
0	12:20:14.176	trend_dtrader XAUUSD,H1: Failed modifying FTMUSD
0	12:20:15.175	trend_dtrader XAUUSD,H1: Failed modifying GBPUSD
0	12:20:16.176	trend_dtrader XAUUSD,H1: Failed modifying GRTUSD
0	12:20:17.178	trend_dtrader XAUUSD,H1: Failed modifying ICPUSD
0	12:20:18.177	trend_dtrader XAUUSD,H1: Failed modifying IOTAUSD
0	12:20:19.175	trend_dtrader XAUUSD,H1: Failed modifying LINKUSD
0	12:20:20.177	trend_dtrader XAUUSD,H1: Failed modifying LRCUSD
0	12:20:21.173	trend_dtrader XAUUSD,H1: Failed modifying LTCUSD
0	12:20:22.176	trend_dtrader XAUUSD,H1: Failed modifying MANAUSD
0	12:20:23.177	trend_dtrader XAUUSD,H1: Failed modifying MATICUSD
0	12:20:24.175	trend_dtrader XAUUSD,H1: Failed modifying NEARUSD
0	12:20:25.180	trend_dtrader XAUUSD,H1: Failed modifying NZDUSD
0	12:20:26.180	trend_dtrader XAUUSD,H1: Failed modifying SOLUSD
0	12:20:27.175	trend_dtrader XAUUSD,H1: Failed modifying SUIUSD
0	12:20:28.182	trend_dtrader XAUUSD,H1: Failed modifying TRXUSD
0	12:20:29.176	trend_dtrader XAUUSD,H1: Failed modifying UNIUSD
0	12:20:30.180	trend_dtrader XAUUSD,H1: Failed modifying USDCAD
0	12:20:31.182	trend_dtrader XAUUSD,H1: Failed modifying USDCHF
0	12:20:32.179	trend_dtrader XAUUSD,H1: Failed modifying USDJPY
0	12:20:33.183	trend_dtrader XAUUSD,H1: Failed modifying USDMXN
0	12:20:34.180	trend_dtrader XAUUSD,H1: Failed modifying USDZAR
0	12:20:35.180	trend_dtrader XAUUSD,H1: Failed modifying XAGUSD
0	12:20:36.183	trend_dtrader XAUUSD,H1: Failed modifying XAUUSD
0	12:20:37.178	trend_dtrader XAUUSD,H1: Failed modifying XBRUSD
0	12:20:38.186	trend_dtrader XAUUSD,H1: Failed modifying XNGUSD
0	12:20:39.178	trend_dtrader XAUUSD,H1: Failed modifying XRPUSD
0	12:20:40.180	trend_dtrader XAUUSD,H1: Failed modifying XTIUSD
0	12:20:41.178	trend_dtrader XAUUSD,H1: Failed modifying AAVEUSD
0	12:20:42.179	trend_dtrader XAUUSD,H1: Failed modifying ADAUSD
0	12:20:43.178	trend_dtrader XAUUSD,H1: Failed modifying ALGOUSD
0	12:20:44.178	trend_dtrader XAUUSD,H1: Failed modifying APTUSD
0	12:20:45.177	trend_dtrader XAUUSD,H1: Failed modifying ARBUSD
0	12:20:46.178	trend_dtrader XAUUSD,H1: Failed modifying ATOMUSD
0	12:20:47.178	trend_dtrader XAUUSD,H1: Failed modifying AUDUSD
0	12:20:48.178	trend_dtrader XAUUSD,H1: Failed modifying AVAXUSD
0	12:20:49.176	trend_dtrader XAUUSD,H1: Failed modifying AXSUSD
0	12:20:50.179	trend_dtrader XAUUSD,H1: Failed modifying BCHUSD
0	12:20:51.175	trend_dtrader XAUUSD,H1: Failed modifying BNBUSD
0	12:20:52.177	trend_dtrader XAUUSD,H1: Failed modifying BTCUSD
0	12:20:53.178	trend_dtrader XAUUSD,H1: Failed modifying DASHUSD
0	12:20:54.178	trend_dtrader XAUUSD,H1: Failed modifying DOGEUSD
0	12:20:55.178	trend_dtrader XAUUSD,H1: Failed modifying DOTUSD
0	12:20:56.178	trend_dtrader XAUUSD,H1: Failed modifying ETCUSD
0	12:20:57.176	trend_dtrader XAUUSD,H1: Failed modifying ETHUSD
0	12:20:58.179	trend_dtrader XAUUSD,H1: Failed modifying EURUSD
0	12:20:59.176	trend_dtrader XAUUSD,H1: Failed modifying FETUSD
0	12:21:00.176	trend_dtrader XAUUSD,H1: Failed modifying FILUSD
0	12:21:01.173	trend_dtrader XAUUSD,H1: Failed modifying FTMUSD
0	12:21:02.178	trend_dtrader XAUUSD,H1: Failed modifying GBPUSD
0	12:21:03.179	trend_dtrader XAUUSD,H1: Failed modifying GRTUSD
0	12:21:04.179	trend_dtrader XAUUSD,H1: Failed modifying ICPUSD
0	12:21:05.178	trend_dtrader XAUUSD,H1: Failed modifying IOTAUSD
0	12:21:06.175	trend_dtrader XAUUSD,H1: Failed modifying LINKUSD
0	12:21:07.176	trend_dtrader XAUUSD,H1: Failed modifying LRCUSD
0	12:21:08.175	trend_dtrader XAUUSD,H1: Failed modifying LTCUSD
0	12:21:09.175	trend_dtrader XAUUSD,H1: Failed modifying MANAUSD
0	12:21:10.175	trend_dtrader XAUUSD,H1: Failed modifying MATICUSD
0	12:21:11.175	trend_dtrader XAUUSD,H1: Failed modifying NEARUSD
0	12:21:12.178	trend_dtrader XAUUSD,H1: Failed modifying NZDUSD
0	12:21:13.176	trend_dtrader XAUUSD,H1: Failed modifying SOLUSD
0	12:21:14.180	trend_dtrader XAUUSD,H1: Failed modifying SUIUSD
0	12:21:15.187	trend_dtrader XAUUSD,H1: Failed modifying TRXUSD
0	12:21:16.184	trend_dtrader XAUUSD,H1: Failed modifying UNIUSD
0	12:21:17.179	trend_dtrader XAUUSD,H1: Failed modifying USDCAD
0	12:21:18.180	trend_dtrader XAUUSD,H1: Failed modifying USDCHF
0	12:21:19.187	trend_dtrader XAUUSD,H1: Failed modifying USDJPY
0	12:21:20.174	trend_dtrader XAUUSD,H1: Failed modifying USDMXN
0	12:21:21.182	trend_dtrader XAUUSD,H1: Failed modifying USDZAR
0	12:21:22.182	trend_dtrader XAUUSD,H1: Failed modifying XAGUSD
0	12:21:23.183	trend_dtrader XAUUSD,H1: Failed modifying XAUUSD
0	12:21:24.183	trend_dtrader XAUUSD,H1: Failed modifying XBRUSD
0	12:21:25.209	trend_dtrader XAUUSD,H1: Failed modifying XNGUSD
0	12:21:26.182	trend_dtrader XAUUSD,H1: Failed modifying XRPUSD
0	12:21:27.182	trend_dtrader XAUUSD,H1: Failed modifying XTIUSD
0	12:21:28.178	trend_dtrader XAUUSD,H1: Failed modifying AAVEUSD
0	12:21:29.177	trend_dtrader XAUUSD,H1: Failed modifying ADAUSD
0	12:21:30.178	trend_dtrader XAUUSD,H1: Failed modifying ALGOUSD
0	12:21:31.177	trend_dtrader XAUUSD,H1: Failed modifying APTUSD
0	12:21:32.180	trend_dtrader XAUUSD,H1: Failed modifying ARBUSD
0	12:21:33.179	trend_dtrader XAUUSD,H1: Failed modifying ATOMUSD
0	12:21:34.182	trend_dtrader XAUUSD,H1: Failed modifying AUDUSD
0	12:21:35.174	trend_dtrader XAUUSD,H1: Failed modifying AVAXUSD
0	12:21:36.178	trend_dtrader XAUUSD,H1: Failed modifying AXSUSD
0	12:21:37.180	trend_dtrader XAUUSD,H1: Failed modifying BCHUSD
0	12:21:38.178	trend_dtrader XAUUSD,H1: Failed modifying BNBUSD
0	12:21:39.180	trend_dtrader XAUUSD,H1: Failed modifying BTCUSD
0	12:21:40.174	trend_dtrader XAUUSD,H1: Failed modifying DASHUSD
0	12:21:41.179	trend_dtrader XAUUSD,H1: Failed modifying DOGEUSD
0	12:21:42.175	trend_dtrader XAUUSD,H1: Failed modifying DOTUSD
0	12:21:43.179	trend_dtrader XAUUSD,H1: Failed modifying ETCUSD
0	12:21:44.183	trend_dtrader XAUUSD,H1: Failed modifying ETHUSD
0	12:21:45.183	trend_dtrader XAUUSD,H1: Failed modifying EURUSD
0	12:21:46.177	trend_dtrader XAUUSD,H1: Failed modifying FETUSD
0	12:21:47.178	trend_dtrader XAUUSD,H1: Failed modifying FILUSD
0	12:21:48.178	trend_dtrader XAUUSD,H1: Failed modifying FTMUSD
0	12:21:49.179	trend_dtrader XAUUSD,H1: Failed modifying GBPUSD
0	12:21:50.178	trend_dtrader XAUUSD,H1: Failed modifying GRTUSD
0	12:21:51.182	trend_dtrader XAUUSD,H1: Failed modifying ICPUSD
0	12:21:52.176	trend_dtrader XAUUSD,H1: Failed modifying IOTAUSD
0	12:21:53.177	trend_dtrader XAUUSD,H1: Failed modifying LINKUSD
0	12:21:54.174	trend_dtrader XAUUSD,H1: Failed modifying LRCUSD
0	12:21:55.176	trend_dtrader XAUUSD,H1: Failed modifying LTCUSD
0	12:21:56.177	trend_dtrader XAUUSD,H1: Failed modifying MANAUSD
0	12:21:57.179	trend_dtrader XAUUSD,H1: Failed modifying MATICUSD
0	12:21:58.175	trend_dtrader XAUUSD,H1: Failed modifying NEARUSD
0	12:21:59.179	trend_dtrader XAUUSD,H1: Failed modifying NZDUSD
0	12:22:00.174	trend_dtrader XAUUSD,H1: Failed modifying SOLUSD
0	12:22:01.181	trend_dtrader XAUUSD,H1: Failed modifying SUIUSD
0	12:22:02.178	trend_dtrader XAUUSD,H1: Failed modifying TRXUSD
0	12:22:03.177	trend_dtrader XAUUSD,H1: Failed modifying UNIUSD
0	12:22:04.178	trend_dtrader XAUUSD,H1: Failed modifying USDCAD
0	12:22:05.176	trend_dtrader XAUUSD,H1: Failed modifying USDCHF
0	12:22:06.174	trend_dtrader XAUUSD,H1: Failed modifying USDJPY
0	12:22:07.180	trend_dtrader XAUUSD,H1: Failed modifying USDMXN
0	12:22:08.178	trend_dtrader XAUUSD,H1: Failed modifying USDZAR
0	12:22:09.177	trend_dtrader XAUUSD,H1: Failed modifying XAGUSD
0	12:22:10.179	trend_dtrader XAUUSD,H1: Failed modifying XAUUSD
0	12:22:11.181	trend_dtrader XAUUSD,H1: Failed modifying XBRUSD
0	12:22:12.185	trend_dtrader XAUUSD,H1: Failed modifying XNGUSD
0	12:22:13.175	trend_dtrader XAUUSD,H1: Failed modifying XRPUSD
0	12:22:14.180	trend_dtrader XAUUSD,H1: Failed modifying XTIUSD
0	12:22:15.183	trend_dtrader XAUUSD,H1: Failed modifying AAVEUSD
0	12:22:16.180	trend_dtrader XAUUSD,H1: Failed modifying ADAUSD
0	12:22:17.184	trend_dtrader XAUUSD,H1: Failed modifying ALGOUSD
0	12:22:18.178	trend_dtrader XAUUSD,H1: Failed modifying APTUSD
0	12:22:19.174	trend_dtrader XAUUSD,H1: Failed modifying ARBUSD
0	12:22:20.179	trend_dtrader XAUUSD,H1: Failed modifying ATOMUSD
0	12:22:21.176	trend_dtrader XAUUSD,H1: Failed modifying AUDUSD
0	12:22:22.180	trend_dtrader XAUUSD,H1: Failed modifying AVAXUSD
0	12:22:23.183	trend_dtrader XAUUSD,H1: Failed modifying AXSUSD
0	12:22:24.181	trend_dtrader XAUUSD,H1: Failed modifying BCHUSD
0	12:22:25.182	trend_dtrader XAUUSD,H1: Failed modifying BNBUSD
0	12:22:26.179	trend_dtrader XAUUSD,H1: Failed modifying BTCUSD
0	12:22:27.180	trend_dtrader XAUUSD,H1: Failed modifying DASHUSD
0	12:22:28.180	trend_dtrader XAUUSD,H1: Failed modifying DOGEUSD
0	12:22:29.178	trend_dtrader XAUUSD,H1: Failed modifying DOTUSD
0	12:22:30.177	trend_dtrader XAUUSD,H1: Failed modifying ETCUSD
0	12:22:31.181	trend_dtrader XAUUSD,H1: Failed modifying ETHUSD
0	12:22:32.180	trend_dtrader XAUUSD,H1: Failed modifying EURUSD
0	12:22:33.181	trend_dtrader XAUUSD,H1: Failed modifying FETUSD
0	12:22:34.181	trend_dtrader XAUUSD,H1: Failed modifying FILUSD
0	12:22:35.179	trend_dtrader XAUUSD,H1: Failed modifying FTMUSD
0	12:22:36.179	trend_dtrader XAUUSD,H1: Failed modifying GBPUSD
0	12:22:37.177	trend_dtrader XAUUSD,H1: Failed modifying GRTUSD
0	12:22:38.181	trend_dtrader XAUUSD,H1: Failed modifying ICPUSD
0	12:22:39.177	trend_dtrader XAUUSD,H1: Failed modifying IOTAUSD
0	12:22:40.177	trend_dtrader XAUUSD,H1: Failed modifying LINKUSD
0	12:22:41.179	trend_dtrader XAUUSD,H1: Failed modifying LRCUSD
0	12:22:42.180	trend_dtrader XAUUSD,H1: Failed modifying LTCUSD
0	12:22:43.177	trend_dtrader XAUUSD,H1: Failed modifying MANAUSD
0	12:22:44.178	trend_dtrader XAUUSD,H1: Failed modifying MATICUSD
0	12:22:45.177	trend_dtrader XAUUSD,H1: Failed modifying NEARUSD
0	12:22:46.177	trend_dtrader XAUUSD,H1: Failed modifying NZDUSD
0	12:22:47.182	trend_dtrader XAUUSD,H1: Failed modifying SOLUSD
0	12:22:48.177	trend_dtrader XAUUSD,H1: Failed modifying SUIUSD
0	12:22:49.192	trend_dtrader XAUUSD,H1: Failed modifying TRXUSD
0	12:22:50.180	trend_dtrader XAUUSD,H1: Failed modifying UNIUSD
0	12:22:51.180	trend_dtrader XAUUSD,H1: Failed modifying USDCAD
0	12:22:52.175	trend_dtrader XAUUSD,H1: Failed modifying USDCHF
0	12:22:53.180	trend_dtrader XAUUSD,H1: Failed modifying USDJPY
0	12:22:54.178	trend_dtrader XAUUSD,H1: Failed modifying USDMXN
0	12:22:55.175	trend_dtrader XAUUSD,H1: Failed modifying USDZAR
0	12:22:56.176	trend_dtrader XAUUSD,H1: Failed modifying XAGUSD
0	12:22:57.177	trend_dtrader XAUUSD,H1: Failed modifying XAUUSD
0	12:22:58.178	trend_dtrader XAUUSD,H1: Failed modifying XBRUSD
0	12:22:59.175	trend_dtrader XAUUSD,H1: Failed modifying XNGUSD
0	12:23:00.178	trend_dtrader XAUUSD,H1: Failed modifying XRPUSD
0	12:23:01.175	trend_dtrader XAUUSD,H1: Failed modifying XTIUSD
0	12:23:02.178	trend_dtrader XAUUSD,H1: Failed modifying AAVEUSD
0	12:23:03.178	trend_dtrader XAUUSD,H1: Failed modifying ADAUSD
0	12:23:04.182	trend_dtrader XAUUSD,H1: Failed modifying ALGOUSD
0	12:23:05.189	trend_dtrader XAUUSD,H1: Failed modifying APTUSD
0	12:23:06.173	trend_dtrader XAUUSD,H1: Failed modifying ARBUSD
0	12:23:07.176	trend_dtrader XAUUSD,H1: Failed modifying ATOMUSD
0	12:23:08.176	trend_dtrader XAUUSD,H1: Failed modifying AUDUSD
0	12:23:09.179	trend_dtrader XAUUSD,H1: Failed modifying AVAXUSD
0	12:23:10.180	trend_dtrader XAUUSD,H1: Failed modifying AXSUSD
0	12:23:11.181	trend_dtrader XAUUSD,H1: Failed modifying BCHUSD
0	12:23:12.183	trend_dtrader XAUUSD,H1: Failed modifying BNBUSD
0	12:23:13.183	trend_dtrader XAUUSD,H1: Failed modifying BTCUSD
0	12:23:14.177	trend_dtrader XAUUSD,H1: Failed modifying DASHUSD
0	12:23:15.178	trend_dtrader XAUUSD,H1: Failed modifying DOGEUSD
0	12:23:16.211	trend_dtrader XAUUSD,H1: Failed modifying DOTUSD
0	12:23:17.180	trend_dtrader XAUUSD,H1: Failed modifying ETCUSD
0	12:23:18.179	trend_dtrader XAUUSD,H1: Failed modifying ETHUSD
0	12:23:19.178	trend_dtrader XAUUSD,H1: Failed modifying EURUSD
0	12:23:20.181	trend_dtrader XAUUSD,H1: Failed modifying FETUSD
0	12:23:21.177	trend_dtrader XAUUSD,H1: Failed modifying FILUSD
0	12:23:22.177	trend_dtrader XAUUSD,H1: Failed modifying FTMUSD
0	12:23:23.179	trend_dtrader XAUUSD,H1: Failed modifying GBPUSD
0	12:23:24.179	trend_dtrader XAUUSD,H1: Failed modifying GRTUSD
0	12:23:25.177	trend_dtrader XAUUSD,H1: Failed modifying ICPUSD
0	12:23:26.174	trend_dtrader XAUUSD,H1: Failed modifying IOTAUSD
0	12:23:27.178	trend_dtrader XAUUSD,H1: Failed modifying LINKUSD
0	12:23:28.178	trend_dtrader XAUUSD,H1: Failed modifying LRCUSD
0	12:23:29.178	trend_dtrader XAUUSD,H1: Failed modifying LTCUSD
0	12:23:30.177	trend_dtrader XAUUSD,H1: Failed modifying MANAUSD
0	12:23:31.180	trend_dtrader XAUUSD,H1: Failed modifying MATICUSD
0	12:23:32.180	trend_dtrader XAUUSD,H1: Failed modifying NEARUSD
0	12:23:33.176	trend_dtrader XAUUSD,H1: Failed modifying NZDUSD
0	12:23:34.179	trend_dtrader XAUUSD,H1: Failed modifying SOLUSD
0	12:23:35.179	trend_dtrader XAUUSD,H1: Failed modifying SUIUSD
0	12:23:36.179	trend_dtrader XAUUSD,H1: Failed modifying TRXUSD
0	12:23:37.172	trend_dtrader XAUUSD,H1: Failed modifying UNIUSD
0	12:23:38.176	trend_dtrader XAUUSD,H1: Failed modifying USDCAD
0	12:23:39.176	trend_dtrader XAUUSD,H1: Failed modifying USDCHF
0	12:23:40.188	trend_dtrader XAUUSD,H1: Failed modifying USDJPY
0	12:23:41.180	trend_dtrader XAUUSD,H1: Failed modifying USDMXN
0	12:23:42.182	trend_dtrader XAUUSD,H1: Failed modifying USDZAR
0	12:23:43.179	trend_dtrader XAUUSD,H1: Failed modifying XAGUSD
0	12:23:44.179	trend_dtrader XAUUSD,H1: Failed modifying XAUUSD
0	12:23:45.176	trend_dtrader XAUUSD,H1: Failed modifying XBRUSD
0	12:23:46.178	trend_dtrader XAUUSD,H1: Failed modifying XNGUSD
0	12:23:47.180	trend_dtrader XAUUSD,H1: Failed modifying XRPUSD
0	12:23:48.173	trend_dtrader XAUUSD,H1: Failed modifying XTIUSD
0	12:23:49.184	trend_dtrader XAUUSD,H1: Failed modifying AAVEUSD
0	12:23:50.176	trend_dtrader XAUUSD,H1: Failed modifying ADAUSD
0	12:23:51.178	trend_dtrader XAUUSD,H1: Failed modifying ALGOUSD
0	12:23:52.175	trend_dtrader XAUUSD,H1: Failed modifying APTUSD
0	12:23:53.175	trend_dtrader XAUUSD,H1: Failed modifying ARBUSD
0	12:23:54.178	trend_dtrader XAUUSD,H1: Failed modifying ATOMUSD
0	12:23:55.185	trend_dtrader XAUUSD,H1: Failed modifying AUDUSD
0	12:23:56.171	trend_dtrader XAUUSD,H1: Failed modifying AVAXUSD
0	12:23:57.174	trend_dtrader XAUUSD,H1: Failed modifying AXSUSD
0	12:23:58.174	trend_dtrader XAUUSD,H1: Failed modifying BCHUSD
0	12:23:59.175	trend_dtrader XAUUSD,H1: Failed modifying BNBUSD
0	12:24:00.180	trend_dtrader XAUUSD,H1: Failed modifying BTCUSD
0	12:24:01.178	trend_dtrader XAUUSD,H1: Failed modifying DASHUSD
0	12:24:02.180	trend_dtrader XAUUSD,H1: Failed modifying DOGEUSD
0	12:24:03.180	trend_dtrader XAUUSD,H1: Failed modifying DOTUSD
0	12:24:04.181	trend_dtrader XAUUSD,H1: Failed modifying ETCUSD
0	12:24:05.181	trend_dtrader XAUUSD,H1: Failed modifying ETHUSD
0	12:24:06.180	trend_dtrader XAUUSD,H1: Failed modifying EURUSD
0	12:24:07.179	trend_dtrader XAUUSD,H1: Failed modifying FETUSD
0	12:24:08.180	trend_dtrader XAUUSD,H1: Failed modifying FILUSD
0	12:24:09.180	trend_dtrader XAUUSD,H1: Failed modifying FTMUSD
0	12:24:10.179	trend_dtrader XAUUSD,H1: Failed modifying GBPUSD
0	12:24:11.182	trend_dtrader XAUUSD,H1: Failed modifying GRTUSD
0	12:24:12.180	trend_dtrader XAUUSD,H1: Failed modifying ICPUSD
0	12:24:13.177	trend_dtrader XAUUSD,H1: Failed modifying IOTAUSD
0	12:24:14.181	trend_dtrader XAUUSD,H1: Failed modifying LINKUSD
0	12:24:15.179	trend_dtrader XAUUSD,H1: Failed modifying LRCUSD
0	12:24:16.179	trend_dtrader XAUUSD,H1: Failed modifying LTCUSD
0	12:24:17.173	trend_dtrader XAUUSD,H1: Failed modifying MANAUSD
0	12:24:18.178	trend_dtrader XAUUSD,H1: Failed modifying MATICUSD
0	12:24:19.185	trend_dtrader XAUUSD,H1: Failed modifying NEARUSD
0	12:24:20.180	trend_dtrader XAUUSD,H1: Failed modifying NZDUSD
0	12:24:21.180	trend_dtrader XAUUSD,H1: Failed modifying SOLUSD
0	12:24:22.183	trend_dtrader XAUUSD,H1: Failed modifying SUIUSD
0	12:24:23.177	trend_dtrader XAUUSD,H1: Failed modifying TRXUSD
0	12:24:24.179	trend_dtrader XAUUSD,H1: Failed modifying UNIUSD
0	12:24:25.176	trend_dtrader XAUUSD,H1: Failed modifying USDCAD
0	12:24:26.196	trend_dtrader XAUUSD,H1: Failed modifying USDCHF
0	12:24:27.179	trend_dtrader XAUUSD,H1: Failed modifying USDJPY
0	12:24:28.183	trend_dtrader XAUUSD,H1: Failed modifying USDMXN
0	12:24:29.195	trend_dtrader XAUUSD,H1: Failed modifying USDZAR
0	12:24:30.179	trend_dtrader XAUUSD,H1: Failed modifying XAGUSD
0	12:24:31.179	trend_dtrader XAUUSD,H1: Failed modifying XAUUSD
0	12:24:32.181	trend_dtrader XAUUSD,H1: Failed modifying XBRUSD
0	12:24:33.172	trend_dtrader XAUUSD,H1: Failed modifying XNGUSD
0	12:24:34.174	trend_dtrader XAUUSD,H1: Failed modifying XRPUSD
0	12:24:35.173	trend_dtrader XAUUSD,H1: Failed modifying XTIUSD
0	12:24:36.174	trend_dtrader XAUUSD,H1: Failed modifying AAVEUSD
0	12:24:37.173	trend_dtrader XAUUSD,H1: Failed modifying ADAUSD
0	12:24:38.176	trend_dtrader XAUUSD,H1: Failed modifying ALGOUSD
0	12:24:39.178	trend_dtrader XAUUSD,H1: Failed modifying APTUSD
0	12:24:40.175	trend_dtrader XAUUSD,H1: Failed modifying ARBUSD
0	12:24:41.176	trend_dtrader XAUUSD,H1: Failed modifying ATOMUSD
0	12:24:42.178	trend_dtrader XAUUSD,H1: Failed modifying AUDUSD
0	12:24:43.177	trend_dtrader XAUUSD,H1: Failed modifying AVAXUSD
0	12:24:44.175	trend_dtrader XAUUSD,H1: Failed modifying AXSUSD
0	12:24:45.174	trend_dtrader XAUUSD,H1: Failed modifying BCHUSD
0	12:24:46.176	trend_dtrader XAUUSD,H1: Failed modifying BNBUSD
0	12:24:47.180	trend_dtrader XAUUSD,H1: Failed modifying BTCUSD
0	12:24:48.173	trend_dtrader XAUUSD,H1: Failed modifying DASHUSD
0	12:24:49.175	trend_dtrader XAUUSD,H1: Failed modifying DOGEUSD
0	12:24:50.177	trend_dtrader XAUUSD,H1: Failed modifying DOTUSD
0	12:24:51.174	trend_dtrader XAUUSD,H1: Failed modifying ETCUSD
0	12:24:52.178	trend_dtrader XAUUSD,H1: Failed modifying ETHUSD
0	12:24:53.178	trend_dtrader XAUUSD,H1: Failed modifying EURUSD
0	12:24:54.175	trend_dtrader XAUUSD,H1: Failed modifying FETUSD
0	12:24:55.181	trend_dtrader XAUUSD,H1: Failed modifying FILUSD
0	12:24:56.182	trend_dtrader XAUUSD,H1: Failed modifying FTMUSD
0	12:24:57.177	trend_dtrader XAUUSD,H1: Failed modifying GBPUSD
0	12:24:58.174	trend_dtrader XAUUSD,H1: Failed modifying GRTUSD
0	12:24:59.180	trend_dtrader XAUUSD,H1: Failed modifying ICPUSD
0	12:25:00.179	trend_dtrader XAUUSD,H1: Failed modifying IOTAUSD
0	12:25:01.181	trend_dtrader XAUUSD,H1: Failed modifying LINKUSD
0	12:25:02.175	trend_dtrader XAUUSD,H1: Failed modifying LRCUSD
0	12:25:03.178	trend_dtrader XAUUSD,H1: Failed modifying LTCUSD
0	12:25:04.188	trend_dtrader XAUUSD,H1: Failed modifying MANAUSD
0	12:25:05.178	trend_dtrader XAUUSD,H1: Failed modifying MATICUSD
0	12:25:06.178	trend_dtrader XAUUSD,H1: Failed modifying NEARUSD
0	12:25:07.180	trend_dtrader XAUUSD,H1: Failed modifying NZDUSD
0	12:25:08.206	trend_dtrader XAUUSD,H1: Failed modifying SOLUSD
0	12:25:09.180	trend_dtrader XAUUSD,H1: Failed modifying SUIUSD
0	12:25:10.182	trend_dtrader XAUUSD,H1: Failed modifying TRXUSD
0	12:25:11.181	trend_dtrader XAUUSD,H1: Failed modifying UNIUSD
0	12:25:12.177	trend_dtrader XAUUSD,H1: Failed modifying USDCAD
0	12:25:13.179	trend_dtrader XAUUSD,H1: Failed modifying USDCHF
0	12:25:14.175	trend_dtrader XAUUSD,H1: Failed modifying USDJPY
0	12:25:15.181	trend_dtrader XAUUSD,H1: Failed modifying USDMXN
0	12:25:16.182	trend_dtrader XAUUSD,H1: Failed modifying USDZAR
0	12:25:17.179	trend_dtrader XAUUSD,H1: Failed modifying XAGUSD
0	12:25:18.178	trend_dtrader XAUUSD,H1: Failed modifying XAUUSD
0	12:25:19.178	trend_dtrader XAUUSD,H1: Failed modifying XBRUSD
0	12:25:20.179	trend_dtrader XAUUSD,H1: Failed modifying XNGUSD
0	12:25:21.179	trend_dtrader XAUUSD,H1: Failed modifying XRPUSD
0	12:25:22.176	trend_dtrader XAUUSD,H1: Failed modifying XTIUSD
0	12:25:23.177	trend_dtrader XAUUSD,H1: Failed modifying AAVEUSD
0	12:25:24.177	trend_dtrader XAUUSD,H1: Failed modifying ADAUSD
0	12:25:25.179	trend_dtrader XAUUSD,H1: Failed modifying ALGOUSD
0	12:25:26.179	trend_dtrader XAUUSD,H1: Failed modifying APTUSD
0	12:25:27.180	trend_dtrader XAUUSD,H1: Failed modifying ARBUSD
0	12:25:28.177	trend_dtrader XAUUSD,H1: Failed modifying ATOMUSD
0	12:25:29.178	trend_dtrader XAUUSD,H1: Failed modifying AUDUSD
0	12:25:30.176	trend_dtrader XAUUSD,H1: Failed modifying AVAXUSD
0	12:25:31.178	trend_dtrader XAUUSD,H1: Failed modifying AXSUSD
0	12:25:32.192	trend_dtrader XAUUSD,H1: Failed modifying BCHUSD
0	12:25:33.178	trend_dtrader XAUUSD,H1: Failed modifying BNBUSD
0	12:25:34.179	trend_dtrader XAUUSD,H1: Failed modifying BTCUSD
0	12:25:35.176	trend_dtrader XAUUSD,H1: Failed modifying DASHUSD
0	12:25:36.174	trend_dtrader XAUUSD,H1: Failed modifying DOGEUSD
0	12:25:37.176	trend_dtrader XAUUSD,H1: Failed modifying DOTUSD
0	12:25:38.186	trend_dtrader XAUUSD,H1: Failed modifying ETCUSD
0	12:25:39.180	trend_dtrader XAUUSD,H1: Failed modifying ETHUSD
0	12:25:40.175	trend_dtrader XAUUSD,H1: Failed modifying EURUSD
0	12:25:41.178	trend_dtrader XAUUSD,H1: Failed modifying FETUSD
0	12:25:42.173	trend_dtrader XAUUSD,H1: Failed modifying FILUSD
0	12:25:43.176	trend_dtrader XAUUSD,H1: Failed modifying FTMUSD
0	12:25:44.174	trend_dtrader XAUUSD,H1: Failed modifying GBPUSD
0	12:25:45.178	trend_dtrader XAUUSD,H1: Failed modifying GRTUSD
0	12:25:46.176	trend_dtrader XAUUSD,H1: Failed modifying ICPUSD
0	12:25:47.174	trend_dtrader XAUUSD,H1: Failed modifying IOTAUSD
0	12:25:48.175	trend_dtrader XAUUSD,H1: Failed modifying LINKUSD
0	12:25:49.176	trend_dtrader XAUUSD,H1: Failed modifying LRCUSD
0	12:25:50.180	trend_dtrader XAUUSD,H1: Failed modifying LTCUSD
0	12:25:51.177	trend_dtrader XAUUSD,H1: Failed modifying MANAUSD
0	12:25:52.176	trend_dtrader XAUUSD,H1: Failed modifying MATICUSD
0	12:25:53.183	trend_dtrader XAUUSD,H1: Failed modifying NEARUSD
0	12:25:54.180	trend_dtrader XAUUSD,H1: Failed modifying NZDUSD
0	12:25:55.183	trend_dtrader XAUUSD,H1: Failed modifying SOLUSD
0	12:25:56.180	trend_dtrader XAUUSD,H1: Failed modifying SUIUSD
0	12:25:57.182	trend_dtrader XAUUSD,H1: Failed modifying TRXUSD
0	12:25:58.176	trend_dtrader XAUUSD,H1: Failed modifying UNIUSD
0	12:25:59.181	trend_dtrader XAUUSD,H1: Failed modifying USDCAD
0	12:26:00.177	trend_dtrader XAUUSD,H1: Failed modifying USDCHF
0	12:26:01.177	trend_dtrader XAUUSD,H1: Failed modifying USDJPY
0	12:26:02.182	trend_dtrader XAUUSD,H1: Failed modifying USDMXN
0	12:26:03.180	trend_dtrader XAUUSD,H1: Failed modifying USDZAR
0	12:26:04.179	trend_dtrader XAUUSD,H1: Failed modifying XAGUSD
0	12:26:05.182	trend_dtrader XAUUSD,H1: Failed modifying XAUUSD
0	12:26:06.180	trend_dtrader XAUUSD,H1: Failed modifying XBRUSD
0	12:26:07.181	trend_dtrader XAUUSD,H1: Failed modifying XNGUSD
0	12:26:08.179	trend_dtrader XAUUSD,H1: Failed modifying XRPUSD
0	12:26:09.179	trend_dtrader XAUUSD,H1: Failed modifying XTIUSD
0	12:26:10.186	trend_dtrader XAUUSD,H1: Failed modifying AAVEUSD
0	12:26:11.177	trend_dtrader XAUUSD,H1: Failed modifying ADAUSD
0	12:26:12.176	trend_dtrader XAUUSD,H1: Failed modifying ALGOUSD
0	12:26:13.182	trend_dtrader XAUUSD,H1: Failed modifying APTUSD
0	12:26:14.178	trend_dtrader XAUUSD,H1: Failed modifying ARBUSD
0	12:26:15.177	trend_dtrader XAUUSD,H1: Failed modifying ATOMUSD
0	12:26:16.179	trend_dtrader XAUUSD,H1: Failed modifying AUDUSD
0	12:26:17.177	trend_dtrader XAUUSD,H1: Failed modifying AVAXUSD
0	12:26:18.179	trend_dtrader XAUUSD,H1: Failed modifying AXSUSD
0	12:26:19.179	trend_dtrader XAUUSD,H1: Failed modifying BCHUSD
0	12:26:20.178	trend_dtrader XAUUSD,H1: Failed modifying BNBUSD
0	12:26:21.177	trend_dtrader XAUUSD,H1: Failed modifying BTCUSD
0	12:26:22.175	trend_dtrader XAUUSD,H1: Failed modifying DASHUSD
0	12:26:23.176	trend_dtrader XAUUSD,H1: Failed modifying DOGEUSD
0	12:26:24.173	trend_dtrader XAUUSD,H1: Failed modifying DOTUSD
0	12:26:25.175	trend_dtrader XAUUSD,H1: Failed modifying ETCUSD
0	12:26:26.174	trend_dtrader XAUUSD,H1: Failed modifying ETHUSD
0	12:26:27.178	trend_dtrader XAUUSD,H1: Failed modifying EURUSD
0	12:26:28.175	trend_dtrader XAUUSD,H1: Failed modifying FETUSD
0	12:26:29.176	trend_dtrader XAUUSD,H1: Failed modifying FILUSD
0	12:26:30.175	trend_dtrader XAUUSD,H1: Failed modifying FTMUSD
0	12:26:31.176	trend_dtrader XAUUSD,H1: Failed modifying GBPUSD
0	12:26:32.171	trend_dtrader XAUUSD,H1: Failed modifying GRTUSD
0	12:26:33.175	trend_dtrader XAUUSD,H1: Failed modifying ICPUSD
0	12:26:34.173	trend_dtrader XAUUSD,H1: Failed modifying IOTAUSD
0	12:26:35.174	trend_dtrader XAUUSD,H1: Failed modifying LINKUSD
0	12:26:36.174	trend_dtrader XAUUSD,H1: Failed modifying LRCUSD
0	12:26:37.175	trend_dtrader XAUUSD,H1: Failed modifying LTCUSD
0	12:26:38.175	trend_dtrader XAUUSD,H1: Failed modifying MANAUSD
0	12:26:39.176	trend_dtrader XAUUSD,H1: Failed modifying MATICUSD
0	12:26:40.176	trend_dtrader XAUUSD,H1: Failed modifying NEARUSD
0	12:26:41.175	trend_dtrader XAUUSD,H1: Failed modifying NZDUSD
0	12:26:42.179	trend_dtrader XAUUSD,H1: Failed modifying SOLUSD
0	12:26:43.175	trend_dtrader XAUUSD,H1: Failed modifying SUIUSD
0	12:26:44.183	trend_dtrader XAUUSD,H1: Failed modifying TRXUSD
0	12:26:45.179	trend_dtrader XAUUSD,H1: Failed modifying UNIUSD
0	12:26:46.187	trend_dtrader XAUUSD,H1: Failed modifying USDCAD
0	12:26:47.175	trend_dtrader XAUUSD,H1: Failed modifying USDCHF
0	12:26:48.180	trend_dtrader XAUUSD,H1: Failed modifying USDJPY
0	12:26:49.183	trend_dtrader XAUUSD,H1: Failed modifying USDMXN
0	12:26:50.183	trend_dtrader XAUUSD,H1: Failed modifying USDZAR
0	12:26:51.186	trend_dtrader XAUUSD,H1: Failed modifying XAGUSD
0	12:26:52.178	trend_dtrader XAUUSD,H1: Failed modifying XAUUSD
0	12:26:53.178	trend_dtrader XAUUSD,H1: Failed modifying XBRUSD
0	12:26:54.179	trend_dtrader XAUUSD,H1: Failed modifying XNGUSD
0	12:26:55.179	trend_dtrader XAUUSD,H1: Failed modifying XRPUSD
0	12:26:56.173	trend_dtrader XAUUSD,H1: Failed modifying XTIUSD
0	12:26:57.178	trend_dtrader XAUUSD,H1: Failed modifying AAVEUSD
0	12:26:58.177	trend_dtrader XAUUSD,H1: Failed modifying ADAUSD
0	12:26:59.171	trend_dtrader XAUUSD,H1: Failed modifying ALGOUSD
0	12:27:00.178	trend_dtrader XAUUSD,H1: Failed modifying APTUSD
0	12:27:01.173	trend_dtrader XAUUSD,H1: Failed modifying ARBUSD
0	12:27:02.176	trend_dtrader XAUUSD,H1: Failed modifying ATOMUSD
0	12:27:03.176	trend_dtrader XAUUSD,H1: Failed modifying AUDUSD
0	12:27:04.176	trend_dtrader XAUUSD,H1: Failed modifying AVAXUSD
0	12:27:05.175	trend_dtrader XAUUSD,H1: Failed modifying AXSUSD
0	12:27:06.174	trend_dtrader XAUUSD,H1: Failed modifying BCHUSD
0	12:27:07.175	trend_dtrader XAUUSD,H1: Failed modifying BNBUSD
0	12:27:08.174	trend_dtrader XAUUSD,H1: Failed modifying BTCUSD
0	12:27:09.174	trend_dtrader XAUUSD,H1: Failed modifying DASHUSD
0	12:27:10.181	trend_dtrader XAUUSD,H1: Failed modifying DOGEUSD
0	12:27:11.176	trend_dtrader XAUUSD,H1: Failed modifying DOTUSD
0	12:27:12.174	trend_dtrader XAUUSD,H1: Failed modifying ETCUSD
0	12:27:13.174	trend_dtrader XAUUSD,H1: Failed modifying ETHUSD
0	12:27:14.173	trend_dtrader XAUUSD,H1: Failed modifying EURUSD
0	12:27:15.175	trend_dtrader XAUUSD,H1: Failed modifying FETUSD
0	12:27:16.173	trend_dtrader XAUUSD,H1: Failed modifying FILUSD
0	12:27:17.175	trend_dtrader XAUUSD,H1: Failed modifying FTMUSD
0	12:27:18.173	trend_dtrader XAUUSD,H1: Failed modifying GBPUSD
0	12:27:19.175	trend_dtrader XAUUSD,H1: Failed modifying GRTUSD
0	12:27:20.181	trend_dtrader XAUUSD,H1: Failed modifying ICPUSD
0	12:27:21.172	trend_dtrader XAUUSD,H1: Failed modifying IOTAUSD
0	12:27:22.173	trend_dtrader XAUUSD,H1: Failed modifying LINKUSD
0	12:27:23.173	trend_dtrader XAUUSD,H1: Failed modifying LRCUSD
0	12:27:24.172	trend_dtrader XAUUSD,H1: Failed modifying LTCUSD
0	12:27:25.174	trend_dtrader XAUUSD,H1: Failed modifying MANAUSD
0	12:27:26.172	trend_dtrader XAUUSD,H1: Failed modifying MATICUSD
0	12:27:27.173	trend_dtrader XAUUSD,H1: Failed modifying NEARUSD
0	12:27:28.173	trend_dtrader XAUUSD,H1: Failed modifying NZDUSD
0	12:27:29.172	trend_dtrader XAUUSD,H1: Failed modifying SOLUSD
0	12:27:30.172	trend_dtrader XAUUSD,H1: Failed modifying SUIUSD
0	12:27:31.173	trend_dtrader XAUUSD,H1: Failed modifying TRXUSD
0	12:27:32.173	trend_dtrader XAUUSD,H1: Failed modifying UNIUSD
0	12:27:33.173	trend_dtrader XAUUSD,H1: Failed modifying USDCAD
0	12:27:34.176	trend_dtrader XAUUSD,H1: Failed modifying USDCHF
0	12:27:35.177	trend_dtrader XAUUSD,H1: Failed modifying USDJPY
0	12:27:36.177	trend_dtrader XAUUSD,H1: Failed modifying USDMXN
0	12:27:37.175	trend_dtrader XAUUSD,H1: Failed modifying USDZAR
0	12:27:38.174	trend_dtrader XAUUSD,H1: Failed modifying XAGUSD
0	12:27:39.174	trend_dtrader XAUUSD,H1: Failed modifying XAUUSD
0	12:27:40.185	trend_dtrader XAUUSD,H1: Failed modifying XBRUSD
0	12:27:41.173	trend_dtrader XAUUSD,H1: Failed modifying XNGUSD
0	12:27:42.178	trend_dtrader XAUUSD,H1: Failed modifying XRPUSD
0	12:27:43.175	trend_dtrader XAUUSD,H1: Failed modifying XTIUSD
0	12:27:44.171	trend_dtrader XAUUSD,H1: Failed modifying AAVEUSD
0	12:27:45.174	trend_dtrader XAUUSD,H1: Failed modifying ADAUSD
0	12:27:46.179	trend_dtrader XAUUSD,H1: Failed modifying ALGOUSD
0	12:27:47.173	trend_dtrader XAUUSD,H1: Failed modifying APTUSD
0	12:27:48.180	trend_dtrader XAUUSD,H1: Failed modifying ARBUSD
0	12:27:49.180	trend_dtrader XAUUSD,H1: Failed modifying ATOMUSD
0	12:27:50.179	trend_dtrader XAUUSD,H1: Failed modifying AUDUSD
0	12:27:51.176	trend_dtrader XAUUSD,H1: Failed modifying AVAXUSD
0	12:27:52.177	trend_dtrader XAUUSD,H1: Failed modifying AXSUSD
0	12:27:53.176	trend_dtrader XAUUSD,H1: Failed modifying BCHUSD
0	12:27:54.183	trend_dtrader XAUUSD,H1: Failed modifying BNBUSD
0	12:27:55.173	trend_dtrader XAUUSD,H1: Failed modifying BTCUSD
0	12:27:56.176	trend_dtrader XAUUSD,H1: Failed modifying DASHUSD
0	12:27:57.173	trend_dtrader XAUUSD,H1: Failed modifying DOGEUSD
0	12:27:58.176	trend_dtrader XAUUSD,H1: Failed modifying DOTUSD
0	12:27:59.178	trend_dtrader XAUUSD,H1: Failed modifying ETCUSD
0	12:28:00.171	trend_dtrader XAUUSD,H1: Failed modifying ETHUSD
0	12:28:01.175	trend_dtrader XAUUSD,H1: Failed modifying EURUSD
0	12:28:02.178	trend_dtrader XAUUSD,H1: Failed modifying FETUSD
0	12:28:03.176	trend_dtrader XAUUSD,H1: Failed modifying FILUSD
0	12:28:04.176	trend_dtrader XAUUSD,H1: Failed modifying FTMUSD
0	12:28:05.174	trend_dtrader XAUUSD,H1: Failed modifying GBPUSD
0	12:28:06.177	trend_dtrader XAUUSD,H1: Failed modifying GRTUSD
0	12:28:07.174	trend_dtrader XAUUSD,H1: Failed modifying ICPUSD
0	12:28:08.175	trend_dtrader XAUUSD,H1: Failed modifying IOTAUSD
0	12:28:09.175	trend_dtrader XAUUSD,H1: Failed modifying LINKUSD
0	12:28:10.173	trend_dtrader XAUUSD,H1: Failed modifying LRCUSD
0	12:28:11.173	trend_dtrader XAUUSD,H1: Failed modifying LTCUSD
0	12:28:12.180	trend_dtrader XAUUSD,H1: Failed modifying MANAUSD
0	12:28:13.174	trend_dtrader XAUUSD,H1: Failed modifying MATICUSD
0	12:28:14.174	trend_dtrader XAUUSD,H1: Failed modifying NEARUSD
0	12:28:15.178	trend_dtrader XAUUSD,H1: Failed modifying NZDUSD
0	12:28:16.175	trend_dtrader XAUUSD,H1: Failed modifying SOLUSD
0	12:28:17.171	trend_dtrader XAUUSD,H1: Failed modifying SUIUSD
0	12:28:18.172	trend_dtrader XAUUSD,H1: Failed modifying TRXUSD
0	12:28:19.174	trend_dtrader XAUUSD,H1: Failed modifying UNIUSD
0	12:28:20.175	trend_dtrader XAUUSD,H1: Failed modifying USDCAD
0	12:28:21.172	trend_dtrader XAUUSD,H1: Failed modifying USDCHF
0	12:28:22.174	trend_dtrader XAUUSD,H1: Failed modifying USDJPY
0	12:28:23.176	trend_dtrader XAUUSD,H1: Failed modifying USDMXN
0	12:28:24.177	trend_dtrader XAUUSD,H1: Failed modifying USDZAR
0	12:28:25.173	trend_dtrader XAUUSD,H1: Failed modifying XAGUSD
0	12:28:26.174	trend_dtrader XAUUSD,H1: Failed modifying XAUUSD
0	12:28:27.172	trend_dtrader XAUUSD,H1: Failed modifying XBRUSD
0	12:28:28.173	trend_dtrader XAUUSD,H1: Failed modifying XNGUSD
0	12:28:29.171	trend_dtrader XAUUSD,H1: Failed modifying XRPUSD
0	12:28:30.180	trend_dtrader XAUUSD,H1: Failed modifying XTIUSD
0	12:28:31.171	trend_dtrader XAUUSD,H1: Failed modifying AAVEUSD
0	12:28:32.171	trend_dtrader XAUUSD,H1: Failed modifying ADAUSD
0	12:28:33.178	trend_dtrader XAUUSD,H1: Failed modifying ALGOUSD
0	12:28:34.173	trend_dtrader XAUUSD,H1: Failed modifying APTUSD
0	12:28:35.178	trend_dtrader XAUUSD,H1: Failed modifying ARBUSD
0	12:28:36.174	trend_dtrader XAUUSD,H1: Failed modifying ATOMUSD
0	12:28:37.179	trend_dtrader XAUUSD,H1: Failed modifying AUDUSD
0	12:28:38.178	trend_dtrader XAUUSD,H1: Failed modifying AVAXUSD
0	12:28:39.181	trend_dtrader XAUUSD,H1: Failed modifying AXSUSD
0	12:28:40.180	trend_dtrader XAUUSD,H1: Failed modifying BCHUSD
0	12:28:41.180	trend_dtrader XAUUSD,H1: Failed modifying BNBUSD
0	12:28:42.180	trend_dtrader XAUUSD,H1: Failed modifying BTCUSD
0	12:28:43.176	trend_dtrader XAUUSD,H1: Failed modifying DASHUSD
0	12:28:44.178	trend_dtrader XAUUSD,H1: Failed modifying DOGEUSD
0	12:28:45.171	trend_dtrader XAUUSD,H1: Failed modifying DOTUSD
0	12:28:46.179	trend_dtrader XAUUSD,H1: Failed modifying ETCUSD
0	12:28:47.175	trend_dtrader XAUUSD,H1: Failed modifying ETHUSD
0	12:28:48.180	trend_dtrader XAUUSD,H1: Failed modifying EURUSD
0	12:28:49.178	trend_dtrader XAUUSD,H1: Failed modifying FETUSD
0	12:28:50.179	trend_dtrader XAUUSD,H1: Failed modifying FILUSD
0	12:28:51.177	trend_dtrader XAUUSD,H1: Failed modifying FTMUSD
0	12:28:52.178	trend_dtrader XAUUSD,H1: Failed modifying GBPUSD
0	12:28:53.176	trend_dtrader XAUUSD,H1: Failed modifying GRTUSD
0	12:28:54.180	trend_dtrader XAUUSD,H1: Failed modifying ICPUSD
0	12:28:55.174	trend_dtrader XAUUSD,H1: Failed modifying IOTAUSD
0	12:28:56.178	trend_dtrader XAUUSD,H1: Failed modifying LINKUSD
0	12:28:57.181	trend_dtrader XAUUSD,H1: Failed modifying LRCUSD
0	12:28:58.187	trend_dtrader XAUUSD,H1: Failed modifying LTCUSD
0	12:28:59.177	trend_dtrader XAUUSD,H1: Failed modifying MANAUSD
0	12:29:00.180	trend_dtrader XAUUSD,H1: Failed modifying MATICUSD
0	12:29:01.179	trend_dtrader XAUUSD,H1: Failed modifying NEARUSD
0	12:29:02.175	trend_dtrader XAUUSD,H1: Failed modifying NZDUSD
0	12:29:03.182	trend_dtrader XAUUSD,H1: Failed modifying SOLUSD
0	12:29:04.178	trend_dtrader XAUUSD,H1: Failed modifying SUIUSD
0	12:29:05.181	trend_dtrader XAUUSD,H1: Failed modifying TRXUSD
0	12:29:06.180	trend_dtrader XAUUSD,H1: Failed modifying UNIUSD
0	12:29:07.176	trend_dtrader XAUUSD,H1: Failed modifying USDCAD
0	12:29:08.179	trend_dtrader XAUUSD,H1: Failed modifying USDCHF
0	12:29:09.175	trend_dtrader XAUUSD,H1: Failed modifying USDJPY
0	12:29:10.178	trend_dtrader XAUUSD,H1: Failed modifying USDMXN
0	12:29:11.177	trend_dtrader XAUUSD,H1: Failed modifying USDZAR
0	12:29:12.188	trend_dtrader XAUUSD,H1: Failed modifying XAGUSD
0	12:29:13.176	trend_dtrader XAUUSD,H1: Failed modifying XAUUSD
0	12:29:14.176	trend_dtrader XAUUSD,H1: Failed modifying XBRUSD
0	12:29:15.178	trend_dtrader XAUUSD,H1: Failed modifying XNGUSD
0	12:29:16.179	trend_dtrader XAUUSD,H1: Failed modifying XRPUSD
0	12:29:17.179	trend_dtrader XAUUSD,H1: Failed modifying XTIUSD
0	12:29:18.175	trend_dtrader XAUUSD,H1: Failed modifying AAVEUSD
0	12:29:19.180	trend_dtrader XAUUSD,H1: Failed modifying ADAUSD
0	12:29:20.177	trend_dtrader XAUUSD,H1: Failed modifying ALGOUSD
0	12:29:21.177	trend_dtrader XAUUSD,H1: Failed modifying APTUSD
0	12:29:22.177	trend_dtrader XAUUSD,H1: Failed modifying ARBUSD
0	12:29:23.180	trend_dtrader XAUUSD,H1: Failed modifying ATOMUSD
0	12:29:24.177	trend_dtrader XAUUSD,H1: Failed modifying AUDUSD
0	12:29:25.171	trend_dtrader XAUUSD,H1: Failed modifying AVAXUSD
0	12:29:26.175	trend_dtrader XAUUSD,H1: Failed modifying AXSUSD
0	12:29:27.175	trend_dtrader XAUUSD,H1: Failed modifying BCHUSD
0	12:29:28.177	trend_dtrader XAUUSD,H1: Failed modifying BNBUSD
0	12:29:29.179	trend_dtrader XAUUSD,H1: Failed modifying BTCUSD
0	12:29:30.178	trend_dtrader XAUUSD,H1: Failed modifying DASHUSD
0	12:29:31.180	trend_dtrader XAUUSD,H1: Failed modifying DOGEUSD
0	12:29:32.181	trend_dtrader XAUUSD,H1: Failed modifying DOTUSD
0	12:29:33.179	trend_dtrader XAUUSD,H1: Failed modifying ETCUSD
0	12:29:34.187	trend_dtrader XAUUSD,H1: Failed modifying ETHUSD
0	12:29:35.178	trend_dtrader XAUUSD,H1: Failed modifying EURUSD
0	12:29:36.181	trend_dtrader XAUUSD,H1: Failed modifying FETUSD
0	12:29:37.177	trend_dtrader XAUUSD,H1: Failed modifying FILUSD
0	12:29:38.180	trend_dtrader XAUUSD,H1: Failed modifying FTMUSD
0	12:29:39.182	trend_dtrader XAUUSD,H1: Failed modifying GBPUSD
0	12:29:40.177	trend_dtrader XAUUSD,H1: Failed modifying GRTUSD
0	12:29:41.181	trend_dtrader XAUUSD,H1: Failed modifying ICPUSD
0	12:29:42.178	trend_dtrader XAUUSD,H1: Failed modifying IOTAUSD
0	12:29:43.182	trend_dtrader XAUUSD,H1: Failed modifying LINKUSD
0	12:29:44.179	trend_dtrader XAUUSD,H1: Failed modifying LRCUSD
0	12:29:45.174	trend_dtrader XAUUSD,H1: Failed modifying LTCUSD
0	12:29:46.180	trend_dtrader XAUUSD,H1: Failed modifying MANAUSD
0	12:29:47.180	trend_dtrader XAUUSD,H1: Failed modifying MATICUSD
0	12:29:48.173	trend_dtrader XAUUSD,H1: Failed modifying NEARUSD
0	12:29:49.173	trend_dtrader XAUUSD,H1: Failed modifying NZDUSD
0	12:29:50.181	trend_dtrader XAUUSD,H1: Failed modifying SOLUSD
0	12:29:51.174	trend_dtrader XAUUSD,H1: Failed modifying SUIUSD
0	12:29:52.192	trend_dtrader XAUUSD,H1: Failed modifying TRXUSD
0	12:29:53.178	trend_dtrader XAUUSD,H1: Failed modifying UNIUSD
0	12:29:54.174	trend_dtrader XAUUSD,H1: Failed modifying USDCAD
0	12:29:55.176	trend_dtrader XAUUSD,H1: Failed modifying USDCHF
0	12:29:56.179	trend_dtrader XAUUSD,H1: Failed modifying USDJPY
0	12:29:57.183	trend_dtrader XAUUSD,H1: Failed modifying USDMXN
0	12:29:58.179	trend_dtrader XAUUSD,H1: Failed modifying USDZAR
0	12:29:59.180	trend_dtrader XAUUSD,H1: Failed modifying XAGUSD
0	12:30:00.184	trend_dtrader XAUUSD,H1: Failed modifying XAUUSD
0	12:30:01.179	trend_dtrader XAUUSD,H1: Failed modifying XBRUSD
0	12:30:02.175	trend_dtrader XAUUSD,H1: Failed modifying XNGUSD
0	12:30:03.180	trend_dtrader XAUUSD,H1: Failed modifying XRPUSD
0	12:30:04.179	trend_dtrader XAUUSD,H1: Failed modifying XTIUSD
0	12:30:05.173	trend_dtrader XAUUSD,H1: Failed modifying AAVEUSD
0	12:30:06.177	trend_dtrader XAUUSD,H1: Failed modifying ADAUSD
0	12:30:07.176	trend_dtrader XAUUSD,H1: Failed modifying ALGOUSD
0	12:30:08.175	trend_dtrader XAUUSD,H1: Failed modifying APTUSD
0	12:30:09.176	trend_dtrader XAUUSD,H1: Failed modifying ARBUSD
0	12:30:10.179	trend_dtrader XAUUSD,H1: Failed modifying ATOMUSD
0	12:30:11.193	trend_dtrader XAUUSD,H1: Failed modifying AUDUSD
0	12:30:12.177	trend_dtrader XAUUSD,H1: Failed modifying AVAXUSD
0	12:30:13.177	trend_dtrader XAUUSD,H1: Failed modifying AXSUSD
0	12:30:14.178	trend_dtrader XAUUSD,H1: Failed modifying BCHUSD
0	12:30:15.182	trend_dtrader XAUUSD,H1: Failed modifying BNBUSD
0	12:30:16.175	trend_dtrader XAUUSD,H1: Failed modifying BTCUSD
0	12:30:17.176	trend_dtrader XAUUSD,H1: Failed modifying DASHUSD
0	12:30:18.176	trend_dtrader XAUUSD,H1: Failed modifying DOGEUSD
0	12:30:19.174	trend_dtrader XAUUSD,H1: Failed modifying DOTUSD
0	12:30:20.174	trend_dtrader XAUUSD,H1: Failed modifying ETCUSD
0	12:30:21.180	trend_dtrader XAUUSD,H1: Failed modifying ETHUSD
0	12:30:22.185	trend_dtrader XAUUSD,H1: Failed modifying EURUSD
0	12:30:23.186	trend_dtrader XAUUSD,H1: Failed modifying FETUSD
0	12:30:24.186	trend_dtrader XAUUSD,H1: Failed modifying FILUSD
0	12:30:25.179	trend_dtrader XAUUSD,H1: Failed modifying FTMUSD
0	12:30:26.190	trend_dtrader XAUUSD,H1: Failed modifying GBPUSD
0	12:30:27.185	trend_dtrader XAUUSD,H1: Failed modifying GRTUSD
0	12:30:28.178	trend_dtrader XAUUSD,H1: Failed modifying ICPUSD
0	12:30:29.307	trend_dtrader XAUUSD,H1: Failed modifying IOTAUSD
0	12:30:30.178	trend_dtrader XAUUSD,H1: Failed modifying LINKUSD
0	12:30:31.175	trend_dtrader XAUUSD,H1: Failed modifying LRCUSD
0	12:30:32.196	trend_dtrader XAUUSD,H1: Failed modifying LTCUSD
0	12:30:33.180	trend_dtrader XAUUSD,H1: Failed modifying MANAUSD
0	12:30:34.181	trend_dtrader XAUUSD,H1: Failed modifying MATICUSD
0	12:30:35.182	trend_dtrader XAUUSD,H1: Failed modifying NEARUSD
0	12:30:36.176	trend_dtrader XAUUSD,H1: Failed modifying NZDUSD
0	12:30:37.190	trend_dtrader XAUUSD,H1: Failed modifying SOLUSD
0	12:30:38.177	trend_dtrader XAUUSD,H1: Failed modifying SUIUSD
0	12:30:39.181	trend_dtrader XAUUSD,H1: Failed modifying TRXUSD
0	12:30:40.180	trend_dtrader XAUUSD,H1: Failed modifying UNIUSD
0	12:30:41.179	trend_dtrader XAUUSD,H1: Failed modifying USDCAD
0	12:30:42.177	trend_dtrader XAUUSD,H1: Failed modifying USDCHF
0	12:30:43.177	trend_dtrader XAUUSD,H1: Failed modifying USDJPY
0	12:30:44.178	trend_dtrader XAUUSD,H1: Failed modifying USDMXN
0	12:30:45.182	trend_dtrader XAUUSD,H1: Failed modifying USDZAR
0	12:30:46.184	trend_dtrader XAUUSD,H1: Failed modifying XAGUSD
0	12:30:47.180	trend_dtrader XAUUSD,H1: Failed modifying XAUUSD
0	12:30:48.179	trend_dtrader XAUUSD,H1: Failed modifying XBRUSD
0	12:30:49.180	trend_dtrader XAUUSD,H1: Failed modifying XNGUSD
0	12:30:50.179	trend_dtrader XAUUSD,H1: Failed modifying XRPUSD
0	12:30:51.176	trend_dtrader XAUUSD,H1: Failed modifying XTIUSD
0	12:30:52.182	trend_dtrader XAUUSD,H1: Failed modifying AAVEUSD
0	12:30:53.180	trend_dtrader XAUUSD,H1: Failed modifying ADAUSD
0	12:30:54.176	trend_dtrader XAUUSD,H1: Failed modifying ALGOUSD
0	12:30:55.178	trend_dtrader XAUUSD,H1: Failed modifying APTUSD
0	12:30:56.182	trend_dtrader XAUUSD,H1: Failed modifying ARBUSD
0	12:30:57.176	trend_dtrader XAUUSD,H1: Failed modifying ATOMUSD
0	12:30:58.176	trend_dtrader XAUUSD,H1: Failed modifying AUDUSD
0	12:30:59.186	trend_dtrader XAUUSD,H1: Failed modifying AVAXUSD
0	12:31:00.177	trend_dtrader XAUUSD,H1: Failed modifying AXSUSD
0	12:31:01.178	trend_dtrader XAUUSD,H1: Failed modifying BCHUSD
0	12:31:02.173	trend_dtrader XAUUSD,H1: Failed modifying BNBUSD
0	12:31:03.175	trend_dtrader XAUUSD,H1: Failed modifying BTCUSD
0	12:31:04.177	trend_dtrader XAUUSD,H1: Failed modifying DASHUSD
0	12:31:05.176	trend_dtrader XAUUSD,H1: Failed modifying DOGEUSD
0	12:31:06.175	trend_dtrader XAUUSD,H1: Failed modifying DOTUSD
0	12:31:07.176	trend_dtrader XAUUSD,H1: Failed modifying ETCUSD
0	12:31:08.176	trend_dtrader XAUUSD,H1: Failed modifying ETHUSD
0	12:31:09.179	trend_dtrader XAUUSD,H1: Failed modifying EURUSD
0	12:31:10.175	trend_dtrader XAUUSD,H1: Failed modifying FETUSD
0	12:31:11.174	trend_dtrader XAUUSD,H1: Failed modifying FILUSD
0	12:31:12.176	trend_dtrader XAUUSD,H1: Failed modifying FTMUSD
0	12:31:13.176	trend_dtrader XAUUSD,H1: Failed modifying GBPUSD
0	12:31:14.195	trend_dtrader XAUUSD,H1: Failed modifying GRTUSD
0	12:31:15.183	trend_dtrader XAUUSD,H1: Failed modifying ICPUSD
0	12:31:16.179	trend_dtrader XAUUSD,H1: Failed modifying IOTAUSD
0	12:31:17.178	trend_dtrader XAUUSD,H1: Failed modifying LINKUSD
0	12:31:18.185	trend_dtrader XAUUSD,H1: Failed modifying LRCUSD
0	12:31:19.180	trend_dtrader XAUUSD,H1: Failed modifying LTCUSD
0	12:31:20.182	trend_dtrader XAUUSD,H1: Failed modifying MANAUSD
0	12:31:21.180	trend_dtrader XAUUSD,H1: Failed modifying MATICUSD
0	12:31:22.183	trend_dtrader XAUUSD,H1: Failed modifying NEARUSD
0	12:31:23.178	trend_dtrader XAUUSD,H1: Failed modifying NZDUSD
0	12:31:24.183	trend_dtrader XAUUSD,H1: Failed modifying SOLUSD
0	12:31:25.182	trend_dtrader XAUUSD,H1: Failed modifying SUIUSD
0	12:31:26.182	trend_dtrader XAUUSD,H1: Failed modifying TRXUSD
0	12:31:27.180	trend_dtrader XAUUSD,H1: Failed modifying UNIUSD
0	12:31:28.179	trend_dtrader XAUUSD,H1: Failed modifying USDCAD
0	12:31:29.176	trend_dtrader XAUUSD,H1: Failed modifying USDCHF
0	12:31:30.182	trend_dtrader XAUUSD,H1: Failed modifying USDJPY
0	12:31:31.178	trend_dtrader XAUUSD,H1: Failed modifying USDMXN
0	12:31:32.179	trend_dtrader XAUUSD,H1: Failed modifying USDZAR
0	12:31:33.174	trend_dtrader XAUUSD,H1: Failed modifying XAGUSD
0	12:31:34.183	trend_dtrader XAUUSD,H1: Failed modifying XAUUSD
0	12:31:35.176	trend_dtrader XAUUSD,H1: Failed modifying XBRUSD
0	12:31:36.180	trend_dtrader XAUUSD,H1: Failed modifying XNGUSD
0	12:31:37.179	trend_dtrader XAUUSD,H1: Failed modifying XRPUSD
0	12:31:38.182	trend_dtrader XAUUSD,H1: Failed modifying XTIUSD
0	12:31:39.179	trend_dtrader XAUUSD,H1: Failed modifying AAVEUSD
0	12:31:40.177	trend_dtrader XAUUSD,H1: Failed modifying ADAUSD
0	12:31:41.186	trend_dtrader XAUUSD,H1: Failed modifying ALGOUSD
0	12:31:42.187	trend_dtrader XAUUSD,H1: Failed modifying APTUSD
0	12:31:43.180	trend_dtrader XAUUSD,H1: Failed modifying ARBUSD
0	12:31:44.178	trend_dtrader XAUUSD,H1: Failed modifying ATOMUSD
0	12:31:45.172	trend_dtrader XAUUSD,H1: Failed modifying AUDUSD
0	12:31:46.178	trend_dtrader XAUUSD,H1: Failed modifying AVAXUSD
0	12:31:47.180	trend_dtrader XAUUSD,H1: Failed modifying AXSUSD
0	12:31:48.182	trend_dtrader XAUUSD,H1: Failed modifying BCHUSD
0	12:31:49.176	trend_dtrader XAUUSD,H1: Failed modifying BNBUSD
0	12:31:50.180	trend_dtrader XAUUSD,H1: Failed modifying BTCUSD
0	12:31:51.174	trend_dtrader XAUUSD,H1: Failed modifying DASHUSD
0	12:31:52.180	trend_dtrader XAUUSD,H1: Failed modifying DOGEUSD
0	12:31:53.193	trend_dtrader XAUUSD,H1: Failed modifying DOTUSD
0	12:31:54.176	trend_dtrader XAUUSD,H1: Failed modifying ETCUSD
0	12:31:55.179	trend_dtrader XAUUSD,H1: Failed modifying ETHUSD
0	12:31:56.175	trend_dtrader XAUUSD,H1: Failed modifying EURUSD
0	12:31:57.176	trend_dtrader XAUUSD,H1: Failed modifying FETUSD
0	12:31:58.176	trend_dtrader XAUUSD,H1: Failed modifying FILUSD
0	12:31:59.176	trend_dtrader XAUUSD,H1: Failed modifying FTMUSD
0	12:32:00.177	trend_dtrader XAUUSD,H1: Failed modifying GBPUSD
0	12:32:01.176	trend_dtrader XAUUSD,H1: Failed modifying GRTUSD
0	12:32:02.175	trend_dtrader XAUUSD,H1: Failed modifying ICPUSD
0	12:32:03.177	trend_dtrader XAUUSD,H1: Failed modifying IOTAUSD
0	12:32:04.176	trend_dtrader XAUUSD,H1: Failed modifying LINKUSD
0	12:32:05.178	trend_dtrader XAUUSD,H1: Failed modifying LRCUSD
0	12:32:06.177	trend_dtrader XAUUSD,H1: Failed modifying LTCUSD
0	12:32:07.174	trend_dtrader XAUUSD,H1: Failed modifying MANAUSD
0	12:32:08.176	trend_dtrader XAUUSD,H1: Failed modifying MATICUSD
0	12:32:09.176	trend_dtrader XAUUSD,H1: Failed modifying NEARUSD
0	12:32:10.179	trend_dtrader XAUUSD,H1: Failed modifying NZDUSD
0	12:32:11.181	trend_dtrader XAUUSD,H1: Failed modifying SOLUSD
0	12:32:12.180	trend_dtrader XAUUSD,H1: Failed modifying SUIUSD
0	12:32:13.184	trend_dtrader XAUUSD,H1: Failed modifying TRXUSD
0	12:32:14.176	trend_dtrader XAUUSD,H1: Failed modifying UNIUSD
0	12:32:15.181	trend_dtrader XAUUSD,H1: Failed modifying USDCAD
0	12:32:16.174	trend_dtrader XAUUSD,H1: Failed modifying USDCHF
0	12:32:17.180	trend_dtrader XAUUSD,H1: Failed modifying USDJPY
0	12:32:18.179	trend_dtrader XAUUSD,H1: Failed modifying USDMXN
0	12:32:19.183	trend_dtrader XAUUSD,H1: Failed modifying USDZAR
0	12:32:20.182	trend_dtrader XAUUSD,H1: Failed modifying XAGUSD
0	12:32:21.179	trend_dtrader XAUUSD,H1: Failed modifying XAUUSD
0	12:32:22.184	trend_dtrader XAUUSD,H1: Failed modifying XBRUSD
0	12:32:23.180	trend_dtrader XAUUSD,H1: Failed modifying XNGUSD
0	12:32:24.179	trend_dtrader XAUUSD,H1: Failed modifying XRPUSD
0	12:32:25.181	trend_dtrader XAUUSD,H1: Failed modifying XTIUSD
0	12:32:26.182	trend_dtrader XAUUSD,H1: Failed modifying AAVEUSD
0	12:32:27.182	trend_dtrader XAUUSD,H1: Failed modifying ADAUSD
0	12:32:28.184	trend_dtrader XAUUSD,H1: Failed modifying ALGOUSD
0	12:32:29.177	trend_dtrader XAUUSD,H1: Failed modifying APTUSD
0	12:32:30.178	trend_dtrader XAUUSD,H1: Failed modifying ARBUSD
0	12:32:31.180	trend_dtrader XAUUSD,H1: Failed modifying ATOMUSD
0	12:32:32.180	trend_dtrader XAUUSD,H1: Failed modifying AUDUSD
0	12:32:33.176	trend_dtrader XAUUSD,H1: Failed modifying AVAXUSD
0	12:32:34.177	trend_dtrader XAUUSD,H1: Failed modifying AXSUSD
0	12:32:35.176	trend_dtrader XAUUSD,H1: Failed modifying BCHUSD
0	12:32:36.177	trend_dtrader XAUUSD,H1: Failed modifying BNBUSD
0	12:32:37.177	trend_dtrader XAUUSD,H1: Failed modifying BTCUSD
0	12:32:38.174	trend_dtrader XAUUSD,H1: Failed modifying DASHUSD
0	12:32:39.177	trend_dtrader XAUUSD,H1: Failed modifying DOGEUSD
0	12:32:40.180	trend_dtrader XAUUSD,H1: Failed modifying DOTUSD
0	12:32:41.174	trend_dtrader XAUUSD,H1: Failed modifying ETCUSD
0	12:32:42.176	trend_dtrader XAUUSD,H1: Failed modifying ETHUSD
0	12:32:43.178	trend_dtrader XAUUSD,H1: Failed modifying EURUSD
0	12:32:44.177	trend_dtrader XAUUSD,H1: Failed modifying FETUSD
0	12:32:45.174	trend_dtrader XAUUSD,H1: Failed modifying FILUSD
0	12:32:46.176	trend_dtrader XAUUSD,H1: Failed modifying FTMUSD
0	12:32:47.180	trend_dtrader XAUUSD,H1: Failed modifying GBPUSD
0	12:32:48.177	trend_dtrader XAUUSD,H1: Failed modifying GRTUSD
0	12:32:49.176	trend_dtrader XAUUSD,H1: Failed modifying ICPUSD
0	12:32:50.180	trend_dtrader XAUUSD,H1: Failed modifying IOTAUSD
0	12:32:51.173	trend_dtrader XAUUSD,H1: Failed modifying LINKUSD
0	12:32:52.175	trend_dtrader XAUUSD,H1: Failed modifying LRCUSD
0	12:32:53.177	trend_dtrader XAUUSD,H1: Failed modifying LTCUSD
0	12:32:54.178	trend_dtrader XAUUSD,H1: Failed modifying MANAUSD
0	12:32:55.179	trend_dtrader XAUUSD,H1: Failed modifying MATICUSD
0	12:32:56.180	trend_dtrader XAUUSD,H1: Failed modifying NEARUSD
0	12:32:57.175	trend_dtrader XAUUSD,H1: Failed modifying NZDUSD
0	12:32:58.174	trend_dtrader XAUUSD,H1: Failed modifying SOLUSD
0	12:32:59.173	trend_dtrader XAUUSD,H1: Failed modifying SUIUSD
0	12:33:00.181	trend_dtrader XAUUSD,H1: Failed modifying TRXUSD
0	12:33:01.173	trend_dtrader XAUUSD,H1: Failed modifying UNIUSD
0	12:33:02.172	trend_dtrader XAUUSD,H1: Failed modifying USDCAD
0	12:33:03.176	trend_dtrader XAUUSD,H1: Failed modifying USDCHF
0	12:33:04.175	trend_dtrader XAUUSD,H1: Failed modifying USDJPY
0	12:33:05.178	trend_dtrader XAUUSD,H1: Failed modifying USDMXN
0	12:33:06.178	trend_dtrader XAUUSD,H1: Failed modifying USDZAR
0	12:33:07.178	trend_dtrader XAUUSD,H1: Failed modifying XAGUSD
0	12:33:08.178	trend_dtrader XAUUSD,H1: Failed modifying XAUUSD
0	12:33:09.179	trend_dtrader XAUUSD,H1: Failed modifying XBRUSD
0	12:33:10.180	trend_dtrader XAUUSD,H1: Failed modifying XNGUSD
0	12:33:11.176	trend_dtrader XAUUSD,H1: Failed modifying XRPUSD
0	12:33:12.178	trend_dtrader XAUUSD,H1: Failed modifying XTIUSD
0	12:33:13.185	trend_dtrader XAUUSD,H1: Failed modifying AAVEUSD
0	12:33:14.177	trend_dtrader XAUUSD,H1: Failed modifying ADAUSD
0	12:33:15.180	trend_dtrader XAUUSD,H1: Failed modifying ALGOUSD
0	12:33:16.181	trend_dtrader XAUUSD,H1: Failed modifying APTUSD
0	12:33:17.179	trend_dtrader XAUUSD,H1: Failed modifying ARBUSD
0	12:33:18.177	trend_dtrader XAUUSD,H1: Failed modifying ATOMUSD
0	12:33:19.181	trend_dtrader XAUUSD,H1: Failed modifying AUDUSD
0	12:33:20.179	trend_dtrader XAUUSD,H1: Failed modifying AVAXUSD
0	12:33:21.182	trend_dtrader XAUUSD,H1: Failed modifying AXSUSD
0	12:33:22.180	trend_dtrader XAUUSD,H1: Failed modifying BCHUSD
0	12:33:23.180	trend_dtrader XAUUSD,H1: Failed modifying BNBUSD
0	12:33:24.175	trend_dtrader XAUUSD,H1: Failed modifying BTCUSD
0	12:33:25.176	trend_dtrader XAUUSD,H1: Failed modifying DASHUSD
0	12:33:26.177	trend_dtrader XAUUSD,H1: Failed modifying DOGEUSD
0	12:33:27.180	trend_dtrader XAUUSD,H1: Failed modifying DOTUSD
0	12:33:28.181	trend_dtrader XAUUSD,H1: Failed modifying ETCUSD
0	12:33:29.178	trend_dtrader XAUUSD,H1: Failed modifying ETHUSD
0	12:33:30.179	trend_dtrader XAUUSD,H1: Failed modifying EURUSD
0	12:33:31.177	trend_dtrader XAUUSD,H1: Failed modifying FETUSD
0	12:33:32.177	trend_dtrader XAUUSD,H1: Failed modifying FILUSD
0	12:33:33.177	trend_dtrader XAUUSD,H1: Failed modifying FTMUSD
0	12:33:34.178	trend_dtrader XAUUSD,H1: Failed modifying GBPUSD
0	12:33:35.180	trend_dtrader XAUUSD,H1: Failed modifying GRTUSD
0	12:33:36.179	trend_dtrader XAUUSD,H1: Failed modifying ICPUSD
0	12:33:37.184	trend_dtrader XAUUSD,H1: Failed modifying IOTAUSD
0	12:33:38.176	trend_dtrader XAUUSD,H1: Failed modifying LINKUSD
0	12:33:39.173	trend_dtrader XAUUSD,H1: Failed modifying LRCUSD
0	12:33:40.176	trend_dtrader XAUUSD,H1: Failed modifying LTCUSD
0	12:33:41.177	trend_dtrader XAUUSD,H1: Failed modifying MANAUSD
0	12:33:42.177	trend_dtrader XAUUSD,H1: Failed modifying MATICUSD
0	12:33:43.175	trend_dtrader XAUUSD,H1: Failed modifying NEARUSD
0	12:33:44.177	trend_dtrader XAUUSD,H1: Failed modifying NZDUSD
0	12:33:45.177	trend_dtrader XAUUSD,H1: Failed modifying SOLUSD
0	12:33:46.177	trend_dtrader XAUUSD,H1: Failed modifying SUIUSD
0	12:33:47.176	trend_dtrader XAUUSD,H1: Failed modifying TRXUSD
0	12:33:48.176	trend_dtrader XAUUSD,H1: Failed modifying UNIUSD
0	12:33:49.177	trend_dtrader XAUUSD,H1: Failed modifying USDCAD
0	12:33:50.173	trend_dtrader XAUUSD,H1: Failed modifying USDCHF
0	12:33:51.177	trend_dtrader XAUUSD,H1: Failed modifying USDJPY
0	12:33:52.179	trend_dtrader XAUUSD,H1: Failed modifying USDMXN
0	12:33:53.178	trend_dtrader XAUUSD,H1: Failed modifying USDZAR
0	12:33:54.183	trend_dtrader XAUUSD,H1: Failed modifying XAGUSD
0	12:33:55.177	trend_dtrader XAUUSD,H1: Failed modifying XAUUSD
0	12:33:56.175	trend_dtrader XAUUSD,H1: Failed modifying XBRUSD
0	12:33:57.175	trend_dtrader XAUUSD,H1: Failed modifying XNGUSD
0	12:33:58.181	trend_dtrader XAUUSD,H1: Failed modifying XRPUSD
0	12:33:59.180	trend_dtrader XAUUSD,H1: Failed modifying XTIUSD
0	12:34:00.178	trend_dtrader XAUUSD,H1: Failed modifying AAVEUSD
0	12:34:01.179	trend_dtrader XAUUSD,H1: Failed modifying ADAUSD
0	12:34:02.178	trend_dtrader XAUUSD,H1: Failed modifying ALGOUSD
0	12:34:03.182	trend_dtrader XAUUSD,H1: Failed modifying APTUSD
0	12:34:04.185	trend_dtrader XAUUSD,H1: Failed modifying ARBUSD
0	12:34:05.186	trend_dtrader XAUUSD,H1: Failed modifying ATOMUSD
0	12:34:06.180	trend_dtrader XAUUSD,H1: Failed modifying AUDUSD
0	12:34:07.179	trend_dtrader XAUUSD,H1: Failed modifying AVAXUSD
0	12:34:08.181	trend_dtrader XAUUSD,H1: Failed modifying AXSUSD
0	12:34:09.179	trend_dtrader XAUUSD,H1: Failed modifying BCHUSD
0	12:34:10.175	trend_dtrader XAUUSD,H1: Failed modifying BNBUSD
0	12:34:11.182	trend_dtrader XAUUSD,H1: Failed modifying BTCUSD
0	12:34:12.180	trend_dtrader XAUUSD,H1: Failed modifying DASHUSD
0	12:34:13.182	trend_dtrader XAUUSD,H1: Failed modifying DOGEUSD
0	12:34:14.176	trend_dtrader XAUUSD,H1: Failed modifying DOTUSD
0	12:34:15.180	trend_dtrader XAUUSD,H1: Failed modifying ETCUSD
0	12:34:16.177	trend_dtrader XAUUSD,H1: Failed modifying ETHUSD
0	12:34:17.188	trend_dtrader XAUUSD,H1: Failed modifying EURUSD
0	12:34:18.176	trend_dtrader XAUUSD,H1: Failed modifying FETUSD
0	12:34:19.179	trend_dtrader XAUUSD,H1: Failed modifying FILUSD
0	12:34:20.181	trend_dtrader XAUUSD,H1: Failed modifying FTMUSD
0	12:34:21.171	trend_dtrader XAUUSD,H1: Failed modifying GBPUSD
0	12:34:22.171	trend_dtrader XAUUSD,H1: Failed modifying GRTUSD
0	12:34:23.181	trend_dtrader XAUUSD,H1: Failed modifying ICPUSD
0	12:34:24.178	trend_dtrader XAUUSD,H1: Failed modifying IOTAUSD
0	12:34:25.176	trend_dtrader XAUUSD,H1: Failed modifying LINKUSD
0	12:34:26.177	trend_dtrader XAUUSD,H1: Failed modifying LRCUSD
0	12:34:27.175	trend_dtrader XAUUSD,H1: Failed modifying LTCUSD
0	12:34:28.175	trend_dtrader XAUUSD,H1: Failed modifying MANAUSD
0	12:34:29.182	trend_dtrader XAUUSD,H1: Failed modifying MATICUSD
0	12:34:30.177	trend_dtrader XAUUSD,H1: Failed modifying NEARUSD
0	12:34:31.177	trend_dtrader XAUUSD,H1: Failed modifying NZDUSD
0	12:34:32.180	trend_dtrader XAUUSD,H1: Failed modifying SOLUSD
0	12:34:33.177	trend_dtrader XAUUSD,H1: Failed modifying SUIUSD
0	12:34:34.177	trend_dtrader XAUUSD,H1: Failed modifying TRXUSD
0	12:34:35.183	trend_dtrader XAUUSD,H1: Failed modifying UNIUSD
0	12:34:36.175	trend_dtrader XAUUSD,H1: Failed modifying USDCAD
0	12:34:37.175	trend_dtrader XAUUSD,H1: Failed modifying USDCHF
0	12:34:38.186	trend_dtrader XAUUSD,H1: Failed modifying USDJPY
0	12:34:39.174	trend_dtrader XAUUSD,H1: Failed modifying USDMXN
0	12:34:40.179	trend_dtrader XAUUSD,H1: Failed modifying USDZAR
0	12:34:41.177	trend_dtrader XAUUSD,H1: Failed modifying XAGUSD
0	12:34:42.178	trend_dtrader XAUUSD,H1: Failed modifying XAUUSD
0	12:34:43.178	trend_dtrader XAUUSD,H1: Failed modifying XBRUSD
0	12:34:44.174	trend_dtrader XAUUSD,H1: Failed modifying XNGUSD
0	12:34:45.178	trend_dtrader XAUUSD,H1: Failed modifying XRPUSD
0	12:34:46.180	trend_dtrader XAUUSD,H1: Failed modifying XTIUSD
0	12:34:47.176	trend_dtrader XAUUSD,H1: Failed modifying AAVEUSD
0	12:34:48.174	trend_dtrader XAUUSD,H1: Failed modifying ADAUSD
0	12:34:49.175	trend_dtrader XAUUSD,H1: Failed modifying ALGOUSD
0	12:34:50.176	trend_dtrader XAUUSD,H1: Failed modifying APTUSD
0	12:34:51.175	trend_dtrader XAUUSD,H1: Failed modifying ARBUSD
0	12:34:52.174	trend_dtrader XAUUSD,H1: Failed modifying ATOMUSD
0	12:34:53.176	trend_dtrader XAUUSD,H1: Failed modifying AUDUSD
0	12:34:54.175	trend_dtrader XAUUSD,H1: Failed modifying AVAXUSD
0	12:34:55.176	trend_dtrader XAUUSD,H1: Failed modifying AXSUSD
0	12:34:56.179	trend_dtrader XAUUSD,H1: Failed modifying BCHUSD
0	12:34:57.180	trend_dtrader XAUUSD,H1: Failed modifying BNBUSD
0	12:34:58.176	trend_dtrader XAUUSD,H1: Failed modifying BTCUSD
0	12:34:59.180	trend_dtrader XAUUSD,H1: Failed modifying DASHUSD
0	12:35:00.180	trend_dtrader XAUUSD,H1: Failed modifying DOGEUSD
0	12:35:01.181	trend_dtrader XAUUSD,H1: Failed modifying DOTUSD
0	12:35:02.178	trend_dtrader XAUUSD,H1: Failed modifying ETCUSD
0	12:35:03.178	trend_dtrader XAUUSD,H1: Failed modifying ETHUSD
0	12:35:04.182	trend_dtrader XAUUSD,H1: Failed modifying EURUSD
0	12:35:05.184	trend_dtrader XAUUSD,H1: Failed modifying FETUSD
0	12:35:06.178	trend_dtrader XAUUSD,H1: Failed modifying FILUSD
0	12:35:07.174	trend_dtrader XAUUSD,H1: Failed modifying FTMUSD
0	12:35:08.181	trend_dtrader XAUUSD,H1: Failed modifying GBPUSD
0	12:35:09.176	trend_dtrader XAUUSD,H1: Failed modifying GRTUSD
0	12:35:10.180	trend_dtrader XAUUSD,H1: Failed modifying ICPUSD
0	12:35:11.174	trend_dtrader XAUUSD,H1: Failed modifying IOTAUSD
0	12:35:12.194	trend_dtrader XAUUSD,H1: Failed modifying LINKUSD
0	12:35:13.182	trend_dtrader XAUUSD,H1: Failed modifying LRCUSD
0	12:35:14.181	trend_dtrader XAUUSD,H1: Failed modifying LTCUSD
0	12:35:15.178	trend_dtrader XAUUSD,H1: Failed modifying MANAUSD
0	12:35:16.185	trend_dtrader XAUUSD,H1: Failed modifying MATICUSD
0	12:35:17.180	trend_dtrader XAUUSD,H1: Failed modifying NEARUSD
0	12:35:18.176	trend_dtrader XAUUSD,H1: Failed modifying NZDUSD
0	12:35:19.176	trend_dtrader XAUUSD,H1: Failed modifying SOLUSD
0	12:35:20.178	trend_dtrader XAUUSD,H1: Failed modifying SUIUSD
0	12:35:21.176	trend_dtrader XAUUSD,H1: Failed modifying TRXUSD
0	12:35:22.176	trend_dtrader XAUUSD,H1: Failed modifying UNIUSD
0	12:35:23.178	trend_dtrader XAUUSD,H1: Failed modifying USDCAD
0	12:35:24.177	trend_dtrader XAUUSD,H1: Failed modifying USDCHF
0	12:35:25.178	trend_dtrader XAUUSD,H1: Failed modifying USDJPY
0	12:35:26.180	trend_dtrader XAUUSD,H1: Failed modifying USDMXN
0	12:35:27.180	trend_dtrader XAUUSD,H1: Failed modifying USDZAR
0	12:35:28.178	trend_dtrader XAUUSD,H1: Failed modifying XAGUSD
0	12:35:29.180	trend_dtrader XAUUSD,H1: Failed modifying XAUUSD
0	12:35:30.179	trend_dtrader XAUUSD,H1: Failed modifying XBRUSD
0	12:35:31.178	trend_dtrader XAUUSD,H1: Failed modifying XNGUSD
0	12:35:32.177	trend_dtrader XAUUSD,H1: Failed modifying XRPUSD
0	12:35:33.176	trend_dtrader XAUUSD,H1: Failed modifying XTIUSD
0	12:35:34.177	trend_dtrader XAUUSD,H1: Failed modifying AAVEUSD
0	12:35:35.177	trend_dtrader XAUUSD,H1: Failed modifying ADAUSD
0	12:35:36.173	trend_dtrader XAUUSD,H1: Failed modifying ALGOUSD
0	12:35:37.178	trend_dtrader XAUUSD,H1: Failed modifying APTUSD
0	12:35:38.174	trend_dtrader XAUUSD,H1: Failed modifying ARBUSD
0	12:35:39.176	trend_dtrader XAUUSD,H1: Failed modifying ATOMUSD
0	12:35:40.179	trend_dtrader XAUUSD,H1: Failed modifying AUDUSD
0	12:35:41.177	trend_dtrader XAUUSD,H1: Failed modifying AVAXUSD
0	12:35:42.173	trend_dtrader XAUUSD,H1: Failed modifying AXSUSD
0	12:35:43.175	trend_dtrader XAUUSD,H1: Failed modifying BCHUSD
0	12:35:44.177	trend_dtrader XAUUSD,H1: Failed modifying BNBUSD
0	12:35:45.176	trend_dtrader XAUUSD,H1: Failed modifying BTCUSD
0	12:35:46.175	trend_dtrader XAUUSD,H1: Failed modifying DASHUSD
0	12:35:47.175	trend_dtrader XAUUSD,H1: Failed modifying DOGEUSD
0	12:35:48.184	trend_dtrader XAUUSD,H1: Failed modifying DOTUSD
0	12:35:49.187	trend_dtrader XAUUSD,H1: Failed modifying ETCUSD
0	12:35:50.175	trend_dtrader XAUUSD,H1: Failed modifying ETHUSD
0	12:35:51.178	trend_dtrader XAUUSD,H1: Failed modifying EURUSD
0	12:35:52.182	trend_dtrader XAUUSD,H1: Failed modifying FETUSD
0	12:35:53.179	trend_dtrader XAUUSD,H1: Failed modifying FILUSD
0	12:35:54.181	trend_dtrader XAUUSD,H1: Failed modifying FTMUSD
0	12:35:55.183	trend_dtrader XAUUSD,H1: Failed modifying GBPUSD
0	12:35:56.182	trend_dtrader XAUUSD,H1: Failed modifying GRTUSD
0	12:35:57.181	trend_dtrader XAUUSD,H1: Failed modifying ICPUSD
0	12:35:58.178	trend_dtrader XAUUSD,H1: Failed modifying IOTAUSD
0	12:35:59.180	trend_dtrader XAUUSD,H1: Failed modifying LINKUSD
0	12:36:00.182	trend_dtrader XAUUSD,H1: Failed modifying LRCUSD
0	12:36:01.182	trend_dtrader XAUUSD,H1: Failed modifying LTCUSD
0	12:36:02.178	trend_dtrader XAUUSD,H1: Failed modifying MANAUSD
0	12:36:03.176	trend_dtrader XAUUSD,H1: Failed modifying MATICUSD
0	12:36:04.179	trend_dtrader XAUUSD,H1: Failed modifying NEARUSD
0	12:36:05.172	trend_dtrader XAUUSD,H1: Failed modifying NZDUSD
0	12:36:06.177	trend_dtrader XAUUSD,H1: Failed modifying SOLUSD
0	12:36:07.177	trend_dtrader XAUUSD,H1: Failed modifying SUIUSD
0	12:36:08.182	trend_dtrader XAUUSD,H1: Failed modifying TRXUSD
0	12:36:09.179	trend_dtrader XAUUSD,H1: Failed modifying UNIUSD
0	12:36:10.181	trend_dtrader XAUUSD,H1: Failed modifying USDCAD
0	12:36:11.180	trend_dtrader XAUUSD,H1: Failed modifying USDCHF
0	12:36:12.180	trend_dtrader XAUUSD,H1: Failed modifying USDJPY
0	12:36:13.184	trend_dtrader XAUUSD,H1: Failed modifying USDMXN
0	12:36:14.180	trend_dtrader XAUUSD,H1: Failed modifying USDZAR
0	12:36:15.199	trend_dtrader XAUUSD,H1: Failed modifying XAGUSD
0	12:36:16.179	trend_dtrader XAUUSD,H1: Failed modifying XAUUSD
0	12:36:17.176	trend_dtrader XAUUSD,H1: Failed modifying XBRUSD
0	12:36:18.177	trend_dtrader XAUUSD,H1: Failed modifying XNGUSD
0	12:36:19.177	trend_dtrader XAUUSD,H1: Failed modifying XRPUSD
0	12:36:20.181	trend_dtrader XAUUSD,H1: Failed modifying XTIUSD
0	12:36:21.178	trend_dtrader XAUUSD,H1: Failed modifying AAVEUSD
0	12:36:22.178	trend_dtrader XAUUSD,H1: Failed modifying ADAUSD
0	12:36:23.176	trend_dtrader XAUUSD,H1: Failed modifying ALGOUSD
0	12:36:24.176	trend_dtrader XAUUSD,H1: Failed modifying APTUSD
0	12:36:25.179	trend_dtrader XAUUSD,H1: Failed modifying ARBUSD
0	12:36:26.179	trend_dtrader XAUUSD,H1: Failed modifying ATOMUSD
0	12:36:27.179	trend_dtrader XAUUSD,H1: Failed modifying AUDUSD
0	12:36:28.179	trend_dtrader XAUUSD,H1: Failed modifying AVAXUSD
0	12:36:29.176	trend_dtrader XAUUSD,H1: Failed modifying AXSUSD
0	12:36:30.177	trend_dtrader XAUUSD,H1: Failed modifying BCHUSD
0	12:36:31.176	trend_dtrader XAUUSD,H1: Failed modifying BNBUSD
0	12:36:32.176	trend_dtrader XAUUSD,H1: Failed modifying BTCUSD
0	12:36:33.176	trend_dtrader XAUUSD,H1: Failed modifying DASHUSD
0	12:36:34.177	trend_dtrader XAUUSD,H1: Failed modifying DOGEUSD
0	12:36:35.174	trend_dtrader XAUUSD,H1: Failed modifying DOTUSD
0	12:36:36.176	trend_dtrader XAUUSD,H1: Failed modifying ETCUSD
0	12:36:37.174	trend_dtrader XAUUSD,H1: Failed modifying ETHUSD
0	12:36:38.175	trend_dtrader XAUUSD,H1: Failed modifying EURUSD
0	12:36:39.176	trend_dtrader XAUUSD,H1: Failed modifying FETUSD
0	12:36:40.174	trend_dtrader XAUUSD,H1: Failed modifying FILUSD
0	12:36:41.176	trend_dtrader XAUUSD,H1: Failed modifying FTMUSD
0	12:36:42.181	trend_dtrader XAUUSD,H1: Failed modifying GBPUSD
0	12:36:43.176	trend_dtrader XAUUSD,H1: Failed modifying GRTUSD
0	12:36:44.179	trend_dtrader XAUUSD,H1: Failed modifying ICPUSD
0	12:36:45.181	trend_dtrader XAUUSD,H1: Failed modifying IOTAUSD
0	12:36:46.178	trend_dtrader XAUUSD,H1: Failed modifying LINKUSD
0	12:36:47.182	trend_dtrader XAUUSD,H1: Failed modifying LRCUSD
0	12:36:48.180	trend_dtrader XAUUSD,H1: Failed modifying LTCUSD
0	12:36:49.174	trend_dtrader XAUUSD,H1: Failed modifying MANAUSD
0	12:36:50.177	trend_dtrader XAUUSD,H1: Failed modifying MATICUSD
0	12:36:51.180	trend_dtrader XAUUSD,H1: Failed modifying NEARUSD
0	12:36:52.177	trend_dtrader XAUUSD,H1: Failed modifying NZDUSD
0	12:36:53.180	trend_dtrader XAUUSD,H1: Failed modifying SOLUSD
0	12:36:54.179	trend_dtrader XAUUSD,H1: Failed modifying SUIUSD
0	12:36:55.180	trend_dtrader XAUUSD,H1: Failed modifying TRXUSD
0	12:36:56.178	trend_dtrader XAUUSD,H1: Failed modifying UNIUSD
0	12:36:57.180	trend_dtrader XAUUSD,H1: Failed modifying USDCAD
0	12:36:58.177	trend_dtrader XAUUSD,H1: Failed modifying USDCHF
0	12:36:59.184	trend_dtrader XAUUSD,H1: Failed modifying USDJPY
0	12:37:00.184	trend_dtrader XAUUSD,H1: Failed modifying USDMXN
0	12:37:01.183	trend_dtrader XAUUSD,H1: Failed modifying USDZAR
0	12:37:02.177	trend_dtrader XAUUSD,H1: Failed modifying XAGUSD
0	12:37:03.176	trend_dtrader XAUUSD,H1: Failed modifying XAUUSD
0	12:37:04.183	trend_dtrader XAUUSD,H1: Failed modifying XBRUSD
0	12:37:05.177	trend_dtrader XAUUSD,H1: Failed modifying XNGUSD
0	12:37:06.177	trend_dtrader XAUUSD,H1: Failed modifying XRPUSD
0	12:37:07.178	trend_dtrader XAUUSD,H1: Failed modifying XTIUSD
0	12:37:08.179	trend_dtrader XAUUSD,H1: Failed modifying AAVEUSD
0	12:37:09.177	trend_dtrader XAUUSD,H1: Failed modifying ADAUSD
0	12:37:10.180	trend_dtrader XAUUSD,H1: Failed modifying ALGOUSD
0	12:37:11.177	trend_dtrader XAUUSD,H1: Failed modifying APTUSD
0	12:37:12.179	trend_dtrader XAUUSD,H1: Failed modifying ARBUSD
0	12:37:13.180	trend_dtrader XAUUSD,H1: Failed modifying ATOMUSD
0	12:37:14.183	trend_dtrader XAUUSD,H1: Failed modifying AUDUSD
0	12:37:15.179	trend_dtrader XAUUSD,H1: Failed modifying AVAXUSD
0	12:37:16.177	trend_dtrader XAUUSD,H1: Failed modifying AXSUSD
0	12:37:17.177	trend_dtrader XAUUSD,H1: Failed modifying BCHUSD
0	12:37:18.181	trend_dtrader XAUUSD,H1: Failed modifying BNBUSD
0	12:37:19.175	trend_dtrader XAUUSD,H1: Failed modifying BTCUSD
0	12:37:20.179	trend_dtrader XAUUSD,H1: Failed modifying DASHUSD
0	12:37:21.175	trend_dtrader XAUUSD,H1: Failed modifying DOGEUSD
0	12:37:22.177	trend_dtrader XAUUSD,H1: Failed modifying DOTUSD
0	12:37:23.178	trend_dtrader XAUUSD,H1: Failed modifying ETCUSD
0	12:37:24.178	trend_dtrader XAUUSD,H1: Failed modifying ETHUSD
0	12:37:25.176	trend_dtrader XAUUSD,H1: Failed modifying EURUSD
0	12:37:26.172	trend_dtrader XAUUSD,H1: Failed modifying FETUSD
0	12:37:27.174	trend_dtrader XAUUSD,H1: Failed modifying FILUSD
0	12:37:28.176	trend_dtrader XAUUSD,H1: Failed modifying FTMUSD
0	12:37:29.174	trend_dtrader XAUUSD,H1: Failed modifying GBPUSD
0	12:37:30.178	trend_dtrader XAUUSD,H1: Failed modifying GRTUSD
0	12:37:31.179	trend_dtrader XAUUSD,H1: Failed modifying ICPUSD
0	12:37:32.177	trend_dtrader XAUUSD,H1: Failed modifying IOTAUSD
0	12:37:33.176	trend_dtrader XAUUSD,H1: Failed modifying LINKUSD
0	12:37:34.175	trend_dtrader XAUUSD,H1: Failed modifying LRCUSD
0	12:37:35.179	trend_dtrader XAUUSD,H1: Failed modifying LTCUSD
0	12:37:36.177	trend_dtrader XAUUSD,H1: Failed modifying MANAUSD
0	12:37:37.174	trend_dtrader XAUUSD,H1: Failed modifying MATICUSD
0	12:37:38.184	trend_dtrader XAUUSD,H1: Failed modifying NEARUSD
0	12:37:39.172	trend_dtrader XAUUSD,H1: Failed modifying NZDUSD
0	12:37:40.181	trend_dtrader XAUUSD,H1: Failed modifying SOLUSD
0	12:37:41.187	trend_dtrader XAUUSD,H1: Failed modifying SUIUSD
0	12:37:42.184	trend_dtrader XAUUSD,H1: Failed modifying TRXUSD
0	12:37:43.180	trend_dtrader XAUUSD,H1: Failed modifying UNIUSD
0	12:37:44.186	trend_dtrader XAUUSD,H1: Failed modifying USDCAD
0	12:37:45.178	trend_dtrader XAUUSD,H1: Failed modifying USDCHF
0	12:37:46.193	trend_dtrader XAUUSD,H1: Failed modifying USDJPY
0	12:37:47.178	trend_dtrader XAUUSD,H1: Failed modifying USDMXN
0	12:37:48.181	trend_dtrader XAUUSD,H1: Failed modifying USDZAR
0	12:37:49.209	trend_dtrader XAUUSD,H1: Failed modifying XAGUSD
0	12:37:50.184	trend_dtrader XAUUSD,H1: Failed modifying XAUUSD
0	12:37:51.177	trend_dtrader XAUUSD,H1: Failed modifying XBRUSD
0	12:37:52.179	trend_dtrader XAUUSD,H1: Failed modifying XNGUSD
0	12:37:53.175	trend_dtrader XAUUSD,H1: Failed modifying XRPUSD
0	12:37:54.179	trend_dtrader XAUUSD,H1: Failed modifying XTIUSD
0	12:37:55.179	trend_dtrader XAUUSD,H1: Failed modifying AAVEUSD
0	12:37:56.180	trend_dtrader XAUUSD,H1: Failed modifying ADAUSD
0	12:37:57.183	trend_dtrader XAUUSD,H1: Failed modifying ALGOUSD
0	12:37:58.178	trend_dtrader XAUUSD,H1: Failed modifying APTUSD
0	12:37:59.179	trend_dtrader XAUUSD,H1: Failed modifying ARBUSD
0	12:38:00.181	trend_dtrader XAUUSD,H1: Failed modifying ATOMUSD
0	12:38:01.179	trend_dtrader XAUUSD,H1: Failed modifying AUDUSD
0	12:38:02.173	trend_dtrader XAUUSD,H1: Failed modifying AVAXUSD
0	12:38:03.176	trend_dtrader XAUUSD,H1: Failed modifying AXSUSD
0	12:38:04.179	trend_dtrader XAUUSD,H1: Failed modifying BCHUSD
0	12:38:05.179	trend_dtrader XAUUSD,H1: Failed modifying BNBUSD
0	12:38:06.180	trend_dtrader XAUUSD,H1: Failed modifying BTCUSD
0	12:38:07.181	trend_dtrader XAUUSD,H1: Failed modifying DASHUSD
0	12:38:08.181	trend_dtrader XAUUSD,H1: Failed modifying DOGEUSD
0	12:38:09.173	trend_dtrader XAUUSD,H1: Failed modifying DOTUSD
0	12:38:10.176	trend_dtrader XAUUSD,H1: Failed modifying ETCUSD
0	12:38:11.178	trend_dtrader XAUUSD,H1: Failed modifying ETHUSD
0	12:38:12.177	trend_dtrader XAUUSD,H1: Failed modifying EURUSD
0	12:38:13.174	trend_dtrader XAUUSD,H1: Failed modifying FETUSD
0	12:38:14.177	trend_dtrader XAUUSD,H1: Failed modifying FILUSD
0	12:38:15.176	trend_dtrader XAUUSD,H1: Failed modifying FTMUSD
0	12:38:16.177	trend_dtrader XAUUSD,H1: Failed modifying GBPUSD
0	12:38:17.182	trend_dtrader XAUUSD,H1: Failed modifying GRTUSD
0	12:38:18.179	trend_dtrader XAUUSD,H1: Failed modifying ICPUSD
0	12:38:19.176	trend_dtrader XAUUSD,H1: Failed modifying IOTAUSD
0	12:38:20.175	trend_dtrader XAUUSD,H1: Failed modifying LINKUSD
0	12:38:21.176	trend_dtrader XAUUSD,H1: Failed modifying LRCUSD
0	12:38:22.179	trend_dtrader XAUUSD,H1: Failed modifying LTCUSD
0	12:38:23.174	trend_dtrader XAUUSD,H1: Failed modifying MANAUSD
0	12:38:24.177	trend_dtrader XAUUSD,H1: Failed modifying MATICUSD
0	12:38:25.175	trend_dtrader XAUUSD,H1: Failed modifying NEARUSD
0	12:38:26.176	trend_dtrader XAUUSD,H1: Failed modifying NZDUSD
0	12:38:27.178	trend_dtrader XAUUSD,H1: Failed modifying SOLUSD
0	12:38:28.180	trend_dtrader XAUUSD,H1: Failed modifying SUIUSD
0	12:38:29.173	trend_dtrader XAUUSD,H1: Failed modifying TRXUSD
0	12:38:30.176	trend_dtrader XAUUSD,H1: Failed modifying UNIUSD
0	12:38:31.177	trend_dtrader XAUUSD,H1: Failed modifying USDCAD
0	12:38:32.177	trend_dtrader XAUUSD,H1: Failed modifying USDCHF
0	12:38:33.186	trend_dtrader XAUUSD,H1: Failed modifying USDJPY
0	12:38:34.182	trend_dtrader XAUUSD,H1: Failed modifying USDMXN
0	12:38:35.191	trend_dtrader XAUUSD,H1: Failed modifying USDZAR
0	12:38:36.197	trend_dtrader XAUUSD,H1: Failed modifying XAGUSD
0	12:38:37.182	trend_dtrader XAUUSD,H1: Failed modifying XAUUSD
0	12:38:38.177	trend_dtrader XAUUSD,H1: Failed modifying XBRUSD
0	12:38:39.175	trend_dtrader XAUUSD,H1: Failed modifying XNGUSD
0	12:38:40.173	trend_dtrader XAUUSD,H1: Failed modifying XRPUSD
0	12:38:41.186	trend_dtrader XAUUSD,H1: Failed modifying XTIUSD
0	12:38:42.198	trend_dtrader XAUUSD,H1: Failed modifying AAVEUSD
0	12:38:43.181	trend_dtrader XAUUSD,H1: Failed modifying ADAUSD
0	12:38:44.175	trend_dtrader XAUUSD,H1: Failed modifying ALGOUSD
0	12:38:45.177	trend_dtrader XAUUSD,H1: Failed modifying APTUSD
0	12:38:46.180	trend_dtrader XAUUSD,H1: Failed modifying ARBUSD
0	12:38:47.174	trend_dtrader XAUUSD,H1: Failed modifying ATOMUSD
0	12:38:48.182	trend_dtrader XAUUSD,H1: Failed modifying AUDUSD
0	12:38:49.181	trend_dtrader XAUUSD,H1: Failed modifying AVAXUSD
0	12:38:50.183	trend_dtrader XAUUSD,H1: Failed modifying AXSUSD
0	12:38:51.184	trend_dtrader XAUUSD,H1: Failed modifying BCHUSD
0	12:38:52.178	trend_dtrader XAUUSD,H1: Failed modifying BNBUSD
0	12:38:53.178	trend_dtrader XAUUSD,H1: Failed modifying BTCUSD
0	12:38:54.178	trend_dtrader XAUUSD,H1: Failed modifying DASHUSD
0	12:38:55.183	trend_dtrader XAUUSD,H1: Failed modifying DOGEUSD
0	12:38:56.176	trend_dtrader XAUUSD,H1: Failed modifying DOTUSD
0	12:38:57.178	trend_dtrader XAUUSD,H1: Failed modifying ETCUSD
0	12:38:58.176	trend_dtrader XAUUSD,H1: Failed modifying ETHUSD
0	12:38:59.174	trend_dtrader XAUUSD,H1: Failed modifying EURUSD
0	12:39:00.177	trend_dtrader XAUUSD,H1: Failed modifying FETUSD
0	12:39:01.176	trend_dtrader XAUUSD,H1: Failed modifying FILUSD
0	12:39:02.174	trend_dtrader XAUUSD,H1: Failed modifying FTMUSD
0	12:39:03.178	trend_dtrader XAUUSD,H1: Failed modifying GBPUSD
0	12:39:04.178	trend_dtrader XAUUSD,H1: Failed modifying GRTUSD
0	12:39:05.179	trend_dtrader XAUUSD,H1: Failed modifying ICPUSD
0	12:39:06.176	trend_dtrader XAUUSD,H1: Failed modifying IOTAUSD
0	12:39:07.177	trend_dtrader XAUUSD,H1: Failed modifying LINKUSD
0	12:39:08.180	trend_dtrader XAUUSD,H1: Failed modifying LRCUSD
0	12:39:09.182	trend_dtrader XAUUSD,H1: Failed modifying LTCUSD
0	12:39:10.179	trend_dtrader XAUUSD,H1: Failed modifying MANAUSD
0	12:39:11.175	trend_dtrader XAUUSD,H1: Failed modifying MATICUSD
0	12:39:12.173	trend_dtrader XAUUSD,H1: Failed modifying NEARUSD
0	12:39:13.178	trend_dtrader XAUUSD,H1: Failed modifying NZDUSD
0	12:39:14.178	trend_dtrader XAUUSD,H1: Failed modifying SOLUSD
0	12:39:15.179	trend_dtrader XAUUSD,H1: Failed modifying SUIUSD
0	12:39:16.180	trend_dtrader XAUUSD,H1: Failed modifying TRXUSD
0	12:39:17.177	trend_dtrader XAUUSD,H1: Failed modifying UNIUSD
0	12:39:18.181	trend_dtrader XAUUSD,H1: Failed modifying USDCAD
0	12:39:19.173	trend_dtrader XAUUSD,H1: Failed modifying USDCHF
0	12:39:20.176	trend_dtrader XAUUSD,H1: Failed modifying USDJPY
0	12:39:21.183	trend_dtrader XAUUSD,H1: Failed modifying USDMXN
0	12:39:22.176	trend_dtrader XAUUSD,H1: Failed modifying USDZAR
0	12:39:23.174	trend_dtrader XAUUSD,H1: Failed modifying XAGUSD
0	12:39:24.181	trend_dtrader XAUUSD,H1: Failed modifying XAUUSD
0	12:39:25.178	trend_dtrader XAUUSD,H1: Failed modifying XBRUSD
0	12:39:26.184	trend_dtrader XAUUSD,H1: Failed modifying XNGUSD
0	12:39:27.181	trend_dtrader XAUUSD,H1: Failed modifying XRPUSD
0	12:39:28.179	trend_dtrader XAUUSD,H1: Failed modifying XTIUSD
0	12:39:29.173	trend_dtrader XAUUSD,H1: Failed modifying AAVEUSD
0	12:39:30.177	trend_dtrader XAUUSD,H1: Failed modifying ADAUSD
0	12:39:31.183	trend_dtrader XAUUSD,H1: Failed modifying ALGOUSD
0	12:39:32.178	trend_dtrader XAUUSD,H1: Failed modifying APTUSD
0	12:39:33.180	trend_dtrader XAUUSD,H1: Failed modifying ARBUSD
0	12:39:34.185	trend_dtrader XAUUSD,H1: Failed modifying ATOMUSD
0	12:39:35.181	trend_dtrader XAUUSD,H1: Failed modifying AUDUSD
0	12:39:36.171	trend_dtrader XAUUSD,H1: Failed modifying AVAXUSD
0	12:39:37.183	trend_dtrader XAUUSD,H1: Failed modifying AXSUSD
0	12:39:38.181	trend_dtrader XAUUSD,H1: Failed modifying BCHUSD
0	12:39:39.180	trend_dtrader XAUUSD,H1: Failed modifying BNBUSD
0	12:39:40.178	trend_dtrader XAUUSD,H1: Failed modifying BTCUSD
0	12:39:41.173	trend_dtrader XAUUSD,H1: Failed modifying DASHUSD
0	12:39:42.179	trend_dtrader XAUUSD,H1: Failed modifying DOGEUSD
0	12:39:43.179	trend_dtrader XAUUSD,H1: Failed modifying DOTUSD
0	12:39:44.180	trend_dtrader XAUUSD,H1: Failed modifying ETCUSD
0	12:39:45.180	trend_dtrader XAUUSD,H1: Failed modifying ETHUSD
0	12:39:46.178	trend_dtrader XAUUSD,H1: Failed modifying EURUSD
0	12:39:47.177	trend_dtrader XAUUSD,H1: Failed modifying FETUSD
0	12:39:48.175	trend_dtrader XAUUSD,H1: Failed modifying FILUSD
0	12:39:49.177	trend_dtrader XAUUSD,H1: Failed modifying FTMUSD
0	12:39:50.174	trend_dtrader XAUUSD,H1: Failed modifying GBPUSD
0	12:39:51.180	trend_dtrader XAUUSD,H1: Failed modifying GRTUSD
0	12:39:52.179	trend_dtrader XAUUSD,H1: Failed modifying ICPUSD
0	12:39:53.179	trend_dtrader XAUUSD,H1: Failed modifying IOTAUSD
0	12:39:54.176	trend_dtrader XAUUSD,H1: Failed modifying LINKUSD
0	12:39:55.177	trend_dtrader XAUUSD,H1: Failed modifying LRCUSD
0	12:39:56.174	trend_dtrader XAUUSD,H1: Failed modifying LTCUSD
0	12:39:57.174	trend_dtrader XAUUSD,H1: Failed modifying MANAUSD
0	12:39:58.180	trend_dtrader XAUUSD,H1: Failed modifying MATICUSD
0	12:39:59.179	trend_dtrader XAUUSD,H1: Failed modifying NEARUSD
0	12:40:00.178	trend_dtrader XAUUSD,H1: Failed modifying NZDUSD
0	12:40:01.176	trend_dtrader XAUUSD,H1: Failed modifying SOLUSD
0	12:40:02.174	trend_dtrader XAUUSD,H1: Failed modifying SUIUSD
0	12:40:03.178	trend_dtrader XAUUSD,H1: Failed modifying TRXUSD
0	12:40:04.179	trend_dtrader XAUUSD,H1: Failed modifying UNIUSD
0	12:40:05.183	trend_dtrader XAUUSD,H1: Failed modifying USDCAD
0	12:40:06.174	trend_dtrader XAUUSD,H1: Failed modifying USDCHF
0	12:40:07.184	trend_dtrader XAUUSD,H1: Failed modifying USDJPY
0	12:40:08.178	trend_dtrader XAUUSD,H1: Failed modifying USDMXN
0	12:40:09.182	trend_dtrader XAUUSD,H1: Failed modifying USDZAR
0	12:40:10.174	trend_dtrader XAUUSD,H1: Failed modifying XAGUSD
0	12:40:11.183	trend_dtrader XAUUSD,H1: Failed modifying XAUUSD
0	12:40:12.176	trend_dtrader XAUUSD,H1: Failed modifying XBRUSD
0	12:40:13.177	trend_dtrader XAUUSD,H1: Failed modifying XNGUSD
0	12:40:14.176	trend_dtrader XAUUSD,H1: Failed modifying XRPUSD
0	12:40:15.176	trend_dtrader XAUUSD,H1: Failed modifying XTIUSD
0	12:40:16.176	trend_dtrader XAUUSD,H1: Failed modifying AAVEUSD
0	12:40:17.177	trend_dtrader XAUUSD,H1: Failed modifying ADAUSD
0	12:40:18.177	trend_dtrader XAUUSD,H1: Failed modifying ALGOUSD
0	12:40:19.179	trend_dtrader XAUUSD,H1: Failed modifying APTUSD
0	12:40:20.180	trend_dtrader XAUUSD,H1: Failed modifying ARBUSD
0	12:40:21.180	trend_dtrader XAUUSD,H1: Failed modifying ATOMUSD
0	12:40:22.174	trend_dtrader XAUUSD,H1: Failed modifying AUDUSD
0	12:40:23.179	trend_dtrader XAUUSD,H1: Failed modifying AVAXUSD
0	12:40:24.178	trend_dtrader XAUUSD,H1: Failed modifying AXSUSD
0	12:40:25.180	trend_dtrader XAUUSD,H1: Failed modifying BCHUSD
0	12:40:26.184	trend_dtrader XAUUSD,H1: Failed modifying BNBUSD
0	12:40:27.179	trend_dtrader XAUUSD,H1: Failed modifying BTCUSD
0	12:40:28.179	trend_dtrader XAUUSD,H1: Failed modifying DASHUSD
0	12:40:29.177	trend_dtrader XAUUSD,H1: Failed modifying DOGEUSD
0	12:40:30.190	trend_dtrader XAUUSD,H1: Failed modifying DOTUSD
0	12:40:31.179	trend_dtrader XAUUSD,H1: Failed modifying ETCUSD
0	12:40:32.174	trend_dtrader XAUUSD,H1: Failed modifying ETHUSD
0	12:40:33.173	trend_dtrader XAUUSD,H1: Failed modifying EURUSD
0	12:40:34.183	trend_dtrader XAUUSD,H1: Failed modifying FETUSD
0	12:40:35.182	trend_dtrader XAUUSD,H1: Failed modifying FILUSD
0	12:40:36.177	trend_dtrader XAUUSD,H1: Failed modifying FTMUSD
0	12:40:37.180	trend_dtrader XAUUSD,H1: Failed modifying GBPUSD
0	12:40:38.176	trend_dtrader XAUUSD,H1: Failed modifying GRTUSD
0	12:40:39.184	trend_dtrader XAUUSD,H1: Failed modifying ICPUSD
0	12:40:40.183	trend_dtrader XAUUSD,H1: Failed modifying IOTAUSD
0	12:40:41.176	trend_dtrader XAUUSD,H1: Failed modifying LINKUSD
0	12:40:42.180	trend_dtrader XAUUSD,H1: Failed modifying LRCUSD
0	12:40:43.182	trend_dtrader XAUUSD,H1: Failed modifying LTCUSD
0	12:40:44.175	trend_dtrader XAUUSD,H1: Failed modifying MANAUSD
0	12:40:45.176	trend_dtrader XAUUSD,H1: Failed modifying MATICUSD
0	12:40:46.180	trend_dtrader XAUUSD,H1: Failed modifying NEARUSD
0	12:40:47.178	trend_dtrader XAUUSD,H1: Failed modifying NZDUSD
0	12:40:48.179	trend_dtrader XAUUSD,H1: Failed modifying SOLUSD
0	12:40:49.179	trend_dtrader XAUUSD,H1: Failed modifying SUIUSD
0	12:40:50.181	trend_dtrader XAUUSD,H1: Failed modifying TRXUSD
0	12:40:51.177	trend_dtrader XAUUSD,H1: Failed modifying UNIUSD
0	12:40:52.182	trend_dtrader XAUUSD,H1: Failed modifying USDCAD
0	12:40:53.175	trend_dtrader XAUUSD,H1: Failed modifying USDCHF
0	12:40:54.178	trend_dtrader XAUUSD,H1: Failed modifying USDJPY
0	12:40:55.185	trend_dtrader XAUUSD,H1: Failed modifying USDMXN
0	12:40:56.179	trend_dtrader XAUUSD,H1: Failed modifying USDZAR
0	12:40:57.177	trend_dtrader XAUUSD,H1: Failed modifying XAGUSD
0	12:40:58.180	trend_dtrader XAUUSD,H1: Failed modifying XAUUSD
0	12:40:59.178	trend_dtrader XAUUSD,H1: Failed modifying XBRUSD
0	12:41:00.177	trend_dtrader XAUUSD,H1: Failed modifying XNGUSD
0	12:41:01.182	trend_dtrader XAUUSD,H1: Failed modifying XRPUSD
0	12:41:02.174	trend_dtrader XAUUSD,H1: Failed modifying XTIUSD
0	12:41:03.175	trend_dtrader XAUUSD,H1: Failed modifying AAVEUSD
0	12:41:04.177	trend_dtrader XAUUSD,H1: Failed modifying ADAUSD
0	12:41:05.176	trend_dtrader XAUUSD,H1: Failed modifying ALGOUSD
0	12:41:06.175	trend_dtrader XAUUSD,H1: Failed modifying APTUSD
0	12:41:07.179	trend_dtrader XAUUSD,H1: Failed modifying ARBUSD
0	12:41:08.178	trend_dtrader XAUUSD,H1: Failed modifying ATOMUSD
0	12:41:09.182	trend_dtrader XAUUSD,H1: Failed modifying AUDUSD
0	12:41:10.181	trend_dtrader XAUUSD,H1: Failed modifying AVAXUSD
0	12:41:11.179	trend_dtrader XAUUSD,H1: Failed modifying AXSUSD
0	12:41:12.171	trend_dtrader XAUUSD,H1: Failed modifying BCHUSD
0	12:41:13.177	trend_dtrader XAUUSD,H1: Failed modifying BNBUSD
0	12:41:14.181	trend_dtrader XAUUSD,H1: Failed modifying BTCUSD
0	12:41:15.179	trend_dtrader XAUUSD,H1: Failed modifying DASHUSD
0	12:41:16.175	trend_dtrader XAUUSD,H1: Failed modifying DOGEUSD
0	12:41:17.173	trend_dtrader XAUUSD,H1: Failed modifying DOTUSD
0	12:41:18.183	trend_dtrader XAUUSD,H1: Failed modifying ETCUSD
0	12:41:19.178	trend_dtrader XAUUSD,H1: Failed modifying ETHUSD
0	12:41:20.175	trend_dtrader XAUUSD,H1: Failed modifying EURUSD
0	12:41:21.178	trend_dtrader XAUUSD,H1: Failed modifying FETUSD
0	12:41:22.177	trend_dtrader XAUUSD,H1: Failed modifying FILUSD
0	12:41:23.179	trend_dtrader XAUUSD,H1: Failed modifying FTMUSD
0	12:41:24.183	trend_dtrader XAUUSD,H1: Failed modifying GBPUSD
0	12:41:25.178	trend_dtrader XAUUSD,H1: Failed modifying GRTUSD
0	12:41:26.178	trend_dtrader XAUUSD,H1: Failed modifying ICPUSD
0	12:41:27.179	trend_dtrader XAUUSD,H1: Failed modifying IOTAUSD
0	12:41:28.181	trend_dtrader XAUUSD,H1: Failed modifying LINKUSD
0	12:41:29.177	trend_dtrader XAUUSD,H1: Failed modifying LRCUSD
0	12:41:30.175	trend_dtrader XAUUSD,H1: Failed modifying LTCUSD
0	12:41:31.178	trend_dtrader XAUUSD,H1: Failed modifying MANAUSD
0	12:41:32.177	trend_dtrader XAUUSD,H1: Failed modifying MATICUSD
0	12:41:33.180	trend_dtrader XAUUSD,H1: Failed modifying NEARUSD
0	12:41:34.179	trend_dtrader XAUUSD,H1: Failed modifying NZDUSD
0	12:41:35.176	trend_dtrader XAUUSD,H1: Failed modifying SOLUSD
0	12:41:36.177	trend_dtrader XAUUSD,H1: Failed modifying SUIUSD
0	12:41:37.177	trend_dtrader XAUUSD,H1: Failed modifying TRXUSD
0	12:41:38.177	trend_dtrader XAUUSD,H1: Failed modifying UNIUSD
0	12:41:39.176	trend_dtrader XAUUSD,H1: Failed modifying USDCAD
0	12:41:40.177	trend_dtrader XAUUSD,H1: Failed modifying USDCHF
0	12:41:41.178	trend_dtrader XAUUSD,H1: Failed modifying USDJPY
0	12:41:42.186	trend_dtrader XAUUSD,H1: Failed modifying USDMXN
0	12:41:43.177	trend_dtrader XAUUSD,H1: Failed modifying USDZAR
0	12:41:44.182	trend_dtrader XAUUSD,H1: Failed modifying XAGUSD
0	12:41:45.189	trend_dtrader XAUUSD,H1: Failed modifying XAUUSD
0	12:41:46.181	trend_dtrader XAUUSD,H1: Failed modifying XBRUSD
0	12:41:47.176	trend_dtrader XAUUSD,H1: Failed modifying XNGUSD
0	12:41:48.182	trend_dtrader XAUUSD,H1: Failed modifying XRPUSD
0	12:41:49.179	trend_dtrader XAUUSD,H1: Failed modifying XTIUSD
0	12:41:50.182	trend_dtrader XAUUSD,H1: Failed modifying AAVEUSD
0	12:41:51.174	trend_dtrader XAUUSD,H1: Failed modifying ADAUSD
0	12:41:52.176	trend_dtrader XAUUSD,H1: Failed modifying ALGOUSD
0	12:41:53.173	trend_dtrader XAUUSD,H1: Failed modifying APTUSD
0	12:41:54.176	trend_dtrader XAUUSD,H1: Failed modifying ARBUSD
0	12:41:55.179	trend_dtrader XAUUSD,H1: Failed modifying ATOMUSD
0	12:41:56.181	trend_dtrader XAUUSD,H1: Failed modifying AUDUSD
0	12:41:57.175	trend_dtrader XAUUSD,H1: Failed modifying AVAXUSD
0	12:41:58.180	trend_dtrader XAUUSD,H1: Failed modifying AXSUSD
0	12:41:59.179	trend_dtrader XAUUSD,H1: Failed modifying BCHUSD
0	12:42:00.178	trend_dtrader XAUUSD,H1: Failed modifying BNBUSD
0	12:42:01.175	trend_dtrader XAUUSD,H1: Failed modifying BTCUSD
0	12:42:02.177	trend_dtrader XAUUSD,H1: Failed modifying DASHUSD
0	12:42:03.174	trend_dtrader XAUUSD,H1: Failed modifying DOGEUSD
0	12:42:04.176	trend_dtrader XAUUSD,H1: Failed modifying DOTUSD
0	12:42:05.174	trend_dtrader XAUUSD,H1: Failed modifying ETCUSD
0	12:42:06.177	trend_dtrader XAUUSD,H1: Failed modifying ETHUSD
0	12:42:07.179	trend_dtrader XAUUSD,H1: Failed modifying EURUSD
0	12:42:08.178	trend_dtrader XAUUSD,H1: Failed modifying FETUSD
0	12:42:09.172	trend_dtrader XAUUSD,H1: Failed modifying FILUSD
0	12:42:10.176	trend_dtrader XAUUSD,H1: Failed modifying FTMUSD
0	12:42:11.188	trend_dtrader XAUUSD,H1: Failed modifying GBPUSD
0	12:42:12.175	trend_dtrader XAUUSD,H1: Failed modifying GRTUSD
0	12:42:13.186	trend_dtrader XAUUSD,H1: Failed modifying ICPUSD
0	12:42:14.176	trend_dtrader XAUUSD,H1: Failed modifying IOTAUSD
0	12:42:15.181	trend_dtrader XAUUSD,H1: Failed modifying LINKUSD
0	12:42:16.178	trend_dtrader XAUUSD,H1: Failed modifying LRCUSD
0	12:42:17.173	trend_dtrader XAUUSD,H1: Failed modifying LTCUSD
0	12:42:18.179	trend_dtrader XAUUSD,H1: Failed modifying MANAUSD
0	12:42:19.176	trend_dtrader XAUUSD,H1: Failed modifying MATICUSD
0	12:42:20.180	trend_dtrader XAUUSD,H1: Failed modifying NEARUSD
0	12:42:21.182	trend_dtrader XAUUSD,H1: Failed modifying NZDUSD
0	12:42:22.181	trend_dtrader XAUUSD,H1: Failed modifying SOLUSD
0	12:42:23.181	trend_dtrader XAUUSD,H1: Failed modifying SUIUSD
0	12:42:24.174	trend_dtrader XAUUSD,H1: Failed modifying TRXUSD
0	12:42:25.177	trend_dtrader XAUUSD,H1: Failed modifying UNIUSD
0	12:42:26.174	trend_dtrader XAUUSD,H1: Failed modifying USDCAD
0	12:42:27.172	trend_dtrader XAUUSD,H1: Failed modifying USDCHF
0	12:42:28.180	trend_dtrader XAUUSD,H1: Failed modifying USDJPY
0	12:42:29.181	trend_dtrader XAUUSD,H1: Failed modifying USDMXN
0	12:42:30.179	trend_dtrader XAUUSD,H1: Failed modifying USDZAR
0	12:42:31.186	trend_dtrader XAUUSD,H1: Failed modifying XAGUSD
0	12:42:32.182	trend_dtrader XAUUSD,H1: Failed modifying XAUUSD
0	12:42:33.175	trend_dtrader XAUUSD,H1: Failed modifying XBRUSD
0	12:42:34.183	trend_dtrader XAUUSD,H1: Failed modifying XNGUSD
0	12:42:35.177	trend_dtrader XAUUSD,H1: Failed modifying XRPUSD
0	12:42:36.181	trend_dtrader XAUUSD,H1: Failed modifying XTIUSD
0	12:42:37.177	trend_dtrader XAUUSD,H1: Failed modifying AAVEUSD
0	12:42:38.185	trend_dtrader XAUUSD,H1: Failed modifying ADAUSD
0	12:42:39.176	trend_dtrader XAUUSD,H1: Failed modifying ALGOUSD
0	12:42:40.177	trend_dtrader XAUUSD,H1: Failed modifying APTUSD
0	12:42:41.177	trend_dtrader XAUUSD,H1: Failed modifying ARBUSD
0	12:42:42.177	trend_dtrader XAUUSD,H1: Failed modifying ATOMUSD
0	12:42:43.177	trend_dtrader XAUUSD,H1: Failed modifying AUDUSD
0	12:42:44.173	trend_dtrader XAUUSD,H1: Failed modifying AVAXUSD
0	12:42:45.177	trend_dtrader XAUUSD,H1: Failed modifying AXSUSD
0	12:42:46.178	trend_dtrader XAUUSD,H1: Failed modifying BCHUSD
0	12:42:47.180	trend_dtrader XAUUSD,H1: Failed modifying BNBUSD
0	12:42:48.175	trend_dtrader XAUUSD,H1: Failed modifying BTCUSD
0	12:42:49.177	trend_dtrader XAUUSD,H1: Failed modifying DASHUSD
0	12:42:50.177	trend_dtrader XAUUSD,H1: Failed modifying DOGEUSD
0	12:42:51.175	trend_dtrader XAUUSD,H1: Failed modifying DOTUSD
0	12:42:52.179	trend_dtrader XAUUSD,H1: Failed modifying ETCUSD
0	12:42:53.176	trend_dtrader XAUUSD,H1: Failed modifying ETHUSD
0	12:42:54.178	trend_dtrader XAUUSD,H1: Failed modifying EURUSD
0	12:42:55.176	trend_dtrader XAUUSD,H1: Failed modifying FETUSD
0	12:42:56.175	trend_dtrader XAUUSD,H1: Failed modifying FILUSD
0	12:42:57.179	trend_dtrader XAUUSD,H1: Failed modifying FTMUSD
0	12:42:58.177	trend_dtrader XAUUSD,H1: Failed modifying GBPUSD
0	12:42:59.178	trend_dtrader XAUUSD,H1: Failed modifying GRTUSD
0	12:43:00.179	trend_dtrader XAUUSD,H1: Failed modifying ICPUSD
0	12:43:01.175	trend_dtrader XAUUSD,H1: Failed modifying IOTAUSD
0	12:43:02.172	trend_dtrader XAUUSD,H1: Failed modifying LINKUSD
0	12:43:03.173	trend_dtrader XAUUSD,H1: Failed modifying LRCUSD
0	12:43:04.186	trend_dtrader XAUUSD,H1: Failed modifying LTCUSD
0	12:43:05.178	trend_dtrader XAUUSD,H1: Failed modifying MANAUSD
0	12:43:06.175	trend_dtrader XAUUSD,H1: Failed modifying MATICUSD
0	12:43:07.184	trend_dtrader XAUUSD,H1: Failed modifying NEARUSD
0	12:43:08.183	trend_dtrader XAUUSD,H1: Failed modifying NZDUSD
0	12:43:09.181	trend_dtrader XAUUSD,H1: Failed modifying SOLUSD
0	12:43:10.183	trend_dtrader XAUUSD,H1: Failed modifying SUIUSD
0	12:43:11.183	trend_dtrader XAUUSD,H1: Failed modifying TRXUSD
0	12:43:12.182	trend_dtrader XAUUSD,H1: Failed modifying UNIUSD
0	12:43:13.178	trend_dtrader XAUUSD,H1: Failed modifying USDCAD
0	12:43:14.181	trend_dtrader XAUUSD,H1: Failed modifying USDCHF
0	12:43:15.181	trend_dtrader XAUUSD,H1: Failed modifying USDJPY
0	12:43:16.183	trend_dtrader XAUUSD,H1: Failed modifying USDMXN
0	12:43:17.182	trend_dtrader XAUUSD,H1: Failed modifying USDZAR
0	12:43:18.179	trend_dtrader XAUUSD,H1: Failed modifying XAGUSD
0	12:43:19.187	trend_dtrader XAUUSD,H1: Failed modifying XAUUSD
0	12:43:20.179	trend_dtrader XAUUSD,H1: Failed modifying XBRUSD
0	12:43:21.182	trend_dtrader XAUUSD,H1: Failed modifying XNGUSD
0	12:43:22.180	trend_dtrader XAUUSD,H1: Failed modifying XRPUSD
0	12:43:23.180	trend_dtrader XAUUSD,H1: Failed modifying XTIUSD
0	12:43:24.178	trend_dtrader XAUUSD,H1: Failed modifying AAVEUSD
0	12:43:25.177	trend_dtrader XAUUSD,H1: Failed modifying ADAUSD
0	12:43:26.180	trend_dtrader XAUUSD,H1: Failed modifying ALGOUSD
0	12:43:27.178	trend_dtrader XAUUSD,H1: Failed modifying APTUSD
0	12:43:28.184	trend_dtrader XAUUSD,H1: Failed modifying ARBUSD
0	12:43:29.180	trend_dtrader XAUUSD,H1: Failed modifying ATOMUSD
0	12:43:30.178	trend_dtrader XAUUSD,H1: Failed modifying AUDUSD
0	12:43:31.178	trend_dtrader XAUUSD,H1: Failed modifying AVAXUSD
0	12:43:32.179	trend_dtrader XAUUSD,H1: Failed modifying AXSUSD
0	12:43:33.177	trend_dtrader XAUUSD,H1: Failed modifying BCHUSD
0	12:43:34.177	trend_dtrader XAUUSD,H1: Failed modifying BNBUSD
0	12:43:35.181	trend_dtrader XAUUSD,H1: Failed modifying BTCUSD
0	12:43:36.177	trend_dtrader XAUUSD,H1: Failed modifying DASHUSD
0	12:43:37.182	trend_dtrader XAUUSD,H1: Failed modifying DOGEUSD
0	12:43:38.176	trend_dtrader XAUUSD,H1: Failed modifying DOTUSD
0	12:43:39.175	trend_dtrader XAUUSD,H1: Failed modifying ETCUSD
0	12:43:40.174	trend_dtrader XAUUSD,H1: Failed modifying ETHUSD
0	12:43:41.178	trend_dtrader XAUUSD,H1: Failed modifying EURUSD
0	12:43:42.174	trend_dtrader XAUUSD,H1: Failed modifying FETUSD
0	12:43:43.179	trend_dtrader XAUUSD,H1: Failed modifying FILUSD
0	12:43:44.182	trend_dtrader XAUUSD,H1: Failed modifying FTMUSD
0	12:43:45.177	trend_dtrader XAUUSD,H1: Failed modifying GBPUSD
0	12:43:46.180	trend_dtrader XAUUSD,H1: Failed modifying GRTUSD
0	12:43:47.176	trend_dtrader XAUUSD,H1: Failed modifying ICPUSD
0	12:43:48.177	trend_dtrader XAUUSD,H1: Failed modifying IOTAUSD
0	12:43:49.176	trend_dtrader XAUUSD,H1: Failed modifying LINKUSD
0	12:43:50.176	trend_dtrader XAUUSD,H1: Failed modifying LRCUSD
0	12:43:51.179	trend_dtrader XAUUSD,H1: Failed modifying LTCUSD
0	12:43:52.176	trend_dtrader XAUUSD,H1: Failed modifying MANAUSD
0	12:43:53.172	trend_dtrader XAUUSD,H1: Failed modifying MATICUSD
0	12:43:54.174	trend_dtrader XAUUSD,H1: Failed modifying NEARUSD
0	12:43:55.176	trend_dtrader XAUUSD,H1: Failed modifying NZDUSD
0	12:43:56.179	trend_dtrader XAUUSD,H1: Failed modifying SOLUSD
0	12:43:57.182	trend_dtrader XAUUSD,H1: Failed modifying SUIUSD
0	12:43:58.175	trend_dtrader XAUUSD,H1: Failed modifying TRXUSD
0	12:43:59.180	trend_dtrader XAUUSD,H1: Failed modifying UNIUSD
0	12:44:00.181	trend_dtrader XAUUSD,H1: Failed modifying USDCAD
0	12:44:01.176	trend_dtrader XAUUSD,H1: Failed modifying USDCHF
0	12:44:02.176	trend_dtrader XAUUSD,H1: Failed modifying USDJPY
0	12:44:03.186	trend_dtrader XAUUSD,H1: Failed modifying USDMXN
0	12:44:04.181	trend_dtrader XAUUSD,H1: Failed modifying USDZAR
0	12:44:05.183	trend_dtrader XAUUSD,H1: Failed modifying XAGUSD
0	12:44:06.182	trend_dtrader XAUUSD,H1: Failed modifying XAUUSD
0	12:44:07.176	trend_dtrader XAUUSD,H1: Failed modifying XBRUSD
0	12:44:08.181	trend_dtrader XAUUSD,H1: Failed modifying XNGUSD
0	12:44:09.182	trend_dtrader XAUUSD,H1: Failed modifying XRPUSD
0	12:44:10.184	trend_dtrader XAUUSD,H1: Failed modifying XTIUSD
0	12:44:11.178	trend_dtrader XAUUSD,H1: Failed modifying AAVEUSD
0	12:44:12.180	trend_dtrader XAUUSD,H1: Failed modifying ADAUSD
0	12:44:13.177	trend_dtrader XAUUSD,H1: Failed modifying ALGOUSD
0	12:44:14.177	trend_dtrader XAUUSD,H1: Failed modifying APTUSD
0	12:44:15.181	trend_dtrader XAUUSD,H1: Failed modifying ARBUSD
0	12:44:16.177	trend_dtrader XAUUSD,H1: Failed modifying ATOMUSD
0	12:44:17.182	trend_dtrader XAUUSD,H1: Failed modifying AUDUSD
0	12:44:18.176	trend_dtrader XAUUSD,H1: Failed modifying AVAXUSD
0	12:44:19.178	trend_dtrader XAUUSD,H1: Failed modifying AXSUSD
0	12:44:20.179	trend_dtrader XAUUSD,H1: Failed modifying BCHUSD
0	12:44:21.174	trend_dtrader XAUUSD,H1: Failed modifying BNBUSD
0	12:44:22.179	trend_dtrader XAUUSD,H1: Failed modifying BTCUSD
0	12:44:23.174	trend_dtrader XAUUSD,H1: Failed modifying DASHUSD
0	12:44:24.176	trend_dtrader XAUUSD,H1: Failed modifying DOGEUSD
0	12:44:25.175	trend_dtrader XAUUSD,H1: Failed modifying DOTUSD
0	12:44:26.177	trend_dtrader XAUUSD,H1: Failed modifying ETCUSD
0	12:44:27.176	trend_dtrader XAUUSD,H1: Failed modifying ETHUSD
0	12:44:28.180	trend_dtrader XAUUSD,H1: Failed modifying EURUSD
0	12:44:29.179	trend_dtrader XAUUSD,H1: Failed modifying FETUSD
0	12:44:30.178	trend_dtrader XAUUSD,H1: Failed modifying FILUSD
0	12:44:31.177	trend_dtrader XAUUSD,H1: Failed modifying FTMUSD
0	12:44:32.178	trend_dtrader XAUUSD,H1: Failed modifying GBPUSD
0	12:44:33.178	trend_dtrader XAUUSD,H1: Failed modifying GRTUSD
0	12:44:34.179	trend_dtrader XAUUSD,H1: Failed modifying ICPUSD
0	12:44:35.179	trend_dtrader XAUUSD,H1: Failed modifying IOTAUSD
0	12:44:36.181	trend_dtrader XAUUSD,H1: Failed modifying LINKUSD
0	12:44:37.177	trend_dtrader XAUUSD,H1: Failed modifying LRCUSD
0	12:44:38.175	trend_dtrader XAUUSD,H1: Failed modifying LTCUSD
0	12:44:39.179	trend_dtrader XAUUSD,H1: Failed modifying MANAUSD
0	12:44:40.178	trend_dtrader XAUUSD,H1: Failed modifying MATICUSD
0	12:44:41.174	trend_dtrader XAUUSD,H1: Failed modifying NEARUSD
0	12:44:42.175	trend_dtrader XAUUSD,H1: Failed modifying NZDUSD
0	12:44:43.175	trend_dtrader XAUUSD,H1: Failed modifying SOLUSD
0	12:44:44.176	trend_dtrader XAUUSD,H1: Failed modifying SUIUSD
0	12:44:45.177	trend_dtrader XAUUSD,H1: Failed modifying TRXUSD
0	12:44:46.176	trend_dtrader XAUUSD,H1: Failed modifying UNIUSD
0	12:44:47.179	trend_dtrader XAUUSD,H1: Failed modifying USDCAD
0	12:44:48.176	trend_dtrader XAUUSD,H1: Failed modifying USDCHF
0	12:44:49.176	trend_dtrader XAUUSD,H1: Failed modifying USDJPY
0	12:44:50.175	trend_dtrader XAUUSD,H1: Failed modifying USDMXN
0	12:44:51.178	trend_dtrader XAUUSD,H1: Failed modifying USDZAR
0	12:44:52.175	trend_dtrader XAUUSD,H1: Failed modifying XAGUSD
0	12:44:53.179	trend_dtrader XAUUSD,H1: Failed modifying XAUUSD
0	12:44:54.177	trend_dtrader XAUUSD,H1: Failed modifying XBRUSD
0	12:44:55.182	trend_dtrader XAUUSD,H1: Failed modifying XNGUSD
0	12:44:56.177	trend_dtrader XAUUSD,H1: Failed modifying XRPUSD
0	12:44:57.181	trend_dtrader XAUUSD,H1: Failed modifying XTIUSD
0	12:44:58.180	trend_dtrader XAUUSD,H1: Failed modifying AAVEUSD
0	12:44:59.180	trend_dtrader XAUUSD,H1: Failed modifying ADAUSD
0	12:45:00.174	trend_dtrader XAUUSD,H1: Failed modifying ALGOUSD
0	12:45:01.176	trend_dtrader XAUUSD,H1: Failed modifying APTUSD
0	12:45:02.176	trend_dtrader XAUUSD,H1: Failed modifying ARBUSD
0	12:45:03.180	trend_dtrader XAUUSD,H1: Failed modifying ATOMUSD
0	12:45:04.184	trend_dtrader XAUUSD,H1: Failed modifying AUDUSD
0	12:45:05.181	trend_dtrader XAUUSD,H1: Failed modifying AVAXUSD
0	12:45:06.180	trend_dtrader XAUUSD,H1: Failed modifying AXSUSD
0	12:45:07.183	trend_dtrader XAUUSD,H1: Failed modifying BCHUSD
0	12:45:08.183	trend_dtrader XAUUSD,H1: Failed modifying BNBUSD
0	12:45:09.182	trend_dtrader XAUUSD,H1: Failed modifying BTCUSD
0	12:45:10.352	trend_dtrader XAUUSD,H1: Failed modifying DASHUSD
0	12:45:11.183	trend_dtrader XAUUSD,H1: Failed modifying DOGEUSD
0	12:45:12.176	trend_dtrader XAUUSD,H1: Failed modifying DOTUSD
0	12:45:13.278	trend_dtrader XAUUSD,H1: Failed modifying ETCUSD
0	12:45:14.182	trend_dtrader XAUUSD,H1: Failed modifying ETHUSD
0	12:45:15.175	trend_dtrader XAUUSD,H1: Failed modifying EURUSD
0	12:45:16.188	trend_dtrader XAUUSD,H1: Failed modifying FETUSD
0	12:45:17.176	trend_dtrader XAUUSD,H1: Failed modifying FILUSD
0	12:45:18.178	trend_dtrader XAUUSD,H1: Failed modifying FTMUSD
0	12:45:19.183	trend_dtrader XAUUSD,H1: Failed modifying GBPUSD
0	12:45:20.182	trend_dtrader XAUUSD,H1: Failed modifying GRTUSD
0	12:45:21.182	trend_dtrader XAUUSD,H1: Failed modifying ICPUSD
0	12:45:22.182	trend_dtrader XAUUSD,H1: Failed modifying IOTAUSD
0	12:45:23.181	trend_dtrader XAUUSD,H1: Failed modifying LINKUSD
0	12:45:24.178	trend_dtrader XAUUSD,H1: Failed modifying LRCUSD
0	12:45:25.182	trend_dtrader XAUUSD,H1: Failed modifying LTCUSD
0	12:45:26.181	trend_dtrader XAUUSD,H1: Failed modifying MANAUSD
0	12:45:27.177	trend_dtrader XAUUSD,H1: Failed modifying MATICUSD
0	12:45:28.179	trend_dtrader XAUUSD,H1: Failed modifying NEARUSD
0	12:45:29.179	trend_dtrader XAUUSD,H1: Failed modifying NZDUSD
0	12:45:30.179	trend_dtrader XAUUSD,H1: Failed modifying SOLUSD
0	12:45:31.179	trend_dtrader XAUUSD,H1: Failed modifying SUIUSD
0	12:45:32.179	trend_dtrader XAUUSD,H1: Failed modifying TRXUSD
0	12:45:33.301	trend_dtrader XAUUSD,H1: Failed modifying UNIUSD
0	12:45:34.401	trend_dtrader XAUUSD,H1: Failed modifying USDCAD
0	12:45:35.175	trend_dtrader XAUUSD,H1: Failed modifying USDCHF
0	12:45:36.175	trend_dtrader XAUUSD,H1: Failed modifying USDJPY
0	12:45:37.178	trend_dtrader XAUUSD,H1: Failed modifying USDMXN
0	12:45:38.177	trend_dtrader XAUUSD,H1: Failed modifying USDZAR
0	12:45:39.179	trend_dtrader XAUUSD,H1: Failed modifying XAGUSD
0	12:45:40.179	trend_dtrader XAUUSD,H1: Failed modifying XAUUSD
0	12:45:41.176	trend_dtrader XAUUSD,H1: Failed modifying XBRUSD
0	12:45:42.180	trend_dtrader XAUUSD,H1: Failed modifying XNGUSD
0	12:45:43.182	trend_dtrader XAUUSD,H1: Failed modifying XRPUSD
0	12:45:44.178	trend_dtrader XAUUSD,H1: Failed modifying XTIUSD
0	12:45:45.178	trend_dtrader XAUUSD,H1: Failed modifying AAVEUSD
0	12:45:46.173	trend_dtrader XAUUSD,H1: Failed modifying ADAUSD
0	12:45:47.176	trend_dtrader XAUUSD,H1: Failed modifying ALGOUSD
0	12:45:48.183	trend_dtrader XAUUSD,H1: Failed modifying APTUSD
0	12:45:49.177	trend_dtrader XAUUSD,H1: Failed modifying ARBUSD
0	12:45:50.176	trend_dtrader XAUUSD,H1: Failed modifying ATOMUSD
0	12:45:51.174	trend_dtrader XAUUSD,H1: Failed modifying AUDUSD
0	12:45:52.172	trend_dtrader XAUUSD,H1: Failed modifying AVAXUSD
0	12:45:53.182	trend_dtrader XAUUSD,H1: Failed modifying AXSUSD
0	12:45:54.182	trend_dtrader XAUUSD,H1: Failed modifying BCHUSD
0	12:45:55.174	trend_dtrader XAUUSD,H1: Failed modifying BNBUSD
0	12:45:56.179	trend_dtrader XAUUSD,H1: Failed modifying BTCUSD
0	12:45:57.175	trend_dtrader XAUUSD,H1: Failed modifying DASHUSD
0	12:45:58.180	trend_dtrader XAUUSD,H1: Failed modifying DOGEUSD
0	12:45:59.179	trend_dtrader XAUUSD,H1: Failed modifying DOTUSD
0	12:46:00.187	trend_dtrader XAUUSD,H1: Failed modifying ETCUSD
0	12:46:01.178	trend_dtrader XAUUSD,H1: Failed modifying ETHUSD
0	12:46:02.178	trend_dtrader XAUUSD,H1: Failed modifying EURUSD
0	12:46:03.179	trend_dtrader XAUUSD,H1: Failed modifying FETUSD
0	12:46:04.198	trend_dtrader XAUUSD,H1: Failed modifying FILUSD
0	12:46:05.176	trend_dtrader XAUUSD,H1: Failed modifying FTMUSD
0	12:46:06.178	trend_dtrader XAUUSD,H1: Failed modifying GBPUSD
0	12:46:07.178	trend_dtrader XAUUSD,H1: Failed modifying GRTUSD
0	12:46:08.180	trend_dtrader XAUUSD,H1: Failed modifying ICPUSD
0	12:46:09.174	trend_dtrader XAUUSD,H1: Failed modifying IOTAUSD
0	12:46:10.181	trend_dtrader XAUUSD,H1: Failed modifying LINKUSD
0	12:46:11.182	trend_dtrader XAUUSD,H1: Failed modifying LRCUSD
0	12:46:12.180	trend_dtrader XAUUSD,H1: Failed modifying LTCUSD
0	12:46:13.181	trend_dtrader XAUUSD,H1: Failed modifying MANAUSD
0	12:46:14.181	trend_dtrader XAUUSD,H1: Failed modifying MATICUSD
0	12:46:15.174	trend_dtrader XAUUSD,H1: Failed modifying NEARUSD
0	12:46:16.176	trend_dtrader XAUUSD,H1: Failed modifying NZDUSD
0	12:46:17.173	trend_dtrader XAUUSD,H1: Failed modifying SOLUSD
0	12:46:18.173	trend_dtrader XAUUSD,H1: Failed modifying SUIUSD
0	12:46:19.176	trend_dtrader XAUUSD,H1: Failed modifying TRXUSD
0	12:46:20.176	trend_dtrader XAUUSD,H1: Failed modifying UNIUSD
2	12:46:21.562	trend_dtrader XAUUSD,H1: open #474277521 sell 0.05 USDCAD at 1.36796 sl: 1.37464 tp: 1.35460 ok
0	12:46:21.563	trend_dtrader XAUUSD,H1: Alert: USDCAD Ordered Successfully
0	12:46:21.563	trend_dtrader XAUUSD,H1: Failed modifying USDCAD
0	12:46:22.180	trend_dtrader XAUUSD,H1: Failed modifying USDCHF
0	12:46:23.177	trend_dtrader XAUUSD,H1: Failed modifying USDJPY
0	12:46:24.182	trend_dtrader XAUUSD,H1: Failed modifying USDMXN
0	12:46:25.179	trend_dtrader XAUUSD,H1: Failed modifying USDZAR
0	12:46:26.180	trend_dtrader XAUUSD,H1: Failed modifying XAGUSD
0	12:46:27.176	trend_dtrader XAUUSD,H1: Failed modifying XAUUSD
0	12:46:28.176	trend_dtrader XAUUSD,H1: Failed modifying XBRUSD
0	12:46:29.180	trend_dtrader XAUUSD,H1: Failed modifying XNGUSD
0	12:46:30.178	trend_dtrader XAUUSD,H1: Failed modifying XRPUSD
0	12:46:31.175	trend_dtrader XAUUSD,H1: Failed modifying XTIUSD
0	12:46:32.179	trend_dtrader XAUUSD,H1: Failed modifying AAVEUSD
0	12:46:33.174	trend_dtrader XAUUSD,H1: Failed modifying ADAUSD
0	12:46:34.173	trend_dtrader XAUUSD,H1: Failed modifying ALGOUSD
0	12:46:35.182	trend_dtrader XAUUSD,H1: Failed modifying APTUSD
0	12:46:36.176	trend_dtrader XAUUSD,H1: Failed modifying ARBUSD
0	12:46:37.177	trend_dtrader XAUUSD,H1: Failed modifying ATOMUSD
0	12:46:38.176	trend_dtrader XAUUSD,H1: Failed modifying AUDUSD
0	12:46:39.175	trend_dtrader XAUUSD,H1: Failed modifying AVAXUSD
0	12:46:40.176	trend_dtrader XAUUSD,H1: Failed modifying AXSUSD
0	12:46:41.174	trend_dtrader XAUUSD,H1: Failed modifying BCHUSD
0	12:46:42.172	trend_dtrader XAUUSD,H1: Failed modifying BNBUSD
0	12:46:43.176	trend_dtrader XAUUSD,H1: Failed modifying BTCUSD
0	12:46:44.174	trend_dtrader XAUUSD,H1: Failed modifying DASHUSD
0	12:46:45.175	trend_dtrader XAUUSD,H1: Failed modifying DOGEUSD
0	12:46:46.183	trend_dtrader XAUUSD,H1: Failed modifying DOTUSD
0	12:46:47.178	trend_dtrader XAUUSD,H1: Failed modifying ETCUSD
0	12:46:48.177	trend_dtrader XAUUSD,H1: Failed modifying ETHUSD
0	12:46:49.182	trend_dtrader XAUUSD,H1: Failed modifying EURUSD
0	12:46:50.179	trend_dtrader XAUUSD,H1: Failed modifying FETUSD
0	12:46:51.178	trend_dtrader XAUUSD,H1: Failed modifying FILUSD
0	12:46:52.176	trend_dtrader XAUUSD,H1: Failed modifying FTMUSD
0	12:46:53.184	trend_dtrader XAUUSD,H1: Failed modifying GBPUSD
0	12:46:54.184	trend_dtrader XAUUSD,H1: Failed modifying GRTUSD
0	12:46:55.187	trend_dtrader XAUUSD,H1: Failed modifying ICPUSD
0	12:46:56.177	trend_dtrader XAUUSD,H1: Failed modifying IOTAUSD
0	12:46:57.177	trend_dtrader XAUUSD,H1: Failed modifying LINKUSD
0	12:46:58.180	trend_dtrader XAUUSD,H1: Failed modifying LRCUSD
0	12:46:59.181	trend_dtrader XAUUSD,H1: Failed modifying LTCUSD
0	12:47:00.181	trend_dtrader XAUUSD,H1: Failed modifying MANAUSD
0	12:47:01.179	trend_dtrader XAUUSD,H1: Failed modifying MATICUSD
0	12:47:02.177	trend_dtrader XAUUSD,H1: Failed modifying NEARUSD
0	12:47:03.178	trend_dtrader XAUUSD,H1: Failed modifying NZDUSD
0	12:47:04.180	trend_dtrader XAUUSD,H1: Failed modifying SOLUSD
0	12:47:05.178	trend_dtrader XAUUSD,H1: Failed modifying SUIUSD
0	12:47:06.184	trend_dtrader XAUUSD,H1: Failed modifying TRXUSD
0	12:47:07.180	trend_dtrader XAUUSD,H1: Failed modifying UNIUSD
0	12:47:08.180	trend_dtrader XAUUSD,H1: Failed modifying USDCAD
0	12:47:09.178	trend_dtrader XAUUSD,H1: Failed modifying USDCHF
0	12:47:10.184	trend_dtrader XAUUSD,H1: Failed modifying USDJPY
0	12:47:11.182	trend_dtrader XAUUSD,H1: Failed modifying USDMXN
0	12:47:12.180	trend_dtrader XAUUSD,H1: Failed modifying USDZAR
0	12:47:13.175	trend_dtrader XAUUSD,H1: Failed modifying XAGUSD
0	12:47:14.177	trend_dtrader XAUUSD,H1: Failed modifying XAUUSD
0	12:47:15.180	trend_dtrader XAUUSD,H1: Failed modifying XBRUSD
0	12:47:16.176	trend_dtrader XAUUSD,H1: Failed modifying XNGUSD
0	12:47:17.180	trend_dtrader XAUUSD,H1: Failed modifying XRPUSD
0	12:47:18.178	trend_dtrader XAUUSD,H1: Failed modifying XTIUSD
0	12:47:19.176	trend_dtrader XAUUSD,H1: Failed modifying AAVEUSD
0	12:47:20.178	trend_dtrader XAUUSD,H1: Failed modifying ADAUSD
0	12:47:21.178	trend_dtrader XAUUSD,H1: Failed modifying ALGOUSD
0	12:47:22.176	trend_dtrader XAUUSD,H1: Failed modifying APTUSD
0	12:47:23.177	trend_dtrader XAUUSD,H1: Failed modifying ARBUSD
0	12:47:24.181	trend_dtrader XAUUSD,H1: Failed modifying ATOMUSD
0	12:47:25.181	trend_dtrader XAUUSD,H1: Failed modifying AUDUSD
0	12:47:26.172	trend_dtrader XAUUSD,H1: Failed modifying AVAXUSD
0	12:47:27.173	trend_dtrader XAUUSD,H1: Failed modifying AXSUSD
0	12:47:28.177	trend_dtrader XAUUSD,H1: Failed modifying BCHUSD
0	12:47:29.172	trend_dtrader XAUUSD,H1: Failed modifying BNBUSD
0	12:47:30.176	trend_dtrader XAUUSD,H1: Failed modifying BTCUSD
0	12:47:31.174	trend_dtrader XAUUSD,H1: Failed modifying DASHUSD
0	12:47:32.175	trend_dtrader XAUUSD,H1: Failed modifying DOGEUSD
0	12:47:33.176	trend_dtrader XAUUSD,H1: Failed modifying DOTUSD
0	12:47:34.182	trend_dtrader XAUUSD,H1: Failed modifying ETCUSD
0	12:47:35.178	trend_dtrader XAUUSD,H1: Failed modifying ETHUSD
0	12:47:36.180	trend_dtrader XAUUSD,H1: Failed modifying EURUSD
0	12:47:37.177	trend_dtrader XAUUSD,H1: Failed modifying FETUSD
0	12:47:38.177	trend_dtrader XAUUSD,H1: Failed modifying FILUSD
0	12:47:39.182	trend_dtrader XAUUSD,H1: Failed modifying FTMUSD
0	12:47:40.182	trend_dtrader XAUUSD,H1: Failed modifying GBPUSD
0	12:47:41.177	trend_dtrader XAUUSD,H1: Failed modifying GRTUSD
0	12:47:42.176	trend_dtrader XAUUSD,H1: Failed modifying ICPUSD
0	12:47:43.181	trend_dtrader XAUUSD,H1: Failed modifying IOTAUSD
0	12:47:44.187	trend_dtrader XAUUSD,H1: Failed modifying LINKUSD
0	12:47:45.174	trend_dtrader XAUUSD,H1: Failed modifying LRCUSD
0	12:47:46.181	trend_dtrader XAUUSD,H1: Failed modifying LTCUSD
0	12:47:47.180	trend_dtrader XAUUSD,H1: Failed modifying MANAUSD
0	12:47:48.176	trend_dtrader XAUUSD,H1: Failed modifying MATICUSD
0	12:47:49.174	trend_dtrader XAUUSD,H1: Failed modifying NEARUSD
0	12:47:50.179	trend_dtrader XAUUSD,H1: Failed modifying NZDUSD
0	12:47:51.182	trend_dtrader XAUUSD,H1: Failed modifying SOLUSD
0	12:47:52.181	trend_dtrader XAUUSD,H1: Failed modifying SUIUSD
0	12:47:53.180	trend_dtrader XAUUSD,H1: Failed modifying TRXUSD
0	12:47:54.178	trend_dtrader XAUUSD,H1: Failed modifying UNIUSD
0	12:47:55.182	trend_dtrader XAUUSD,H1: Failed modifying USDCAD
0	12:47:56.173	trend_dtrader XAUUSD,H1: Failed modifying USDCHF
0	12:47:57.172	trend_dtrader XAUUSD,H1: Failed modifying USDJPY
0	12:47:58.182	trend_dtrader XAUUSD,H1: Failed modifying USDMXN
0	12:47:59.178	trend_dtrader XAUUSD,H1: Failed modifying USDZAR
0	12:48:00.183	trend_dtrader XAUUSD,H1: Failed modifying XAGUSD
0	12:48:01.180	trend_dtrader XAUUSD,H1: Failed modifying XAUUSD
0	12:48:02.179	trend_dtrader XAUUSD,H1: Failed modifying XBRUSD
0	12:48:03.178	trend_dtrader XAUUSD,H1: Failed modifying XNGUSD
0	12:48:04.183	trend_dtrader XAUUSD,H1: Failed modifying XRPUSD
0	12:48:05.177	trend_dtrader XAUUSD,H1: Failed modifying XTIUSD
0	12:48:06.178	trend_dtrader XAUUSD,H1: Failed modifying AAVEUSD
0	12:48:07.175	trend_dtrader XAUUSD,H1: Failed modifying ADAUSD
0	12:48:08.177	trend_dtrader XAUUSD,H1: Failed modifying ALGOUSD
0	12:48:09.175	trend_dtrader XAUUSD,H1: Failed modifying APTUSD
0	12:48:10.181	trend_dtrader XAUUSD,H1: Failed modifying ARBUSD
0	12:48:11.176	trend_dtrader XAUUSD,H1: Failed modifying ATOMUSD
0	12:48:12.175	trend_dtrader XAUUSD,H1: Failed modifying AUDUSD
0	12:48:13.176	trend_dtrader XAUUSD,H1: Failed modifying AVAXUSD
0	12:48:14.184	trend_dtrader XAUUSD,H1: Failed modifying AXSUSD
0	12:48:15.177	trend_dtrader XAUUSD,H1: Failed modifying BCHUSD
0	12:48:16.177	trend_dtrader XAUUSD,H1: Failed modifying BNBUSD
0	12:48:17.178	trend_dtrader XAUUSD,H1: Failed modifying BTCUSD
0	12:48:18.173	trend_dtrader XAUUSD,H1: Failed modifying DASHUSD
0	12:48:19.178	trend_dtrader XAUUSD,H1: Failed modifying DOGEUSD
0	12:48:20.175	trend_dtrader XAUUSD,H1: Failed modifying DOTUSD
0	12:48:21.176	trend_dtrader XAUUSD,H1: Failed modifying ETCUSD
0	12:48:22.174	trend_dtrader XAUUSD,H1: Failed modifying ETHUSD
0	12:48:23.178	trend_dtrader XAUUSD,H1: Failed modifying EURUSD
0	12:48:24.175	trend_dtrader XAUUSD,H1: Failed modifying FETUSD
0	12:48:25.176	trend_dtrader XAUUSD,H1: Failed modifying FILUSD
0	12:48:26.176	trend_dtrader XAUUSD,H1: Failed modifying FTMUSD
0	12:48:27.174	trend_dtrader XAUUSD,H1: Failed modifying GBPUSD
0	12:48:28.179	trend_dtrader XAUUSD,H1: Failed modifying GRTUSD
0	12:48:29.174	trend_dtrader XAUUSD,H1: Failed modifying ICPUSD
0	12:48:30.178	trend_dtrader XAUUSD,H1: Failed modifying IOTAUSD
0	12:48:31.176	trend_dtrader XAUUSD,H1: Failed modifying LINKUSD
0	12:48:32.179	trend_dtrader XAUUSD,H1: Failed modifying LRCUSD
0	12:48:33.180	trend_dtrader XAUUSD,H1: Failed modifying LTCUSD
0	12:48:34.177	trend_dtrader XAUUSD,H1: Failed modifying MANAUSD
0	12:48:35.178	trend_dtrader XAUUSD,H1: Failed modifying MATICUSD
0	12:48:36.183	trend_dtrader XAUUSD,H1: Failed modifying NEARUSD
0	12:48:37.181	trend_dtrader XAUUSD,H1: Failed modifying NZDUSD
0	12:48:38.180	trend_dtrader XAUUSD,H1: Failed modifying SOLUSD
0	12:48:39.179	trend_dtrader XAUUSD,H1: Failed modifying SUIUSD
0	12:48:40.180	trend_dtrader XAUUSD,H1: Failed modifying TRXUSD
0	12:48:41.178	trend_dtrader XAUUSD,H1: Failed modifying UNIUSD
0	12:48:42.180	trend_dtrader XAUUSD,H1: Failed modifying USDCAD
0	12:48:43.178	trend_dtrader XAUUSD,H1: Failed modifying USDCHF
0	12:48:44.182	trend_dtrader XAUUSD,H1: Failed modifying USDJPY
0	12:48:45.180	trend_dtrader XAUUSD,H1: Failed modifying USDMXN
0	12:48:46.181	trend_dtrader XAUUSD,H1: Failed modifying USDZAR
0	12:48:47.180	trend_dtrader XAUUSD,H1: Failed modifying XAGUSD
0	12:48:48.180	trend_dtrader XAUUSD,H1: Failed modifying XAUUSD
0	12:48:49.181	trend_dtrader XAUUSD,H1: Failed modifying XBRUSD
0	12:48:50.183	trend_dtrader XAUUSD,H1: Failed modifying XNGUSD
0	12:48:51.177	trend_dtrader XAUUSD,H1: Failed modifying XRPUSD
0	12:48:52.182	trend_dtrader XAUUSD,H1: Failed modifying XTIUSD
0	12:48:53.177	trend_dtrader XAUUSD,H1: Failed modifying AAVEUSD
0	12:48:54.176	trend_dtrader XAUUSD,H1: Failed modifying ADAUSD
0	12:48:55.178	trend_dtrader XAUUSD,H1: Failed modifying ALGOUSD
0	12:48:56.175	trend_dtrader XAUUSD,H1: Failed modifying APTUSD
0	12:48:57.176	trend_dtrader XAUUSD,H1: Failed modifying ARBUSD
0	12:48:58.178	trend_dtrader XAUUSD,H1: Failed modifying ATOMUSD
0	12:48:59.178	trend_dtrader XAUUSD,H1: Failed modifying AUDUSD
0	12:49:00.179	trend_dtrader XAUUSD,H1: Failed modifying AVAXUSD
0	12:49:01.177	trend_dtrader XAUUSD,H1: Failed modifying AXSUSD
0	12:49:02.173	trend_dtrader XAUUSD,H1: Failed modifying BCHUSD
0	12:49:03.177	trend_dtrader XAUUSD,H1: Failed modifying BNBUSD
0	12:49:04.174	trend_dtrader XAUUSD,H1: Failed modifying BTCUSD
0	12:49:05.176	trend_dtrader XAUUSD,H1: Failed modifying DASHUSD
0	12:49:06.180	trend_dtrader XAUUSD,H1: Failed modifying DOGEUSD
0	12:49:07.179	trend_dtrader XAUUSD,H1: Failed modifying DOTUSD
0	12:49:08.182	trend_dtrader XAUUSD,H1: Failed modifying ETCUSD
0	12:49:09.175	trend_dtrader XAUUSD,H1: Failed modifying ETHUSD
0	12:49:10.176	trend_dtrader XAUUSD,H1: Failed modifying EURUSD
0	12:49:11.186	trend_dtrader XAUUSD,H1: Failed modifying FETUSD
0	12:49:12.177	trend_dtrader XAUUSD,H1: Failed modifying FILUSD
0	12:49:13.178	trend_dtrader XAUUSD,H1: Failed modifying FTMUSD
0	12:49:14.175	trend_dtrader XAUUSD,H1: Failed modifying GBPUSD
0	12:49:15.178	trend_dtrader XAUUSD,H1: Failed modifying GRTUSD
0	12:49:16.183	trend_dtrader XAUUSD,H1: Failed modifying ICPUSD
0	12:49:17.179	trend_dtrader XAUUSD,H1: Failed modifying IOTAUSD
0	12:49:18.171	trend_dtrader XAUUSD,H1: Failed modifying LINKUSD
0	12:49:19.172	trend_dtrader XAUUSD,H1: Failed modifying LRCUSD
0	12:49:20.178	trend_dtrader XAUUSD,H1: Failed modifying LTCUSD
0	12:49:21.173	trend_dtrader XAUUSD,H1: Failed modifying MANAUSD
0	12:49:22.183	trend_dtrader XAUUSD,H1: Failed modifying MATICUSD
0	12:49:23.174	trend_dtrader XAUUSD,H1: Failed modifying NEARUSD
0	12:49:24.195	trend_dtrader XAUUSD,H1: Failed modifying NZDUSD
0	12:49:25.179	trend_dtrader XAUUSD,H1: Failed modifying SOLUSD
0	12:49:26.179	trend_dtrader XAUUSD,H1: Failed modifying SUIUSD
0	12:49:27.186	trend_dtrader XAUUSD,H1: Failed modifying TRXUSD
0	12:49:28.186	trend_dtrader XAUUSD,H1: Failed modifying UNIUSD
0	12:49:29.189	trend_dtrader XAUUSD,H1: Failed modifying USDCAD
0	12:49:30.181	trend_dtrader XAUUSD,H1: Failed modifying USDCHF
0	12:49:31.184	trend_dtrader XAUUSD,H1: Failed modifying USDJPY
0	12:49:32.179	trend_dtrader XAUUSD,H1: Failed modifying USDMXN
0	12:49:33.181	trend_dtrader XAUUSD,H1: Failed modifying USDZAR
0	12:49:34.179	trend_dtrader XAUUSD,H1: Failed modifying XAGUSD
0	12:49:35.182	trend_dtrader XAUUSD,H1: Failed modifying XAUUSD
0	12:49:36.181	trend_dtrader XAUUSD,H1: Failed modifying XBRUSD
0	12:49:37.183	trend_dtrader XAUUSD,H1: Failed modifying XNGUSD
0	12:49:38.179	trend_dtrader XAUUSD,H1: Failed modifying XRPUSD
0	12:49:39.184	trend_dtrader XAUUSD,H1: Failed modifying XTIUSD
0	12:49:40.181	trend_dtrader XAUUSD,H1: Failed modifying AAVEUSD
0	12:49:41.182	trend_dtrader XAUUSD,H1: Failed modifying ADAUSD
0	12:49:42.176	trend_dtrader XAUUSD,H1: Failed modifying ALGOUSD
0	12:49:43.177	trend_dtrader XAUUSD,H1: Failed modifying APTUSD
0	12:49:44.177	trend_dtrader XAUUSD,H1: Failed modifying ARBUSD
0	12:49:45.178	trend_dtrader XAUUSD,H1: Failed modifying ATOMUSD
0	12:49:46.186	trend_dtrader XAUUSD,H1: Failed modifying AUDUSD
0	12:49:47.178	trend_dtrader XAUUSD,H1: Failed modifying AVAXUSD
0	12:49:48.177	trend_dtrader XAUUSD,H1: Failed modifying AXSUSD
0	12:49:49.180	trend_dtrader XAUUSD,H1: Failed modifying BCHUSD
0	12:49:50.181	trend_dtrader XAUUSD,H1: Failed modifying BNBUSD
0	12:49:51.178	trend_dtrader XAUUSD,H1: Failed modifying BTCUSD
0	12:49:52.178	trend_dtrader XAUUSD,H1: Failed modifying DASHUSD
0	12:49:53.176	trend_dtrader XAUUSD,H1: Failed modifying DOGEUSD
0	12:49:54.180	trend_dtrader XAUUSD,H1: Failed modifying DOTUSD
0	12:49:55.178	trend_dtrader XAUUSD,H1: Failed modifying ETCUSD
0	12:49:56.181	trend_dtrader XAUUSD,H1: Failed modifying ETHUSD
0	12:49:57.175	trend_dtrader XAUUSD,H1: Failed modifying EURUSD
0	12:49:58.181	trend_dtrader XAUUSD,H1: Failed modifying FETUSD
0	12:49:59.176	trend_dtrader XAUUSD,H1: Failed modifying FILUSD
0	12:50:00.175	trend_dtrader XAUUSD,H1: Failed modifying FTMUSD
0	12:50:01.177	trend_dtrader XAUUSD,H1: Failed modifying GBPUSD
0	12:50:02.174	trend_dtrader XAUUSD,H1: Failed modifying GRTUSD
0	12:50:03.176	trend_dtrader XAUUSD,H1: Failed modifying ICPUSD
0	12:50:04.174	trend_dtrader XAUUSD,H1: Failed modifying IOTAUSD
0	12:50:05.176	trend_dtrader XAUUSD,H1: Failed modifying LINKUSD
0	12:50:06.175	trend_dtrader XAUUSD,H1: Failed modifying LRCUSD
0	12:50:07.180	trend_dtrader XAUUSD,H1: Failed modifying LTCUSD
0	12:50:08.174	trend_dtrader XAUUSD,H1: Failed modifying MANAUSD
0	12:50:09.176	trend_dtrader XAUUSD,H1: Failed modifying MATICUSD
0	12:50:10.176	trend_dtrader XAUUSD,H1: Failed modifying NEARUSD
0	12:50:11.179	trend_dtrader XAUUSD,H1: Failed modifying NZDUSD
0	12:50:12.175	trend_dtrader XAUUSD,H1: Failed modifying SOLUSD
0	12:50:13.177	trend_dtrader XAUUSD,H1: Failed modifying SUIUSD
0	12:50:14.177	trend_dtrader XAUUSD,H1: Failed modifying TRXUSD
0	12:50:15.173	trend_dtrader XAUUSD,H1: Failed modifying UNIUSD
0	12:50:16.176	trend_dtrader XAUUSD,H1: Failed modifying USDCAD
0	12:50:17.174	trend_dtrader XAUUSD,H1: Failed modifying USDCHF
0	12:50:18.181	trend_dtrader XAUUSD,H1: Failed modifying USDJPY
0	12:50:19.177	trend_dtrader XAUUSD,H1: Failed modifying USDMXN
0	12:50:20.175	trend_dtrader XAUUSD,H1: Failed modifying USDZAR
0	12:50:21.186	trend_dtrader XAUUSD,H1: Failed modifying XAGUSD
0	12:50:22.176	trend_dtrader XAUUSD,H1: Failed modifying XAUUSD
0	12:50:23.174	trend_dtrader XAUUSD,H1: Failed modifying XBRUSD
0	12:50:24.181	trend_dtrader XAUUSD,H1: Failed modifying XNGUSD
0	12:50:25.177	trend_dtrader XAUUSD,H1: Failed modifying XRPUSD
0	12:50:26.179	trend_dtrader XAUUSD,H1: Failed modifying XTIUSD
0	12:50:27.177	trend_dtrader XAUUSD,H1: Failed modifying AAVEUSD
0	12:50:28.181	trend_dtrader XAUUSD,H1: Failed modifying ADAUSD
0	12:50:29.179	trend_dtrader XAUUSD,H1: Failed modifying ALGOUSD
0	12:50:30.177	trend_dtrader XAUUSD,H1: Failed modifying APTUSD
0	12:50:31.177	trend_dtrader XAUUSD,H1: Failed modifying ARBUSD
0	12:50:32.176	trend_dtrader XAUUSD,H1: Failed modifying ATOMUSD
0	12:50:33.175	trend_dtrader XAUUSD,H1: Failed modifying AUDUSD
0	12:50:34.177	trend_dtrader XAUUSD,H1: Failed modifying AVAXUSD
0	12:50:35.177	trend_dtrader XAUUSD,H1: Failed modifying AXSUSD
0	12:50:36.179	trend_dtrader XAUUSD,H1: Failed modifying BCHUSD
0	12:50:37.178	trend_dtrader XAUUSD,H1: Failed modifying BNBUSD
0	12:50:38.176	trend_dtrader XAUUSD,H1: Failed modifying BTCUSD
0	12:50:39.175	trend_dtrader XAUUSD,H1: Failed modifying DASHUSD
0	12:50:40.179	trend_dtrader XAUUSD,H1: Failed modifying DOGEUSD
0	12:50:41.179	trend_dtrader XAUUSD,H1: Failed modifying DOTUSD
0	12:50:42.176	trend_dtrader XAUUSD,H1: Failed modifying ETCUSD
0	12:50:43.177	trend_dtrader XAUUSD,H1: Failed modifying ETHUSD
0	12:50:44.178	trend_dtrader XAUUSD,H1: Failed modifying EURUSD
0	12:50:45.176	trend_dtrader XAUUSD,H1: Failed modifying FETUSD
0	12:50:46.178	trend_dtrader XAUUSD,H1: Failed modifying FILUSD
0	12:50:47.176	trend_dtrader XAUUSD,H1: Failed modifying FTMUSD
0	12:50:48.176	trend_dtrader XAUUSD,H1: Failed modifying GBPUSD
0	12:50:49.179	trend_dtrader XAUUSD,H1: Failed modifying GRTUSD
0	12:50:50.180	trend_dtrader XAUUSD,H1: Failed modifying ICPUSD
0	12:50:51.179	trend_dtrader XAUUSD,H1: Failed modifying IOTAUSD
0	12:50:52.175	trend_dtrader XAUUSD,H1: Failed modifying LINKUSD
0	12:50:53.176	trend_dtrader XAUUSD,H1: Failed modifying LRCUSD
0	12:50:54.174	trend_dtrader XAUUSD,H1: Failed modifying LTCUSD
0	12:50:55.176	trend_dtrader XAUUSD,H1: Failed modifying MANAUSD
0	12:50:56.177	trend_dtrader XAUUSD,H1: Failed modifying MATICUSD
0	12:50:57.177	trend_dtrader XAUUSD,H1: Failed modifying NEARUSD
0	12:50:58.177	trend_dtrader XAUUSD,H1: Failed modifying NZDUSD
0	12:50:59.176	trend_dtrader XAUUSD,H1: Failed modifying SOLUSD
0	12:51:00.173	trend_dtrader XAUUSD,H1: Failed modifying SUIUSD
0	12:51:01.178	trend_dtrader XAUUSD,H1: Failed modifying TRXUSD
0	12:51:02.181	trend_dtrader XAUUSD,H1: Failed modifying UNIUSD
0	12:51:03.178	trend_dtrader XAUUSD,H1: Failed modifying USDCAD
0	12:51:04.176	trend_dtrader XAUUSD,H1: Failed modifying USDCHF
0	12:51:05.177	trend_dtrader XAUUSD,H1: Failed modifying USDJPY
0	12:51:06.175	trend_dtrader XAUUSD,H1: Failed modifying USDMXN
0	12:51:07.176	trend_dtrader XAUUSD,H1: Failed modifying USDZAR
0	12:51:08.175	trend_dtrader XAUUSD,H1: Failed modifying XAGUSD
0	12:51:09.174	trend_dtrader XAUUSD,H1: Failed modifying XAUUSD
0	12:51:10.177	trend_dtrader XAUUSD,H1: Failed modifying XBRUSD
0	12:51:11.177	trend_dtrader XAUUSD,H1: Failed modifying XNGUSD
0	12:51:12.180	trend_dtrader XAUUSD,H1: Failed modifying XRPUSD
0	12:51:13.172	trend_dtrader XAUUSD,H1: Failed modifying XTIUSD
0	12:51:14.181	trend_dtrader XAUUSD,H1: Failed modifying AAVEUSD
0	12:51:15.180	trend_dtrader XAUUSD,H1: Failed modifying ADAUSD
0	12:51:16.176	trend_dtrader XAUUSD,H1: Failed modifying ALGOUSD
0	12:51:17.185	trend_dtrader XAUUSD,H1: Failed modifying APTUSD
0	12:51:18.181	trend_dtrader XAUUSD,H1: Failed modifying ARBUSD
0	12:51:19.180	trend_dtrader XAUUSD,H1: Failed modifying ATOMUSD
0	12:51:20.183	trend_dtrader XAUUSD,H1: Failed modifying AUDUSD
0	12:51:21.181	trend_dtrader XAUUSD,H1: Failed modifying AVAXUSD
0	12:51:22.182	trend_dtrader XAUUSD,H1: Failed modifying AXSUSD
0	12:51:23.179	trend_dtrader XAUUSD,H1: Failed modifying BCHUSD
0	12:51:24.176	trend_dtrader XAUUSD,H1: Failed modifying BNBUSD
0	12:51:25.180	trend_dtrader XAUUSD,H1: Failed modifying BTCUSD
0	12:51:26.178	trend_dtrader XAUUSD,H1: Failed modifying DASHUSD
0	12:51:27.179	trend_dtrader XAUUSD,H1: Failed modifying DOGEUSD
0	12:51:28.181	trend_dtrader XAUUSD,H1: Failed modifying DOTUSD
0	12:51:29.177	trend_dtrader XAUUSD,H1: Failed modifying ETCUSD
0	12:51:30.197	trend_dtrader XAUUSD,H1: Failed modifying ETHUSD
0	12:51:31.178	trend_dtrader XAUUSD,H1: Failed modifying EURUSD
0	12:51:32.176	trend_dtrader XAUUSD,H1: Failed modifying FETUSD
0	12:51:33.176	trend_dtrader XAUUSD,H1: Failed modifying FILUSD
0	12:51:34.177	trend_dtrader XAUUSD,H1: Failed modifying FTMUSD
0	12:51:35.176	trend_dtrader XAUUSD,H1: Failed modifying GBPUSD
0	12:51:36.178	trend_dtrader XAUUSD,H1: Failed modifying GRTUSD
0	12:51:37.180	trend_dtrader XAUUSD,H1: Failed modifying ICPUSD
0	12:51:38.179	trend_dtrader XAUUSD,H1: Failed modifying IOTAUSD
0	12:51:39.175	trend_dtrader XAUUSD,H1: Failed modifying LINKUSD
0	12:51:40.177	trend_dtrader XAUUSD,H1: Failed modifying LRCUSD
0	12:51:41.177	trend_dtrader XAUUSD,H1: Failed modifying LTCUSD
0	12:51:42.177	trend_dtrader XAUUSD,H1: Failed modifying MANAUSD
0	12:51:43.179	trend_dtrader XAUUSD,H1: Failed modifying MATICUSD
0	12:51:44.184	trend_dtrader XAUUSD,H1: Failed modifying NEARUSD
0	12:51:45.177	trend_dtrader XAUUSD,H1: Failed modifying NZDUSD
0	12:51:46.179	trend_dtrader XAUUSD,H1: Failed modifying SOLUSD
0	12:51:47.177	trend_dtrader XAUUSD,H1: Failed modifying SUIUSD
0	12:51:47.237	trend_dtrader XAUUSD,H1: uninit reason 5
0	12:51:47.237	trend_dtrader XAUUSD,H1: Alert: 5
0	12:51:47.274	trend_dtrader XAUUSD,H1 inputs: mdesc=DBot FX; lot_size=0.1; max_trade=10000; 
0	12:51:47.275	trend_dtrader XAUUSD,H1: AAVEUSD --> 2
0	12:51:47.275	trend_dtrader XAUUSD,H1: ADAUSD --> 4
0	12:51:47.275	trend_dtrader XAUUSD,H1: ALGOUSD --> 4
0	12:51:47.275	trend_dtrader XAUUSD,H1: APTUSD --> 4
0	12:51:47.275	trend_dtrader XAUUSD,H1: ARBUSD --> 4
0	12:51:47.275	trend_dtrader XAUUSD,H1: ATOMUSD --> 3
0	12:51:47.275	trend_dtrader XAUUSD,H1: AUDUSD --> 5
0	12:51:47.275	trend_dtrader XAUUSD,H1: AVAXUSD --> 3
0	12:51:47.275	trend_dtrader XAUUSD,H1: AXSUSD --> 2
0	12:51:47.275	trend_dtrader XAUUSD,H1: BCHUSD --> 2
0	12:51:47.275	trend_dtrader XAUUSD,H1: BNBUSD --> 2
0	12:51:47.275	trend_dtrader XAUUSD,H1: BTCUSD --> 2
0	12:51:47.275	trend_dtrader XAUUSD,H1: DASHUSD --> 2
0	12:51:47.275	trend_dtrader XAUUSD,H1: DOGEUSD --> 5
0	12:51:47.275	trend_dtrader XAUUSD,H1: DOTUSD --> 3
0	12:51:47.275	trend_dtrader XAUUSD,H1: ETCUSD --> 3
0	12:51:47.275	trend_dtrader XAUUSD,H1: ETHUSD --> 2
0	12:51:47.275	trend_dtrader XAUUSD,H1: EURUSD --> 5
0	12:51:47.275	trend_dtrader XAUUSD,H1: FETUSD --> 4
0	12:51:47.275	trend_dtrader XAUUSD,H1: FILUSD --> 3
0	12:51:47.275	trend_dtrader XAUUSD,H1: FTMUSD --> 4
0	12:51:47.275	trend_dtrader XAUUSD,H1: GBPUSD --> 5
0	12:51:47.275	trend_dtrader XAUUSD,H1: GRTUSD --> 4
0	12:51:47.275	trend_dtrader XAUUSD,H1: ICPUSD --> 3
0	12:51:47.275	trend_dtrader XAUUSD,H1: IOTAUSD --> 4
0	12:51:47.275	trend_dtrader XAUUSD,H1: LINKUSD --> 3
0	12:51:47.275	trend_dtrader XAUUSD,H1: LRCUSD --> 4
0	12:51:47.275	trend_dtrader XAUUSD,H1: LTCUSD --> 2
0	12:51:47.275	trend_dtrader XAUUSD,H1: MANAUSD --> 4
0	12:51:47.275	trend_dtrader XAUUSD,H1: MATICUSD --> 4
0	12:51:47.275	trend_dtrader XAUUSD,H1: NEARUSD --> 3
0	12:51:47.275	trend_dtrader XAUUSD,H1: NZDUSD --> 5
0	12:51:47.275	trend_dtrader XAUUSD,H1: SOLUSD --> 2
0	12:51:47.275	trend_dtrader XAUUSD,H1: SUIUSD --> 4
0	12:51:47.275	trend_dtrader XAUUSD,H1: TRXUSD --> 5
0	12:51:47.275	trend_dtrader XAUUSD,H1: UNIUSD --> 3
0	12:51:47.275	trend_dtrader XAUUSD,H1: USDCAD --> 5
0	12:51:47.275	trend_dtrader XAUUSD,H1: USDCHF --> 5
0	12:51:47.275	trend_dtrader XAUUSD,H1: USDJPY --> 3
0	12:51:47.275	trend_dtrader XAUUSD,H1: USDMXN --> 4
0	12:51:47.275	trend_dtrader XAUUSD,H1: USDZAR --> 5
0	12:51:47.275	trend_dtrader XAUUSD,H1: XAGUSD --> 3
0	12:51:47.275	trend_dtrader XAUUSD,H1: XAUUSD --> 2
0	12:51:47.275	trend_dtrader XAUUSD,H1: XBRUSD --> 2
0	12:51:47.275	trend_dtrader XAUUSD,H1: XNGUSD --> 3
0	12:51:47.275	trend_dtrader XAUUSD,H1: XRPUSD --> 5
0	12:51:47.275	trend_dtrader XAUUSD,H1: XTIUSD --> 2
0	12:51:47.275	trend_dtrader XAUUSD,H1: ZECUSD --> 2
0	12:51:47.275	trend_dtrader XAUUSD,H1: 48
0	12:51:47.275	trend_dtrader XAUUSD,H1: initialized
0	12:51:48.267	trend_dtrader XAUUSD,H1: Failed modifying AAVEUSD
0	12:51:49.269	trend_dtrader XAUUSD,H1: Failed modifying ADAUSD
0	12:51:50.268	trend_dtrader XAUUSD,H1: Failed modifying ALGOUSD
0	12:51:51.270	trend_dtrader XAUUSD,H1: Failed modifying APTUSD
0	12:51:52.271	trend_dtrader XAUUSD,H1: Failed modifying ARBUSD
0	12:51:53.265	trend_dtrader XAUUSD,H1: Failed modifying ATOMUSD
2	12:52:06.603	trend_dtrader XAUUSD,H1: open #474278050 buy 0.10 FETUSD at 2.3577 sl: 2.1586 tp: 2.7191 ok
0	12:52:06.603	trend_dtrader XAUUSD,H1: Alert: FETUSD Ordered Successfully
2	12:52:24.655	trend_dtrader XAUUSD,H1: open #474278069 sell 0.10 USDCAD at 1.36801 sl: 1.37469 tp: 1.35465 ok
0	12:52:24.655	trend_dtrader XAUUSD,H1: Alert: USDCAD Ordered Successfully
2	13:00:37.611	trend_dtrader XAUUSD,H1: open #474279009 buy 0.10 DASHUSD at 30.40 sl: 28.85 tp: 31.45 ok
0	13:00:37.611	trend_dtrader XAUUSD,H1: Alert: DASHUSD Ordered Successfully
2	13:01:22.630	trend_dtrader XAUUSD,H1: open #474279134 buy 0.10 BNBUSD at 596.45 sl: 571.72 tp: 607.29 ok
0	13:01:22.630	trend_dtrader XAUUSD,H1: Alert: BNBUSD Ordered Successfully
2	13:30:01.612	trend_dtrader XAUUSD,H1: modify #474278069 sell 0.10 USDCAD at 1.36801 sl: 1.36741 tp: 1.35465 ok
0	13:30:01.612	trend_dtrader XAUUSD,H1: Alert: USDCAD has been assigned a breakeven 1.367405
2	14:21:12.627	trend_dtrader XAUUSD,H1: open #474291575 buy 0.10 AUDUSD at 0.66151 sl: 0.65591 tp: 0.66273 ok
0	14:21:12.627	trend_dtrader XAUUSD,H1: Alert: AUDUSD Ordered Successfully
2	14:57:39.633	trend_dtrader XAUUSD,H1: open #474297308 buy 0.10 NZDUSD at 0.60348 sl: 0.59849 tp: 0.60561 ok
0	14:57:39.633	trend_dtrader XAUUSD,H1: Alert: NZDUSD Ordered Successfully
0	14:57:43.281	trend_dtrader XAUUSD,H1: Failed modifying UNIUSD
0	14:57:44.283	trend_dtrader XAUUSD,H1: Failed modifying USDCAD
0	14:57:45.284	trend_dtrader XAUUSD,H1: Failed modifying USDCHF
0	14:57:46.287	trend_dtrader XAUUSD,H1: Failed modifying USDJPY
0	14:57:47.283	trend_dtrader XAUUSD,H1: Failed modifying USDMXN
0	14:57:48.286	trend_dtrader XAUUSD,H1: Failed modifying USDZAR
0	14:57:49.287	trend_dtrader XAUUSD,H1: Failed modifying XAGUSD
0	14:57:50.285	trend_dtrader XAUUSD,H1: Failed modifying XAUUSD
0	14:57:51.284	trend_dtrader XAUUSD,H1: Failed modifying XBRUSD
0	14:57:52.282	trend_dtrader XAUUSD,H1: Failed modifying XNGUSD
0	14:57:57.281	trend_dtrader XAUUSD,H1: Failed modifying ALGOUSD
0	14:57:58.280	trend_dtrader XAUUSD,H1: Failed modifying APTUSD
0	14:57:59.281	trend_dtrader XAUUSD,H1: Failed modifying ARBUSD
0	14:58:00.282	trend_dtrader XAUUSD,H1: Failed modifying ATOMUSD
0	14:58:01.285	trend_dtrader XAUUSD,H1: Failed modifying AUDUSD
0	14:58:02.279	trend_dtrader XAUUSD,H1: Failed modifying AVAXUSD
2	15:47:08.646	trend_dtrader XAUUSD,H1: open #474305921 sell 0.10 USDMXN at 16.7492 sl: 16.9374 tp: 16.3725 ok
0	15:47:08.646	trend_dtrader XAUUSD,H1: Alert: USDMXN Ordered Successfully
0	19:54:28.283	trend_dtrader XAUUSD,H1: Alert: Please check your internet connection
0	19:54:29.281	trend_dtrader XAUUSD,H1: Alert: Please check your internet connection
0	19:54:30.280	trend_dtrader XAUUSD,H1: Alert: Please check your internet connection
0	19:54:37.279	trend_dtrader XAUUSD,H1: Alert: Please check your internet connection
0	19:54:38.281	trend_dtrader XAUUSD,H1: Alert: Please check your internet connection
