0	10:55:07.487	Compiling '._breakeven'
0	10:55:07.487	Compiling '._Dbot_trader'
0	10:55:07.487	Compiling 'MSP'
0	10:55:09.479	Compiling 'adx_v4'
0	10:55:12.929	Expert trend_dtrader XAUUSD,H1: loaded successfully
0	10:55:17.079	Expert trend_dtrader XAUUSD,H1: removed
0	11:00:29.665	Automated trading enabled
0	11:00:52.487	Expert trend_dtrader GBPUSD,H1: loaded successfully
0	11:01:08.512	trend_dtrader GBPUSD,H1 inputs: mdesc=DBot FX; lot_size=0.2; max_trade=10000000; 
0	11:01:08.578	trend_dtrader GBPUSD,H1: AAVEUSD --> 2
0	11:01:08.578	trend_dtrader GBPUSD,H1: ADAUSD --> 4
0	11:01:08.578	trend_dtrader GBPUSD,H1: ALGOUSD --> 4
0	11:01:08.578	trend_dtrader GBPUSD,H1: APTUSD --> 0
0	11:01:08.578	trend_dtrader GBPUSD,H1: ARBUSD --> 0
0	11:01:08.578	trend_dtrader GBPUSD,H1: ATOMUSD --> 3
0	11:01:08.578	trend_dtrader GBPUSD,H1: AUDUSD --> 5
0	11:01:08.578	trend_dtrader GBPUSD,H1: AVAXUSD --> 3
0	11:01:08.578	trend_dtrader GBPUSD,H1: AXSUSD --> 2
0	11:01:08.578	trend_dtrader GBPUSD,H1: BCHUSD --> 2
0	11:01:08.578	trend_dtrader GBPUSD,H1: BNBUSD --> 2
0	11:01:08.578	trend_dtrader GBPUSD,H1: BTCUSD --> 2
0	11:01:08.578	trend_dtrader GBPUSD,H1: DASHUSD --> 2
0	11:01:08.578	trend_dtrader GBPUSD,H1: DOGEUSD --> 5
0	11:01:08.578	trend_dtrader GBPUSD,H1: DOTUSD --> 3
0	11:01:08.578	trend_dtrader GBPUSD,H1: ETCUSD --> 3
0	11:01:08.578	trend_dtrader GBPUSD,H1: ETHUSD --> 2
0	11:01:08.578	trend_dtrader GBPUSD,H1: EURUSD --> 5
0	11:01:08.578	trend_dtrader GBPUSD,H1: FETUSD --> 0
0	11:01:08.578	trend_dtrader GBPUSD,H1: FILUSD --> 3
0	11:01:08.578	trend_dtrader GBPUSD,H1: FTMUSD --> 4
0	11:01:08.578	trend_dtrader GBPUSD,H1: GBPUSD --> 5
0	11:01:08.578	trend_dtrader GBPUSD,H1: GRTUSD --> 4
0	11:01:08.578	trend_dtrader GBPUSD,H1: ICPUSD --> 3
0	11:01:08.578	trend_dtrader GBPUSD,H1: IOTAUSD --> 4
0	11:01:08.578	trend_dtrader GBPUSD,H1: LINKUSD --> 3
0	11:01:08.578	trend_dtrader GBPUSD,H1: LRCUSD --> 4
0	11:01:08.578	trend_dtrader GBPUSD,H1: LTCUSD --> 2
0	11:01:08.578	trend_dtrader GBPUSD,H1: MANAUSD --> 4
0	11:01:08.578	trend_dtrader GBPUSD,H1: MATICUSD --> 4
0	11:01:08.578	trend_dtrader GBPUSD,H1: NEARUSD --> 3
0	11:01:08.578	trend_dtrader GBPUSD,H1: NZDUSD --> 5
0	11:01:08.578	trend_dtrader GBPUSD,H1: SOLUSD --> 2
0	11:01:08.578	trend_dtrader GBPUSD,H1: SUIUSD --> 0
0	11:01:08.578	trend_dtrader GBPUSD,H1: TRXUSD --> 0
0	11:01:08.578	trend_dtrader GBPUSD,H1: UNIUSD --> 3
0	11:01:08.578	trend_dtrader GBPUSD,H1: USDCAD --> 5
0	11:01:08.578	trend_dtrader GBPUSD,H1: USDCHF --> 5
0	11:01:08.578	trend_dtrader GBPUSD,H1: USDJPY --> 3
0	11:01:08.578	trend_dtrader GBPUSD,H1: USDMXN --> 4
0	11:01:08.578	trend_dtrader GBPUSD,H1: USDZAR --> 5
0	11:01:08.578	trend_dtrader GBPUSD,H1: XAGUSD --> 3
0	11:01:08.578	trend_dtrader GBPUSD,H1: XAUUSD --> 2
0	11:01:08.578	trend_dtrader GBPUSD,H1: XBRUSD --> 2
0	11:01:08.578	trend_dtrader GBPUSD,H1: XNGUSD --> 3
0	11:01:08.578	trend_dtrader GBPUSD,H1: XRPUSD --> 5
0	11:01:08.578	trend_dtrader GBPUSD,H1: XTIUSD --> 2
0	11:01:08.578	trend_dtrader GBPUSD,H1: ZECUSD --> 2
0	11:01:08.578	trend_dtrader GBPUSD,H1: 48
0	11:01:08.578	trend_dtrader GBPUSD,H1: initialized
2	11:04:51.887	trend_dtrader GBPUSD,H1: open #474904166 sell 0.20 TRXUSD at 0.12174 sl: 0.12416 tp: 0.11696 ok
0	11:04:51.887	trend_dtrader GBPUSD,H1: Alert: TRXUSD Ordered Successfully
0	11:53:05.058	trend_dtrader GBPUSD,H1: Alert: Please check your internet connection
0	11:55:50.722	trend_dtrader GBPUSD,H1: Alert: Please check your internet connection
0	11:55:51.501	trend_dtrader GBPUSD,H1: Alert: Please check your internet connection
2	11:56:48.727	trend_dtrader GBPUSD,H1: open #474904992 sell 0.20 NEARUSD at 7.769 sl: 8.293 tp: 6.721 ok
0	11:56:48.727	trend_dtrader GBPUSD,H1: Alert: NEARUSD Ordered Successfully
0	11:59:55.126	trend_dtrader GBPUSD,H1: uninit reason 2
0	11:59:55.126	trend_dtrader GBPUSD,H1: Alert: 2
0	11:59:56.243	Expert trend_dtrader GBPUSD,H1: removed
0	11:59:56.258	Expert trend_dtrader GBPUSD,H1: loaded successfully
0	11:59:56.311	trend_dtrader GBPUSD,H1: AAVEUSD --> 2
0	11:59:56.311	trend_dtrader GBPUSD,H1: ADAUSD --> 4
0	11:59:56.311	trend_dtrader GBPUSD,H1: ALGOUSD --> 4
0	11:59:56.311	trend_dtrader GBPUSD,H1: APTUSD --> 0
0	11:59:56.311	trend_dtrader GBPUSD,H1: ARBUSD --> 0
0	11:59:56.311	trend_dtrader GBPUSD,H1: ATOMUSD --> 3
0	11:59:56.311	trend_dtrader GBPUSD,H1: AUDUSD --> 5
0	11:59:56.311	trend_dtrader GBPUSD,H1: AVAXUSD --> 3
0	11:59:56.311	trend_dtrader GBPUSD,H1: AXSUSD --> 2
0	11:59:56.311	trend_dtrader GBPUSD,H1: BCHUSD --> 2
0	11:59:56.311	trend_dtrader GBPUSD,H1: BNBUSD --> 2
0	11:59:56.311	trend_dtrader GBPUSD,H1: BTCUSD --> 2
0	11:59:56.311	trend_dtrader GBPUSD,H1: DASHUSD --> 2
0	11:59:56.311	trend_dtrader GBPUSD,H1: DOGEUSD --> 5
0	11:59:56.311	trend_dtrader GBPUSD,H1: DOTUSD --> 3
0	11:59:56.311	trend_dtrader GBPUSD,H1: ETCUSD --> 3
0	11:59:56.311	trend_dtrader GBPUSD,H1: ETHUSD --> 2
0	11:59:56.311	trend_dtrader GBPUSD,H1: EURUSD --> 5
0	11:59:56.311	trend_dtrader GBPUSD,H1: FETUSD --> 4
0	11:59:56.311	trend_dtrader GBPUSD,H1: FILUSD --> 3
0	11:59:56.311	trend_dtrader GBPUSD,H1: FTMUSD --> 4
0	11:59:56.311	trend_dtrader GBPUSD,H1: GBPUSD --> 5
0	11:59:56.311	trend_dtrader GBPUSD,H1: GRTUSD --> 4
0	11:59:56.311	trend_dtrader GBPUSD,H1: ICPUSD --> 3
0	11:59:56.311	trend_dtrader GBPUSD,H1: IOTAUSD --> 4
0	11:59:56.311	trend_dtrader GBPUSD,H1: LINKUSD --> 3
0	11:59:56.311	trend_dtrader GBPUSD,H1: LRCUSD --> 4
0	11:59:56.311	trend_dtrader GBPUSD,H1: LTCUSD --> 2
0	11:59:56.311	trend_dtrader GBPUSD,H1: MANAUSD --> 4
0	11:59:56.311	trend_dtrader GBPUSD,H1: MATICUSD --> 4
0	11:59:56.311	trend_dtrader GBPUSD,H1: NEARUSD --> 3
0	11:59:56.311	trend_dtrader GBPUSD,H1: NZDUSD --> 5
0	11:59:56.311	trend_dtrader GBPUSD,H1: SOLUSD --> 2
0	11:59:56.311	trend_dtrader GBPUSD,H1: SUIUSD --> 0
0	11:59:56.311	trend_dtrader GBPUSD,H1: TRXUSD --> 5
0	11:59:56.311	trend_dtrader GBPUSD,H1: UNIUSD --> 3
0	11:59:56.311	trend_dtrader GBPUSD,H1: USDCAD --> 5
0	11:59:56.311	trend_dtrader GBPUSD,H1: USDCHF --> 5
0	11:59:56.311	trend_dtrader GBPUSD,H1: USDJPY --> 3
0	11:59:56.311	trend_dtrader GBPUSD,H1: USDMXN --> 4
0	11:59:56.311	trend_dtrader GBPUSD,H1: USDZAR --> 5
0	11:59:56.311	trend_dtrader GBPUSD,H1: XAGUSD --> 3
0	11:59:56.311	trend_dtrader GBPUSD,H1: XAUUSD --> 2
0	11:59:56.311	trend_dtrader GBPUSD,H1: XBRUSD --> 2
0	11:59:56.311	trend_dtrader GBPUSD,H1: XNGUSD --> 3
0	11:59:56.311	trend_dtrader GBPUSD,H1: XRPUSD --> 5
0	11:59:56.311	trend_dtrader GBPUSD,H1: XTIUSD --> 2
0	11:59:56.311	trend_dtrader GBPUSD,H1: ZECUSD --> 2
0	11:59:56.311	trend_dtrader GBPUSD,H1: 48
0	11:59:56.311	trend_dtrader GBPUSD,H1: initialized
0	12:04:41.604	trend_dtrader GBPUSD,H1: Alert: Failed ALGOUSD
0	12:05:28.535	trend_dtrader GBPUSD,H1: Alert: Failed ALGOUSD
0	12:06:15.576	trend_dtrader GBPUSD,H1: Alert: Failed ALGOUSD
0	12:07:02.539	trend_dtrader GBPUSD,H1: Alert: Failed ALGOUSD
0	12:07:49.551	trend_dtrader GBPUSD,H1: Alert: Failed ALGOUSD
0	12:08:36.582	trend_dtrader GBPUSD,H1: Alert: Failed ALGOUSD
0	12:09:23.540	trend_dtrader GBPUSD,H1: Alert: Failed ALGOUSD
0	12:10:10.512	trend_dtrader GBPUSD,H1: Alert: Failed ALGOUSD
0	12:10:57.522	trend_dtrader GBPUSD,H1: Alert: Failed ALGOUSD
0	12:11:44.489	trend_dtrader GBPUSD,H1: Alert: Failed ALGOUSD
0	12:12:31.523	trend_dtrader GBPUSD,H1: Alert: Failed ALGOUSD
0	12:13:18.522	trend_dtrader GBPUSD,H1: Alert: Failed ALGOUSD
0	12:14:05.507	trend_dtrader GBPUSD,H1: Alert: Failed ALGOUSD
0	12:14:52.522	trend_dtrader GBPUSD,H1: Alert: Failed ALGOUSD
0	12:15:39.523	trend_dtrader GBPUSD,H1: Alert: Failed ALGOUSD
0	12:16:26.498	trend_dtrader GBPUSD,H1: Alert: Failed ALGOUSD
0	12:17:13.511	trend_dtrader GBPUSD,H1: Alert: Failed ALGOUSD
0	12:18:00.523	trend_dtrader GBPUSD,H1: Alert: Failed ALGOUSD
0	12:18:47.538	trend_dtrader GBPUSD,H1: Alert: Failed ALGOUSD
0	12:19:34.531	trend_dtrader GBPUSD,H1: Alert: Failed ALGOUSD
0	12:20:21.498	trend_dtrader GBPUSD,H1: Alert: Failed ALGOUSD
0	12:21:08.508	trend_dtrader GBPUSD,H1: Alert: Failed ALGOUSD
0	12:21:55.547	trend_dtrader GBPUSD,H1: Alert: Failed ALGOUSD
0	12:22:42.527	trend_dtrader GBPUSD,H1: Alert: Failed ALGOUSD
0	12:23:29.618	trend_dtrader GBPUSD,H1: Alert: Failed ALGOUSD
0	12:24:16.501	trend_dtrader GBPUSD,H1: Alert: Failed ALGOUSD
0	12:25:04.060	trend_dtrader GBPUSD,H1: Alert: Failed ALGOUSD
0	12:25:50.437	trend_dtrader GBPUSD,H1: Alert: Failed ALGOUSD
0	12:26:37.505	trend_dtrader GBPUSD,H1: Alert: Failed ALGOUSD
0	12:27:24.508	trend_dtrader GBPUSD,H1: Alert: Failed ALGOUSD
0	12:28:11.481	trend_dtrader GBPUSD,H1: Alert: Failed ALGOUSD
0	12:28:58.476	trend_dtrader GBPUSD,H1: Alert: Failed ALGOUSD
0	12:29:45.493	trend_dtrader GBPUSD,H1: Alert: Failed ALGOUSD
0	12:30:32.477	trend_dtrader GBPUSD,H1: Alert: Failed ALGOUSD
0	12:31:19.507	trend_dtrader GBPUSD,H1: Alert: Failed ALGOUSD
0	12:32:06.497	trend_dtrader GBPUSD,H1: Alert: Failed ALGOUSD
0	12:32:53.462	trend_dtrader GBPUSD,H1: Alert: Failed ALGOUSD
0	12:33:40.489	trend_dtrader GBPUSD,H1: Alert: Failed ALGOUSD
0	12:34:27.476	trend_dtrader GBPUSD,H1: Alert: Failed ALGOUSD
0	12:35:14.513	trend_dtrader GBPUSD,H1: Alert: Failed ALGOUSD
0	12:36:01.448	trend_dtrader GBPUSD,H1: Alert: Failed ALGOUSD
0	12:36:48.500	trend_dtrader GBPUSD,H1: Alert: Failed ALGOUSD
0	12:37:35.443	trend_dtrader GBPUSD,H1: Alert: Failed ALGOUSD
0	12:38:22.473	trend_dtrader GBPUSD,H1: Alert: Failed ALGOUSD
0	12:39:09.500	trend_dtrader GBPUSD,H1: Alert: Failed ALGOUSD
0	12:39:56.476	trend_dtrader GBPUSD,H1: Alert: Failed ALGOUSD
0	12:40:43.473	trend_dtrader GBPUSD,H1: Alert: Failed ALGOUSD
0	12:41:30.429	trend_dtrader GBPUSD,H1: Alert: Failed ALGOUSD
0	12:42:17.540	trend_dtrader GBPUSD,H1: Alert: Failed ALGOUSD
0	12:43:04.479	trend_dtrader GBPUSD,H1: Alert: Failed ALGOUSD
0	12:43:51.454	trend_dtrader GBPUSD,H1: Alert: Failed ALGOUSD
0	12:44:38.507	trend_dtrader GBPUSD,H1: Alert: Failed ALGOUSD
0	12:45:25.912	trend_dtrader GBPUSD,H1: Alert: Failed ALGOUSD
0	12:46:12.489	trend_dtrader GBPUSD,H1: Alert: Failed ALGOUSD
0	12:46:59.493	trend_dtrader GBPUSD,H1: Alert: Failed ALGOUSD
0	12:47:46.499	trend_dtrader GBPUSD,H1: Alert: Failed ALGOUSD
0	12:48:33.473	trend_dtrader GBPUSD,H1: Alert: Failed ALGOUSD
0	12:49:20.518	trend_dtrader GBPUSD,H1: Alert: Failed ALGOUSD
0	13:00:18.405	trend_dtrader GBPUSD,H1: Alert: Failed ALGOUSD
0	13:01:05.373	trend_dtrader GBPUSD,H1: Alert: Failed ALGOUSD
0	13:01:52.430	trend_dtrader GBPUSD,H1: Alert: Failed ALGOUSD
0	13:02:39.443	trend_dtrader GBPUSD,H1: Alert: Failed ALGOUSD
0	13:03:26.362	trend_dtrader GBPUSD,H1: Alert: Failed ALGOUSD
0	13:04:13.387	trend_dtrader GBPUSD,H1: Alert: Failed ALGOUSD
0	13:05:00.398	trend_dtrader GBPUSD,H1: Alert: Failed ALGOUSD
0	13:05:47.346	trend_dtrader GBPUSD,H1: Alert: Failed ALGOUSD
0	13:06:34.398	trend_dtrader GBPUSD,H1: Alert: Failed ALGOUSD
0	13:07:21.426	trend_dtrader GBPUSD,H1: Alert: Failed ALGOUSD
0	13:08:08.407	trend_dtrader GBPUSD,H1: Alert: Failed ALGOUSD
0	13:08:55.383	trend_dtrader GBPUSD,H1: Alert: Failed ALGOUSD
0	13:09:42.340	trend_dtrader GBPUSD,H1: Alert: Failed ALGOUSD
0	13:10:29.383	trend_dtrader GBPUSD,H1: Alert: Failed ALGOUSD
0	13:11:16.321	trend_dtrader GBPUSD,H1: Alert: Failed ALGOUSD
0	13:12:03.378	trend_dtrader GBPUSD,H1: Alert: Failed ALGOUSD
0	13:12:50.414	trend_dtrader GBPUSD,H1: Alert: Failed ALGOUSD
0	13:13:37.397	trend_dtrader GBPUSD,H1: Alert: Failed ALGOUSD
0	13:14:24.357	trend_dtrader GBPUSD,H1: Alert: Failed ALGOUSD
0	13:15:11.358	trend_dtrader GBPUSD,H1: Alert: Failed ALGOUSD
0	13:15:58.422	trend_dtrader GBPUSD,H1: Alert: Failed ALGOUSD
0	13:16:45.338	trend_dtrader GBPUSD,H1: Alert: Failed ALGOUSD
2	13:16:48.451	trend_dtrader GBPUSD,H1: open #474906533 sell 0.20 ATOMUSD at 8.346 sl: 8.701 tp: 7.873 ok
0	13:16:48.451	trend_dtrader GBPUSD,H1: Alert: ATOMUSD Ordered Successfully
0	13:17:32.330	trend_dtrader GBPUSD,H1: Alert: Failed ALGOUSD
0	13:18:19.358	trend_dtrader GBPUSD,H1: Alert: Failed ALGOUSD
0	13:19:06.356	trend_dtrader GBPUSD,H1: Alert: Failed ALGOUSD
0	13:19:53.346	trend_dtrader GBPUSD,H1: Alert: Failed ALGOUSD
0	13:20:40.330	trend_dtrader GBPUSD,H1: Alert: Failed ALGOUSD
0	13:21:27.323	trend_dtrader GBPUSD,H1: Alert: Failed ALGOUSD
0	13:22:14.298	trend_dtrader GBPUSD,H1: Alert: Failed ALGOUSD
0	13:23:01.340	trend_dtrader GBPUSD,H1: Alert: Failed ALGOUSD
0	13:23:48.326	trend_dtrader GBPUSD,H1: Alert: Failed ALGOUSD
0	13:24:35.329	trend_dtrader GBPUSD,H1: Alert: Failed ALGOUSD
0	13:25:22.274	trend_dtrader GBPUSD,H1: Alert: Failed ALGOUSD
0	13:26:09.358	trend_dtrader GBPUSD,H1: Alert: Failed ALGOUSD
2	13:27:39.322	trend_dtrader GBPUSD,H1: open #474907031 sell 0.20 XRPUSD at 0.51338 sl: 0.53087 tp: 0.49905 ok
0	13:27:39.322	trend_dtrader GBPUSD,H1: Alert: XRPUSD Ordered Successfully
2	13:27:54.319	trend_dtrader GBPUSD,H1: open #474907042 sell 0.20 DOGEUSD at 0.14949 sl: 0.15924 tp: 0.12998 ok
0	13:27:54.319	trend_dtrader GBPUSD,H1: Alert: DOGEUSD Ordered Successfully
0	13:30:04.362	trend_dtrader GBPUSD,H1: Alert: Failed ALGOUSD
0	13:30:51.307	trend_dtrader GBPUSD,H1: Alert: Failed ALGOUSD
0	13:31:38.301	trend_dtrader GBPUSD,H1: Alert: Failed ALGOUSD
0	13:32:25.331	trend_dtrader GBPUSD,H1: Alert: Failed ALGOUSD
0	13:34:36.128	trend_dtrader GBPUSD,H1: Alert: Please check your internet connection
0	13:34:37.088	trend_dtrader GBPUSD,H1: Alert: Please check your internet connection
0	13:34:38.086	trend_dtrader GBPUSD,H1: Alert: Please check your internet connection
0	13:34:39.089	trend_dtrader GBPUSD,H1: Alert: Please check your internet connection
0	13:34:40.086	trend_dtrader GBPUSD,H1: Alert: Please check your internet connection
0	13:34:41.085	trend_dtrader GBPUSD,H1: Alert: Please check your internet connection
0	13:34:42.084	trend_dtrader GBPUSD,H1: Alert: Please check your internet connection
0	13:34:43.083	trend_dtrader GBPUSD,H1: Alert: Please check your internet connection
0	13:38:39.072	trend_dtrader GBPUSD,H1: Alert: Please check your internet connection
0	13:38:40.070	trend_dtrader GBPUSD,H1: Alert: Please check your internet connection
0	13:38:41.070	trend_dtrader GBPUSD,H1: Alert: Please check your internet connection
0	13:38:42.071	trend_dtrader GBPUSD,H1: Alert: Please check your internet connection
0	13:38:43.070	trend_dtrader GBPUSD,H1: Alert: Please check your internet connection
0	13:38:44.070	trend_dtrader GBPUSD,H1: Alert: Please check your internet connection
0	13:38:45.069	trend_dtrader GBPUSD,H1: Alert: Please check your internet connection
0	13:38:46.068	trend_dtrader GBPUSD,H1: Alert: Please check your internet connection
0	13:39:00.708	trend_dtrader GBPUSD,H1: Alert: Please check your internet connection
0	13:39:01.067	trend_dtrader GBPUSD,H1: Alert: Please check your internet connection
0	13:39:02.078	trend_dtrader GBPUSD,H1: Alert: Please check your internet connection
0	13:39:03.067	trend_dtrader GBPUSD,H1: Alert: Please check your internet connection
0	13:39:04.066	trend_dtrader GBPUSD,H1: Alert: Please check your internet connection
0	13:40:25.061	trend_dtrader GBPUSD,H1: Alert: Please check your internet connection
0	13:40:26.060	trend_dtrader GBPUSD,H1: Alert: Please check your internet connection
0	13:40:27.059	trend_dtrader GBPUSD,H1: Alert: Please check your internet connection
0	13:40:28.059	trend_dtrader GBPUSD,H1: Alert: Please check your internet connection
0	13:40:29.059	trend_dtrader GBPUSD,H1: Alert: Please check your internet connection
0	13:42:16.054	trend_dtrader GBPUSD,H1: Alert: Please check your internet connection
0	13:42:17.055	trend_dtrader GBPUSD,H1: Alert: Please check your internet connection
0	13:42:18.054	trend_dtrader GBPUSD,H1: Alert: Please check your internet connection
0	13:42:19.056	trend_dtrader GBPUSD,H1: Alert: Please check your internet connection
0	13:42:20.054	trend_dtrader GBPUSD,H1: Alert: Please check your internet connection
0	13:42:21.054	trend_dtrader GBPUSD,H1: Alert: Please check your internet connection
0	13:42:22.055	trend_dtrader GBPUSD,H1: Alert: Please check your internet connection
0	13:42:23.055	trend_dtrader GBPUSD,H1: Alert: Please check your internet connection
0	13:58:51.382	trend_dtrader GBPUSD,H1: Alert: Please check your internet connection
0	13:58:52.011	trend_dtrader GBPUSD,H1: Alert: Please check your internet connection
0	13:58:53.011	trend_dtrader GBPUSD,H1: Alert: Please check your internet connection
0	14:15:45.060	trend_dtrader GBPUSD,H1: Alert: Please check your internet connection
0	14:15:45.980	trend_dtrader GBPUSD,H1: Alert: Please check your internet connection
0	14:15:46.982	trend_dtrader GBPUSD,H1: Alert: Please check your internet connection
0	14:15:47.994	trend_dtrader GBPUSD,H1: Alert: Please check your internet connection
0	14:15:48.985	trend_dtrader GBPUSD,H1: Alert: Please check your internet connection
0	14:15:49.985	trend_dtrader GBPUSD,H1: Alert: Please check your internet connection
0	14:15:50.985	trend_dtrader GBPUSD,H1: Alert: Please check your internet connection
0	14:15:51.983	trend_dtrader GBPUSD,H1: Alert: Please check your internet connection
0	14:15:52.982	trend_dtrader GBPUSD,H1: Alert: Please check your internet connection
0	14:15:53.982	trend_dtrader GBPUSD,H1: Alert: Please check your internet connection
0	14:15:54.982	trend_dtrader GBPUSD,H1: Alert: Please check your internet connection
0	14:15:55.983	trend_dtrader GBPUSD,H1: Alert: Please check your internet connection
0	14:15:59.463	trend_dtrader GBPUSD,H1: Failed modifying XTIUSD
2	14:16:00.668	trend_dtrader GBPUSD,H1: modify #474904166 sell 0.20 TRXUSD at 0.12174 sl: 0.12118 tp: 0.11696 ok
0	14:16:00.672	trend_dtrader GBPUSD,H1: Alert: TRXUSD has been assigned a breakeven 0.121175
0	14:16:02.769	trend_dtrader GBPUSD,H1: Alert: Failed ALGOUSD
0	14:28:56.719	trend_dtrader GBPUSD,H1: Alert: Please check your internet connection
0	14:28:56.945	trend_dtrader GBPUSD,H1: Alert: Please check your internet connection
0	14:28:57.945	trend_dtrader GBPUSD,H1: Alert: Please check your internet connection
0	14:28:58.945	trend_dtrader GBPUSD,H1: Alert: Please check your internet connection
0	14:34:20.931	trend_dtrader GBPUSD,H1: Alert: Please check your internet connection
0	14:34:21.931	trend_dtrader GBPUSD,H1: Alert: Please check your internet connection
0	14:34:22.931	trend_dtrader GBPUSD,H1: Alert: Please check your internet connection
0	14:34:23.932	trend_dtrader GBPUSD,H1: Alert: Please check your internet connection
0	14:34:24.934	trend_dtrader GBPUSD,H1: Alert: Please check your internet connection
0	14:34:25.934	trend_dtrader GBPUSD,H1: Alert: Please check your internet connection
0	14:34:26.937	trend_dtrader GBPUSD,H1: Alert: Please check your internet connection
0	14:45:08.919	trend_dtrader GBPUSD,H1: Alert: Please check your internet connection
0	14:45:09.933	trend_dtrader GBPUSD,H1: Alert: Please check your internet connection
0	14:58:28.191	trend_dtrader GBPUSD,H1: Alert: Please check your internet connection
0	14:58:28.891	trend_dtrader GBPUSD,H1: Alert: Please check your internet connection
0	14:58:29.819	trend_dtrader GBPUSD,H1: Alert: Please check your internet connection
0	14:58:30.820	trend_dtrader GBPUSD,H1: Alert: Please check your internet connection
0	14:58:31.819	trend_dtrader GBPUSD,H1: Alert: Please check your internet connection
0	14:58:32.817	trend_dtrader GBPUSD,H1: Alert: Please check your internet connection
0	14:58:33.816	trend_dtrader GBPUSD,H1: Alert: Please check your internet connection
0	14:58:34.816	trend_dtrader GBPUSD,H1: Alert: Please check your internet connection
0	15:13:52.871	trend_dtrader GBPUSD,H1: Alert: Please check your internet connection
0	15:13:53.765	trend_dtrader GBPUSD,H1: Alert: Please check your internet connection
0	15:13:54.765	trend_dtrader GBPUSD,H1: Alert: Please check your internet connection
0	15:13:55.765	trend_dtrader GBPUSD,H1: Alert: Please check your internet connection
0	15:15:55.925	trend_dtrader GBPUSD,H1: Alert: Please check your internet connection
0	15:15:56.761	trend_dtrader GBPUSD,H1: Alert: Please check your internet connection
0	15:15:57.763	trend_dtrader GBPUSD,H1: Alert: Please check your internet connection
0	15:15:58.764	trend_dtrader GBPUSD,H1: Alert: Please check your internet connection
0	15:15:59.764	trend_dtrader GBPUSD,H1: Alert: Please check your internet connection
0	15:16:00.767	trend_dtrader GBPUSD,H1: Alert: Please check your internet connection
0	15:16:01.766	trend_dtrader GBPUSD,H1: Alert: Please check your internet connection
0	15:16:02.767	trend_dtrader GBPUSD,H1: Alert: Please check your internet connection
0	15:17:43.763	trend_dtrader GBPUSD,H1: Alert: Please check your internet connection
0	15:17:44.763	trend_dtrader GBPUSD,H1: Alert: Please check your internet connection
0	15:17:45.763	trend_dtrader GBPUSD,H1: Alert: Please check your internet connection
0	15:17:46.765	trend_dtrader GBPUSD,H1: Alert: Please check your internet connection
0	15:17:47.766	trend_dtrader GBPUSD,H1: Alert: Please check your internet connection
0	15:17:48.766	trend_dtrader GBPUSD,H1: Alert: Please check your internet connection
0	15:20:22.515	trend_dtrader GBPUSD,H1: Alert: Failed APTUSD
0	15:24:40.753	trend_dtrader GBPUSD,H1: Alert: Please check your internet connection
0	15:24:41.752	trend_dtrader GBPUSD,H1: Alert: Please check your internet connection
0	15:24:42.752	trend_dtrader GBPUSD,H1: Alert: Please check your internet connection
2	15:24:46.346	trend_dtrader GBPUSD,H1: open #474909206 sell 0.20 FILUSD at 5.610 sl: 5.911 tp: 5.515 ok
0	15:24:46.346	trend_dtrader GBPUSD,H1: Alert: FILUSD Ordered Successfully
0	15:27:34.846	trend_dtrader GBPUSD,H1: Alert: Please check your internet connection
0	15:27:35.744	trend_dtrader GBPUSD,H1: Alert: Please check your internet connection
0	15:27:36.745	trend_dtrader GBPUSD,H1: Alert: Please check your internet connection
0	15:32:40.122	trend_dtrader GBPUSD,H1: Alert: Please check your internet connection
0	15:32:40.730	trend_dtrader GBPUSD,H1: Alert: Please check your internet connection
0	15:32:41.653	trend_dtrader GBPUSD,H1: Alert: Please check your internet connection
0	15:32:42.653	trend_dtrader GBPUSD,H1: Alert: Please check your internet connection
0	15:32:43.653	trend_dtrader GBPUSD,H1: Alert: Please check your internet connection
0	15:32:44.653	trend_dtrader GBPUSD,H1: Alert: Please check your internet connection
0	15:32:45.654	trend_dtrader GBPUSD,H1: Alert: Please check your internet connection
0	15:46:51.606	trend_dtrader GBPUSD,H1: Alert: Please check your internet connection
0	15:46:52.607	trend_dtrader GBPUSD,H1: Alert: Please check your internet connection
0	15:46:53.608	trend_dtrader GBPUSD,H1: Alert: Please check your internet connection
0	15:46:54.607	trend_dtrader GBPUSD,H1: Alert: Please check your internet connection
0	15:46:55.607	trend_dtrader GBPUSD,H1: Alert: Please check your internet connection
0	15:46:56.607	trend_dtrader GBPUSD,H1: Alert: Please check your internet connection
0	16:02:28.554	trend_dtrader GBPUSD,H1: Alert: Please check your internet connection
0	16:02:29.554	trend_dtrader GBPUSD,H1: Alert: Please check your internet connection
0	16:02:30.554	trend_dtrader GBPUSD,H1: Alert: Please check your internet connection
0	16:17:28.509	trend_dtrader GBPUSD,H1: Alert: Please check your internet connection
0	16:17:29.509	trend_dtrader GBPUSD,H1: Alert: Please check your internet connection
0	16:24:14.510	trend_dtrader GBPUSD,H1: Alert: Please check your internet connection
0	16:24:15.510	trend_dtrader GBPUSD,H1: Alert: Please check your internet connection
0	16:24:16.511	trend_dtrader GBPUSD,H1: Alert: Please check your internet connection
0	16:24:17.512	trend_dtrader GBPUSD,H1: Alert: Please check your internet connection
0	16:24:18.514	trend_dtrader GBPUSD,H1: Alert: Please check your internet connection
0	16:24:19.514	trend_dtrader GBPUSD,H1: Alert: Please check your internet connection
0	16:24:20.514	trend_dtrader GBPUSD,H1: Alert: Please check your internet connection
0	16:24:21.516	trend_dtrader GBPUSD,H1: Alert: Please check your internet connection
0	16:24:22.516	trend_dtrader GBPUSD,H1: Alert: Please check your internet connection
0	16:24:23.516	trend_dtrader GBPUSD,H1: Alert: Please check your internet connection
0	16:27:01.470	trend_dtrader GBPUSD,H1: Alert: Please check your internet connection
0	16:27:03.508	trend_dtrader GBPUSD,H1: Alert: Please check your internet connection
0	16:27:04.510	trend_dtrader GBPUSD,H1: Alert: Please check your internet connection
0	16:27:05.510	trend_dtrader GBPUSD,H1: Alert: Please check your internet connection
0	16:27:06.511	trend_dtrader GBPUSD,H1: Alert: Please check your internet connection
0	16:27:07.511	trend_dtrader GBPUSD,H1: Alert: Please check your internet connection
0	16:27:08.510	trend_dtrader GBPUSD,H1: Alert: Please check your internet connection
0	16:27:09.511	trend_dtrader GBPUSD,H1: Alert: Please check your internet connection
0	16:29:57.503	trend_dtrader GBPUSD,H1: Alert: Please check your internet connection
0	16:29:58.503	trend_dtrader GBPUSD,H1: Alert: Please check your internet connection
0	16:29:59.516	trend_dtrader GBPUSD,H1: Alert: Please check your internet connection
0	16:30:00.505	trend_dtrader GBPUSD,H1: Alert: Please check your internet connection
0	16:30:01.505	trend_dtrader GBPUSD,H1: Alert: Please check your internet connection
0	16:34:39.492	trend_dtrader GBPUSD,H1: Alert: Please check your internet connection
0	16:34:40.492	trend_dtrader GBPUSD,H1: Alert: Please check your internet connection
0	17:16:01.488	trend_dtrader GBPUSD,H1: Failed modifying USDJPY
0	17:16:02.482	trend_dtrader GBPUSD,H1: Failed modifying USDJPY
0	17:16:03.482	trend_dtrader GBPUSD,H1: Failed modifying USDJPY
0	17:16:04.504	trend_dtrader GBPUSD,H1: Failed modifying USDJPY
0	17:16:05.482	trend_dtrader GBPUSD,H1: Failed modifying USDJPY
0	17:16:06.482	trend_dtrader GBPUSD,H1: Failed modifying USDJPY
0	17:16:07.482	trend_dtrader GBPUSD,H1: Failed modifying USDJPY
0	17:16:08.482	trend_dtrader GBPUSD,H1: Failed modifying USDJPY
0	17:16:09.482	trend_dtrader GBPUSD,H1: Failed modifying USDJPY
0	17:16:10.482	trend_dtrader GBPUSD,H1: Failed modifying USDJPY
0	17:16:11.482	trend_dtrader GBPUSD,H1: Failed modifying USDJPY
0	17:16:12.481	trend_dtrader GBPUSD,H1: Failed modifying USDJPY
0	17:16:13.482	trend_dtrader GBPUSD,H1: Failed modifying USDJPY
0	17:16:14.482	trend_dtrader GBPUSD,H1: Failed modifying USDJPY
0	17:16:15.482	trend_dtrader GBPUSD,H1: Failed modifying USDJPY
0	17:16:16.482	trend_dtrader GBPUSD,H1: Failed modifying USDJPY
0	17:16:17.482	trend_dtrader GBPUSD,H1: Failed modifying USDJPY
0	17:16:18.482	trend_dtrader GBPUSD,H1: Failed modifying USDJPY
0	17:16:19.481	trend_dtrader GBPUSD,H1: Failed modifying USDJPY
0	17:16:20.482	trend_dtrader GBPUSD,H1: Failed modifying USDJPY
0	17:16:21.481	trend_dtrader GBPUSD,H1: Failed modifying USDJPY
0	17:16:22.481	trend_dtrader GBPUSD,H1: Failed modifying USDJPY
0	17:17:09.521	trend_dtrader GBPUSD,H1: Failed modifying USDJPY
0	17:17:10.479	trend_dtrader GBPUSD,H1: Failed modifying USDJPY
0	17:17:11.480	trend_dtrader GBPUSD,H1: Failed modifying USDJPY
0	17:17:12.479	trend_dtrader GBPUSD,H1: Failed modifying USDJPY
0	17:17:13.479	trend_dtrader GBPUSD,H1: Failed modifying USDJPY
0	17:17:14.479	trend_dtrader GBPUSD,H1: Failed modifying USDJPY
0	17:17:15.479	trend_dtrader GBPUSD,H1: Failed modifying USDJPY
0	17:17:16.479	trend_dtrader GBPUSD,H1: Failed modifying USDJPY
0	17:17:17.479	trend_dtrader GBPUSD,H1: Failed modifying USDJPY
0	17:17:18.481	trend_dtrader GBPUSD,H1: Failed modifying USDJPY
0	17:17:19.479	trend_dtrader GBPUSD,H1: Failed modifying USDJPY
0	17:17:20.479	trend_dtrader GBPUSD,H1: Failed modifying USDJPY
0	17:17:21.479	trend_dtrader GBPUSD,H1: Failed modifying USDJPY
0	17:17:22.479	trend_dtrader GBPUSD,H1: Failed modifying USDJPY
0	17:17:23.479	trend_dtrader GBPUSD,H1: Failed modifying USDJPY
0	17:17:24.479	trend_dtrader GBPUSD,H1: Failed modifying USDJPY
0	17:17:25.479	trend_dtrader GBPUSD,H1: Failed modifying USDJPY
0	17:17:26.479	trend_dtrader GBPUSD,H1: Failed modifying USDJPY
0	17:17:27.479	trend_dtrader GBPUSD,H1: Failed modifying USDJPY
0	17:17:28.478	trend_dtrader GBPUSD,H1: Failed modifying USDJPY
0	17:17:29.479	trend_dtrader GBPUSD,H1: Failed modifying USDJPY
0	17:17:30.479	trend_dtrader GBPUSD,H1: Failed modifying USDJPY
0	17:17:31.478	trend_dtrader GBPUSD,H1: Failed modifying USDJPY
0	17:17:32.479	trend_dtrader GBPUSD,H1: Failed modifying USDJPY
0	17:21:26.434	trend_dtrader GBPUSD,H1: Failed modifying USDJPY
0	17:22:25.427	trend_dtrader GBPUSD,H1: Failed modifying USDJPY
0	17:22:28.427	trend_dtrader GBPUSD,H1: Failed modifying USDJPY
0	17:22:29.428	trend_dtrader GBPUSD,H1: Failed modifying USDJPY
0	17:22:30.427	trend_dtrader GBPUSD,H1: Failed modifying USDJPY
0	17:22:31.427	trend_dtrader GBPUSD,H1: Failed modifying USDJPY
0	17:22:32.427	trend_dtrader GBPUSD,H1: Failed modifying USDJPY
0	17:22:33.427	trend_dtrader GBPUSD,H1: Failed modifying USDJPY
0	17:22:34.427	trend_dtrader GBPUSD,H1: Failed modifying USDJPY
0	17:22:35.427	trend_dtrader GBPUSD,H1: Failed modifying USDJPY
0	17:22:36.426	trend_dtrader GBPUSD,H1: Failed modifying USDJPY
0	17:22:37.427	trend_dtrader GBPUSD,H1: Failed modifying USDJPY
0	17:22:38.427	trend_dtrader GBPUSD,H1: Failed modifying USDJPY
0	17:22:39.427	trend_dtrader GBPUSD,H1: Failed modifying USDJPY
0	17:22:40.426	trend_dtrader GBPUSD,H1: Failed modifying USDJPY
0	17:22:41.427	trend_dtrader GBPUSD,H1: Failed modifying USDJPY
0	17:22:42.427	trend_dtrader GBPUSD,H1: Failed modifying USDJPY
0	17:22:43.426	trend_dtrader GBPUSD,H1: Failed modifying USDJPY
0	17:22:44.427	trend_dtrader GBPUSD,H1: Failed modifying USDJPY
0	17:22:45.427	trend_dtrader GBPUSD,H1: Failed modifying USDJPY
0	17:22:46.427	trend_dtrader GBPUSD,H1: Failed modifying USDJPY
0	17:22:47.426	trend_dtrader GBPUSD,H1: Failed modifying USDJPY
0	17:22:48.426	trend_dtrader GBPUSD,H1: Failed modifying USDJPY
0	17:22:49.426	trend_dtrader GBPUSD,H1: Failed modifying USDJPY
0	17:22:50.426	trend_dtrader GBPUSD,H1: Failed modifying USDJPY
0	17:22:51.426	trend_dtrader GBPUSD,H1: Failed modifying USDJPY
0	17:22:52.426	trend_dtrader GBPUSD,H1: Failed modifying USDJPY
0	17:22:53.426	trend_dtrader GBPUSD,H1: Failed modifying USDJPY
0	17:22:54.426	trend_dtrader GBPUSD,H1: Failed modifying USDJPY
0	17:22:55.426	trend_dtrader GBPUSD,H1: Failed modifying USDJPY
0	17:22:56.426	trend_dtrader GBPUSD,H1: Failed modifying USDJPY
0	17:22:57.426	trend_dtrader GBPUSD,H1: Failed modifying USDJPY
0	17:22:58.426	trend_dtrader GBPUSD,H1: Failed modifying USDJPY
0	17:22:59.425	trend_dtrader GBPUSD,H1: Failed modifying USDJPY
0	17:23:00.425	trend_dtrader GBPUSD,H1: Failed modifying USDJPY
0	17:23:01.425	trend_dtrader GBPUSD,H1: Failed modifying USDJPY
0	17:23:02.427	trend_dtrader GBPUSD,H1: Failed modifying USDJPY
0	17:23:03.428	trend_dtrader GBPUSD,H1: Failed modifying USDJPY
0	17:23:04.426	trend_dtrader GBPUSD,H1: Failed modifying USDJPY
0	17:23:05.513	trend_dtrader GBPUSD,H1: Failed modifying USDJPY
0	17:23:06.426	trend_dtrader GBPUSD,H1: Failed modifying USDJPY
0	17:23:07.425	trend_dtrader GBPUSD,H1: Failed modifying USDJPY
0	17:23:08.426	trend_dtrader GBPUSD,H1: Failed modifying USDJPY
0	17:23:09.426	trend_dtrader GBPUSD,H1: Failed modifying USDJPY
0	17:23:22.425	trend_dtrader GBPUSD,H1: Failed modifying USDJPY
0	17:23:23.446	trend_dtrader GBPUSD,H1: Failed modifying USDJPY
0	17:23:24.424	trend_dtrader GBPUSD,H1: Failed modifying USDJPY
0	17:23:25.424	trend_dtrader GBPUSD,H1: Failed modifying USDJPY
0	17:23:26.431	trend_dtrader GBPUSD,H1: Failed modifying USDJPY
0	17:23:27.424	trend_dtrader GBPUSD,H1: Failed modifying USDJPY
0	17:23:28.425	trend_dtrader GBPUSD,H1: Failed modifying USDJPY
0	17:23:29.424	trend_dtrader GBPUSD,H1: Failed modifying USDJPY
0	17:23:30.427	trend_dtrader GBPUSD,H1: Failed modifying USDJPY
0	17:23:31.424	trend_dtrader GBPUSD,H1: Failed modifying USDJPY
0	17:23:32.424	trend_dtrader GBPUSD,H1: Failed modifying USDJPY
0	17:23:33.424	trend_dtrader GBPUSD,H1: Failed modifying USDJPY
0	17:23:34.424	trend_dtrader GBPUSD,H1: Failed modifying USDJPY
0	17:23:35.424	trend_dtrader GBPUSD,H1: Failed modifying USDJPY
0	17:23:36.424	trend_dtrader GBPUSD,H1: Failed modifying USDJPY
0	17:23:37.423	trend_dtrader GBPUSD,H1: Failed modifying USDJPY
0	17:23:38.424	trend_dtrader GBPUSD,H1: Failed modifying USDJPY
0	17:23:39.424	trend_dtrader GBPUSD,H1: Failed modifying USDJPY
0	17:23:40.424	trend_dtrader GBPUSD,H1: Failed modifying USDJPY
0	17:23:41.424	trend_dtrader GBPUSD,H1: Failed modifying USDJPY
0	17:23:42.423	trend_dtrader GBPUSD,H1: Failed modifying USDJPY
0	17:23:43.423	trend_dtrader GBPUSD,H1: Failed modifying USDJPY
0	17:23:44.424	trend_dtrader GBPUSD,H1: Failed modifying USDJPY
0	17:23:45.424	trend_dtrader GBPUSD,H1: Failed modifying USDJPY
0	17:23:46.424	trend_dtrader GBPUSD,H1: Failed modifying USDJPY
0	17:23:47.446	trend_dtrader GBPUSD,H1: Failed modifying USDJPY
0	17:23:48.428	trend_dtrader GBPUSD,H1: Failed modifying USDJPY
0	17:23:49.424	trend_dtrader GBPUSD,H1: Failed modifying USDJPY
0	17:23:50.424	trend_dtrader GBPUSD,H1: Failed modifying USDJPY
0	17:23:51.423	trend_dtrader GBPUSD,H1: Failed modifying USDJPY
0	17:23:52.423	trend_dtrader GBPUSD,H1: Failed modifying USDJPY
0	17:23:53.426	trend_dtrader GBPUSD,H1: Failed modifying USDJPY
0	17:23:54.424	trend_dtrader GBPUSD,H1: Failed modifying USDJPY
0	17:23:55.428	trend_dtrader GBPUSD,H1: Failed modifying USDJPY
0	17:23:56.424	trend_dtrader GBPUSD,H1: Failed modifying USDJPY
0	17:23:57.424	trend_dtrader GBPUSD,H1: Failed modifying USDJPY
0	17:23:58.423	trend_dtrader GBPUSD,H1: Failed modifying USDJPY
0	17:23:59.423	trend_dtrader GBPUSD,H1: Failed modifying USDJPY
0	17:24:00.423	trend_dtrader GBPUSD,H1: Failed modifying USDJPY
0	17:24:01.435	trend_dtrader GBPUSD,H1: Failed modifying USDJPY
0	17:24:02.423	trend_dtrader GBPUSD,H1: Failed modifying USDJPY
0	17:24:03.422	trend_dtrader GBPUSD,H1: Failed modifying USDJPY
0	17:24:59.420	trend_dtrader GBPUSD,H1: Failed modifying USDJPY
0	17:25:00.441	trend_dtrader GBPUSD,H1: Failed modifying USDJPY
0	17:25:01.420	trend_dtrader GBPUSD,H1: Failed modifying USDJPY
0	17:25:02.420	trend_dtrader GBPUSD,H1: Failed modifying USDJPY
0	17:25:03.421	trend_dtrader GBPUSD,H1: Failed modifying USDJPY
0	17:25:04.420	trend_dtrader GBPUSD,H1: Failed modifying USDJPY
0	17:25:05.420	trend_dtrader GBPUSD,H1: Failed modifying USDJPY
0	17:25:06.419	trend_dtrader GBPUSD,H1: Failed modifying USDJPY
0	17:25:07.419	trend_dtrader GBPUSD,H1: Failed modifying USDJPY
0	17:25:08.420	trend_dtrader GBPUSD,H1: Failed modifying USDJPY
0	17:25:09.420	trend_dtrader GBPUSD,H1: Failed modifying USDJPY
0	17:25:10.420	trend_dtrader GBPUSD,H1: Failed modifying USDJPY
0	17:25:11.419	trend_dtrader GBPUSD,H1: Failed modifying USDJPY
0	17:25:12.419	trend_dtrader GBPUSD,H1: Failed modifying USDJPY
0	17:25:13.419	trend_dtrader GBPUSD,H1: Failed modifying USDJPY
0	17:25:14.419	trend_dtrader GBPUSD,H1: Failed modifying USDJPY
0	17:25:15.419	trend_dtrader GBPUSD,H1: Failed modifying USDJPY
0	17:25:16.419	trend_dtrader GBPUSD,H1: Failed modifying USDJPY
0	17:25:17.420	trend_dtrader GBPUSD,H1: Failed modifying USDJPY
0	17:25:18.419	trend_dtrader GBPUSD,H1: Failed modifying USDJPY
0	17:25:19.419	trend_dtrader GBPUSD,H1: Failed modifying USDJPY
0	17:25:20.420	trend_dtrader GBPUSD,H1: Failed modifying USDJPY
0	17:25:21.419	trend_dtrader GBPUSD,H1: Failed modifying USDJPY
0	17:25:22.420	trend_dtrader GBPUSD,H1: Failed modifying USDJPY
0	17:25:23.419	trend_dtrader GBPUSD,H1: Failed modifying USDJPY
0	17:25:24.419	trend_dtrader GBPUSD,H1: Failed modifying USDJPY
0	17:25:25.419	trend_dtrader GBPUSD,H1: Failed modifying USDJPY
0	17:25:26.419	trend_dtrader GBPUSD,H1: Failed modifying USDJPY
0	17:25:27.419	trend_dtrader GBPUSD,H1: Failed modifying USDJPY
0	17:25:28.419	trend_dtrader GBPUSD,H1: Failed modifying USDJPY
0	17:25:29.419	trend_dtrader GBPUSD,H1: Failed modifying USDJPY
0	17:25:30.419	trend_dtrader GBPUSD,H1: Failed modifying USDJPY
0	17:25:31.419	trend_dtrader GBPUSD,H1: Failed modifying USDJPY
0	17:25:32.419	trend_dtrader GBPUSD,H1: Failed modifying USDJPY
0	17:25:33.419	trend_dtrader GBPUSD,H1: Failed modifying USDJPY
0	17:25:34.420	trend_dtrader GBPUSD,H1: Failed modifying USDJPY
0	17:25:35.438	trend_dtrader GBPUSD,H1: Failed modifying USDJPY
0	17:25:36.418	trend_dtrader GBPUSD,H1: Failed modifying USDJPY
0	17:25:37.419	trend_dtrader GBPUSD,H1: Failed modifying USDJPY
0	17:25:38.419	trend_dtrader GBPUSD,H1: Failed modifying USDJPY
0	17:25:39.418	trend_dtrader GBPUSD,H1: Failed modifying USDJPY
0	17:25:46.418	trend_dtrader GBPUSD,H1: Failed modifying USDJPY
0	17:25:47.418	trend_dtrader GBPUSD,H1: Failed modifying USDJPY
0	17:25:48.418	trend_dtrader GBPUSD,H1: Failed modifying USDJPY
0	17:25:49.418	trend_dtrader GBPUSD,H1: Failed modifying USDJPY
0	17:25:50.418	trend_dtrader GBPUSD,H1: Failed modifying USDJPY
0	17:25:51.418	trend_dtrader GBPUSD,H1: Failed modifying USDJPY
0	17:25:52.418	trend_dtrader GBPUSD,H1: Failed modifying USDJPY
0	17:25:53.418	trend_dtrader GBPUSD,H1: Failed modifying USDJPY
0	17:25:54.418	trend_dtrader GBPUSD,H1: Failed modifying USDJPY
0	17:25:55.441	trend_dtrader GBPUSD,H1: Failed modifying USDJPY
0	17:25:56.418	trend_dtrader GBPUSD,H1: Failed modifying USDJPY
0	17:25:57.418	trend_dtrader GBPUSD,H1: Failed modifying USDJPY
0	17:25:58.418	trend_dtrader GBPUSD,H1: Failed modifying USDJPY
0	17:25:59.417	trend_dtrader GBPUSD,H1: Failed modifying USDJPY
0	17:26:00.417	trend_dtrader GBPUSD,H1: Failed modifying USDJPY
0	17:26:01.418	trend_dtrader GBPUSD,H1: Failed modifying USDJPY
0	17:26:02.417	trend_dtrader GBPUSD,H1: Failed modifying USDJPY
0	17:26:03.418	trend_dtrader GBPUSD,H1: Failed modifying USDJPY
0	17:26:04.417	trend_dtrader GBPUSD,H1: Failed modifying USDJPY
0	17:26:05.418	trend_dtrader GBPUSD,H1: Failed modifying USDJPY
0	17:26:06.418	trend_dtrader GBPUSD,H1: Failed modifying USDJPY
0	17:26:07.418	trend_dtrader GBPUSD,H1: Failed modifying USDJPY
0	17:26:08.417	trend_dtrader GBPUSD,H1: Failed modifying USDJPY
0	17:26:09.417	trend_dtrader GBPUSD,H1: Failed modifying USDJPY
0	17:26:10.417	trend_dtrader GBPUSD,H1: Failed modifying USDJPY
0	17:26:11.417	trend_dtrader GBPUSD,H1: Failed modifying USDJPY
0	17:26:12.417	trend_dtrader GBPUSD,H1: Failed modifying USDJPY
0	17:26:13.417	trend_dtrader GBPUSD,H1: Failed modifying USDJPY
0	17:26:14.417	trend_dtrader GBPUSD,H1: Failed modifying USDJPY
0	17:26:15.418	trend_dtrader GBPUSD,H1: Failed modifying USDJPY
0	17:26:16.451	trend_dtrader GBPUSD,H1: Failed modifying USDJPY
0	17:26:17.417	trend_dtrader GBPUSD,H1: Failed modifying USDJPY
0	17:26:18.416	trend_dtrader GBPUSD,H1: Failed modifying USDJPY
0	17:26:19.416	trend_dtrader GBPUSD,H1: Failed modifying USDJPY
0	17:26:20.416	trend_dtrader GBPUSD,H1: Failed modifying USDJPY
0	17:26:21.417	trend_dtrader GBPUSD,H1: Failed modifying USDJPY
0	17:26:22.416	trend_dtrader GBPUSD,H1: Failed modifying USDJPY
0	17:26:23.426	trend_dtrader GBPUSD,H1: Failed modifying USDJPY
0	17:26:24.424	trend_dtrader GBPUSD,H1: Failed modifying USDJPY
0	17:26:25.416	trend_dtrader GBPUSD,H1: Failed modifying USDJPY
0	17:26:26.416	trend_dtrader GBPUSD,H1: Failed modifying USDJPY
0	17:26:27.416	trend_dtrader GBPUSD,H1: Failed modifying USDJPY
0	17:26:28.416	trend_dtrader GBPUSD,H1: Failed modifying USDJPY
0	17:26:29.416	trend_dtrader GBPUSD,H1: Failed modifying USDJPY
0	17:26:30.416	trend_dtrader GBPUSD,H1: Failed modifying USDJPY
0	17:26:31.416	trend_dtrader GBPUSD,H1: Failed modifying USDJPY
0	17:26:32.416	trend_dtrader GBPUSD,H1: Failed modifying USDJPY
0	17:26:33.416	trend_dtrader GBPUSD,H1: Failed modifying USDJPY
0	17:26:34.416	trend_dtrader GBPUSD,H1: Failed modifying USDJPY
0	17:26:35.440	trend_dtrader GBPUSD,H1: Failed modifying USDJPY
0	17:26:36.446	trend_dtrader GBPUSD,H1: Failed modifying USDJPY
0	17:26:37.416	trend_dtrader GBPUSD,H1: Failed modifying USDJPY
0	17:26:38.416	trend_dtrader GBPUSD,H1: Failed modifying USDJPY
0	17:26:39.416	trend_dtrader GBPUSD,H1: Failed modifying USDJPY
0	17:26:40.416	trend_dtrader GBPUSD,H1: Failed modifying USDJPY
0	17:26:41.423	trend_dtrader GBPUSD,H1: Failed modifying USDJPY
0	17:26:42.415	trend_dtrader GBPUSD,H1: Failed modifying USDJPY
0	17:26:43.416	trend_dtrader GBPUSD,H1: Failed modifying USDJPY
0	17:26:44.415	trend_dtrader GBPUSD,H1: Failed modifying USDJPY
0	17:26:45.415	trend_dtrader GBPUSD,H1: Failed modifying USDJPY
0	17:26:46.427	trend_dtrader GBPUSD,H1: Failed modifying USDJPY
0	17:26:47.415	trend_dtrader GBPUSD,H1: Failed modifying USDJPY
0	17:26:48.415	trend_dtrader GBPUSD,H1: Failed modifying USDJPY
0	17:26:49.415	trend_dtrader GBPUSD,H1: Failed modifying USDJPY
0	17:26:50.415	trend_dtrader GBPUSD,H1: Failed modifying USDJPY
0	17:26:51.416	trend_dtrader GBPUSD,H1: Failed modifying USDJPY
0	17:26:52.415	trend_dtrader GBPUSD,H1: Failed modifying USDJPY
0	17:26:53.415	trend_dtrader GBPUSD,H1: Failed modifying USDJPY
0	17:26:54.415	trend_dtrader GBPUSD,H1: Failed modifying USDJPY
0	17:26:55.415	trend_dtrader GBPUSD,H1: Failed modifying USDJPY
0	17:26:56.414	trend_dtrader GBPUSD,H1: Failed modifying USDJPY
0	17:26:57.416	trend_dtrader GBPUSD,H1: Failed modifying USDJPY
0	17:26:58.415	trend_dtrader GBPUSD,H1: Failed modifying USDJPY
0	17:26:59.415	trend_dtrader GBPUSD,H1: Failed modifying USDJPY
0	17:27:00.415	trend_dtrader GBPUSD,H1: Failed modifying USDJPY
0	17:27:01.415	trend_dtrader GBPUSD,H1: Failed modifying USDJPY
0	17:27:02.414	trend_dtrader GBPUSD,H1: Failed modifying USDJPY
0	17:27:03.415	trend_dtrader GBPUSD,H1: Failed modifying USDJPY
0	17:27:04.415	trend_dtrader GBPUSD,H1: Failed modifying USDJPY
0	17:27:05.414	trend_dtrader GBPUSD,H1: Failed modifying USDJPY
0	17:27:06.416	trend_dtrader GBPUSD,H1: Failed modifying USDJPY
0	17:27:07.415	trend_dtrader GBPUSD,H1: Failed modifying USDJPY
0	17:27:08.414	trend_dtrader GBPUSD,H1: Failed modifying USDJPY
0	17:27:09.415	trend_dtrader GBPUSD,H1: Failed modifying USDJPY
0	17:27:10.415	trend_dtrader GBPUSD,H1: Failed modifying USDJPY
0	17:27:11.417	trend_dtrader GBPUSD,H1: Failed modifying USDJPY
0	17:27:12.415	trend_dtrader GBPUSD,H1: Failed modifying USDJPY
0	17:27:13.415	trend_dtrader GBPUSD,H1: Failed modifying USDJPY
0	17:27:14.414	trend_dtrader GBPUSD,H1: Failed modifying USDJPY
0	17:27:15.414	trend_dtrader GBPUSD,H1: Failed modifying USDJPY
0	17:27:16.415	trend_dtrader GBPUSD,H1: Failed modifying USDJPY
0	17:27:17.414	trend_dtrader GBPUSD,H1: Failed modifying USDJPY
0	17:27:18.413	trend_dtrader GBPUSD,H1: Failed modifying USDJPY
0	17:27:19.413	trend_dtrader GBPUSD,H1: Failed modifying USDJPY
0	17:27:20.414	trend_dtrader GBPUSD,H1: Failed modifying USDJPY
0	17:27:21.415	trend_dtrader GBPUSD,H1: Failed modifying USDJPY
0	17:27:22.415	trend_dtrader GBPUSD,H1: Failed modifying USDJPY
0	17:27:23.414	trend_dtrader GBPUSD,H1: Failed modifying USDJPY
0	17:27:24.454	trend_dtrader GBPUSD,H1: Failed modifying USDJPY
0	17:27:25.413	trend_dtrader GBPUSD,H1: Failed modifying USDJPY
0	17:27:26.414	trend_dtrader GBPUSD,H1: Failed modifying USDJPY
0	17:27:27.414	trend_dtrader GBPUSD,H1: Failed modifying USDJPY
0	17:27:28.413	trend_dtrader GBPUSD,H1: Failed modifying USDJPY
0	17:27:29.414	trend_dtrader GBPUSD,H1: Failed modifying USDJPY
0	17:27:30.414	trend_dtrader GBPUSD,H1: Failed modifying USDJPY
0	17:27:31.413	trend_dtrader GBPUSD,H1: Failed modifying USDJPY
0	17:27:32.414	trend_dtrader GBPUSD,H1: Failed modifying USDJPY
0	17:27:33.413	trend_dtrader GBPUSD,H1: Failed modifying USDJPY
0	17:27:34.413	trend_dtrader GBPUSD,H1: Failed modifying USDJPY
0	17:27:35.413	trend_dtrader GBPUSD,H1: Failed modifying USDJPY
0	17:27:36.414	trend_dtrader GBPUSD,H1: Failed modifying USDJPY
0	17:27:37.413	trend_dtrader GBPUSD,H1: Failed modifying USDJPY
0	17:27:38.418	trend_dtrader GBPUSD,H1: Failed modifying USDJPY
0	17:27:39.413	trend_dtrader GBPUSD,H1: Failed modifying USDJPY
0	17:27:40.413	trend_dtrader GBPUSD,H1: Failed modifying USDJPY
0	17:27:41.413	trend_dtrader GBPUSD,H1: Failed modifying USDJPY
0	17:27:58.412	trend_dtrader GBPUSD,H1: Failed modifying USDJPY
0	17:27:59.412	trend_dtrader GBPUSD,H1: Failed modifying USDJPY
0	17:28:00.412	trend_dtrader GBPUSD,H1: Failed modifying USDJPY
0	17:28:01.412	trend_dtrader GBPUSD,H1: Failed modifying USDJPY
0	17:28:02.412	trend_dtrader GBPUSD,H1: Failed modifying USDJPY
0	17:28:03.413	trend_dtrader GBPUSD,H1: Failed modifying USDJPY
0	17:28:04.413	trend_dtrader GBPUSD,H1: Failed modifying USDJPY
0	17:28:05.485	trend_dtrader GBPUSD,H1: Failed modifying USDJPY
0	17:28:06.413	trend_dtrader GBPUSD,H1: Failed modifying USDJPY
0	17:28:07.412	trend_dtrader GBPUSD,H1: Failed modifying USDJPY
0	17:28:08.412	trend_dtrader GBPUSD,H1: Failed modifying USDJPY
0	17:28:09.411	trend_dtrader GBPUSD,H1: Failed modifying USDJPY
0	17:28:10.431	trend_dtrader GBPUSD,H1: Failed modifying USDJPY
0	17:28:11.412	trend_dtrader GBPUSD,H1: Failed modifying USDJPY
0	17:28:12.412	trend_dtrader GBPUSD,H1: Failed modifying USDJPY
0	17:28:13.434	trend_dtrader GBPUSD,H1: Failed modifying USDJPY
0	17:28:14.412	trend_dtrader GBPUSD,H1: Failed modifying USDJPY
0	17:28:15.412	trend_dtrader GBPUSD,H1: Failed modifying USDJPY
0	17:28:16.482	trend_dtrader GBPUSD,H1: Failed modifying USDJPY
0	17:28:17.411	trend_dtrader GBPUSD,H1: Failed modifying USDJPY
0	17:28:18.411	trend_dtrader GBPUSD,H1: Failed modifying USDJPY
0	17:28:19.411	trend_dtrader GBPUSD,H1: Failed modifying USDJPY
0	17:28:20.411	trend_dtrader GBPUSD,H1: Failed modifying USDJPY
0	17:28:21.411	trend_dtrader GBPUSD,H1: Failed modifying USDJPY
0	17:28:22.412	trend_dtrader GBPUSD,H1: Failed modifying USDJPY
0	17:28:23.411	trend_dtrader GBPUSD,H1: Failed modifying USDJPY
0	17:28:24.411	trend_dtrader GBPUSD,H1: Failed modifying USDJPY
0	17:28:25.411	trend_dtrader GBPUSD,H1: Failed modifying USDJPY
0	17:28:26.411	trend_dtrader GBPUSD,H1: Failed modifying USDJPY
0	17:28:27.411	trend_dtrader GBPUSD,H1: Failed modifying USDJPY
0	17:28:28.411	trend_dtrader GBPUSD,H1: Failed modifying USDJPY
0	17:28:29.411	trend_dtrader GBPUSD,H1: Failed modifying USDJPY
0	17:28:30.410	trend_dtrader GBPUSD,H1: Failed modifying USDJPY
0	17:28:31.410	trend_dtrader GBPUSD,H1: Failed modifying USDJPY
0	17:28:32.410	trend_dtrader GBPUSD,H1: Failed modifying USDJPY
0	17:28:33.411	trend_dtrader GBPUSD,H1: Failed modifying USDJPY
0	17:28:34.410	trend_dtrader GBPUSD,H1: Failed modifying USDJPY
0	17:28:35.410	trend_dtrader GBPUSD,H1: Failed modifying USDJPY
0	17:28:36.411	trend_dtrader GBPUSD,H1: Failed modifying USDJPY
0	17:28:37.439	trend_dtrader GBPUSD,H1: Failed modifying USDJPY
0	17:28:38.410	trend_dtrader GBPUSD,H1: Failed modifying USDJPY
0	17:28:39.410	trend_dtrader GBPUSD,H1: Failed modifying USDJPY
0	17:28:40.410	trend_dtrader GBPUSD,H1: Failed modifying USDJPY
0	17:28:41.421	trend_dtrader GBPUSD,H1: Failed modifying USDJPY
0	17:28:42.410	trend_dtrader GBPUSD,H1: Failed modifying USDJPY
0	17:28:43.410	trend_dtrader GBPUSD,H1: Failed modifying USDJPY
0	17:28:44.410	trend_dtrader GBPUSD,H1: Failed modifying USDJPY
0	17:28:45.410	trend_dtrader GBPUSD,H1: Failed modifying USDJPY
0	17:28:46.410	trend_dtrader GBPUSD,H1: Failed modifying USDJPY
0	17:28:47.410	trend_dtrader GBPUSD,H1: Failed modifying USDJPY
0	17:28:48.418	trend_dtrader GBPUSD,H1: Failed modifying USDJPY
0	17:28:49.410	trend_dtrader GBPUSD,H1: Failed modifying USDJPY
0	17:28:50.410	trend_dtrader GBPUSD,H1: Failed modifying USDJPY
0	17:28:51.410	trend_dtrader GBPUSD,H1: Failed modifying USDJPY
0	17:28:52.410	trend_dtrader GBPUSD,H1: Failed modifying USDJPY
0	17:28:53.410	trend_dtrader GBPUSD,H1: Failed modifying USDJPY
0	17:28:54.409	trend_dtrader GBPUSD,H1: Failed modifying USDJPY
0	17:28:55.409	trend_dtrader GBPUSD,H1: Failed modifying USDJPY
0	17:28:56.409	trend_dtrader GBPUSD,H1: Failed modifying USDJPY
0	17:28:57.409	trend_dtrader GBPUSD,H1: Failed modifying USDJPY
0	17:28:58.409	trend_dtrader GBPUSD,H1: Failed modifying USDJPY
0	17:28:59.409	trend_dtrader GBPUSD,H1: Failed modifying USDJPY
0	17:29:00.410	trend_dtrader GBPUSD,H1: Failed modifying USDJPY
0	17:29:01.409	trend_dtrader GBPUSD,H1: Failed modifying USDJPY
0	17:29:02.409	trend_dtrader GBPUSD,H1: Failed modifying USDJPY
0	17:29:03.409	trend_dtrader GBPUSD,H1: Failed modifying USDJPY
0	17:29:04.415	trend_dtrader GBPUSD,H1: Failed modifying USDJPY
0	17:29:05.412	trend_dtrader GBPUSD,H1: Failed modifying USDJPY
0	17:29:06.409	trend_dtrader GBPUSD,H1: Failed modifying USDJPY
0	17:29:07.409	trend_dtrader GBPUSD,H1: Failed modifying USDJPY
0	17:29:08.409	trend_dtrader GBPUSD,H1: Failed modifying USDJPY
0	17:29:09.409	trend_dtrader GBPUSD,H1: Failed modifying USDJPY
0	17:29:10.410	trend_dtrader GBPUSD,H1: Failed modifying USDJPY
0	17:29:11.409	trend_dtrader GBPUSD,H1: Failed modifying USDJPY
0	17:29:12.408	trend_dtrader GBPUSD,H1: Failed modifying USDJPY
0	17:29:13.409	trend_dtrader GBPUSD,H1: Failed modifying USDJPY
0	17:29:14.409	trend_dtrader GBPUSD,H1: Failed modifying USDJPY
0	17:29:15.409	trend_dtrader GBPUSD,H1: Failed modifying USDJPY
0	17:29:16.408	trend_dtrader GBPUSD,H1: Failed modifying USDJPY
0	17:29:17.409	trend_dtrader GBPUSD,H1: Failed modifying USDJPY
0	17:29:18.409	trend_dtrader GBPUSD,H1: Failed modifying USDJPY
0	17:29:19.409	trend_dtrader GBPUSD,H1: Failed modifying USDJPY
0	17:29:20.409	trend_dtrader GBPUSD,H1: Failed modifying USDJPY
0	17:29:21.409	trend_dtrader GBPUSD,H1: Failed modifying USDJPY
0	17:29:22.409	trend_dtrader GBPUSD,H1: Failed modifying USDJPY
0	17:29:23.409	trend_dtrader GBPUSD,H1: Failed modifying USDJPY
0	17:29:24.408	trend_dtrader GBPUSD,H1: Failed modifying USDJPY
0	17:29:25.408	trend_dtrader GBPUSD,H1: Failed modifying USDJPY
0	17:29:26.409	trend_dtrader GBPUSD,H1: Failed modifying USDJPY
0	17:29:27.408	trend_dtrader GBPUSD,H1: Failed modifying USDJPY
0	17:29:28.408	trend_dtrader GBPUSD,H1: Failed modifying USDJPY
0	17:29:29.416	trend_dtrader GBPUSD,H1: Failed modifying USDJPY
0	17:29:30.408	trend_dtrader GBPUSD,H1: Failed modifying USDJPY
0	17:29:31.408	trend_dtrader GBPUSD,H1: Failed modifying USDJPY
0	17:29:32.409	trend_dtrader GBPUSD,H1: Failed modifying USDJPY
0	17:29:33.408	trend_dtrader GBPUSD,H1: Failed modifying USDJPY
0	17:29:34.408	trend_dtrader GBPUSD,H1: Failed modifying USDJPY
0	17:29:35.408	trend_dtrader GBPUSD,H1: Failed modifying USDJPY
0	17:29:36.408	trend_dtrader GBPUSD,H1: Failed modifying USDJPY
0	17:29:37.407	trend_dtrader GBPUSD,H1: Failed modifying USDJPY
0	17:29:38.408	trend_dtrader GBPUSD,H1: Failed modifying USDJPY
0	17:29:39.408	trend_dtrader GBPUSD,H1: Failed modifying USDJPY
0	17:29:40.408	trend_dtrader GBPUSD,H1: Failed modifying USDJPY
0	17:29:41.409	trend_dtrader GBPUSD,H1: Failed modifying USDJPY
0	17:29:42.408	trend_dtrader GBPUSD,H1: Failed modifying USDJPY
0	17:29:43.407	trend_dtrader GBPUSD,H1: Failed modifying USDJPY
0	17:29:44.407	trend_dtrader GBPUSD,H1: Failed modifying USDJPY
0	17:29:45.408	trend_dtrader GBPUSD,H1: Failed modifying USDJPY
0	17:29:46.408	trend_dtrader GBPUSD,H1: Failed modifying USDJPY
0	17:29:47.407	trend_dtrader GBPUSD,H1: Failed modifying USDJPY
0	17:29:48.407	trend_dtrader GBPUSD,H1: Failed modifying USDJPY
0	17:29:49.407	trend_dtrader GBPUSD,H1: Failed modifying USDJPY
0	17:29:50.407	trend_dtrader GBPUSD,H1: Failed modifying USDJPY
0	17:29:51.408	trend_dtrader GBPUSD,H1: Failed modifying USDJPY
0	17:29:52.408	trend_dtrader GBPUSD,H1: Failed modifying USDJPY
0	17:29:53.408	trend_dtrader GBPUSD,H1: Failed modifying USDJPY
0	17:29:54.407	trend_dtrader GBPUSD,H1: Failed modifying USDJPY
0	17:29:55.407	trend_dtrader GBPUSD,H1: Failed modifying USDJPY
0	17:29:56.408	trend_dtrader GBPUSD,H1: Failed modifying USDJPY
0	17:29:57.407	trend_dtrader GBPUSD,H1: Failed modifying USDJPY
0	17:30:14.427	trend_dtrader GBPUSD,H1: Failed modifying USDJPY
0	17:30:15.406	trend_dtrader GBPUSD,H1: Failed modifying USDJPY
0	17:30:16.406	trend_dtrader GBPUSD,H1: Failed modifying USDJPY
0	17:31:14.403	trend_dtrader GBPUSD,H1: Failed modifying USDJPY
0	17:31:15.403	trend_dtrader GBPUSD,H1: Failed modifying USDJPY
0	17:31:16.403	trend_dtrader GBPUSD,H1: Failed modifying USDJPY
0	17:31:21.404	trend_dtrader GBPUSD,H1: Failed modifying USDJPY
0	17:31:25.413	trend_dtrader GBPUSD,H1: Failed modifying USDJPY
0	17:31:26.403	trend_dtrader GBPUSD,H1: Failed modifying USDJPY
0	17:31:27.403	trend_dtrader GBPUSD,H1: Failed modifying USDJPY
0	17:31:28.403	trend_dtrader GBPUSD,H1: Failed modifying USDJPY
0	17:31:29.402	trend_dtrader GBPUSD,H1: Failed modifying USDJPY
0	17:31:30.402	trend_dtrader GBPUSD,H1: Failed modifying USDJPY
0	17:31:31.403	trend_dtrader GBPUSD,H1: Failed modifying USDJPY
0	17:31:32.404	trend_dtrader GBPUSD,H1: Failed modifying USDJPY
0	17:31:33.410	trend_dtrader GBPUSD,H1: Failed modifying USDJPY
0	17:31:34.415	trend_dtrader GBPUSD,H1: Failed modifying USDJPY
0	17:31:35.403	trend_dtrader GBPUSD,H1: Failed modifying USDJPY
0	17:31:36.402	trend_dtrader GBPUSD,H1: Failed modifying USDJPY
0	17:31:37.402	trend_dtrader GBPUSD,H1: Failed modifying USDJPY
0	17:31:38.402	trend_dtrader GBPUSD,H1: Failed modifying USDJPY
0	17:31:39.409	trend_dtrader GBPUSD,H1: Failed modifying USDJPY
0	17:31:40.402	trend_dtrader GBPUSD,H1: Failed modifying USDJPY
0	17:31:41.402	trend_dtrader GBPUSD,H1: Failed modifying USDJPY
0	17:31:42.402	trend_dtrader GBPUSD,H1: Failed modifying USDJPY
0	17:31:43.402	trend_dtrader GBPUSD,H1: Failed modifying USDJPY
0	17:31:44.402	trend_dtrader GBPUSD,H1: Failed modifying USDJPY
0	17:31:45.401	trend_dtrader GBPUSD,H1: Failed modifying USDJPY
0	17:31:46.402	trend_dtrader GBPUSD,H1: Failed modifying USDJPY
0	17:31:47.401	trend_dtrader GBPUSD,H1: Failed modifying USDJPY
0	17:31:48.402	trend_dtrader GBPUSD,H1: Failed modifying USDJPY
0	17:31:49.401	trend_dtrader GBPUSD,H1: Failed modifying USDJPY
0	17:31:50.402	trend_dtrader GBPUSD,H1: Failed modifying USDJPY
0	17:31:51.423	trend_dtrader GBPUSD,H1: Failed modifying USDJPY
0	17:31:52.401	trend_dtrader GBPUSD,H1: Failed modifying USDJPY
0	17:31:53.401	trend_dtrader GBPUSD,H1: Failed modifying USDJPY
0	17:31:54.402	trend_dtrader GBPUSD,H1: Failed modifying USDJPY
0	17:31:55.401	trend_dtrader GBPUSD,H1: Failed modifying USDJPY
0	17:31:56.401	trend_dtrader GBPUSD,H1: Failed modifying USDJPY
0	17:31:57.425	trend_dtrader GBPUSD,H1: Failed modifying USDJPY
0	17:31:58.401	trend_dtrader GBPUSD,H1: Failed modifying USDJPY
0	17:31:59.401	trend_dtrader GBPUSD,H1: Failed modifying USDJPY
0	17:32:00.402	trend_dtrader GBPUSD,H1: Failed modifying USDJPY
0	17:32:01.401	trend_dtrader GBPUSD,H1: Failed modifying USDJPY
0	17:32:02.402	trend_dtrader GBPUSD,H1: Failed modifying USDJPY
0	17:32:03.401	trend_dtrader GBPUSD,H1: Failed modifying USDJPY
0	17:32:04.401	trend_dtrader GBPUSD,H1: Failed modifying USDJPY
0	17:32:05.413	trend_dtrader GBPUSD,H1: Failed modifying USDJPY
0	17:32:06.401	trend_dtrader GBPUSD,H1: Failed modifying USDJPY
0	17:32:07.400	trend_dtrader GBPUSD,H1: Failed modifying USDJPY
0	17:32:08.400	trend_dtrader GBPUSD,H1: Failed modifying USDJPY
0	17:32:09.401	trend_dtrader GBPUSD,H1: Failed modifying USDJPY
0	17:32:10.401	trend_dtrader GBPUSD,H1: Failed modifying USDJPY
0	17:32:11.401	trend_dtrader GBPUSD,H1: Failed modifying USDJPY
0	17:32:12.401	trend_dtrader GBPUSD,H1: Failed modifying USDJPY
0	17:32:13.401	trend_dtrader GBPUSD,H1: Failed modifying USDJPY
0	17:32:14.400	trend_dtrader GBPUSD,H1: Failed modifying USDJPY
0	17:32:15.401	trend_dtrader GBPUSD,H1: Failed modifying USDJPY
0	17:32:16.401	trend_dtrader GBPUSD,H1: Failed modifying USDJPY
0	17:32:17.400	trend_dtrader GBPUSD,H1: Failed modifying USDJPY
0	17:32:18.400	trend_dtrader GBPUSD,H1: Failed modifying USDJPY
0	17:32:19.400	trend_dtrader GBPUSD,H1: Failed modifying USDJPY
0	17:32:20.401	trend_dtrader GBPUSD,H1: Failed modifying USDJPY
0	17:32:21.400	trend_dtrader GBPUSD,H1: Failed modifying USDJPY
0	17:32:22.401	trend_dtrader GBPUSD,H1: Failed modifying USDJPY
0	17:32:23.400	trend_dtrader GBPUSD,H1: Failed modifying USDJPY
0	17:32:24.400	trend_dtrader GBPUSD,H1: Failed modifying USDJPY
0	17:32:25.400	trend_dtrader GBPUSD,H1: Failed modifying USDJPY
0	17:32:26.400	trend_dtrader GBPUSD,H1: Failed modifying USDJPY
0	17:32:27.402	trend_dtrader GBPUSD,H1: Failed modifying USDJPY
0	17:32:28.400	trend_dtrader GBPUSD,H1: Failed modifying USDJPY
0	17:32:29.400	trend_dtrader GBPUSD,H1: Failed modifying USDJPY
0	17:32:30.399	trend_dtrader GBPUSD,H1: Failed modifying USDJPY
0	17:32:31.400	trend_dtrader GBPUSD,H1: Failed modifying USDJPY
0	17:32:32.400	trend_dtrader GBPUSD,H1: Failed modifying USDJPY
0	17:32:33.407	trend_dtrader GBPUSD,H1: Failed modifying USDJPY
0	17:32:34.400	trend_dtrader GBPUSD,H1: Failed modifying USDJPY
0	17:32:35.404	trend_dtrader GBPUSD,H1: Failed modifying USDJPY
0	17:32:36.400	trend_dtrader GBPUSD,H1: Failed modifying USDJPY
0	17:32:37.399	trend_dtrader GBPUSD,H1: Failed modifying USDJPY
0	17:32:38.399	trend_dtrader GBPUSD,H1: Failed modifying USDJPY
0	17:32:39.437	trend_dtrader GBPUSD,H1: Failed modifying USDJPY
0	17:32:40.400	trend_dtrader GBPUSD,H1: Failed modifying USDJPY
0	17:32:41.399	trend_dtrader GBPUSD,H1: Failed modifying USDJPY
0	17:32:42.400	trend_dtrader GBPUSD,H1: Failed modifying USDJPY
0	17:32:43.400	trend_dtrader GBPUSD,H1: Failed modifying USDJPY
0	17:32:44.400	trend_dtrader GBPUSD,H1: Failed modifying USDJPY
0	17:32:45.437	trend_dtrader GBPUSD,H1: Failed modifying USDJPY
0	17:32:46.399	trend_dtrader GBPUSD,H1: Failed modifying USDJPY
0	17:32:47.399	trend_dtrader GBPUSD,H1: Failed modifying USDJPY
0	17:32:48.399	trend_dtrader GBPUSD,H1: Failed modifying USDJPY
0	17:32:49.399	trend_dtrader GBPUSD,H1: Failed modifying USDJPY
0	17:32:50.399	trend_dtrader GBPUSD,H1: Failed modifying USDJPY
0	17:32:51.399	trend_dtrader GBPUSD,H1: Failed modifying USDJPY
0	17:32:52.399	trend_dtrader GBPUSD,H1: Failed modifying USDJPY
0	17:32:53.399	trend_dtrader GBPUSD,H1: Failed modifying USDJPY
0	17:32:54.399	trend_dtrader GBPUSD,H1: Failed modifying USDJPY
0	17:32:55.398	trend_dtrader GBPUSD,H1: Failed modifying USDJPY
0	17:32:56.398	trend_dtrader GBPUSD,H1: Failed modifying USDJPY
0	17:32:57.399	trend_dtrader GBPUSD,H1: Failed modifying USDJPY
0	17:32:58.398	trend_dtrader GBPUSD,H1: Failed modifying USDJPY
0	17:32:59.399	trend_dtrader GBPUSD,H1: Failed modifying USDJPY
0	17:33:00.399	trend_dtrader GBPUSD,H1: Failed modifying USDJPY
0	17:33:01.399	trend_dtrader GBPUSD,H1: Failed modifying USDJPY
0	17:33:02.398	trend_dtrader GBPUSD,H1: Failed modifying USDJPY
0	17:33:03.398	trend_dtrader GBPUSD,H1: Failed modifying USDJPY
0	17:33:04.398	trend_dtrader GBPUSD,H1: Failed modifying USDJPY
0	17:33:05.399	trend_dtrader GBPUSD,H1: Failed modifying USDJPY
0	17:33:06.399	trend_dtrader GBPUSD,H1: Failed modifying USDJPY
0	17:33:07.398	trend_dtrader GBPUSD,H1: Failed modifying USDJPY
0	17:33:08.398	trend_dtrader GBPUSD,H1: Failed modifying USDJPY
0	17:33:09.399	trend_dtrader GBPUSD,H1: Failed modifying USDJPY
0	17:33:10.398	trend_dtrader GBPUSD,H1: Failed modifying USDJPY
0	17:33:11.398	trend_dtrader GBPUSD,H1: Failed modifying USDJPY
0	17:33:12.398	trend_dtrader GBPUSD,H1: Failed modifying USDJPY
0	17:33:13.398	trend_dtrader GBPUSD,H1: Failed modifying USDJPY
0	17:33:14.399	trend_dtrader GBPUSD,H1: Failed modifying USDJPY
0	17:33:15.398	trend_dtrader GBPUSD,H1: Failed modifying USDJPY
0	17:33:16.398	trend_dtrader GBPUSD,H1: Failed modifying USDJPY
0	17:33:17.398	trend_dtrader GBPUSD,H1: Failed modifying USDJPY
0	17:33:18.398	trend_dtrader GBPUSD,H1: Failed modifying USDJPY
0	17:33:19.398	trend_dtrader GBPUSD,H1: Failed modifying USDJPY
0	17:33:20.398	trend_dtrader GBPUSD,H1: Failed modifying USDJPY
0	17:33:21.397	trend_dtrader GBPUSD,H1: Failed modifying USDJPY
0	17:33:22.397	trend_dtrader GBPUSD,H1: Failed modifying USDJPY
0	17:33:23.397	trend_dtrader GBPUSD,H1: Failed modifying USDJPY
0	17:33:24.397	trend_dtrader GBPUSD,H1: Failed modifying USDJPY
0	17:33:25.398	trend_dtrader GBPUSD,H1: Failed modifying USDJPY
0	17:33:26.397	trend_dtrader GBPUSD,H1: Failed modifying USDJPY
0	17:33:27.397	trend_dtrader GBPUSD,H1: Failed modifying USDJPY
0	17:33:28.398	trend_dtrader GBPUSD,H1: Failed modifying USDJPY
0	17:33:29.397	trend_dtrader GBPUSD,H1: Failed modifying USDJPY
0	17:33:30.398	trend_dtrader GBPUSD,H1: Failed modifying USDJPY
0	17:33:31.397	trend_dtrader GBPUSD,H1: Failed modifying USDJPY
0	17:33:32.398	trend_dtrader GBPUSD,H1: Failed modifying USDJPY
0	17:33:33.397	trend_dtrader GBPUSD,H1: Failed modifying USDJPY
0	17:33:34.397	trend_dtrader GBPUSD,H1: Failed modifying USDJPY
0	17:33:35.397	trend_dtrader GBPUSD,H1: Failed modifying USDJPY
0	17:33:36.396	trend_dtrader GBPUSD,H1: Failed modifying USDJPY
0	17:33:37.397	trend_dtrader GBPUSD,H1: Failed modifying USDJPY
0	17:33:38.398	trend_dtrader GBPUSD,H1: Failed modifying USDJPY
0	17:33:39.397	trend_dtrader GBPUSD,H1: Failed modifying USDJPY
0	17:33:40.397	trend_dtrader GBPUSD,H1: Failed modifying USDJPY
0	17:33:41.396	trend_dtrader GBPUSD,H1: Failed modifying USDJPY
0	17:33:42.396	trend_dtrader GBPUSD,H1: Failed modifying USDJPY
0	17:33:43.397	trend_dtrader GBPUSD,H1: Failed modifying USDJPY
0	17:33:44.396	trend_dtrader GBPUSD,H1: Failed modifying USDJPY
0	17:33:45.396	trend_dtrader GBPUSD,H1: Failed modifying USDJPY
0	17:33:46.397	trend_dtrader GBPUSD,H1: Failed modifying USDJPY
0	17:33:47.396	trend_dtrader GBPUSD,H1: Failed modifying USDJPY
0	17:33:48.396	trend_dtrader GBPUSD,H1: Failed modifying USDJPY
0	17:33:49.397	trend_dtrader GBPUSD,H1: Failed modifying USDJPY
0	17:33:50.397	trend_dtrader GBPUSD,H1: Failed modifying USDJPY
0	17:33:51.396	trend_dtrader GBPUSD,H1: Failed modifying USDJPY
0	17:33:52.397	trend_dtrader GBPUSD,H1: Failed modifying USDJPY
0	17:33:53.396	trend_dtrader GBPUSD,H1: Failed modifying USDJPY
0	17:33:54.396	trend_dtrader GBPUSD,H1: Failed modifying USDJPY
0	17:33:55.396	trend_dtrader GBPUSD,H1: Failed modifying USDJPY
0	17:33:56.407	trend_dtrader GBPUSD,H1: Failed modifying USDJPY
0	17:33:57.396	trend_dtrader GBPUSD,H1: Failed modifying USDJPY
0	17:33:58.396	trend_dtrader GBPUSD,H1: Failed modifying USDJPY
0	17:33:59.396	trend_dtrader GBPUSD,H1: Failed modifying USDJPY
0	17:34:00.396	trend_dtrader GBPUSD,H1: Failed modifying USDJPY
0	17:34:01.396	trend_dtrader GBPUSD,H1: Failed modifying USDJPY
0	17:34:02.395	trend_dtrader GBPUSD,H1: Failed modifying USDJPY
0	17:34:03.396	trend_dtrader GBPUSD,H1: Failed modifying USDJPY
0	17:34:04.395	trend_dtrader GBPUSD,H1: Failed modifying USDJPY
0	17:34:05.396	trend_dtrader GBPUSD,H1: Failed modifying USDJPY
0	17:34:06.395	trend_dtrader GBPUSD,H1: Failed modifying USDJPY
0	17:34:07.395	trend_dtrader GBPUSD,H1: Failed modifying USDJPY
0	17:34:08.395	trend_dtrader GBPUSD,H1: Failed modifying USDJPY
0	17:34:09.396	trend_dtrader GBPUSD,H1: Failed modifying USDJPY
0	17:34:10.395	trend_dtrader GBPUSD,H1: Failed modifying USDJPY
0	17:34:11.396	trend_dtrader GBPUSD,H1: Failed modifying USDJPY
0	17:34:12.395	trend_dtrader GBPUSD,H1: Failed modifying USDJPY
0	17:34:13.395	trend_dtrader GBPUSD,H1: Failed modifying USDJPY
0	17:34:14.396	trend_dtrader GBPUSD,H1: Failed modifying USDJPY
0	17:34:15.395	trend_dtrader GBPUSD,H1: Failed modifying USDJPY
0	17:34:16.396	trend_dtrader GBPUSD,H1: Failed modifying USDJPY
0	17:34:17.395	trend_dtrader GBPUSD,H1: Failed modifying USDJPY
0	17:34:18.395	trend_dtrader GBPUSD,H1: Failed modifying USDJPY
0	17:34:19.395	trend_dtrader GBPUSD,H1: Failed modifying USDJPY
0	17:34:20.395	trend_dtrader GBPUSD,H1: Failed modifying USDJPY
0	17:34:21.395	trend_dtrader GBPUSD,H1: Failed modifying USDJPY
0	17:34:22.395	trend_dtrader GBPUSD,H1: Failed modifying USDJPY
0	17:34:23.394	trend_dtrader GBPUSD,H1: Failed modifying USDJPY
0	17:34:24.394	trend_dtrader GBPUSD,H1: Failed modifying USDJPY
0	17:34:25.395	trend_dtrader GBPUSD,H1: Failed modifying USDJPY
0	17:34:26.395	trend_dtrader GBPUSD,H1: Failed modifying USDJPY
0	17:34:27.395	trend_dtrader GBPUSD,H1: Failed modifying USDJPY
0	17:34:28.450	trend_dtrader GBPUSD,H1: Failed modifying USDJPY
0	17:34:29.394	trend_dtrader GBPUSD,H1: Failed modifying USDJPY
0	17:34:30.433	trend_dtrader GBPUSD,H1: Failed modifying USDJPY
0	17:34:31.395	trend_dtrader GBPUSD,H1: Failed modifying USDJPY
0	17:34:32.394	trend_dtrader GBPUSD,H1: Failed modifying USDJPY
0	17:34:33.394	trend_dtrader GBPUSD,H1: Failed modifying USDJPY
0	17:34:34.394	trend_dtrader GBPUSD,H1: Failed modifying USDJPY
0	17:34:35.394	trend_dtrader GBPUSD,H1: Failed modifying USDJPY
0	17:34:36.394	trend_dtrader GBPUSD,H1: Failed modifying USDJPY
0	17:34:37.394	trend_dtrader GBPUSD,H1: Failed modifying USDJPY
0	17:34:38.395	trend_dtrader GBPUSD,H1: Failed modifying USDJPY
0	17:34:39.394	trend_dtrader GBPUSD,H1: Failed modifying USDJPY
0	17:34:40.394	trend_dtrader GBPUSD,H1: Failed modifying USDJPY
0	17:34:41.394	trend_dtrader GBPUSD,H1: Failed modifying USDJPY
0	17:34:42.394	trend_dtrader GBPUSD,H1: Failed modifying USDJPY
0	17:34:43.394	trend_dtrader GBPUSD,H1: Failed modifying USDJPY
0	17:34:44.410	trend_dtrader GBPUSD,H1: Failed modifying USDJPY
0	17:34:45.394	trend_dtrader GBPUSD,H1: Failed modifying USDJPY
0	17:34:46.394	trend_dtrader GBPUSD,H1: Failed modifying USDJPY
0	17:34:47.394	trend_dtrader GBPUSD,H1: Failed modifying USDJPY
0	17:34:48.394	trend_dtrader GBPUSD,H1: Failed modifying USDJPY
0	17:34:49.394	trend_dtrader GBPUSD,H1: Failed modifying USDJPY
0	17:34:50.393	trend_dtrader GBPUSD,H1: Failed modifying USDJPY
0	17:34:51.393	trend_dtrader GBPUSD,H1: Failed modifying USDJPY
0	17:34:52.394	trend_dtrader GBPUSD,H1: Failed modifying USDJPY
0	17:34:53.393	trend_dtrader GBPUSD,H1: Failed modifying USDJPY
0	17:34:54.393	trend_dtrader GBPUSD,H1: Failed modifying USDJPY
0	17:34:55.394	trend_dtrader GBPUSD,H1: Failed modifying USDJPY
0	17:34:56.393	trend_dtrader GBPUSD,H1: Failed modifying USDJPY
0	17:34:57.393	trend_dtrader GBPUSD,H1: Failed modifying USDJPY
0	17:34:58.393	trend_dtrader GBPUSD,H1: Failed modifying USDJPY
0	17:34:59.393	trend_dtrader GBPUSD,H1: Failed modifying USDJPY
0	17:35:00.393	trend_dtrader GBPUSD,H1: Failed modifying USDJPY
0	17:35:01.393	trend_dtrader GBPUSD,H1: Failed modifying USDJPY
0	17:35:02.409	trend_dtrader GBPUSD,H1: Failed modifying USDJPY
0	17:35:03.411	trend_dtrader GBPUSD,H1: Failed modifying USDJPY
0	17:35:04.396	trend_dtrader GBPUSD,H1: Failed modifying USDJPY
0	17:35:05.393	trend_dtrader GBPUSD,H1: Failed modifying USDJPY
0	17:35:06.393	trend_dtrader GBPUSD,H1: Failed modifying USDJPY
0	17:35:07.393	trend_dtrader GBPUSD,H1: Failed modifying USDJPY
0	17:35:08.393	trend_dtrader GBPUSD,H1: Failed modifying USDJPY
0	17:35:09.392	trend_dtrader GBPUSD,H1: Failed modifying USDJPY
0	17:35:10.392	trend_dtrader GBPUSD,H1: Failed modifying USDJPY
0	17:35:11.393	trend_dtrader GBPUSD,H1: Failed modifying USDJPY
0	17:35:12.393	trend_dtrader GBPUSD,H1: Failed modifying USDJPY
0	17:35:13.392	trend_dtrader GBPUSD,H1: Failed modifying USDJPY
0	17:35:14.461	trend_dtrader GBPUSD,H1: Failed modifying USDJPY
0	17:35:15.392	trend_dtrader GBPUSD,H1: Failed modifying USDJPY
0	17:35:16.392	trend_dtrader GBPUSD,H1: Failed modifying USDJPY
0	17:35:17.393	trend_dtrader GBPUSD,H1: Failed modifying USDJPY
0	17:35:18.393	trend_dtrader GBPUSD,H1: Failed modifying USDJPY
0	17:35:19.393	trend_dtrader GBPUSD,H1: Failed modifying USDJPY
0	17:35:20.392	trend_dtrader GBPUSD,H1: Failed modifying USDJPY
0	17:35:21.392	trend_dtrader GBPUSD,H1: Failed modifying USDJPY
0	17:35:22.392	trend_dtrader GBPUSD,H1: Failed modifying USDJPY
0	17:35:23.392	trend_dtrader GBPUSD,H1: Failed modifying USDJPY
0	17:35:24.392	trend_dtrader GBPUSD,H1: Failed modifying USDJPY
0	17:35:25.393	trend_dtrader GBPUSD,H1: Failed modifying USDJPY
0	17:35:26.392	trend_dtrader GBPUSD,H1: Failed modifying USDJPY
0	17:35:27.392	trend_dtrader GBPUSD,H1: Failed modifying USDJPY
0	17:35:29.392	trend_dtrader GBPUSD,H1: Failed modifying USDJPY
0	17:35:30.412	trend_dtrader GBPUSD,H1: Failed modifying USDJPY
0	17:35:34.391	trend_dtrader GBPUSD,H1: Failed modifying USDJPY
0	17:35:35.400	trend_dtrader GBPUSD,H1: Failed modifying USDJPY
0	17:35:36.391	trend_dtrader GBPUSD,H1: Failed modifying USDJPY
0	17:35:37.391	trend_dtrader GBPUSD,H1: Failed modifying USDJPY
0	17:35:46.391	trend_dtrader GBPUSD,H1: Failed modifying USDJPY
0	17:35:48.391	trend_dtrader GBPUSD,H1: Failed modifying USDJPY
0	17:35:49.391	trend_dtrader GBPUSD,H1: Failed modifying USDJPY
0	17:35:50.391	trend_dtrader GBPUSD,H1: Failed modifying USDJPY
0	17:35:51.411	trend_dtrader GBPUSD,H1: Failed modifying USDJPY
0	17:35:52.391	trend_dtrader GBPUSD,H1: Failed modifying USDJPY
0	17:35:53.391	trend_dtrader GBPUSD,H1: Failed modifying USDJPY
0	17:35:54.390	trend_dtrader GBPUSD,H1: Failed modifying USDJPY
0	17:35:55.391	trend_dtrader GBPUSD,H1: Failed modifying USDJPY
0	17:35:56.391	trend_dtrader GBPUSD,H1: Failed modifying USDJPY
0	17:35:57.391	trend_dtrader GBPUSD,H1: Failed modifying USDJPY
0	17:35:58.391	trend_dtrader GBPUSD,H1: Failed modifying USDJPY
0	17:35:59.390	trend_dtrader GBPUSD,H1: Failed modifying USDJPY
0	17:36:00.419	trend_dtrader GBPUSD,H1: Failed modifying USDJPY
0	17:36:01.391	trend_dtrader GBPUSD,H1: Failed modifying USDJPY
0	17:36:02.391	trend_dtrader GBPUSD,H1: Failed modifying USDJPY
0	17:36:03.390	trend_dtrader GBPUSD,H1: Failed modifying USDJPY
0	17:36:04.390	trend_dtrader GBPUSD,H1: Failed modifying USDJPY
0	17:36:05.390	trend_dtrader GBPUSD,H1: Failed modifying USDJPY
0	17:37:10.385	trend_dtrader GBPUSD,H1: Failed modifying USDJPY
0	17:37:11.377	trend_dtrader GBPUSD,H1: Failed modifying USDJPY
0	17:37:12.377	trend_dtrader GBPUSD,H1: Failed modifying USDJPY
0	17:37:13.376	trend_dtrader GBPUSD,H1: Failed modifying USDJPY
0	17:37:14.376	trend_dtrader GBPUSD,H1: Failed modifying USDJPY
0	17:37:15.376	trend_dtrader GBPUSD,H1: Failed modifying USDJPY
0	17:37:16.376	trend_dtrader GBPUSD,H1: Failed modifying USDJPY
0	17:37:27.375	trend_dtrader GBPUSD,H1: Failed modifying USDJPY
0	17:38:21.373	trend_dtrader GBPUSD,H1: Failed modifying USDJPY
0	17:38:22.373	trend_dtrader GBPUSD,H1: Failed modifying USDJPY
0	17:38:23.373	trend_dtrader GBPUSD,H1: Failed modifying USDJPY
0	17:38:24.373	trend_dtrader GBPUSD,H1: Failed modifying USDJPY
0	17:38:25.373	trend_dtrader GBPUSD,H1: Failed modifying USDJPY
0	17:38:26.373	trend_dtrader GBPUSD,H1: Failed modifying USDJPY
0	17:38:27.373	trend_dtrader GBPUSD,H1: Failed modifying USDJPY
0	17:38:28.373	trend_dtrader GBPUSD,H1: Failed modifying USDJPY
0	17:38:29.372	trend_dtrader GBPUSD,H1: Failed modifying USDJPY
0	17:38:30.372	trend_dtrader GBPUSD,H1: Failed modifying USDJPY
0	17:38:31.374	trend_dtrader GBPUSD,H1: Failed modifying USDJPY
0	17:38:32.373	trend_dtrader GBPUSD,H1: Failed modifying USDJPY
0	17:38:33.373	trend_dtrader GBPUSD,H1: Failed modifying USDJPY
0	17:38:34.372	trend_dtrader GBPUSD,H1: Failed modifying USDJPY
0	17:38:35.373	trend_dtrader GBPUSD,H1: Failed modifying USDJPY
0	17:38:36.402	trend_dtrader GBPUSD,H1: Failed modifying USDJPY
0	17:38:37.372	trend_dtrader GBPUSD,H1: Failed modifying USDJPY
0	17:38:38.373	trend_dtrader GBPUSD,H1: Failed modifying USDJPY
0	17:38:39.372	trend_dtrader GBPUSD,H1: Failed modifying USDJPY
0	17:38:40.373	trend_dtrader GBPUSD,H1: Failed modifying USDJPY
0	17:38:41.372	trend_dtrader GBPUSD,H1: Failed modifying USDJPY
0	17:38:42.372	trend_dtrader GBPUSD,H1: Failed modifying USDJPY
0	17:38:43.372	trend_dtrader GBPUSD,H1: Failed modifying USDJPY
0	17:38:44.372	trend_dtrader GBPUSD,H1: Failed modifying USDJPY
0	17:38:45.373	trend_dtrader GBPUSD,H1: Failed modifying USDJPY
0	17:38:46.373	trend_dtrader GBPUSD,H1: Failed modifying USDJPY
0	17:38:47.372	trend_dtrader GBPUSD,H1: Failed modifying USDJPY
0	17:38:48.372	trend_dtrader GBPUSD,H1: Failed modifying USDJPY
0	17:38:49.372	trend_dtrader GBPUSD,H1: Failed modifying USDJPY
0	17:38:50.372	trend_dtrader GBPUSD,H1: Failed modifying USDJPY
0	17:38:51.372	trend_dtrader GBPUSD,H1: Failed modifying USDJPY
0	17:38:52.372	trend_dtrader GBPUSD,H1: Failed modifying USDJPY
0	17:38:53.372	trend_dtrader GBPUSD,H1: Failed modifying USDJPY
0	17:38:54.372	trend_dtrader GBPUSD,H1: Failed modifying USDJPY
0	17:38:55.371	trend_dtrader GBPUSD,H1: Failed modifying USDJPY
0	17:38:56.371	trend_dtrader GBPUSD,H1: Failed modifying USDJPY
0	17:38:57.371	trend_dtrader GBPUSD,H1: Failed modifying USDJPY
0	17:38:58.372	trend_dtrader GBPUSD,H1: Failed modifying USDJPY
0	17:38:59.371	trend_dtrader GBPUSD,H1: Failed modifying USDJPY
0	17:39:00.372	trend_dtrader GBPUSD,H1: Failed modifying USDJPY
0	17:39:01.372	trend_dtrader GBPUSD,H1: Failed modifying USDJPY
0	17:39:02.372	trend_dtrader GBPUSD,H1: Failed modifying USDJPY
0	17:39:03.392	trend_dtrader GBPUSD,H1: Failed modifying USDJPY
0	17:39:04.371	trend_dtrader GBPUSD,H1: Failed modifying USDJPY
0	17:39:05.377	trend_dtrader GBPUSD,H1: Failed modifying USDJPY
0	17:39:06.371	trend_dtrader GBPUSD,H1: Failed modifying USDJPY
0	17:39:07.371	trend_dtrader GBPUSD,H1: Failed modifying USDJPY
0	17:39:08.371	trend_dtrader GBPUSD,H1: Failed modifying USDJPY
0	17:39:09.371	trend_dtrader GBPUSD,H1: Failed modifying USDJPY
0	17:39:10.384	trend_dtrader GBPUSD,H1: Failed modifying USDJPY
0	17:39:12.370	trend_dtrader GBPUSD,H1: Failed modifying USDJPY
0	17:39:13.371	trend_dtrader GBPUSD,H1: Failed modifying USDJPY
0	17:40:26.367	trend_dtrader GBPUSD,H1: Failed modifying USDJPY
0	17:40:27.367	trend_dtrader GBPUSD,H1: Failed modifying USDJPY
0	17:40:58.366	trend_dtrader GBPUSD,H1: Failed modifying USDJPY
0	17:40:59.366	trend_dtrader GBPUSD,H1: Failed modifying USDJPY
0	17:41:00.366	trend_dtrader GBPUSD,H1: Failed modifying USDJPY
0	17:41:01.365	trend_dtrader GBPUSD,H1: Failed modifying USDJPY
0	17:41:02.366	trend_dtrader GBPUSD,H1: Failed modifying USDJPY
0	17:41:03.366	trend_dtrader GBPUSD,H1: Failed modifying USDJPY
0	17:41:04.366	trend_dtrader GBPUSD,H1: Failed modifying USDJPY
0	17:41:05.366	trend_dtrader GBPUSD,H1: Failed modifying USDJPY
0	17:41:06.366	trend_dtrader GBPUSD,H1: Failed modifying USDJPY
0	17:41:07.365	trend_dtrader GBPUSD,H1: Failed modifying USDJPY
0	17:41:17.365	trend_dtrader GBPUSD,H1: Failed modifying USDJPY
0	17:41:19.365	trend_dtrader GBPUSD,H1: Failed modifying USDJPY
0	17:41:20.364	trend_dtrader GBPUSD,H1: Failed modifying USDJPY
0	17:41:21.365	trend_dtrader GBPUSD,H1: Failed modifying USDJPY
0	17:41:22.365	trend_dtrader GBPUSD,H1: Failed modifying USDJPY
0	17:41:23.365	trend_dtrader GBPUSD,H1: Failed modifying USDJPY
0	17:41:24.365	trend_dtrader GBPUSD,H1: Failed modifying USDJPY
0	17:41:25.366	trend_dtrader GBPUSD,H1: Failed modifying USDJPY
0	17:41:26.365	trend_dtrader GBPUSD,H1: Failed modifying USDJPY
0	17:41:28.365	trend_dtrader GBPUSD,H1: Failed modifying USDJPY
0	17:41:29.365	trend_dtrader GBPUSD,H1: Failed modifying USDJPY
0	17:41:30.439	trend_dtrader GBPUSD,H1: Failed modifying USDJPY
0	17:41:31.364	trend_dtrader GBPUSD,H1: Failed modifying USDJPY
0	17:41:32.365	trend_dtrader GBPUSD,H1: Failed modifying USDJPY
0	17:41:33.364	trend_dtrader GBPUSD,H1: Failed modifying USDJPY
0	17:41:34.364	trend_dtrader GBPUSD,H1: Failed modifying USDJPY
0	17:41:35.364	trend_dtrader GBPUSD,H1: Failed modifying USDJPY
0	17:41:36.364	trend_dtrader GBPUSD,H1: Failed modifying USDJPY
0	17:41:37.364	trend_dtrader GBPUSD,H1: Failed modifying USDJPY
0	17:41:38.364	trend_dtrader GBPUSD,H1: Failed modifying USDJPY
0	17:41:39.364	trend_dtrader GBPUSD,H1: Failed modifying USDJPY
0	17:41:40.364	trend_dtrader GBPUSD,H1: Failed modifying USDJPY
0	17:41:41.364	trend_dtrader GBPUSD,H1: Failed modifying USDJPY
0	17:41:42.364	trend_dtrader GBPUSD,H1: Failed modifying USDJPY
0	17:41:43.364	trend_dtrader GBPUSD,H1: Failed modifying USDJPY
0	17:41:44.364	trend_dtrader GBPUSD,H1: Failed modifying USDJPY
0	17:41:45.364	trend_dtrader GBPUSD,H1: Failed modifying USDJPY
0	17:41:46.364	trend_dtrader GBPUSD,H1: Failed modifying USDJPY
0	17:41:47.363	trend_dtrader GBPUSD,H1: Failed modifying USDJPY
0	17:41:48.363	trend_dtrader GBPUSD,H1: Failed modifying USDJPY
0	17:41:49.363	trend_dtrader GBPUSD,H1: Failed modifying USDJPY
0	17:41:50.364	trend_dtrader GBPUSD,H1: Failed modifying USDJPY
0	17:41:51.363	trend_dtrader GBPUSD,H1: Failed modifying USDJPY
0	17:41:52.364	trend_dtrader GBPUSD,H1: Failed modifying USDJPY
0	17:41:53.363	trend_dtrader GBPUSD,H1: Failed modifying USDJPY
0	17:41:54.363	trend_dtrader GBPUSD,H1: Failed modifying USDJPY
0	17:41:55.363	trend_dtrader GBPUSD,H1: Failed modifying USDJPY
0	17:41:56.364	trend_dtrader GBPUSD,H1: Failed modifying USDJPY
0	17:41:57.364	trend_dtrader GBPUSD,H1: Failed modifying USDJPY
0	17:41:58.363	trend_dtrader GBPUSD,H1: Failed modifying USDJPY
0	17:41:59.363	trend_dtrader GBPUSD,H1: Failed modifying USDJPY
0	17:42:00.363	trend_dtrader GBPUSD,H1: Failed modifying USDJPY
0	17:42:01.364	trend_dtrader GBPUSD,H1: Failed modifying USDJPY
0	17:42:02.363	trend_dtrader GBPUSD,H1: Failed modifying USDJPY
0	17:42:03.364	trend_dtrader GBPUSD,H1: Failed modifying USDJPY
0	17:42:04.362	trend_dtrader GBPUSD,H1: Failed modifying USDJPY
0	17:42:05.362	trend_dtrader GBPUSD,H1: Failed modifying USDJPY
0	17:42:06.363	trend_dtrader GBPUSD,H1: Failed modifying USDJPY
0	17:42:07.363	trend_dtrader GBPUSD,H1: Failed modifying USDJPY
0	17:42:08.363	trend_dtrader GBPUSD,H1: Failed modifying USDJPY
0	17:42:09.363	trend_dtrader GBPUSD,H1: Failed modifying USDJPY
0	17:42:10.363	trend_dtrader GBPUSD,H1: Failed modifying USDJPY
0	17:42:11.362	trend_dtrader GBPUSD,H1: Failed modifying USDJPY
0	17:42:12.362	trend_dtrader GBPUSD,H1: Failed modifying USDJPY
0	17:42:13.363	trend_dtrader GBPUSD,H1: Failed modifying USDJPY
0	17:42:14.362	trend_dtrader GBPUSD,H1: Failed modifying USDJPY
0	17:42:15.362	trend_dtrader GBPUSD,H1: Failed modifying USDJPY
0	17:42:16.362	trend_dtrader GBPUSD,H1: Failed modifying USDJPY
0	17:42:17.363	trend_dtrader GBPUSD,H1: Failed modifying USDJPY
0	17:42:18.362	trend_dtrader GBPUSD,H1: Failed modifying USDJPY
0	17:42:19.362	trend_dtrader GBPUSD,H1: Failed modifying USDJPY
0	17:42:20.362	trend_dtrader GBPUSD,H1: Failed modifying USDJPY
0	17:42:21.362	trend_dtrader GBPUSD,H1: Failed modifying USDJPY
0	17:42:22.362	trend_dtrader GBPUSD,H1: Failed modifying USDJPY
0	17:42:23.362	trend_dtrader GBPUSD,H1: Failed modifying USDJPY
0	17:42:24.362	trend_dtrader GBPUSD,H1: Failed modifying USDJPY
0	17:42:25.361	trend_dtrader GBPUSD,H1: Failed modifying USDJPY
0	17:42:26.361	trend_dtrader GBPUSD,H1: Failed modifying USDJPY
0	17:42:27.362	trend_dtrader GBPUSD,H1: Failed modifying USDJPY
0	17:42:28.361	trend_dtrader GBPUSD,H1: Failed modifying USDJPY
0	17:42:29.361	trend_dtrader GBPUSD,H1: Failed modifying USDJPY
0	17:42:30.361	trend_dtrader GBPUSD,H1: Failed modifying USDJPY
0	17:42:31.362	trend_dtrader GBPUSD,H1: Failed modifying USDJPY
0	17:42:32.361	trend_dtrader GBPUSD,H1: Failed modifying USDJPY
0	17:42:33.362	trend_dtrader GBPUSD,H1: Failed modifying USDJPY
0	17:42:34.361	trend_dtrader GBPUSD,H1: Failed modifying USDJPY
0	17:42:35.361	trend_dtrader GBPUSD,H1: Failed modifying USDJPY
0	17:42:36.361	trend_dtrader GBPUSD,H1: Failed modifying USDJPY
0	17:42:37.361	trend_dtrader GBPUSD,H1: Failed modifying USDJPY
0	17:42:38.361	trend_dtrader GBPUSD,H1: Failed modifying USDJPY
0	17:42:39.361	trend_dtrader GBPUSD,H1: Failed modifying USDJPY
0	17:42:40.361	trend_dtrader GBPUSD,H1: Failed modifying USDJPY
0	17:42:41.362	trend_dtrader GBPUSD,H1: Failed modifying USDJPY
0	17:42:42.362	trend_dtrader GBPUSD,H1: Failed modifying USDJPY
0	17:42:43.362	trend_dtrader GBPUSD,H1: Failed modifying USDJPY
0	17:42:44.361	trend_dtrader GBPUSD,H1: Failed modifying USDJPY
0	17:42:45.361	trend_dtrader GBPUSD,H1: Failed modifying USDJPY
0	17:42:46.361	trend_dtrader GBPUSD,H1: Failed modifying USDJPY
0	17:42:47.360	trend_dtrader GBPUSD,H1: Failed modifying USDJPY
0	17:42:48.361	trend_dtrader GBPUSD,H1: Failed modifying USDJPY
0	17:42:49.361	trend_dtrader GBPUSD,H1: Failed modifying USDJPY
0	17:42:50.360	trend_dtrader GBPUSD,H1: Failed modifying USDJPY
0	17:42:51.360	trend_dtrader GBPUSD,H1: Failed modifying USDJPY
0	17:42:52.360	trend_dtrader GBPUSD,H1: Failed modifying USDJPY
0	17:42:53.361	trend_dtrader GBPUSD,H1: Failed modifying USDJPY
0	17:42:54.361	trend_dtrader GBPUSD,H1: Failed modifying USDJPY
0	17:42:55.361	trend_dtrader GBPUSD,H1: Failed modifying USDJPY
0	17:42:56.361	trend_dtrader GBPUSD,H1: Failed modifying USDJPY
0	17:42:57.360	trend_dtrader GBPUSD,H1: Failed modifying USDJPY
0	17:42:58.387	trend_dtrader GBPUSD,H1: Failed modifying USDJPY
0	17:42:59.361	trend_dtrader GBPUSD,H1: Failed modifying USDJPY
0	17:43:00.367	trend_dtrader GBPUSD,H1: Failed modifying USDJPY
0	17:43:01.360	trend_dtrader GBPUSD,H1: Failed modifying USDJPY
0	17:43:02.360	trend_dtrader GBPUSD,H1: Failed modifying USDJPY
0	17:43:03.361	trend_dtrader GBPUSD,H1: Failed modifying USDJPY
0	17:43:04.360	trend_dtrader GBPUSD,H1: Failed modifying USDJPY
0	17:43:05.360	trend_dtrader GBPUSD,H1: Failed modifying USDJPY
0	17:43:06.360	trend_dtrader GBPUSD,H1: Failed modifying USDJPY
0	17:43:07.360	trend_dtrader GBPUSD,H1: Failed modifying USDJPY
0	17:43:08.360	trend_dtrader GBPUSD,H1: Failed modifying USDJPY
0	17:43:09.360	trend_dtrader GBPUSD,H1: Failed modifying USDJPY
0	17:43:10.360	trend_dtrader GBPUSD,H1: Failed modifying USDJPY
0	17:43:11.360	trend_dtrader GBPUSD,H1: Failed modifying USDJPY
0	17:43:12.359	trend_dtrader GBPUSD,H1: Failed modifying USDJPY
0	17:43:13.359	trend_dtrader GBPUSD,H1: Failed modifying USDJPY
0	17:43:14.360	trend_dtrader GBPUSD,H1: Failed modifying USDJPY
0	17:43:15.391	trend_dtrader GBPUSD,H1: Failed modifying USDJPY
0	17:43:16.359	trend_dtrader GBPUSD,H1: Failed modifying USDJPY
0	17:43:17.360	trend_dtrader GBPUSD,H1: Failed modifying USDJPY
0	17:43:18.359	trend_dtrader GBPUSD,H1: Failed modifying USDJPY
0	17:43:19.361	trend_dtrader GBPUSD,H1: Failed modifying USDJPY
0	17:43:20.359	trend_dtrader GBPUSD,H1: Failed modifying USDJPY
0	17:43:21.359	trend_dtrader GBPUSD,H1: Failed modifying USDJPY
0	17:43:22.361	trend_dtrader GBPUSD,H1: Failed modifying USDJPY
0	17:43:23.359	trend_dtrader GBPUSD,H1: Failed modifying USDJPY
0	17:43:24.359	trend_dtrader GBPUSD,H1: Failed modifying USDJPY
0	17:43:25.359	trend_dtrader GBPUSD,H1: Failed modifying USDJPY
0	17:43:26.359	trend_dtrader GBPUSD,H1: Failed modifying USDJPY
0	17:43:27.358	trend_dtrader GBPUSD,H1: Failed modifying USDJPY
0	17:43:28.358	trend_dtrader GBPUSD,H1: Failed modifying USDJPY
0	17:43:29.366	trend_dtrader GBPUSD,H1: Failed modifying USDJPY
0	17:43:30.359	trend_dtrader GBPUSD,H1: Failed modifying USDJPY
0	17:43:31.360	trend_dtrader GBPUSD,H1: Failed modifying USDJPY
0	17:43:32.360	trend_dtrader GBPUSD,H1: Failed modifying USDJPY
0	17:43:33.358	trend_dtrader GBPUSD,H1: Failed modifying USDJPY
0	17:43:34.358	trend_dtrader GBPUSD,H1: Failed modifying USDJPY
0	17:43:35.375	trend_dtrader GBPUSD,H1: Failed modifying USDJPY
0	17:43:36.359	trend_dtrader GBPUSD,H1: Failed modifying USDJPY
0	17:43:37.358	trend_dtrader GBPUSD,H1: Failed modifying USDJPY
0	17:43:38.359	trend_dtrader GBPUSD,H1: Failed modifying USDJPY
0	17:43:39.358	trend_dtrader GBPUSD,H1: Failed modifying USDJPY
0	17:43:40.358	trend_dtrader GBPUSD,H1: Failed modifying USDJPY
0	17:43:41.358	trend_dtrader GBPUSD,H1: Failed modifying USDJPY
0	17:43:42.360	trend_dtrader GBPUSD,H1: Failed modifying USDJPY
0	17:43:43.359	trend_dtrader GBPUSD,H1: Failed modifying USDJPY
0	17:43:44.359	trend_dtrader GBPUSD,H1: Failed modifying USDJPY
0	17:43:45.359	trend_dtrader GBPUSD,H1: Failed modifying USDJPY
0	17:43:46.359	trend_dtrader GBPUSD,H1: Failed modifying USDJPY
0	17:43:47.358	trend_dtrader GBPUSD,H1: Failed modifying USDJPY
0	17:43:48.358	trend_dtrader GBPUSD,H1: Failed modifying USDJPY
0	17:43:49.358	trend_dtrader GBPUSD,H1: Failed modifying USDJPY
0	17:43:50.358	trend_dtrader GBPUSD,H1: Failed modifying USDJPY
0	17:43:51.359	trend_dtrader GBPUSD,H1: Failed modifying USDJPY
0	17:43:52.358	trend_dtrader GBPUSD,H1: Failed modifying USDJPY
0	17:43:53.357	trend_dtrader GBPUSD,H1: Failed modifying USDJPY
0	17:43:54.358	trend_dtrader GBPUSD,H1: Failed modifying USDJPY
0	17:43:55.357	trend_dtrader GBPUSD,H1: Failed modifying USDJPY
0	17:43:56.357	trend_dtrader GBPUSD,H1: Failed modifying USDJPY
0	17:43:57.357	trend_dtrader GBPUSD,H1: Failed modifying USDJPY
0	17:43:58.358	trend_dtrader GBPUSD,H1: Failed modifying USDJPY
0	17:43:59.358	trend_dtrader GBPUSD,H1: Failed modifying USDJPY
0	17:44:00.357	trend_dtrader GBPUSD,H1: Failed modifying USDJPY
0	17:44:01.371	trend_dtrader GBPUSD,H1: Failed modifying USDJPY
0	17:44:02.357	trend_dtrader GBPUSD,H1: Failed modifying USDJPY
0	17:44:03.358	trend_dtrader GBPUSD,H1: Failed modifying USDJPY
0	17:44:04.357	trend_dtrader GBPUSD,H1: Failed modifying USDJPY
0	17:44:05.358	trend_dtrader GBPUSD,H1: Failed modifying USDJPY
0	17:44:06.357	trend_dtrader GBPUSD,H1: Failed modifying USDJPY
0	17:44:07.357	trend_dtrader GBPUSD,H1: Failed modifying USDJPY
0	17:44:08.357	trend_dtrader GBPUSD,H1: Failed modifying USDJPY
0	17:44:09.358	trend_dtrader GBPUSD,H1: Failed modifying USDJPY
0	17:44:10.357	trend_dtrader GBPUSD,H1: Failed modifying USDJPY
0	17:44:11.357	trend_dtrader GBPUSD,H1: Failed modifying USDJPY
0	17:44:12.357	trend_dtrader GBPUSD,H1: Failed modifying USDJPY
0	17:44:13.357	trend_dtrader GBPUSD,H1: Failed modifying USDJPY
0	17:44:14.357	trend_dtrader GBPUSD,H1: Failed modifying USDJPY
0	17:44:15.356	trend_dtrader GBPUSD,H1: Failed modifying USDJPY
0	17:44:16.357	trend_dtrader GBPUSD,H1: Failed modifying USDJPY
0	17:44:17.357	trend_dtrader GBPUSD,H1: Failed modifying USDJPY
0	17:44:18.356	trend_dtrader GBPUSD,H1: Failed modifying USDJPY
0	17:44:19.356	trend_dtrader GBPUSD,H1: Failed modifying USDJPY
0	17:44:20.370	trend_dtrader GBPUSD,H1: Failed modifying USDJPY
0	17:44:21.357	trend_dtrader GBPUSD,H1: Failed modifying USDJPY
0	17:44:22.356	trend_dtrader GBPUSD,H1: Failed modifying USDJPY
0	17:44:23.356	trend_dtrader GBPUSD,H1: Failed modifying USDJPY
0	17:44:24.356	trend_dtrader GBPUSD,H1: Failed modifying USDJPY
0	17:44:25.356	trend_dtrader GBPUSD,H1: Failed modifying USDJPY
0	17:44:26.357	trend_dtrader GBPUSD,H1: Failed modifying USDJPY
0	17:44:27.357	trend_dtrader GBPUSD,H1: Failed modifying USDJPY
0	17:44:28.357	trend_dtrader GBPUSD,H1: Failed modifying USDJPY
0	17:44:29.357	trend_dtrader GBPUSD,H1: Failed modifying USDJPY
0	17:44:30.356	trend_dtrader GBPUSD,H1: Failed modifying USDJPY
0	17:44:31.356	trend_dtrader GBPUSD,H1: Failed modifying USDJPY
0	17:44:32.356	trend_dtrader GBPUSD,H1: Failed modifying USDJPY
0	17:44:33.357	trend_dtrader GBPUSD,H1: Failed modifying USDJPY
0	17:44:34.356	trend_dtrader GBPUSD,H1: Failed modifying USDJPY
0	17:44:35.356	trend_dtrader GBPUSD,H1: Failed modifying USDJPY
0	17:44:36.355	trend_dtrader GBPUSD,H1: Failed modifying USDJPY
0	17:44:37.359	trend_dtrader GBPUSD,H1: Failed modifying USDJPY
0	17:44:38.355	trend_dtrader GBPUSD,H1: Failed modifying USDJPY
0	17:44:39.357	trend_dtrader GBPUSD,H1: Failed modifying USDJPY
0	17:44:40.356	trend_dtrader GBPUSD,H1: Failed modifying USDJPY
0	17:44:41.356	trend_dtrader GBPUSD,H1: Failed modifying USDJPY
0	17:44:42.356	trend_dtrader GBPUSD,H1: Failed modifying USDJPY
0	17:44:43.355	trend_dtrader GBPUSD,H1: Failed modifying USDJPY
0	17:44:44.356	trend_dtrader GBPUSD,H1: Failed modifying USDJPY
0	17:44:45.355	trend_dtrader GBPUSD,H1: Failed modifying USDJPY
0	17:44:46.356	trend_dtrader GBPUSD,H1: Failed modifying USDJPY
0	17:44:47.356	trend_dtrader GBPUSD,H1: Failed modifying USDJPY
0	17:44:48.356	trend_dtrader GBPUSD,H1: Failed modifying USDJPY
0	17:44:49.355	trend_dtrader GBPUSD,H1: Failed modifying USDJPY
0	17:44:50.355	trend_dtrader GBPUSD,H1: Failed modifying USDJPY
0	17:44:51.355	trend_dtrader GBPUSD,H1: Failed modifying USDJPY
0	17:44:52.363	trend_dtrader GBPUSD,H1: Failed modifying USDJPY
0	17:44:53.355	trend_dtrader GBPUSD,H1: Failed modifying USDJPY
0	17:44:54.355	trend_dtrader GBPUSD,H1: Failed modifying USDJPY
0	17:44:55.355	trend_dtrader GBPUSD,H1: Failed modifying USDJPY
0	17:44:56.355	trend_dtrader GBPUSD,H1: Failed modifying USDJPY
0	17:44:57.356	trend_dtrader GBPUSD,H1: Failed modifying USDJPY
0	17:44:58.355	trend_dtrader GBPUSD,H1: Failed modifying USDJPY
0	17:44:59.355	trend_dtrader GBPUSD,H1: Failed modifying USDJPY
0	17:45:00.396	trend_dtrader GBPUSD,H1: Failed modifying USDJPY
0	17:45:01.354	trend_dtrader GBPUSD,H1: Failed modifying USDJPY
0	17:45:02.355	trend_dtrader GBPUSD,H1: Failed modifying USDJPY
0	17:45:03.382	trend_dtrader GBPUSD,H1: Failed modifying USDJPY
0	17:45:04.355	trend_dtrader GBPUSD,H1: Failed modifying USDJPY
0	17:45:05.354	trend_dtrader GBPUSD,H1: Failed modifying USDJPY
0	17:45:06.354	trend_dtrader GBPUSD,H1: Failed modifying USDJPY
0	17:45:07.354	trend_dtrader GBPUSD,H1: Failed modifying USDJPY
0	17:45:08.355	trend_dtrader GBPUSD,H1: Failed modifying USDJPY
0	17:45:09.355	trend_dtrader GBPUSD,H1: Failed modifying USDJPY
0	17:45:10.354	trend_dtrader GBPUSD,H1: Failed modifying USDJPY
0	17:45:11.354	trend_dtrader GBPUSD,H1: Failed modifying USDJPY
0	17:45:12.354	trend_dtrader GBPUSD,H1: Failed modifying USDJPY
0	17:45:13.355	trend_dtrader GBPUSD,H1: Failed modifying USDJPY
0	17:45:14.355	trend_dtrader GBPUSD,H1: Failed modifying USDJPY
0	17:45:15.354	trend_dtrader GBPUSD,H1: Failed modifying USDJPY
0	17:45:16.354	trend_dtrader GBPUSD,H1: Failed modifying USDJPY
0	17:45:17.354	trend_dtrader GBPUSD,H1: Failed modifying USDJPY
0	17:45:18.355	trend_dtrader GBPUSD,H1: Failed modifying USDJPY
0	17:45:19.354	trend_dtrader GBPUSD,H1: Failed modifying USDJPY
0	17:45:20.353	trend_dtrader GBPUSD,H1: Failed modifying USDJPY
0	17:45:21.354	trend_dtrader GBPUSD,H1: Failed modifying USDJPY
0	17:45:22.354	trend_dtrader GBPUSD,H1: Failed modifying USDJPY
0	17:45:23.354	trend_dtrader GBPUSD,H1: Failed modifying USDJPY
0	17:45:24.354	trend_dtrader GBPUSD,H1: Failed modifying USDJPY
0	17:45:25.360	trend_dtrader GBPUSD,H1: Failed modifying USDJPY
0	17:45:26.353	trend_dtrader GBPUSD,H1: Failed modifying USDJPY
0	17:45:27.353	trend_dtrader GBPUSD,H1: Failed modifying USDJPY
0	17:45:28.353	trend_dtrader GBPUSD,H1: Failed modifying USDJPY
0	17:45:29.354	trend_dtrader GBPUSD,H1: Failed modifying USDJPY
0	17:45:30.353	trend_dtrader GBPUSD,H1: Failed modifying USDJPY
0	17:45:31.353	trend_dtrader GBPUSD,H1: Failed modifying USDJPY
0	17:45:32.353	trend_dtrader GBPUSD,H1: Failed modifying USDJPY
0	17:45:33.353	trend_dtrader GBPUSD,H1: Failed modifying USDJPY
0	17:45:34.375	trend_dtrader GBPUSD,H1: Failed modifying USDJPY
0	17:45:35.354	trend_dtrader GBPUSD,H1: Failed modifying USDJPY
0	17:45:36.353	trend_dtrader GBPUSD,H1: Failed modifying USDJPY
0	17:45:37.354	trend_dtrader GBPUSD,H1: Failed modifying USDJPY
0	17:45:38.353	trend_dtrader GBPUSD,H1: Failed modifying USDJPY
0	17:45:39.353	trend_dtrader GBPUSD,H1: Failed modifying USDJPY
0	17:45:40.353	trend_dtrader GBPUSD,H1: Failed modifying USDJPY
0	17:45:41.353	trend_dtrader GBPUSD,H1: Failed modifying USDJPY
0	17:45:42.389	trend_dtrader GBPUSD,H1: Failed modifying USDJPY
0	17:45:43.353	trend_dtrader GBPUSD,H1: Failed modifying USDJPY
0	17:45:44.356	trend_dtrader GBPUSD,H1: Failed modifying USDJPY
0	17:45:45.352	trend_dtrader GBPUSD,H1: Failed modifying USDJPY
0	17:45:46.353	trend_dtrader GBPUSD,H1: Failed modifying USDJPY
0	17:45:47.352	trend_dtrader GBPUSD,H1: Failed modifying USDJPY
0	17:45:48.353	trend_dtrader GBPUSD,H1: Failed modifying USDJPY
0	17:45:49.353	trend_dtrader GBPUSD,H1: Failed modifying USDJPY
0	17:45:50.352	trend_dtrader GBPUSD,H1: Failed modifying USDJPY
0	17:45:51.353	trend_dtrader GBPUSD,H1: Failed modifying USDJPY
0	17:45:52.352	trend_dtrader GBPUSD,H1: Failed modifying USDJPY
0	17:45:53.352	trend_dtrader GBPUSD,H1: Failed modifying USDJPY
0	17:45:54.352	trend_dtrader GBPUSD,H1: Failed modifying USDJPY
0	17:45:55.352	trend_dtrader GBPUSD,H1: Failed modifying USDJPY
0	17:45:56.352	trend_dtrader GBPUSD,H1: Failed modifying USDJPY
0	17:45:57.352	trend_dtrader GBPUSD,H1: Failed modifying USDJPY
0	17:45:58.351	trend_dtrader GBPUSD,H1: Failed modifying USDJPY
0	17:45:59.352	trend_dtrader GBPUSD,H1: Failed modifying USDJPY
0	17:46:00.352	trend_dtrader GBPUSD,H1: Failed modifying USDJPY
0	17:46:01.351	trend_dtrader GBPUSD,H1: Failed modifying USDJPY
0	17:46:02.352	trend_dtrader GBPUSD,H1: Failed modifying USDJPY
0	17:46:03.352	trend_dtrader GBPUSD,H1: Failed modifying USDJPY
0	17:46:04.352	trend_dtrader GBPUSD,H1: Failed modifying USDJPY
0	17:46:05.352	trend_dtrader GBPUSD,H1: Failed modifying USDJPY
0	17:46:06.352	trend_dtrader GBPUSD,H1: Failed modifying USDJPY
0	17:46:07.351	trend_dtrader GBPUSD,H1: Failed modifying USDJPY
0	17:46:08.352	trend_dtrader GBPUSD,H1: Failed modifying USDJPY
0	17:46:09.352	trend_dtrader GBPUSD,H1: Failed modifying USDJPY
0	17:46:10.351	trend_dtrader GBPUSD,H1: Failed modifying USDJPY
0	17:46:11.352	trend_dtrader GBPUSD,H1: Failed modifying USDJPY
0	17:46:12.351	trend_dtrader GBPUSD,H1: Failed modifying USDJPY
0	17:46:13.351	trend_dtrader GBPUSD,H1: Failed modifying USDJPY
0	17:46:14.351	trend_dtrader GBPUSD,H1: Failed modifying USDJPY
0	17:46:15.364	trend_dtrader GBPUSD,H1: Failed modifying USDJPY
0	17:46:16.351	trend_dtrader GBPUSD,H1: Failed modifying USDJPY
0	17:46:17.375	trend_dtrader GBPUSD,H1: Failed modifying USDJPY
0	17:46:18.351	trend_dtrader GBPUSD,H1: Failed modifying USDJPY
0	17:46:19.351	trend_dtrader GBPUSD,H1: Failed modifying USDJPY
0	17:46:20.351	trend_dtrader GBPUSD,H1: Failed modifying USDJPY
0	17:46:21.351	trend_dtrader GBPUSD,H1: Failed modifying USDJPY
0	17:46:22.351	trend_dtrader GBPUSD,H1: Failed modifying USDJPY
0	17:46:23.351	trend_dtrader GBPUSD,H1: Failed modifying USDJPY
0	17:46:24.351	trend_dtrader GBPUSD,H1: Failed modifying USDJPY
0	17:46:25.350	trend_dtrader GBPUSD,H1: Failed modifying USDJPY
0	17:46:26.351	trend_dtrader GBPUSD,H1: Failed modifying USDJPY
0	17:46:27.351	trend_dtrader GBPUSD,H1: Failed modifying USDJPY
0	17:46:28.351	trend_dtrader GBPUSD,H1: Failed modifying USDJPY
0	17:46:29.351	trend_dtrader GBPUSD,H1: Failed modifying USDJPY
0	17:46:30.351	trend_dtrader GBPUSD,H1: Failed modifying USDJPY
0	17:46:31.351	trend_dtrader GBPUSD,H1: Failed modifying USDJPY
0	17:46:32.350	trend_dtrader GBPUSD,H1: Failed modifying USDJPY
0	17:46:33.351	trend_dtrader GBPUSD,H1: Failed modifying USDJPY
0	17:46:34.350	trend_dtrader GBPUSD,H1: Failed modifying USDJPY
0	17:46:35.351	trend_dtrader GBPUSD,H1: Failed modifying USDJPY
0	17:46:36.350	trend_dtrader GBPUSD,H1: Failed modifying USDJPY
0	17:46:37.351	trend_dtrader GBPUSD,H1: Failed modifying USDJPY
0	17:46:38.350	trend_dtrader GBPUSD,H1: Failed modifying USDJPY
0	17:46:39.351	trend_dtrader GBPUSD,H1: Failed modifying USDJPY
0	17:46:40.350	trend_dtrader GBPUSD,H1: Failed modifying USDJPY
0	17:46:41.350	trend_dtrader GBPUSD,H1: Failed modifying USDJPY
0	17:46:42.350	trend_dtrader GBPUSD,H1: Failed modifying USDJPY
0	17:46:43.350	trend_dtrader GBPUSD,H1: Failed modifying USDJPY
0	17:46:44.350	trend_dtrader GBPUSD,H1: Failed modifying USDJPY
0	17:46:45.350	trend_dtrader GBPUSD,H1: Failed modifying USDJPY
0	17:46:46.389	trend_dtrader GBPUSD,H1: Failed modifying USDJPY
0	17:46:47.350	trend_dtrader GBPUSD,H1: Failed modifying USDJPY
0	17:46:48.350	trend_dtrader GBPUSD,H1: Failed modifying USDJPY
0	17:46:49.412	trend_dtrader GBPUSD,H1: Failed modifying USDJPY
0	17:46:50.350	trend_dtrader GBPUSD,H1: Failed modifying USDJPY
0	17:46:51.350	trend_dtrader GBPUSD,H1: Failed modifying USDJPY
0	17:46:52.351	trend_dtrader GBPUSD,H1: Failed modifying USDJPY
0	17:46:53.350	trend_dtrader GBPUSD,H1: Failed modifying USDJPY
0	17:46:54.349	trend_dtrader GBPUSD,H1: Failed modifying USDJPY
0	17:46:55.349	trend_dtrader GBPUSD,H1: Failed modifying USDJPY
0	17:46:56.355	trend_dtrader GBPUSD,H1: Failed modifying USDJPY
0	17:46:57.350	trend_dtrader GBPUSD,H1: Failed modifying USDJPY
0	17:46:58.350	trend_dtrader GBPUSD,H1: Failed modifying USDJPY
0	17:46:59.349	trend_dtrader GBPUSD,H1: Failed modifying USDJPY
0	17:47:00.349	trend_dtrader GBPUSD,H1: Failed modifying USDJPY
0	17:47:01.356	trend_dtrader GBPUSD,H1: Failed modifying USDJPY
0	17:47:02.349	trend_dtrader GBPUSD,H1: Failed modifying USDJPY
0	17:47:03.349	trend_dtrader GBPUSD,H1: Failed modifying USDJPY
0	17:47:04.349	trend_dtrader GBPUSD,H1: Failed modifying USDJPY
0	17:47:05.348	trend_dtrader GBPUSD,H1: Failed modifying USDJPY
0	17:47:06.348	trend_dtrader GBPUSD,H1: Failed modifying USDJPY
0	17:47:07.348	trend_dtrader GBPUSD,H1: Failed modifying USDJPY
0	17:47:08.349	trend_dtrader GBPUSD,H1: Failed modifying USDJPY
0	17:47:09.349	trend_dtrader GBPUSD,H1: Failed modifying USDJPY
0	17:47:10.348	trend_dtrader GBPUSD,H1: Failed modifying USDJPY
0	17:47:11.348	trend_dtrader GBPUSD,H1: Failed modifying USDJPY
0	17:47:12.349	trend_dtrader GBPUSD,H1: Failed modifying USDJPY
0	17:47:13.348	trend_dtrader GBPUSD,H1: Failed modifying USDJPY
0	17:47:14.348	trend_dtrader GBPUSD,H1: Failed modifying USDJPY
0	17:47:15.348	trend_dtrader GBPUSD,H1: Failed modifying USDJPY
0	17:47:16.348	trend_dtrader GBPUSD,H1: Failed modifying USDJPY
0	17:47:17.348	trend_dtrader GBPUSD,H1: Failed modifying USDJPY
0	17:47:18.348	trend_dtrader GBPUSD,H1: Failed modifying USDJPY
0	17:47:19.348	trend_dtrader GBPUSD,H1: Failed modifying USDJPY
0	17:47:20.348	trend_dtrader GBPUSD,H1: Failed modifying USDJPY
0	17:47:21.349	trend_dtrader GBPUSD,H1: Failed modifying USDJPY
0	17:47:22.348	trend_dtrader GBPUSD,H1: Failed modifying USDJPY
0	17:47:23.348	trend_dtrader GBPUSD,H1: Failed modifying USDJPY
0	17:47:24.348	trend_dtrader GBPUSD,H1: Failed modifying USDJPY
0	17:47:25.348	trend_dtrader GBPUSD,H1: Failed modifying USDJPY
0	17:47:26.348	trend_dtrader GBPUSD,H1: Failed modifying USDJPY
0	17:47:27.347	trend_dtrader GBPUSD,H1: Failed modifying USDJPY
0	17:47:28.349	trend_dtrader GBPUSD,H1: Failed modifying USDJPY
0	17:47:29.348	trend_dtrader GBPUSD,H1: Failed modifying USDJPY
0	17:47:30.348	trend_dtrader GBPUSD,H1: Failed modifying USDJPY
0	17:47:31.348	trend_dtrader GBPUSD,H1: Failed modifying USDJPY
0	17:47:32.349	trend_dtrader GBPUSD,H1: Failed modifying USDJPY
0	17:47:33.349	trend_dtrader GBPUSD,H1: Failed modifying USDJPY
0	17:47:34.348	trend_dtrader GBPUSD,H1: Failed modifying USDJPY
0	17:47:35.347	trend_dtrader GBPUSD,H1: Failed modifying USDJPY
0	17:47:36.348	trend_dtrader GBPUSD,H1: Failed modifying USDJPY
0	17:47:37.347	trend_dtrader GBPUSD,H1: Failed modifying USDJPY
0	17:47:38.347	trend_dtrader GBPUSD,H1: Failed modifying USDJPY
0	17:47:39.347	trend_dtrader GBPUSD,H1: Failed modifying USDJPY
0	17:47:40.347	trend_dtrader GBPUSD,H1: Failed modifying USDJPY
0	17:47:41.347	trend_dtrader GBPUSD,H1: Failed modifying USDJPY
0	17:47:42.347	trend_dtrader GBPUSD,H1: Failed modifying USDJPY
0	17:47:43.348	trend_dtrader GBPUSD,H1: Failed modifying USDJPY
0	17:47:44.347	trend_dtrader GBPUSD,H1: Failed modifying USDJPY
0	17:47:45.347	trend_dtrader GBPUSD,H1: Failed modifying USDJPY
0	17:47:46.347	trend_dtrader GBPUSD,H1: Failed modifying USDJPY
0	17:47:47.347	trend_dtrader GBPUSD,H1: Failed modifying USDJPY
0	17:49:09.344	trend_dtrader GBPUSD,H1: Failed modifying USDJPY
0	17:49:10.343	trend_dtrader GBPUSD,H1: Failed modifying USDJPY
0	17:49:11.343	trend_dtrader GBPUSD,H1: Failed modifying USDJPY
0	17:49:12.344	trend_dtrader GBPUSD,H1: Failed modifying USDJPY
0	17:49:13.343	trend_dtrader GBPUSD,H1: Failed modifying USDJPY
0	17:49:14.342	trend_dtrader GBPUSD,H1: Failed modifying USDJPY
0	17:49:32.342	trend_dtrader GBPUSD,H1: Failed modifying USDJPY
0	17:49:34.342	trend_dtrader GBPUSD,H1: Failed modifying USDJPY
0	17:49:35.342	trend_dtrader GBPUSD,H1: Failed modifying USDJPY
0	17:50:03.340	trend_dtrader GBPUSD,H1: Failed modifying USDJPY
0	17:50:04.341	trend_dtrader GBPUSD,H1: Failed modifying USDJPY
0	17:50:05.341	trend_dtrader GBPUSD,H1: Failed modifying USDJPY
0	17:50:06.341	trend_dtrader GBPUSD,H1: Failed modifying USDJPY
0	17:50:07.340	trend_dtrader GBPUSD,H1: Failed modifying USDJPY
0	17:50:08.340	trend_dtrader GBPUSD,H1: Failed modifying USDJPY
0	17:50:09.341	trend_dtrader GBPUSD,H1: Failed modifying USDJPY
0	17:50:10.346	trend_dtrader GBPUSD,H1: Failed modifying USDJPY
0	17:50:11.340	trend_dtrader GBPUSD,H1: Failed modifying USDJPY
0	17:50:12.341	trend_dtrader GBPUSD,H1: Failed modifying USDJPY
0	17:50:13.340	trend_dtrader GBPUSD,H1: Failed modifying USDJPY
0	17:50:14.341	trend_dtrader GBPUSD,H1: Failed modifying USDJPY
0	17:50:15.340	trend_dtrader GBPUSD,H1: Failed modifying USDJPY
0	17:50:16.341	trend_dtrader GBPUSD,H1: Failed modifying USDJPY
0	17:50:17.340	trend_dtrader GBPUSD,H1: Failed modifying USDJPY
0	17:50:18.340	trend_dtrader GBPUSD,H1: Failed modifying USDJPY
0	17:50:19.340	trend_dtrader GBPUSD,H1: Failed modifying USDJPY
0	17:50:20.341	trend_dtrader GBPUSD,H1: Failed modifying USDJPY
0	17:50:21.340	trend_dtrader GBPUSD,H1: Failed modifying USDJPY
0	17:50:22.340	trend_dtrader GBPUSD,H1: Failed modifying USDJPY
0	17:50:23.340	trend_dtrader GBPUSD,H1: Failed modifying USDJPY
0	17:50:24.339	trend_dtrader GBPUSD,H1: Failed modifying USDJPY
0	17:50:25.339	trend_dtrader GBPUSD,H1: Failed modifying USDJPY
0	17:50:26.339	trend_dtrader GBPUSD,H1: Failed modifying USDJPY
0	17:50:27.428	trend_dtrader GBPUSD,H1: Failed modifying USDJPY
0	17:50:28.339	trend_dtrader GBPUSD,H1: Failed modifying USDJPY
0	17:50:29.340	trend_dtrader GBPUSD,H1: Failed modifying USDJPY
0	17:50:30.369	trend_dtrader GBPUSD,H1: Failed modifying USDJPY
0	17:50:31.340	trend_dtrader GBPUSD,H1: Failed modifying USDJPY
0	17:50:32.341	trend_dtrader GBPUSD,H1: Failed modifying USDJPY
0	17:50:33.340	trend_dtrader GBPUSD,H1: Failed modifying USDJPY
0	17:50:34.340	trend_dtrader GBPUSD,H1: Failed modifying USDJPY
0	17:50:35.339	trend_dtrader GBPUSD,H1: Failed modifying USDJPY
0	17:50:36.339	trend_dtrader GBPUSD,H1: Failed modifying USDJPY
0	17:50:37.339	trend_dtrader GBPUSD,H1: Failed modifying USDJPY
0	17:50:38.339	trend_dtrader GBPUSD,H1: Failed modifying USDJPY
0	17:50:39.339	trend_dtrader GBPUSD,H1: Failed modifying USDJPY
0	17:50:40.338	trend_dtrader GBPUSD,H1: Failed modifying USDJPY
0	17:50:41.356	trend_dtrader GBPUSD,H1: Failed modifying USDJPY
0	17:50:42.339	trend_dtrader GBPUSD,H1: Failed modifying USDJPY
0	17:50:43.339	trend_dtrader GBPUSD,H1: Failed modifying USDJPY
0	17:50:44.340	trend_dtrader GBPUSD,H1: Failed modifying USDJPY
0	17:50:45.339	trend_dtrader GBPUSD,H1: Failed modifying USDJPY
0	17:50:46.339	trend_dtrader GBPUSD,H1: Failed modifying USDJPY
0	17:50:47.339	trend_dtrader GBPUSD,H1: Failed modifying USDJPY
0	17:50:48.338	trend_dtrader GBPUSD,H1: Failed modifying USDJPY
0	17:50:49.339	trend_dtrader GBPUSD,H1: Failed modifying USDJPY
0	17:50:50.339	trend_dtrader GBPUSD,H1: Failed modifying USDJPY
0	17:50:51.339	trend_dtrader GBPUSD,H1: Failed modifying USDJPY
0	17:50:52.338	trend_dtrader GBPUSD,H1: Failed modifying USDJPY
0	17:50:53.339	trend_dtrader GBPUSD,H1: Failed modifying USDJPY
0	17:50:54.338	trend_dtrader GBPUSD,H1: Failed modifying USDJPY
0	17:50:55.339	trend_dtrader GBPUSD,H1: Failed modifying USDJPY
0	17:50:56.339	trend_dtrader GBPUSD,H1: Failed modifying USDJPY
0	17:50:57.339	trend_dtrader GBPUSD,H1: Failed modifying USDJPY
0	17:50:58.339	trend_dtrader GBPUSD,H1: Failed modifying USDJPY
0	17:50:59.337	trend_dtrader GBPUSD,H1: Failed modifying USDJPY
0	17:51:00.338	trend_dtrader GBPUSD,H1: Failed modifying USDJPY
0	17:51:01.339	trend_dtrader GBPUSD,H1: Failed modifying USDJPY
0	17:51:02.339	trend_dtrader GBPUSD,H1: Failed modifying USDJPY
0	17:51:03.338	trend_dtrader GBPUSD,H1: Failed modifying USDJPY
0	17:51:04.338	trend_dtrader GBPUSD,H1: Failed modifying USDJPY
0	17:51:05.337	trend_dtrader GBPUSD,H1: Failed modifying USDJPY
0	17:51:06.337	trend_dtrader GBPUSD,H1: Failed modifying USDJPY
0	17:51:07.338	trend_dtrader GBPUSD,H1: Failed modifying USDJPY
0	17:51:08.338	trend_dtrader GBPUSD,H1: Failed modifying USDJPY
0	17:51:09.337	trend_dtrader GBPUSD,H1: Failed modifying USDJPY
0	17:51:10.338	trend_dtrader GBPUSD,H1: Failed modifying USDJPY
0	17:51:11.338	trend_dtrader GBPUSD,H1: Failed modifying USDJPY
0	17:51:12.337	trend_dtrader GBPUSD,H1: Failed modifying USDJPY
0	17:51:13.337	trend_dtrader GBPUSD,H1: Failed modifying USDJPY
0	17:51:14.337	trend_dtrader GBPUSD,H1: Failed modifying USDJPY
0	17:51:15.337	trend_dtrader GBPUSD,H1: Failed modifying USDJPY
0	17:51:16.337	trend_dtrader GBPUSD,H1: Failed modifying USDJPY
0	17:51:17.337	trend_dtrader GBPUSD,H1: Failed modifying USDJPY
0	17:51:18.337	trend_dtrader GBPUSD,H1: Failed modifying USDJPY
0	17:51:19.338	trend_dtrader GBPUSD,H1: Failed modifying USDJPY
0	17:51:20.338	trend_dtrader GBPUSD,H1: Failed modifying USDJPY
0	17:51:21.337	trend_dtrader GBPUSD,H1: Failed modifying USDJPY
0	17:51:22.338	trend_dtrader GBPUSD,H1: Failed modifying USDJPY
0	17:51:23.342	trend_dtrader GBPUSD,H1: Failed modifying USDJPY
0	17:51:24.337	trend_dtrader GBPUSD,H1: Failed modifying USDJPY
0	17:51:25.336	trend_dtrader GBPUSD,H1: Failed modifying USDJPY
0	17:51:26.336	trend_dtrader GBPUSD,H1: Failed modifying USDJPY
0	17:51:27.219	trend_dtrader GBPUSD,H1: Failed modifying USDJPY
0	17:51:28.220	trend_dtrader GBPUSD,H1: Failed modifying USDJPY
0	17:51:29.219	trend_dtrader GBPUSD,H1: Failed modifying USDJPY
0	17:51:30.219	trend_dtrader GBPUSD,H1: Failed modifying USDJPY
0	17:51:31.219	trend_dtrader GBPUSD,H1: Failed modifying USDJPY
0	17:51:32.220	trend_dtrader GBPUSD,H1: Failed modifying USDJPY
0	17:51:33.219	trend_dtrader GBPUSD,H1: Failed modifying USDJPY
0	17:51:34.219	trend_dtrader GBPUSD,H1: Failed modifying USDJPY
0	17:51:35.219	trend_dtrader GBPUSD,H1: Failed modifying USDJPY
0	17:51:36.219	trend_dtrader GBPUSD,H1: Failed modifying USDJPY
0	17:51:37.219	trend_dtrader GBPUSD,H1: Failed modifying USDJPY
0	17:51:38.218	trend_dtrader GBPUSD,H1: Failed modifying USDJPY
0	17:51:39.220	trend_dtrader GBPUSD,H1: Failed modifying USDJPY
0	17:51:40.218	trend_dtrader GBPUSD,H1: Failed modifying USDJPY
0	17:51:41.218	trend_dtrader GBPUSD,H1: Failed modifying USDJPY
0	17:51:42.219	trend_dtrader GBPUSD,H1: Failed modifying USDJPY
0	17:51:43.225	trend_dtrader GBPUSD,H1: Failed modifying USDJPY
0	17:51:44.218	trend_dtrader GBPUSD,H1: Failed modifying USDJPY
0	17:51:45.218	trend_dtrader GBPUSD,H1: Failed modifying USDJPY
0	17:51:46.218	trend_dtrader GBPUSD,H1: Failed modifying USDJPY
0	17:51:47.218	trend_dtrader GBPUSD,H1: Failed modifying USDJPY
0	17:51:48.250	trend_dtrader GBPUSD,H1: Failed modifying USDJPY
0	17:51:49.229	trend_dtrader GBPUSD,H1: Failed modifying USDJPY
0	17:51:50.217	trend_dtrader GBPUSD,H1: Failed modifying USDJPY
0	17:51:51.218	trend_dtrader GBPUSD,H1: Failed modifying USDJPY
0	17:51:52.218	trend_dtrader GBPUSD,H1: Failed modifying USDJPY
0	17:51:53.218	trend_dtrader GBPUSD,H1: Failed modifying USDJPY
0	17:51:54.218	trend_dtrader GBPUSD,H1: Failed modifying USDJPY
0	17:51:55.218	trend_dtrader GBPUSD,H1: Failed modifying USDJPY
0	17:51:56.218	trend_dtrader GBPUSD,H1: Failed modifying USDJPY
0	17:51:57.218	trend_dtrader GBPUSD,H1: Failed modifying USDJPY
0	17:51:58.218	trend_dtrader GBPUSD,H1: Failed modifying USDJPY
0	17:51:59.218	trend_dtrader GBPUSD,H1: Failed modifying USDJPY
0	17:52:00.217	trend_dtrader GBPUSD,H1: Failed modifying USDJPY
0	17:52:01.222	trend_dtrader GBPUSD,H1: Failed modifying USDJPY
0	17:52:02.217	trend_dtrader GBPUSD,H1: Failed modifying USDJPY
0	17:52:03.217	trend_dtrader GBPUSD,H1: Failed modifying USDJPY
0	17:52:04.218	trend_dtrader GBPUSD,H1: Failed modifying USDJPY
0	17:52:05.221	trend_dtrader GBPUSD,H1: Failed modifying USDJPY
0	17:52:06.238	trend_dtrader GBPUSD,H1: Failed modifying USDJPY
0	17:52:07.217	trend_dtrader GBPUSD,H1: Failed modifying USDJPY
0	17:52:08.217	trend_dtrader GBPUSD,H1: Failed modifying USDJPY
0	17:52:09.240	trend_dtrader GBPUSD,H1: Failed modifying USDJPY
0	17:52:10.260	trend_dtrader GBPUSD,H1: Failed modifying USDJPY
0	17:52:11.229	trend_dtrader GBPUSD,H1: Failed modifying USDJPY
0	17:52:12.218	trend_dtrader GBPUSD,H1: Failed modifying USDJPY
0	17:52:13.216	trend_dtrader GBPUSD,H1: Failed modifying USDJPY
0	17:52:14.256	trend_dtrader GBPUSD,H1: Failed modifying USDJPY
0	17:52:15.260	trend_dtrader GBPUSD,H1: Failed modifying USDJPY
0	17:52:16.275	trend_dtrader GBPUSD,H1: Failed modifying USDJPY
0	17:52:17.216	trend_dtrader GBPUSD,H1: Failed modifying USDJPY
0	17:52:18.217	trend_dtrader GBPUSD,H1: Failed modifying USDJPY
0	17:52:19.217	trend_dtrader GBPUSD,H1: Failed modifying USDJPY
0	17:52:20.243	trend_dtrader GBPUSD,H1: Failed modifying USDJPY
0	17:52:21.216	trend_dtrader GBPUSD,H1: Failed modifying USDJPY
0	17:52:22.216	trend_dtrader GBPUSD,H1: Failed modifying USDJPY
0	17:52:23.217	trend_dtrader GBPUSD,H1: Failed modifying USDJPY
0	17:52:24.217	trend_dtrader GBPUSD,H1: Failed modifying USDJPY
0	17:52:25.216	trend_dtrader GBPUSD,H1: Failed modifying USDJPY
0	17:52:26.216	trend_dtrader GBPUSD,H1: Failed modifying USDJPY
0	17:52:27.215	trend_dtrader GBPUSD,H1: Failed modifying USDJPY
0	17:52:28.215	trend_dtrader GBPUSD,H1: Failed modifying USDJPY
0	17:52:29.216	trend_dtrader GBPUSD,H1: Failed modifying USDJPY
0	17:52:30.215	trend_dtrader GBPUSD,H1: Failed modifying USDJPY
0	17:52:31.215	trend_dtrader GBPUSD,H1: Failed modifying USDJPY
0	17:52:32.216	trend_dtrader GBPUSD,H1: Failed modifying USDJPY
0	17:52:33.216	trend_dtrader GBPUSD,H1: Failed modifying USDJPY
0	17:52:34.216	trend_dtrader GBPUSD,H1: Failed modifying USDJPY
0	17:52:35.215	trend_dtrader GBPUSD,H1: Failed modifying USDJPY
0	17:52:36.215	trend_dtrader GBPUSD,H1: Failed modifying USDJPY
0	17:52:37.215	trend_dtrader GBPUSD,H1: Failed modifying USDJPY
0	17:52:38.215	trend_dtrader GBPUSD,H1: Failed modifying USDJPY
0	17:52:39.215	trend_dtrader GBPUSD,H1: Failed modifying USDJPY
0	17:52:40.215	trend_dtrader GBPUSD,H1: Failed modifying USDJPY
0	17:52:41.215	trend_dtrader GBPUSD,H1: Failed modifying USDJPY
0	17:52:42.215	trend_dtrader GBPUSD,H1: Failed modifying USDJPY
0	17:52:43.215	trend_dtrader GBPUSD,H1: Failed modifying USDJPY
0	17:52:44.214	trend_dtrader GBPUSD,H1: Failed modifying USDJPY
0	17:52:45.214	trend_dtrader GBPUSD,H1: Failed modifying USDJPY
0	17:52:46.214	trend_dtrader GBPUSD,H1: Failed modifying USDJPY
0	17:52:47.214	trend_dtrader GBPUSD,H1: Failed modifying USDJPY
0	17:52:48.214	trend_dtrader GBPUSD,H1: Failed modifying USDJPY
0	17:52:49.229	trend_dtrader GBPUSD,H1: Failed modifying USDJPY
0	17:52:50.214	trend_dtrader GBPUSD,H1: Failed modifying USDJPY
0	17:52:51.214	trend_dtrader GBPUSD,H1: Failed modifying USDJPY
0	17:52:52.215	trend_dtrader GBPUSD,H1: Failed modifying USDJPY
0	17:52:53.215	trend_dtrader GBPUSD,H1: Failed modifying USDJPY
0	17:52:54.214	trend_dtrader GBPUSD,H1: Failed modifying USDJPY
0	17:52:55.215	trend_dtrader GBPUSD,H1: Failed modifying USDJPY
0	17:52:56.213	trend_dtrader GBPUSD,H1: Failed modifying USDJPY
0	17:52:57.214	trend_dtrader GBPUSD,H1: Failed modifying USDJPY
0	17:52:58.214	trend_dtrader GBPUSD,H1: Failed modifying USDJPY
0	17:52:59.213	trend_dtrader GBPUSD,H1: Failed modifying USDJPY
0	17:53:00.213	trend_dtrader GBPUSD,H1: Failed modifying USDJPY
0	17:53:01.214	trend_dtrader GBPUSD,H1: Failed modifying USDJPY
0	17:53:02.214	trend_dtrader GBPUSD,H1: Failed modifying USDJPY
0	17:53:03.214	trend_dtrader GBPUSD,H1: Failed modifying USDJPY
0	17:53:04.214	trend_dtrader GBPUSD,H1: Failed modifying USDJPY
0	17:53:05.213	trend_dtrader GBPUSD,H1: Failed modifying USDJPY
0	17:53:06.213	trend_dtrader GBPUSD,H1: Failed modifying USDJPY
0	17:53:07.213	trend_dtrader GBPUSD,H1: Failed modifying USDJPY
0	17:53:08.213	trend_dtrader GBPUSD,H1: Failed modifying USDJPY
0	17:53:09.213	trend_dtrader GBPUSD,H1: Failed modifying USDJPY
0	17:53:10.213	trend_dtrader GBPUSD,H1: Failed modifying USDJPY
0	17:53:11.213	trend_dtrader GBPUSD,H1: Failed modifying USDJPY
0	17:53:12.213	trend_dtrader GBPUSD,H1: Failed modifying USDJPY
0	17:53:13.213	trend_dtrader GBPUSD,H1: Failed modifying USDJPY
0	17:53:14.238	trend_dtrader GBPUSD,H1: Failed modifying USDJPY
0	17:53:15.213	trend_dtrader GBPUSD,H1: Failed modifying USDJPY
0	17:53:16.213	trend_dtrader GBPUSD,H1: Failed modifying USDJPY
0	17:53:17.213	trend_dtrader GBPUSD,H1: Failed modifying USDJPY
0	17:53:18.213	trend_dtrader GBPUSD,H1: Failed modifying USDJPY
0	17:53:19.212	trend_dtrader GBPUSD,H1: Failed modifying USDJPY
0	17:53:20.213	trend_dtrader GBPUSD,H1: Failed modifying USDJPY
0	17:53:21.212	trend_dtrader GBPUSD,H1: Failed modifying USDJPY
0	17:53:22.224	trend_dtrader GBPUSD,H1: Failed modifying USDJPY
0	17:53:23.213	trend_dtrader GBPUSD,H1: Failed modifying USDJPY
0	17:53:24.212	trend_dtrader GBPUSD,H1: Failed modifying USDJPY
0	17:53:25.212	trend_dtrader GBPUSD,H1: Failed modifying USDJPY
0	17:53:26.224	trend_dtrader GBPUSD,H1: Failed modifying USDJPY
0	17:53:27.212	trend_dtrader GBPUSD,H1: Failed modifying USDJPY
0	17:53:28.212	trend_dtrader GBPUSD,H1: Failed modifying USDJPY
0	17:53:29.211	trend_dtrader GBPUSD,H1: Failed modifying USDJPY
0	17:53:30.212	trend_dtrader GBPUSD,H1: Failed modifying USDJPY
0	17:53:31.212	trend_dtrader GBPUSD,H1: Failed modifying USDJPY
0	17:53:32.211	trend_dtrader GBPUSD,H1: Failed modifying USDJPY
0	17:53:33.212	trend_dtrader GBPUSD,H1: Failed modifying USDJPY
0	17:53:34.212	trend_dtrader GBPUSD,H1: Failed modifying USDJPY
0	17:53:35.211	trend_dtrader GBPUSD,H1: Failed modifying USDJPY
0	17:53:36.212	trend_dtrader GBPUSD,H1: Failed modifying USDJPY
0	17:53:37.211	trend_dtrader GBPUSD,H1: Failed modifying USDJPY
0	17:53:38.212	trend_dtrader GBPUSD,H1: Failed modifying USDJPY
0	17:53:39.211	trend_dtrader GBPUSD,H1: Failed modifying USDJPY
0	17:53:40.212	trend_dtrader GBPUSD,H1: Failed modifying USDJPY
0	17:53:41.211	trend_dtrader GBPUSD,H1: Failed modifying USDJPY
0	17:53:42.211	trend_dtrader GBPUSD,H1: Failed modifying USDJPY
0	17:53:43.211	trend_dtrader GBPUSD,H1: Failed modifying USDJPY
0	17:53:44.211	trend_dtrader GBPUSD,H1: Failed modifying USDJPY
0	17:53:45.211	trend_dtrader GBPUSD,H1: Failed modifying USDJPY
0	17:53:46.237	trend_dtrader GBPUSD,H1: Failed modifying USDJPY
0	17:53:47.211	trend_dtrader GBPUSD,H1: Failed modifying USDJPY
0	17:53:48.211	trend_dtrader GBPUSD,H1: Failed modifying USDJPY
0	17:53:49.219	trend_dtrader GBPUSD,H1: Failed modifying USDJPY
0	17:53:50.211	trend_dtrader GBPUSD,H1: Failed modifying USDJPY
0	17:53:51.210	trend_dtrader GBPUSD,H1: Failed modifying USDJPY
0	17:53:52.210	trend_dtrader GBPUSD,H1: Failed modifying USDJPY
0	17:53:53.211	trend_dtrader GBPUSD,H1: Failed modifying USDJPY
0	17:53:54.212	trend_dtrader GBPUSD,H1: Failed modifying USDJPY
0	17:53:55.211	trend_dtrader GBPUSD,H1: Failed modifying USDJPY
0	17:53:56.210	trend_dtrader GBPUSD,H1: Failed modifying USDJPY
0	17:53:57.210	trend_dtrader GBPUSD,H1: Failed modifying USDJPY
0	17:53:58.211	trend_dtrader GBPUSD,H1: Failed modifying USDJPY
0	17:53:59.221	trend_dtrader GBPUSD,H1: Failed modifying USDJPY
0	17:54:00.210	trend_dtrader GBPUSD,H1: Failed modifying USDJPY
0	17:54:01.211	trend_dtrader GBPUSD,H1: Failed modifying USDJPY
0	17:54:02.209	trend_dtrader GBPUSD,H1: Failed modifying USDJPY
0	17:54:03.209	trend_dtrader GBPUSD,H1: Failed modifying USDJPY
0	17:54:04.210	trend_dtrader GBPUSD,H1: Failed modifying USDJPY
0	17:54:05.231	trend_dtrader GBPUSD,H1: Failed modifying USDJPY
0	17:54:06.209	trend_dtrader GBPUSD,H1: Failed modifying USDJPY
0	17:54:07.226	trend_dtrader GBPUSD,H1: Failed modifying USDJPY
0	17:54:08.210	trend_dtrader GBPUSD,H1: Failed modifying USDJPY
0	17:54:09.209	trend_dtrader GBPUSD,H1: Failed modifying USDJPY
0	17:54:10.210	trend_dtrader GBPUSD,H1: Failed modifying USDJPY
0	17:54:11.241	trend_dtrader GBPUSD,H1: Failed modifying USDJPY
0	17:54:12.209	trend_dtrader GBPUSD,H1: Failed modifying USDJPY
0	17:54:13.209	trend_dtrader GBPUSD,H1: Failed modifying USDJPY
0	17:54:14.209	trend_dtrader GBPUSD,H1: Failed modifying USDJPY
0	17:54:15.210	trend_dtrader GBPUSD,H1: Failed modifying USDJPY
0	17:54:16.209	trend_dtrader GBPUSD,H1: Failed modifying USDJPY
0	17:54:17.208	trend_dtrader GBPUSD,H1: Failed modifying USDJPY
0	17:54:18.210	trend_dtrader GBPUSD,H1: Failed modifying USDJPY
0	17:54:19.209	trend_dtrader GBPUSD,H1: Failed modifying USDJPY
0	17:54:20.209	trend_dtrader GBPUSD,H1: Failed modifying USDJPY
0	17:54:21.209	trend_dtrader GBPUSD,H1: Failed modifying USDJPY
0	17:54:22.223	trend_dtrader GBPUSD,H1: Failed modifying USDJPY
0	17:54:23.212	trend_dtrader GBPUSD,H1: Failed modifying USDJPY
0	17:54:24.231	trend_dtrader GBPUSD,H1: Failed modifying USDJPY
0	17:54:25.209	trend_dtrader GBPUSD,H1: Failed modifying USDJPY
0	17:54:26.208	trend_dtrader GBPUSD,H1: Failed modifying USDJPY
0	17:54:27.208	trend_dtrader GBPUSD,H1: Failed modifying USDJPY
0	17:54:28.208	trend_dtrader GBPUSD,H1: Failed modifying USDJPY
0	17:54:29.216	trend_dtrader GBPUSD,H1: Failed modifying USDJPY
0	17:54:30.208	trend_dtrader GBPUSD,H1: Failed modifying USDJPY
0	17:54:31.213	trend_dtrader GBPUSD,H1: Failed modifying USDJPY
0	17:54:32.209	trend_dtrader GBPUSD,H1: Failed modifying USDJPY
0	17:54:33.207	trend_dtrader GBPUSD,H1: Failed modifying USDJPY
0	17:54:34.208	trend_dtrader GBPUSD,H1: Failed modifying USDJPY
0	17:54:35.209	trend_dtrader GBPUSD,H1: Failed modifying USDJPY
0	17:54:36.208	trend_dtrader GBPUSD,H1: Failed modifying USDJPY
0	17:54:37.208	trend_dtrader GBPUSD,H1: Failed modifying USDJPY
0	17:54:38.208	trend_dtrader GBPUSD,H1: Failed modifying USDJPY
0	17:54:39.207	trend_dtrader GBPUSD,H1: Failed modifying USDJPY
0	17:54:40.207	trend_dtrader GBPUSD,H1: Failed modifying USDJPY
0	17:54:41.208	trend_dtrader GBPUSD,H1: Failed modifying USDJPY
0	17:54:42.207	trend_dtrader GBPUSD,H1: Failed modifying USDJPY
0	17:54:43.207	trend_dtrader GBPUSD,H1: Failed modifying USDJPY
0	17:54:44.207	trend_dtrader GBPUSD,H1: Failed modifying USDJPY
0	17:54:45.207	trend_dtrader GBPUSD,H1: Failed modifying USDJPY
0	17:54:46.208	trend_dtrader GBPUSD,H1: Failed modifying USDJPY
0	17:54:47.207	trend_dtrader GBPUSD,H1: Failed modifying USDJPY
0	17:54:48.207	trend_dtrader GBPUSD,H1: Failed modifying USDJPY
0	17:54:49.215	trend_dtrader GBPUSD,H1: Failed modifying USDJPY
0	17:54:50.207	trend_dtrader GBPUSD,H1: Failed modifying USDJPY
0	17:54:51.208	trend_dtrader GBPUSD,H1: Failed modifying USDJPY
0	17:54:52.207	trend_dtrader GBPUSD,H1: Failed modifying USDJPY
0	17:54:53.207	trend_dtrader GBPUSD,H1: Failed modifying USDJPY
0	17:54:54.207	trend_dtrader GBPUSD,H1: Failed modifying USDJPY
0	17:54:55.208	trend_dtrader GBPUSD,H1: Failed modifying USDJPY
0	17:54:56.207	trend_dtrader GBPUSD,H1: Failed modifying USDJPY
0	17:54:57.207	trend_dtrader GBPUSD,H1: Failed modifying USDJPY
0	17:54:58.206	trend_dtrader GBPUSD,H1: Failed modifying USDJPY
0	17:54:59.207	trend_dtrader GBPUSD,H1: Failed modifying USDJPY
0	17:55:00.207	trend_dtrader GBPUSD,H1: Failed modifying USDJPY
0	17:55:01.207	trend_dtrader GBPUSD,H1: Failed modifying USDJPY
0	17:55:02.207	trend_dtrader GBPUSD,H1: Failed modifying USDJPY
0	17:55:03.208	trend_dtrader GBPUSD,H1: Failed modifying USDJPY
0	17:55:04.207	trend_dtrader GBPUSD,H1: Failed modifying USDJPY
0	17:55:05.206	trend_dtrader GBPUSD,H1: Failed modifying USDJPY
0	17:55:06.207	trend_dtrader GBPUSD,H1: Failed modifying USDJPY
0	17:55:07.206	trend_dtrader GBPUSD,H1: Failed modifying USDJPY
0	17:55:08.206	trend_dtrader GBPUSD,H1: Failed modifying USDJPY
0	17:55:09.206	trend_dtrader GBPUSD,H1: Failed modifying USDJPY
0	17:55:10.206	trend_dtrader GBPUSD,H1: Failed modifying USDJPY
0	17:55:11.252	trend_dtrader GBPUSD,H1: Failed modifying USDJPY
0	17:55:12.206	trend_dtrader GBPUSD,H1: Failed modifying USDJPY
0	17:55:13.206	trend_dtrader GBPUSD,H1: Failed modifying USDJPY
0	17:55:14.243	trend_dtrader GBPUSD,H1: Failed modifying USDJPY
0	17:55:15.205	trend_dtrader GBPUSD,H1: Failed modifying USDJPY
0	17:55:16.206	trend_dtrader GBPUSD,H1: Failed modifying USDJPY
0	17:55:17.206	trend_dtrader GBPUSD,H1: Failed modifying USDJPY
0	17:55:18.249	trend_dtrader GBPUSD,H1: Failed modifying USDJPY
0	17:55:19.205	trend_dtrader GBPUSD,H1: Failed modifying USDJPY
0	17:55:20.206	trend_dtrader GBPUSD,H1: Failed modifying USDJPY
0	17:55:21.205	trend_dtrader GBPUSD,H1: Failed modifying USDJPY
0	17:55:22.205	trend_dtrader GBPUSD,H1: Failed modifying USDJPY
0	17:55:23.205	trend_dtrader GBPUSD,H1: Failed modifying USDJPY
0	17:55:24.206	trend_dtrader GBPUSD,H1: Failed modifying USDJPY
0	17:55:25.205	trend_dtrader GBPUSD,H1: Failed modifying USDJPY
0	17:55:26.208	trend_dtrader GBPUSD,H1: Failed modifying USDJPY
0	17:55:27.205	trend_dtrader GBPUSD,H1: Failed modifying USDJPY
0	17:55:28.205	trend_dtrader GBPUSD,H1: Failed modifying USDJPY
0	17:55:29.205	trend_dtrader GBPUSD,H1: Failed modifying USDJPY
0	17:55:30.204	trend_dtrader GBPUSD,H1: Failed modifying USDJPY
0	17:55:31.204	trend_dtrader GBPUSD,H1: Failed modifying USDJPY
0	17:55:32.205	trend_dtrader GBPUSD,H1: Failed modifying USDJPY
0	17:55:33.205	trend_dtrader GBPUSD,H1: Failed modifying USDJPY
0	17:55:34.204	trend_dtrader GBPUSD,H1: Failed modifying USDJPY
0	17:55:35.204	trend_dtrader GBPUSD,H1: Failed modifying USDJPY
0	17:55:36.204	trend_dtrader GBPUSD,H1: Failed modifying USDJPY
0	17:55:37.204	trend_dtrader GBPUSD,H1: Failed modifying USDJPY
0	17:55:38.204	trend_dtrader GBPUSD,H1: Failed modifying USDJPY
0	17:55:39.204	trend_dtrader GBPUSD,H1: Failed modifying USDJPY
0	17:55:40.204	trend_dtrader GBPUSD,H1: Failed modifying USDJPY
0	17:55:41.204	trend_dtrader GBPUSD,H1: Failed modifying USDJPY
0	17:55:42.203	trend_dtrader GBPUSD,H1: Failed modifying USDJPY
0	17:55:43.203	trend_dtrader GBPUSD,H1: Failed modifying USDJPY
0	17:55:44.204	trend_dtrader GBPUSD,H1: Failed modifying USDJPY
0	17:55:45.204	trend_dtrader GBPUSD,H1: Failed modifying USDJPY
0	17:55:46.239	trend_dtrader GBPUSD,H1: Failed modifying USDJPY
0	17:55:47.236	trend_dtrader GBPUSD,H1: Failed modifying USDJPY
0	17:55:48.203	trend_dtrader GBPUSD,H1: Failed modifying USDJPY
0	17:55:49.204	trend_dtrader GBPUSD,H1: Failed modifying USDJPY
0	17:55:50.203	trend_dtrader GBPUSD,H1: Failed modifying USDJPY
0	17:55:51.203	trend_dtrader GBPUSD,H1: Failed modifying USDJPY
0	17:55:52.238	trend_dtrader GBPUSD,H1: Failed modifying USDJPY
0	17:55:53.222	trend_dtrader GBPUSD,H1: Failed modifying USDJPY
0	17:55:54.204	trend_dtrader GBPUSD,H1: Failed modifying USDJPY
0	17:55:55.204	trend_dtrader GBPUSD,H1: Failed modifying USDJPY
0	17:55:56.209	trend_dtrader GBPUSD,H1: Failed modifying USDJPY
0	17:55:57.206	trend_dtrader GBPUSD,H1: Failed modifying USDJPY
0	17:55:58.203	trend_dtrader GBPUSD,H1: Failed modifying USDJPY
0	17:55:59.204	trend_dtrader GBPUSD,H1: Failed modifying USDJPY
0	17:56:00.203	trend_dtrader GBPUSD,H1: Failed modifying USDJPY
0	17:56:01.344	trend_dtrader GBPUSD,H1: Failed modifying USDJPY
0	17:56:02.227	trend_dtrader GBPUSD,H1: Failed modifying USDJPY
0	17:56:03.203	trend_dtrader GBPUSD,H1: Failed modifying USDJPY
0	17:56:04.233	trend_dtrader GBPUSD,H1: Failed modifying USDJPY
0	17:56:05.213	trend_dtrader GBPUSD,H1: Failed modifying USDJPY
0	17:56:06.202	trend_dtrader GBPUSD,H1: Failed modifying USDJPY
0	17:56:07.202	trend_dtrader GBPUSD,H1: Failed modifying USDJPY
0	17:56:08.219	trend_dtrader GBPUSD,H1: Failed modifying USDJPY
0	17:56:09.202	trend_dtrader GBPUSD,H1: Failed modifying USDJPY
0	17:56:10.202	trend_dtrader GBPUSD,H1: Failed modifying USDJPY
0	17:56:11.220	trend_dtrader GBPUSD,H1: Failed modifying USDJPY
0	17:56:12.203	trend_dtrader GBPUSD,H1: Failed modifying USDJPY
0	17:56:13.202	trend_dtrader GBPUSD,H1: Failed modifying USDJPY
0	17:56:14.202	trend_dtrader GBPUSD,H1: Failed modifying USDJPY
0	17:56:15.203	trend_dtrader GBPUSD,H1: Failed modifying USDJPY
0	17:56:16.202	trend_dtrader GBPUSD,H1: Failed modifying USDJPY
0	17:56:17.202	trend_dtrader GBPUSD,H1: Failed modifying USDJPY
0	17:56:18.202	trend_dtrader GBPUSD,H1: Failed modifying USDJPY
0	17:56:19.201	trend_dtrader GBPUSD,H1: Failed modifying USDJPY
0	17:56:20.202	trend_dtrader GBPUSD,H1: Failed modifying USDJPY
0	17:56:21.202	trend_dtrader GBPUSD,H1: Failed modifying USDJPY
0	17:56:22.201	trend_dtrader GBPUSD,H1: Failed modifying USDJPY
0	17:56:23.201	trend_dtrader GBPUSD,H1: Failed modifying USDJPY
0	17:56:24.201	trend_dtrader GBPUSD,H1: Failed modifying USDJPY
0	17:56:25.201	trend_dtrader GBPUSD,H1: Failed modifying USDJPY
0	17:56:26.202	trend_dtrader GBPUSD,H1: Failed modifying USDJPY
0	17:56:27.202	trend_dtrader GBPUSD,H1: Failed modifying USDJPY
0	17:56:28.202	trend_dtrader GBPUSD,H1: Failed modifying USDJPY
0	17:56:29.201	trend_dtrader GBPUSD,H1: Failed modifying USDJPY
0	17:56:30.201	trend_dtrader GBPUSD,H1: Failed modifying USDJPY
0	17:56:31.201	trend_dtrader GBPUSD,H1: Failed modifying USDJPY
0	17:56:32.201	trend_dtrader GBPUSD,H1: Failed modifying USDJPY
0	17:56:33.201	trend_dtrader GBPUSD,H1: Failed modifying USDJPY
0	17:56:34.201	trend_dtrader GBPUSD,H1: Failed modifying USDJPY
0	17:56:35.201	trend_dtrader GBPUSD,H1: Failed modifying USDJPY
0	17:56:36.201	trend_dtrader GBPUSD,H1: Failed modifying USDJPY
0	17:56:37.200	trend_dtrader GBPUSD,H1: Failed modifying USDJPY
0	17:56:38.201	trend_dtrader GBPUSD,H1: Failed modifying USDJPY
0	17:56:39.201	trend_dtrader GBPUSD,H1: Failed modifying USDJPY
0	17:56:40.200	trend_dtrader GBPUSD,H1: Failed modifying USDJPY
0	17:56:41.237	trend_dtrader GBPUSD,H1: Failed modifying USDJPY
0	17:56:42.200	trend_dtrader GBPUSD,H1: Failed modifying USDJPY
0	17:56:43.204	trend_dtrader GBPUSD,H1: Failed modifying USDJPY
0	17:56:44.200	trend_dtrader GBPUSD,H1: Failed modifying USDJPY
0	17:56:45.201	trend_dtrader GBPUSD,H1: Failed modifying USDJPY
0	17:56:46.200	trend_dtrader GBPUSD,H1: Failed modifying USDJPY
0	17:56:47.200	trend_dtrader GBPUSD,H1: Failed modifying USDJPY
0	17:56:48.200	trend_dtrader GBPUSD,H1: Failed modifying USDJPY
0	17:56:49.200	trend_dtrader GBPUSD,H1: Failed modifying USDJPY
0	17:56:50.200	trend_dtrader GBPUSD,H1: Failed modifying USDJPY
0	17:56:51.200	trend_dtrader GBPUSD,H1: Failed modifying USDJPY
0	17:56:52.227	trend_dtrader GBPUSD,H1: Failed modifying USDJPY
0	17:56:53.200	trend_dtrader GBPUSD,H1: Failed modifying USDJPY
0	17:56:54.199	trend_dtrader GBPUSD,H1: Failed modifying USDJPY
0	17:56:55.200	trend_dtrader GBPUSD,H1: Failed modifying USDJPY
0	17:56:56.200	trend_dtrader GBPUSD,H1: Failed modifying USDJPY
0	17:56:57.199	trend_dtrader GBPUSD,H1: Failed modifying USDJPY
0	17:56:58.200	trend_dtrader GBPUSD,H1: Failed modifying USDJPY
0	17:56:59.199	trend_dtrader GBPUSD,H1: Failed modifying USDJPY
0	17:57:00.199	trend_dtrader GBPUSD,H1: Failed modifying USDJPY
0	17:57:01.200	trend_dtrader GBPUSD,H1: Failed modifying USDJPY
0	17:57:02.199	trend_dtrader GBPUSD,H1: Failed modifying USDJPY
0	17:57:03.199	trend_dtrader GBPUSD,H1: Failed modifying USDJPY
0	17:57:04.199	trend_dtrader GBPUSD,H1: Failed modifying USDJPY
0	17:57:05.198	trend_dtrader GBPUSD,H1: Failed modifying USDJPY
0	17:57:06.199	trend_dtrader GBPUSD,H1: Failed modifying USDJPY
0	17:57:07.199	trend_dtrader GBPUSD,H1: Failed modifying USDJPY
0	17:57:08.199	trend_dtrader GBPUSD,H1: Failed modifying USDJPY
0	17:57:09.199	trend_dtrader GBPUSD,H1: Failed modifying USDJPY
0	17:57:10.198	trend_dtrader GBPUSD,H1: Failed modifying USDJPY
0	17:57:11.199	trend_dtrader GBPUSD,H1: Failed modifying USDJPY
0	17:57:12.199	trend_dtrader GBPUSD,H1: Failed modifying USDJPY
0	17:57:13.199	trend_dtrader GBPUSD,H1: Failed modifying USDJPY
0	17:57:14.198	trend_dtrader GBPUSD,H1: Failed modifying USDJPY
0	17:57:15.198	trend_dtrader GBPUSD,H1: Failed modifying USDJPY
0	17:57:16.198	trend_dtrader GBPUSD,H1: Failed modifying USDJPY
0	17:57:17.198	trend_dtrader GBPUSD,H1: Failed modifying USDJPY
0	17:57:18.199	trend_dtrader GBPUSD,H1: Failed modifying USDJPY
0	17:57:19.198	trend_dtrader GBPUSD,H1: Failed modifying USDJPY
0	17:57:20.200	trend_dtrader GBPUSD,H1: Failed modifying USDJPY
0	17:57:21.198	trend_dtrader GBPUSD,H1: Failed modifying USDJPY
0	17:57:22.216	trend_dtrader GBPUSD,H1: Failed modifying USDJPY
0	17:57:23.198	trend_dtrader GBPUSD,H1: Failed modifying USDJPY
0	17:57:24.197	trend_dtrader GBPUSD,H1: Failed modifying USDJPY
0	17:57:25.198	trend_dtrader GBPUSD,H1: Failed modifying USDJPY
0	17:57:26.198	trend_dtrader GBPUSD,H1: Failed modifying USDJPY
0	17:57:27.197	trend_dtrader GBPUSD,H1: Failed modifying USDJPY
0	17:57:28.197	trend_dtrader GBPUSD,H1: Failed modifying USDJPY
0	17:57:29.203	trend_dtrader GBPUSD,H1: Failed modifying USDJPY
0	17:57:30.198	trend_dtrader GBPUSD,H1: Failed modifying USDJPY
0	17:57:31.198	trend_dtrader GBPUSD,H1: Failed modifying USDJPY
0	17:57:32.198	trend_dtrader GBPUSD,H1: Failed modifying USDJPY
0	17:57:33.197	trend_dtrader GBPUSD,H1: Failed modifying USDJPY
0	17:57:34.198	trend_dtrader GBPUSD,H1: Failed modifying USDJPY
0	17:57:35.197	trend_dtrader GBPUSD,H1: Failed modifying USDJPY
0	17:57:36.197	trend_dtrader GBPUSD,H1: Failed modifying USDJPY
0	17:57:37.197	trend_dtrader GBPUSD,H1: Failed modifying USDJPY
0	17:57:38.210	trend_dtrader GBPUSD,H1: Failed modifying USDJPY
0	17:57:39.197	trend_dtrader GBPUSD,H1: Failed modifying USDJPY
0	17:57:40.197	trend_dtrader GBPUSD,H1: Failed modifying USDJPY
0	17:57:41.198	trend_dtrader GBPUSD,H1: Failed modifying USDJPY
0	17:57:42.197	trend_dtrader GBPUSD,H1: Failed modifying USDJPY
0	17:57:43.196	trend_dtrader GBPUSD,H1: Failed modifying USDJPY
0	17:57:44.197	trend_dtrader GBPUSD,H1: Failed modifying USDJPY
0	17:57:45.197	trend_dtrader GBPUSD,H1: Failed modifying USDJPY
0	17:57:46.196	trend_dtrader GBPUSD,H1: Failed modifying USDJPY
0	17:57:47.196	trend_dtrader GBPUSD,H1: Failed modifying USDJPY
0	17:57:48.197	trend_dtrader GBPUSD,H1: Failed modifying USDJPY
0	17:57:49.196	trend_dtrader GBPUSD,H1: Failed modifying USDJPY
0	17:57:50.227	trend_dtrader GBPUSD,H1: Failed modifying USDJPY
0	17:57:51.197	trend_dtrader GBPUSD,H1: Failed modifying USDJPY
0	17:57:52.196	trend_dtrader GBPUSD,H1: Failed modifying USDJPY
0	17:57:53.196	trend_dtrader GBPUSD,H1: Failed modifying USDJPY
0	17:57:54.217	trend_dtrader GBPUSD,H1: Failed modifying USDJPY
0	17:57:55.196	trend_dtrader GBPUSD,H1: Failed modifying USDJPY
0	17:57:56.196	trend_dtrader GBPUSD,H1: Failed modifying USDJPY
0	17:57:57.196	trend_dtrader GBPUSD,H1: Failed modifying USDJPY
0	17:57:58.197	trend_dtrader GBPUSD,H1: Failed modifying USDJPY
0	17:57:59.197	trend_dtrader GBPUSD,H1: Failed modifying USDJPY
0	17:58:00.196	trend_dtrader GBPUSD,H1: Failed modifying USDJPY
0	17:58:01.196	trend_dtrader GBPUSD,H1: Failed modifying USDJPY
0	17:58:02.196	trend_dtrader GBPUSD,H1: Failed modifying USDJPY
0	17:58:03.195	trend_dtrader GBPUSD,H1: Failed modifying USDJPY
0	17:58:04.196	trend_dtrader GBPUSD,H1: Failed modifying USDJPY
0	17:58:05.195	trend_dtrader GBPUSD,H1: Failed modifying USDJPY
0	17:58:06.196	trend_dtrader GBPUSD,H1: Failed modifying USDJPY
0	17:58:07.195	trend_dtrader GBPUSD,H1: Failed modifying USDJPY
0	17:58:08.196	trend_dtrader GBPUSD,H1: Failed modifying USDJPY
0	17:58:09.236	trend_dtrader GBPUSD,H1: Failed modifying USDJPY
0	17:58:10.195	trend_dtrader GBPUSD,H1: Failed modifying USDJPY
0	17:58:11.196	trend_dtrader GBPUSD,H1: Failed modifying USDJPY
0	17:58:12.196	trend_dtrader GBPUSD,H1: Failed modifying USDJPY
0	17:58:13.196	trend_dtrader GBPUSD,H1: Failed modifying USDJPY
0	17:58:14.195	trend_dtrader GBPUSD,H1: Failed modifying USDJPY
0	17:58:15.194	trend_dtrader GBPUSD,H1: Failed modifying USDJPY
0	17:58:16.195	trend_dtrader GBPUSD,H1: Failed modifying USDJPY
0	17:58:17.195	trend_dtrader GBPUSD,H1: Failed modifying USDJPY
0	17:58:18.195	trend_dtrader GBPUSD,H1: Failed modifying USDJPY
0	17:58:19.194	trend_dtrader GBPUSD,H1: Failed modifying USDJPY
0	17:58:20.195	trend_dtrader GBPUSD,H1: Failed modifying USDJPY
0	17:58:21.194	trend_dtrader GBPUSD,H1: Failed modifying USDJPY
0	17:58:22.195	trend_dtrader GBPUSD,H1: Failed modifying USDJPY
0	17:58:23.194	trend_dtrader GBPUSD,H1: Failed modifying USDJPY
0	17:58:24.195	trend_dtrader GBPUSD,H1: Failed modifying USDJPY
0	17:58:25.196	trend_dtrader GBPUSD,H1: Failed modifying USDJPY
0	17:58:26.194	trend_dtrader GBPUSD,H1: Failed modifying USDJPY
0	17:58:27.194	trend_dtrader GBPUSD,H1: Failed modifying USDJPY
0	17:58:28.194	trend_dtrader GBPUSD,H1: Failed modifying USDJPY
0	17:58:29.194	trend_dtrader GBPUSD,H1: Failed modifying USDJPY
0	17:58:30.194	trend_dtrader GBPUSD,H1: Failed modifying USDJPY
0	17:58:31.194	trend_dtrader GBPUSD,H1: Failed modifying USDJPY
0	17:58:32.194	trend_dtrader GBPUSD,H1: Failed modifying USDJPY
0	17:58:33.194	trend_dtrader GBPUSD,H1: Failed modifying USDJPY
0	17:58:34.194	trend_dtrader GBPUSD,H1: Failed modifying USDJPY
0	17:58:35.194	trend_dtrader GBPUSD,H1: Failed modifying USDJPY
0	17:58:36.194	trend_dtrader GBPUSD,H1: Failed modifying USDJPY
0	17:58:37.194	trend_dtrader GBPUSD,H1: Failed modifying USDJPY
0	17:58:38.194	trend_dtrader GBPUSD,H1: Failed modifying USDJPY
0	17:58:39.193	trend_dtrader GBPUSD,H1: Failed modifying USDJPY
0	17:58:40.193	trend_dtrader GBPUSD,H1: Failed modifying USDJPY
0	17:58:41.194	trend_dtrader GBPUSD,H1: Failed modifying USDJPY
0	17:58:42.193	trend_dtrader GBPUSD,H1: Failed modifying USDJPY
0	17:58:43.194	trend_dtrader GBPUSD,H1: Failed modifying USDJPY
0	17:58:44.194	trend_dtrader GBPUSD,H1: Failed modifying USDJPY
0	17:58:45.193	trend_dtrader GBPUSD,H1: Failed modifying USDJPY
0	17:58:46.196	trend_dtrader GBPUSD,H1: Failed modifying USDJPY
0	17:58:47.193	trend_dtrader GBPUSD,H1: Failed modifying USDJPY
0	17:58:48.193	trend_dtrader GBPUSD,H1: Failed modifying USDJPY
0	17:58:49.192	trend_dtrader GBPUSD,H1: Failed modifying USDJPY
0	17:58:50.193	trend_dtrader GBPUSD,H1: Failed modifying USDJPY
0	17:58:51.193	trend_dtrader GBPUSD,H1: Failed modifying USDJPY
0	17:58:52.193	trend_dtrader GBPUSD,H1: Failed modifying USDJPY
0	17:58:53.193	trend_dtrader GBPUSD,H1: Failed modifying USDJPY
0	17:58:54.192	trend_dtrader GBPUSD,H1: Failed modifying USDJPY
0	17:58:55.192	trend_dtrader GBPUSD,H1: Failed modifying USDJPY
0	17:58:56.192	trend_dtrader GBPUSD,H1: Failed modifying USDJPY
0	17:58:57.202	trend_dtrader GBPUSD,H1: Failed modifying USDJPY
0	17:58:58.192	trend_dtrader GBPUSD,H1: Failed modifying USDJPY
0	17:58:59.192	trend_dtrader GBPUSD,H1: Failed modifying USDJPY
0	17:59:00.192	trend_dtrader GBPUSD,H1: Failed modifying USDJPY
0	17:59:01.194	trend_dtrader GBPUSD,H1: Failed modifying USDJPY
0	17:59:02.193	trend_dtrader GBPUSD,H1: Failed modifying USDJPY
0	17:59:03.192	trend_dtrader GBPUSD,H1: Failed modifying USDJPY
0	17:59:04.192	trend_dtrader GBPUSD,H1: Failed modifying USDJPY
0	17:59:05.192	trend_dtrader GBPUSD,H1: Failed modifying USDJPY
0	17:59:06.192	trend_dtrader GBPUSD,H1: Failed modifying USDJPY
0	17:59:07.192	trend_dtrader GBPUSD,H1: Failed modifying USDJPY
0	17:59:08.192	trend_dtrader GBPUSD,H1: Failed modifying USDJPY
0	17:59:09.192	trend_dtrader GBPUSD,H1: Failed modifying USDJPY
0	17:59:10.191	trend_dtrader GBPUSD,H1: Failed modifying USDJPY
0	17:59:11.191	trend_dtrader GBPUSD,H1: Failed modifying USDJPY
0	17:59:12.195	trend_dtrader GBPUSD,H1: Failed modifying USDJPY
0	17:59:13.191	trend_dtrader GBPUSD,H1: Failed modifying USDJPY
0	17:59:14.191	trend_dtrader GBPUSD,H1: Failed modifying USDJPY
0	17:59:15.191	trend_dtrader GBPUSD,H1: Failed modifying USDJPY
0	17:59:16.191	trend_dtrader GBPUSD,H1: Failed modifying USDJPY
0	17:59:17.191	trend_dtrader GBPUSD,H1: Failed modifying USDJPY
0	17:59:18.209	trend_dtrader GBPUSD,H1: Failed modifying USDJPY
0	17:59:19.191	trend_dtrader GBPUSD,H1: Failed modifying USDJPY
0	17:59:20.191	trend_dtrader GBPUSD,H1: Failed modifying USDJPY
0	17:59:21.191	trend_dtrader GBPUSD,H1: Failed modifying USDJPY
0	17:59:22.192	trend_dtrader GBPUSD,H1: Failed modifying USDJPY
0	17:59:23.191	trend_dtrader GBPUSD,H1: Failed modifying USDJPY
0	17:59:24.190	trend_dtrader GBPUSD,H1: Failed modifying USDJPY
0	17:59:25.191	trend_dtrader GBPUSD,H1: Failed modifying USDJPY
0	17:59:26.203	trend_dtrader GBPUSD,H1: Failed modifying USDJPY
0	17:59:27.191	trend_dtrader GBPUSD,H1: Failed modifying USDJPY
0	17:59:28.208	trend_dtrader GBPUSD,H1: Failed modifying USDJPY
0	17:59:29.191	trend_dtrader GBPUSD,H1: Failed modifying USDJPY
0	17:59:30.192	trend_dtrader GBPUSD,H1: Failed modifying USDJPY
0	17:59:31.190	trend_dtrader GBPUSD,H1: Failed modifying USDJPY
0	17:59:32.224	trend_dtrader GBPUSD,H1: Failed modifying USDJPY
0	17:59:33.191	trend_dtrader GBPUSD,H1: Failed modifying USDJPY
0	17:59:34.190	trend_dtrader GBPUSD,H1: Failed modifying USDJPY
0	17:59:35.190	trend_dtrader GBPUSD,H1: Failed modifying USDJPY
0	17:59:36.199	trend_dtrader GBPUSD,H1: Failed modifying USDJPY
0	17:59:37.190	trend_dtrader GBPUSD,H1: Failed modifying USDJPY
0	17:59:38.190	trend_dtrader GBPUSD,H1: Failed modifying USDJPY
0	17:59:39.190	trend_dtrader GBPUSD,H1: Failed modifying USDJPY
0	17:59:40.190	trend_dtrader GBPUSD,H1: Failed modifying USDJPY
0	17:59:41.190	trend_dtrader GBPUSD,H1: Failed modifying USDJPY
0	17:59:42.191	trend_dtrader GBPUSD,H1: Failed modifying USDJPY
0	17:59:43.190	trend_dtrader GBPUSD,H1: Failed modifying USDJPY
0	17:59:44.190	trend_dtrader GBPUSD,H1: Failed modifying USDJPY
0	17:59:45.189	trend_dtrader GBPUSD,H1: Failed modifying USDJPY
0	17:59:46.189	trend_dtrader GBPUSD,H1: Failed modifying USDJPY
0	17:59:47.189	trend_dtrader GBPUSD,H1: Failed modifying USDJPY
0	17:59:48.189	trend_dtrader GBPUSD,H1: Failed modifying USDJPY
0	17:59:49.193	trend_dtrader GBPUSD,H1: Failed modifying USDJPY
0	17:59:50.189	trend_dtrader GBPUSD,H1: Failed modifying USDJPY
0	17:59:51.189	trend_dtrader GBPUSD,H1: Failed modifying USDJPY
0	17:59:52.189	trend_dtrader GBPUSD,H1: Failed modifying USDJPY
0	17:59:53.189	trend_dtrader GBPUSD,H1: Failed modifying USDJPY
0	17:59:54.189	trend_dtrader GBPUSD,H1: Failed modifying USDJPY
0	17:59:55.189	trend_dtrader GBPUSD,H1: Failed modifying USDJPY
0	17:59:56.189	trend_dtrader GBPUSD,H1: Failed modifying USDJPY
0	17:59:57.189	trend_dtrader GBPUSD,H1: Failed modifying USDJPY
0	17:59:58.189	trend_dtrader GBPUSD,H1: Failed modifying USDJPY
0	17:59:59.188	trend_dtrader GBPUSD,H1: Failed modifying USDJPY
0	18:00:00.189	trend_dtrader GBPUSD,H1: Failed modifying USDJPY
0	18:00:01.188	trend_dtrader GBPUSD,H1: Failed modifying USDJPY
0	18:00:02.188	trend_dtrader GBPUSD,H1: Failed modifying USDJPY
0	18:00:03.228	trend_dtrader GBPUSD,H1: Failed modifying USDJPY
0	18:00:04.188	trend_dtrader GBPUSD,H1: Failed modifying USDJPY
0	18:00:05.188	trend_dtrader GBPUSD,H1: Failed modifying USDJPY
0	18:00:06.188	trend_dtrader GBPUSD,H1: Failed modifying USDJPY
0	18:00:07.188	trend_dtrader GBPUSD,H1: Failed modifying USDJPY
0	18:00:08.188	trend_dtrader GBPUSD,H1: Failed modifying USDJPY
0	18:00:09.188	trend_dtrader GBPUSD,H1: Failed modifying USDJPY
0	18:00:10.188	trend_dtrader GBPUSD,H1: Failed modifying USDJPY
0	18:00:11.190	trend_dtrader GBPUSD,H1: Failed modifying USDJPY
0	18:00:12.188	trend_dtrader GBPUSD,H1: Failed modifying USDJPY
0	18:00:13.187	trend_dtrader GBPUSD,H1: Failed modifying USDJPY
0	18:00:14.188	trend_dtrader GBPUSD,H1: Failed modifying USDJPY
0	18:00:15.187	trend_dtrader GBPUSD,H1: Failed modifying USDJPY
0	18:00:16.188	trend_dtrader GBPUSD,H1: Failed modifying USDJPY
0	18:00:17.216	trend_dtrader GBPUSD,H1: Failed modifying USDJPY
0	18:00:18.188	trend_dtrader GBPUSD,H1: Failed modifying USDJPY
0	18:00:19.187	trend_dtrader GBPUSD,H1: Failed modifying USDJPY
0	18:00:20.187	trend_dtrader GBPUSD,H1: Failed modifying USDJPY
0	18:00:21.188	trend_dtrader GBPUSD,H1: Failed modifying USDJPY
0	18:00:22.187	trend_dtrader GBPUSD,H1: Failed modifying USDJPY
0	18:00:23.187	trend_dtrader GBPUSD,H1: Failed modifying USDJPY
0	18:00:24.187	trend_dtrader GBPUSD,H1: Failed modifying USDJPY
0	18:00:25.187	trend_dtrader GBPUSD,H1: Failed modifying USDJPY
0	18:00:26.224	trend_dtrader GBPUSD,H1: Failed modifying USDJPY
0	18:00:27.187	trend_dtrader GBPUSD,H1: Failed modifying USDJPY
0	18:00:28.187	trend_dtrader GBPUSD,H1: Failed modifying USDJPY
0	18:00:29.222	trend_dtrader GBPUSD,H1: Failed modifying USDJPY
0	18:00:30.230	trend_dtrader GBPUSD,H1: Failed modifying USDJPY
0	18:00:31.226	trend_dtrader GBPUSD,H1: Failed modifying USDJPY
0	18:00:32.186	trend_dtrader GBPUSD,H1: Failed modifying USDJPY
0	18:00:33.187	trend_dtrader GBPUSD,H1: Failed modifying USDJPY
0	18:00:34.187	trend_dtrader GBPUSD,H1: Failed modifying USDJPY
0	18:00:35.187	trend_dtrader GBPUSD,H1: Failed modifying USDJPY
0	18:00:36.186	trend_dtrader GBPUSD,H1: Failed modifying USDJPY
0	18:00:37.187	trend_dtrader GBPUSD,H1: Failed modifying USDJPY
0	18:00:38.186	trend_dtrader GBPUSD,H1: Failed modifying USDJPY
0	18:00:39.186	trend_dtrader GBPUSD,H1: Failed modifying USDJPY
0	18:00:40.187	trend_dtrader GBPUSD,H1: Failed modifying USDJPY
0	18:00:41.187	trend_dtrader GBPUSD,H1: Failed modifying USDJPY
0	18:00:42.217	trend_dtrader GBPUSD,H1: Failed modifying USDJPY
0	18:00:43.187	trend_dtrader GBPUSD,H1: Failed modifying USDJPY
0	18:00:44.187	trend_dtrader GBPUSD,H1: Failed modifying USDJPY
0	18:00:45.186	trend_dtrader GBPUSD,H1: Failed modifying USDJPY
0	18:00:46.185	trend_dtrader GBPUSD,H1: Failed modifying USDJPY
0	18:00:47.185	trend_dtrader GBPUSD,H1: Failed modifying USDJPY
0	18:00:48.186	trend_dtrader GBPUSD,H1: Failed modifying USDJPY
0	18:00:49.186	trend_dtrader GBPUSD,H1: Failed modifying USDJPY
0	18:00:50.186	trend_dtrader GBPUSD,H1: Failed modifying USDJPY
0	18:00:51.186	trend_dtrader GBPUSD,H1: Failed modifying USDJPY
0	18:00:52.185	trend_dtrader GBPUSD,H1: Failed modifying USDJPY
0	18:00:53.186	trend_dtrader GBPUSD,H1: Failed modifying USDJPY
0	18:00:54.186	trend_dtrader GBPUSD,H1: Failed modifying USDJPY
0	18:00:55.186	trend_dtrader GBPUSD,H1: Failed modifying USDJPY
0	18:00:56.185	trend_dtrader GBPUSD,H1: Failed modifying USDJPY
0	18:00:57.186	trend_dtrader GBPUSD,H1: Failed modifying USDJPY
0	18:00:58.185	trend_dtrader GBPUSD,H1: Failed modifying USDJPY
0	18:00:59.203	trend_dtrader GBPUSD,H1: Failed modifying USDJPY
0	18:01:00.184	trend_dtrader GBPUSD,H1: Failed modifying USDJPY
0	18:01:01.185	trend_dtrader GBPUSD,H1: Failed modifying USDJPY
0	18:01:02.185	trend_dtrader GBPUSD,H1: Failed modifying USDJPY
0	18:01:03.184	trend_dtrader GBPUSD,H1: Failed modifying USDJPY
0	18:01:04.185	trend_dtrader GBPUSD,H1: Failed modifying USDJPY
0	18:01:05.187	trend_dtrader GBPUSD,H1: Failed modifying USDJPY
0	18:01:06.185	trend_dtrader GBPUSD,H1: Failed modifying USDJPY
0	18:01:07.184	trend_dtrader GBPUSD,H1: Failed modifying USDJPY
0	18:01:08.184	trend_dtrader GBPUSD,H1: Failed modifying USDJPY
0	18:01:09.184	trend_dtrader GBPUSD,H1: Failed modifying USDJPY
0	18:01:10.184	trend_dtrader GBPUSD,H1: Failed modifying USDJPY
0	18:01:11.184	trend_dtrader GBPUSD,H1: Failed modifying USDJPY
0	18:01:12.185	trend_dtrader GBPUSD,H1: Failed modifying USDJPY
0	18:01:13.192	trend_dtrader GBPUSD,H1: Failed modifying USDJPY
0	18:01:14.185	trend_dtrader GBPUSD,H1: Failed modifying USDJPY
0	18:01:15.184	trend_dtrader GBPUSD,H1: Failed modifying USDJPY
0	18:01:16.184	trend_dtrader GBPUSD,H1: Failed modifying USDJPY
0	18:01:17.211	trend_dtrader GBPUSD,H1: Failed modifying USDJPY
0	18:01:18.184	trend_dtrader GBPUSD,H1: Failed modifying USDJPY
0	18:01:19.184	trend_dtrader GBPUSD,H1: Failed modifying USDJPY
0	18:01:20.184	trend_dtrader GBPUSD,H1: Failed modifying USDJPY
0	18:01:21.184	trend_dtrader GBPUSD,H1: Failed modifying USDJPY
0	18:01:22.216	trend_dtrader GBPUSD,H1: Failed modifying USDJPY
0	18:01:23.184	trend_dtrader GBPUSD,H1: Failed modifying USDJPY
0	18:01:24.183	trend_dtrader GBPUSD,H1: Failed modifying USDJPY
0	18:01:25.183	trend_dtrader GBPUSD,H1: Failed modifying USDJPY
0	18:01:26.275	trend_dtrader GBPUSD,H1: Failed modifying USDJPY
0	18:01:27.183	trend_dtrader GBPUSD,H1: Failed modifying USDJPY
0	18:01:28.185	trend_dtrader GBPUSD,H1: Failed modifying USDJPY
0	18:01:29.184	trend_dtrader GBPUSD,H1: Failed modifying USDJPY
0	18:01:30.183	trend_dtrader GBPUSD,H1: Failed modifying USDJPY
0	18:01:31.184	trend_dtrader GBPUSD,H1: Failed modifying USDJPY
0	18:01:32.183	trend_dtrader GBPUSD,H1: Failed modifying USDJPY
0	18:01:33.184	trend_dtrader GBPUSD,H1: Failed modifying USDJPY
0	18:01:34.183	trend_dtrader GBPUSD,H1: Failed modifying USDJPY
0	18:01:35.239	trend_dtrader GBPUSD,H1: Failed modifying USDJPY
0	18:01:36.183	trend_dtrader GBPUSD,H1: Failed modifying USDJPY
0	18:01:37.182	trend_dtrader GBPUSD,H1: Failed modifying USDJPY
0	18:01:38.182	trend_dtrader GBPUSD,H1: Failed modifying USDJPY
0	18:01:39.183	trend_dtrader GBPUSD,H1: Failed modifying USDJPY
0	18:01:40.183	trend_dtrader GBPUSD,H1: Failed modifying USDJPY
0	18:01:41.182	trend_dtrader GBPUSD,H1: Failed modifying USDJPY
0	18:01:42.183	trend_dtrader GBPUSD,H1: Failed modifying USDJPY
0	18:01:43.195	trend_dtrader GBPUSD,H1: Failed modifying USDJPY
0	18:01:44.190	trend_dtrader GBPUSD,H1: Failed modifying USDJPY
0	18:01:45.182	trend_dtrader GBPUSD,H1: Failed modifying USDJPY
0	18:01:46.182	trend_dtrader GBPUSD,H1: Failed modifying USDJPY
0	18:01:47.222	trend_dtrader GBPUSD,H1: Failed modifying USDJPY
0	18:01:48.182	trend_dtrader GBPUSD,H1: Failed modifying USDJPY
0	18:01:49.182	trend_dtrader GBPUSD,H1: Failed modifying USDJPY
0	18:01:50.182	trend_dtrader GBPUSD,H1: Failed modifying USDJPY
0	18:01:51.182	trend_dtrader GBPUSD,H1: Failed modifying USDJPY
0	18:01:52.185	trend_dtrader GBPUSD,H1: Failed modifying USDJPY
0	18:01:53.182	trend_dtrader GBPUSD,H1: Failed modifying USDJPY
0	18:01:54.182	trend_dtrader GBPUSD,H1: Failed modifying USDJPY
0	18:01:55.211	trend_dtrader GBPUSD,H1: Failed modifying USDJPY
0	18:01:56.181	trend_dtrader GBPUSD,H1: Failed modifying USDJPY
0	18:01:57.181	trend_dtrader GBPUSD,H1: Failed modifying USDJPY
0	18:01:58.181	trend_dtrader GBPUSD,H1: Failed modifying USDJPY
0	18:01:59.181	trend_dtrader GBPUSD,H1: Failed modifying USDJPY
0	18:02:00.181	trend_dtrader GBPUSD,H1: Failed modifying USDJPY
0	18:02:01.181	trend_dtrader GBPUSD,H1: Failed modifying USDJPY
0	18:02:02.198	trend_dtrader GBPUSD,H1: Failed modifying USDJPY
0	18:02:03.182	trend_dtrader GBPUSD,H1: Failed modifying USDJPY
0	18:02:04.192	trend_dtrader GBPUSD,H1: Failed modifying USDJPY
0	18:02:05.181	trend_dtrader GBPUSD,H1: Failed modifying USDJPY
0	18:02:06.200	trend_dtrader GBPUSD,H1: Failed modifying USDJPY
0	18:02:07.181	trend_dtrader GBPUSD,H1: Failed modifying USDJPY
0	18:02:08.209	trend_dtrader GBPUSD,H1: Failed modifying USDJPY
0	18:02:09.181	trend_dtrader GBPUSD,H1: Failed modifying USDJPY
0	18:02:10.192	trend_dtrader GBPUSD,H1: Failed modifying USDJPY
0	18:02:11.228	trend_dtrader GBPUSD,H1: Failed modifying USDJPY
0	18:02:12.180	trend_dtrader GBPUSD,H1: Failed modifying USDJPY
0	18:02:13.180	trend_dtrader GBPUSD,H1: Failed modifying USDJPY
0	18:02:14.180	trend_dtrader GBPUSD,H1: Failed modifying USDJPY
0	18:02:15.181	trend_dtrader GBPUSD,H1: Failed modifying USDJPY
0	18:02:16.180	trend_dtrader GBPUSD,H1: Failed modifying USDJPY
0	18:02:17.180	trend_dtrader GBPUSD,H1: Failed modifying USDJPY
0	18:02:18.181	trend_dtrader GBPUSD,H1: Failed modifying USDJPY
0	18:02:19.180	trend_dtrader GBPUSD,H1: Failed modifying USDJPY
0	18:02:20.180	trend_dtrader GBPUSD,H1: Failed modifying USDJPY
0	18:02:21.180	trend_dtrader GBPUSD,H1: Failed modifying USDJPY
0	18:02:22.180	trend_dtrader GBPUSD,H1: Failed modifying USDJPY
0	18:02:23.190	trend_dtrader GBPUSD,H1: Failed modifying USDJPY
0	18:02:24.193	trend_dtrader GBPUSD,H1: Failed modifying USDJPY
0	18:02:25.181	trend_dtrader GBPUSD,H1: Failed modifying USDJPY
0	18:02:26.219	trend_dtrader GBPUSD,H1: Failed modifying USDJPY
0	18:02:27.179	trend_dtrader GBPUSD,H1: Failed modifying USDJPY
0	18:02:28.180	trend_dtrader GBPUSD,H1: Failed modifying USDJPY
0	18:02:29.180	trend_dtrader GBPUSD,H1: Failed modifying USDJPY
0	18:02:30.180	trend_dtrader GBPUSD,H1: Failed modifying USDJPY
0	18:02:31.179	trend_dtrader GBPUSD,H1: Failed modifying USDJPY
0	18:02:32.213	trend_dtrader GBPUSD,H1: Failed modifying USDJPY
0	18:02:33.179	trend_dtrader GBPUSD,H1: Failed modifying USDJPY
0	18:02:34.179	trend_dtrader GBPUSD,H1: Failed modifying USDJPY
0	18:02:35.179	trend_dtrader GBPUSD,H1: Failed modifying USDJPY
0	18:02:36.179	trend_dtrader GBPUSD,H1: Failed modifying USDJPY
0	18:02:37.179	trend_dtrader GBPUSD,H1: Failed modifying USDJPY
0	18:02:38.179	trend_dtrader GBPUSD,H1: Failed modifying USDJPY
0	18:02:39.179	trend_dtrader GBPUSD,H1: Failed modifying USDJPY
0	18:02:40.179	trend_dtrader GBPUSD,H1: Failed modifying USDJPY
0	18:02:41.179	trend_dtrader GBPUSD,H1: Failed modifying USDJPY
0	18:02:42.178	trend_dtrader GBPUSD,H1: Failed modifying USDJPY
0	18:02:43.178	trend_dtrader GBPUSD,H1: Failed modifying USDJPY
0	18:02:44.181	trend_dtrader GBPUSD,H1: Failed modifying USDJPY
0	18:02:45.179	trend_dtrader GBPUSD,H1: Failed modifying USDJPY
0	18:02:46.178	trend_dtrader GBPUSD,H1: Failed modifying USDJPY
0	18:02:47.181	trend_dtrader GBPUSD,H1: Failed modifying USDJPY
0	18:02:48.178	trend_dtrader GBPUSD,H1: Failed modifying USDJPY
0	18:02:49.178	trend_dtrader GBPUSD,H1: Failed modifying USDJPY
0	18:02:50.178	trend_dtrader GBPUSD,H1: Failed modifying USDJPY
0	18:02:51.193	trend_dtrader GBPUSD,H1: Failed modifying USDJPY
0	18:02:52.178	trend_dtrader GBPUSD,H1: Failed modifying USDJPY
0	18:02:53.179	trend_dtrader GBPUSD,H1: Failed modifying USDJPY
0	18:02:54.178	trend_dtrader GBPUSD,H1: Failed modifying USDJPY
0	18:02:55.179	trend_dtrader GBPUSD,H1: Failed modifying USDJPY
0	18:02:56.178	trend_dtrader GBPUSD,H1: Failed modifying USDJPY
0	18:02:57.178	trend_dtrader GBPUSD,H1: Failed modifying USDJPY
0	18:02:58.178	trend_dtrader GBPUSD,H1: Failed modifying USDJPY
0	18:02:59.178	trend_dtrader GBPUSD,H1: Failed modifying USDJPY
0	18:03:00.178	trend_dtrader GBPUSD,H1: Failed modifying USDJPY
0	18:03:01.178	trend_dtrader GBPUSD,H1: Failed modifying USDJPY
0	18:03:02.177	trend_dtrader GBPUSD,H1: Failed modifying USDJPY
0	18:03:03.185	trend_dtrader GBPUSD,H1: Failed modifying USDJPY
0	18:03:04.177	trend_dtrader GBPUSD,H1: Failed modifying USDJPY
0	18:03:05.177	trend_dtrader GBPUSD,H1: Failed modifying USDJPY
0	18:03:06.263	trend_dtrader GBPUSD,H1: Failed modifying USDJPY
0	18:03:07.178	trend_dtrader GBPUSD,H1: Failed modifying USDJPY
0	18:03:08.182	trend_dtrader GBPUSD,H1: Failed modifying USDJPY
0	18:03:09.177	trend_dtrader GBPUSD,H1: Failed modifying USDJPY
0	18:03:10.177	trend_dtrader GBPUSD,H1: Failed modifying USDJPY
0	18:03:11.178	trend_dtrader GBPUSD,H1: Failed modifying USDJPY
0	18:03:12.177	trend_dtrader GBPUSD,H1: Failed modifying USDJPY
0	18:03:13.177	trend_dtrader GBPUSD,H1: Failed modifying USDJPY
0	18:03:14.177	trend_dtrader GBPUSD,H1: Failed modifying USDJPY
0	18:03:15.176	trend_dtrader GBPUSD,H1: Failed modifying USDJPY
0	18:03:16.211	trend_dtrader GBPUSD,H1: Failed modifying USDJPY
0	18:03:17.177	trend_dtrader GBPUSD,H1: Failed modifying USDJPY
0	18:03:18.179	trend_dtrader GBPUSD,H1: Failed modifying USDJPY
0	18:03:19.176	trend_dtrader GBPUSD,H1: Failed modifying USDJPY
0	18:03:20.176	trend_dtrader GBPUSD,H1: Failed modifying USDJPY
0	18:03:21.177	trend_dtrader GBPUSD,H1: Failed modifying USDJPY
0	18:03:22.177	trend_dtrader GBPUSD,H1: Failed modifying USDJPY
0	18:03:23.177	trend_dtrader GBPUSD,H1: Failed modifying USDJPY
0	18:03:24.176	trend_dtrader GBPUSD,H1: Failed modifying USDJPY
0	18:03:25.176	trend_dtrader GBPUSD,H1: Failed modifying USDJPY
0	18:03:26.177	trend_dtrader GBPUSD,H1: Failed modifying USDJPY
0	18:03:27.176	trend_dtrader GBPUSD,H1: Failed modifying USDJPY
0	18:03:28.235	trend_dtrader GBPUSD,H1: Failed modifying USDJPY
0	18:03:29.177	trend_dtrader GBPUSD,H1: Failed modifying USDJPY
0	18:03:30.176	trend_dtrader GBPUSD,H1: Failed modifying USDJPY
0	18:03:31.176	trend_dtrader GBPUSD,H1: Failed modifying USDJPY
0	18:03:32.176	trend_dtrader GBPUSD,H1: Failed modifying USDJPY
0	18:03:33.177	trend_dtrader GBPUSD,H1: Failed modifying USDJPY
0	18:03:34.175	trend_dtrader GBPUSD,H1: Failed modifying USDJPY
0	18:03:35.176	trend_dtrader GBPUSD,H1: Failed modifying USDJPY
0	18:03:36.176	trend_dtrader GBPUSD,H1: Failed modifying USDJPY
0	18:03:37.175	trend_dtrader GBPUSD,H1: Failed modifying USDJPY
0	18:03:38.175	trend_dtrader GBPUSD,H1: Failed modifying USDJPY
0	18:03:39.176	trend_dtrader GBPUSD,H1: Failed modifying USDJPY
0	18:03:40.176	trend_dtrader GBPUSD,H1: Failed modifying USDJPY
0	18:03:41.176	trend_dtrader GBPUSD,H1: Failed modifying USDJPY
0	18:03:42.176	trend_dtrader GBPUSD,H1: Failed modifying USDJPY
0	18:03:43.175	trend_dtrader GBPUSD,H1: Failed modifying USDJPY
0	18:03:44.175	trend_dtrader GBPUSD,H1: Failed modifying USDJPY
0	18:03:45.175	trend_dtrader GBPUSD,H1: Failed modifying USDJPY
0	18:03:46.196	trend_dtrader GBPUSD,H1: Failed modifying USDJPY
0	18:03:47.175	trend_dtrader GBPUSD,H1: Failed modifying USDJPY
0	18:03:48.175	trend_dtrader GBPUSD,H1: Failed modifying USDJPY
0	18:03:49.175	trend_dtrader GBPUSD,H1: Failed modifying USDJPY
0	18:03:50.175	trend_dtrader GBPUSD,H1: Failed modifying USDJPY
0	18:03:51.175	trend_dtrader GBPUSD,H1: Failed modifying USDJPY
0	18:03:52.174	trend_dtrader GBPUSD,H1: Failed modifying USDJPY
0	18:03:53.195	trend_dtrader GBPUSD,H1: Failed modifying USDJPY
0	18:03:54.174	trend_dtrader GBPUSD,H1: Failed modifying USDJPY
0	18:03:55.216	trend_dtrader GBPUSD,H1: Failed modifying USDJPY
0	18:03:56.175	trend_dtrader GBPUSD,H1: Failed modifying USDJPY
0	18:03:57.174	trend_dtrader GBPUSD,H1: Failed modifying USDJPY
0	18:03:58.174	trend_dtrader GBPUSD,H1: Failed modifying USDJPY
0	18:03:59.174	trend_dtrader GBPUSD,H1: Failed modifying USDJPY
0	18:04:00.174	trend_dtrader GBPUSD,H1: Failed modifying USDJPY
0	18:04:01.174	trend_dtrader GBPUSD,H1: Failed modifying USDJPY
0	18:04:02.178	trend_dtrader GBPUSD,H1: Failed modifying USDJPY
0	18:04:03.215	trend_dtrader GBPUSD,H1: Failed modifying USDJPY
0	18:04:04.174	trend_dtrader GBPUSD,H1: Failed modifying USDJPY
0	18:04:05.173	trend_dtrader GBPUSD,H1: Failed modifying USDJPY
0	18:04:06.174	trend_dtrader GBPUSD,H1: Failed modifying USDJPY
0	18:04:07.173	trend_dtrader GBPUSD,H1: Failed modifying USDJPY
0	18:04:08.173	trend_dtrader GBPUSD,H1: Failed modifying USDJPY
0	18:04:09.173	trend_dtrader GBPUSD,H1: Failed modifying USDJPY
0	18:04:10.189	trend_dtrader GBPUSD,H1: Failed modifying USDJPY
0	18:04:11.173	trend_dtrader GBPUSD,H1: Failed modifying USDJPY
0	18:04:12.173	trend_dtrader GBPUSD,H1: Failed modifying USDJPY
0	18:04:13.173	trend_dtrader GBPUSD,H1: Failed modifying USDJPY
0	18:04:14.177	trend_dtrader GBPUSD,H1: Failed modifying USDJPY
0	18:04:15.173	trend_dtrader GBPUSD,H1: Failed modifying USDJPY
0	18:04:16.173	trend_dtrader GBPUSD,H1: Failed modifying USDJPY
0	18:04:17.173	trend_dtrader GBPUSD,H1: Failed modifying USDJPY
0	18:04:18.173	trend_dtrader GBPUSD,H1: Failed modifying USDJPY
0	18:04:19.173	trend_dtrader GBPUSD,H1: Failed modifying USDJPY
0	18:04:20.173	trend_dtrader GBPUSD,H1: Failed modifying USDJPY
0	18:04:21.173	trend_dtrader GBPUSD,H1: Failed modifying USDJPY
0	18:04:22.173	trend_dtrader GBPUSD,H1: Failed modifying USDJPY
0	18:04:23.172	trend_dtrader GBPUSD,H1: Failed modifying USDJPY
0	18:04:24.172	trend_dtrader GBPUSD,H1: Failed modifying USDJPY
0	18:04:25.173	trend_dtrader GBPUSD,H1: Failed modifying USDJPY
0	18:04:26.172	trend_dtrader GBPUSD,H1: Failed modifying USDJPY
0	18:04:27.173	trend_dtrader GBPUSD,H1: Failed modifying USDJPY
0	18:04:28.172	trend_dtrader GBPUSD,H1: Failed modifying USDJPY
0	18:04:29.173	trend_dtrader GBPUSD,H1: Failed modifying USDJPY
0	18:04:30.234	trend_dtrader GBPUSD,H1: Failed modifying USDJPY
0	18:04:31.172	trend_dtrader GBPUSD,H1: Failed modifying USDJPY
0	18:04:32.398	trend_dtrader GBPUSD,H1: Failed modifying USDJPY
0	18:04:33.183	trend_dtrader GBPUSD,H1: Failed modifying USDJPY
0	18:04:34.172	trend_dtrader GBPUSD,H1: Failed modifying USDJPY
0	18:04:35.172	trend_dtrader GBPUSD,H1: Failed modifying USDJPY
0	18:04:36.172	trend_dtrader GBPUSD,H1: Failed modifying USDJPY
0	18:04:37.171	trend_dtrader GBPUSD,H1: Failed modifying USDJPY
0	18:04:38.204	trend_dtrader GBPUSD,H1: Failed modifying USDJPY
0	18:04:39.172	trend_dtrader GBPUSD,H1: Failed modifying USDJPY
0	18:04:40.172	trend_dtrader GBPUSD,H1: Failed modifying USDJPY
0	18:04:41.172	trend_dtrader GBPUSD,H1: Failed modifying USDJPY
0	18:04:42.172	trend_dtrader GBPUSD,H1: Failed modifying USDJPY
0	18:04:43.172	trend_dtrader GBPUSD,H1: Failed modifying USDJPY
0	18:04:44.171	trend_dtrader GBPUSD,H1: Failed modifying USDJPY
0	18:04:45.310	trend_dtrader GBPUSD,H1: Failed modifying USDJPY
0	18:04:46.172	trend_dtrader GBPUSD,H1: Failed modifying USDJPY
0	18:04:47.171	trend_dtrader GBPUSD,H1: Failed modifying USDJPY
0	18:04:48.173	trend_dtrader GBPUSD,H1: Failed modifying USDJPY
0	18:04:49.171	trend_dtrader GBPUSD,H1: Failed modifying USDJPY
0	18:04:50.174	trend_dtrader GBPUSD,H1: Failed modifying USDJPY
0	18:04:51.171	trend_dtrader GBPUSD,H1: Failed modifying USDJPY
0	18:04:52.172	trend_dtrader GBPUSD,H1: Failed modifying USDJPY
0	18:04:53.325	trend_dtrader GBPUSD,H1: Failed modifying USDJPY
0	18:04:54.184	trend_dtrader GBPUSD,H1: Failed modifying USDJPY
0	18:04:55.171	trend_dtrader GBPUSD,H1: Failed modifying USDJPY
0	18:04:56.171	trend_dtrader GBPUSD,H1: Failed modifying USDJPY
0	18:04:57.170	trend_dtrader GBPUSD,H1: Failed modifying USDJPY
0	18:04:58.172	trend_dtrader GBPUSD,H1: Failed modifying USDJPY
0	18:04:59.171	trend_dtrader GBPUSD,H1: Failed modifying USDJPY
0	18:05:00.170	trend_dtrader GBPUSD,H1: Failed modifying USDJPY
0	18:05:01.170	trend_dtrader GBPUSD,H1: Failed modifying USDJPY
0	18:05:02.171	trend_dtrader GBPUSD,H1: Failed modifying USDJPY
0	18:05:03.170	trend_dtrader GBPUSD,H1: Failed modifying USDJPY
0	18:05:04.208	trend_dtrader GBPUSD,H1: Failed modifying USDJPY
0	18:05:05.170	trend_dtrader GBPUSD,H1: Failed modifying USDJPY
0	18:05:06.170	trend_dtrader GBPUSD,H1: Failed modifying USDJPY
0	18:05:07.170	trend_dtrader GBPUSD,H1: Failed modifying USDJPY
0	18:05:08.170	trend_dtrader GBPUSD,H1: Failed modifying USDJPY
0	18:05:09.170	trend_dtrader GBPUSD,H1: Failed modifying USDJPY
0	18:05:10.169	trend_dtrader GBPUSD,H1: Failed modifying USDJPY
0	18:05:11.170	trend_dtrader GBPUSD,H1: Failed modifying USDJPY
0	18:05:12.170	trend_dtrader GBPUSD,H1: Failed modifying USDJPY
0	18:05:13.170	trend_dtrader GBPUSD,H1: Failed modifying USDJPY
0	18:05:14.170	trend_dtrader GBPUSD,H1: Failed modifying USDJPY
0	18:05:15.170	trend_dtrader GBPUSD,H1: Failed modifying USDJPY
0	18:05:16.169	trend_dtrader GBPUSD,H1: Failed modifying USDJPY
0	18:05:17.169	trend_dtrader GBPUSD,H1: Failed modifying USDJPY
0	18:05:18.169	trend_dtrader GBPUSD,H1: Failed modifying USDJPY
0	18:05:19.169	trend_dtrader GBPUSD,H1: Failed modifying USDJPY
0	18:05:20.170	trend_dtrader GBPUSD,H1: Failed modifying USDJPY
0	18:05:21.170	trend_dtrader GBPUSD,H1: Failed modifying USDJPY
0	18:05:22.169	trend_dtrader GBPUSD,H1: Failed modifying USDJPY
0	18:05:23.169	trend_dtrader GBPUSD,H1: Failed modifying USDJPY
0	18:05:24.169	trend_dtrader GBPUSD,H1: Failed modifying USDJPY
0	18:05:25.169	trend_dtrader GBPUSD,H1: Failed modifying USDJPY
0	18:05:26.187	trend_dtrader GBPUSD,H1: Failed modifying USDJPY
0	18:05:27.169	trend_dtrader GBPUSD,H1: Failed modifying USDJPY
0	18:05:28.169	trend_dtrader GBPUSD,H1: Failed modifying USDJPY
0	18:05:29.168	trend_dtrader GBPUSD,H1: Failed modifying USDJPY
0	18:05:30.169	trend_dtrader GBPUSD,H1: Failed modifying USDJPY
0	18:05:31.169	trend_dtrader GBPUSD,H1: Failed modifying USDJPY
0	18:05:32.168	trend_dtrader GBPUSD,H1: Failed modifying USDJPY
0	18:05:33.168	trend_dtrader GBPUSD,H1: Failed modifying USDJPY
0	18:05:34.169	trend_dtrader GBPUSD,H1: Failed modifying USDJPY
0	18:05:35.168	trend_dtrader GBPUSD,H1: Failed modifying USDJPY
0	18:05:36.169	trend_dtrader GBPUSD,H1: Failed modifying USDJPY
0	18:05:37.168	trend_dtrader GBPUSD,H1: Failed modifying USDJPY
0	18:05:38.168	trend_dtrader GBPUSD,H1: Failed modifying USDJPY
0	18:05:39.168	trend_dtrader GBPUSD,H1: Failed modifying USDJPY
0	18:05:40.168	trend_dtrader GBPUSD,H1: Failed modifying USDJPY
0	18:05:41.168	trend_dtrader GBPUSD,H1: Failed modifying USDJPY
0	18:05:42.168	trend_dtrader GBPUSD,H1: Failed modifying USDJPY
0	18:05:43.168	trend_dtrader GBPUSD,H1: Failed modifying USDJPY
0	18:05:44.168	trend_dtrader GBPUSD,H1: Failed modifying USDJPY
0	18:05:45.169	trend_dtrader GBPUSD,H1: Failed modifying USDJPY
0	18:05:46.168	trend_dtrader GBPUSD,H1: Failed modifying USDJPY
0	18:05:47.167	trend_dtrader GBPUSD,H1: Failed modifying USDJPY
0	18:05:48.168	trend_dtrader GBPUSD,H1: Failed modifying USDJPY
0	18:05:49.168	trend_dtrader GBPUSD,H1: Failed modifying USDJPY
0	18:05:50.167	trend_dtrader GBPUSD,H1: Failed modifying USDJPY
0	18:05:51.168	trend_dtrader GBPUSD,H1: Failed modifying USDJPY
0	18:05:52.167	trend_dtrader GBPUSD,H1: Failed modifying USDJPY
0	18:05:53.167	trend_dtrader GBPUSD,H1: Failed modifying USDJPY
0	18:05:54.167	trend_dtrader GBPUSD,H1: Failed modifying USDJPY
0	18:05:55.167	trend_dtrader GBPUSD,H1: Failed modifying USDJPY
0	18:05:56.167	trend_dtrader GBPUSD,H1: Failed modifying USDJPY
0	18:05:57.167	trend_dtrader GBPUSD,H1: Failed modifying USDJPY
0	18:05:58.167	trend_dtrader GBPUSD,H1: Failed modifying USDJPY
0	18:05:59.166	trend_dtrader GBPUSD,H1: Failed modifying USDJPY
0	18:06:00.167	trend_dtrader GBPUSD,H1: Failed modifying USDJPY
0	18:06:01.167	trend_dtrader GBPUSD,H1: Failed modifying USDJPY
0	18:06:02.167	trend_dtrader GBPUSD,H1: Failed modifying USDJPY
0	18:06:03.167	trend_dtrader GBPUSD,H1: Failed modifying USDJPY
0	18:06:04.166	trend_dtrader GBPUSD,H1: Failed modifying USDJPY
0	18:06:05.167	trend_dtrader GBPUSD,H1: Failed modifying USDJPY
0	18:06:06.167	trend_dtrader GBPUSD,H1: Failed modifying USDJPY
0	18:06:07.166	trend_dtrader GBPUSD,H1: Failed modifying USDJPY
0	18:06:08.167	trend_dtrader GBPUSD,H1: Failed modifying USDJPY
0	18:06:09.166	trend_dtrader GBPUSD,H1: Failed modifying USDJPY
0	18:06:10.167	trend_dtrader GBPUSD,H1: Failed modifying USDJPY
0	18:06:11.167	trend_dtrader GBPUSD,H1: Failed modifying USDJPY
0	18:06:12.183	trend_dtrader GBPUSD,H1: Failed modifying USDJPY
0	18:06:13.166	trend_dtrader GBPUSD,H1: Failed modifying USDJPY
0	18:06:14.166	trend_dtrader GBPUSD,H1: Failed modifying USDJPY
0	18:06:15.166	trend_dtrader GBPUSD,H1: Failed modifying USDJPY
0	18:06:16.166	trend_dtrader GBPUSD,H1: Failed modifying USDJPY
0	18:06:17.166	trend_dtrader GBPUSD,H1: Failed modifying USDJPY
0	18:06:18.166	trend_dtrader GBPUSD,H1: Failed modifying USDJPY
0	18:06:19.165	trend_dtrader GBPUSD,H1: Failed modifying USDJPY
0	18:06:20.165	trend_dtrader GBPUSD,H1: Failed modifying USDJPY
0	18:06:21.166	trend_dtrader GBPUSD,H1: Failed modifying USDJPY
0	18:06:22.166	trend_dtrader GBPUSD,H1: Failed modifying USDJPY
0	18:06:23.166	trend_dtrader GBPUSD,H1: Failed modifying USDJPY
0	18:06:24.167	trend_dtrader GBPUSD,H1: Failed modifying USDJPY
0	18:06:25.165	trend_dtrader GBPUSD,H1: Failed modifying USDJPY
0	18:06:26.165	trend_dtrader GBPUSD,H1: Failed modifying USDJPY
0	18:06:27.166	trend_dtrader GBPUSD,H1: Failed modifying USDJPY
0	18:06:28.166	trend_dtrader GBPUSD,H1: Failed modifying USDJPY
0	18:06:29.165	trend_dtrader GBPUSD,H1: Failed modifying USDJPY
0	18:06:30.178	trend_dtrader GBPUSD,H1: Failed modifying USDJPY
0	18:06:31.165	trend_dtrader GBPUSD,H1: Failed modifying USDJPY
0	18:06:32.165	trend_dtrader GBPUSD,H1: Failed modifying USDJPY
0	18:06:33.164	trend_dtrader GBPUSD,H1: Failed modifying USDJPY
0	18:06:34.166	trend_dtrader GBPUSD,H1: Failed modifying USDJPY
0	18:06:35.169	trend_dtrader GBPUSD,H1: Failed modifying USDJPY
0	18:06:36.193	trend_dtrader GBPUSD,H1: Failed modifying USDJPY
0	18:06:37.174	trend_dtrader GBPUSD,H1: Failed modifying USDJPY
0	18:06:38.177	trend_dtrader GBPUSD,H1: Failed modifying USDJPY
0	18:06:39.179	trend_dtrader GBPUSD,H1: Failed modifying USDJPY
0	18:06:40.189	trend_dtrader GBPUSD,H1: Failed modifying USDJPY
0	18:06:41.183	trend_dtrader GBPUSD,H1: Failed modifying USDJPY
0	18:06:42.185	trend_dtrader GBPUSD,H1: Failed modifying USDJPY
0	18:06:43.186	trend_dtrader GBPUSD,H1: Failed modifying USDJPY
0	18:06:44.188	trend_dtrader GBPUSD,H1: Failed modifying USDJPY
0	18:06:45.190	trend_dtrader GBPUSD,H1: Failed modifying USDJPY
0	18:06:46.192	trend_dtrader GBPUSD,H1: Failed modifying USDJPY
0	18:06:47.192	trend_dtrader GBPUSD,H1: Failed modifying USDJPY
0	18:06:48.194	trend_dtrader GBPUSD,H1: Failed modifying USDJPY
0	18:06:49.195	trend_dtrader GBPUSD,H1: Failed modifying USDJPY
0	18:06:50.196	trend_dtrader GBPUSD,H1: Failed modifying USDJPY
0	18:06:51.197	trend_dtrader GBPUSD,H1: Failed modifying USDJPY
0	18:06:52.198	trend_dtrader GBPUSD,H1: Failed modifying USDJPY
0	18:06:53.199	trend_dtrader GBPUSD,H1: Failed modifying USDJPY
0	18:06:54.200	trend_dtrader GBPUSD,H1: Failed modifying USDJPY
0	18:06:55.200	trend_dtrader GBPUSD,H1: Failed modifying USDJPY
0	18:06:56.202	trend_dtrader GBPUSD,H1: Failed modifying USDJPY
0	18:06:57.202	trend_dtrader GBPUSD,H1: Failed modifying USDJPY
0	18:06:58.202	trend_dtrader GBPUSD,H1: Failed modifying USDJPY
0	18:06:59.204	trend_dtrader GBPUSD,H1: Failed modifying USDJPY
0	18:07:00.203	trend_dtrader GBPUSD,H1: Failed modifying USDJPY
0	18:07:01.204	trend_dtrader GBPUSD,H1: Failed modifying USDJPY
0	18:07:02.205	trend_dtrader GBPUSD,H1: Failed modifying USDJPY
0	18:07:03.206	trend_dtrader GBPUSD,H1: Failed modifying USDJPY
0	18:07:04.205	trend_dtrader GBPUSD,H1: Failed modifying USDJPY
0	18:07:05.207	trend_dtrader GBPUSD,H1: Failed modifying USDJPY
0	18:07:06.207	trend_dtrader GBPUSD,H1: Failed modifying USDJPY
0	18:07:07.230	trend_dtrader GBPUSD,H1: Failed modifying USDJPY
0	18:07:08.209	trend_dtrader GBPUSD,H1: Failed modifying USDJPY
0	18:07:09.207	trend_dtrader GBPUSD,H1: Failed modifying USDJPY
0	18:07:10.236	trend_dtrader GBPUSD,H1: Failed modifying USDJPY
0	18:07:11.207	trend_dtrader GBPUSD,H1: Failed modifying USDJPY
0	18:07:12.207	trend_dtrader GBPUSD,H1: Failed modifying USDJPY
0	18:07:13.208	trend_dtrader GBPUSD,H1: Failed modifying USDJPY
0	18:07:14.208	trend_dtrader GBPUSD,H1: Failed modifying USDJPY
0	18:07:15.232	trend_dtrader GBPUSD,H1: Failed modifying USDJPY
0	18:07:16.209	trend_dtrader GBPUSD,H1: Failed modifying USDJPY
0	18:07:17.209	trend_dtrader GBPUSD,H1: Failed modifying USDJPY
0	18:07:18.209	trend_dtrader GBPUSD,H1: Failed modifying USDJPY
0	18:07:19.210	trend_dtrader GBPUSD,H1: Failed modifying USDJPY
0	18:07:20.209	trend_dtrader GBPUSD,H1: Failed modifying USDJPY
0	18:07:21.209	trend_dtrader GBPUSD,H1: Failed modifying USDJPY
0	18:07:22.209	trend_dtrader GBPUSD,H1: Failed modifying USDJPY
0	18:07:23.210	trend_dtrader GBPUSD,H1: Failed modifying USDJPY
0	18:07:24.210	trend_dtrader GBPUSD,H1: Failed modifying USDJPY
0	18:07:25.210	trend_dtrader GBPUSD,H1: Failed modifying USDJPY
0	18:07:26.210	trend_dtrader GBPUSD,H1: Failed modifying USDJPY
0	18:07:27.210	trend_dtrader GBPUSD,H1: Failed modifying USDJPY
0	18:07:28.211	trend_dtrader GBPUSD,H1: Failed modifying USDJPY
0	18:07:29.210	trend_dtrader GBPUSD,H1: Failed modifying USDJPY
0	18:07:30.210	trend_dtrader GBPUSD,H1: Failed modifying USDJPY
0	18:07:31.210	trend_dtrader GBPUSD,H1: Failed modifying USDJPY
0	18:07:32.210	trend_dtrader GBPUSD,H1: Failed modifying USDJPY
0	18:07:33.210	trend_dtrader GBPUSD,H1: Failed modifying USDJPY
0	18:07:34.210	trend_dtrader GBPUSD,H1: Failed modifying USDJPY
0	18:07:35.210	trend_dtrader GBPUSD,H1: Failed modifying USDJPY
0	18:07:36.210	trend_dtrader GBPUSD,H1: Failed modifying USDJPY
0	18:07:37.210	trend_dtrader GBPUSD,H1: Failed modifying USDJPY
0	18:07:38.210	trend_dtrader GBPUSD,H1: Failed modifying USDJPY
0	18:07:39.211	trend_dtrader GBPUSD,H1: Failed modifying USDJPY
0	18:07:40.210	trend_dtrader GBPUSD,H1: Failed modifying USDJPY
0	18:07:41.232	trend_dtrader GBPUSD,H1: Failed modifying USDJPY
0	18:07:42.211	trend_dtrader GBPUSD,H1: Failed modifying USDJPY
0	18:07:43.210	trend_dtrader GBPUSD,H1: Failed modifying USDJPY
0	18:07:44.211	trend_dtrader GBPUSD,H1: Failed modifying USDJPY
0	18:07:45.210	trend_dtrader GBPUSD,H1: Failed modifying USDJPY
0	18:07:46.210	trend_dtrader GBPUSD,H1: Failed modifying USDJPY
0	18:07:47.211	trend_dtrader GBPUSD,H1: Failed modifying USDJPY
0	18:07:48.231	trend_dtrader GBPUSD,H1: Failed modifying USDJPY
0	18:07:49.211	trend_dtrader GBPUSD,H1: Failed modifying USDJPY
0	18:07:50.221	trend_dtrader GBPUSD,H1: Failed modifying USDJPY
0	18:07:51.211	trend_dtrader GBPUSD,H1: Failed modifying USDJPY
0	18:07:52.218	trend_dtrader GBPUSD,H1: Failed modifying USDJPY
0	18:07:53.212	trend_dtrader GBPUSD,H1: Failed modifying USDJPY
0	18:07:54.210	trend_dtrader GBPUSD,H1: Failed modifying USDJPY
0	18:07:55.213	trend_dtrader GBPUSD,H1: Failed modifying USDJPY
0	18:07:56.230	trend_dtrader GBPUSD,H1: Failed modifying USDJPY
0	18:07:57.209	trend_dtrader GBPUSD,H1: Failed modifying USDJPY
0	18:07:58.209	trend_dtrader GBPUSD,H1: Failed modifying USDJPY
0	18:07:59.210	trend_dtrader GBPUSD,H1: Failed modifying USDJPY
0	18:08:00.210	trend_dtrader GBPUSD,H1: Failed modifying USDJPY
0	18:08:01.211	trend_dtrader GBPUSD,H1: Failed modifying USDJPY
0	18:08:02.210	trend_dtrader GBPUSD,H1: Failed modifying USDJPY
0	18:08:03.226	trend_dtrader GBPUSD,H1: Failed modifying USDJPY
0	18:08:04.209	trend_dtrader GBPUSD,H1: Failed modifying USDJPY
0	18:08:05.210	trend_dtrader GBPUSD,H1: Failed modifying USDJPY
0	18:08:06.209	trend_dtrader GBPUSD,H1: Failed modifying USDJPY
0	18:08:07.209	trend_dtrader GBPUSD,H1: Failed modifying USDJPY
0	18:08:08.209	trend_dtrader GBPUSD,H1: Failed modifying USDJPY
0	18:08:09.209	trend_dtrader GBPUSD,H1: Failed modifying USDJPY
0	18:08:10.210	trend_dtrader GBPUSD,H1: Failed modifying USDJPY
0	18:08:11.210	trend_dtrader GBPUSD,H1: Failed modifying USDJPY
0	18:08:12.209	trend_dtrader GBPUSD,H1: Failed modifying USDJPY
0	18:08:13.209	trend_dtrader GBPUSD,H1: Failed modifying USDJPY
0	18:08:14.209	trend_dtrader GBPUSD,H1: Failed modifying USDJPY
0	18:08:15.209	trend_dtrader GBPUSD,H1: Failed modifying USDJPY
0	18:08:16.223	trend_dtrader GBPUSD,H1: Failed modifying USDJPY
0	18:08:17.214	trend_dtrader GBPUSD,H1: Failed modifying USDJPY
0	18:08:18.208	trend_dtrader GBPUSD,H1: Failed modifying USDJPY
0	18:08:19.209	trend_dtrader GBPUSD,H1: Failed modifying USDJPY
0	18:08:20.210	trend_dtrader GBPUSD,H1: Failed modifying USDJPY
0	18:08:21.209	trend_dtrader GBPUSD,H1: Failed modifying USDJPY
0	18:08:22.208	trend_dtrader GBPUSD,H1: Failed modifying USDJPY
0	18:08:23.209	trend_dtrader GBPUSD,H1: Failed modifying USDJPY
0	18:08:24.231	trend_dtrader GBPUSD,H1: Failed modifying USDJPY
0	18:08:25.209	trend_dtrader GBPUSD,H1: Failed modifying USDJPY
0	18:08:26.209	trend_dtrader GBPUSD,H1: Failed modifying USDJPY
0	18:08:27.210	trend_dtrader GBPUSD,H1: Failed modifying USDJPY
0	18:08:28.208	trend_dtrader GBPUSD,H1: Failed modifying USDJPY
0	18:08:29.208	trend_dtrader GBPUSD,H1: Failed modifying USDJPY
0	18:08:30.208	trend_dtrader GBPUSD,H1: Failed modifying USDJPY
0	18:08:31.238	trend_dtrader GBPUSD,H1: Failed modifying USDJPY
0	18:08:32.210	trend_dtrader GBPUSD,H1: Failed modifying USDJPY
0	18:08:33.208	trend_dtrader GBPUSD,H1: Failed modifying USDJPY
0	18:08:34.209	trend_dtrader GBPUSD,H1: Failed modifying USDJPY
0	18:08:35.209	trend_dtrader GBPUSD,H1: Failed modifying USDJPY
0	18:08:36.208	trend_dtrader GBPUSD,H1: Failed modifying USDJPY
0	18:08:37.208	trend_dtrader GBPUSD,H1: Failed modifying USDJPY
0	18:08:38.208	trend_dtrader GBPUSD,H1: Failed modifying USDJPY
0	18:08:39.207	trend_dtrader GBPUSD,H1: Failed modifying USDJPY
0	18:08:40.309	trend_dtrader GBPUSD,H1: Failed modifying USDJPY
0	18:08:41.208	trend_dtrader GBPUSD,H1: Failed modifying USDJPY
0	18:08:42.207	trend_dtrader GBPUSD,H1: Failed modifying USDJPY
0	18:08:43.207	trend_dtrader GBPUSD,H1: Failed modifying USDJPY
0	18:08:44.208	trend_dtrader GBPUSD,H1: Failed modifying USDJPY
0	18:08:45.208	trend_dtrader GBPUSD,H1: Failed modifying USDJPY
0	18:08:46.207	trend_dtrader GBPUSD,H1: Failed modifying USDJPY
0	18:08:47.208	trend_dtrader GBPUSD,H1: Failed modifying USDJPY
0	18:08:48.207	trend_dtrader GBPUSD,H1: Failed modifying USDJPY
0	18:08:49.207	trend_dtrader GBPUSD,H1: Failed modifying USDJPY
0	18:08:50.208	trend_dtrader GBPUSD,H1: Failed modifying USDJPY
0	18:08:51.207	trend_dtrader GBPUSD,H1: Failed modifying USDJPY
0	18:08:52.213	trend_dtrader GBPUSD,H1: Failed modifying USDJPY
0	18:08:53.207	trend_dtrader GBPUSD,H1: Failed modifying USDJPY
0	18:08:54.207	trend_dtrader GBPUSD,H1: Failed modifying USDJPY
0	18:08:55.208	trend_dtrader GBPUSD,H1: Failed modifying USDJPY
0	18:08:56.207	trend_dtrader GBPUSD,H1: Failed modifying USDJPY
0	18:08:57.207	trend_dtrader GBPUSD,H1: Failed modifying USDJPY
0	18:08:58.207	trend_dtrader GBPUSD,H1: Failed modifying USDJPY
0	18:08:59.207	trend_dtrader GBPUSD,H1: Failed modifying USDJPY
0	18:09:00.207	trend_dtrader GBPUSD,H1: Failed modifying USDJPY
0	18:09:01.207	trend_dtrader GBPUSD,H1: Failed modifying USDJPY
0	18:09:02.207	trend_dtrader GBPUSD,H1: Failed modifying USDJPY
0	18:09:03.207	trend_dtrader GBPUSD,H1: Failed modifying USDJPY
0	18:09:04.207	trend_dtrader GBPUSD,H1: Failed modifying USDJPY
0	18:09:05.226	trend_dtrader GBPUSD,H1: Failed modifying USDJPY
0	18:09:06.207	trend_dtrader GBPUSD,H1: Failed modifying USDJPY
0	18:09:07.207	trend_dtrader GBPUSD,H1: Failed modifying USDJPY
0	18:09:08.206	trend_dtrader GBPUSD,H1: Failed modifying USDJPY
0	18:09:09.207	trend_dtrader GBPUSD,H1: Failed modifying USDJPY
0	18:09:10.297	trend_dtrader GBPUSD,H1: Failed modifying USDJPY
0	18:09:11.268	trend_dtrader GBPUSD,H1: Failed modifying USDJPY
0	18:09:12.206	trend_dtrader GBPUSD,H1: Failed modifying USDJPY
0	18:09:13.206	trend_dtrader GBPUSD,H1: Failed modifying USDJPY
0	18:09:14.207	trend_dtrader GBPUSD,H1: Failed modifying USDJPY
0	18:09:15.206	trend_dtrader GBPUSD,H1: Failed modifying USDJPY
0	18:09:16.207	trend_dtrader GBPUSD,H1: Failed modifying USDJPY
0	18:09:17.221	trend_dtrader GBPUSD,H1: Failed modifying USDJPY
0	18:09:18.206	trend_dtrader GBPUSD,H1: Failed modifying USDJPY
0	18:09:19.207	trend_dtrader GBPUSD,H1: Failed modifying USDJPY
0	18:09:20.206	trend_dtrader GBPUSD,H1: Failed modifying USDJPY
0	18:09:21.206	trend_dtrader GBPUSD,H1: Failed modifying USDJPY
0	18:09:22.205	trend_dtrader GBPUSD,H1: Failed modifying USDJPY
0	18:09:23.207	trend_dtrader GBPUSD,H1: Failed modifying USDJPY
0	18:09:24.206	trend_dtrader GBPUSD,H1: Failed modifying USDJPY
0	18:09:25.206	trend_dtrader GBPUSD,H1: Failed modifying USDJPY
0	18:09:26.206	trend_dtrader GBPUSD,H1: Failed modifying USDJPY
0	18:09:27.206	trend_dtrader GBPUSD,H1: Failed modifying USDJPY
0	18:09:28.205	trend_dtrader GBPUSD,H1: Failed modifying USDJPY
0	18:09:29.207	trend_dtrader GBPUSD,H1: Failed modifying USDJPY
0	18:09:30.206	trend_dtrader GBPUSD,H1: Failed modifying USDJPY
0	18:09:31.206	trend_dtrader GBPUSD,H1: Failed modifying USDJPY
0	18:09:32.206	trend_dtrader GBPUSD,H1: Failed modifying USDJPY
0	18:09:33.206	trend_dtrader GBPUSD,H1: Failed modifying USDJPY
0	18:09:34.206	trend_dtrader GBPUSD,H1: Failed modifying USDJPY
0	18:09:35.205	trend_dtrader GBPUSD,H1: Failed modifying USDJPY
0	18:09:36.205	trend_dtrader GBPUSD,H1: Failed modifying USDJPY
0	18:09:37.208	trend_dtrader GBPUSD,H1: Failed modifying USDJPY
0	18:09:38.205	trend_dtrader GBPUSD,H1: Failed modifying USDJPY
0	18:09:39.228	trend_dtrader GBPUSD,H1: Failed modifying USDJPY
0	18:09:40.205	trend_dtrader GBPUSD,H1: Failed modifying USDJPY
0	18:09:41.205	trend_dtrader GBPUSD,H1: Failed modifying USDJPY
0	18:09:42.205	trend_dtrader GBPUSD,H1: Failed modifying USDJPY
0	18:09:43.206	trend_dtrader GBPUSD,H1: Failed modifying USDJPY
0	18:09:44.220	trend_dtrader GBPUSD,H1: Failed modifying USDJPY
0	18:09:45.205	trend_dtrader GBPUSD,H1: Failed modifying USDJPY
0	18:09:46.204	trend_dtrader GBPUSD,H1: Failed modifying USDJPY
0	18:09:47.204	trend_dtrader GBPUSD,H1: Failed modifying USDJPY
0	18:09:48.205	trend_dtrader GBPUSD,H1: Failed modifying USDJPY
0	18:09:49.205	trend_dtrader GBPUSD,H1: Failed modifying USDJPY
0	18:09:50.204	trend_dtrader GBPUSD,H1: Failed modifying USDJPY
0	18:09:51.204	trend_dtrader GBPUSD,H1: Failed modifying USDJPY
0	18:09:52.205	trend_dtrader GBPUSD,H1: Failed modifying USDJPY
0	18:09:53.205	trend_dtrader GBPUSD,H1: Failed modifying USDJPY
0	18:09:54.204	trend_dtrader GBPUSD,H1: Failed modifying USDJPY
0	18:09:55.205	trend_dtrader GBPUSD,H1: Failed modifying USDJPY
0	18:09:56.204	trend_dtrader GBPUSD,H1: Failed modifying USDJPY
0	18:09:57.204	trend_dtrader GBPUSD,H1: Failed modifying USDJPY
0	18:09:58.205	trend_dtrader GBPUSD,H1: Failed modifying USDJPY
0	18:09:59.204	trend_dtrader GBPUSD,H1: Failed modifying USDJPY
0	18:10:00.212	trend_dtrader GBPUSD,H1: Failed modifying USDJPY
0	18:10:01.204	trend_dtrader GBPUSD,H1: Failed modifying USDJPY
0	18:10:02.205	trend_dtrader GBPUSD,H1: Failed modifying USDJPY
0	18:10:03.204	trend_dtrader GBPUSD,H1: Failed modifying USDJPY
0	18:10:04.204	trend_dtrader GBPUSD,H1: Failed modifying USDJPY
0	18:10:05.204	trend_dtrader GBPUSD,H1: Failed modifying USDJPY
0	18:10:06.204	trend_dtrader GBPUSD,H1: Failed modifying USDJPY
0	18:10:07.204	trend_dtrader GBPUSD,H1: Failed modifying USDJPY
0	18:10:08.204	trend_dtrader GBPUSD,H1: Failed modifying USDJPY
0	18:10:09.203	trend_dtrader GBPUSD,H1: Failed modifying USDJPY
0	18:10:10.204	trend_dtrader GBPUSD,H1: Failed modifying USDJPY
0	18:10:11.204	trend_dtrader GBPUSD,H1: Failed modifying USDJPY
0	18:10:12.203	trend_dtrader GBPUSD,H1: Failed modifying USDJPY
0	18:10:13.204	trend_dtrader GBPUSD,H1: Failed modifying USDJPY
0	18:10:14.204	trend_dtrader GBPUSD,H1: Failed modifying USDJPY
0	18:10:15.203	trend_dtrader GBPUSD,H1: Failed modifying USDJPY
0	18:10:16.203	trend_dtrader GBPUSD,H1: Failed modifying USDJPY
0	18:10:17.204	trend_dtrader GBPUSD,H1: Failed modifying USDJPY
0	18:10:18.203	trend_dtrader GBPUSD,H1: Failed modifying USDJPY
0	18:10:19.203	trend_dtrader GBPUSD,H1: Failed modifying USDJPY
0	18:10:20.203	trend_dtrader GBPUSD,H1: Failed modifying USDJPY
0	18:10:21.203	trend_dtrader GBPUSD,H1: Failed modifying USDJPY
0	18:10:22.203	trend_dtrader GBPUSD,H1: Failed modifying USDJPY
0	18:10:23.204	trend_dtrader GBPUSD,H1: Failed modifying USDJPY
0	18:10:24.203	trend_dtrader GBPUSD,H1: Failed modifying USDJPY
0	18:10:25.203	trend_dtrader GBPUSD,H1: Failed modifying USDJPY
0	18:10:26.203	trend_dtrader GBPUSD,H1: Failed modifying USDJPY
0	18:10:27.203	trend_dtrader GBPUSD,H1: Failed modifying USDJPY
0	18:10:28.204	trend_dtrader GBPUSD,H1: Failed modifying USDJPY
0	18:10:29.203	trend_dtrader GBPUSD,H1: Failed modifying USDJPY
0	18:10:30.203	trend_dtrader GBPUSD,H1: Failed modifying USDJPY
0	18:10:31.202	trend_dtrader GBPUSD,H1: Failed modifying USDJPY
0	18:10:32.203	trend_dtrader GBPUSD,H1: Failed modifying USDJPY
0	18:10:33.202	trend_dtrader GBPUSD,H1: Failed modifying USDJPY
0	18:10:34.203	trend_dtrader GBPUSD,H1: Failed modifying USDJPY
0	18:10:35.203	trend_dtrader GBPUSD,H1: Failed modifying USDJPY
0	18:10:36.215	trend_dtrader GBPUSD,H1: Failed modifying USDJPY
0	18:10:37.225	trend_dtrader GBPUSD,H1: Failed modifying USDJPY
0	18:10:38.202	trend_dtrader GBPUSD,H1: Failed modifying USDJPY
0	18:10:39.202	trend_dtrader GBPUSD,H1: Failed modifying USDJPY
0	18:10:40.203	trend_dtrader GBPUSD,H1: Failed modifying USDJPY
0	18:10:41.202	trend_dtrader GBPUSD,H1: Failed modifying USDJPY
0	18:10:42.202	trend_dtrader GBPUSD,H1: Failed modifying USDJPY
0	18:10:43.203	trend_dtrader GBPUSD,H1: Failed modifying USDJPY
0	18:10:44.247	trend_dtrader GBPUSD,H1: Failed modifying USDJPY
0	18:10:45.201	trend_dtrader GBPUSD,H1: Failed modifying USDJPY
0	18:10:46.202	trend_dtrader GBPUSD,H1: Failed modifying USDJPY
0	18:10:47.204	trend_dtrader GBPUSD,H1: Failed modifying USDJPY
0	18:10:48.202	trend_dtrader GBPUSD,H1: Failed modifying USDJPY
0	18:10:49.202	trend_dtrader GBPUSD,H1: Failed modifying USDJPY
0	18:10:50.201	trend_dtrader GBPUSD,H1: Failed modifying USDJPY
0	18:10:51.203	trend_dtrader GBPUSD,H1: Failed modifying USDJPY
0	18:10:52.201	trend_dtrader GBPUSD,H1: Failed modifying USDJPY
0	18:10:53.202	trend_dtrader GBPUSD,H1: Failed modifying USDJPY
0	18:10:54.201	trend_dtrader GBPUSD,H1: Failed modifying USDJPY
0	18:10:55.201	trend_dtrader GBPUSD,H1: Failed modifying USDJPY
0	18:10:56.201	trend_dtrader GBPUSD,H1: Failed modifying USDJPY
0	18:10:57.201	trend_dtrader GBPUSD,H1: Failed modifying USDJPY
0	18:10:58.202	trend_dtrader GBPUSD,H1: Failed modifying USDJPY
0	18:10:59.202	trend_dtrader GBPUSD,H1: Failed modifying USDJPY
0	18:11:00.240	trend_dtrader GBPUSD,H1: Failed modifying USDJPY
0	18:11:01.202	trend_dtrader GBPUSD,H1: Failed modifying USDJPY
0	18:11:02.201	trend_dtrader GBPUSD,H1: Failed modifying USDJPY
0	18:11:03.202	trend_dtrader GBPUSD,H1: Failed modifying USDJPY
0	18:11:04.202	trend_dtrader GBPUSD,H1: Failed modifying USDJPY
0	18:11:05.202	trend_dtrader GBPUSD,H1: Failed modifying USDJPY
0	18:11:06.201	trend_dtrader GBPUSD,H1: Failed modifying USDJPY
0	18:11:07.201	trend_dtrader GBPUSD,H1: Failed modifying USDJPY
0	18:11:08.201	trend_dtrader GBPUSD,H1: Failed modifying USDJPY
0	18:11:09.201	trend_dtrader GBPUSD,H1: Failed modifying USDJPY
0	18:11:10.200	trend_dtrader GBPUSD,H1: Failed modifying USDJPY
0	18:11:11.201	trend_dtrader GBPUSD,H1: Failed modifying USDJPY
0	18:11:12.201	trend_dtrader GBPUSD,H1: Failed modifying USDJPY
0	18:11:13.201	trend_dtrader GBPUSD,H1: Failed modifying USDJPY
0	18:11:14.200	trend_dtrader GBPUSD,H1: Failed modifying USDJPY
0	18:11:15.200	trend_dtrader GBPUSD,H1: Failed modifying USDJPY
0	18:11:16.201	trend_dtrader GBPUSD,H1: Failed modifying USDJPY
0	18:11:17.200	trend_dtrader GBPUSD,H1: Failed modifying USDJPY
0	18:11:18.200	trend_dtrader GBPUSD,H1: Failed modifying USDJPY
0	18:11:19.200	trend_dtrader GBPUSD,H1: Failed modifying USDJPY
0	18:11:20.201	trend_dtrader GBPUSD,H1: Failed modifying USDJPY
0	18:11:21.201	trend_dtrader GBPUSD,H1: Failed modifying USDJPY
0	18:11:22.200	trend_dtrader GBPUSD,H1: Failed modifying USDJPY
0	18:11:23.201	trend_dtrader GBPUSD,H1: Failed modifying USDJPY
0	18:11:24.200	trend_dtrader GBPUSD,H1: Failed modifying USDJPY
0	18:11:25.201	trend_dtrader GBPUSD,H1: Failed modifying USDJPY
0	18:11:26.200	trend_dtrader GBPUSD,H1: Failed modifying USDJPY
0	18:11:27.200	trend_dtrader GBPUSD,H1: Failed modifying USDJPY
0	18:11:28.200	trend_dtrader GBPUSD,H1: Failed modifying USDJPY
0	18:11:29.200	trend_dtrader GBPUSD,H1: Failed modifying USDJPY
0	18:11:30.200	trend_dtrader GBPUSD,H1: Failed modifying USDJPY
0	18:11:31.200	trend_dtrader GBPUSD,H1: Failed modifying USDJPY
0	18:11:32.200	trend_dtrader GBPUSD,H1: Failed modifying USDJPY
0	18:11:33.199	trend_dtrader GBPUSD,H1: Failed modifying USDJPY
0	18:11:34.205	trend_dtrader GBPUSD,H1: Failed modifying USDJPY
0	18:11:35.200	trend_dtrader GBPUSD,H1: Failed modifying USDJPY
0	18:11:36.200	trend_dtrader GBPUSD,H1: Failed modifying USDJPY
0	18:11:37.199	trend_dtrader GBPUSD,H1: Failed modifying USDJPY
0	18:11:38.200	trend_dtrader GBPUSD,H1: Failed modifying USDJPY
0	18:11:39.200	trend_dtrader GBPUSD,H1: Failed modifying USDJPY
0	18:11:40.199	trend_dtrader GBPUSD,H1: Failed modifying USDJPY
0	18:11:41.199	trend_dtrader GBPUSD,H1: Failed modifying USDJPY
0	18:11:42.199	trend_dtrader GBPUSD,H1: Failed modifying USDJPY
0	18:11:43.199	trend_dtrader GBPUSD,H1: Failed modifying USDJPY
0	18:11:44.199	trend_dtrader GBPUSD,H1: Failed modifying USDJPY
0	18:11:45.199	trend_dtrader GBPUSD,H1: Failed modifying USDJPY
0	18:11:46.199	trend_dtrader GBPUSD,H1: Failed modifying USDJPY
0	18:11:47.199	trend_dtrader GBPUSD,H1: Failed modifying USDJPY
0	18:11:48.199	trend_dtrader GBPUSD,H1: Failed modifying USDJPY
0	18:11:49.219	trend_dtrader GBPUSD,H1: Failed modifying USDJPY
0	18:11:50.199	trend_dtrader GBPUSD,H1: Failed modifying USDJPY
0	18:11:51.199	trend_dtrader GBPUSD,H1: Failed modifying USDJPY
0	18:11:52.199	trend_dtrader GBPUSD,H1: Failed modifying USDJPY
0	18:11:53.200	trend_dtrader GBPUSD,H1: Failed modifying USDJPY
0	18:11:54.199	trend_dtrader GBPUSD,H1: Failed modifying USDJPY
0	18:11:55.199	trend_dtrader GBPUSD,H1: Failed modifying USDJPY
0	18:11:56.216	trend_dtrader GBPUSD,H1: Failed modifying USDJPY
0	18:11:57.209	trend_dtrader GBPUSD,H1: Failed modifying USDJPY
0	18:11:58.199	trend_dtrader GBPUSD,H1: Failed modifying USDJPY
0	18:11:59.199	trend_dtrader GBPUSD,H1: Failed modifying USDJPY
0	18:12:00.198	trend_dtrader GBPUSD,H1: Failed modifying USDJPY
0	18:12:01.199	trend_dtrader GBPUSD,H1: Failed modifying USDJPY
0	18:12:02.199	trend_dtrader GBPUSD,H1: Failed modifying USDJPY
0	18:12:03.198	trend_dtrader GBPUSD,H1: Failed modifying USDJPY
0	18:12:04.209	trend_dtrader GBPUSD,H1: Failed modifying USDJPY
0	18:12:05.338	trend_dtrader GBPUSD,H1: Failed modifying USDJPY
0	18:12:06.199	trend_dtrader GBPUSD,H1: Failed modifying USDJPY
0	18:12:07.244	trend_dtrader GBPUSD,H1: Failed modifying USDJPY
0	18:12:08.198	trend_dtrader GBPUSD,H1: Failed modifying USDJPY
0	18:12:09.198	trend_dtrader GBPUSD,H1: Failed modifying USDJPY
0	18:12:10.198	trend_dtrader GBPUSD,H1: Failed modifying USDJPY
0	18:12:11.198	trend_dtrader GBPUSD,H1: Failed modifying USDJPY
0	18:12:12.198	trend_dtrader GBPUSD,H1: Failed modifying USDJPY
0	18:12:13.198	trend_dtrader GBPUSD,H1: Failed modifying USDJPY
0	18:12:14.198	trend_dtrader GBPUSD,H1: Failed modifying USDJPY
0	18:12:15.197	trend_dtrader GBPUSD,H1: Failed modifying USDJPY
0	18:12:16.198	trend_dtrader GBPUSD,H1: Failed modifying USDJPY
0	18:12:17.197	trend_dtrader GBPUSD,H1: Failed modifying USDJPY
0	18:12:18.198	trend_dtrader GBPUSD,H1: Failed modifying USDJPY
0	18:12:19.198	trend_dtrader GBPUSD,H1: Failed modifying USDJPY
0	18:12:20.198	trend_dtrader GBPUSD,H1: Failed modifying USDJPY
0	18:12:21.198	trend_dtrader GBPUSD,H1: Failed modifying USDJPY
0	18:12:22.198	trend_dtrader GBPUSD,H1: Failed modifying USDJPY
0	18:12:23.198	trend_dtrader GBPUSD,H1: Failed modifying USDJPY
0	18:12:24.197	trend_dtrader GBPUSD,H1: Failed modifying USDJPY
0	18:12:25.197	trend_dtrader GBPUSD,H1: Failed modifying USDJPY
0	18:12:26.198	trend_dtrader GBPUSD,H1: Failed modifying USDJPY
0	18:12:27.197	trend_dtrader GBPUSD,H1: Failed modifying USDJPY
0	18:12:28.197	trend_dtrader GBPUSD,H1: Failed modifying USDJPY
0	18:12:29.198	trend_dtrader GBPUSD,H1: Failed modifying USDJPY
0	18:12:30.198	trend_dtrader GBPUSD,H1: Failed modifying USDJPY
0	18:12:31.197	trend_dtrader GBPUSD,H1: Failed modifying USDJPY
0	18:12:32.198	trend_dtrader GBPUSD,H1: Failed modifying USDJPY
0	18:12:33.198	trend_dtrader GBPUSD,H1: Failed modifying USDJPY
0	18:12:34.197	trend_dtrader GBPUSD,H1: Failed modifying USDJPY
0	18:12:35.197	trend_dtrader GBPUSD,H1: Failed modifying USDJPY
0	18:12:36.197	trend_dtrader GBPUSD,H1: Failed modifying USDJPY
0	18:12:37.197	trend_dtrader GBPUSD,H1: Failed modifying USDJPY
0	18:12:38.197	trend_dtrader GBPUSD,H1: Failed modifying USDJPY
0	18:12:39.197	trend_dtrader GBPUSD,H1: Failed modifying USDJPY
0	18:12:40.196	trend_dtrader GBPUSD,H1: Failed modifying USDJPY
0	18:12:41.204	trend_dtrader GBPUSD,H1: Failed modifying USDJPY
0	18:12:42.212	trend_dtrader GBPUSD,H1: Failed modifying USDJPY
0	18:12:43.196	trend_dtrader GBPUSD,H1: Failed modifying USDJPY
0	18:12:44.231	trend_dtrader GBPUSD,H1: Failed modifying USDJPY
0	18:12:45.197	trend_dtrader GBPUSD,H1: Failed modifying USDJPY
0	18:12:46.206	trend_dtrader GBPUSD,H1: Failed modifying USDJPY
0	18:12:47.196	trend_dtrader GBPUSD,H1: Failed modifying USDJPY
0	18:12:48.196	trend_dtrader GBPUSD,H1: Failed modifying USDJPY
0	18:12:49.223	trend_dtrader GBPUSD,H1: Failed modifying USDJPY
0	18:12:50.196	trend_dtrader GBPUSD,H1: Failed modifying USDJPY
0	18:12:51.197	trend_dtrader GBPUSD,H1: Failed modifying USDJPY
0	18:12:52.196	trend_dtrader GBPUSD,H1: Failed modifying USDJPY
0	18:12:53.197	trend_dtrader GBPUSD,H1: Failed modifying USDJPY
0	18:12:54.197	trend_dtrader GBPUSD,H1: Failed modifying USDJPY
0	18:12:55.196	trend_dtrader GBPUSD,H1: Failed modifying USDJPY
0	18:12:56.196	trend_dtrader GBPUSD,H1: Failed modifying USDJPY
0	18:12:57.216	trend_dtrader GBPUSD,H1: Failed modifying USDJPY
0	18:12:58.197	trend_dtrader GBPUSD,H1: Failed modifying USDJPY
0	18:12:59.195	trend_dtrader GBPUSD,H1: Failed modifying USDJPY
0	18:13:00.226	trend_dtrader GBPUSD,H1: Failed modifying USDJPY
0	18:13:01.196	trend_dtrader GBPUSD,H1: Failed modifying USDJPY
0	18:13:02.196	trend_dtrader GBPUSD,H1: Failed modifying USDJPY
0	18:13:03.196	trend_dtrader GBPUSD,H1: Failed modifying USDJPY
0	18:13:04.195	trend_dtrader GBPUSD,H1: Failed modifying USDJPY
0	18:13:05.196	trend_dtrader GBPUSD,H1: Failed modifying USDJPY
0	18:13:06.195	trend_dtrader GBPUSD,H1: Failed modifying USDJPY
0	18:13:07.196	trend_dtrader GBPUSD,H1: Failed modifying USDJPY
0	18:13:08.196	trend_dtrader GBPUSD,H1: Failed modifying USDJPY
0	18:13:09.195	trend_dtrader GBPUSD,H1: Failed modifying USDJPY
0	18:13:10.195	trend_dtrader GBPUSD,H1: Failed modifying USDJPY
0	18:13:11.195	trend_dtrader GBPUSD,H1: Failed modifying USDJPY
0	18:13:12.216	trend_dtrader GBPUSD,H1: Failed modifying USDJPY
0	18:13:13.195	trend_dtrader GBPUSD,H1: Failed modifying USDJPY
0	18:13:14.196	trend_dtrader GBPUSD,H1: Failed modifying USDJPY
0	18:13:15.195	trend_dtrader GBPUSD,H1: Failed modifying USDJPY
0	18:13:16.195	trend_dtrader GBPUSD,H1: Failed modifying USDJPY
0	18:13:17.195	trend_dtrader GBPUSD,H1: Failed modifying USDJPY
0	18:13:18.195	trend_dtrader GBPUSD,H1: Failed modifying USDJPY
0	18:13:19.195	trend_dtrader GBPUSD,H1: Failed modifying USDJPY
0	18:13:20.196	trend_dtrader GBPUSD,H1: Failed modifying USDJPY
0	18:13:21.195	trend_dtrader GBPUSD,H1: Failed modifying USDJPY
0	18:13:22.195	trend_dtrader GBPUSD,H1: Failed modifying USDJPY
0	18:13:23.196	trend_dtrader GBPUSD,H1: Failed modifying USDJPY
0	18:13:24.214	trend_dtrader GBPUSD,H1: Failed modifying USDJPY
0	18:13:25.198	trend_dtrader GBPUSD,H1: Failed modifying USDJPY
0	18:13:26.195	trend_dtrader GBPUSD,H1: Failed modifying USDJPY
0	18:13:27.195	trend_dtrader GBPUSD,H1: Failed modifying USDJPY
0	18:13:28.195	trend_dtrader GBPUSD,H1: Failed modifying USDJPY
0	18:13:29.195	trend_dtrader GBPUSD,H1: Failed modifying USDJPY
0	18:13:30.208	trend_dtrader GBPUSD,H1: Failed modifying USDJPY
0	18:13:31.195	trend_dtrader GBPUSD,H1: Failed modifying USDJPY
0	18:13:32.195	trend_dtrader GBPUSD,H1: Failed modifying USDJPY
0	18:13:33.194	trend_dtrader GBPUSD,H1: Failed modifying USDJPY
0	18:13:34.197	trend_dtrader GBPUSD,H1: Failed modifying USDJPY
0	18:13:35.195	trend_dtrader GBPUSD,H1: Failed modifying USDJPY
0	18:13:36.194	trend_dtrader GBPUSD,H1: Failed modifying USDJPY
0	18:13:37.194	trend_dtrader GBPUSD,H1: Failed modifying USDJPY
0	18:13:38.194	trend_dtrader GBPUSD,H1: Failed modifying USDJPY
0	18:13:39.194	trend_dtrader GBPUSD,H1: Failed modifying USDJPY
0	18:13:40.195	trend_dtrader GBPUSD,H1: Failed modifying USDJPY
0	18:13:41.194	trend_dtrader GBPUSD,H1: Failed modifying USDJPY
0	18:13:42.194	trend_dtrader GBPUSD,H1: Failed modifying USDJPY
0	18:13:43.194	trend_dtrader GBPUSD,H1: Failed modifying USDJPY
0	18:13:44.204	trend_dtrader GBPUSD,H1: Failed modifying USDJPY
0	18:13:45.194	trend_dtrader GBPUSD,H1: Failed modifying USDJPY
0	18:13:46.194	trend_dtrader GBPUSD,H1: Failed modifying USDJPY
0	18:13:47.193	trend_dtrader GBPUSD,H1: Failed modifying USDJPY
0	18:13:48.194	trend_dtrader GBPUSD,H1: Failed modifying USDJPY
0	18:13:49.195	trend_dtrader GBPUSD,H1: Failed modifying USDJPY
0	18:13:50.194	trend_dtrader GBPUSD,H1: Failed modifying USDJPY
0	18:13:51.194	trend_dtrader GBPUSD,H1: Failed modifying USDJPY
0	18:13:52.193	trend_dtrader GBPUSD,H1: Failed modifying USDJPY
0	18:13:53.194	trend_dtrader GBPUSD,H1: Failed modifying USDJPY
0	18:13:54.194	trend_dtrader GBPUSD,H1: Failed modifying USDJPY
0	18:13:55.193	trend_dtrader GBPUSD,H1: Failed modifying USDJPY
0	18:13:56.194	trend_dtrader GBPUSD,H1: Failed modifying USDJPY
0	18:13:57.194	trend_dtrader GBPUSD,H1: Failed modifying USDJPY
0	18:13:58.192	trend_dtrader GBPUSD,H1: Failed modifying USDJPY
0	18:13:59.193	trend_dtrader GBPUSD,H1: Failed modifying USDJPY
0	18:14:00.193	trend_dtrader GBPUSD,H1: Failed modifying USDJPY
0	18:14:01.193	trend_dtrader GBPUSD,H1: Failed modifying USDJPY
0	18:14:02.193	trend_dtrader GBPUSD,H1: Failed modifying USDJPY
0	18:14:03.193	trend_dtrader GBPUSD,H1: Failed modifying USDJPY
0	18:14:04.193	trend_dtrader GBPUSD,H1: Failed modifying USDJPY
0	18:14:05.193	trend_dtrader GBPUSD,H1: Failed modifying USDJPY
0	18:14:06.193	trend_dtrader GBPUSD,H1: Failed modifying USDJPY
0	18:14:07.193	trend_dtrader GBPUSD,H1: Failed modifying USDJPY
0	18:14:08.193	trend_dtrader GBPUSD,H1: Failed modifying USDJPY
0	18:14:09.192	trend_dtrader GBPUSD,H1: Failed modifying USDJPY
0	18:14:10.192	trend_dtrader GBPUSD,H1: Failed modifying USDJPY
0	18:14:11.193	trend_dtrader GBPUSD,H1: Failed modifying USDJPY
0	18:14:12.192	trend_dtrader GBPUSD,H1: Failed modifying USDJPY
0	18:14:13.193	trend_dtrader GBPUSD,H1: Failed modifying USDJPY
0	18:14:14.193	trend_dtrader GBPUSD,H1: Failed modifying USDJPY
0	18:14:15.192	trend_dtrader GBPUSD,H1: Failed modifying USDJPY
0	18:14:16.192	trend_dtrader GBPUSD,H1: Failed modifying USDJPY
0	18:14:17.193	trend_dtrader GBPUSD,H1: Failed modifying USDJPY
0	18:14:18.192	trend_dtrader GBPUSD,H1: Failed modifying USDJPY
0	18:14:19.192	trend_dtrader GBPUSD,H1: Failed modifying USDJPY
0	18:14:20.192	trend_dtrader GBPUSD,H1: Failed modifying USDJPY
0	18:14:21.192	trend_dtrader GBPUSD,H1: Failed modifying USDJPY
0	18:14:22.193	trend_dtrader GBPUSD,H1: Failed modifying USDJPY
0	18:14:23.192	trend_dtrader GBPUSD,H1: Failed modifying USDJPY
0	18:14:24.192	trend_dtrader GBPUSD,H1: Failed modifying USDJPY
0	18:14:25.192	trend_dtrader GBPUSD,H1: Failed modifying USDJPY
0	18:14:26.205	trend_dtrader GBPUSD,H1: Failed modifying USDJPY
0	18:14:27.191	trend_dtrader GBPUSD,H1: Failed modifying USDJPY
0	18:14:28.192	trend_dtrader GBPUSD,H1: Failed modifying USDJPY
0	18:14:29.191	trend_dtrader GBPUSD,H1: Failed modifying USDJPY
0	18:14:30.192	trend_dtrader GBPUSD,H1: Failed modifying USDJPY
0	18:14:31.192	trend_dtrader GBPUSD,H1: Failed modifying USDJPY
0	18:14:32.192	trend_dtrader GBPUSD,H1: Failed modifying USDJPY
0	18:14:33.191	trend_dtrader GBPUSD,H1: Failed modifying USDJPY
0	18:14:34.192	trend_dtrader GBPUSD,H1: Failed modifying USDJPY
0	18:14:35.191	trend_dtrader GBPUSD,H1: Failed modifying USDJPY
0	18:14:36.192	trend_dtrader GBPUSD,H1: Failed modifying USDJPY
0	18:14:37.191	trend_dtrader GBPUSD,H1: Failed modifying USDJPY
0	18:14:38.192	trend_dtrader GBPUSD,H1: Failed modifying USDJPY
0	18:14:39.191	trend_dtrader GBPUSD,H1: Failed modifying USDJPY
0	18:14:40.191	trend_dtrader GBPUSD,H1: Failed modifying USDJPY
0	18:14:41.191	trend_dtrader GBPUSD,H1: Failed modifying USDJPY
0	18:14:42.191	trend_dtrader GBPUSD,H1: Failed modifying USDJPY
0	18:14:43.191	trend_dtrader GBPUSD,H1: Failed modifying USDJPY
0	18:14:44.192	trend_dtrader GBPUSD,H1: Failed modifying USDJPY
0	18:14:45.190	trend_dtrader GBPUSD,H1: Failed modifying USDJPY
0	18:14:46.190	trend_dtrader GBPUSD,H1: Failed modifying USDJPY
0	18:14:47.190	trend_dtrader GBPUSD,H1: Failed modifying USDJPY
0	18:14:48.191	trend_dtrader GBPUSD,H1: Failed modifying USDJPY
0	18:14:49.218	trend_dtrader GBPUSD,H1: Failed modifying USDJPY
0	18:14:50.191	trend_dtrader GBPUSD,H1: Failed modifying USDJPY
0	18:14:51.190	trend_dtrader GBPUSD,H1: Failed modifying USDJPY
0	18:14:52.193	trend_dtrader GBPUSD,H1: Failed modifying USDJPY
0	18:14:53.191	trend_dtrader GBPUSD,H1: Failed modifying USDJPY
0	18:14:54.190	trend_dtrader GBPUSD,H1: Failed modifying USDJPY
0	18:14:55.190	trend_dtrader GBPUSD,H1: Failed modifying USDJPY
0	18:14:56.190	trend_dtrader GBPUSD,H1: Failed modifying USDJPY
0	18:14:57.191	trend_dtrader GBPUSD,H1: Failed modifying USDJPY
0	18:14:58.191	trend_dtrader GBPUSD,H1: Failed modifying USDJPY
0	18:14:59.191	trend_dtrader GBPUSD,H1: Failed modifying USDJPY
0	18:15:00.191	trend_dtrader GBPUSD,H1: Failed modifying USDJPY
0	18:15:01.190	trend_dtrader GBPUSD,H1: Failed modifying USDJPY
0	18:15:02.191	trend_dtrader GBPUSD,H1: Failed modifying USDJPY
0	18:15:03.191	trend_dtrader GBPUSD,H1: Failed modifying USDJPY
0	18:15:04.226	trend_dtrader GBPUSD,H1: Failed modifying USDJPY
0	18:15:05.191	trend_dtrader GBPUSD,H1: Failed modifying USDJPY
0	18:15:06.189	trend_dtrader GBPUSD,H1: Failed modifying USDJPY
0	18:15:07.190	trend_dtrader GBPUSD,H1: Failed modifying USDJPY
0	18:15:08.190	trend_dtrader GBPUSD,H1: Failed modifying USDJPY
0	18:15:10.190	trend_dtrader GBPUSD,H1: Failed modifying USDJPY
0	18:15:11.190	trend_dtrader GBPUSD,H1: Failed modifying USDJPY
0	18:15:14.222	trend_dtrader GBPUSD,H1: Failed modifying USDJPY
0	18:15:15.193	trend_dtrader GBPUSD,H1: Failed modifying USDJPY
0	18:15:16.190	trend_dtrader GBPUSD,H1: Failed modifying USDJPY
0	18:15:17.189	trend_dtrader GBPUSD,H1: Failed modifying USDJPY
0	18:15:18.190	trend_dtrader GBPUSD,H1: Failed modifying USDJPY
0	18:15:19.190	trend_dtrader GBPUSD,H1: Failed modifying USDJPY
0	18:15:20.190	trend_dtrader GBPUSD,H1: Failed modifying USDJPY
0	18:15:21.203	trend_dtrader GBPUSD,H1: Failed modifying USDJPY
0	18:15:22.190	trend_dtrader GBPUSD,H1: Failed modifying USDJPY
0	18:15:23.189	trend_dtrader GBPUSD,H1: Failed modifying USDJPY
0	18:15:24.189	trend_dtrader GBPUSD,H1: Failed modifying USDJPY
0	18:15:25.222	trend_dtrader GBPUSD,H1: Failed modifying USDJPY
0	18:15:26.189	trend_dtrader GBPUSD,H1: Failed modifying USDJPY
0	18:15:27.189	trend_dtrader GBPUSD,H1: Failed modifying USDJPY
0	18:15:28.189	trend_dtrader GBPUSD,H1: Failed modifying USDJPY
0	18:15:29.190	trend_dtrader GBPUSD,H1: Failed modifying USDJPY
0	18:15:30.243	trend_dtrader GBPUSD,H1: Failed modifying USDJPY
0	18:15:31.189	trend_dtrader GBPUSD,H1: Failed modifying USDJPY
0	18:15:32.189	trend_dtrader GBPUSD,H1: Failed modifying USDJPY
0	18:15:33.188	trend_dtrader GBPUSD,H1: Failed modifying USDJPY
0	18:15:34.189	trend_dtrader GBPUSD,H1: Failed modifying USDJPY
0	18:15:35.189	trend_dtrader GBPUSD,H1: Failed modifying USDJPY
0	18:15:36.188	trend_dtrader GBPUSD,H1: Failed modifying USDJPY
0	18:15:37.189	trend_dtrader GBPUSD,H1: Failed modifying USDJPY
0	18:15:38.189	trend_dtrader GBPUSD,H1: Failed modifying USDJPY
0	18:15:39.197	trend_dtrader GBPUSD,H1: Failed modifying USDJPY
0	18:15:40.188	trend_dtrader GBPUSD,H1: Failed modifying USDJPY
0	18:15:41.190	trend_dtrader GBPUSD,H1: Failed modifying USDJPY
0	18:15:42.190	trend_dtrader GBPUSD,H1: Failed modifying USDJPY
0	18:15:43.188	trend_dtrader GBPUSD,H1: Failed modifying USDJPY
0	18:15:44.188	trend_dtrader GBPUSD,H1: Failed modifying USDJPY
0	18:15:45.188	trend_dtrader GBPUSD,H1: Failed modifying USDJPY
0	18:15:46.192	trend_dtrader GBPUSD,H1: Failed modifying USDJPY
0	18:15:47.188	trend_dtrader GBPUSD,H1: Failed modifying USDJPY
0	18:15:48.188	trend_dtrader GBPUSD,H1: Failed modifying USDJPY
0	18:15:49.189	trend_dtrader GBPUSD,H1: Failed modifying USDJPY
0	18:15:50.199	trend_dtrader GBPUSD,H1: Failed modifying USDJPY
0	18:15:51.188	trend_dtrader GBPUSD,H1: Failed modifying USDJPY
0	18:15:52.188	trend_dtrader GBPUSD,H1: Failed modifying USDJPY
0	18:15:53.188	trend_dtrader GBPUSD,H1: Failed modifying USDJPY
0	18:15:54.194	trend_dtrader GBPUSD,H1: Failed modifying USDJPY
0	18:15:55.188	trend_dtrader GBPUSD,H1: Failed modifying USDJPY
0	18:15:56.187	trend_dtrader GBPUSD,H1: Failed modifying USDJPY
0	18:15:57.187	trend_dtrader GBPUSD,H1: Failed modifying USDJPY
0	18:15:58.206	trend_dtrader GBPUSD,H1: Failed modifying USDJPY
0	18:15:59.187	trend_dtrader GBPUSD,H1: Failed modifying USDJPY
0	18:16:00.187	trend_dtrader GBPUSD,H1: Failed modifying USDJPY
0	18:16:01.187	trend_dtrader GBPUSD,H1: Failed modifying USDJPY
0	18:16:02.197	trend_dtrader GBPUSD,H1: Failed modifying USDJPY
0	18:16:03.189	trend_dtrader GBPUSD,H1: Failed modifying USDJPY
0	18:16:04.188	trend_dtrader GBPUSD,H1: Failed modifying USDJPY
0	18:16:05.187	trend_dtrader GBPUSD,H1: Failed modifying USDJPY
0	18:16:06.193	trend_dtrader GBPUSD,H1: Failed modifying USDJPY
0	18:16:07.187	trend_dtrader GBPUSD,H1: Failed modifying USDJPY
0	18:16:08.187	trend_dtrader GBPUSD,H1: Failed modifying USDJPY
0	18:16:09.187	trend_dtrader GBPUSD,H1: Failed modifying USDJPY
0	18:16:10.187	trend_dtrader GBPUSD,H1: Failed modifying USDJPY
0	18:16:11.187	trend_dtrader GBPUSD,H1: Failed modifying USDJPY
0	18:16:12.187	trend_dtrader GBPUSD,H1: Failed modifying USDJPY
0	18:16:13.187	trend_dtrader GBPUSD,H1: Failed modifying USDJPY
0	18:16:14.187	trend_dtrader GBPUSD,H1: Failed modifying USDJPY
0	18:16:15.187	trend_dtrader GBPUSD,H1: Failed modifying USDJPY
0	18:16:33.186	trend_dtrader GBPUSD,H1: Failed modifying USDJPY
0	18:16:34.192	trend_dtrader GBPUSD,H1: Failed modifying USDJPY
0	18:16:35.186	trend_dtrader GBPUSD,H1: Failed modifying USDJPY
0	18:16:36.186	trend_dtrader GBPUSD,H1: Failed modifying USDJPY
0	18:16:37.186	trend_dtrader GBPUSD,H1: Failed modifying USDJPY
0	18:16:38.186	trend_dtrader GBPUSD,H1: Failed modifying USDJPY
0	18:16:39.186	trend_dtrader GBPUSD,H1: Failed modifying USDJPY
0	18:16:40.185	trend_dtrader GBPUSD,H1: Failed modifying USDJPY
0	18:16:41.186	trend_dtrader GBPUSD,H1: Failed modifying USDJPY
0	18:16:42.186	trend_dtrader GBPUSD,H1: Failed modifying USDJPY
0	18:16:43.185	trend_dtrader GBPUSD,H1: Failed modifying USDJPY
0	18:16:44.186	trend_dtrader GBPUSD,H1: Failed modifying USDJPY
0	18:16:45.185	trend_dtrader GBPUSD,H1: Failed modifying USDJPY
0	18:16:46.186	trend_dtrader GBPUSD,H1: Failed modifying USDJPY
0	18:16:47.185	trend_dtrader GBPUSD,H1: Failed modifying USDJPY
0	18:16:48.185	trend_dtrader GBPUSD,H1: Failed modifying USDJPY
0	18:16:49.185	trend_dtrader GBPUSD,H1: Failed modifying USDJPY
0	18:16:50.185	trend_dtrader GBPUSD,H1: Failed modifying USDJPY
0	18:16:51.246	trend_dtrader GBPUSD,H1: Failed modifying USDJPY
0	18:16:56.185	trend_dtrader GBPUSD,H1: Failed modifying USDJPY
0	18:17:05.184	trend_dtrader GBPUSD,H1: Failed modifying USDJPY
0	18:17:06.184	trend_dtrader GBPUSD,H1: Failed modifying USDJPY
0	18:17:07.184	trend_dtrader GBPUSD,H1: Failed modifying USDJPY
0	18:17:08.184	trend_dtrader GBPUSD,H1: Failed modifying USDJPY
0	18:17:09.184	trend_dtrader GBPUSD,H1: Failed modifying USDJPY
0	18:17:13.260	trend_dtrader GBPUSD,H1: Failed modifying USDJPY
0	18:17:16.184	trend_dtrader GBPUSD,H1: Failed modifying USDJPY
0	18:17:17.183	trend_dtrader GBPUSD,H1: Failed modifying USDJPY
0	18:17:18.184	trend_dtrader GBPUSD,H1: Failed modifying USDJPY
0	18:17:19.184	trend_dtrader GBPUSD,H1: Failed modifying USDJPY
0	18:17:20.183	trend_dtrader GBPUSD,H1: Failed modifying USDJPY
0	18:17:21.184	trend_dtrader GBPUSD,H1: Failed modifying USDJPY
0	18:17:22.184	trend_dtrader GBPUSD,H1: Failed modifying USDJPY
0	18:17:23.183	trend_dtrader GBPUSD,H1: Failed modifying USDJPY
0	18:17:24.198	trend_dtrader GBPUSD,H1: Failed modifying USDJPY
0	18:17:25.183	trend_dtrader GBPUSD,H1: Failed modifying USDJPY
0	18:17:26.184	trend_dtrader GBPUSD,H1: Failed modifying USDJPY
0	18:17:27.183	trend_dtrader GBPUSD,H1: Failed modifying USDJPY
0	18:17:28.183	trend_dtrader GBPUSD,H1: Failed modifying USDJPY
0	18:17:29.183	trend_dtrader GBPUSD,H1: Failed modifying USDJPY
0	18:17:30.183	trend_dtrader GBPUSD,H1: Failed modifying USDJPY
0	18:17:31.184	trend_dtrader GBPUSD,H1: Failed modifying USDJPY
0	18:17:32.201	trend_dtrader GBPUSD,H1: Failed modifying USDJPY
0	18:17:33.183	trend_dtrader GBPUSD,H1: Failed modifying USDJPY
0	18:17:34.183	trend_dtrader GBPUSD,H1: Failed modifying USDJPY
0	18:17:35.183	trend_dtrader GBPUSD,H1: Failed modifying USDJPY
0	18:17:36.182	trend_dtrader GBPUSD,H1: Failed modifying USDJPY
0	18:17:37.188	trend_dtrader GBPUSD,H1: Failed modifying USDJPY
0	18:17:38.183	trend_dtrader GBPUSD,H1: Failed modifying USDJPY
0	18:17:39.183	trend_dtrader GBPUSD,H1: Failed modifying USDJPY
0	18:17:40.183	trend_dtrader GBPUSD,H1: Failed modifying USDJPY
0	18:17:41.182	trend_dtrader GBPUSD,H1: Failed modifying USDJPY
0	18:17:42.183	trend_dtrader GBPUSD,H1: Failed modifying USDJPY
0	18:17:43.195	trend_dtrader GBPUSD,H1: Failed modifying USDJPY
0	18:17:44.182	trend_dtrader GBPUSD,H1: Failed modifying USDJPY
0	18:17:45.183	trend_dtrader GBPUSD,H1: Failed modifying USDJPY
0	18:17:46.182	trend_dtrader GBPUSD,H1: Failed modifying USDJPY
0	18:17:47.182	trend_dtrader GBPUSD,H1: Failed modifying USDJPY
0	18:17:48.182	trend_dtrader GBPUSD,H1: Failed modifying USDJPY
0	18:17:49.183	trend_dtrader GBPUSD,H1: Failed modifying USDJPY
0	18:17:50.183	trend_dtrader GBPUSD,H1: Failed modifying USDJPY
0	18:17:51.183	trend_dtrader GBPUSD,H1: Failed modifying USDJPY
0	18:17:52.182	trend_dtrader GBPUSD,H1: Failed modifying USDJPY
0	18:17:53.182	trend_dtrader GBPUSD,H1: Failed modifying USDJPY
0	18:17:54.182	trend_dtrader GBPUSD,H1: Failed modifying USDJPY
0	18:17:55.182	trend_dtrader GBPUSD,H1: Failed modifying USDJPY
0	18:17:56.182	trend_dtrader GBPUSD,H1: Failed modifying USDJPY
0	18:17:57.182	trend_dtrader GBPUSD,H1: Failed modifying USDJPY
0	18:17:58.182	trend_dtrader GBPUSD,H1: Failed modifying USDJPY
0	18:17:59.182	trend_dtrader GBPUSD,H1: Failed modifying USDJPY
0	18:18:00.182	trend_dtrader GBPUSD,H1: Failed modifying USDJPY
0	18:18:01.182	trend_dtrader GBPUSD,H1: Failed modifying USDJPY
0	18:18:02.182	trend_dtrader GBPUSD,H1: Failed modifying USDJPY
0	18:18:03.181	trend_dtrader GBPUSD,H1: Failed modifying USDJPY
0	18:18:04.181	trend_dtrader GBPUSD,H1: Failed modifying USDJPY
0	18:18:05.181	trend_dtrader GBPUSD,H1: Failed modifying USDJPY
0	18:18:06.181	trend_dtrader GBPUSD,H1: Failed modifying USDJPY
0	18:18:07.182	trend_dtrader GBPUSD,H1: Failed modifying USDJPY
0	18:18:08.292	trend_dtrader GBPUSD,H1: Failed modifying USDJPY
0	18:18:09.181	trend_dtrader GBPUSD,H1: Failed modifying USDJPY
0	18:18:10.182	trend_dtrader GBPUSD,H1: Failed modifying USDJPY
0	18:18:11.182	trend_dtrader GBPUSD,H1: Failed modifying USDJPY
0	18:18:12.208	trend_dtrader GBPUSD,H1: Failed modifying USDJPY
0	18:18:13.210	trend_dtrader GBPUSD,H1: Failed modifying USDJPY
0	18:18:14.182	trend_dtrader GBPUSD,H1: Failed modifying USDJPY
0	18:18:15.181	trend_dtrader GBPUSD,H1: Failed modifying USDJPY
0	18:18:16.182	trend_dtrader GBPUSD,H1: Failed modifying USDJPY
0	18:18:17.181	trend_dtrader GBPUSD,H1: Failed modifying USDJPY
0	18:18:18.181	trend_dtrader GBPUSD,H1: Failed modifying USDJPY
0	18:18:19.181	trend_dtrader GBPUSD,H1: Failed modifying USDJPY
0	18:18:20.212	trend_dtrader GBPUSD,H1: Failed modifying USDJPY
0	18:18:21.181	trend_dtrader GBPUSD,H1: Failed modifying USDJPY
0	18:18:22.181	trend_dtrader GBPUSD,H1: Failed modifying USDJPY
0	18:18:23.181	trend_dtrader GBPUSD,H1: Failed modifying USDJPY
0	18:18:24.180	trend_dtrader GBPUSD,H1: Failed modifying USDJPY
0	18:18:25.180	trend_dtrader GBPUSD,H1: Failed modifying USDJPY
0	18:18:26.188	trend_dtrader GBPUSD,H1: Failed modifying USDJPY
0	18:18:27.185	trend_dtrader GBPUSD,H1: Failed modifying USDJPY
0	18:18:28.181	trend_dtrader GBPUSD,H1: Failed modifying USDJPY
0	18:18:29.180	trend_dtrader GBPUSD,H1: Failed modifying USDJPY
0	18:18:30.180	trend_dtrader GBPUSD,H1: Failed modifying USDJPY
0	18:18:31.181	trend_dtrader GBPUSD,H1: Failed modifying USDJPY
0	18:18:32.180	trend_dtrader GBPUSD,H1: Failed modifying USDJPY
0	18:18:33.180	trend_dtrader GBPUSD,H1: Failed modifying USDJPY
0	18:18:34.180	trend_dtrader GBPUSD,H1: Failed modifying USDJPY
0	18:18:35.180	trend_dtrader GBPUSD,H1: Failed modifying USDJPY
0	18:18:36.182	trend_dtrader GBPUSD,H1: Failed modifying USDJPY
0	18:18:37.180	trend_dtrader GBPUSD,H1: Failed modifying USDJPY
0	18:18:38.180	trend_dtrader GBPUSD,H1: Failed modifying USDJPY
0	18:18:39.180	trend_dtrader GBPUSD,H1: Failed modifying USDJPY
0	18:18:40.180	trend_dtrader GBPUSD,H1: Failed modifying USDJPY
0	18:18:41.180	trend_dtrader GBPUSD,H1: Failed modifying USDJPY
0	18:18:42.180	trend_dtrader GBPUSD,H1: Failed modifying USDJPY
0	18:18:43.180	trend_dtrader GBPUSD,H1: Failed modifying USDJPY
0	18:18:44.180	trend_dtrader GBPUSD,H1: Failed modifying USDJPY
0	18:18:45.180	trend_dtrader GBPUSD,H1: Failed modifying USDJPY
0	18:18:46.183	trend_dtrader GBPUSD,H1: Failed modifying USDJPY
0	18:18:47.180	trend_dtrader GBPUSD,H1: Failed modifying USDJPY
0	18:18:48.180	trend_dtrader GBPUSD,H1: Failed modifying USDJPY
0	18:18:49.180	trend_dtrader GBPUSD,H1: Failed modifying USDJPY
0	18:18:50.180	trend_dtrader GBPUSD,H1: Failed modifying USDJPY
0	18:18:51.179	trend_dtrader GBPUSD,H1: Failed modifying USDJPY
0	18:18:52.250	trend_dtrader GBPUSD,H1: Failed modifying USDJPY
0	18:18:53.231	trend_dtrader GBPUSD,H1: Failed modifying USDJPY
0	18:18:54.179	trend_dtrader GBPUSD,H1: Failed modifying USDJPY
0	18:18:55.179	trend_dtrader GBPUSD,H1: Failed modifying USDJPY
0	18:18:56.180	trend_dtrader GBPUSD,H1: Failed modifying USDJPY
0	18:18:57.179	trend_dtrader GBPUSD,H1: Failed modifying USDJPY
0	18:18:58.179	trend_dtrader GBPUSD,H1: Failed modifying USDJPY
0	18:18:59.179	trend_dtrader GBPUSD,H1: Failed modifying USDJPY
0	18:19:00.179	trend_dtrader GBPUSD,H1: Failed modifying USDJPY
0	18:19:01.180	trend_dtrader GBPUSD,H1: Failed modifying USDJPY
0	18:19:02.179	trend_dtrader GBPUSD,H1: Failed modifying USDJPY
0	18:19:03.179	trend_dtrader GBPUSD,H1: Failed modifying USDJPY
0	18:19:04.179	trend_dtrader GBPUSD,H1: Failed modifying USDJPY
0	18:19:05.180	trend_dtrader GBPUSD,H1: Failed modifying USDJPY
0	18:19:06.179	trend_dtrader GBPUSD,H1: Failed modifying USDJPY
0	18:19:07.179	trend_dtrader GBPUSD,H1: Failed modifying USDJPY
0	18:19:08.179	trend_dtrader GBPUSD,H1: Failed modifying USDJPY
0	18:19:09.180	trend_dtrader GBPUSD,H1: Failed modifying USDJPY
0	18:19:10.183	trend_dtrader GBPUSD,H1: Failed modifying USDJPY
0	18:19:11.178	trend_dtrader GBPUSD,H1: Failed modifying USDJPY
0	18:19:12.179	trend_dtrader GBPUSD,H1: Failed modifying USDJPY
0	18:19:13.178	trend_dtrader GBPUSD,H1: Failed modifying USDJPY
0	18:19:14.179	trend_dtrader GBPUSD,H1: Failed modifying USDJPY
0	18:19:15.179	trend_dtrader GBPUSD,H1: Failed modifying USDJPY
0	18:19:16.179	trend_dtrader GBPUSD,H1: Failed modifying USDJPY
0	18:19:17.178	trend_dtrader GBPUSD,H1: Failed modifying USDJPY
0	18:19:18.178	trend_dtrader GBPUSD,H1: Failed modifying USDJPY
0	18:19:19.179	trend_dtrader GBPUSD,H1: Failed modifying USDJPY
0	18:19:20.178	trend_dtrader GBPUSD,H1: Failed modifying USDJPY
0	18:19:21.178	trend_dtrader GBPUSD,H1: Failed modifying USDJPY
0	18:19:22.178	trend_dtrader GBPUSD,H1: Failed modifying USDJPY
0	18:19:23.178	trend_dtrader GBPUSD,H1: Failed modifying USDJPY
0	18:19:24.178	trend_dtrader GBPUSD,H1: Failed modifying USDJPY
0	18:19:25.178	trend_dtrader GBPUSD,H1: Failed modifying USDJPY
0	18:19:26.178	trend_dtrader GBPUSD,H1: Failed modifying USDJPY
0	18:19:27.178	trend_dtrader GBPUSD,H1: Failed modifying USDJPY
0	18:19:28.178	trend_dtrader GBPUSD,H1: Failed modifying USDJPY
0	18:19:29.178	trend_dtrader GBPUSD,H1: Failed modifying USDJPY
0	18:19:30.177	trend_dtrader GBPUSD,H1: Failed modifying USDJPY
0	18:19:31.177	trend_dtrader GBPUSD,H1: Failed modifying USDJPY
0	18:19:32.178	trend_dtrader GBPUSD,H1: Failed modifying USDJPY
0	18:19:33.178	trend_dtrader GBPUSD,H1: Failed modifying USDJPY
0	18:19:34.177	trend_dtrader GBPUSD,H1: Failed modifying USDJPY
0	18:19:35.179	trend_dtrader GBPUSD,H1: Failed modifying USDJPY
0	18:19:36.177	trend_dtrader GBPUSD,H1: Failed modifying USDJPY
0	18:19:37.179	trend_dtrader GBPUSD,H1: Failed modifying USDJPY
0	18:19:38.178	trend_dtrader GBPUSD,H1: Failed modifying USDJPY
0	18:19:39.177	trend_dtrader GBPUSD,H1: Failed modifying USDJPY
0	18:19:40.177	trend_dtrader GBPUSD,H1: Failed modifying USDJPY
0	18:19:41.177	trend_dtrader GBPUSD,H1: Failed modifying USDJPY
0	18:19:42.179	trend_dtrader GBPUSD,H1: Failed modifying USDJPY
0	18:19:43.177	trend_dtrader GBPUSD,H1: Failed modifying USDJPY
0	18:19:44.178	trend_dtrader GBPUSD,H1: Failed modifying USDJPY
0	18:19:45.177	trend_dtrader GBPUSD,H1: Failed modifying USDJPY
0	18:19:46.177	trend_dtrader GBPUSD,H1: Failed modifying USDJPY
0	18:19:47.176	trend_dtrader GBPUSD,H1: Failed modifying USDJPY
0	18:19:48.177	trend_dtrader GBPUSD,H1: Failed modifying USDJPY
0	18:19:49.176	trend_dtrader GBPUSD,H1: Failed modifying USDJPY
0	18:19:50.177	trend_dtrader GBPUSD,H1: Failed modifying USDJPY
0	18:19:51.177	trend_dtrader GBPUSD,H1: Failed modifying USDJPY
0	18:19:52.177	trend_dtrader GBPUSD,H1: Failed modifying USDJPY
0	18:19:53.177	trend_dtrader GBPUSD,H1: Failed modifying USDJPY
0	18:19:54.179	trend_dtrader GBPUSD,H1: Failed modifying USDJPY
0	18:19:55.176	trend_dtrader GBPUSD,H1: Failed modifying USDJPY
0	18:19:56.176	trend_dtrader GBPUSD,H1: Failed modifying USDJPY
0	18:19:57.177	trend_dtrader GBPUSD,H1: Failed modifying USDJPY
0	18:19:58.176	trend_dtrader GBPUSD,H1: Failed modifying USDJPY
0	18:19:59.176	trend_dtrader GBPUSD,H1: Failed modifying USDJPY
0	18:20:00.216	trend_dtrader GBPUSD,H1: Failed modifying USDJPY
0	18:20:01.176	trend_dtrader GBPUSD,H1: Failed modifying USDJPY
0	18:20:02.184	trend_dtrader GBPUSD,H1: Failed modifying USDJPY
0	18:20:03.177	trend_dtrader GBPUSD,H1: Failed modifying USDJPY
0	18:20:04.176	trend_dtrader GBPUSD,H1: Failed modifying USDJPY
0	18:20:05.176	trend_dtrader GBPUSD,H1: Failed modifying USDJPY
0	18:20:06.176	trend_dtrader GBPUSD,H1: Failed modifying USDJPY
0	18:20:07.176	trend_dtrader GBPUSD,H1: Failed modifying USDJPY
0	18:20:08.175	trend_dtrader GBPUSD,H1: Failed modifying USDJPY
0	18:20:09.175	trend_dtrader GBPUSD,H1: Failed modifying USDJPY
0	18:20:10.176	trend_dtrader GBPUSD,H1: Failed modifying USDJPY
0	18:20:11.175	trend_dtrader GBPUSD,H1: Failed modifying USDJPY
0	18:20:12.176	trend_dtrader GBPUSD,H1: Failed modifying USDJPY
0	18:20:13.175	trend_dtrader GBPUSD,H1: Failed modifying USDJPY
0	18:20:14.176	trend_dtrader GBPUSD,H1: Failed modifying USDJPY
0	18:20:15.176	trend_dtrader GBPUSD,H1: Failed modifying USDJPY
0	18:20:16.175	trend_dtrader GBPUSD,H1: Failed modifying USDJPY
0	18:20:17.175	trend_dtrader GBPUSD,H1: Failed modifying USDJPY
0	18:20:18.176	trend_dtrader GBPUSD,H1: Failed modifying USDJPY
0	18:20:19.176	trend_dtrader GBPUSD,H1: Failed modifying USDJPY
0	18:20:20.175	trend_dtrader GBPUSD,H1: Failed modifying USDJPY
0	18:20:21.175	trend_dtrader GBPUSD,H1: Failed modifying USDJPY
0	18:20:22.175	trend_dtrader GBPUSD,H1: Failed modifying USDJPY
0	18:20:23.175	trend_dtrader GBPUSD,H1: Failed modifying USDJPY
0	18:20:24.175	trend_dtrader GBPUSD,H1: Failed modifying USDJPY
0	18:20:25.175	trend_dtrader GBPUSD,H1: Failed modifying USDJPY
0	18:20:26.175	trend_dtrader GBPUSD,H1: Failed modifying USDJPY
0	18:20:27.175	trend_dtrader GBPUSD,H1: Failed modifying USDJPY
0	18:20:28.184	trend_dtrader GBPUSD,H1: Failed modifying USDJPY
0	18:20:29.175	trend_dtrader GBPUSD,H1: Failed modifying USDJPY
0	18:20:30.175	trend_dtrader GBPUSD,H1: Failed modifying USDJPY
0	18:20:31.175	trend_dtrader GBPUSD,H1: Failed modifying USDJPY
0	18:20:32.175	trend_dtrader GBPUSD,H1: Failed modifying USDJPY
0	18:20:33.174	trend_dtrader GBPUSD,H1: Failed modifying USDJPY
0	18:20:34.175	trend_dtrader GBPUSD,H1: Failed modifying USDJPY
0	18:20:35.174	trend_dtrader GBPUSD,H1: Failed modifying USDJPY
0	18:20:36.175	trend_dtrader GBPUSD,H1: Failed modifying USDJPY
0	18:20:37.178	trend_dtrader GBPUSD,H1: Failed modifying USDJPY
0	18:20:38.175	trend_dtrader GBPUSD,H1: Failed modifying USDJPY
0	18:20:39.175	trend_dtrader GBPUSD,H1: Failed modifying USDJPY
0	18:20:40.175	trend_dtrader GBPUSD,H1: Failed modifying USDJPY
0	18:20:41.174	trend_dtrader GBPUSD,H1: Failed modifying USDJPY
0	18:20:42.174	trend_dtrader GBPUSD,H1: Failed modifying USDJPY
0	18:20:43.175	trend_dtrader GBPUSD,H1: Failed modifying USDJPY
0	18:20:44.175	trend_dtrader GBPUSD,H1: Failed modifying USDJPY
0	18:20:45.174	trend_dtrader GBPUSD,H1: Failed modifying USDJPY
0	18:20:46.175	trend_dtrader GBPUSD,H1: Failed modifying USDJPY
0	18:20:47.174	trend_dtrader GBPUSD,H1: Failed modifying USDJPY
0	18:20:48.174	trend_dtrader GBPUSD,H1: Failed modifying USDJPY
0	18:20:49.174	trend_dtrader GBPUSD,H1: Failed modifying USDJPY
0	18:20:50.174	trend_dtrader GBPUSD,H1: Failed modifying USDJPY
0	18:20:51.174	trend_dtrader GBPUSD,H1: Failed modifying USDJPY
0	18:20:52.185	trend_dtrader GBPUSD,H1: Failed modifying USDJPY
0	18:20:53.174	trend_dtrader GBPUSD,H1: Failed modifying USDJPY
0	18:20:54.174	trend_dtrader GBPUSD,H1: Failed modifying USDJPY
0	18:20:55.174	trend_dtrader GBPUSD,H1: Failed modifying USDJPY
0	18:20:56.174	trend_dtrader GBPUSD,H1: Failed modifying USDJPY
0	18:20:57.174	trend_dtrader GBPUSD,H1: Failed modifying USDJPY
0	18:20:58.173	trend_dtrader GBPUSD,H1: Failed modifying USDJPY
0	18:20:59.186	trend_dtrader GBPUSD,H1: Failed modifying USDJPY
0	18:21:00.173	trend_dtrader GBPUSD,H1: Failed modifying USDJPY
0	18:21:01.173	trend_dtrader GBPUSD,H1: Failed modifying USDJPY
0	18:21:02.173	trend_dtrader GBPUSD,H1: Failed modifying USDJPY
0	18:21:03.173	trend_dtrader GBPUSD,H1: Failed modifying USDJPY
0	18:21:04.174	trend_dtrader GBPUSD,H1: Failed modifying USDJPY
0	18:21:05.183	trend_dtrader GBPUSD,H1: Failed modifying USDJPY
0	18:21:06.173	trend_dtrader GBPUSD,H1: Failed modifying USDJPY
0	18:21:07.174	trend_dtrader GBPUSD,H1: Failed modifying USDJPY
0	18:21:08.184	trend_dtrader GBPUSD,H1: Failed modifying USDJPY
0	18:21:09.176	trend_dtrader GBPUSD,H1: Failed modifying USDJPY
0	18:21:10.173	trend_dtrader GBPUSD,H1: Failed modifying USDJPY
0	18:21:11.173	trend_dtrader GBPUSD,H1: Failed modifying USDJPY
0	18:21:12.173	trend_dtrader GBPUSD,H1: Failed modifying USDJPY
0	18:21:13.173	trend_dtrader GBPUSD,H1: Failed modifying USDJPY
0	18:21:14.173	trend_dtrader GBPUSD,H1: Failed modifying USDJPY
0	18:21:15.172	trend_dtrader GBPUSD,H1: Failed modifying USDJPY
0	18:21:16.173	trend_dtrader GBPUSD,H1: Failed modifying USDJPY
0	18:21:17.196	trend_dtrader GBPUSD,H1: Failed modifying USDJPY
0	18:21:18.172	trend_dtrader GBPUSD,H1: Failed modifying USDJPY
0	18:21:19.186	trend_dtrader GBPUSD,H1: Failed modifying USDJPY
0	18:21:20.173	trend_dtrader GBPUSD,H1: Failed modifying USDJPY
0	18:21:21.172	trend_dtrader GBPUSD,H1: Failed modifying USDJPY
0	18:21:22.173	trend_dtrader GBPUSD,H1: Failed modifying USDJPY
0	18:21:23.173	trend_dtrader GBPUSD,H1: Failed modifying USDJPY
0	18:21:24.172	trend_dtrader GBPUSD,H1: Failed modifying USDJPY
0	18:21:25.172	trend_dtrader GBPUSD,H1: Failed modifying USDJPY
0	18:21:26.172	trend_dtrader GBPUSD,H1: Failed modifying USDJPY
0	18:21:27.172	trend_dtrader GBPUSD,H1: Failed modifying USDJPY
0	18:21:28.172	trend_dtrader GBPUSD,H1: Failed modifying USDJPY
0	18:21:29.192	trend_dtrader GBPUSD,H1: Failed modifying USDJPY
0	18:21:30.172	trend_dtrader GBPUSD,H1: Failed modifying USDJPY
0	18:21:31.172	trend_dtrader GBPUSD,H1: Failed modifying USDJPY
0	18:21:32.172	trend_dtrader GBPUSD,H1: Failed modifying USDJPY
0	18:21:33.172	trend_dtrader GBPUSD,H1: Failed modifying USDJPY
0	18:21:34.172	trend_dtrader GBPUSD,H1: Failed modifying USDJPY
0	18:21:35.348	trend_dtrader GBPUSD,H1: Failed modifying USDJPY
0	18:21:36.314	trend_dtrader GBPUSD,H1: Failed modifying USDJPY
0	18:21:37.314	trend_dtrader GBPUSD,H1: Failed modifying USDJPY
0	18:21:38.314	trend_dtrader GBPUSD,H1: Failed modifying USDJPY
0	18:21:39.315	trend_dtrader GBPUSD,H1: Failed modifying USDJPY
0	18:21:40.314	trend_dtrader GBPUSD,H1: Failed modifying USDJPY
0	18:21:41.314	trend_dtrader GBPUSD,H1: Failed modifying USDJPY
0	18:21:42.346	trend_dtrader GBPUSD,H1: Failed modifying USDJPY
0	18:21:43.315	trend_dtrader GBPUSD,H1: Failed modifying USDJPY
0	18:21:44.314	trend_dtrader GBPUSD,H1: Failed modifying USDJPY
0	18:21:45.314	trend_dtrader GBPUSD,H1: Failed modifying USDJPY
0	18:21:46.315	trend_dtrader GBPUSD,H1: Failed modifying USDJPY
0	18:21:47.314	trend_dtrader GBPUSD,H1: Failed modifying USDJPY
0	18:21:48.314	trend_dtrader GBPUSD,H1: Failed modifying USDJPY
0	18:21:49.314	trend_dtrader GBPUSD,H1: Failed modifying USDJPY
0	18:21:50.314	trend_dtrader GBPUSD,H1: Failed modifying USDJPY
0	18:21:51.314	trend_dtrader GBPUSD,H1: Failed modifying USDJPY
0	18:21:52.314	trend_dtrader GBPUSD,H1: Failed modifying USDJPY
0	18:21:53.315	trend_dtrader GBPUSD,H1: Failed modifying USDJPY
0	18:21:54.315	trend_dtrader GBPUSD,H1: Failed modifying USDJPY
0	18:21:55.314	trend_dtrader GBPUSD,H1: Failed modifying USDJPY
0	18:21:56.315	trend_dtrader GBPUSD,H1: Failed modifying USDJPY
0	18:21:57.315	trend_dtrader GBPUSD,H1: Failed modifying USDJPY
0	18:21:58.315	trend_dtrader GBPUSD,H1: Failed modifying USDJPY
0	18:21:59.314	trend_dtrader GBPUSD,H1: Failed modifying USDJPY
0	18:22:00.314	trend_dtrader GBPUSD,H1: Failed modifying USDJPY
0	18:22:01.314	trend_dtrader GBPUSD,H1: Failed modifying USDJPY
0	18:22:02.314	trend_dtrader GBPUSD,H1: Failed modifying USDJPY
0	18:22:03.315	trend_dtrader GBPUSD,H1: Failed modifying USDJPY
0	18:22:04.314	trend_dtrader GBPUSD,H1: Failed modifying USDJPY
0	18:22:05.314	trend_dtrader GBPUSD,H1: Failed modifying USDJPY
0	18:22:06.315	trend_dtrader GBPUSD,H1: Failed modifying USDJPY
0	18:22:07.315	trend_dtrader GBPUSD,H1: Failed modifying USDJPY
0	18:22:08.370	trend_dtrader GBPUSD,H1: Failed modifying USDJPY
0	18:22:09.314	trend_dtrader GBPUSD,H1: Failed modifying USDJPY
0	18:22:10.314	trend_dtrader GBPUSD,H1: Failed modifying USDJPY
0	18:22:11.314	trend_dtrader GBPUSD,H1: Failed modifying USDJPY
0	18:22:12.314	trend_dtrader GBPUSD,H1: Failed modifying USDJPY
0	18:22:13.315	trend_dtrader GBPUSD,H1: Failed modifying USDJPY
0	18:22:14.314	trend_dtrader GBPUSD,H1: Failed modifying USDJPY
0	18:22:15.314	trend_dtrader GBPUSD,H1: Failed modifying USDJPY
0	18:22:16.314	trend_dtrader GBPUSD,H1: Failed modifying USDJPY
0	18:22:17.314	trend_dtrader GBPUSD,H1: Failed modifying USDJPY
0	18:22:18.314	trend_dtrader GBPUSD,H1: Failed modifying USDJPY
0	18:22:19.315	trend_dtrader GBPUSD,H1: Failed modifying USDJPY
0	18:22:20.315	trend_dtrader GBPUSD,H1: Failed modifying USDJPY
0	18:22:21.314	trend_dtrader GBPUSD,H1: Failed modifying USDJPY
0	18:22:22.314	trend_dtrader GBPUSD,H1: Failed modifying USDJPY
0	18:22:23.314	trend_dtrader GBPUSD,H1: Failed modifying USDJPY
0	18:22:24.314	trend_dtrader GBPUSD,H1: Failed modifying USDJPY
0	18:22:25.315	trend_dtrader GBPUSD,H1: Failed modifying USDJPY
0	18:22:26.315	trend_dtrader GBPUSD,H1: Failed modifying USDJPY
0	18:22:27.314	trend_dtrader GBPUSD,H1: Failed modifying USDJPY
0	18:22:28.320	trend_dtrader GBPUSD,H1: Failed modifying USDJPY
0	18:22:29.314	trend_dtrader GBPUSD,H1: Failed modifying USDJPY
0	18:22:30.314	trend_dtrader GBPUSD,H1: Failed modifying USDJPY
0	18:22:31.315	trend_dtrader GBPUSD,H1: Failed modifying USDJPY
0	18:22:32.318	trend_dtrader GBPUSD,H1: Failed modifying USDJPY
0	18:22:33.314	trend_dtrader GBPUSD,H1: Failed modifying USDJPY
0	18:22:34.315	trend_dtrader GBPUSD,H1: Failed modifying USDJPY
0	18:22:35.314	trend_dtrader GBPUSD,H1: Failed modifying USDJPY
0	18:22:36.315	trend_dtrader GBPUSD,H1: Failed modifying USDJPY
0	18:22:37.314	trend_dtrader GBPUSD,H1: Failed modifying USDJPY
0	18:22:38.314	trend_dtrader GBPUSD,H1: Failed modifying USDJPY
0	18:22:39.315	trend_dtrader GBPUSD,H1: Failed modifying USDJPY
0	18:22:40.314	trend_dtrader GBPUSD,H1: Failed modifying USDJPY
0	18:22:41.315	trend_dtrader GBPUSD,H1: Failed modifying USDJPY
0	18:22:42.316	trend_dtrader GBPUSD,H1: Failed modifying USDJPY
0	18:22:43.314	trend_dtrader GBPUSD,H1: Failed modifying USDJPY
0	18:22:44.314	trend_dtrader GBPUSD,H1: Failed modifying USDJPY
0	18:22:45.314	trend_dtrader GBPUSD,H1: Failed modifying USDJPY
0	18:22:46.314	trend_dtrader GBPUSD,H1: Failed modifying USDJPY
0	18:22:47.314	trend_dtrader GBPUSD,H1: Failed modifying USDJPY
0	18:22:48.314	trend_dtrader GBPUSD,H1: Failed modifying USDJPY
0	18:22:49.314	trend_dtrader GBPUSD,H1: Failed modifying USDJPY
0	18:22:50.314	trend_dtrader GBPUSD,H1: Failed modifying USDJPY
0	18:22:51.315	trend_dtrader GBPUSD,H1: Failed modifying USDJPY
0	18:22:52.314	trend_dtrader GBPUSD,H1: Failed modifying USDJPY
0	18:22:53.314	trend_dtrader GBPUSD,H1: Failed modifying USDJPY
0	18:22:54.314	trend_dtrader GBPUSD,H1: Failed modifying USDJPY
0	18:22:55.334	trend_dtrader GBPUSD,H1: Failed modifying USDJPY
0	18:22:56.314	trend_dtrader GBPUSD,H1: Failed modifying USDJPY
0	18:22:57.315	trend_dtrader GBPUSD,H1: Failed modifying USDJPY
0	18:22:58.314	trend_dtrader GBPUSD,H1: Failed modifying USDJPY
0	18:22:59.314	trend_dtrader GBPUSD,H1: Failed modifying USDJPY
0	18:23:00.324	trend_dtrader GBPUSD,H1: Failed modifying USDJPY
0	18:23:01.315	trend_dtrader GBPUSD,H1: Failed modifying USDJPY
0	18:23:02.314	trend_dtrader GBPUSD,H1: Failed modifying USDJPY
0	18:23:03.315	trend_dtrader GBPUSD,H1: Failed modifying USDJPY
0	18:23:04.314	trend_dtrader GBPUSD,H1: Failed modifying USDJPY
0	18:23:05.314	trend_dtrader GBPUSD,H1: Failed modifying USDJPY
0	18:23:06.315	trend_dtrader GBPUSD,H1: Failed modifying USDJPY
0	18:23:07.314	trend_dtrader GBPUSD,H1: Failed modifying USDJPY
0	18:23:08.314	trend_dtrader GBPUSD,H1: Failed modifying USDJPY
0	18:23:09.314	trend_dtrader GBPUSD,H1: Failed modifying USDJPY
0	18:23:10.347	trend_dtrader GBPUSD,H1: Failed modifying USDJPY
0	18:23:11.314	trend_dtrader GBPUSD,H1: Failed modifying USDJPY
0	18:23:12.314	trend_dtrader GBPUSD,H1: Failed modifying USDJPY
0	18:23:13.314	trend_dtrader GBPUSD,H1: Failed modifying USDJPY
0	18:23:14.314	trend_dtrader GBPUSD,H1: Failed modifying USDJPY
0	18:23:15.314	trend_dtrader GBPUSD,H1: Failed modifying USDJPY
0	18:23:16.314	trend_dtrader GBPUSD,H1: Failed modifying USDJPY
0	18:23:17.314	trend_dtrader GBPUSD,H1: Failed modifying USDJPY
0	18:23:18.314	trend_dtrader GBPUSD,H1: Failed modifying USDJPY
0	18:23:19.314	trend_dtrader GBPUSD,H1: Failed modifying USDJPY
0	18:23:20.314	trend_dtrader GBPUSD,H1: Failed modifying USDJPY
0	18:23:21.314	trend_dtrader GBPUSD,H1: Failed modifying USDJPY
0	18:23:22.315	trend_dtrader GBPUSD,H1: Failed modifying USDJPY
0	18:23:23.314	trend_dtrader GBPUSD,H1: Failed modifying USDJPY
0	18:23:24.314	trend_dtrader GBPUSD,H1: Failed modifying USDJPY
0	18:23:25.314	trend_dtrader GBPUSD,H1: Failed modifying USDJPY
0	18:23:26.314	trend_dtrader GBPUSD,H1: Failed modifying USDJPY
0	18:23:27.314	trend_dtrader GBPUSD,H1: Failed modifying USDJPY
0	18:23:28.314	trend_dtrader GBPUSD,H1: Failed modifying USDJPY
0	18:23:29.314	trend_dtrader GBPUSD,H1: Failed modifying USDJPY
0	18:23:30.314	trend_dtrader GBPUSD,H1: Failed modifying USDJPY
0	18:23:31.314	trend_dtrader GBPUSD,H1: Failed modifying USDJPY
0	18:23:32.314	trend_dtrader GBPUSD,H1: Failed modifying USDJPY
0	18:23:33.314	trend_dtrader GBPUSD,H1: Failed modifying USDJPY
0	18:23:34.314	trend_dtrader GBPUSD,H1: Failed modifying USDJPY
0	18:23:35.314	trend_dtrader GBPUSD,H1: Failed modifying USDJPY
0	18:23:36.314	trend_dtrader GBPUSD,H1: Failed modifying USDJPY
0	18:23:37.314	trend_dtrader GBPUSD,H1: Failed modifying USDJPY
0	18:23:38.313	trend_dtrader GBPUSD,H1: Failed modifying USDJPY
0	18:23:39.314	trend_dtrader GBPUSD,H1: Failed modifying USDJPY
0	18:23:40.315	trend_dtrader GBPUSD,H1: Failed modifying USDJPY
0	18:23:41.314	trend_dtrader GBPUSD,H1: Failed modifying USDJPY
0	18:23:42.314	trend_dtrader GBPUSD,H1: Failed modifying USDJPY
0	18:23:43.314	trend_dtrader GBPUSD,H1: Failed modifying USDJPY
0	18:23:44.329	trend_dtrader GBPUSD,H1: Failed modifying USDJPY
0	18:23:45.314	trend_dtrader GBPUSD,H1: Failed modifying USDJPY
0	18:23:46.314	trend_dtrader GBPUSD,H1: Failed modifying USDJPY
0	18:23:47.314	trend_dtrader GBPUSD,H1: Failed modifying USDJPY
0	18:23:48.314	trend_dtrader GBPUSD,H1: Failed modifying USDJPY
0	18:23:49.314	trend_dtrader GBPUSD,H1: Failed modifying USDJPY
0	18:23:50.314	trend_dtrader GBPUSD,H1: Failed modifying USDJPY
0	18:23:51.313	trend_dtrader GBPUSD,H1: Failed modifying USDJPY
0	18:23:52.314	trend_dtrader GBPUSD,H1: Failed modifying USDJPY
0	18:23:53.323	trend_dtrader GBPUSD,H1: Failed modifying USDJPY
0	18:23:54.314	trend_dtrader GBPUSD,H1: Failed modifying USDJPY
0	18:23:55.360	trend_dtrader GBPUSD,H1: Failed modifying USDJPY
0	18:23:56.323	trend_dtrader GBPUSD,H1: Failed modifying USDJPY
0	18:23:57.324	trend_dtrader GBPUSD,H1: Failed modifying USDJPY
0	18:23:58.314	trend_dtrader GBPUSD,H1: Failed modifying USDJPY
0	18:23:59.315	trend_dtrader GBPUSD,H1: Failed modifying USDJPY
0	18:24:00.314	trend_dtrader GBPUSD,H1: Failed modifying USDJPY
0	18:24:01.341	trend_dtrader GBPUSD,H1: Failed modifying USDJPY
0	18:24:02.314	trend_dtrader GBPUSD,H1: Failed modifying USDJPY
0	18:24:03.358	trend_dtrader GBPUSD,H1: Failed modifying USDJPY
0	18:24:04.334	trend_dtrader GBPUSD,H1: Failed modifying USDJPY
0	18:24:05.314	trend_dtrader GBPUSD,H1: Failed modifying USDJPY
0	18:24:06.325	trend_dtrader GBPUSD,H1: Failed modifying USDJPY
0	18:24:07.314	trend_dtrader GBPUSD,H1: Failed modifying USDJPY
0	18:24:08.314	trend_dtrader GBPUSD,H1: Failed modifying USDJPY
0	18:24:09.314	trend_dtrader GBPUSD,H1: Failed modifying USDJPY
0	18:24:10.314	trend_dtrader GBPUSD,H1: Failed modifying USDJPY
0	18:24:11.313	trend_dtrader GBPUSD,H1: Failed modifying USDJPY
0	18:24:12.313	trend_dtrader GBPUSD,H1: Failed modifying USDJPY
0	18:24:13.314	trend_dtrader GBPUSD,H1: Failed modifying USDJPY
0	18:24:14.313	trend_dtrader GBPUSD,H1: Failed modifying USDJPY
0	18:24:15.314	trend_dtrader GBPUSD,H1: Failed modifying USDJPY
0	18:24:16.313	trend_dtrader GBPUSD,H1: Failed modifying USDJPY
0	18:24:17.323	trend_dtrader GBPUSD,H1: Failed modifying USDJPY
0	18:24:18.313	trend_dtrader GBPUSD,H1: Failed modifying USDJPY
0	18:24:19.313	trend_dtrader GBPUSD,H1: Failed modifying USDJPY
0	18:24:20.314	trend_dtrader GBPUSD,H1: Failed modifying USDJPY
0	18:24:21.314	trend_dtrader GBPUSD,H1: Failed modifying USDJPY
0	18:24:22.349	trend_dtrader GBPUSD,H1: Failed modifying USDJPY
0	18:24:23.314	trend_dtrader GBPUSD,H1: Failed modifying USDJPY
0	18:24:24.314	trend_dtrader GBPUSD,H1: Failed modifying USDJPY
0	18:24:25.346	trend_dtrader GBPUSD,H1: Failed modifying USDJPY
0	18:24:26.314	trend_dtrader GBPUSD,H1: Failed modifying USDJPY
0	18:24:27.313	trend_dtrader GBPUSD,H1: Failed modifying USDJPY
0	18:24:28.347	trend_dtrader GBPUSD,H1: Failed modifying USDJPY
0	18:24:29.314	trend_dtrader GBPUSD,H1: Failed modifying USDJPY
0	18:26:05.313	trend_dtrader GBPUSD,H1: Failed modifying USDJPY
0	18:26:06.313	trend_dtrader GBPUSD,H1: Failed modifying USDJPY
0	18:26:07.313	trend_dtrader GBPUSD,H1: Failed modifying USDJPY
0	18:26:08.314	trend_dtrader GBPUSD,H1: Failed modifying USDJPY
0	18:26:09.314	trend_dtrader GBPUSD,H1: Failed modifying USDJPY
0	18:26:10.314	trend_dtrader GBPUSD,H1: Failed modifying USDJPY
0	18:26:11.314	trend_dtrader GBPUSD,H1: Failed modifying USDJPY
0	18:26:12.313	trend_dtrader GBPUSD,H1: Failed modifying USDJPY
0	18:26:13.334	trend_dtrader GBPUSD,H1: Failed modifying USDJPY
0	18:26:14.315	trend_dtrader GBPUSD,H1: Failed modifying USDJPY
0	18:26:15.316	trend_dtrader GBPUSD,H1: Failed modifying USDJPY
0	18:26:16.314	trend_dtrader GBPUSD,H1: Failed modifying USDJPY
0	18:26:17.313	trend_dtrader GBPUSD,H1: Failed modifying USDJPY
0	18:26:18.313	trend_dtrader GBPUSD,H1: Failed modifying USDJPY
0	18:26:19.313	trend_dtrader GBPUSD,H1: Failed modifying USDJPY
0	18:26:20.334	trend_dtrader GBPUSD,H1: Failed modifying USDJPY
0	18:26:21.313	trend_dtrader GBPUSD,H1: Failed modifying USDJPY
0	18:26:22.313	trend_dtrader GBPUSD,H1: Failed modifying USDJPY
0	18:26:23.314	trend_dtrader GBPUSD,H1: Failed modifying USDJPY
0	18:26:24.313	trend_dtrader GBPUSD,H1: Failed modifying USDJPY
0	18:26:25.313	trend_dtrader GBPUSD,H1: Failed modifying USDJPY
0	18:26:26.313	trend_dtrader GBPUSD,H1: Failed modifying USDJPY
0	18:26:27.313	trend_dtrader GBPUSD,H1: Failed modifying USDJPY
0	18:26:28.313	trend_dtrader GBPUSD,H1: Failed modifying USDJPY
0	18:26:29.313	trend_dtrader GBPUSD,H1: Failed modifying USDJPY
0	18:26:30.314	trend_dtrader GBPUSD,H1: Failed modifying USDJPY
0	18:26:31.313	trend_dtrader GBPUSD,H1: Failed modifying USDJPY
0	18:26:32.313	trend_dtrader GBPUSD,H1: Failed modifying USDJPY
0	18:26:33.313	trend_dtrader GBPUSD,H1: Failed modifying USDJPY
0	18:26:34.315	trend_dtrader GBPUSD,H1: Failed modifying USDJPY
0	18:26:35.313	trend_dtrader GBPUSD,H1: Failed modifying USDJPY
0	18:26:36.317	trend_dtrader GBPUSD,H1: Failed modifying USDJPY
0	18:26:37.313	trend_dtrader GBPUSD,H1: Failed modifying USDJPY
0	18:26:38.313	trend_dtrader GBPUSD,H1: Failed modifying USDJPY
0	18:26:39.313	trend_dtrader GBPUSD,H1: Failed modifying USDJPY
0	18:26:40.314	trend_dtrader GBPUSD,H1: Failed modifying USDJPY
0	18:26:41.314	trend_dtrader GBPUSD,H1: Failed modifying USDJPY
0	18:26:42.313	trend_dtrader GBPUSD,H1: Failed modifying USDJPY
0	18:26:43.314	trend_dtrader GBPUSD,H1: Failed modifying USDJPY
0	18:26:44.314	trend_dtrader GBPUSD,H1: Failed modifying USDJPY
0	18:26:45.327	trend_dtrader GBPUSD,H1: Failed modifying USDJPY
0	18:26:46.313	trend_dtrader GBPUSD,H1: Failed modifying USDJPY
0	18:26:47.313	trend_dtrader GBPUSD,H1: Failed modifying USDJPY
0	18:26:48.313	trend_dtrader GBPUSD,H1: Failed modifying USDJPY
0	18:26:49.313	trend_dtrader GBPUSD,H1: Failed modifying USDJPY
0	18:26:50.313	trend_dtrader GBPUSD,H1: Failed modifying USDJPY
0	18:26:51.313	trend_dtrader GBPUSD,H1: Failed modifying USDJPY
0	18:26:52.313	trend_dtrader GBPUSD,H1: Failed modifying USDJPY
0	18:26:53.313	trend_dtrader GBPUSD,H1: Failed modifying USDJPY
0	18:26:54.313	trend_dtrader GBPUSD,H1: Failed modifying USDJPY
0	18:26:55.313	trend_dtrader GBPUSD,H1: Failed modifying USDJPY
0	18:26:56.314	trend_dtrader GBPUSD,H1: Failed modifying USDJPY
0	18:26:57.313	trend_dtrader GBPUSD,H1: Failed modifying USDJPY
0	18:26:58.313	trend_dtrader GBPUSD,H1: Failed modifying USDJPY
0	18:26:59.313	trend_dtrader GBPUSD,H1: Failed modifying USDJPY
0	18:27:00.313	trend_dtrader GBPUSD,H1: Failed modifying USDJPY
0	18:27:01.313	trend_dtrader GBPUSD,H1: Failed modifying USDJPY
0	18:27:02.314	trend_dtrader GBPUSD,H1: Failed modifying USDJPY
0	18:27:03.314	trend_dtrader GBPUSD,H1: Failed modifying USDJPY
0	18:27:04.313	trend_dtrader GBPUSD,H1: Failed modifying USDJPY
0	18:27:05.313	trend_dtrader GBPUSD,H1: Failed modifying USDJPY
0	18:27:06.326	trend_dtrader GBPUSD,H1: Failed modifying USDJPY
0	18:27:07.313	trend_dtrader GBPUSD,H1: Failed modifying USDJPY
0	18:27:08.313	trend_dtrader GBPUSD,H1: Failed modifying USDJPY
0	18:27:09.313	trend_dtrader GBPUSD,H1: Failed modifying USDJPY
0	18:27:10.314	trend_dtrader GBPUSD,H1: Failed modifying USDJPY
0	18:27:11.313	trend_dtrader GBPUSD,H1: Failed modifying USDJPY
0	18:27:12.314	trend_dtrader GBPUSD,H1: Failed modifying USDJPY
0	18:27:13.313	trend_dtrader GBPUSD,H1: Failed modifying USDJPY
0	18:27:14.313	trend_dtrader GBPUSD,H1: Failed modifying USDJPY
0	18:27:15.313	trend_dtrader GBPUSD,H1: Failed modifying USDJPY
0	18:27:16.313	trend_dtrader GBPUSD,H1: Failed modifying USDJPY
0	18:27:17.313	trend_dtrader GBPUSD,H1: Failed modifying USDJPY
0	18:27:18.313	trend_dtrader GBPUSD,H1: Failed modifying USDJPY
0	18:27:19.364	trend_dtrader GBPUSD,H1: Failed modifying USDJPY
0	18:27:20.314	trend_dtrader GBPUSD,H1: Failed modifying USDJPY
0	18:27:21.313	trend_dtrader GBPUSD,H1: Failed modifying USDJPY
0	18:27:22.313	trend_dtrader GBPUSD,H1: Failed modifying USDJPY
0	18:27:23.313	trend_dtrader GBPUSD,H1: Failed modifying USDJPY
0	18:27:24.313	trend_dtrader GBPUSD,H1: Failed modifying USDJPY
0	18:27:25.314	trend_dtrader GBPUSD,H1: Failed modifying USDJPY
0	18:27:26.313	trend_dtrader GBPUSD,H1: Failed modifying USDJPY
0	18:27:27.324	trend_dtrader GBPUSD,H1: Failed modifying USDJPY
0	18:27:28.313	trend_dtrader GBPUSD,H1: Failed modifying USDJPY
0	18:27:29.313	trend_dtrader GBPUSD,H1: Failed modifying USDJPY
0	18:27:30.313	trend_dtrader GBPUSD,H1: Failed modifying USDJPY
0	18:27:31.314	trend_dtrader GBPUSD,H1: Failed modifying USDJPY
0	18:27:32.314	trend_dtrader GBPUSD,H1: Failed modifying USDJPY
0	18:27:33.313	trend_dtrader GBPUSD,H1: Failed modifying USDJPY
0	18:27:34.314	trend_dtrader GBPUSD,H1: Failed modifying USDJPY
0	18:27:35.313	trend_dtrader GBPUSD,H1: Failed modifying USDJPY
0	18:27:36.316	trend_dtrader GBPUSD,H1: Failed modifying USDJPY
0	18:27:37.314	trend_dtrader GBPUSD,H1: Failed modifying USDJPY
0	18:27:38.313	trend_dtrader GBPUSD,H1: Failed modifying USDJPY
0	18:27:39.313	trend_dtrader GBPUSD,H1: Failed modifying USDJPY
0	18:27:40.313	trend_dtrader GBPUSD,H1: Failed modifying USDJPY
0	18:27:41.314	trend_dtrader GBPUSD,H1: Failed modifying USDJPY
0	18:27:42.313	trend_dtrader GBPUSD,H1: Failed modifying USDJPY
0	18:27:43.313	trend_dtrader GBPUSD,H1: Failed modifying USDJPY
0	18:27:44.314	trend_dtrader GBPUSD,H1: Failed modifying USDJPY
0	18:27:45.313	trend_dtrader GBPUSD,H1: Failed modifying USDJPY
0	18:27:46.313	trend_dtrader GBPUSD,H1: Failed modifying USDJPY
0	18:27:47.313	trend_dtrader GBPUSD,H1: Failed modifying USDJPY
0	18:27:48.313	trend_dtrader GBPUSD,H1: Failed modifying USDJPY
0	18:27:49.345	trend_dtrader GBPUSD,H1: Failed modifying USDJPY
0	18:27:50.313	trend_dtrader GBPUSD,H1: Failed modifying USDJPY
0	18:27:51.343	trend_dtrader GBPUSD,H1: Failed modifying USDJPY
0	18:27:52.333	trend_dtrader GBPUSD,H1: Failed modifying USDJPY
0	18:27:53.312	trend_dtrader GBPUSD,H1: Failed modifying USDJPY
0	18:27:54.338	trend_dtrader GBPUSD,H1: Failed modifying USDJPY
0	18:27:55.313	trend_dtrader GBPUSD,H1: Failed modifying USDJPY
0	18:27:56.312	trend_dtrader GBPUSD,H1: Failed modifying USDJPY
0	18:27:57.324	trend_dtrader GBPUSD,H1: Failed modifying USDJPY
0	18:27:58.331	trend_dtrader GBPUSD,H1: Failed modifying USDJPY
0	18:27:59.313	trend_dtrader GBPUSD,H1: Failed modifying USDJPY
0	18:28:00.312	trend_dtrader GBPUSD,H1: Failed modifying USDJPY
0	18:28:01.314	trend_dtrader GBPUSD,H1: Failed modifying USDJPY
0	18:28:02.313	trend_dtrader GBPUSD,H1: Failed modifying USDJPY
0	18:28:03.313	trend_dtrader GBPUSD,H1: Failed modifying USDJPY
0	18:28:04.314	trend_dtrader GBPUSD,H1: Failed modifying USDJPY
0	18:28:05.313	trend_dtrader GBPUSD,H1: Failed modifying USDJPY
0	18:28:06.313	trend_dtrader GBPUSD,H1: Failed modifying USDJPY
0	18:28:07.313	trend_dtrader GBPUSD,H1: Failed modifying USDJPY
0	18:28:08.313	trend_dtrader GBPUSD,H1: Failed modifying USDJPY
0	18:28:09.313	trend_dtrader GBPUSD,H1: Failed modifying USDJPY
0	18:28:10.313	trend_dtrader GBPUSD,H1: Failed modifying USDJPY
0	18:28:11.313	trend_dtrader GBPUSD,H1: Failed modifying USDJPY
0	18:28:12.313	trend_dtrader GBPUSD,H1: Failed modifying USDJPY
0	18:28:13.313	trend_dtrader GBPUSD,H1: Failed modifying USDJPY
0	18:28:14.313	trend_dtrader GBPUSD,H1: Failed modifying USDJPY
0	18:28:15.313	trend_dtrader GBPUSD,H1: Failed modifying USDJPY
0	18:28:16.313	trend_dtrader GBPUSD,H1: Failed modifying USDJPY
0	18:28:17.313	trend_dtrader GBPUSD,H1: Failed modifying USDJPY
0	18:28:18.313	trend_dtrader GBPUSD,H1: Failed modifying USDJPY
0	18:28:19.313	trend_dtrader GBPUSD,H1: Failed modifying USDJPY
0	18:28:20.313	trend_dtrader GBPUSD,H1: Failed modifying USDJPY
0	18:28:21.312	trend_dtrader GBPUSD,H1: Failed modifying USDJPY
0	18:28:22.313	trend_dtrader GBPUSD,H1: Failed modifying USDJPY
0	18:28:23.312	trend_dtrader GBPUSD,H1: Failed modifying USDJPY
0	18:28:24.312	trend_dtrader GBPUSD,H1: Failed modifying USDJPY
0	18:28:25.313	trend_dtrader GBPUSD,H1: Failed modifying USDJPY
0	18:28:26.313	trend_dtrader GBPUSD,H1: Failed modifying USDJPY
0	18:28:27.313	trend_dtrader GBPUSD,H1: Failed modifying USDJPY
0	18:28:28.313	trend_dtrader GBPUSD,H1: Failed modifying USDJPY
0	18:28:29.313	trend_dtrader GBPUSD,H1: Failed modifying USDJPY
0	18:28:30.313	trend_dtrader GBPUSD,H1: Failed modifying USDJPY
0	18:28:31.312	trend_dtrader GBPUSD,H1: Failed modifying USDJPY
0	18:28:32.312	trend_dtrader GBPUSD,H1: Failed modifying USDJPY
0	18:28:33.312	trend_dtrader GBPUSD,H1: Failed modifying USDJPY
0	18:28:34.313	trend_dtrader GBPUSD,H1: Failed modifying USDJPY
0	18:28:35.313	trend_dtrader GBPUSD,H1: Failed modifying USDJPY
0	18:28:36.313	trend_dtrader GBPUSD,H1: Failed modifying USDJPY
0	18:28:37.314	trend_dtrader GBPUSD,H1: Failed modifying USDJPY
0	18:28:38.313	trend_dtrader GBPUSD,H1: Failed modifying USDJPY
0	18:28:39.313	trend_dtrader GBPUSD,H1: Failed modifying USDJPY
0	18:28:40.313	trend_dtrader GBPUSD,H1: Failed modifying USDJPY
0	18:28:41.313	trend_dtrader GBPUSD,H1: Failed modifying USDJPY
0	18:28:42.312	trend_dtrader GBPUSD,H1: Failed modifying USDJPY
0	18:28:43.313	trend_dtrader GBPUSD,H1: Failed modifying USDJPY
0	18:28:44.313	trend_dtrader GBPUSD,H1: Failed modifying USDJPY
0	18:28:45.313	trend_dtrader GBPUSD,H1: Failed modifying USDJPY
0	18:28:46.313	trend_dtrader GBPUSD,H1: Failed modifying USDJPY
0	18:28:47.312	trend_dtrader GBPUSD,H1: Failed modifying USDJPY
0	18:28:48.313	trend_dtrader GBPUSD,H1: Failed modifying USDJPY
0	18:28:49.312	trend_dtrader GBPUSD,H1: Failed modifying USDJPY
0	18:28:50.325	trend_dtrader GBPUSD,H1: Failed modifying USDJPY
0	18:28:51.313	trend_dtrader GBPUSD,H1: Failed modifying USDJPY
0	18:28:52.313	trend_dtrader GBPUSD,H1: Failed modifying USDJPY
0	18:28:53.313	trend_dtrader GBPUSD,H1: Failed modifying USDJPY
0	18:28:54.312	trend_dtrader GBPUSD,H1: Failed modifying USDJPY
0	18:28:55.313	trend_dtrader GBPUSD,H1: Failed modifying USDJPY
0	18:28:56.312	trend_dtrader GBPUSD,H1: Failed modifying USDJPY
0	18:28:57.312	trend_dtrader GBPUSD,H1: Failed modifying USDJPY
0	18:28:58.312	trend_dtrader GBPUSD,H1: Failed modifying USDJPY
0	18:28:59.313	trend_dtrader GBPUSD,H1: Failed modifying USDJPY
0	18:29:00.313	trend_dtrader GBPUSD,H1: Failed modifying USDJPY
0	18:29:01.312	trend_dtrader GBPUSD,H1: Failed modifying USDJPY
0	18:29:02.312	trend_dtrader GBPUSD,H1: Failed modifying USDJPY
0	18:29:03.312	trend_dtrader GBPUSD,H1: Failed modifying USDJPY
0	18:29:04.312	trend_dtrader GBPUSD,H1: Failed modifying USDJPY
0	18:29:05.313	trend_dtrader GBPUSD,H1: Failed modifying USDJPY
0	18:29:06.313	trend_dtrader GBPUSD,H1: Failed modifying USDJPY
0	18:29:07.312	trend_dtrader GBPUSD,H1: Failed modifying USDJPY
0	18:29:08.312	trend_dtrader GBPUSD,H1: Failed modifying USDJPY
0	18:29:09.312	trend_dtrader GBPUSD,H1: Failed modifying USDJPY
0	18:29:10.313	trend_dtrader GBPUSD,H1: Failed modifying USDJPY
0	18:29:11.312	trend_dtrader GBPUSD,H1: Failed modifying USDJPY
0	18:29:12.312	trend_dtrader GBPUSD,H1: Failed modifying USDJPY
0	18:29:14.313	trend_dtrader GBPUSD,H1: Failed modifying USDJPY
0	18:29:15.313	trend_dtrader GBPUSD,H1: Failed modifying USDJPY
0	18:29:17.312	trend_dtrader GBPUSD,H1: Failed modifying USDJPY
0	18:29:18.312	trend_dtrader GBPUSD,H1: Failed modifying USDJPY
0	18:29:19.312	trend_dtrader GBPUSD,H1: Failed modifying USDJPY
0	18:35:20.311	trend_dtrader GBPUSD,H1: Failed modifying USDJPY
0	18:35:21.311	trend_dtrader GBPUSD,H1: Failed modifying USDJPY
0	18:35:22.387	trend_dtrader GBPUSD,H1: Failed modifying USDJPY
0	18:35:23.311	trend_dtrader GBPUSD,H1: Failed modifying USDJPY
0	18:35:24.311	trend_dtrader GBPUSD,H1: Failed modifying USDJPY
0	18:35:25.311	trend_dtrader GBPUSD,H1: Failed modifying USDJPY
0	18:35:26.311	trend_dtrader GBPUSD,H1: Failed modifying USDJPY
0	18:35:27.311	trend_dtrader GBPUSD,H1: Failed modifying USDJPY
0	18:35:28.311	trend_dtrader GBPUSD,H1: Failed modifying USDJPY
0	18:35:29.311	trend_dtrader GBPUSD,H1: Failed modifying USDJPY
0	18:35:30.327	trend_dtrader GBPUSD,H1: Failed modifying USDJPY
0	18:35:31.311	trend_dtrader GBPUSD,H1: Failed modifying USDJPY
0	18:35:32.311	trend_dtrader GBPUSD,H1: Failed modifying USDJPY
0	18:35:33.312	trend_dtrader GBPUSD,H1: Failed modifying USDJPY
0	18:35:34.311	trend_dtrader GBPUSD,H1: Failed modifying USDJPY
0	18:35:35.312	trend_dtrader GBPUSD,H1: Failed modifying USDJPY
0	18:35:36.312	trend_dtrader GBPUSD,H1: Failed modifying USDJPY
0	18:35:37.312	trend_dtrader GBPUSD,H1: Failed modifying USDJPY
0	18:35:38.312	trend_dtrader GBPUSD,H1: Failed modifying USDJPY
0	18:35:39.312	trend_dtrader GBPUSD,H1: Failed modifying USDJPY
0	18:35:40.311	trend_dtrader GBPUSD,H1: Failed modifying USDJPY
0	18:35:41.311	trend_dtrader GBPUSD,H1: Failed modifying USDJPY
0	18:35:42.329	trend_dtrader GBPUSD,H1: Failed modifying USDJPY
0	18:35:43.310	trend_dtrader GBPUSD,H1: Failed modifying USDJPY
0	18:35:44.311	trend_dtrader GBPUSD,H1: Failed modifying USDJPY
0	18:35:45.311	trend_dtrader GBPUSD,H1: Failed modifying USDJPY
0	18:35:46.311	trend_dtrader GBPUSD,H1: Failed modifying USDJPY
0	18:35:47.311	trend_dtrader GBPUSD,H1: Failed modifying USDJPY
0	18:35:48.310	trend_dtrader GBPUSD,H1: Failed modifying USDJPY
0	18:35:49.311	trend_dtrader GBPUSD,H1: Failed modifying USDJPY
0	18:35:50.317	trend_dtrader GBPUSD,H1: Failed modifying USDJPY
0	18:35:51.310	trend_dtrader GBPUSD,H1: Failed modifying USDJPY
0	18:35:52.310	trend_dtrader GBPUSD,H1: Failed modifying USDJPY
0	18:35:53.311	trend_dtrader GBPUSD,H1: Failed modifying USDJPY
0	18:35:54.311	trend_dtrader GBPUSD,H1: Failed modifying USDJPY
0	18:35:55.311	trend_dtrader GBPUSD,H1: Failed modifying USDJPY
0	18:35:56.311	trend_dtrader GBPUSD,H1: Failed modifying USDJPY
0	18:35:57.311	trend_dtrader GBPUSD,H1: Failed modifying USDJPY
0	18:35:58.313	trend_dtrader GBPUSD,H1: Failed modifying USDJPY
0	18:35:59.310	trend_dtrader GBPUSD,H1: Failed modifying USDJPY
0	18:36:00.311	trend_dtrader GBPUSD,H1: Failed modifying USDJPY
0	18:36:01.310	trend_dtrader GBPUSD,H1: Failed modifying USDJPY
0	18:36:02.311	trend_dtrader GBPUSD,H1: Failed modifying USDJPY
0	18:36:03.311	trend_dtrader GBPUSD,H1: Failed modifying USDJPY
0	18:36:04.311	trend_dtrader GBPUSD,H1: Failed modifying USDJPY
0	18:36:05.314	trend_dtrader GBPUSD,H1: Failed modifying USDJPY
0	18:36:06.311	trend_dtrader GBPUSD,H1: Failed modifying USDJPY
0	18:36:07.312	trend_dtrader GBPUSD,H1: Failed modifying USDJPY
0	18:36:08.311	trend_dtrader GBPUSD,H1: Failed modifying USDJPY
0	18:36:09.312	trend_dtrader GBPUSD,H1: Failed modifying USDJPY
0	18:36:10.310	trend_dtrader GBPUSD,H1: Failed modifying USDJPY
0	18:36:11.311	trend_dtrader GBPUSD,H1: Failed modifying USDJPY
0	18:36:12.310	trend_dtrader GBPUSD,H1: Failed modifying USDJPY
0	18:36:13.310	trend_dtrader GBPUSD,H1: Failed modifying USDJPY
0	18:36:14.311	trend_dtrader GBPUSD,H1: Failed modifying USDJPY
0	18:36:15.311	trend_dtrader GBPUSD,H1: Failed modifying USDJPY
0	18:36:16.310	trend_dtrader GBPUSD,H1: Failed modifying USDJPY
0	18:36:17.311	trend_dtrader GBPUSD,H1: Failed modifying USDJPY
0	18:36:18.312	trend_dtrader GBPUSD,H1: Failed modifying USDJPY
0	18:36:19.311	trend_dtrader GBPUSD,H1: Failed modifying USDJPY
0	18:36:20.315	trend_dtrader GBPUSD,H1: Failed modifying USDJPY
0	18:36:21.311	trend_dtrader GBPUSD,H1: Failed modifying USDJPY
0	18:36:22.310	trend_dtrader GBPUSD,H1: Failed modifying USDJPY
0	18:36:23.311	trend_dtrader GBPUSD,H1: Failed modifying USDJPY
0	18:36:24.310	trend_dtrader GBPUSD,H1: Failed modifying USDJPY
0	18:36:25.312	trend_dtrader GBPUSD,H1: Failed modifying USDJPY
0	18:36:26.311	trend_dtrader GBPUSD,H1: Failed modifying USDJPY
0	18:36:27.311	trend_dtrader GBPUSD,H1: Failed modifying USDJPY
0	18:36:28.310	trend_dtrader GBPUSD,H1: Failed modifying USDJPY
0	18:36:29.311	trend_dtrader GBPUSD,H1: Failed modifying USDJPY
0	18:36:30.311	trend_dtrader GBPUSD,H1: Failed modifying USDJPY
0	18:36:31.312	trend_dtrader GBPUSD,H1: Failed modifying USDJPY
0	18:36:32.311	trend_dtrader GBPUSD,H1: Failed modifying USDJPY
0	18:36:33.311	trend_dtrader GBPUSD,H1: Failed modifying USDJPY
0	18:36:34.311	trend_dtrader GBPUSD,H1: Failed modifying USDJPY
0	18:36:35.310	trend_dtrader GBPUSD,H1: Failed modifying USDJPY
0	18:36:36.311	trend_dtrader GBPUSD,H1: Failed modifying USDJPY
0	18:36:37.311	trend_dtrader GBPUSD,H1: Failed modifying USDJPY
0	18:36:38.311	trend_dtrader GBPUSD,H1: Failed modifying USDJPY
0	18:36:39.311	trend_dtrader GBPUSD,H1: Failed modifying USDJPY
0	18:36:40.311	trend_dtrader GBPUSD,H1: Failed modifying USDJPY
0	18:36:41.311	trend_dtrader GBPUSD,H1: Failed modifying USDJPY
0	18:36:42.310	trend_dtrader GBPUSD,H1: Failed modifying USDJPY
0	18:36:43.311	trend_dtrader GBPUSD,H1: Failed modifying USDJPY
0	18:36:44.311	trend_dtrader GBPUSD,H1: Failed modifying USDJPY
0	18:36:45.311	trend_dtrader GBPUSD,H1: Failed modifying USDJPY
0	18:36:46.311	trend_dtrader GBPUSD,H1: Failed modifying USDJPY
0	18:36:47.320	trend_dtrader GBPUSD,H1: Failed modifying USDJPY
0	18:36:48.311	trend_dtrader GBPUSD,H1: Failed modifying USDJPY
0	18:36:49.311	trend_dtrader GBPUSD,H1: Failed modifying USDJPY
0	18:36:50.311	trend_dtrader GBPUSD,H1: Failed modifying USDJPY
0	18:36:51.310	trend_dtrader GBPUSD,H1: Failed modifying USDJPY
0	18:36:52.310	trend_dtrader GBPUSD,H1: Failed modifying USDJPY
0	18:36:53.311	trend_dtrader GBPUSD,H1: Failed modifying USDJPY
0	18:36:54.311	trend_dtrader GBPUSD,H1: Failed modifying USDJPY
0	18:36:55.310	trend_dtrader GBPUSD,H1: Failed modifying USDJPY
0	18:36:56.311	trend_dtrader GBPUSD,H1: Failed modifying USDJPY
0	18:36:57.312	trend_dtrader GBPUSD,H1: Failed modifying USDJPY
0	18:36:58.310	trend_dtrader GBPUSD,H1: Failed modifying USDJPY
0	18:36:59.311	trend_dtrader GBPUSD,H1: Failed modifying USDJPY
0	18:37:00.311	trend_dtrader GBPUSD,H1: Failed modifying USDJPY
0	18:37:01.310	trend_dtrader GBPUSD,H1: Failed modifying USDJPY
0	18:37:02.310	trend_dtrader GBPUSD,H1: Failed modifying USDJPY
0	18:37:03.311	trend_dtrader GBPUSD,H1: Failed modifying USDJPY
0	18:37:04.311	trend_dtrader GBPUSD,H1: Failed modifying USDJPY
0	18:37:05.310	trend_dtrader GBPUSD,H1: Failed modifying USDJPY
0	18:37:06.310	trend_dtrader GBPUSD,H1: Failed modifying USDJPY
0	18:37:07.310	trend_dtrader GBPUSD,H1: Failed modifying USDJPY
0	18:37:08.311	trend_dtrader GBPUSD,H1: Failed modifying USDJPY
0	18:37:09.310	trend_dtrader GBPUSD,H1: Failed modifying USDJPY
0	18:37:10.312	trend_dtrader GBPUSD,H1: Failed modifying USDJPY
0	18:37:11.311	trend_dtrader GBPUSD,H1: Failed modifying USDJPY
0	18:37:12.310	trend_dtrader GBPUSD,H1: Failed modifying USDJPY
0	18:37:13.310	trend_dtrader GBPUSD,H1: Failed modifying USDJPY
0	18:37:14.310	trend_dtrader GBPUSD,H1: Failed modifying USDJPY
0	18:37:15.311	trend_dtrader GBPUSD,H1: Failed modifying USDJPY
0	18:37:16.310	trend_dtrader GBPUSD,H1: Failed modifying USDJPY
0	18:37:17.311	trend_dtrader GBPUSD,H1: Failed modifying USDJPY
0	18:37:18.311	trend_dtrader GBPUSD,H1: Failed modifying USDJPY
0	18:37:19.310	trend_dtrader GBPUSD,H1: Failed modifying USDJPY
0	18:37:20.310	trend_dtrader GBPUSD,H1: Failed modifying USDJPY
0	18:37:21.311	trend_dtrader GBPUSD,H1: Failed modifying USDJPY
0	18:37:22.311	trend_dtrader GBPUSD,H1: Failed modifying USDJPY
0	18:37:23.310	trend_dtrader GBPUSD,H1: Failed modifying USDJPY
0	18:37:24.311	trend_dtrader GBPUSD,H1: Failed modifying USDJPY
0	18:37:25.311	trend_dtrader GBPUSD,H1: Failed modifying USDJPY
0	18:37:26.328	trend_dtrader GBPUSD,H1: Failed modifying USDJPY
0	18:37:27.310	trend_dtrader GBPUSD,H1: Failed modifying USDJPY
0	18:37:28.310	trend_dtrader GBPUSD,H1: Failed modifying USDJPY
0	18:37:29.310	trend_dtrader GBPUSD,H1: Failed modifying USDJPY
0	18:37:30.311	trend_dtrader GBPUSD,H1: Failed modifying USDJPY
0	18:37:31.310	trend_dtrader GBPUSD,H1: Failed modifying USDJPY
0	18:37:32.311	trend_dtrader GBPUSD,H1: Failed modifying USDJPY
0	18:37:33.311	trend_dtrader GBPUSD,H1: Failed modifying USDJPY
0	18:37:34.311	trend_dtrader GBPUSD,H1: Failed modifying USDJPY
0	18:37:35.310	trend_dtrader GBPUSD,H1: Failed modifying USDJPY
0	18:37:36.313	trend_dtrader GBPUSD,H1: Failed modifying USDJPY
0	18:37:37.311	trend_dtrader GBPUSD,H1: Failed modifying USDJPY
0	18:37:38.323	trend_dtrader GBPUSD,H1: Failed modifying USDJPY
0	18:37:39.310	trend_dtrader GBPUSD,H1: Failed modifying USDJPY
0	18:37:40.311	trend_dtrader GBPUSD,H1: Failed modifying USDJPY
0	18:37:41.310	trend_dtrader GBPUSD,H1: Failed modifying USDJPY
0	18:37:42.311	trend_dtrader GBPUSD,H1: Failed modifying USDJPY
0	18:37:43.310	trend_dtrader GBPUSD,H1: Failed modifying USDJPY
0	18:37:44.311	trend_dtrader GBPUSD,H1: Failed modifying USDJPY
0	18:37:45.310	trend_dtrader GBPUSD,H1: Failed modifying USDJPY
0	18:37:46.310	trend_dtrader GBPUSD,H1: Failed modifying USDJPY
0	18:37:47.310	trend_dtrader GBPUSD,H1: Failed modifying USDJPY
0	18:37:48.310	trend_dtrader GBPUSD,H1: Failed modifying USDJPY
0	18:37:49.311	trend_dtrader GBPUSD,H1: Failed modifying USDJPY
0	18:37:50.310	trend_dtrader GBPUSD,H1: Failed modifying USDJPY
0	18:37:51.311	trend_dtrader GBPUSD,H1: Failed modifying USDJPY
0	18:37:52.311	trend_dtrader GBPUSD,H1: Failed modifying USDJPY
0	18:37:53.310	trend_dtrader GBPUSD,H1: Failed modifying USDJPY
0	18:37:54.310	trend_dtrader GBPUSD,H1: Failed modifying USDJPY
0	18:37:55.310	trend_dtrader GBPUSD,H1: Failed modifying USDJPY
0	18:37:56.310	trend_dtrader GBPUSD,H1: Failed modifying USDJPY
0	18:37:57.310	trend_dtrader GBPUSD,H1: Failed modifying USDJPY
0	18:37:58.313	trend_dtrader GBPUSD,H1: Failed modifying USDJPY
0	18:37:59.311	trend_dtrader GBPUSD,H1: Failed modifying USDJPY
0	18:38:00.310	trend_dtrader GBPUSD,H1: Failed modifying USDJPY
0	18:38:01.327	trend_dtrader GBPUSD,H1: Failed modifying USDJPY
0	18:38:02.311	trend_dtrader GBPUSD,H1: Failed modifying USDJPY
0	18:38:03.310	trend_dtrader GBPUSD,H1: Failed modifying USDJPY
0	18:38:04.311	trend_dtrader GBPUSD,H1: Failed modifying USDJPY
0	18:38:05.310	trend_dtrader GBPUSD,H1: Failed modifying USDJPY
0	18:38:06.310	trend_dtrader GBPUSD,H1: Failed modifying USDJPY
0	18:38:07.311	trend_dtrader GBPUSD,H1: Failed modifying USDJPY
0	18:38:08.310	trend_dtrader GBPUSD,H1: Failed modifying USDJPY
0	18:38:09.310	trend_dtrader GBPUSD,H1: Failed modifying USDJPY
0	18:38:10.311	trend_dtrader GBPUSD,H1: Failed modifying USDJPY
0	18:38:11.310	trend_dtrader GBPUSD,H1: Failed modifying USDJPY
0	18:38:12.311	trend_dtrader GBPUSD,H1: Failed modifying USDJPY
0	18:38:13.311	trend_dtrader GBPUSD,H1: Failed modifying USDJPY
0	18:38:14.314	trend_dtrader GBPUSD,H1: Failed modifying USDJPY
0	18:38:15.310	trend_dtrader GBPUSD,H1: Failed modifying USDJPY
0	18:38:16.310	trend_dtrader GBPUSD,H1: Failed modifying USDJPY
0	18:38:17.334	trend_dtrader GBPUSD,H1: Failed modifying USDJPY
0	18:38:18.310	trend_dtrader GBPUSD,H1: Failed modifying USDJPY
0	18:38:19.310	trend_dtrader GBPUSD,H1: Failed modifying USDJPY
0	18:38:20.310	trend_dtrader GBPUSD,H1: Failed modifying USDJPY
0	18:38:21.311	trend_dtrader GBPUSD,H1: Failed modifying USDJPY
0	18:38:22.339	trend_dtrader GBPUSD,H1: Failed modifying USDJPY
0	18:38:23.310	trend_dtrader GBPUSD,H1: Failed modifying USDJPY
0	18:38:24.310	trend_dtrader GBPUSD,H1: Failed modifying USDJPY
0	18:38:25.312	trend_dtrader GBPUSD,H1: Failed modifying USDJPY
0	18:38:26.311	trend_dtrader GBPUSD,H1: Failed modifying USDJPY
0	18:38:27.328	trend_dtrader GBPUSD,H1: Failed modifying USDJPY
0	18:38:28.311	trend_dtrader GBPUSD,H1: Failed modifying USDJPY
0	18:38:29.312	trend_dtrader GBPUSD,H1: Failed modifying USDJPY
0	18:38:30.310	trend_dtrader GBPUSD,H1: Failed modifying USDJPY
0	18:38:31.311	trend_dtrader GBPUSD,H1: Failed modifying USDJPY
0	18:38:32.310	trend_dtrader GBPUSD,H1: Failed modifying USDJPY
0	18:38:33.315	trend_dtrader GBPUSD,H1: Failed modifying USDJPY
0	18:38:34.316	trend_dtrader GBPUSD,H1: Failed modifying USDJPY
0	18:38:35.311	trend_dtrader GBPUSD,H1: Failed modifying USDJPY
0	18:38:36.310	trend_dtrader GBPUSD,H1: Failed modifying USDJPY
0	18:38:37.311	trend_dtrader GBPUSD,H1: Failed modifying USDJPY
0	18:38:38.310	trend_dtrader GBPUSD,H1: Failed modifying USDJPY
0	18:38:39.310	trend_dtrader GBPUSD,H1: Failed modifying USDJPY
0	18:38:40.310	trend_dtrader GBPUSD,H1: Failed modifying USDJPY
0	18:38:41.311	trend_dtrader GBPUSD,H1: Failed modifying USDJPY
0	18:38:42.310	trend_dtrader GBPUSD,H1: Failed modifying USDJPY
0	18:38:43.310	trend_dtrader GBPUSD,H1: Failed modifying USDJPY
0	18:38:44.310	trend_dtrader GBPUSD,H1: Failed modifying USDJPY
0	18:38:45.310	trend_dtrader GBPUSD,H1: Failed modifying USDJPY
0	18:38:46.311	trend_dtrader GBPUSD,H1: Failed modifying USDJPY
0	18:38:47.310	trend_dtrader GBPUSD,H1: Failed modifying USDJPY
0	18:38:48.310	trend_dtrader GBPUSD,H1: Failed modifying USDJPY
0	18:38:49.310	trend_dtrader GBPUSD,H1: Failed modifying USDJPY
0	18:38:50.310	trend_dtrader GBPUSD,H1: Failed modifying USDJPY
0	18:38:51.310	trend_dtrader GBPUSD,H1: Failed modifying USDJPY
0	18:38:52.310	trend_dtrader GBPUSD,H1: Failed modifying USDJPY
0	18:38:53.310	trend_dtrader GBPUSD,H1: Failed modifying USDJPY
0	18:38:54.310	trend_dtrader GBPUSD,H1: Failed modifying USDJPY
0	18:38:55.310	trend_dtrader GBPUSD,H1: Failed modifying USDJPY
0	18:38:56.311	trend_dtrader GBPUSD,H1: Failed modifying USDJPY
0	18:38:57.310	trend_dtrader GBPUSD,H1: Failed modifying USDJPY
0	18:38:58.310	trend_dtrader GBPUSD,H1: Failed modifying USDJPY
0	18:38:59.311	trend_dtrader GBPUSD,H1: Failed modifying USDJPY
0	18:39:00.310	trend_dtrader GBPUSD,H1: Failed modifying USDJPY
0	18:39:01.310	trend_dtrader GBPUSD,H1: Failed modifying USDJPY
0	18:39:02.310	trend_dtrader GBPUSD,H1: Failed modifying USDJPY
0	18:39:03.310	trend_dtrader GBPUSD,H1: Failed modifying USDJPY
0	18:39:04.310	trend_dtrader GBPUSD,H1: Failed modifying USDJPY
0	18:39:05.310	trend_dtrader GBPUSD,H1: Failed modifying USDJPY
0	18:39:06.310	trend_dtrader GBPUSD,H1: Failed modifying USDJPY
0	18:39:07.310	trend_dtrader GBPUSD,H1: Failed modifying USDJPY
0	18:39:08.337	trend_dtrader GBPUSD,H1: Failed modifying USDJPY
0	18:39:09.315	trend_dtrader GBPUSD,H1: Failed modifying USDJPY
0	18:39:10.310	trend_dtrader GBPUSD,H1: Failed modifying USDJPY
0	18:39:11.310	trend_dtrader GBPUSD,H1: Failed modifying USDJPY
0	18:39:12.310	trend_dtrader GBPUSD,H1: Failed modifying USDJPY
0	18:39:13.311	trend_dtrader GBPUSD,H1: Failed modifying USDJPY
0	18:39:14.310	trend_dtrader GBPUSD,H1: Failed modifying USDJPY
0	18:39:15.310	trend_dtrader GBPUSD,H1: Failed modifying USDJPY
0	18:39:16.311	trend_dtrader GBPUSD,H1: Failed modifying USDJPY
0	18:39:17.310	trend_dtrader GBPUSD,H1: Failed modifying USDJPY
0	18:39:18.310	trend_dtrader GBPUSD,H1: Failed modifying USDJPY
0	18:39:19.310	trend_dtrader GBPUSD,H1: Failed modifying USDJPY
0	18:39:20.310	trend_dtrader GBPUSD,H1: Failed modifying USDJPY
0	18:39:21.310	trend_dtrader GBPUSD,H1: Failed modifying USDJPY
0	18:39:22.310	trend_dtrader GBPUSD,H1: Failed modifying USDJPY
0	18:39:23.310	trend_dtrader GBPUSD,H1: Failed modifying USDJPY
0	18:39:24.310	trend_dtrader GBPUSD,H1: Failed modifying USDJPY
0	18:39:25.310	trend_dtrader GBPUSD,H1: Failed modifying USDJPY
0	18:39:26.310	trend_dtrader GBPUSD,H1: Failed modifying USDJPY
0	18:39:27.310	trend_dtrader GBPUSD,H1: Failed modifying USDJPY
0	18:39:28.310	trend_dtrader GBPUSD,H1: Failed modifying USDJPY
0	18:39:29.310	trend_dtrader GBPUSD,H1: Failed modifying USDJPY
0	18:39:30.310	trend_dtrader GBPUSD,H1: Failed modifying USDJPY
0	18:39:31.310	trend_dtrader GBPUSD,H1: Failed modifying USDJPY
0	18:39:32.311	trend_dtrader GBPUSD,H1: Failed modifying USDJPY
0	18:39:33.310	trend_dtrader GBPUSD,H1: Failed modifying USDJPY
0	18:39:34.310	trend_dtrader GBPUSD,H1: Failed modifying USDJPY
0	18:39:35.310	trend_dtrader GBPUSD,H1: Failed modifying USDJPY
0	18:39:36.310	trend_dtrader GBPUSD,H1: Failed modifying USDJPY
0	18:39:37.310	trend_dtrader GBPUSD,H1: Failed modifying USDJPY
0	18:39:38.309	trend_dtrader GBPUSD,H1: Failed modifying USDJPY
0	18:39:39.310	trend_dtrader GBPUSD,H1: Failed modifying USDJPY
0	18:39:40.310	trend_dtrader GBPUSD,H1: Failed modifying USDJPY
0	18:39:41.310	trend_dtrader GBPUSD,H1: Failed modifying USDJPY
0	18:39:42.311	trend_dtrader GBPUSD,H1: Failed modifying USDJPY
0	18:39:43.310	trend_dtrader GBPUSD,H1: Failed modifying USDJPY
0	18:39:44.310	trend_dtrader GBPUSD,H1: Failed modifying USDJPY
0	18:39:45.310	trend_dtrader GBPUSD,H1: Failed modifying USDJPY
0	18:39:46.310	trend_dtrader GBPUSD,H1: Failed modifying USDJPY
0	18:39:47.310	trend_dtrader GBPUSD,H1: Failed modifying USDJPY
0	18:39:48.310	trend_dtrader GBPUSD,H1: Failed modifying USDJPY
0	18:39:49.310	trend_dtrader GBPUSD,H1: Failed modifying USDJPY
0	18:39:50.309	trend_dtrader GBPUSD,H1: Failed modifying USDJPY
0	18:39:51.311	trend_dtrader GBPUSD,H1: Failed modifying USDJPY
0	18:39:52.309	trend_dtrader GBPUSD,H1: Failed modifying USDJPY
0	18:39:53.310	trend_dtrader GBPUSD,H1: Failed modifying USDJPY
0	18:39:54.310	trend_dtrader GBPUSD,H1: Failed modifying USDJPY
0	18:39:55.310	trend_dtrader GBPUSD,H1: Failed modifying USDJPY
0	18:39:56.310	trend_dtrader GBPUSD,H1: Failed modifying USDJPY
0	18:39:57.310	trend_dtrader GBPUSD,H1: Failed modifying USDJPY
0	18:39:58.310	trend_dtrader GBPUSD,H1: Failed modifying USDJPY
0	18:39:59.310	trend_dtrader GBPUSD,H1: Failed modifying USDJPY
0	18:40:00.311	trend_dtrader GBPUSD,H1: Failed modifying USDJPY
0	18:40:01.310	trend_dtrader GBPUSD,H1: Failed modifying USDJPY
0	18:40:02.309	trend_dtrader GBPUSD,H1: Failed modifying USDJPY
0	18:40:03.310	trend_dtrader GBPUSD,H1: Failed modifying USDJPY
0	18:40:04.310	trend_dtrader GBPUSD,H1: Failed modifying USDJPY
0	18:40:05.309	trend_dtrader GBPUSD,H1: Failed modifying USDJPY
0	18:40:06.310	trend_dtrader GBPUSD,H1: Failed modifying USDJPY
0	18:40:07.309	trend_dtrader GBPUSD,H1: Failed modifying USDJPY
0	18:40:08.309	trend_dtrader GBPUSD,H1: Failed modifying USDJPY
0	18:40:09.309	trend_dtrader GBPUSD,H1: Failed modifying USDJPY
0	18:40:10.311	trend_dtrader GBPUSD,H1: Failed modifying USDJPY
0	18:40:11.310	trend_dtrader GBPUSD,H1: Failed modifying USDJPY
0	18:40:12.310	trend_dtrader GBPUSD,H1: Failed modifying USDJPY
0	18:40:13.310	trend_dtrader GBPUSD,H1: Failed modifying USDJPY
0	18:40:14.310	trend_dtrader GBPUSD,H1: Failed modifying USDJPY
0	18:40:15.310	trend_dtrader GBPUSD,H1: Failed modifying USDJPY
0	18:40:16.311	trend_dtrader GBPUSD,H1: Failed modifying USDJPY
0	18:40:17.310	trend_dtrader GBPUSD,H1: Failed modifying USDJPY
0	18:40:18.310	trend_dtrader GBPUSD,H1: Failed modifying USDJPY
0	18:40:19.310	trend_dtrader GBPUSD,H1: Failed modifying USDJPY
0	18:40:20.320	trend_dtrader GBPUSD,H1: Failed modifying USDJPY
0	18:40:21.310	trend_dtrader GBPUSD,H1: Failed modifying USDJPY
0	18:40:22.310	trend_dtrader GBPUSD,H1: Failed modifying USDJPY
0	18:40:23.310	trend_dtrader GBPUSD,H1: Failed modifying USDJPY
0	18:40:24.327	trend_dtrader GBPUSD,H1: Failed modifying USDJPY
0	18:40:25.309	trend_dtrader GBPUSD,H1: Failed modifying USDJPY
0	18:40:26.310	trend_dtrader GBPUSD,H1: Failed modifying USDJPY
0	18:40:27.309	trend_dtrader GBPUSD,H1: Failed modifying USDJPY
0	18:40:28.310	trend_dtrader GBPUSD,H1: Failed modifying USDJPY
0	18:40:29.310	trend_dtrader GBPUSD,H1: Failed modifying USDJPY
0	18:40:30.352	trend_dtrader GBPUSD,H1: Failed modifying USDJPY
0	18:40:31.309	trend_dtrader GBPUSD,H1: Failed modifying USDJPY
0	18:40:32.309	trend_dtrader GBPUSD,H1: Failed modifying USDJPY
0	18:40:33.309	trend_dtrader GBPUSD,H1: Failed modifying USDJPY
0	18:40:34.310	trend_dtrader GBPUSD,H1: Failed modifying USDJPY
0	18:40:35.310	trend_dtrader GBPUSD,H1: Failed modifying USDJPY
0	18:40:36.310	trend_dtrader GBPUSD,H1: Failed modifying USDJPY
0	18:40:37.310	trend_dtrader GBPUSD,H1: Failed modifying USDJPY
0	18:40:38.309	trend_dtrader GBPUSD,H1: Failed modifying USDJPY
0	18:40:39.309	trend_dtrader GBPUSD,H1: Failed modifying USDJPY
0	18:40:40.310	trend_dtrader GBPUSD,H1: Failed modifying USDJPY
0	18:40:41.310	trend_dtrader GBPUSD,H1: Failed modifying USDJPY
0	18:40:42.309	trend_dtrader GBPUSD,H1: Failed modifying USDJPY
0	18:40:43.310	trend_dtrader GBPUSD,H1: Failed modifying USDJPY
0	18:40:44.310	trend_dtrader GBPUSD,H1: Failed modifying USDJPY
0	18:40:45.309	trend_dtrader GBPUSD,H1: Failed modifying USDJPY
0	18:40:46.310	trend_dtrader GBPUSD,H1: Failed modifying USDJPY
0	18:40:47.310	trend_dtrader GBPUSD,H1: Failed modifying USDJPY
0	18:40:48.309	trend_dtrader GBPUSD,H1: Failed modifying USDJPY
0	18:40:49.310	trend_dtrader GBPUSD,H1: Failed modifying USDJPY
0	18:40:50.311	trend_dtrader GBPUSD,H1: Failed modifying USDJPY
0	18:40:51.311	trend_dtrader GBPUSD,H1: Failed modifying USDJPY
0	18:40:52.310	trend_dtrader GBPUSD,H1: Failed modifying USDJPY
0	18:40:53.310	trend_dtrader GBPUSD,H1: Failed modifying USDJPY
0	18:40:54.310	trend_dtrader GBPUSD,H1: Failed modifying USDJPY
0	18:40:55.310	trend_dtrader GBPUSD,H1: Failed modifying USDJPY
0	18:40:56.311	trend_dtrader GBPUSD,H1: Failed modifying USDJPY
0	18:40:57.310	trend_dtrader GBPUSD,H1: Failed modifying USDJPY
0	18:40:58.310	trend_dtrader GBPUSD,H1: Failed modifying USDJPY
0	18:40:59.310	trend_dtrader GBPUSD,H1: Failed modifying USDJPY
0	18:41:00.310	trend_dtrader GBPUSD,H1: Failed modifying USDJPY
0	18:41:01.311	trend_dtrader GBPUSD,H1: Failed modifying USDJPY
0	18:41:02.311	trend_dtrader GBPUSD,H1: Failed modifying USDJPY
0	18:41:03.315	trend_dtrader GBPUSD,H1: Failed modifying USDJPY
0	18:41:04.310	trend_dtrader GBPUSD,H1: Failed modifying USDJPY
0	18:41:05.309	trend_dtrader GBPUSD,H1: Failed modifying USDJPY
0	18:41:06.342	trend_dtrader GBPUSD,H1: Failed modifying USDJPY
0	18:41:07.310	trend_dtrader GBPUSD,H1: Failed modifying USDJPY
0	18:41:08.310	trend_dtrader GBPUSD,H1: Failed modifying USDJPY
0	18:41:09.310	trend_dtrader GBPUSD,H1: Failed modifying USDJPY
0	18:41:10.310	trend_dtrader GBPUSD,H1: Failed modifying USDJPY
0	18:41:11.349	trend_dtrader GBPUSD,H1: Failed modifying USDJPY
0	18:41:12.349	trend_dtrader GBPUSD,H1: Failed modifying USDJPY
0	18:41:13.309	trend_dtrader GBPUSD,H1: Failed modifying USDJPY
0	18:41:14.309	trend_dtrader GBPUSD,H1: Failed modifying USDJPY
0	18:41:15.310	trend_dtrader GBPUSD,H1: Failed modifying USDJPY
0	18:41:16.329	trend_dtrader GBPUSD,H1: Failed modifying USDJPY
0	18:41:17.315	trend_dtrader GBPUSD,H1: Failed modifying USDJPY
0	18:41:18.310	trend_dtrader GBPUSD,H1: Failed modifying USDJPY
0	18:41:19.309	trend_dtrader GBPUSD,H1: Failed modifying USDJPY
0	18:41:20.311	trend_dtrader GBPUSD,H1: Failed modifying USDJPY
0	18:41:21.310	trend_dtrader GBPUSD,H1: Failed modifying USDJPY
0	18:41:22.310	trend_dtrader GBPUSD,H1: Failed modifying USDJPY
0	18:41:23.310	trend_dtrader GBPUSD,H1: Failed modifying USDJPY
0	18:41:24.311	trend_dtrader GBPUSD,H1: Failed modifying USDJPY
0	18:41:25.309	trend_dtrader GBPUSD,H1: Failed modifying USDJPY
0	18:41:26.311	trend_dtrader GBPUSD,H1: Failed modifying USDJPY
0	18:41:27.309	trend_dtrader GBPUSD,H1: Failed modifying USDJPY
0	18:41:28.310	trend_dtrader GBPUSD,H1: Failed modifying USDJPY
0	18:41:29.313	trend_dtrader GBPUSD,H1: Failed modifying USDJPY
0	18:41:30.311	trend_dtrader GBPUSD,H1: Failed modifying USDJPY
0	18:41:31.310	trend_dtrader GBPUSD,H1: Failed modifying USDJPY
0	18:41:32.312	trend_dtrader GBPUSD,H1: Failed modifying USDJPY
0	18:41:33.311	trend_dtrader GBPUSD,H1: Failed modifying USDJPY
0	18:41:34.310	trend_dtrader GBPUSD,H1: Failed modifying USDJPY
0	18:41:35.312	trend_dtrader GBPUSD,H1: Failed modifying USDJPY
0	18:41:36.310	trend_dtrader GBPUSD,H1: Failed modifying USDJPY
0	18:41:37.310	trend_dtrader GBPUSD,H1: Failed modifying USDJPY
0	18:41:38.310	trend_dtrader GBPUSD,H1: Failed modifying USDJPY
0	18:41:39.309	trend_dtrader GBPUSD,H1: Failed modifying USDJPY
0	18:41:40.310	trend_dtrader GBPUSD,H1: Failed modifying USDJPY
0	18:41:41.310	trend_dtrader GBPUSD,H1: Failed modifying USDJPY
0	18:41:42.309	trend_dtrader GBPUSD,H1: Failed modifying USDJPY
0	18:41:43.310	trend_dtrader GBPUSD,H1: Failed modifying USDJPY
0	18:41:44.312	trend_dtrader GBPUSD,H1: Failed modifying USDJPY
0	18:41:45.312	trend_dtrader GBPUSD,H1: Failed modifying USDJPY
0	18:41:46.309	trend_dtrader GBPUSD,H1: Failed modifying USDJPY
0	18:41:47.310	trend_dtrader GBPUSD,H1: Failed modifying USDJPY
0	18:41:48.310	trend_dtrader GBPUSD,H1: Failed modifying USDJPY
0	18:41:49.310	trend_dtrader GBPUSD,H1: Failed modifying USDJPY
0	18:41:50.310	trend_dtrader GBPUSD,H1: Failed modifying USDJPY
0	18:41:51.340	trend_dtrader GBPUSD,H1: Failed modifying USDJPY
0	18:41:52.310	trend_dtrader GBPUSD,H1: Failed modifying USDJPY
0	18:41:53.310	trend_dtrader GBPUSD,H1: Failed modifying USDJPY
0	18:41:54.310	trend_dtrader GBPUSD,H1: Failed modifying USDJPY
0	18:41:55.310	trend_dtrader GBPUSD,H1: Failed modifying USDJPY
0	18:41:56.309	trend_dtrader GBPUSD,H1: Failed modifying USDJPY
0	18:41:57.310	trend_dtrader GBPUSD,H1: Failed modifying USDJPY
0	18:41:58.310	trend_dtrader GBPUSD,H1: Failed modifying USDJPY
0	18:41:59.310	trend_dtrader GBPUSD,H1: Failed modifying USDJPY
0	18:42:00.309	trend_dtrader GBPUSD,H1: Failed modifying USDJPY
0	18:42:01.309	trend_dtrader GBPUSD,H1: Failed modifying USDJPY
0	18:42:02.309	trend_dtrader GBPUSD,H1: Failed modifying USDJPY
0	18:42:03.310	trend_dtrader GBPUSD,H1: Failed modifying USDJPY
0	18:42:04.310	trend_dtrader GBPUSD,H1: Failed modifying USDJPY
0	18:42:05.309	trend_dtrader GBPUSD,H1: Failed modifying USDJPY
0	18:42:06.310	trend_dtrader GBPUSD,H1: Failed modifying USDJPY
0	18:42:07.309	trend_dtrader GBPUSD,H1: Failed modifying USDJPY
0	18:42:08.309	trend_dtrader GBPUSD,H1: Failed modifying USDJPY
0	18:42:09.310	trend_dtrader GBPUSD,H1: Failed modifying USDJPY
0	18:42:10.311	trend_dtrader GBPUSD,H1: Failed modifying USDJPY
0	18:42:11.310	trend_dtrader GBPUSD,H1: Failed modifying USDJPY
0	18:42:12.309	trend_dtrader GBPUSD,H1: Failed modifying USDJPY
0	18:42:13.309	trend_dtrader GBPUSD,H1: Failed modifying USDJPY
0	18:42:14.309	trend_dtrader GBPUSD,H1: Failed modifying USDJPY
0	18:42:15.310	trend_dtrader GBPUSD,H1: Failed modifying USDJPY
0	18:42:16.309	trend_dtrader GBPUSD,H1: Failed modifying USDJPY
0	18:42:17.310	trend_dtrader GBPUSD,H1: Failed modifying USDJPY
0	18:42:18.309	trend_dtrader GBPUSD,H1: Failed modifying USDJPY
0	18:42:19.309	trend_dtrader GBPUSD,H1: Failed modifying USDJPY
0	18:42:20.309	trend_dtrader GBPUSD,H1: Failed modifying USDJPY
0	18:42:21.309	trend_dtrader GBPUSD,H1: Failed modifying USDJPY
0	18:42:22.309	trend_dtrader GBPUSD,H1: Failed modifying USDJPY
0	18:42:23.310	trend_dtrader GBPUSD,H1: Failed modifying USDJPY
0	18:42:24.309	trend_dtrader GBPUSD,H1: Failed modifying USDJPY
0	18:42:25.310	trend_dtrader GBPUSD,H1: Failed modifying USDJPY
0	18:42:26.310	trend_dtrader GBPUSD,H1: Failed modifying USDJPY
0	18:42:27.310	trend_dtrader GBPUSD,H1: Failed modifying USDJPY
0	18:42:28.310	trend_dtrader GBPUSD,H1: Failed modifying USDJPY
0	18:42:29.309	trend_dtrader GBPUSD,H1: Failed modifying USDJPY
0	18:42:30.309	trend_dtrader GBPUSD,H1: Failed modifying USDJPY
0	18:42:31.310	trend_dtrader GBPUSD,H1: Failed modifying USDJPY
0	18:42:32.309	trend_dtrader GBPUSD,H1: Failed modifying USDJPY
0	18:42:33.310	trend_dtrader GBPUSD,H1: Failed modifying USDJPY
0	18:42:34.309	trend_dtrader GBPUSD,H1: Failed modifying USDJPY
0	18:42:35.309	trend_dtrader GBPUSD,H1: Failed modifying USDJPY
0	18:42:36.310	trend_dtrader GBPUSD,H1: Failed modifying USDJPY
0	18:42:37.310	trend_dtrader GBPUSD,H1: Failed modifying USDJPY
0	18:42:38.310	trend_dtrader GBPUSD,H1: Failed modifying USDJPY
0	18:42:39.310	trend_dtrader GBPUSD,H1: Failed modifying USDJPY
0	18:42:40.309	trend_dtrader GBPUSD,H1: Failed modifying USDJPY
0	18:42:41.309	trend_dtrader GBPUSD,H1: Failed modifying USDJPY
0	18:42:42.309	trend_dtrader GBPUSD,H1: Failed modifying USDJPY
0	18:42:43.309	trend_dtrader GBPUSD,H1: Failed modifying USDJPY
0	18:42:44.310	trend_dtrader GBPUSD,H1: Failed modifying USDJPY
0	18:42:45.310	trend_dtrader GBPUSD,H1: Failed modifying USDJPY
0	18:42:46.309	trend_dtrader GBPUSD,H1: Failed modifying USDJPY
0	18:42:47.309	trend_dtrader GBPUSD,H1: Failed modifying USDJPY
0	18:42:48.310	trend_dtrader GBPUSD,H1: Failed modifying USDJPY
0	18:42:49.309	trend_dtrader GBPUSD,H1: Failed modifying USDJPY
0	18:42:50.309	trend_dtrader GBPUSD,H1: Failed modifying USDJPY
0	18:42:51.310	trend_dtrader GBPUSD,H1: Failed modifying USDJPY
0	18:42:52.309	trend_dtrader GBPUSD,H1: Failed modifying USDJPY
0	18:42:53.339	trend_dtrader GBPUSD,H1: Failed modifying USDJPY
0	18:42:54.309	trend_dtrader GBPUSD,H1: Failed modifying USDJPY
0	18:42:55.309	trend_dtrader GBPUSD,H1: Failed modifying USDJPY
0	18:42:56.309	trend_dtrader GBPUSD,H1: Failed modifying USDJPY
0	18:42:57.309	trend_dtrader GBPUSD,H1: Failed modifying USDJPY
0	18:42:58.309	trend_dtrader GBPUSD,H1: Failed modifying USDJPY
0	18:42:59.309	trend_dtrader GBPUSD,H1: Failed modifying USDJPY
0	18:43:00.309	trend_dtrader GBPUSD,H1: Failed modifying USDJPY
0	18:43:01.310	trend_dtrader GBPUSD,H1: Failed modifying USDJPY
0	18:43:02.309	trend_dtrader GBPUSD,H1: Failed modifying USDJPY
0	18:43:03.309	trend_dtrader GBPUSD,H1: Failed modifying USDJPY
0	18:43:04.309	trend_dtrader GBPUSD,H1: Failed modifying USDJPY
0	18:43:05.309	trend_dtrader GBPUSD,H1: Failed modifying USDJPY
0	18:43:06.310	trend_dtrader GBPUSD,H1: Failed modifying USDJPY
0	18:43:07.309	trend_dtrader GBPUSD,H1: Failed modifying USDJPY
0	18:43:08.310	trend_dtrader GBPUSD,H1: Failed modifying USDJPY
0	18:43:09.309	trend_dtrader GBPUSD,H1: Failed modifying USDJPY
0	18:43:10.310	trend_dtrader GBPUSD,H1: Failed modifying USDJPY
0	18:43:11.310	trend_dtrader GBPUSD,H1: Failed modifying USDJPY
0	18:43:12.309	trend_dtrader GBPUSD,H1: Failed modifying USDJPY
0	18:43:13.309	trend_dtrader GBPUSD,H1: Failed modifying USDJPY
0	18:43:14.309	trend_dtrader GBPUSD,H1: Failed modifying USDJPY
0	18:43:15.310	trend_dtrader GBPUSD,H1: Failed modifying USDJPY
0	18:43:16.310	trend_dtrader GBPUSD,H1: Failed modifying USDJPY
0	18:43:17.309	trend_dtrader GBPUSD,H1: Failed modifying USDJPY
0	18:43:18.309	trend_dtrader GBPUSD,H1: Failed modifying USDJPY
0	18:43:19.310	trend_dtrader GBPUSD,H1: Failed modifying USDJPY
0	18:43:20.310	trend_dtrader GBPUSD,H1: Failed modifying USDJPY
0	18:43:21.309	trend_dtrader GBPUSD,H1: Failed modifying USDJPY
0	18:43:22.309	trend_dtrader GBPUSD,H1: Failed modifying USDJPY
0	18:43:23.309	trend_dtrader GBPUSD,H1: Failed modifying USDJPY
0	18:43:24.309	trend_dtrader GBPUSD,H1: Failed modifying USDJPY
0	18:43:25.309	trend_dtrader GBPUSD,H1: Failed modifying USDJPY
0	18:43:26.309	trend_dtrader GBPUSD,H1: Failed modifying USDJPY
0	18:43:27.313	trend_dtrader GBPUSD,H1: Failed modifying USDJPY
0	18:43:28.309	trend_dtrader GBPUSD,H1: Failed modifying USDJPY
0	18:43:29.309	trend_dtrader GBPUSD,H1: Failed modifying USDJPY
0	18:43:30.310	trend_dtrader GBPUSD,H1: Failed modifying USDJPY
0	18:43:31.308	trend_dtrader GBPUSD,H1: Failed modifying USDJPY
0	18:43:32.309	trend_dtrader GBPUSD,H1: Failed modifying USDJPY
0	18:43:33.309	trend_dtrader GBPUSD,H1: Failed modifying USDJPY
0	18:43:34.311	trend_dtrader GBPUSD,H1: Failed modifying USDJPY
0	18:43:35.309	trend_dtrader GBPUSD,H1: Failed modifying USDJPY
0	18:43:36.309	trend_dtrader GBPUSD,H1: Failed modifying USDJPY
0	18:43:37.309	trend_dtrader GBPUSD,H1: Failed modifying USDJPY
0	18:43:38.309	trend_dtrader GBPUSD,H1: Failed modifying USDJPY
0	18:43:39.309	trend_dtrader GBPUSD,H1: Failed modifying USDJPY
0	18:43:40.309	trend_dtrader GBPUSD,H1: Failed modifying USDJPY
0	18:43:41.309	trend_dtrader GBPUSD,H1: Failed modifying USDJPY
0	18:43:42.309	trend_dtrader GBPUSD,H1: Failed modifying USDJPY
0	18:43:43.323	trend_dtrader GBPUSD,H1: Failed modifying USDJPY
0	18:43:44.309	trend_dtrader GBPUSD,H1: Failed modifying USDJPY
0	18:43:45.309	trend_dtrader GBPUSD,H1: Failed modifying USDJPY
0	18:43:46.310	trend_dtrader GBPUSD,H1: Failed modifying USDJPY
0	18:43:47.309	trend_dtrader GBPUSD,H1: Failed modifying USDJPY
0	18:43:48.309	trend_dtrader GBPUSD,H1: Failed modifying USDJPY
0	18:43:49.309	trend_dtrader GBPUSD,H1: Failed modifying USDJPY
0	18:43:50.309	trend_dtrader GBPUSD,H1: Failed modifying USDJPY
0	18:43:51.309	trend_dtrader GBPUSD,H1: Failed modifying USDJPY
0	18:43:52.308	trend_dtrader GBPUSD,H1: Failed modifying USDJPY
0	18:43:53.310	trend_dtrader GBPUSD,H1: Failed modifying USDJPY
0	18:43:54.309	trend_dtrader GBPUSD,H1: Failed modifying USDJPY
0	18:43:55.327	trend_dtrader GBPUSD,H1: Failed modifying USDJPY
0	18:43:56.310	trend_dtrader GBPUSD,H1: Failed modifying USDJPY
0	18:43:57.309	trend_dtrader GBPUSD,H1: Failed modifying USDJPY
0	18:43:58.308	trend_dtrader GBPUSD,H1: Failed modifying USDJPY
0	18:43:59.309	trend_dtrader GBPUSD,H1: Failed modifying USDJPY
0	18:44:00.309	trend_dtrader GBPUSD,H1: Failed modifying USDJPY
0	18:44:01.329	trend_dtrader GBPUSD,H1: Failed modifying USDJPY
0	18:44:02.311	trend_dtrader GBPUSD,H1: Failed modifying USDJPY
0	18:44:03.309	trend_dtrader GBPUSD,H1: Failed modifying USDJPY
0	18:44:04.310	trend_dtrader GBPUSD,H1: Failed modifying USDJPY
0	18:44:05.337	trend_dtrader GBPUSD,H1: Failed modifying USDJPY
0	18:44:06.309	trend_dtrader GBPUSD,H1: Failed modifying USDJPY
0	18:44:07.309	trend_dtrader GBPUSD,H1: Failed modifying USDJPY
0	18:44:08.309	trend_dtrader GBPUSD,H1: Failed modifying USDJPY
0	18:44:09.309	trend_dtrader GBPUSD,H1: Failed modifying USDJPY
0	18:44:10.309	trend_dtrader GBPUSD,H1: Failed modifying USDJPY
0	18:44:11.310	trend_dtrader GBPUSD,H1: Failed modifying USDJPY
0	18:44:12.310	trend_dtrader GBPUSD,H1: Failed modifying USDJPY
0	18:44:13.313	trend_dtrader GBPUSD,H1: Failed modifying USDJPY
0	18:44:14.309	trend_dtrader GBPUSD,H1: Failed modifying USDJPY
0	18:44:15.309	trend_dtrader GBPUSD,H1: Failed modifying USDJPY
0	18:44:16.308	trend_dtrader GBPUSD,H1: Failed modifying USDJPY
0	18:44:17.309	trend_dtrader GBPUSD,H1: Failed modifying USDJPY
0	18:44:18.310	trend_dtrader GBPUSD,H1: Failed modifying USDJPY
0	18:44:19.309	trend_dtrader GBPUSD,H1: Failed modifying USDJPY
0	18:44:20.309	trend_dtrader GBPUSD,H1: Failed modifying USDJPY
0	18:44:21.309	trend_dtrader GBPUSD,H1: Failed modifying USDJPY
0	18:44:22.309	trend_dtrader GBPUSD,H1: Failed modifying USDJPY
0	18:44:23.309	trend_dtrader GBPUSD,H1: Failed modifying USDJPY
0	18:44:24.309	trend_dtrader GBPUSD,H1: Failed modifying USDJPY
0	18:44:25.309	trend_dtrader GBPUSD,H1: Failed modifying USDJPY
0	18:44:26.310	trend_dtrader GBPUSD,H1: Failed modifying USDJPY
0	18:44:27.309	trend_dtrader GBPUSD,H1: Failed modifying USDJPY
0	18:44:28.310	trend_dtrader GBPUSD,H1: Failed modifying USDJPY
0	18:44:29.309	trend_dtrader GBPUSD,H1: Failed modifying USDJPY
0	18:44:30.310	trend_dtrader GBPUSD,H1: Failed modifying USDJPY
0	18:44:31.309	trend_dtrader GBPUSD,H1: Failed modifying USDJPY
0	18:44:32.309	trend_dtrader GBPUSD,H1: Failed modifying USDJPY
0	18:44:33.309	trend_dtrader GBPUSD,H1: Failed modifying USDJPY
0	18:44:34.309	trend_dtrader GBPUSD,H1: Failed modifying USDJPY
0	18:44:35.309	trend_dtrader GBPUSD,H1: Failed modifying USDJPY
0	18:44:36.309	trend_dtrader GBPUSD,H1: Failed modifying USDJPY
0	18:44:37.309	trend_dtrader GBPUSD,H1: Failed modifying USDJPY
0	18:44:38.310	trend_dtrader GBPUSD,H1: Failed modifying USDJPY
0	18:44:39.309	trend_dtrader GBPUSD,H1: Failed modifying USDJPY
0	18:44:40.309	trend_dtrader GBPUSD,H1: Failed modifying USDJPY
0	18:44:41.308	trend_dtrader GBPUSD,H1: Failed modifying USDJPY
0	18:44:42.309	trend_dtrader GBPUSD,H1: Failed modifying USDJPY
0	18:44:43.309	trend_dtrader GBPUSD,H1: Failed modifying USDJPY
0	18:44:44.309	trend_dtrader GBPUSD,H1: Failed modifying USDJPY
0	18:44:45.309	trend_dtrader GBPUSD,H1: Failed modifying USDJPY
0	18:44:46.309	trend_dtrader GBPUSD,H1: Failed modifying USDJPY
0	18:44:47.308	trend_dtrader GBPUSD,H1: Failed modifying USDJPY
0	18:44:48.309	trend_dtrader GBPUSD,H1: Failed modifying USDJPY
0	18:44:49.309	trend_dtrader GBPUSD,H1: Failed modifying USDJPY
0	18:44:50.309	trend_dtrader GBPUSD,H1: Failed modifying USDJPY
0	18:44:51.309	trend_dtrader GBPUSD,H1: Failed modifying USDJPY
0	18:44:52.308	trend_dtrader GBPUSD,H1: Failed modifying USDJPY
0	18:44:53.308	trend_dtrader GBPUSD,H1: Failed modifying USDJPY
0	18:44:54.309	trend_dtrader GBPUSD,H1: Failed modifying USDJPY
0	18:44:55.309	trend_dtrader GBPUSD,H1: Failed modifying USDJPY
0	18:44:56.310	trend_dtrader GBPUSD,H1: Failed modifying USDJPY
0	18:44:57.309	trend_dtrader GBPUSD,H1: Failed modifying USDJPY
0	18:44:58.309	trend_dtrader GBPUSD,H1: Failed modifying USDJPY
0	18:44:59.308	trend_dtrader GBPUSD,H1: Failed modifying USDJPY
0	18:45:00.308	trend_dtrader GBPUSD,H1: Failed modifying USDJPY
0	18:45:01.308	trend_dtrader GBPUSD,H1: Failed modifying USDJPY
0	18:45:02.309	trend_dtrader GBPUSD,H1: Failed modifying USDJPY
0	18:45:03.309	trend_dtrader GBPUSD,H1: Failed modifying USDJPY
0	18:45:04.309	trend_dtrader GBPUSD,H1: Failed modifying USDJPY
0	18:45:05.309	trend_dtrader GBPUSD,H1: Failed modifying USDJPY
0	18:45:06.308	trend_dtrader GBPUSD,H1: Failed modifying USDJPY
0	18:45:07.309	trend_dtrader GBPUSD,H1: Failed modifying USDJPY
0	18:45:08.309	trend_dtrader GBPUSD,H1: Failed modifying USDJPY
0	18:45:09.308	trend_dtrader GBPUSD,H1: Failed modifying USDJPY
0	18:45:10.309	trend_dtrader GBPUSD,H1: Failed modifying USDJPY
0	18:45:11.309	trend_dtrader GBPUSD,H1: Failed modifying USDJPY
0	18:45:12.309	trend_dtrader GBPUSD,H1: Failed modifying USDJPY
0	18:45:13.309	trend_dtrader GBPUSD,H1: Failed modifying USDJPY
0	18:45:14.309	trend_dtrader GBPUSD,H1: Failed modifying USDJPY
0	18:45:15.309	trend_dtrader GBPUSD,H1: Failed modifying USDJPY
0	18:45:16.309	trend_dtrader GBPUSD,H1: Failed modifying USDJPY
0	18:45:17.309	trend_dtrader GBPUSD,H1: Failed modifying USDJPY
0	18:45:18.308	trend_dtrader GBPUSD,H1: Failed modifying USDJPY
0	18:45:19.315	trend_dtrader GBPUSD,H1: Failed modifying USDJPY
0	18:45:20.310	trend_dtrader GBPUSD,H1: Failed modifying USDJPY
0	18:45:21.309	trend_dtrader GBPUSD,H1: Failed modifying USDJPY
0	18:45:22.309	trend_dtrader GBPUSD,H1: Failed modifying USDJPY
0	18:45:23.308	trend_dtrader GBPUSD,H1: Failed modifying USDJPY
0	18:45:24.309	trend_dtrader GBPUSD,H1: Failed modifying USDJPY
0	18:45:25.308	trend_dtrader GBPUSD,H1: Failed modifying USDJPY
0	18:45:26.308	trend_dtrader GBPUSD,H1: Failed modifying USDJPY
0	18:45:27.308	trend_dtrader GBPUSD,H1: Failed modifying USDJPY
0	18:45:28.309	trend_dtrader GBPUSD,H1: Failed modifying USDJPY
0	18:45:29.308	trend_dtrader GBPUSD,H1: Failed modifying USDJPY
0	18:45:30.308	trend_dtrader GBPUSD,H1: Failed modifying USDJPY
0	18:45:31.309	trend_dtrader GBPUSD,H1: Failed modifying USDJPY
0	18:45:32.309	trend_dtrader GBPUSD,H1: Failed modifying USDJPY
0	18:45:33.309	trend_dtrader GBPUSD,H1: Failed modifying USDJPY
0	18:45:34.308	trend_dtrader GBPUSD,H1: Failed modifying USDJPY
0	18:45:35.308	trend_dtrader GBPUSD,H1: Failed modifying USDJPY
0	18:45:36.309	trend_dtrader GBPUSD,H1: Failed modifying USDJPY
0	18:45:37.308	trend_dtrader GBPUSD,H1: Failed modifying USDJPY
0	18:45:38.308	trend_dtrader GBPUSD,H1: Failed modifying USDJPY
0	18:45:39.309	trend_dtrader GBPUSD,H1: Failed modifying USDJPY
0	18:45:40.308	trend_dtrader GBPUSD,H1: Failed modifying USDJPY
0	18:45:41.309	trend_dtrader GBPUSD,H1: Failed modifying USDJPY
0	18:45:42.309	trend_dtrader GBPUSD,H1: Failed modifying USDJPY
0	18:45:43.309	trend_dtrader GBPUSD,H1: Failed modifying USDJPY
0	18:45:44.308	trend_dtrader GBPUSD,H1: Failed modifying USDJPY
0	18:45:45.309	trend_dtrader GBPUSD,H1: Failed modifying USDJPY
0	18:45:46.320	trend_dtrader GBPUSD,H1: Failed modifying USDJPY
0	18:45:47.309	trend_dtrader GBPUSD,H1: Failed modifying USDJPY
0	18:45:48.308	trend_dtrader GBPUSD,H1: Failed modifying USDJPY
0	18:45:49.309	trend_dtrader GBPUSD,H1: Failed modifying USDJPY
0	18:45:50.309	trend_dtrader GBPUSD,H1: Failed modifying USDJPY
0	18:45:51.309	trend_dtrader GBPUSD,H1: Failed modifying USDJPY
0	18:45:52.308	trend_dtrader GBPUSD,H1: Failed modifying USDJPY
0	18:45:53.309	trend_dtrader GBPUSD,H1: Failed modifying USDJPY
0	18:45:54.311	trend_dtrader GBPUSD,H1: Failed modifying USDJPY
0	18:45:55.308	trend_dtrader GBPUSD,H1: Failed modifying USDJPY
0	18:45:56.308	trend_dtrader GBPUSD,H1: Failed modifying USDJPY
0	18:45:57.309	trend_dtrader GBPUSD,H1: Failed modifying USDJPY
0	18:45:58.325	trend_dtrader GBPUSD,H1: Failed modifying USDJPY
0	18:45:59.308	trend_dtrader GBPUSD,H1: Failed modifying USDJPY
0	18:46:00.308	trend_dtrader GBPUSD,H1: Failed modifying USDJPY
0	18:46:01.308	trend_dtrader GBPUSD,H1: Failed modifying USDJPY
0	18:46:02.309	trend_dtrader GBPUSD,H1: Failed modifying USDJPY
0	18:46:03.323	trend_dtrader GBPUSD,H1: Failed modifying USDJPY
0	18:46:04.308	trend_dtrader GBPUSD,H1: Failed modifying USDJPY
0	18:46:05.309	trend_dtrader GBPUSD,H1: Failed modifying USDJPY
0	18:46:06.308	trend_dtrader GBPUSD,H1: Failed modifying USDJPY
0	18:46:07.308	trend_dtrader GBPUSD,H1: Failed modifying USDJPY
0	18:46:08.324	trend_dtrader GBPUSD,H1: Failed modifying USDJPY
0	18:46:09.309	trend_dtrader GBPUSD,H1: Failed modifying USDJPY
0	18:46:10.308	trend_dtrader GBPUSD,H1: Failed modifying USDJPY
0	18:46:11.308	trend_dtrader GBPUSD,H1: Failed modifying USDJPY
0	18:46:12.308	trend_dtrader GBPUSD,H1: Failed modifying USDJPY
0	18:46:13.311	trend_dtrader GBPUSD,H1: Failed modifying USDJPY
0	18:46:14.312	trend_dtrader GBPUSD,H1: Failed modifying USDJPY
0	18:46:15.308	trend_dtrader GBPUSD,H1: Failed modifying USDJPY
0	18:46:16.308	trend_dtrader GBPUSD,H1: Failed modifying USDJPY
0	18:46:17.308	trend_dtrader GBPUSD,H1: Failed modifying USDJPY
0	18:46:18.308	trend_dtrader GBPUSD,H1: Failed modifying USDJPY
0	18:46:19.309	trend_dtrader GBPUSD,H1: Failed modifying USDJPY
0	18:46:20.309	trend_dtrader GBPUSD,H1: Failed modifying USDJPY
0	18:46:21.308	trend_dtrader GBPUSD,H1: Failed modifying USDJPY
0	18:46:22.309	trend_dtrader GBPUSD,H1: Failed modifying USDJPY
0	18:46:23.309	trend_dtrader GBPUSD,H1: Failed modifying USDJPY
0	18:46:24.309	trend_dtrader GBPUSD,H1: Failed modifying USDJPY
0	18:46:25.308	trend_dtrader GBPUSD,H1: Failed modifying USDJPY
0	18:46:26.309	trend_dtrader GBPUSD,H1: Failed modifying USDJPY
0	18:46:27.309	trend_dtrader GBPUSD,H1: Failed modifying USDJPY
0	18:46:28.309	trend_dtrader GBPUSD,H1: Failed modifying USDJPY
0	18:46:29.308	trend_dtrader GBPUSD,H1: Failed modifying USDJPY
0	18:46:30.308	trend_dtrader GBPUSD,H1: Failed modifying USDJPY
0	18:46:31.309	trend_dtrader GBPUSD,H1: Failed modifying USDJPY
0	18:46:32.309	trend_dtrader GBPUSD,H1: Failed modifying USDJPY
0	18:46:33.308	trend_dtrader GBPUSD,H1: Failed modifying USDJPY
0	18:46:34.309	trend_dtrader GBPUSD,H1: Failed modifying USDJPY
0	18:46:35.309	trend_dtrader GBPUSD,H1: Failed modifying USDJPY
0	18:46:36.309	trend_dtrader GBPUSD,H1: Failed modifying USDJPY
0	18:46:37.308	trend_dtrader GBPUSD,H1: Failed modifying USDJPY
0	18:46:38.308	trend_dtrader GBPUSD,H1: Failed modifying USDJPY
0	18:46:39.308	trend_dtrader GBPUSD,H1: Failed modifying USDJPY
0	18:46:40.309	trend_dtrader GBPUSD,H1: Failed modifying USDJPY
0	18:46:41.308	trend_dtrader GBPUSD,H1: Failed modifying USDJPY
0	18:46:42.308	trend_dtrader GBPUSD,H1: Failed modifying USDJPY
0	18:46:43.309	trend_dtrader GBPUSD,H1: Failed modifying USDJPY
0	18:46:44.309	trend_dtrader GBPUSD,H1: Failed modifying USDJPY
0	18:46:45.309	trend_dtrader GBPUSD,H1: Failed modifying USDJPY
0	18:46:46.309	trend_dtrader GBPUSD,H1: Failed modifying USDJPY
0	18:46:47.308	trend_dtrader GBPUSD,H1: Failed modifying USDJPY
0	18:46:48.308	trend_dtrader GBPUSD,H1: Failed modifying USDJPY
0	18:46:49.308	trend_dtrader GBPUSD,H1: Failed modifying USDJPY
0	18:46:50.309	trend_dtrader GBPUSD,H1: Failed modifying USDJPY
0	18:46:51.309	trend_dtrader GBPUSD,H1: Failed modifying USDJPY
0	18:46:52.309	trend_dtrader GBPUSD,H1: Failed modifying USDJPY
0	18:46:53.308	trend_dtrader GBPUSD,H1: Failed modifying USDJPY
0	18:46:54.308	trend_dtrader GBPUSD,H1: Failed modifying USDJPY
0	18:46:55.309	trend_dtrader GBPUSD,H1: Failed modifying USDJPY
0	18:46:56.308	trend_dtrader GBPUSD,H1: Failed modifying USDJPY
0	18:46:57.308	trend_dtrader GBPUSD,H1: Failed modifying USDJPY
0	18:46:58.308	trend_dtrader GBPUSD,H1: Failed modifying USDJPY
0	18:46:59.323	trend_dtrader GBPUSD,H1: Failed modifying USDJPY
0	18:47:00.308	trend_dtrader GBPUSD,H1: Failed modifying USDJPY
0	18:47:01.339	trend_dtrader GBPUSD,H1: Failed modifying USDJPY
0	18:47:02.309	trend_dtrader GBPUSD,H1: Failed modifying USDJPY
0	18:47:03.352	trend_dtrader GBPUSD,H1: Failed modifying USDJPY
0	18:47:04.308	trend_dtrader GBPUSD,H1: Failed modifying USDJPY
0	18:47:05.309	trend_dtrader GBPUSD,H1: Failed modifying USDJPY
0	18:47:06.345	trend_dtrader GBPUSD,H1: Failed modifying USDJPY
0	18:47:07.308	trend_dtrader GBPUSD,H1: Failed modifying USDJPY
0	18:47:08.308	trend_dtrader GBPUSD,H1: Failed modifying USDJPY
0	18:47:09.308	trend_dtrader GBPUSD,H1: Failed modifying USDJPY
0	18:47:10.308	trend_dtrader GBPUSD,H1: Failed modifying USDJPY
0	18:47:11.308	trend_dtrader GBPUSD,H1: Failed modifying USDJPY
0	18:47:12.308	trend_dtrader GBPUSD,H1: Failed modifying USDJPY
0	18:47:13.308	trend_dtrader GBPUSD,H1: Failed modifying USDJPY
0	18:47:14.308	trend_dtrader GBPUSD,H1: Failed modifying USDJPY
0	18:47:15.309	trend_dtrader GBPUSD,H1: Failed modifying USDJPY
0	18:47:16.308	trend_dtrader GBPUSD,H1: Failed modifying USDJPY
0	18:47:17.308	trend_dtrader GBPUSD,H1: Failed modifying USDJPY
0	18:47:18.309	trend_dtrader GBPUSD,H1: Failed modifying USDJPY
0	18:47:19.309	trend_dtrader GBPUSD,H1: Failed modifying USDJPY
0	18:47:20.308	trend_dtrader GBPUSD,H1: Failed modifying USDJPY
0	18:47:21.308	trend_dtrader GBPUSD,H1: Failed modifying USDJPY
0	18:47:22.308	trend_dtrader GBPUSD,H1: Failed modifying USDJPY
0	18:47:23.308	trend_dtrader GBPUSD,H1: Failed modifying USDJPY
0	18:47:24.308	trend_dtrader GBPUSD,H1: Failed modifying USDJPY
0	18:47:25.308	trend_dtrader GBPUSD,H1: Failed modifying USDJPY
0	18:47:26.309	trend_dtrader GBPUSD,H1: Failed modifying USDJPY
0	18:47:27.308	trend_dtrader GBPUSD,H1: Failed modifying USDJPY
0	18:47:28.309	trend_dtrader GBPUSD,H1: Failed modifying USDJPY
0	18:47:29.308	trend_dtrader GBPUSD,H1: Failed modifying USDJPY
0	18:47:30.309	trend_dtrader GBPUSD,H1: Failed modifying USDJPY
0	18:47:31.309	trend_dtrader GBPUSD,H1: Failed modifying USDJPY
0	18:47:32.308	trend_dtrader GBPUSD,H1: Failed modifying USDJPY
0	18:47:33.308	trend_dtrader GBPUSD,H1: Failed modifying USDJPY
0	18:47:34.309	trend_dtrader GBPUSD,H1: Failed modifying USDJPY
0	18:47:35.308	trend_dtrader GBPUSD,H1: Failed modifying USDJPY
0	18:47:36.328	trend_dtrader GBPUSD,H1: Failed modifying USDJPY
0	18:47:37.308	trend_dtrader GBPUSD,H1: Failed modifying USDJPY
0	18:47:38.309	trend_dtrader GBPUSD,H1: Failed modifying USDJPY
0	18:47:39.307	trend_dtrader GBPUSD,H1: Failed modifying USDJPY
0	18:47:40.309	trend_dtrader GBPUSD,H1: Failed modifying USDJPY
0	18:47:41.308	trend_dtrader GBPUSD,H1: Failed modifying USDJPY
0	18:47:42.309	trend_dtrader GBPUSD,H1: Failed modifying USDJPY
0	18:47:43.309	trend_dtrader GBPUSD,H1: Failed modifying USDJPY
0	18:47:44.308	trend_dtrader GBPUSD,H1: Failed modifying USDJPY
0	18:47:45.308	trend_dtrader GBPUSD,H1: Failed modifying USDJPY
0	18:47:46.307	trend_dtrader GBPUSD,H1: Failed modifying USDJPY
0	18:47:47.308	trend_dtrader GBPUSD,H1: Failed modifying USDJPY
0	18:47:48.308	trend_dtrader GBPUSD,H1: Failed modifying USDJPY
0	18:47:49.308	trend_dtrader GBPUSD,H1: Failed modifying USDJPY
0	18:47:50.308	trend_dtrader GBPUSD,H1: Failed modifying USDJPY
0	18:47:51.309	trend_dtrader GBPUSD,H1: Failed modifying USDJPY
0	18:47:52.309	trend_dtrader GBPUSD,H1: Failed modifying USDJPY
0	18:47:53.309	trend_dtrader GBPUSD,H1: Failed modifying USDJPY
0	18:47:54.308	trend_dtrader GBPUSD,H1: Failed modifying USDJPY
0	18:47:55.308	trend_dtrader GBPUSD,H1: Failed modifying USDJPY
0	18:47:56.308	trend_dtrader GBPUSD,H1: Failed modifying USDJPY
0	18:47:57.307	trend_dtrader GBPUSD,H1: Failed modifying USDJPY
0	18:47:58.310	trend_dtrader GBPUSD,H1: Failed modifying USDJPY
0	18:47:59.308	trend_dtrader GBPUSD,H1: Failed modifying USDJPY
0	18:48:00.308	trend_dtrader GBPUSD,H1: Failed modifying USDJPY
0	18:48:01.308	trend_dtrader GBPUSD,H1: Failed modifying USDJPY
0	18:48:02.307	trend_dtrader GBPUSD,H1: Failed modifying USDJPY
0	18:48:03.307	trend_dtrader GBPUSD,H1: Failed modifying USDJPY
0	18:48:04.309	trend_dtrader GBPUSD,H1: Failed modifying USDJPY
0	18:48:05.309	trend_dtrader GBPUSD,H1: Failed modifying USDJPY
0	18:48:06.308	trend_dtrader GBPUSD,H1: Failed modifying USDJPY
0	18:48:07.308	trend_dtrader GBPUSD,H1: Failed modifying USDJPY
0	18:48:08.308	trend_dtrader GBPUSD,H1: Failed modifying USDJPY
0	18:48:09.307	trend_dtrader GBPUSD,H1: Failed modifying USDJPY
0	18:48:10.309	trend_dtrader GBPUSD,H1: Failed modifying USDJPY
0	18:48:11.308	trend_dtrader GBPUSD,H1: Failed modifying USDJPY
0	18:48:12.308	trend_dtrader GBPUSD,H1: Failed modifying USDJPY
0	18:48:13.307	trend_dtrader GBPUSD,H1: Failed modifying USDJPY
0	18:48:14.309	trend_dtrader GBPUSD,H1: Failed modifying USDJPY
0	18:48:15.308	trend_dtrader GBPUSD,H1: Failed modifying USDJPY
0	18:48:16.308	trend_dtrader GBPUSD,H1: Failed modifying USDJPY
0	18:48:17.308	trend_dtrader GBPUSD,H1: Failed modifying USDJPY
0	18:48:18.308	trend_dtrader GBPUSD,H1: Failed modifying USDJPY
0	18:48:19.308	trend_dtrader GBPUSD,H1: Failed modifying USDJPY
0	18:48:20.308	trend_dtrader GBPUSD,H1: Failed modifying USDJPY
0	18:48:21.308	trend_dtrader GBPUSD,H1: Failed modifying USDJPY
0	18:48:22.307	trend_dtrader GBPUSD,H1: Failed modifying USDJPY
0	18:48:23.308	trend_dtrader GBPUSD,H1: Failed modifying USDJPY
0	18:48:24.308	trend_dtrader GBPUSD,H1: Failed modifying USDJPY
0	18:48:25.308	trend_dtrader GBPUSD,H1: Failed modifying USDJPY
0	18:48:26.308	trend_dtrader GBPUSD,H1: Failed modifying USDJPY
0	18:48:27.308	trend_dtrader GBPUSD,H1: Failed modifying USDJPY
0	18:48:28.309	trend_dtrader GBPUSD,H1: Failed modifying USDJPY
0	18:48:29.308	trend_dtrader GBPUSD,H1: Failed modifying USDJPY
0	18:48:30.307	trend_dtrader GBPUSD,H1: Failed modifying USDJPY
0	18:48:31.307	trend_dtrader GBPUSD,H1: Failed modifying USDJPY
0	18:48:32.308	trend_dtrader GBPUSD,H1: Failed modifying USDJPY
0	18:48:33.307	trend_dtrader GBPUSD,H1: Failed modifying USDJPY
0	18:48:34.308	trend_dtrader GBPUSD,H1: Failed modifying USDJPY
0	18:48:35.308	trend_dtrader GBPUSD,H1: Failed modifying USDJPY
0	18:48:36.308	trend_dtrader GBPUSD,H1: Failed modifying USDJPY
0	18:48:37.308	trend_dtrader GBPUSD,H1: Failed modifying USDJPY
0	18:48:38.307	trend_dtrader GBPUSD,H1: Failed modifying USDJPY
0	18:48:39.308	trend_dtrader GBPUSD,H1: Failed modifying USDJPY
0	18:48:40.308	trend_dtrader GBPUSD,H1: Failed modifying USDJPY
0	18:48:41.307	trend_dtrader GBPUSD,H1: Failed modifying USDJPY
0	18:48:42.308	trend_dtrader GBPUSD,H1: Failed modifying USDJPY
0	18:48:43.308	trend_dtrader GBPUSD,H1: Failed modifying USDJPY
0	18:48:44.308	trend_dtrader GBPUSD,H1: Failed modifying USDJPY
0	18:48:45.307	trend_dtrader GBPUSD,H1: Failed modifying USDJPY
0	18:48:46.310	trend_dtrader GBPUSD,H1: Failed modifying USDJPY
0	18:48:47.308	trend_dtrader GBPUSD,H1: Failed modifying USDJPY
0	18:48:48.308	trend_dtrader GBPUSD,H1: Failed modifying USDJPY
0	18:48:49.309	trend_dtrader GBPUSD,H1: Failed modifying USDJPY
0	18:48:50.308	trend_dtrader GBPUSD,H1: Failed modifying USDJPY
0	18:48:51.307	trend_dtrader GBPUSD,H1: Failed modifying USDJPY
0	18:48:52.309	trend_dtrader GBPUSD,H1: Failed modifying USDJPY
0	18:48:53.339	trend_dtrader GBPUSD,H1: Failed modifying USDJPY
0	18:48:54.307	trend_dtrader GBPUSD,H1: Failed modifying USDJPY
0	18:48:55.308	trend_dtrader GBPUSD,H1: Failed modifying USDJPY
0	18:48:56.308	trend_dtrader GBPUSD,H1: Failed modifying USDJPY
0	18:48:57.308	trend_dtrader GBPUSD,H1: Failed modifying USDJPY
0	18:48:58.342	trend_dtrader GBPUSD,H1: Failed modifying USDJPY
0	18:48:59.307	trend_dtrader GBPUSD,H1: Failed modifying USDJPY
0	18:49:00.309	trend_dtrader GBPUSD,H1: Failed modifying USDJPY
0	18:49:01.308	trend_dtrader GBPUSD,H1: Failed modifying USDJPY
0	18:49:02.308	trend_dtrader GBPUSD,H1: Failed modifying USDJPY
0	18:49:03.308	trend_dtrader GBPUSD,H1: Failed modifying USDJPY
0	18:49:04.310	trend_dtrader GBPUSD,H1: Failed modifying USDJPY
0	18:49:05.309	trend_dtrader GBPUSD,H1: Failed modifying USDJPY
0	18:49:06.308	trend_dtrader GBPUSD,H1: Failed modifying USDJPY
0	18:49:07.307	trend_dtrader GBPUSD,H1: Failed modifying USDJPY
0	18:49:08.308	trend_dtrader GBPUSD,H1: Failed modifying USDJPY
0	18:49:09.309	trend_dtrader GBPUSD,H1: Failed modifying USDJPY
0	18:49:10.309	trend_dtrader GBPUSD,H1: Failed modifying USDJPY
0	18:49:11.308	trend_dtrader GBPUSD,H1: Failed modifying USDJPY
0	18:49:12.308	trend_dtrader GBPUSD,H1: Failed modifying USDJPY
0	18:49:13.307	trend_dtrader GBPUSD,H1: Failed modifying USDJPY
0	18:49:14.308	trend_dtrader GBPUSD,H1: Failed modifying USDJPY
0	18:49:15.307	trend_dtrader GBPUSD,H1: Failed modifying USDJPY
0	18:49:16.307	trend_dtrader GBPUSD,H1: Failed modifying USDJPY
0	18:49:17.308	trend_dtrader GBPUSD,H1: Failed modifying USDJPY
0	18:49:18.327	trend_dtrader GBPUSD,H1: Failed modifying USDJPY
0	18:49:19.308	trend_dtrader GBPUSD,H1: Failed modifying USDJPY
0	18:49:20.308	trend_dtrader GBPUSD,H1: Failed modifying USDJPY
0	18:49:21.307	trend_dtrader GBPUSD,H1: Failed modifying USDJPY
0	18:49:22.308	trend_dtrader GBPUSD,H1: Failed modifying USDJPY
0	18:49:23.308	trend_dtrader GBPUSD,H1: Failed modifying USDJPY
0	18:49:24.308	trend_dtrader GBPUSD,H1: Failed modifying USDJPY
0	18:49:25.308	trend_dtrader GBPUSD,H1: Failed modifying USDJPY
0	18:49:26.308	trend_dtrader GBPUSD,H1: Failed modifying USDJPY
0	18:49:27.307	trend_dtrader GBPUSD,H1: Failed modifying USDJPY
0	18:49:28.308	trend_dtrader GBPUSD,H1: Failed modifying USDJPY
0	18:49:29.307	trend_dtrader GBPUSD,H1: Failed modifying USDJPY
0	18:49:30.308	trend_dtrader GBPUSD,H1: Failed modifying USDJPY
0	18:49:31.307	trend_dtrader GBPUSD,H1: Failed modifying USDJPY
0	18:49:32.307	trend_dtrader GBPUSD,H1: Failed modifying USDJPY
0	18:49:33.308	trend_dtrader GBPUSD,H1: Failed modifying USDJPY
0	18:49:34.307	trend_dtrader GBPUSD,H1: Failed modifying USDJPY
0	18:49:35.307	trend_dtrader GBPUSD,H1: Failed modifying USDJPY
0	18:49:36.308	trend_dtrader GBPUSD,H1: Failed modifying USDJPY
0	18:49:37.308	trend_dtrader GBPUSD,H1: Failed modifying USDJPY
0	18:49:38.307	trend_dtrader GBPUSD,H1: Failed modifying USDJPY
0	18:49:39.308	trend_dtrader GBPUSD,H1: Failed modifying USDJPY
0	18:49:40.308	trend_dtrader GBPUSD,H1: Failed modifying USDJPY
0	18:49:41.308	trend_dtrader GBPUSD,H1: Failed modifying USDJPY
0	18:49:42.308	trend_dtrader GBPUSD,H1: Failed modifying USDJPY
0	18:49:43.307	trend_dtrader GBPUSD,H1: Failed modifying USDJPY
0	18:49:44.308	trend_dtrader GBPUSD,H1: Failed modifying USDJPY
0	18:49:45.308	trend_dtrader GBPUSD,H1: Failed modifying USDJPY
0	18:49:46.308	trend_dtrader GBPUSD,H1: Failed modifying USDJPY
0	18:49:47.308	trend_dtrader GBPUSD,H1: Failed modifying USDJPY
0	18:49:48.308	trend_dtrader GBPUSD,H1: Failed modifying USDJPY
0	18:49:49.307	trend_dtrader GBPUSD,H1: Failed modifying USDJPY
0	18:49:50.307	trend_dtrader GBPUSD,H1: Failed modifying USDJPY
0	18:49:51.308	trend_dtrader GBPUSD,H1: Failed modifying USDJPY
0	18:49:52.312	trend_dtrader GBPUSD,H1: Failed modifying USDJPY
0	18:49:53.307	trend_dtrader GBPUSD,H1: Failed modifying USDJPY
0	18:49:54.308	trend_dtrader GBPUSD,H1: Failed modifying USDJPY
0	18:49:55.308	trend_dtrader GBPUSD,H1: Failed modifying USDJPY
0	18:49:56.307	trend_dtrader GBPUSD,H1: Failed modifying USDJPY
0	18:49:57.308	trend_dtrader GBPUSD,H1: Failed modifying USDJPY
0	18:49:58.308	trend_dtrader GBPUSD,H1: Failed modifying USDJPY
0	18:49:59.308	trend_dtrader GBPUSD,H1: Failed modifying USDJPY
0	18:50:00.307	trend_dtrader GBPUSD,H1: Failed modifying USDJPY
0	18:50:01.307	trend_dtrader GBPUSD,H1: Failed modifying USDJPY
0	18:50:02.308	trend_dtrader GBPUSD,H1: Failed modifying USDJPY
0	18:50:03.308	trend_dtrader GBPUSD,H1: Failed modifying USDJPY
0	18:50:04.307	trend_dtrader GBPUSD,H1: Failed modifying USDJPY
0	18:50:05.307	trend_dtrader GBPUSD,H1: Failed modifying USDJPY
0	18:50:06.307	trend_dtrader GBPUSD,H1: Failed modifying USDJPY
0	18:50:07.307	trend_dtrader GBPUSD,H1: Failed modifying USDJPY
0	18:50:08.340	trend_dtrader GBPUSD,H1: Failed modifying USDJPY
0	18:50:09.308	trend_dtrader GBPUSD,H1: Failed modifying USDJPY
0	18:50:10.339	trend_dtrader GBPUSD,H1: Failed modifying USDJPY
0	18:50:11.308	trend_dtrader GBPUSD,H1: Failed modifying USDJPY
0	18:50:12.307	trend_dtrader GBPUSD,H1: Failed modifying USDJPY
0	18:50:13.308	trend_dtrader GBPUSD,H1: Failed modifying USDJPY
0	18:50:14.308	trend_dtrader GBPUSD,H1: Failed modifying USDJPY
0	18:50:15.340	trend_dtrader GBPUSD,H1: Failed modifying USDJPY
0	18:50:16.307	trend_dtrader GBPUSD,H1: Failed modifying USDJPY
0	18:50:17.308	trend_dtrader GBPUSD,H1: Failed modifying USDJPY
0	18:50:18.308	trend_dtrader GBPUSD,H1: Failed modifying USDJPY
0	18:50:19.308	trend_dtrader GBPUSD,H1: Failed modifying USDJPY
0	18:50:20.307	trend_dtrader GBPUSD,H1: Failed modifying USDJPY
0	18:50:21.307	trend_dtrader GBPUSD,H1: Failed modifying USDJPY
0	18:50:22.310	trend_dtrader GBPUSD,H1: Failed modifying USDJPY
0	18:50:23.307	trend_dtrader GBPUSD,H1: Failed modifying USDJPY
0	18:50:24.307	trend_dtrader GBPUSD,H1: Failed modifying USDJPY
0	18:50:25.307	trend_dtrader GBPUSD,H1: Failed modifying USDJPY
0	18:50:26.307	trend_dtrader GBPUSD,H1: Failed modifying USDJPY
0	18:50:27.307	trend_dtrader GBPUSD,H1: Failed modifying USDJPY
0	18:50:28.308	trend_dtrader GBPUSD,H1: Failed modifying USDJPY
0	18:50:29.308	trend_dtrader GBPUSD,H1: Failed modifying USDJPY
0	18:50:30.307	trend_dtrader GBPUSD,H1: Failed modifying USDJPY
0	18:50:31.307	trend_dtrader GBPUSD,H1: Failed modifying USDJPY
0	18:50:32.308	trend_dtrader GBPUSD,H1: Failed modifying USDJPY
0	18:50:33.307	trend_dtrader GBPUSD,H1: Failed modifying USDJPY
0	18:50:34.307	trend_dtrader GBPUSD,H1: Failed modifying USDJPY
0	18:50:35.308	trend_dtrader GBPUSD,H1: Failed modifying USDJPY
0	18:50:36.307	trend_dtrader GBPUSD,H1: Failed modifying USDJPY
0	18:50:37.307	trend_dtrader GBPUSD,H1: Failed modifying USDJPY
0	18:50:38.307	trend_dtrader GBPUSD,H1: Failed modifying USDJPY
0	18:50:39.308	trend_dtrader GBPUSD,H1: Failed modifying USDJPY
0	18:50:40.307	trend_dtrader GBPUSD,H1: Failed modifying USDJPY
0	18:50:41.308	trend_dtrader GBPUSD,H1: Failed modifying USDJPY
0	18:50:42.307	trend_dtrader GBPUSD,H1: Failed modifying USDJPY
0	18:50:43.307	trend_dtrader GBPUSD,H1: Failed modifying USDJPY
0	18:50:44.307	trend_dtrader GBPUSD,H1: Failed modifying USDJPY
0	18:50:45.308	trend_dtrader GBPUSD,H1: Failed modifying USDJPY
0	18:50:46.308	trend_dtrader GBPUSD,H1: Failed modifying USDJPY
0	18:50:47.307	trend_dtrader GBPUSD,H1: Failed modifying USDJPY
0	18:50:48.307	trend_dtrader GBPUSD,H1: Failed modifying USDJPY
0	18:50:49.307	trend_dtrader GBPUSD,H1: Failed modifying USDJPY
0	18:50:50.308	trend_dtrader GBPUSD,H1: Failed modifying USDJPY
0	18:50:51.308	trend_dtrader GBPUSD,H1: Failed modifying USDJPY
0	18:50:52.308	trend_dtrader GBPUSD,H1: Failed modifying USDJPY
0	18:50:53.307	trend_dtrader GBPUSD,H1: Failed modifying USDJPY
0	18:50:54.307	trend_dtrader GBPUSD,H1: Failed modifying USDJPY
0	18:50:55.307	trend_dtrader GBPUSD,H1: Failed modifying USDJPY
0	18:50:56.307	trend_dtrader GBPUSD,H1: Failed modifying USDJPY
0	18:50:57.307	trend_dtrader GBPUSD,H1: Failed modifying USDJPY
0	18:50:58.308	trend_dtrader GBPUSD,H1: Failed modifying USDJPY
0	18:50:59.308	trend_dtrader GBPUSD,H1: Failed modifying USDJPY
0	18:51:00.307	trend_dtrader GBPUSD,H1: Failed modifying USDJPY
0	18:51:01.309	trend_dtrader GBPUSD,H1: Failed modifying USDJPY
0	18:51:02.308	trend_dtrader GBPUSD,H1: Failed modifying USDJPY
0	18:51:03.307	trend_dtrader GBPUSD,H1: Failed modifying USDJPY
0	18:51:04.307	trend_dtrader GBPUSD,H1: Failed modifying USDJPY
0	18:51:05.307	trend_dtrader GBPUSD,H1: Failed modifying USDJPY
0	18:51:06.307	trend_dtrader GBPUSD,H1: Failed modifying USDJPY
0	18:51:07.307	trend_dtrader GBPUSD,H1: Failed modifying USDJPY
0	18:51:08.307	trend_dtrader GBPUSD,H1: Failed modifying USDJPY
0	18:51:09.307	trend_dtrader GBPUSD,H1: Failed modifying USDJPY
0	18:51:10.307	trend_dtrader GBPUSD,H1: Failed modifying USDJPY
0	18:51:11.307	trend_dtrader GBPUSD,H1: Failed modifying USDJPY
0	18:51:12.307	trend_dtrader GBPUSD,H1: Failed modifying USDJPY
0	18:51:13.308	trend_dtrader GBPUSD,H1: Failed modifying USDJPY
0	18:51:14.308	trend_dtrader GBPUSD,H1: Failed modifying USDJPY
0	18:51:15.308	trend_dtrader GBPUSD,H1: Failed modifying USDJPY
0	18:51:16.308	trend_dtrader GBPUSD,H1: Failed modifying USDJPY
0	18:51:17.307	trend_dtrader GBPUSD,H1: Failed modifying USDJPY
0	18:51:18.307	trend_dtrader GBPUSD,H1: Failed modifying USDJPY
0	18:51:19.307	trend_dtrader GBPUSD,H1: Failed modifying USDJPY
0	18:51:20.308	trend_dtrader GBPUSD,H1: Failed modifying USDJPY
0	18:51:21.307	trend_dtrader GBPUSD,H1: Failed modifying USDJPY
0	18:51:22.308	trend_dtrader GBPUSD,H1: Failed modifying USDJPY
0	18:51:23.308	trend_dtrader GBPUSD,H1: Failed modifying USDJPY
0	18:51:24.308	trend_dtrader GBPUSD,H1: Failed modifying USDJPY
0	18:51:25.307	trend_dtrader GBPUSD,H1: Failed modifying USDJPY
0	18:51:26.308	trend_dtrader GBPUSD,H1: Failed modifying USDJPY
0	18:51:27.329	trend_dtrader GBPUSD,H1: Failed modifying USDJPY
0	18:51:28.307	trend_dtrader GBPUSD,H1: Failed modifying USDJPY
0	18:51:29.307	trend_dtrader GBPUSD,H1: Failed modifying USDJPY
0	18:51:30.308	trend_dtrader GBPUSD,H1: Failed modifying USDJPY
0	18:51:31.307	trend_dtrader GBPUSD,H1: Failed modifying USDJPY
0	18:51:32.307	trend_dtrader GBPUSD,H1: Failed modifying USDJPY
0	18:51:33.307	trend_dtrader GBPUSD,H1: Failed modifying USDJPY
0	18:51:34.308	trend_dtrader GBPUSD,H1: Failed modifying USDJPY
0	18:51:35.307	trend_dtrader GBPUSD,H1: Failed modifying USDJPY
0	18:51:36.307	trend_dtrader GBPUSD,H1: Failed modifying USDJPY
0	18:51:37.307	trend_dtrader GBPUSD,H1: Failed modifying USDJPY
0	18:51:38.307	trend_dtrader GBPUSD,H1: Failed modifying USDJPY
0	18:51:39.307	trend_dtrader GBPUSD,H1: Failed modifying USDJPY
0	18:51:40.308	trend_dtrader GBPUSD,H1: Failed modifying USDJPY
0	18:51:41.307	trend_dtrader GBPUSD,H1: Failed modifying USDJPY
0	18:51:42.307	trend_dtrader GBPUSD,H1: Failed modifying USDJPY
0	18:51:43.406	trend_dtrader GBPUSD,H1: Failed modifying USDJPY
0	18:51:44.407	trend_dtrader GBPUSD,H1: Failed modifying USDJPY
0	18:51:45.406	trend_dtrader GBPUSD,H1: Failed modifying USDJPY
0	18:51:46.407	trend_dtrader GBPUSD,H1: Failed modifying USDJPY
0	18:51:47.406	trend_dtrader GBPUSD,H1: Failed modifying USDJPY
0	18:51:48.407	trend_dtrader GBPUSD,H1: Failed modifying USDJPY
0	18:51:49.407	trend_dtrader GBPUSD,H1: Failed modifying USDJPY
0	18:51:50.406	trend_dtrader GBPUSD,H1: Failed modifying USDJPY
0	18:51:51.406	trend_dtrader GBPUSD,H1: Failed modifying USDJPY
0	18:51:52.406	trend_dtrader GBPUSD,H1: Failed modifying USDJPY
0	18:51:53.407	trend_dtrader GBPUSD,H1: Failed modifying USDJPY
0	18:51:54.407	trend_dtrader GBPUSD,H1: Failed modifying USDJPY
0	18:51:55.407	trend_dtrader GBPUSD,H1: Failed modifying USDJPY
0	18:51:56.407	trend_dtrader GBPUSD,H1: Failed modifying USDJPY
0	18:51:57.406	trend_dtrader GBPUSD,H1: Failed modifying USDJPY
0	18:51:58.407	trend_dtrader GBPUSD,H1: Failed modifying USDJPY
0	18:51:59.407	trend_dtrader GBPUSD,H1: Failed modifying USDJPY
0	18:52:00.407	trend_dtrader GBPUSD,H1: Failed modifying USDJPY
0	18:52:01.435	trend_dtrader GBPUSD,H1: Failed modifying USDJPY
0	18:52:02.427	trend_dtrader GBPUSD,H1: Failed modifying USDJPY
0	18:52:03.433	trend_dtrader GBPUSD,H1: Failed modifying USDJPY
0	18:52:04.406	trend_dtrader GBPUSD,H1: Failed modifying USDJPY
0	18:52:05.406	trend_dtrader GBPUSD,H1: Failed modifying USDJPY
0	18:52:06.407	trend_dtrader GBPUSD,H1: Failed modifying USDJPY
0	18:52:07.408	trend_dtrader GBPUSD,H1: Failed modifying USDJPY
0	18:52:08.407	trend_dtrader GBPUSD,H1: Failed modifying USDJPY
0	18:52:09.407	trend_dtrader GBPUSD,H1: Failed modifying USDJPY
0	18:52:10.407	trend_dtrader GBPUSD,H1: Failed modifying USDJPY
0	18:52:11.407	trend_dtrader GBPUSD,H1: Failed modifying USDJPY
0	18:52:12.407	trend_dtrader GBPUSD,H1: Failed modifying USDJPY
0	18:52:13.406	trend_dtrader GBPUSD,H1: Failed modifying USDJPY
0	18:52:14.407	trend_dtrader GBPUSD,H1: Failed modifying USDJPY
0	18:52:15.408	trend_dtrader GBPUSD,H1: Failed modifying USDJPY
0	18:52:16.407	trend_dtrader GBPUSD,H1: Failed modifying USDJPY
0	18:52:17.406	trend_dtrader GBPUSD,H1: Failed modifying USDJPY
0	18:52:18.407	trend_dtrader GBPUSD,H1: Failed modifying USDJPY
0	18:52:19.407	trend_dtrader GBPUSD,H1: Failed modifying USDJPY
0	18:52:20.434	trend_dtrader GBPUSD,H1: Failed modifying USDJPY
0	18:52:21.407	trend_dtrader GBPUSD,H1: Failed modifying USDJPY
0	18:52:22.407	trend_dtrader GBPUSD,H1: Failed modifying USDJPY
0	18:52:23.406	trend_dtrader GBPUSD,H1: Failed modifying USDJPY
0	18:52:24.408	trend_dtrader GBPUSD,H1: Failed modifying USDJPY
0	18:52:25.407	trend_dtrader GBPUSD,H1: Failed modifying USDJPY
0	18:52:26.408	trend_dtrader GBPUSD,H1: Failed modifying USDJPY
0	18:52:27.407	trend_dtrader GBPUSD,H1: Failed modifying USDJPY
0	18:52:28.408	trend_dtrader GBPUSD,H1: Failed modifying USDJPY
0	18:52:29.533	trend_dtrader GBPUSD,H1: Failed modifying USDJPY
0	18:52:30.408	trend_dtrader GBPUSD,H1: Failed modifying USDJPY
0	18:52:31.407	trend_dtrader GBPUSD,H1: Failed modifying USDJPY
0	18:52:32.407	trend_dtrader GBPUSD,H1: Failed modifying USDJPY
0	18:52:33.408	trend_dtrader GBPUSD,H1: Failed modifying USDJPY
0	18:52:34.408	trend_dtrader GBPUSD,H1: Failed modifying USDJPY
0	18:52:35.408	trend_dtrader GBPUSD,H1: Failed modifying USDJPY
0	18:52:36.407	trend_dtrader GBPUSD,H1: Failed modifying USDJPY
0	18:52:37.408	trend_dtrader GBPUSD,H1: Failed modifying USDJPY
0	18:52:38.407	trend_dtrader GBPUSD,H1: Failed modifying USDJPY
0	18:52:39.407	trend_dtrader GBPUSD,H1: Failed modifying USDJPY
0	18:52:40.407	trend_dtrader GBPUSD,H1: Failed modifying USDJPY
0	18:52:41.411	trend_dtrader GBPUSD,H1: Failed modifying USDJPY
0	18:52:42.408	trend_dtrader GBPUSD,H1: Failed modifying USDJPY
0	18:52:43.408	trend_dtrader GBPUSD,H1: Failed modifying USDJPY
0	18:52:44.407	trend_dtrader GBPUSD,H1: Failed modifying USDJPY
0	18:52:45.408	trend_dtrader GBPUSD,H1: Failed modifying USDJPY
0	18:52:46.407	trend_dtrader GBPUSD,H1: Failed modifying USDJPY
0	18:52:47.408	trend_dtrader GBPUSD,H1: Failed modifying USDJPY
0	18:52:48.407	trend_dtrader GBPUSD,H1: Failed modifying USDJPY
0	18:52:49.408	trend_dtrader GBPUSD,H1: Failed modifying USDJPY
0	18:52:50.407	trend_dtrader GBPUSD,H1: Failed modifying USDJPY
0	18:52:51.408	trend_dtrader GBPUSD,H1: Failed modifying USDJPY
0	18:52:52.408	trend_dtrader GBPUSD,H1: Failed modifying USDJPY
0	18:52:53.407	trend_dtrader GBPUSD,H1: Failed modifying USDJPY
0	18:52:54.408	trend_dtrader GBPUSD,H1: Failed modifying USDJPY
0	18:52:55.408	trend_dtrader GBPUSD,H1: Failed modifying USDJPY
0	18:52:56.408	trend_dtrader GBPUSD,H1: Failed modifying USDJPY
0	18:52:57.408	trend_dtrader GBPUSD,H1: Failed modifying USDJPY
0	18:52:58.411	trend_dtrader GBPUSD,H1: Failed modifying USDJPY
0	18:52:59.408	trend_dtrader GBPUSD,H1: Failed modifying USDJPY
0	18:53:00.407	trend_dtrader GBPUSD,H1: Failed modifying USDJPY
0	18:53:01.408	trend_dtrader GBPUSD,H1: Failed modifying USDJPY
0	18:53:02.408	trend_dtrader GBPUSD,H1: Failed modifying USDJPY
0	18:53:03.408	trend_dtrader GBPUSD,H1: Failed modifying USDJPY
0	18:53:04.408	trend_dtrader GBPUSD,H1: Failed modifying USDJPY
0	18:53:05.407	trend_dtrader GBPUSD,H1: Failed modifying USDJPY
0	18:53:06.408	trend_dtrader GBPUSD,H1: Failed modifying USDJPY
0	18:53:07.408	trend_dtrader GBPUSD,H1: Failed modifying USDJPY
0	18:53:08.408	trend_dtrader GBPUSD,H1: Failed modifying USDJPY
0	18:53:09.411	trend_dtrader GBPUSD,H1: Failed modifying USDJPY
0	18:53:10.410	trend_dtrader GBPUSD,H1: Failed modifying USDJPY
0	18:53:11.410	trend_dtrader GBPUSD,H1: Failed modifying USDJPY
0	18:53:12.411	trend_dtrader GBPUSD,H1: Failed modifying USDJPY
0	18:53:13.408	trend_dtrader GBPUSD,H1: Failed modifying USDJPY
0	18:53:14.408	trend_dtrader GBPUSD,H1: Failed modifying USDJPY
0	18:53:15.408	trend_dtrader GBPUSD,H1: Failed modifying USDJPY
0	18:53:16.408	trend_dtrader GBPUSD,H1: Failed modifying USDJPY
0	18:53:17.408	trend_dtrader GBPUSD,H1: Failed modifying USDJPY
0	18:53:18.408	trend_dtrader GBPUSD,H1: Failed modifying USDJPY
0	18:53:19.409	trend_dtrader GBPUSD,H1: Failed modifying USDJPY
0	18:53:20.428	trend_dtrader GBPUSD,H1: Failed modifying USDJPY
0	18:53:21.409	trend_dtrader GBPUSD,H1: Failed modifying USDJPY
0	18:53:22.408	trend_dtrader GBPUSD,H1: Failed modifying USDJPY
0	18:53:23.408	trend_dtrader GBPUSD,H1: Failed modifying USDJPY
0	18:53:24.409	trend_dtrader GBPUSD,H1: Failed modifying USDJPY
0	18:53:25.439	trend_dtrader GBPUSD,H1: Failed modifying USDJPY
0	18:53:26.408	trend_dtrader GBPUSD,H1: Failed modifying USDJPY
0	18:53:27.408	trend_dtrader GBPUSD,H1: Failed modifying USDJPY
0	18:53:28.408	trend_dtrader GBPUSD,H1: Failed modifying USDJPY
0	18:53:29.409	trend_dtrader GBPUSD,H1: Failed modifying USDJPY
0	18:53:30.408	trend_dtrader GBPUSD,H1: Failed modifying USDJPY
0	18:53:31.408	trend_dtrader GBPUSD,H1: Failed modifying USDJPY
0	18:53:32.409	trend_dtrader GBPUSD,H1: Failed modifying USDJPY
0	18:53:33.409	trend_dtrader GBPUSD,H1: Failed modifying USDJPY
0	18:53:34.409	trend_dtrader GBPUSD,H1: Failed modifying USDJPY
0	18:53:35.408	trend_dtrader GBPUSD,H1: Failed modifying USDJPY
0	18:53:36.409	trend_dtrader GBPUSD,H1: Failed modifying USDJPY
0	18:53:37.408	trend_dtrader GBPUSD,H1: Failed modifying USDJPY
0	18:53:38.408	trend_dtrader GBPUSD,H1: Failed modifying USDJPY
0	18:53:39.409	trend_dtrader GBPUSD,H1: Failed modifying USDJPY
0	18:53:40.409	trend_dtrader GBPUSD,H1: Failed modifying USDJPY
0	18:53:41.408	trend_dtrader GBPUSD,H1: Failed modifying USDJPY
0	18:53:42.408	trend_dtrader GBPUSD,H1: Failed modifying USDJPY
0	18:53:43.409	trend_dtrader GBPUSD,H1: Failed modifying USDJPY
0	18:53:44.408	trend_dtrader GBPUSD,H1: Failed modifying USDJPY
0	18:53:45.409	trend_dtrader GBPUSD,H1: Failed modifying USDJPY
0	18:53:46.410	trend_dtrader GBPUSD,H1: Failed modifying USDJPY
0	18:53:47.409	trend_dtrader GBPUSD,H1: Failed modifying USDJPY
0	18:53:48.408	trend_dtrader GBPUSD,H1: Failed modifying USDJPY
0	18:53:49.409	trend_dtrader GBPUSD,H1: Failed modifying USDJPY
0	18:53:50.409	trend_dtrader GBPUSD,H1: Failed modifying USDJPY
0	18:53:51.408	trend_dtrader GBPUSD,H1: Failed modifying USDJPY
0	18:53:52.409	trend_dtrader GBPUSD,H1: Failed modifying USDJPY
0	18:53:53.409	trend_dtrader GBPUSD,H1: Failed modifying USDJPY
0	18:53:54.409	trend_dtrader GBPUSD,H1: Failed modifying USDJPY
0	18:53:55.410	trend_dtrader GBPUSD,H1: Failed modifying USDJPY
0	18:53:56.409	trend_dtrader GBPUSD,H1: Failed modifying USDJPY
0	18:53:57.408	trend_dtrader GBPUSD,H1: Failed modifying USDJPY
0	18:53:58.409	trend_dtrader GBPUSD,H1: Failed modifying USDJPY
0	18:53:59.409	trend_dtrader GBPUSD,H1: Failed modifying USDJPY
0	18:54:00.410	trend_dtrader GBPUSD,H1: Failed modifying USDJPY
0	18:54:01.408	trend_dtrader GBPUSD,H1: Failed modifying USDJPY
0	18:54:02.409	trend_dtrader GBPUSD,H1: Failed modifying USDJPY
0	18:54:03.408	trend_dtrader GBPUSD,H1: Failed modifying USDJPY
0	18:54:04.409	trend_dtrader GBPUSD,H1: Failed modifying USDJPY
0	18:54:05.409	trend_dtrader GBPUSD,H1: Failed modifying USDJPY
0	18:54:06.409	trend_dtrader GBPUSD,H1: Failed modifying USDJPY
0	18:54:07.409	trend_dtrader GBPUSD,H1: Failed modifying USDJPY
0	18:54:08.409	trend_dtrader GBPUSD,H1: Failed modifying USDJPY
0	18:54:09.409	trend_dtrader GBPUSD,H1: Failed modifying USDJPY
0	18:54:10.409	trend_dtrader GBPUSD,H1: Failed modifying USDJPY
0	18:54:11.409	trend_dtrader GBPUSD,H1: Failed modifying USDJPY
0	18:54:12.409	trend_dtrader GBPUSD,H1: Failed modifying USDJPY
0	18:54:13.409	trend_dtrader GBPUSD,H1: Failed modifying USDJPY
0	18:54:14.409	trend_dtrader GBPUSD,H1: Failed modifying USDJPY
0	18:54:15.410	trend_dtrader GBPUSD,H1: Failed modifying USDJPY
0	18:54:16.410	trend_dtrader GBPUSD,H1: Failed modifying USDJPY
0	18:54:17.409	trend_dtrader GBPUSD,H1: Failed modifying USDJPY
0	18:54:18.409	trend_dtrader GBPUSD,H1: Failed modifying USDJPY
0	18:54:19.409	trend_dtrader GBPUSD,H1: Failed modifying USDJPY
0	18:54:20.409	trend_dtrader GBPUSD,H1: Failed modifying USDJPY
0	18:54:21.410	trend_dtrader GBPUSD,H1: Failed modifying USDJPY
0	18:54:22.410	trend_dtrader GBPUSD,H1: Failed modifying USDJPY
0	18:54:23.409	trend_dtrader GBPUSD,H1: Failed modifying USDJPY
0	18:54:24.409	trend_dtrader GBPUSD,H1: Failed modifying USDJPY
0	18:54:25.409	trend_dtrader GBPUSD,H1: Failed modifying USDJPY
0	18:54:26.409	trend_dtrader GBPUSD,H1: Failed modifying USDJPY
0	18:54:27.409	trend_dtrader GBPUSD,H1: Failed modifying USDJPY
0	18:54:28.409	trend_dtrader GBPUSD,H1: Failed modifying USDJPY
0	18:54:29.409	trend_dtrader GBPUSD,H1: Failed modifying USDJPY
0	18:54:30.409	trend_dtrader GBPUSD,H1: Failed modifying USDJPY
0	18:54:31.409	trend_dtrader GBPUSD,H1: Failed modifying USDJPY
0	18:54:32.410	trend_dtrader GBPUSD,H1: Failed modifying USDJPY
0	18:54:33.410	trend_dtrader GBPUSD,H1: Failed modifying USDJPY
0	18:54:34.410	trend_dtrader GBPUSD,H1: Failed modifying USDJPY
0	18:54:35.410	trend_dtrader GBPUSD,H1: Failed modifying USDJPY
0	18:54:36.410	trend_dtrader GBPUSD,H1: Failed modifying USDJPY
0	18:54:37.410	trend_dtrader GBPUSD,H1: Failed modifying USDJPY
0	18:54:38.411	trend_dtrader GBPUSD,H1: Failed modifying USDJPY
0	18:54:39.409	trend_dtrader GBPUSD,H1: Failed modifying USDJPY
0	18:54:40.410	trend_dtrader GBPUSD,H1: Failed modifying USDJPY
0	18:54:41.410	trend_dtrader GBPUSD,H1: Failed modifying USDJPY
0	18:54:42.409	trend_dtrader GBPUSD,H1: Failed modifying USDJPY
0	18:54:43.411	trend_dtrader GBPUSD,H1: Failed modifying USDJPY
0	18:54:44.410	trend_dtrader GBPUSD,H1: Failed modifying USDJPY
0	18:54:45.410	trend_dtrader GBPUSD,H1: Failed modifying USDJPY
0	18:54:46.409	trend_dtrader GBPUSD,H1: Failed modifying USDJPY
0	18:54:47.411	trend_dtrader GBPUSD,H1: Failed modifying USDJPY
0	18:54:48.410	trend_dtrader GBPUSD,H1: Failed modifying USDJPY
0	18:54:49.411	trend_dtrader GBPUSD,H1: Failed modifying USDJPY
0	18:54:50.411	trend_dtrader GBPUSD,H1: Failed modifying USDJPY
0	18:54:51.410	trend_dtrader GBPUSD,H1: Failed modifying USDJPY
0	18:54:52.410	trend_dtrader GBPUSD,H1: Failed modifying USDJPY
0	18:54:53.410	trend_dtrader GBPUSD,H1: Failed modifying USDJPY
0	18:54:54.410	trend_dtrader GBPUSD,H1: Failed modifying USDJPY
0	18:54:55.410	trend_dtrader GBPUSD,H1: Failed modifying USDJPY
0	18:54:56.410	trend_dtrader GBPUSD,H1: Failed modifying USDJPY
0	18:54:57.410	trend_dtrader GBPUSD,H1: Failed modifying USDJPY
0	18:54:58.410	trend_dtrader GBPUSD,H1: Failed modifying USDJPY
0	18:54:59.410	trend_dtrader GBPUSD,H1: Failed modifying USDJPY
0	18:55:00.411	trend_dtrader GBPUSD,H1: Failed modifying USDJPY
0	18:55:01.411	trend_dtrader GBPUSD,H1: Failed modifying USDJPY
0	18:55:02.410	trend_dtrader GBPUSD,H1: Failed modifying USDJPY
0	18:55:03.411	trend_dtrader GBPUSD,H1: Failed modifying USDJPY
0	18:55:04.410	trend_dtrader GBPUSD,H1: Failed modifying USDJPY
0	18:55:05.410	trend_dtrader GBPUSD,H1: Failed modifying USDJPY
0	18:55:06.410	trend_dtrader GBPUSD,H1: Failed modifying USDJPY
0	18:55:07.411	trend_dtrader GBPUSD,H1: Failed modifying USDJPY
0	18:55:08.410	trend_dtrader GBPUSD,H1: Failed modifying USDJPY
0	18:55:09.411	trend_dtrader GBPUSD,H1: Failed modifying USDJPY
0	18:55:10.411	trend_dtrader GBPUSD,H1: Failed modifying USDJPY
0	18:55:11.410	trend_dtrader GBPUSD,H1: Failed modifying USDJPY
0	18:55:12.411	trend_dtrader GBPUSD,H1: Failed modifying USDJPY
0	18:55:13.411	trend_dtrader GBPUSD,H1: Failed modifying USDJPY
0	18:55:14.410	trend_dtrader GBPUSD,H1: Failed modifying USDJPY
0	18:55:15.410	trend_dtrader GBPUSD,H1: Failed modifying USDJPY
0	18:55:16.410	trend_dtrader GBPUSD,H1: Failed modifying USDJPY
0	18:55:17.416	trend_dtrader GBPUSD,H1: Failed modifying USDJPY
0	18:55:18.411	trend_dtrader GBPUSD,H1: Failed modifying USDJPY
0	18:55:19.411	trend_dtrader GBPUSD,H1: Failed modifying USDJPY
0	18:55:20.410	trend_dtrader GBPUSD,H1: Failed modifying USDJPY
0	18:55:21.411	trend_dtrader GBPUSD,H1: Failed modifying USDJPY
0	18:55:22.411	trend_dtrader GBPUSD,H1: Failed modifying USDJPY
0	18:55:23.410	trend_dtrader GBPUSD,H1: Failed modifying USDJPY
0	18:55:24.411	trend_dtrader GBPUSD,H1: Failed modifying USDJPY
0	18:55:25.410	trend_dtrader GBPUSD,H1: Failed modifying USDJPY
0	18:55:26.411	trend_dtrader GBPUSD,H1: Failed modifying USDJPY
0	18:55:27.411	trend_dtrader GBPUSD,H1: Failed modifying USDJPY
0	18:55:28.412	trend_dtrader GBPUSD,H1: Failed modifying USDJPY
0	18:55:29.411	trend_dtrader GBPUSD,H1: Failed modifying USDJPY
0	18:55:30.417	trend_dtrader GBPUSD,H1: Failed modifying USDJPY
0	18:55:31.411	trend_dtrader GBPUSD,H1: Failed modifying USDJPY
0	18:55:32.410	trend_dtrader GBPUSD,H1: Failed modifying USDJPY
0	18:55:33.415	trend_dtrader GBPUSD,H1: Failed modifying USDJPY
0	18:55:34.410	trend_dtrader GBPUSD,H1: Failed modifying USDJPY
0	18:55:35.410	trend_dtrader GBPUSD,H1: Failed modifying USDJPY
0	18:55:36.411	trend_dtrader GBPUSD,H1: Failed modifying USDJPY
0	18:55:37.411	trend_dtrader GBPUSD,H1: Failed modifying USDJPY
0	18:55:38.411	trend_dtrader GBPUSD,H1: Failed modifying USDJPY
0	18:55:39.410	trend_dtrader GBPUSD,H1: Failed modifying USDJPY
0	18:55:40.411	trend_dtrader GBPUSD,H1: Failed modifying USDJPY
0	18:55:41.411	trend_dtrader GBPUSD,H1: Failed modifying USDJPY
0	18:55:42.411	trend_dtrader GBPUSD,H1: Failed modifying USDJPY
0	18:55:43.410	trend_dtrader GBPUSD,H1: Failed modifying USDJPY
0	18:55:44.412	trend_dtrader GBPUSD,H1: Failed modifying USDJPY
0	18:55:45.411	trend_dtrader GBPUSD,H1: Failed modifying USDJPY
0	18:55:46.412	trend_dtrader GBPUSD,H1: Failed modifying USDJPY
0	18:55:47.411	trend_dtrader GBPUSD,H1: Failed modifying USDJPY
0	18:55:48.412	trend_dtrader GBPUSD,H1: Failed modifying USDJPY
0	18:55:49.411	trend_dtrader GBPUSD,H1: Failed modifying USDJPY
0	18:55:50.412	trend_dtrader GBPUSD,H1: Failed modifying USDJPY
0	18:55:51.411	trend_dtrader GBPUSD,H1: Failed modifying USDJPY
0	18:55:52.411	trend_dtrader GBPUSD,H1: Failed modifying USDJPY
0	18:55:53.411	trend_dtrader GBPUSD,H1: Failed modifying USDJPY
0	18:55:54.411	trend_dtrader GBPUSD,H1: Failed modifying USDJPY
0	18:55:55.412	trend_dtrader GBPUSD,H1: Failed modifying USDJPY
0	18:55:56.410	trend_dtrader GBPUSD,H1: Failed modifying USDJPY
0	18:55:57.412	trend_dtrader GBPUSD,H1: Failed modifying USDJPY
0	18:55:58.411	trend_dtrader GBPUSD,H1: Failed modifying USDJPY
0	18:55:59.412	trend_dtrader GBPUSD,H1: Failed modifying USDJPY
0	18:56:00.411	trend_dtrader GBPUSD,H1: Failed modifying USDJPY
0	18:56:01.411	trend_dtrader GBPUSD,H1: Failed modifying USDJPY
0	18:56:02.411	trend_dtrader GBPUSD,H1: Failed modifying USDJPY
0	18:56:03.412	trend_dtrader GBPUSD,H1: Failed modifying USDJPY
0	18:56:04.411	trend_dtrader GBPUSD,H1: Failed modifying USDJPY
0	18:56:05.411	trend_dtrader GBPUSD,H1: Failed modifying USDJPY
0	18:56:06.411	trend_dtrader GBPUSD,H1: Failed modifying USDJPY
0	18:56:07.412	trend_dtrader GBPUSD,H1: Failed modifying USDJPY
0	18:56:08.411	trend_dtrader GBPUSD,H1: Failed modifying USDJPY
0	18:56:09.411	trend_dtrader GBPUSD,H1: Failed modifying USDJPY
0	18:56:10.412	trend_dtrader GBPUSD,H1: Failed modifying USDJPY
0	18:56:11.412	trend_dtrader GBPUSD,H1: Failed modifying USDJPY
0	18:56:12.412	trend_dtrader GBPUSD,H1: Failed modifying USDJPY
0	18:56:13.411	trend_dtrader GBPUSD,H1: Failed modifying USDJPY
0	18:56:14.412	trend_dtrader GBPUSD,H1: Failed modifying USDJPY
0	18:56:15.412	trend_dtrader GBPUSD,H1: Failed modifying USDJPY
0	18:56:16.412	trend_dtrader GBPUSD,H1: Failed modifying USDJPY
0	18:56:17.412	trend_dtrader GBPUSD,H1: Failed modifying USDJPY
0	18:56:18.412	trend_dtrader GBPUSD,H1: Failed modifying USDJPY
0	18:56:19.412	trend_dtrader GBPUSD,H1: Failed modifying USDJPY
0	18:56:20.412	trend_dtrader GBPUSD,H1: Failed modifying USDJPY
0	18:56:21.412	trend_dtrader GBPUSD,H1: Failed modifying USDJPY
0	18:56:22.412	trend_dtrader GBPUSD,H1: Failed modifying USDJPY
0	18:56:23.411	trend_dtrader GBPUSD,H1: Failed modifying USDJPY
0	18:56:24.413	trend_dtrader GBPUSD,H1: Failed modifying USDJPY
0	18:56:25.412	trend_dtrader GBPUSD,H1: Failed modifying USDJPY
0	18:56:26.412	trend_dtrader GBPUSD,H1: Failed modifying USDJPY
0	18:56:27.412	trend_dtrader GBPUSD,H1: Failed modifying USDJPY
0	18:56:28.412	trend_dtrader GBPUSD,H1: Failed modifying USDJPY
0	18:56:29.412	trend_dtrader GBPUSD,H1: Failed modifying USDJPY
0	18:56:30.412	trend_dtrader GBPUSD,H1: Failed modifying USDJPY
0	18:56:31.411	trend_dtrader GBPUSD,H1: Failed modifying USDJPY
0	18:56:32.412	trend_dtrader GBPUSD,H1: Failed modifying USDJPY
0	18:56:33.411	trend_dtrader GBPUSD,H1: Failed modifying USDJPY
0	18:56:34.412	trend_dtrader GBPUSD,H1: Failed modifying USDJPY
0	18:56:35.412	trend_dtrader GBPUSD,H1: Failed modifying USDJPY
0	18:56:36.412	trend_dtrader GBPUSD,H1: Failed modifying USDJPY
0	18:56:37.413	trend_dtrader GBPUSD,H1: Failed modifying USDJPY
0	18:56:38.412	trend_dtrader GBPUSD,H1: Failed modifying USDJPY
0	18:56:39.413	trend_dtrader GBPUSD,H1: Failed modifying USDJPY
0	18:56:40.412	trend_dtrader GBPUSD,H1: Failed modifying USDJPY
0	18:56:41.411	trend_dtrader GBPUSD,H1: Failed modifying USDJPY
0	18:56:42.413	trend_dtrader GBPUSD,H1: Failed modifying USDJPY
0	18:56:43.411	trend_dtrader GBPUSD,H1: Failed modifying USDJPY
0	18:56:44.412	trend_dtrader GBPUSD,H1: Failed modifying USDJPY
0	18:56:45.413	trend_dtrader GBPUSD,H1: Failed modifying USDJPY
0	18:56:46.412	trend_dtrader GBPUSD,H1: Failed modifying USDJPY
0	18:56:47.413	trend_dtrader GBPUSD,H1: Failed modifying USDJPY
0	18:56:48.413	trend_dtrader GBPUSD,H1: Failed modifying USDJPY
0	18:56:49.413	trend_dtrader GBPUSD,H1: Failed modifying USDJPY
0	18:56:50.413	trend_dtrader GBPUSD,H1: Failed modifying USDJPY
0	18:56:51.413	trend_dtrader GBPUSD,H1: Failed modifying USDJPY
0	18:56:52.413	trend_dtrader GBPUSD,H1: Failed modifying USDJPY
0	18:56:53.413	trend_dtrader GBPUSD,H1: Failed modifying USDJPY
0	18:56:54.412	trend_dtrader GBPUSD,H1: Failed modifying USDJPY
0	18:56:55.412	trend_dtrader GBPUSD,H1: Failed modifying USDJPY
0	18:56:56.413	trend_dtrader GBPUSD,H1: Failed modifying USDJPY
0	18:56:57.413	trend_dtrader GBPUSD,H1: Failed modifying USDJPY
0	18:56:58.413	trend_dtrader GBPUSD,H1: Failed modifying USDJPY
0	18:56:59.412	trend_dtrader GBPUSD,H1: Failed modifying USDJPY
0	18:57:00.412	trend_dtrader GBPUSD,H1: Failed modifying USDJPY
0	18:57:01.412	trend_dtrader GBPUSD,H1: Failed modifying USDJPY
0	18:57:02.413	trend_dtrader GBPUSD,H1: Failed modifying USDJPY
0	18:57:03.423	trend_dtrader GBPUSD,H1: Failed modifying USDJPY
0	18:57:04.412	trend_dtrader GBPUSD,H1: Failed modifying USDJPY
0	18:57:05.413	trend_dtrader GBPUSD,H1: Failed modifying USDJPY
0	18:57:06.413	trend_dtrader GBPUSD,H1: Failed modifying USDJPY
0	18:57:07.413	trend_dtrader GBPUSD,H1: Failed modifying USDJPY
0	18:57:08.413	trend_dtrader GBPUSD,H1: Failed modifying USDJPY
0	18:57:09.412	trend_dtrader GBPUSD,H1: Failed modifying USDJPY
0	18:57:10.412	trend_dtrader GBPUSD,H1: Failed modifying USDJPY
0	18:57:11.412	trend_dtrader GBPUSD,H1: Failed modifying USDJPY
0	18:57:12.413	trend_dtrader GBPUSD,H1: Failed modifying USDJPY
0	18:57:13.413	trend_dtrader GBPUSD,H1: Failed modifying USDJPY
0	18:57:14.412	trend_dtrader GBPUSD,H1: Failed modifying USDJPY
0	18:57:15.413	trend_dtrader GBPUSD,H1: Failed modifying USDJPY
0	18:57:16.412	trend_dtrader GBPUSD,H1: Failed modifying USDJPY
0	18:57:17.413	trend_dtrader GBPUSD,H1: Failed modifying USDJPY
0	18:57:18.412	trend_dtrader GBPUSD,H1: Failed modifying USDJPY
0	18:57:19.412	trend_dtrader GBPUSD,H1: Failed modifying USDJPY
0	18:57:20.413	trend_dtrader GBPUSD,H1: Failed modifying USDJPY
0	18:57:21.413	trend_dtrader GBPUSD,H1: Failed modifying USDJPY
0	18:57:22.414	trend_dtrader GBPUSD,H1: Failed modifying USDJPY
0	18:57:23.413	trend_dtrader GBPUSD,H1: Failed modifying USDJPY
0	18:57:24.414	trend_dtrader GBPUSD,H1: Failed modifying USDJPY
0	18:57:25.412	trend_dtrader GBPUSD,H1: Failed modifying USDJPY
0	18:57:26.413	trend_dtrader GBPUSD,H1: Failed modifying USDJPY
0	18:57:27.413	trend_dtrader GBPUSD,H1: Failed modifying USDJPY
0	18:57:28.413	trend_dtrader GBPUSD,H1: Failed modifying USDJPY
0	18:57:29.413	trend_dtrader GBPUSD,H1: Failed modifying USDJPY
0	18:57:30.413	trend_dtrader GBPUSD,H1: Failed modifying USDJPY
0	18:57:31.412	trend_dtrader GBPUSD,H1: Failed modifying USDJPY
0	18:57:32.416	trend_dtrader GBPUSD,H1: Failed modifying USDJPY
0	18:57:33.412	trend_dtrader GBPUSD,H1: Failed modifying USDJPY
0	18:57:34.414	trend_dtrader GBPUSD,H1: Failed modifying USDJPY
0	18:57:35.413	trend_dtrader GBPUSD,H1: Failed modifying USDJPY
0	18:57:36.413	trend_dtrader GBPUSD,H1: Failed modifying USDJPY
0	18:57:37.413	trend_dtrader GBPUSD,H1: Failed modifying USDJPY
0	18:57:38.413	trend_dtrader GBPUSD,H1: Failed modifying USDJPY
0	18:57:39.413	trend_dtrader GBPUSD,H1: Failed modifying USDJPY
0	18:57:40.413	trend_dtrader GBPUSD,H1: Failed modifying USDJPY
0	18:57:41.413	trend_dtrader GBPUSD,H1: Failed modifying USDJPY
0	18:57:42.413	trend_dtrader GBPUSD,H1: Failed modifying USDJPY
0	18:57:43.414	trend_dtrader GBPUSD,H1: Failed modifying USDJPY
0	18:57:44.417	trend_dtrader GBPUSD,H1: Failed modifying USDJPY
0	18:57:45.414	trend_dtrader GBPUSD,H1: Failed modifying USDJPY
0	18:57:46.413	trend_dtrader GBPUSD,H1: Failed modifying USDJPY
0	18:57:47.413	trend_dtrader GBPUSD,H1: Failed modifying USDJPY
0	18:57:48.414	trend_dtrader GBPUSD,H1: Failed modifying USDJPY
0	18:57:49.413	trend_dtrader GBPUSD,H1: Failed modifying USDJPY
0	18:57:50.413	trend_dtrader GBPUSD,H1: Failed modifying USDJPY
0	18:57:51.414	trend_dtrader GBPUSD,H1: Failed modifying USDJPY
0	18:57:52.413	trend_dtrader GBPUSD,H1: Failed modifying USDJPY
0	18:57:53.413	trend_dtrader GBPUSD,H1: Failed modifying USDJPY
0	18:57:54.413	trend_dtrader GBPUSD,H1: Failed modifying USDJPY
0	18:57:55.414	trend_dtrader GBPUSD,H1: Failed modifying USDJPY
0	18:57:56.414	trend_dtrader GBPUSD,H1: Failed modifying USDJPY
0	18:57:57.413	trend_dtrader GBPUSD,H1: Failed modifying USDJPY
0	18:57:58.414	trend_dtrader GBPUSD,H1: Failed modifying USDJPY
0	18:57:59.413	trend_dtrader GBPUSD,H1: Failed modifying USDJPY
0	18:58:00.414	trend_dtrader GBPUSD,H1: Failed modifying USDJPY
0	18:58:01.413	trend_dtrader GBPUSD,H1: Failed modifying USDJPY
0	18:58:02.413	trend_dtrader GBPUSD,H1: Failed modifying USDJPY
0	18:58:03.414	trend_dtrader GBPUSD,H1: Failed modifying USDJPY
0	18:58:04.413	trend_dtrader GBPUSD,H1: Failed modifying USDJPY
0	18:58:05.414	trend_dtrader GBPUSD,H1: Failed modifying USDJPY
0	18:58:06.413	trend_dtrader GBPUSD,H1: Failed modifying USDJPY
0	18:58:07.413	trend_dtrader GBPUSD,H1: Failed modifying USDJPY
0	18:58:08.414	trend_dtrader GBPUSD,H1: Failed modifying USDJPY
0	18:58:09.413	trend_dtrader GBPUSD,H1: Failed modifying USDJPY
0	18:58:10.424	trend_dtrader GBPUSD,H1: Failed modifying USDJPY
0	18:58:11.414	trend_dtrader GBPUSD,H1: Failed modifying USDJPY
0	18:58:12.414	trend_dtrader GBPUSD,H1: Failed modifying USDJPY
0	18:58:13.414	trend_dtrader GBPUSD,H1: Failed modifying USDJPY
0	18:58:14.414	trend_dtrader GBPUSD,H1: Failed modifying USDJPY
0	18:58:15.413	trend_dtrader GBPUSD,H1: Failed modifying USDJPY
0	18:58:16.414	trend_dtrader GBPUSD,H1: Failed modifying USDJPY
0	18:58:17.414	trend_dtrader GBPUSD,H1: Failed modifying USDJPY
0	18:58:18.414	trend_dtrader GBPUSD,H1: Failed modifying USDJPY
0	18:58:19.414	trend_dtrader GBPUSD,H1: Failed modifying USDJPY
0	18:58:20.414	trend_dtrader GBPUSD,H1: Failed modifying USDJPY
0	18:58:21.414	trend_dtrader GBPUSD,H1: Failed modifying USDJPY
0	18:58:22.414	trend_dtrader GBPUSD,H1: Failed modifying USDJPY
0	18:58:23.413	trend_dtrader GBPUSD,H1: Failed modifying USDJPY
0	18:58:24.414	trend_dtrader GBPUSD,H1: Failed modifying USDJPY
0	18:58:25.414	trend_dtrader GBPUSD,H1: Failed modifying USDJPY
0	18:58:26.414	trend_dtrader GBPUSD,H1: Failed modifying USDJPY
0	18:58:27.414	trend_dtrader GBPUSD,H1: Failed modifying USDJPY
0	18:58:28.414	trend_dtrader GBPUSD,H1: Failed modifying USDJPY
0	18:58:29.414	trend_dtrader GBPUSD,H1: Failed modifying USDJPY
0	18:58:30.414	trend_dtrader GBPUSD,H1: Failed modifying USDJPY
0	18:58:31.414	trend_dtrader GBPUSD,H1: Failed modifying USDJPY
0	18:58:32.414	trend_dtrader GBPUSD,H1: Failed modifying USDJPY
0	18:58:33.415	trend_dtrader GBPUSD,H1: Failed modifying USDJPY
0	18:58:34.414	trend_dtrader GBPUSD,H1: Failed modifying USDJPY
0	18:58:35.414	trend_dtrader GBPUSD,H1: Failed modifying USDJPY
0	18:58:36.414	trend_dtrader GBPUSD,H1: Failed modifying USDJPY
0	18:58:37.414	trend_dtrader GBPUSD,H1: Failed modifying USDJPY
0	18:58:38.415	trend_dtrader GBPUSD,H1: Failed modifying USDJPY
0	18:58:39.414	trend_dtrader GBPUSD,H1: Failed modifying USDJPY
0	18:58:40.415	trend_dtrader GBPUSD,H1: Failed modifying USDJPY
0	18:58:41.414	trend_dtrader GBPUSD,H1: Failed modifying USDJPY
0	18:58:42.415	trend_dtrader GBPUSD,H1: Failed modifying USDJPY
0	18:58:43.414	trend_dtrader GBPUSD,H1: Failed modifying USDJPY
0	18:58:44.415	trend_dtrader GBPUSD,H1: Failed modifying USDJPY
0	18:58:45.414	trend_dtrader GBPUSD,H1: Failed modifying USDJPY
0	18:58:46.427	trend_dtrader GBPUSD,H1: Failed modifying USDJPY
0	18:58:47.414	trend_dtrader GBPUSD,H1: Failed modifying USDJPY
0	18:58:48.414	trend_dtrader GBPUSD,H1: Failed modifying USDJPY
0	18:58:49.415	trend_dtrader GBPUSD,H1: Failed modifying USDJPY
0	18:58:50.415	trend_dtrader GBPUSD,H1: Failed modifying USDJPY
0	18:58:51.415	trend_dtrader GBPUSD,H1: Failed modifying USDJPY
0	18:58:52.415	trend_dtrader GBPUSD,H1: Failed modifying USDJPY
0	18:58:53.414	trend_dtrader GBPUSD,H1: Failed modifying USDJPY
0	18:58:54.414	trend_dtrader GBPUSD,H1: Failed modifying USDJPY
0	18:58:55.415	trend_dtrader GBPUSD,H1: Failed modifying USDJPY
0	18:58:56.415	trend_dtrader GBPUSD,H1: Failed modifying USDJPY
0	18:58:57.415	trend_dtrader GBPUSD,H1: Failed modifying USDJPY
0	18:58:58.424	trend_dtrader GBPUSD,H1: Failed modifying USDJPY
0	18:58:59.415	trend_dtrader GBPUSD,H1: Failed modifying USDJPY
0	18:59:00.415	trend_dtrader GBPUSD,H1: Failed modifying USDJPY
0	18:59:01.415	trend_dtrader GBPUSD,H1: Failed modifying USDJPY
0	18:59:02.415	trend_dtrader GBPUSD,H1: Failed modifying USDJPY
0	18:59:03.415	trend_dtrader GBPUSD,H1: Failed modifying USDJPY
0	18:59:04.415	trend_dtrader GBPUSD,H1: Failed modifying USDJPY
0	18:59:05.414	trend_dtrader GBPUSD,H1: Failed modifying USDJPY
0	18:59:06.415	trend_dtrader GBPUSD,H1: Failed modifying USDJPY
0	18:59:07.415	trend_dtrader GBPUSD,H1: Failed modifying USDJPY
0	18:59:08.421	trend_dtrader GBPUSD,H1: Failed modifying USDJPY
0	18:59:09.415	trend_dtrader GBPUSD,H1: Failed modifying USDJPY
0	18:59:10.415	trend_dtrader GBPUSD,H1: Failed modifying USDJPY
0	18:59:11.415	trend_dtrader GBPUSD,H1: Failed modifying USDJPY
0	18:59:12.415	trend_dtrader GBPUSD,H1: Failed modifying USDJPY
0	18:59:13.415	trend_dtrader GBPUSD,H1: Failed modifying USDJPY
0	18:59:14.415	trend_dtrader GBPUSD,H1: Failed modifying USDJPY
0	18:59:15.415	trend_dtrader GBPUSD,H1: Failed modifying USDJPY
0	18:59:16.415	trend_dtrader GBPUSD,H1: Failed modifying USDJPY
0	18:59:17.415	trend_dtrader GBPUSD,H1: Failed modifying USDJPY
0	18:59:18.416	trend_dtrader GBPUSD,H1: Failed modifying USDJPY
0	18:59:19.416	trend_dtrader GBPUSD,H1: Failed modifying USDJPY
0	18:59:20.415	trend_dtrader GBPUSD,H1: Failed modifying USDJPY
0	18:59:21.416	trend_dtrader GBPUSD,H1: Failed modifying USDJPY
0	18:59:22.415	trend_dtrader GBPUSD,H1: Failed modifying USDJPY
0	18:59:23.416	trend_dtrader GBPUSD,H1: Failed modifying USDJPY
0	18:59:24.416	trend_dtrader GBPUSD,H1: Failed modifying USDJPY
0	18:59:25.415	trend_dtrader GBPUSD,H1: Failed modifying USDJPY
0	18:59:26.416	trend_dtrader GBPUSD,H1: Failed modifying USDJPY
0	18:59:27.415	trend_dtrader GBPUSD,H1: Failed modifying USDJPY
0	18:59:28.416	trend_dtrader GBPUSD,H1: Failed modifying USDJPY
0	18:59:29.415	trend_dtrader GBPUSD,H1: Failed modifying USDJPY
0	18:59:30.415	trend_dtrader GBPUSD,H1: Failed modifying USDJPY
0	18:59:31.415	trend_dtrader GBPUSD,H1: Failed modifying USDJPY
0	18:59:32.416	trend_dtrader GBPUSD,H1: Failed modifying USDJPY
0	18:59:33.416	trend_dtrader GBPUSD,H1: Failed modifying USDJPY
0	18:59:34.415	trend_dtrader GBPUSD,H1: Failed modifying USDJPY
0	18:59:35.417	trend_dtrader GBPUSD,H1: Failed modifying USDJPY
0	18:59:36.416	trend_dtrader GBPUSD,H1: Failed modifying USDJPY
0	18:59:37.416	trend_dtrader GBPUSD,H1: Failed modifying USDJPY
0	18:59:38.415	trend_dtrader GBPUSD,H1: Failed modifying USDJPY
0	18:59:39.416	trend_dtrader GBPUSD,H1: Failed modifying USDJPY
0	18:59:40.416	trend_dtrader GBPUSD,H1: Failed modifying USDJPY
0	18:59:41.415	trend_dtrader GBPUSD,H1: Failed modifying USDJPY
0	18:59:42.416	trend_dtrader GBPUSD,H1: Failed modifying USDJPY
0	18:59:43.415	trend_dtrader GBPUSD,H1: Failed modifying USDJPY
0	18:59:44.416	trend_dtrader GBPUSD,H1: Failed modifying USDJPY
0	18:59:45.416	trend_dtrader GBPUSD,H1: Failed modifying USDJPY
0	18:59:46.416	trend_dtrader GBPUSD,H1: Failed modifying USDJPY
0	18:59:47.415	trend_dtrader GBPUSD,H1: Failed modifying USDJPY
0	18:59:48.416	trend_dtrader GBPUSD,H1: Failed modifying USDJPY
0	18:59:49.415	trend_dtrader GBPUSD,H1: Failed modifying USDJPY
0	18:59:50.416	trend_dtrader GBPUSD,H1: Failed modifying USDJPY
0	18:59:51.415	trend_dtrader GBPUSD,H1: Failed modifying USDJPY
0	18:59:52.416	trend_dtrader GBPUSD,H1: Failed modifying USDJPY
0	18:59:53.415	trend_dtrader GBPUSD,H1: Failed modifying USDJPY
0	18:59:54.416	trend_dtrader GBPUSD,H1: Failed modifying USDJPY
0	18:59:55.416	trend_dtrader GBPUSD,H1: Failed modifying USDJPY
0	18:59:56.416	trend_dtrader GBPUSD,H1: Failed modifying USDJPY
0	18:59:57.415	trend_dtrader GBPUSD,H1: Failed modifying USDJPY
0	18:59:58.416	trend_dtrader GBPUSD,H1: Failed modifying USDJPY
0	18:59:59.416	trend_dtrader GBPUSD,H1: Failed modifying USDJPY
0	19:00:00.416	trend_dtrader GBPUSD,H1: Failed modifying USDJPY
0	19:00:01.416	trend_dtrader GBPUSD,H1: Failed modifying USDJPY
0	19:00:02.416	trend_dtrader GBPUSD,H1: Failed modifying USDJPY
0	19:00:03.416	trend_dtrader GBPUSD,H1: Failed modifying USDJPY
0	19:00:04.415	trend_dtrader GBPUSD,H1: Failed modifying USDJPY
0	19:00:05.420	trend_dtrader GBPUSD,H1: Failed modifying USDJPY
0	19:00:06.416	trend_dtrader GBPUSD,H1: Failed modifying USDJPY
0	19:00:07.416	trend_dtrader GBPUSD,H1: Failed modifying USDJPY
0	19:00:08.416	trend_dtrader GBPUSD,H1: Failed modifying USDJPY
0	19:00:09.417	trend_dtrader GBPUSD,H1: Failed modifying USDJPY
0	19:00:10.417	trend_dtrader GBPUSD,H1: Failed modifying USDJPY
0	19:00:11.417	trend_dtrader GBPUSD,H1: Failed modifying USDJPY
0	19:00:12.416	trend_dtrader GBPUSD,H1: Failed modifying USDJPY
0	19:00:13.416	trend_dtrader GBPUSD,H1: Failed modifying USDJPY
0	19:00:14.422	trend_dtrader GBPUSD,H1: Failed modifying USDJPY
0	19:00:15.416	trend_dtrader GBPUSD,H1: Failed modifying USDJPY
0	19:00:16.416	trend_dtrader GBPUSD,H1: Failed modifying USDJPY
0	19:00:17.416	trend_dtrader GBPUSD,H1: Failed modifying USDJPY
0	19:00:18.416	trend_dtrader GBPUSD,H1: Failed modifying USDJPY
0	19:00:19.416	trend_dtrader GBPUSD,H1: Failed modifying USDJPY
0	19:00:20.417	trend_dtrader GBPUSD,H1: Failed modifying USDJPY
0	19:00:21.416	trend_dtrader GBPUSD,H1: Failed modifying USDJPY
0	19:00:22.416	trend_dtrader GBPUSD,H1: Failed modifying USDJPY
0	19:00:23.416	trend_dtrader GBPUSD,H1: Failed modifying USDJPY
0	19:00:24.416	trend_dtrader GBPUSD,H1: Failed modifying USDJPY
0	19:00:25.416	trend_dtrader GBPUSD,H1: Failed modifying USDJPY
0	19:00:26.416	trend_dtrader GBPUSD,H1: Failed modifying USDJPY
0	19:00:27.416	trend_dtrader GBPUSD,H1: Failed modifying USDJPY
0	19:00:28.416	trend_dtrader GBPUSD,H1: Failed modifying USDJPY
0	19:00:29.421	trend_dtrader GBPUSD,H1: Failed modifying USDJPY
0	19:00:30.416	trend_dtrader GBPUSD,H1: Failed modifying USDJPY
0	19:00:31.416	trend_dtrader GBPUSD,H1: Failed modifying USDJPY
0	19:00:32.416	trend_dtrader GBPUSD,H1: Failed modifying USDJPY
0	19:00:33.416	trend_dtrader GBPUSD,H1: Failed modifying USDJPY
0	19:00:34.417	trend_dtrader GBPUSD,H1: Failed modifying USDJPY
0	19:00:35.416	trend_dtrader GBPUSD,H1: Failed modifying USDJPY
0	19:00:36.417	trend_dtrader GBPUSD,H1: Failed modifying USDJPY
0	19:00:37.417	trend_dtrader GBPUSD,H1: Failed modifying USDJPY
0	19:00:38.416	trend_dtrader GBPUSD,H1: Failed modifying USDJPY
0	19:00:39.416	trend_dtrader GBPUSD,H1: Failed modifying USDJPY
0	19:00:40.423	trend_dtrader GBPUSD,H1: Failed modifying USDJPY
0	19:00:41.417	trend_dtrader GBPUSD,H1: Failed modifying USDJPY
0	19:00:42.416	trend_dtrader GBPUSD,H1: Failed modifying USDJPY
0	19:00:43.416	trend_dtrader GBPUSD,H1: Failed modifying USDJPY
0	19:00:44.417	trend_dtrader GBPUSD,H1: Failed modifying USDJPY
0	19:00:45.449	trend_dtrader GBPUSD,H1: Failed modifying USDJPY
0	19:00:46.417	trend_dtrader GBPUSD,H1: Failed modifying USDJPY
0	19:00:47.417	trend_dtrader GBPUSD,H1: Failed modifying USDJPY
0	19:00:48.417	trend_dtrader GBPUSD,H1: Failed modifying USDJPY
0	19:00:49.417	trend_dtrader GBPUSD,H1: Failed modifying USDJPY
0	19:00:50.417	trend_dtrader GBPUSD,H1: Failed modifying USDJPY
0	19:00:51.417	trend_dtrader GBPUSD,H1: Failed modifying USDJPY
0	19:00:52.417	trend_dtrader GBPUSD,H1: Failed modifying USDJPY
0	19:00:53.417	trend_dtrader GBPUSD,H1: Failed modifying USDJPY
0	19:00:54.417	trend_dtrader GBPUSD,H1: Failed modifying USDJPY
0	19:00:55.416	trend_dtrader GBPUSD,H1: Failed modifying USDJPY
0	19:00:56.417	trend_dtrader GBPUSD,H1: Failed modifying USDJPY
0	19:00:57.417	trend_dtrader GBPUSD,H1: Failed modifying USDJPY
0	19:00:58.437	trend_dtrader GBPUSD,H1: Failed modifying USDJPY
0	19:00:59.417	trend_dtrader GBPUSD,H1: Failed modifying USDJPY
0	19:01:00.418	trend_dtrader GBPUSD,H1: Failed modifying USDJPY
0	19:01:01.417	trend_dtrader GBPUSD,H1: Failed modifying USDJPY
0	19:01:02.417	trend_dtrader GBPUSD,H1: Failed modifying USDJPY
0	19:01:03.417	trend_dtrader GBPUSD,H1: Failed modifying USDJPY
0	19:01:04.432	trend_dtrader GBPUSD,H1: Failed modifying USDJPY
0	19:01:05.417	trend_dtrader GBPUSD,H1: Failed modifying USDJPY
0	19:01:06.418	trend_dtrader GBPUSD,H1: Failed modifying USDJPY
0	19:01:07.417	trend_dtrader GBPUSD,H1: Failed modifying USDJPY
0	19:01:08.417	trend_dtrader GBPUSD,H1: Failed modifying USDJPY
0	19:01:09.418	trend_dtrader GBPUSD,H1: Failed modifying USDJPY
0	19:01:10.417	trend_dtrader GBPUSD,H1: Failed modifying USDJPY
0	19:01:11.418	trend_dtrader GBPUSD,H1: Failed modifying USDJPY
0	19:01:12.424	trend_dtrader GBPUSD,H1: Failed modifying USDJPY
0	19:01:13.417	trend_dtrader GBPUSD,H1: Failed modifying USDJPY
0	19:01:14.429	trend_dtrader GBPUSD,H1: Failed modifying USDJPY
0	19:01:15.417	trend_dtrader GBPUSD,H1: Failed modifying USDJPY
0	19:01:16.417	trend_dtrader GBPUSD,H1: Failed modifying USDJPY
0	19:01:17.418	trend_dtrader GBPUSD,H1: Failed modifying USDJPY
0	19:01:18.445	trend_dtrader GBPUSD,H1: Failed modifying USDJPY
0	19:01:19.418	trend_dtrader GBPUSD,H1: Failed modifying USDJPY
0	19:01:20.417	trend_dtrader GBPUSD,H1: Failed modifying USDJPY
0	19:01:21.417	trend_dtrader GBPUSD,H1: Failed modifying USDJPY
0	19:01:22.417	trend_dtrader GBPUSD,H1: Failed modifying USDJPY
0	19:01:23.418	trend_dtrader GBPUSD,H1: Failed modifying USDJPY
0	19:01:24.420	trend_dtrader GBPUSD,H1: Failed modifying USDJPY
0	19:01:25.418	trend_dtrader GBPUSD,H1: Failed modifying USDJPY
0	19:01:26.418	trend_dtrader GBPUSD,H1: Failed modifying USDJPY
0	19:01:27.420	trend_dtrader GBPUSD,H1: Failed modifying USDJPY
0	19:01:28.418	trend_dtrader GBPUSD,H1: Failed modifying USDJPY
0	19:01:29.417	trend_dtrader GBPUSD,H1: Failed modifying USDJPY
0	19:01:30.418	trend_dtrader GBPUSD,H1: Failed modifying USDJPY
0	19:01:31.417	trend_dtrader GBPUSD,H1: Failed modifying USDJPY
0	19:01:32.418	trend_dtrader GBPUSD,H1: Failed modifying USDJPY
0	19:01:33.418	trend_dtrader GBPUSD,H1: Failed modifying USDJPY
0	19:01:34.418	trend_dtrader GBPUSD,H1: Failed modifying USDJPY
0	19:01:35.417	trend_dtrader GBPUSD,H1: Failed modifying USDJPY
0	19:01:36.418	trend_dtrader GBPUSD,H1: Failed modifying USDJPY
0	19:01:37.418	trend_dtrader GBPUSD,H1: Failed modifying USDJPY
0	19:01:38.418	trend_dtrader GBPUSD,H1: Failed modifying USDJPY
0	19:01:39.418	trend_dtrader GBPUSD,H1: Failed modifying USDJPY
0	19:01:40.439	trend_dtrader GBPUSD,H1: Failed modifying USDJPY
0	19:01:41.417	trend_dtrader GBPUSD,H1: Failed modifying USDJPY
0	19:01:42.417	trend_dtrader GBPUSD,H1: Failed modifying USDJPY
0	19:01:43.428	trend_dtrader GBPUSD,H1: Failed modifying USDJPY
0	19:01:44.418	trend_dtrader GBPUSD,H1: Failed modifying USDJPY
0	19:01:45.417	trend_dtrader GBPUSD,H1: Failed modifying USDJPY
0	19:01:46.418	trend_dtrader GBPUSD,H1: Failed modifying USDJPY
0	19:01:47.418	trend_dtrader GBPUSD,H1: Failed modifying USDJPY
0	19:01:48.418	trend_dtrader GBPUSD,H1: Failed modifying USDJPY
0	19:01:49.421	trend_dtrader GBPUSD,H1: Failed modifying USDJPY
0	19:01:50.436	trend_dtrader GBPUSD,H1: Failed modifying USDJPY
0	19:01:51.418	trend_dtrader GBPUSD,H1: Failed modifying USDJPY
0	19:01:52.430	trend_dtrader GBPUSD,H1: Failed modifying USDJPY
0	19:01:53.418	trend_dtrader GBPUSD,H1: Failed modifying USDJPY
0	19:01:54.422	trend_dtrader GBPUSD,H1: Failed modifying USDJPY
0	19:01:55.418	trend_dtrader GBPUSD,H1: Failed modifying USDJPY
0	19:01:56.418	trend_dtrader GBPUSD,H1: Failed modifying USDJPY
0	19:01:57.422	trend_dtrader GBPUSD,H1: Failed modifying USDJPY
0	19:01:58.418	trend_dtrader GBPUSD,H1: Failed modifying USDJPY
0	19:01:59.418	trend_dtrader GBPUSD,H1: Failed modifying USDJPY
0	19:02:00.420	trend_dtrader GBPUSD,H1: Failed modifying USDJPY
0	19:02:01.419	trend_dtrader GBPUSD,H1: Failed modifying USDJPY
0	19:02:02.418	trend_dtrader GBPUSD,H1: Failed modifying USDJPY
0	19:02:03.447	trend_dtrader GBPUSD,H1: Failed modifying USDJPY
0	19:02:04.418	trend_dtrader GBPUSD,H1: Failed modifying USDJPY
0	19:02:05.418	trend_dtrader GBPUSD,H1: Failed modifying USDJPY
0	19:02:06.418	trend_dtrader GBPUSD,H1: Failed modifying USDJPY
0	19:02:07.418	trend_dtrader GBPUSD,H1: Failed modifying USDJPY
0	19:02:08.418	trend_dtrader GBPUSD,H1: Failed modifying USDJPY
0	19:02:09.418	trend_dtrader GBPUSD,H1: Failed modifying USDJPY
0	19:02:10.418	trend_dtrader GBPUSD,H1: Failed modifying USDJPY
0	19:02:11.418	trend_dtrader GBPUSD,H1: Failed modifying USDJPY
0	19:02:12.419	trend_dtrader GBPUSD,H1: Failed modifying USDJPY
0	19:02:13.418	trend_dtrader GBPUSD,H1: Failed modifying USDJPY
0	19:02:14.418	trend_dtrader GBPUSD,H1: Failed modifying USDJPY
0	19:02:15.419	trend_dtrader GBPUSD,H1: Failed modifying USDJPY
0	19:02:16.419	trend_dtrader GBPUSD,H1: Failed modifying USDJPY
0	19:02:17.419	trend_dtrader GBPUSD,H1: Failed modifying USDJPY
0	19:02:18.419	trend_dtrader GBPUSD,H1: Failed modifying USDJPY
0	19:02:19.419	trend_dtrader GBPUSD,H1: Failed modifying USDJPY
0	19:02:20.418	trend_dtrader GBPUSD,H1: Failed modifying USDJPY
0	19:02:21.419	trend_dtrader GBPUSD,H1: Failed modifying USDJPY
0	19:02:22.418	trend_dtrader GBPUSD,H1: Failed modifying USDJPY
0	19:02:23.418	trend_dtrader GBPUSD,H1: Failed modifying USDJPY
0	19:02:24.418	trend_dtrader GBPUSD,H1: Failed modifying USDJPY
0	19:02:25.419	trend_dtrader GBPUSD,H1: Failed modifying USDJPY
0	19:02:26.418	trend_dtrader GBPUSD,H1: Failed modifying USDJPY
0	19:02:27.419	trend_dtrader GBPUSD,H1: Failed modifying USDJPY
0	19:02:28.419	trend_dtrader GBPUSD,H1: Failed modifying USDJPY
0	19:02:29.419	trend_dtrader GBPUSD,H1: Failed modifying USDJPY
0	19:02:30.418	trend_dtrader GBPUSD,H1: Failed modifying USDJPY
0	19:02:31.419	trend_dtrader GBPUSD,H1: Failed modifying USDJPY
0	19:02:32.419	trend_dtrader GBPUSD,H1: Failed modifying USDJPY
0	19:02:33.419	trend_dtrader GBPUSD,H1: Failed modifying USDJPY
0	19:02:34.419	trend_dtrader GBPUSD,H1: Failed modifying USDJPY
0	19:02:35.419	trend_dtrader GBPUSD,H1: Failed modifying USDJPY
0	19:02:36.418	trend_dtrader GBPUSD,H1: Failed modifying USDJPY
0	19:02:37.419	trend_dtrader GBPUSD,H1: Failed modifying USDJPY
0	19:02:38.418	trend_dtrader GBPUSD,H1: Failed modifying USDJPY
0	19:02:39.420	trend_dtrader GBPUSD,H1: Failed modifying USDJPY
0	19:02:40.419	trend_dtrader GBPUSD,H1: Failed modifying USDJPY
0	19:02:41.419	trend_dtrader GBPUSD,H1: Failed modifying USDJPY
0	19:02:42.419	trend_dtrader GBPUSD,H1: Failed modifying USDJPY
0	19:02:43.419	trend_dtrader GBPUSD,H1: Failed modifying USDJPY
0	19:02:44.419	trend_dtrader GBPUSD,H1: Failed modifying USDJPY
0	19:02:45.419	trend_dtrader GBPUSD,H1: Failed modifying USDJPY
0	19:02:46.418	trend_dtrader GBPUSD,H1: Failed modifying USDJPY
0	19:02:47.419	trend_dtrader GBPUSD,H1: Failed modifying USDJPY
0	19:02:48.419	trend_dtrader GBPUSD,H1: Failed modifying USDJPY
0	19:02:49.420	trend_dtrader GBPUSD,H1: Failed modifying USDJPY
0	19:02:50.419	trend_dtrader GBPUSD,H1: Failed modifying USDJPY
0	19:02:51.419	trend_dtrader GBPUSD,H1: Failed modifying USDJPY
0	19:02:52.420	trend_dtrader GBPUSD,H1: Failed modifying USDJPY
0	19:02:53.419	trend_dtrader GBPUSD,H1: Failed modifying USDJPY
0	19:02:54.420	trend_dtrader GBPUSD,H1: Failed modifying USDJPY
0	19:02:55.419	trend_dtrader GBPUSD,H1: Failed modifying USDJPY
0	19:02:56.419	trend_dtrader GBPUSD,H1: Failed modifying USDJPY
0	19:02:57.420	trend_dtrader GBPUSD,H1: Failed modifying USDJPY
0	19:02:58.420	trend_dtrader GBPUSD,H1: Failed modifying USDJPY
0	19:02:59.419	trend_dtrader GBPUSD,H1: Failed modifying USDJPY
0	19:03:00.419	trend_dtrader GBPUSD,H1: Failed modifying USDJPY
0	19:03:01.420	trend_dtrader GBPUSD,H1: Failed modifying USDJPY
0	19:03:02.419	trend_dtrader GBPUSD,H1: Failed modifying USDJPY
0	19:03:03.420	trend_dtrader GBPUSD,H1: Failed modifying USDJPY
0	19:03:04.419	trend_dtrader GBPUSD,H1: Failed modifying USDJPY
0	19:03:05.419	trend_dtrader GBPUSD,H1: Failed modifying USDJPY
0	19:03:06.420	trend_dtrader GBPUSD,H1: Failed modifying USDJPY
0	19:03:07.419	trend_dtrader GBPUSD,H1: Failed modifying USDJPY
0	19:03:08.420	trend_dtrader GBPUSD,H1: Failed modifying USDJPY
0	19:03:09.420	trend_dtrader GBPUSD,H1: Failed modifying USDJPY
0	19:03:10.419	trend_dtrader GBPUSD,H1: Failed modifying USDJPY
0	19:03:11.419	trend_dtrader GBPUSD,H1: Failed modifying USDJPY
0	19:03:12.419	trend_dtrader GBPUSD,H1: Failed modifying USDJPY
0	19:03:13.419	trend_dtrader GBPUSD,H1: Failed modifying USDJPY
0	19:03:14.419	trend_dtrader GBPUSD,H1: Failed modifying USDJPY
0	19:03:15.419	trend_dtrader GBPUSD,H1: Failed modifying USDJPY
0	19:03:16.419	trend_dtrader GBPUSD,H1: Failed modifying USDJPY
0	19:03:17.419	trend_dtrader GBPUSD,H1: Failed modifying USDJPY
0	19:03:18.420	trend_dtrader GBPUSD,H1: Failed modifying USDJPY
0	19:03:19.420	trend_dtrader GBPUSD,H1: Failed modifying USDJPY
0	19:03:20.419	trend_dtrader GBPUSD,H1: Failed modifying USDJPY
0	19:03:21.419	trend_dtrader GBPUSD,H1: Failed modifying USDJPY
0	19:03:22.420	trend_dtrader GBPUSD,H1: Failed modifying USDJPY
0	19:03:23.420	trend_dtrader GBPUSD,H1: Failed modifying USDJPY
0	19:03:24.419	trend_dtrader GBPUSD,H1: Failed modifying USDJPY
0	19:03:25.420	trend_dtrader GBPUSD,H1: Failed modifying USDJPY
0	19:03:26.420	trend_dtrader GBPUSD,H1: Failed modifying USDJPY
0	19:03:27.419	trend_dtrader GBPUSD,H1: Failed modifying USDJPY
0	19:03:28.420	trend_dtrader GBPUSD,H1: Failed modifying USDJPY
0	19:03:29.419	trend_dtrader GBPUSD,H1: Failed modifying USDJPY
0	19:03:30.420	trend_dtrader GBPUSD,H1: Failed modifying USDJPY
0	19:03:31.420	trend_dtrader GBPUSD,H1: Failed modifying USDJPY
0	19:03:32.420	trend_dtrader GBPUSD,H1: Failed modifying USDJPY
0	19:03:33.420	trend_dtrader GBPUSD,H1: Failed modifying USDJPY
0	19:03:34.419	trend_dtrader GBPUSD,H1: Failed modifying USDJPY
0	19:03:35.421	trend_dtrader GBPUSD,H1: Failed modifying USDJPY
0	19:03:36.468	trend_dtrader GBPUSD,H1: Failed modifying USDJPY
0	19:03:37.420	trend_dtrader GBPUSD,H1: Failed modifying USDJPY
0	19:03:38.421	trend_dtrader GBPUSD,H1: Failed modifying USDJPY
0	19:03:39.420	trend_dtrader GBPUSD,H1: Failed modifying USDJPY
0	19:03:40.423	trend_dtrader GBPUSD,H1: Failed modifying USDJPY
0	19:03:41.438	trend_dtrader GBPUSD,H1: Failed modifying USDJPY
0	19:03:42.420	trend_dtrader GBPUSD,H1: Failed modifying USDJPY
0	19:03:43.420	trend_dtrader GBPUSD,H1: Failed modifying USDJPY
0	19:03:44.420	trend_dtrader GBPUSD,H1: Failed modifying USDJPY
0	19:03:45.420	trend_dtrader GBPUSD,H1: Failed modifying USDJPY
0	19:03:46.420	trend_dtrader GBPUSD,H1: Failed modifying USDJPY
0	19:03:47.420	trend_dtrader GBPUSD,H1: Failed modifying USDJPY
0	19:03:48.420	trend_dtrader GBPUSD,H1: Failed modifying USDJPY
0	19:03:50.421	trend_dtrader GBPUSD,H1: Failed modifying USDJPY
0	19:03:51.420	trend_dtrader GBPUSD,H1: Failed modifying USDJPY
0	19:03:52.421	trend_dtrader GBPUSD,H1: Failed modifying USDJPY
0	19:03:53.421	trend_dtrader GBPUSD,H1: Failed modifying USDJPY
0	19:03:54.420	trend_dtrader GBPUSD,H1: Failed modifying USDJPY
0	19:03:55.445	trend_dtrader GBPUSD,H1: Failed modifying USDJPY
0	19:03:56.420	trend_dtrader GBPUSD,H1: Failed modifying USDJPY
0	19:03:57.420	trend_dtrader GBPUSD,H1: Failed modifying USDJPY
0	19:03:58.421	trend_dtrader GBPUSD,H1: Failed modifying USDJPY
0	19:03:59.421	trend_dtrader GBPUSD,H1: Failed modifying USDJPY
0	19:04:00.421	trend_dtrader GBPUSD,H1: Failed modifying USDJPY
0	19:04:01.446	trend_dtrader GBPUSD,H1: Failed modifying USDJPY
0	19:04:02.420	trend_dtrader GBPUSD,H1: Failed modifying USDJPY
0	19:04:03.421	trend_dtrader GBPUSD,H1: Failed modifying USDJPY
0	19:04:04.452	trend_dtrader GBPUSD,H1: Failed modifying USDJPY
0	19:04:05.422	trend_dtrader GBPUSD,H1: Failed modifying USDJPY
0	19:04:06.435	trend_dtrader GBPUSD,H1: Failed modifying USDJPY
0	19:04:07.420	trend_dtrader GBPUSD,H1: Failed modifying USDJPY
0	19:04:08.421	trend_dtrader GBPUSD,H1: Failed modifying USDJPY
0	19:04:09.420	trend_dtrader GBPUSD,H1: Failed modifying USDJPY
0	19:04:10.420	trend_dtrader GBPUSD,H1: Failed modifying USDJPY
0	19:04:11.421	trend_dtrader GBPUSD,H1: Failed modifying USDJPY
0	19:04:12.420	trend_dtrader GBPUSD,H1: Failed modifying USDJPY
0	19:04:13.420	trend_dtrader GBPUSD,H1: Failed modifying USDJPY
0	19:04:14.420	trend_dtrader GBPUSD,H1: Failed modifying USDJPY
0	19:04:15.421	trend_dtrader GBPUSD,H1: Failed modifying USDJPY
0	19:04:16.421	trend_dtrader GBPUSD,H1: Failed modifying USDJPY
0	19:04:17.421	trend_dtrader GBPUSD,H1: Failed modifying USDJPY
0	19:04:18.421	trend_dtrader GBPUSD,H1: Failed modifying USDJPY
0	19:04:19.421	trend_dtrader GBPUSD,H1: Failed modifying USDJPY
0	19:04:20.421	trend_dtrader GBPUSD,H1: Failed modifying USDJPY
0	19:04:21.421	trend_dtrader GBPUSD,H1: Failed modifying USDJPY
0	19:04:22.422	trend_dtrader GBPUSD,H1: Failed modifying USDJPY
0	19:04:23.421	trend_dtrader GBPUSD,H1: Failed modifying USDJPY
0	19:04:24.421	trend_dtrader GBPUSD,H1: Failed modifying USDJPY
0	19:04:25.421	trend_dtrader GBPUSD,H1: Failed modifying USDJPY
0	19:04:26.421	trend_dtrader GBPUSD,H1: Failed modifying USDJPY
0	19:04:27.423	trend_dtrader GBPUSD,H1: Failed modifying USDJPY
0	19:04:28.421	trend_dtrader GBPUSD,H1: Failed modifying USDJPY
0	19:04:29.421	trend_dtrader GBPUSD,H1: Failed modifying USDJPY
0	19:04:30.421	trend_dtrader GBPUSD,H1: Failed modifying USDJPY
0	19:04:31.425	trend_dtrader GBPUSD,H1: Failed modifying USDJPY
0	19:04:32.421	trend_dtrader GBPUSD,H1: Failed modifying USDJPY
0	19:04:33.422	trend_dtrader GBPUSD,H1: Failed modifying USDJPY
0	19:04:34.511	trend_dtrader GBPUSD,H1: Failed modifying USDJPY
0	19:04:35.421	trend_dtrader GBPUSD,H1: Failed modifying USDJPY
0	19:04:36.421	trend_dtrader GBPUSD,H1: Failed modifying USDJPY
0	19:04:37.422	trend_dtrader GBPUSD,H1: Failed modifying USDJPY
0	19:04:38.421	trend_dtrader GBPUSD,H1: Failed modifying USDJPY
0	19:04:39.422	trend_dtrader GBPUSD,H1: Failed modifying USDJPY
0	19:04:40.421	trend_dtrader GBPUSD,H1: Failed modifying USDJPY
0	19:04:41.422	trend_dtrader GBPUSD,H1: Failed modifying USDJPY
0	19:04:42.421	trend_dtrader GBPUSD,H1: Failed modifying USDJPY
0	19:04:43.422	trend_dtrader GBPUSD,H1: Failed modifying USDJPY
0	19:04:44.421	trend_dtrader GBPUSD,H1: Failed modifying USDJPY
0	19:04:45.421	trend_dtrader GBPUSD,H1: Failed modifying USDJPY
0	19:04:46.422	trend_dtrader GBPUSD,H1: Failed modifying USDJPY
0	19:04:47.422	trend_dtrader GBPUSD,H1: Failed modifying USDJPY
0	19:04:48.422	trend_dtrader GBPUSD,H1: Failed modifying USDJPY
0	19:04:49.422	trend_dtrader GBPUSD,H1: Failed modifying USDJPY
0	19:04:50.440	trend_dtrader GBPUSD,H1: Failed modifying USDJPY
0	19:04:51.422	trend_dtrader GBPUSD,H1: Failed modifying USDJPY
0	19:04:52.421	trend_dtrader GBPUSD,H1: Failed modifying USDJPY
0	19:04:53.421	trend_dtrader GBPUSD,H1: Failed modifying USDJPY
0	19:04:54.421	trend_dtrader GBPUSD,H1: Failed modifying USDJPY
0	19:04:55.421	trend_dtrader GBPUSD,H1: Failed modifying USDJPY
0	19:04:56.422	trend_dtrader GBPUSD,H1: Failed modifying USDJPY
0	19:04:57.421	trend_dtrader GBPUSD,H1: Failed modifying USDJPY
0	19:04:58.421	trend_dtrader GBPUSD,H1: Failed modifying USDJPY
0	19:04:59.422	trend_dtrader GBPUSD,H1: Failed modifying USDJPY
0	19:05:00.421	trend_dtrader GBPUSD,H1: Failed modifying USDJPY
0	19:05:01.422	trend_dtrader GBPUSD,H1: Failed modifying USDJPY
0	19:05:02.421	trend_dtrader GBPUSD,H1: Failed modifying USDJPY
0	19:05:03.422	trend_dtrader GBPUSD,H1: Failed modifying USDJPY
0	19:05:04.421	trend_dtrader GBPUSD,H1: Failed modifying USDJPY
0	19:05:05.422	trend_dtrader GBPUSD,H1: Failed modifying USDJPY
0	19:05:06.421	trend_dtrader GBPUSD,H1: Failed modifying USDJPY
0	19:05:07.422	trend_dtrader GBPUSD,H1: Failed modifying USDJPY
0	19:05:08.422	trend_dtrader GBPUSD,H1: Failed modifying USDJPY
0	19:05:09.422	trend_dtrader GBPUSD,H1: Failed modifying USDJPY
0	19:05:10.422	trend_dtrader GBPUSD,H1: Failed modifying USDJPY
0	19:05:11.422	trend_dtrader GBPUSD,H1: Failed modifying USDJPY
0	19:05:12.423	trend_dtrader GBPUSD,H1: Failed modifying USDJPY
0	19:05:13.422	trend_dtrader GBPUSD,H1: Failed modifying USDJPY
0	19:05:14.421	trend_dtrader GBPUSD,H1: Failed modifying USDJPY
0	19:05:15.422	trend_dtrader GBPUSD,H1: Failed modifying USDJPY
0	19:05:16.422	trend_dtrader GBPUSD,H1: Failed modifying USDJPY
0	19:05:17.421	trend_dtrader GBPUSD,H1: Failed modifying USDJPY
0	19:05:18.422	trend_dtrader GBPUSD,H1: Failed modifying USDJPY
0	19:05:19.421	trend_dtrader GBPUSD,H1: Failed modifying USDJPY
0	19:05:20.422	trend_dtrader GBPUSD,H1: Failed modifying USDJPY
0	19:05:21.422	trend_dtrader GBPUSD,H1: Failed modifying USDJPY
0	19:05:22.422	trend_dtrader GBPUSD,H1: Failed modifying USDJPY
0	19:05:23.422	trend_dtrader GBPUSD,H1: Failed modifying USDJPY
0	19:05:24.422	trend_dtrader GBPUSD,H1: Failed modifying USDJPY
0	19:05:25.422	trend_dtrader GBPUSD,H1: Failed modifying USDJPY
0	19:05:26.422	trend_dtrader GBPUSD,H1: Failed modifying USDJPY
0	19:05:27.422	trend_dtrader GBPUSD,H1: Failed modifying USDJPY
0	19:05:28.423	trend_dtrader GBPUSD,H1: Failed modifying USDJPY
0	19:05:29.422	trend_dtrader GBPUSD,H1: Failed modifying USDJPY
0	19:05:40.423	trend_dtrader GBPUSD,H1: Failed modifying USDJPY
0	19:05:41.422	trend_dtrader GBPUSD,H1: Failed modifying USDJPY
0	19:05:43.423	trend_dtrader GBPUSD,H1: Failed modifying USDJPY
0	19:05:45.422	trend_dtrader GBPUSD,H1: Failed modifying USDJPY
0	19:05:50.422	trend_dtrader GBPUSD,H1: Failed modifying USDJPY
0	19:05:51.423	trend_dtrader GBPUSD,H1: Failed modifying USDJPY
0	19:05:52.422	trend_dtrader GBPUSD,H1: Failed modifying USDJPY
0	19:05:53.423	trend_dtrader GBPUSD,H1: Failed modifying USDJPY
0	19:05:54.423	trend_dtrader GBPUSD,H1: Failed modifying USDJPY
0	19:05:55.422	trend_dtrader GBPUSD,H1: Failed modifying USDJPY
0	19:05:56.422	trend_dtrader GBPUSD,H1: Failed modifying USDJPY
0	19:05:57.423	trend_dtrader GBPUSD,H1: Failed modifying USDJPY
0	19:05:58.424	trend_dtrader GBPUSD,H1: Failed modifying USDJPY
0	19:05:59.423	trend_dtrader GBPUSD,H1: Failed modifying USDJPY
0	19:06:00.423	trend_dtrader GBPUSD,H1: Failed modifying USDJPY
0	19:06:01.431	trend_dtrader GBPUSD,H1: Failed modifying USDJPY
0	19:06:02.423	trend_dtrader GBPUSD,H1: Failed modifying USDJPY
0	19:06:03.428	trend_dtrader GBPUSD,H1: Failed modifying USDJPY
0	19:06:04.423	trend_dtrader GBPUSD,H1: Failed modifying USDJPY
0	19:06:05.423	trend_dtrader GBPUSD,H1: Failed modifying USDJPY
0	19:06:06.423	trend_dtrader GBPUSD,H1: Failed modifying USDJPY
0	19:06:07.424	trend_dtrader GBPUSD,H1: Failed modifying USDJPY
0	19:06:08.424	trend_dtrader GBPUSD,H1: Failed modifying USDJPY
0	19:06:09.424	trend_dtrader GBPUSD,H1: Failed modifying USDJPY
0	19:06:10.424	trend_dtrader GBPUSD,H1: Failed modifying USDJPY
0	19:06:11.423	trend_dtrader GBPUSD,H1: Failed modifying USDJPY
0	19:06:12.423	trend_dtrader GBPUSD,H1: Failed modifying USDJPY
0	19:06:13.423	trend_dtrader GBPUSD,H1: Failed modifying USDJPY
0	19:06:14.424	trend_dtrader GBPUSD,H1: Failed modifying USDJPY
0	19:06:15.423	trend_dtrader GBPUSD,H1: Failed modifying USDJPY
0	19:06:16.423	trend_dtrader GBPUSD,H1: Failed modifying USDJPY
0	19:06:17.424	trend_dtrader GBPUSD,H1: Failed modifying USDJPY
0	19:06:18.423	trend_dtrader GBPUSD,H1: Failed modifying USDJPY
0	19:06:19.423	trend_dtrader GBPUSD,H1: Failed modifying USDJPY
0	19:06:20.423	trend_dtrader GBPUSD,H1: Failed modifying USDJPY
0	19:06:21.423	trend_dtrader GBPUSD,H1: Failed modifying USDJPY
0	19:06:22.423	trend_dtrader GBPUSD,H1: Failed modifying USDJPY
0	19:06:23.424	trend_dtrader GBPUSD,H1: Failed modifying USDJPY
0	19:06:24.423	trend_dtrader GBPUSD,H1: Failed modifying USDJPY
0	19:06:25.423	trend_dtrader GBPUSD,H1: Failed modifying USDJPY
0	19:06:26.423	trend_dtrader GBPUSD,H1: Failed modifying USDJPY
0	19:06:27.423	trend_dtrader GBPUSD,H1: Failed modifying USDJPY
0	19:06:28.424	trend_dtrader GBPUSD,H1: Failed modifying USDJPY
0	19:06:29.424	trend_dtrader GBPUSD,H1: Failed modifying USDJPY
0	19:06:30.423	trend_dtrader GBPUSD,H1: Failed modifying USDJPY
0	19:06:31.424	trend_dtrader GBPUSD,H1: Failed modifying USDJPY
0	19:06:32.423	trend_dtrader GBPUSD,H1: Failed modifying USDJPY
0	19:06:33.423	trend_dtrader GBPUSD,H1: Failed modifying USDJPY
0	19:06:42.424	trend_dtrader GBPUSD,H1: Failed modifying USDJPY
0	19:06:43.424	trend_dtrader GBPUSD,H1: Failed modifying USDJPY
0	19:06:44.424	trend_dtrader GBPUSD,H1: Failed modifying USDJPY
0	19:06:45.424	trend_dtrader GBPUSD,H1: Failed modifying USDJPY
0	19:06:46.423	trend_dtrader GBPUSD,H1: Failed modifying USDJPY
0	19:06:47.424	trend_dtrader GBPUSD,H1: Failed modifying USDJPY
0	19:06:48.424	trend_dtrader GBPUSD,H1: Failed modifying USDJPY
0	19:06:49.424	trend_dtrader GBPUSD,H1: Failed modifying USDJPY
0	19:06:50.424	trend_dtrader GBPUSD,H1: Failed modifying USDJPY
0	19:06:51.423	trend_dtrader GBPUSD,H1: Failed modifying USDJPY
0	19:06:52.424	trend_dtrader GBPUSD,H1: Failed modifying USDJPY
0	19:06:53.425	trend_dtrader GBPUSD,H1: Failed modifying USDJPY
0	19:06:54.424	trend_dtrader GBPUSD,H1: Failed modifying USDJPY
0	19:06:55.424	trend_dtrader GBPUSD,H1: Failed modifying USDJPY
0	19:06:56.423	trend_dtrader GBPUSD,H1: Failed modifying USDJPY
0	19:06:57.425	trend_dtrader GBPUSD,H1: Failed modifying USDJPY
0	19:06:58.424	trend_dtrader GBPUSD,H1: Failed modifying USDJPY
0	19:06:59.425	trend_dtrader GBPUSD,H1: Failed modifying USDJPY
0	19:07:00.457	trend_dtrader GBPUSD,H1: Failed modifying USDJPY
0	19:07:01.424	trend_dtrader GBPUSD,H1: Failed modifying USDJPY
0	19:07:02.428	trend_dtrader GBPUSD,H1: Failed modifying USDJPY
0	19:07:03.423	trend_dtrader GBPUSD,H1: Failed modifying USDJPY
0	19:07:04.427	trend_dtrader GBPUSD,H1: Failed modifying USDJPY
0	19:07:05.424	trend_dtrader GBPUSD,H1: Failed modifying USDJPY
0	19:07:06.424	trend_dtrader GBPUSD,H1: Failed modifying USDJPY
0	19:07:07.424	trend_dtrader GBPUSD,H1: Failed modifying USDJPY
0	19:07:08.424	trend_dtrader GBPUSD,H1: Failed modifying USDJPY
0	19:07:09.445	trend_dtrader GBPUSD,H1: Failed modifying USDJPY
0	19:07:10.424	trend_dtrader GBPUSD,H1: Failed modifying USDJPY
0	19:07:11.425	trend_dtrader GBPUSD,H1: Failed modifying USDJPY
0	19:07:12.424	trend_dtrader GBPUSD,H1: Failed modifying USDJPY
0	19:07:13.424	trend_dtrader GBPUSD,H1: Failed modifying USDJPY
0	19:07:14.424	trend_dtrader GBPUSD,H1: Failed modifying USDJPY
0	19:07:15.425	trend_dtrader GBPUSD,H1: Failed modifying USDJPY
0	19:07:16.424	trend_dtrader GBPUSD,H1: Failed modifying USDJPY
0	19:07:17.424	trend_dtrader GBPUSD,H1: Failed modifying USDJPY
0	19:07:18.425	trend_dtrader GBPUSD,H1: Failed modifying USDJPY
0	19:07:19.424	trend_dtrader GBPUSD,H1: Failed modifying USDJPY
0	19:07:20.424	trend_dtrader GBPUSD,H1: Failed modifying USDJPY
0	19:07:21.424	trend_dtrader GBPUSD,H1: Failed modifying USDJPY
0	19:07:22.424	trend_dtrader GBPUSD,H1: Failed modifying USDJPY
0	19:07:23.424	trend_dtrader GBPUSD,H1: Failed modifying USDJPY
0	19:07:24.425	trend_dtrader GBPUSD,H1: Failed modifying USDJPY
0	19:07:25.424	trend_dtrader GBPUSD,H1: Failed modifying USDJPY
0	19:07:26.425	trend_dtrader GBPUSD,H1: Failed modifying USDJPY
0	19:07:27.425	trend_dtrader GBPUSD,H1: Failed modifying USDJPY
0	19:07:28.424	trend_dtrader GBPUSD,H1: Failed modifying USDJPY
0	19:07:29.444	trend_dtrader GBPUSD,H1: Failed modifying USDJPY
0	19:07:30.426	trend_dtrader GBPUSD,H1: Failed modifying USDJPY
0	19:07:31.428	trend_dtrader GBPUSD,H1: Failed modifying USDJPY
0	19:07:32.429	trend_dtrader GBPUSD,H1: Failed modifying USDJPY
0	19:07:33.431	trend_dtrader GBPUSD,H1: Failed modifying USDJPY
0	19:07:34.433	trend_dtrader GBPUSD,H1: Failed modifying USDJPY
0	19:07:35.434	trend_dtrader GBPUSD,H1: Failed modifying USDJPY
0	19:07:36.435	trend_dtrader GBPUSD,H1: Failed modifying USDJPY
0	19:07:37.435	trend_dtrader GBPUSD,H1: Failed modifying USDJPY
0	19:07:38.437	trend_dtrader GBPUSD,H1: Failed modifying USDJPY
0	19:07:39.438	trend_dtrader GBPUSD,H1: Failed modifying USDJPY
0	19:07:40.438	trend_dtrader GBPUSD,H1: Failed modifying USDJPY
0	19:07:41.456	trend_dtrader GBPUSD,H1: Failed modifying USDJPY
0	19:07:42.441	trend_dtrader GBPUSD,H1: Failed modifying USDJPY
0	19:07:43.442	trend_dtrader GBPUSD,H1: Failed modifying USDJPY
0	19:07:44.442	trend_dtrader GBPUSD,H1: Failed modifying USDJPY
0	19:07:45.444	trend_dtrader GBPUSD,H1: Failed modifying USDJPY
0	19:07:46.444	trend_dtrader GBPUSD,H1: Failed modifying USDJPY
0	19:07:47.444	trend_dtrader GBPUSD,H1: Failed modifying USDJPY
0	19:07:48.445	trend_dtrader GBPUSD,H1: Failed modifying USDJPY
0	19:07:49.445	trend_dtrader GBPUSD,H1: Failed modifying USDJPY
0	19:07:50.447	trend_dtrader GBPUSD,H1: Failed modifying USDJPY
0	19:07:51.447	trend_dtrader GBPUSD,H1: Failed modifying USDJPY
0	19:07:52.447	trend_dtrader GBPUSD,H1: Failed modifying USDJPY
0	19:07:53.447	trend_dtrader GBPUSD,H1: Failed modifying USDJPY
0	19:07:54.448	trend_dtrader GBPUSD,H1: Failed modifying USDJPY
0	19:07:55.448	trend_dtrader GBPUSD,H1: Failed modifying USDJPY
0	19:07:56.449	trend_dtrader GBPUSD,H1: Failed modifying USDJPY
0	19:07:57.448	trend_dtrader GBPUSD,H1: Failed modifying USDJPY
0	19:07:58.449	trend_dtrader GBPUSD,H1: Failed modifying USDJPY
0	19:07:59.450	trend_dtrader GBPUSD,H1: Failed modifying USDJPY
0	19:08:00.450	trend_dtrader GBPUSD,H1: Failed modifying USDJPY
0	19:08:01.450	trend_dtrader GBPUSD,H1: Failed modifying USDJPY
0	19:08:02.451	trend_dtrader GBPUSD,H1: Failed modifying USDJPY
0	19:08:03.450	trend_dtrader GBPUSD,H1: Failed modifying USDJPY
0	19:08:04.451	trend_dtrader GBPUSD,H1: Failed modifying USDJPY
0	19:08:05.451	trend_dtrader GBPUSD,H1: Failed modifying USDJPY
0	19:08:06.452	trend_dtrader GBPUSD,H1: Failed modifying USDJPY
0	19:08:07.451	trend_dtrader GBPUSD,H1: Failed modifying USDJPY
0	19:08:08.453	trend_dtrader GBPUSD,H1: Failed modifying USDJPY
0	19:08:09.452	trend_dtrader GBPUSD,H1: Failed modifying USDJPY
0	19:08:10.452	trend_dtrader GBPUSD,H1: Failed modifying USDJPY
0	19:08:11.452	trend_dtrader GBPUSD,H1: Failed modifying USDJPY
0	19:08:12.452	trend_dtrader GBPUSD,H1: Failed modifying USDJPY
0	19:08:13.452	trend_dtrader GBPUSD,H1: Failed modifying USDJPY
0	19:08:14.453	trend_dtrader GBPUSD,H1: Failed modifying USDJPY
0	19:08:15.453	trend_dtrader GBPUSD,H1: Failed modifying USDJPY
0	19:08:16.453	trend_dtrader GBPUSD,H1: Failed modifying USDJPY
0	19:08:17.454	trend_dtrader GBPUSD,H1: Failed modifying USDJPY
0	19:08:18.453	trend_dtrader GBPUSD,H1: Failed modifying USDJPY
0	19:08:19.453	trend_dtrader GBPUSD,H1: Failed modifying USDJPY
0	19:08:20.453	trend_dtrader GBPUSD,H1: Failed modifying USDJPY
0	19:08:21.453	trend_dtrader GBPUSD,H1: Failed modifying USDJPY
0	19:08:22.453	trend_dtrader GBPUSD,H1: Failed modifying USDJPY
0	19:08:23.453	trend_dtrader GBPUSD,H1: Failed modifying USDJPY
0	19:08:24.454	trend_dtrader GBPUSD,H1: Failed modifying USDJPY
0	19:08:25.454	trend_dtrader GBPUSD,H1: Failed modifying USDJPY
0	19:08:26.454	trend_dtrader GBPUSD,H1: Failed modifying USDJPY
0	19:08:27.458	trend_dtrader GBPUSD,H1: Failed modifying USDJPY
0	19:08:28.455	trend_dtrader GBPUSD,H1: Failed modifying USDJPY
0	19:08:29.454	trend_dtrader GBPUSD,H1: Failed modifying USDJPY
0	19:08:30.454	trend_dtrader GBPUSD,H1: Failed modifying USDJPY
0	19:08:31.454	trend_dtrader GBPUSD,H1: Failed modifying USDJPY
0	19:08:32.454	trend_dtrader GBPUSD,H1: Failed modifying USDJPY
0	19:08:33.454	trend_dtrader GBPUSD,H1: Failed modifying USDJPY
0	19:08:34.454	trend_dtrader GBPUSD,H1: Failed modifying USDJPY
0	19:08:35.454	trend_dtrader GBPUSD,H1: Failed modifying USDJPY
0	19:08:36.455	trend_dtrader GBPUSD,H1: Failed modifying USDJPY
0	19:08:37.454	trend_dtrader GBPUSD,H1: Failed modifying USDJPY
0	19:08:38.454	trend_dtrader GBPUSD,H1: Failed modifying USDJPY
0	19:08:39.454	trend_dtrader GBPUSD,H1: Failed modifying USDJPY
0	19:08:40.454	trend_dtrader GBPUSD,H1: Failed modifying USDJPY
0	19:08:41.455	trend_dtrader GBPUSD,H1: Failed modifying USDJPY
0	19:08:42.455	trend_dtrader GBPUSD,H1: Failed modifying USDJPY
0	19:08:43.479	trend_dtrader GBPUSD,H1: Failed modifying USDJPY
0	19:08:44.455	trend_dtrader GBPUSD,H1: Failed modifying USDJPY
0	19:08:45.455	trend_dtrader GBPUSD,H1: Failed modifying USDJPY
0	19:08:46.455	trend_dtrader GBPUSD,H1: Failed modifying USDJPY
0	19:08:47.462	trend_dtrader GBPUSD,H1: Failed modifying USDJPY
0	19:08:48.454	trend_dtrader GBPUSD,H1: Failed modifying USDJPY
0	19:08:49.455	trend_dtrader GBPUSD,H1: Failed modifying USDJPY
0	19:08:50.455	trend_dtrader GBPUSD,H1: Failed modifying USDJPY
0	19:08:51.454	trend_dtrader GBPUSD,H1: Failed modifying USDJPY
0	19:08:52.455	trend_dtrader GBPUSD,H1: Failed modifying USDJPY
0	19:08:53.455	trend_dtrader GBPUSD,H1: Failed modifying USDJPY
0	19:08:54.455	trend_dtrader GBPUSD,H1: Failed modifying USDJPY
0	19:08:55.455	trend_dtrader GBPUSD,H1: Failed modifying USDJPY
0	19:08:56.455	trend_dtrader GBPUSD,H1: Failed modifying USDJPY
0	19:08:57.455	trend_dtrader GBPUSD,H1: Failed modifying USDJPY
0	19:08:58.455	trend_dtrader GBPUSD,H1: Failed modifying USDJPY
0	19:08:59.455	trend_dtrader GBPUSD,H1: Failed modifying USDJPY
0	19:09:00.455	trend_dtrader GBPUSD,H1: Failed modifying USDJPY
0	19:09:01.455	trend_dtrader GBPUSD,H1: Failed modifying USDJPY
0	19:09:02.455	trend_dtrader GBPUSD,H1: Failed modifying USDJPY
0	19:09:03.455	trend_dtrader GBPUSD,H1: Failed modifying USDJPY
0	19:09:04.455	trend_dtrader GBPUSD,H1: Failed modifying USDJPY
0	19:09:05.455	trend_dtrader GBPUSD,H1: Failed modifying USDJPY
0	19:09:06.455	trend_dtrader GBPUSD,H1: Failed modifying USDJPY
0	19:09:07.456	trend_dtrader GBPUSD,H1: Failed modifying USDJPY
0	19:09:08.456	trend_dtrader GBPUSD,H1: Failed modifying USDJPY
0	19:09:09.455	trend_dtrader GBPUSD,H1: Failed modifying USDJPY
0	19:09:10.456	trend_dtrader GBPUSD,H1: Failed modifying USDJPY
0	19:09:11.455	trend_dtrader GBPUSD,H1: Failed modifying USDJPY
0	19:09:12.455	trend_dtrader GBPUSD,H1: Failed modifying USDJPY
0	19:09:13.455	trend_dtrader GBPUSD,H1: Failed modifying USDJPY
0	19:09:14.464	trend_dtrader GBPUSD,H1: Failed modifying USDJPY
0	19:09:15.455	trend_dtrader GBPUSD,H1: Failed modifying USDJPY
0	19:09:16.456	trend_dtrader GBPUSD,H1: Failed modifying USDJPY
0	19:09:17.456	trend_dtrader GBPUSD,H1: Failed modifying USDJPY
0	19:09:18.456	trend_dtrader GBPUSD,H1: Failed modifying USDJPY
0	19:09:19.456	trend_dtrader GBPUSD,H1: Failed modifying USDJPY
0	19:09:20.456	trend_dtrader GBPUSD,H1: Failed modifying USDJPY
0	19:09:21.455	trend_dtrader GBPUSD,H1: Failed modifying USDJPY
0	19:09:22.455	trend_dtrader GBPUSD,H1: Failed modifying USDJPY
0	19:09:23.455	trend_dtrader GBPUSD,H1: Failed modifying USDJPY
0	19:09:24.456	trend_dtrader GBPUSD,H1: Failed modifying USDJPY
0	19:09:25.455	trend_dtrader GBPUSD,H1: Failed modifying USDJPY
0	19:09:26.456	trend_dtrader GBPUSD,H1: Failed modifying USDJPY
0	19:09:27.456	trend_dtrader GBPUSD,H1: Failed modifying USDJPY
0	19:09:28.456	trend_dtrader GBPUSD,H1: Failed modifying USDJPY
0	19:09:29.455	trend_dtrader GBPUSD,H1: Failed modifying USDJPY
0	19:09:30.465	trend_dtrader GBPUSD,H1: Failed modifying USDJPY
0	19:09:31.456	trend_dtrader GBPUSD,H1: Failed modifying USDJPY
0	19:09:32.455	trend_dtrader GBPUSD,H1: Failed modifying USDJPY
0	19:09:33.456	trend_dtrader GBPUSD,H1: Failed modifying USDJPY
0	19:09:34.457	trend_dtrader GBPUSD,H1: Failed modifying USDJPY
0	19:09:35.456	trend_dtrader GBPUSD,H1: Failed modifying USDJPY
0	19:09:36.456	trend_dtrader GBPUSD,H1: Failed modifying USDJPY
0	19:09:37.470	trend_dtrader GBPUSD,H1: Failed modifying USDJPY
0	19:09:38.457	trend_dtrader GBPUSD,H1: Failed modifying USDJPY
0	19:09:39.456	trend_dtrader GBPUSD,H1: Failed modifying USDJPY
0	19:09:40.457	trend_dtrader GBPUSD,H1: Failed modifying USDJPY
0	19:09:41.457	trend_dtrader GBPUSD,H1: Failed modifying USDJPY
0	19:09:42.456	trend_dtrader GBPUSD,H1: Failed modifying USDJPY
0	19:09:43.456	trend_dtrader GBPUSD,H1: Failed modifying USDJPY
0	19:09:44.456	trend_dtrader GBPUSD,H1: Failed modifying USDJPY
0	19:09:45.456	trend_dtrader GBPUSD,H1: Failed modifying USDJPY
0	19:09:46.457	trend_dtrader GBPUSD,H1: Failed modifying USDJPY
0	19:09:47.456	trend_dtrader GBPUSD,H1: Failed modifying USDJPY
0	19:09:48.457	trend_dtrader GBPUSD,H1: Failed modifying USDJPY
0	19:09:49.457	trend_dtrader GBPUSD,H1: Failed modifying USDJPY
0	19:09:50.456	trend_dtrader GBPUSD,H1: Failed modifying USDJPY
0	19:09:51.457	trend_dtrader GBPUSD,H1: Failed modifying USDJPY
0	19:09:52.456	trend_dtrader GBPUSD,H1: Failed modifying USDJPY
0	19:09:53.457	trend_dtrader GBPUSD,H1: Failed modifying USDJPY
0	19:09:54.460	trend_dtrader GBPUSD,H1: Failed modifying USDJPY
0	19:09:55.457	trend_dtrader GBPUSD,H1: Failed modifying USDJPY
0	19:09:56.457	trend_dtrader GBPUSD,H1: Failed modifying USDJPY
0	19:09:57.458	trend_dtrader GBPUSD,H1: Failed modifying USDJPY
0	19:09:58.457	trend_dtrader GBPUSD,H1: Failed modifying USDJPY
0	19:09:59.456	trend_dtrader GBPUSD,H1: Failed modifying USDJPY
0	19:10:00.456	trend_dtrader GBPUSD,H1: Failed modifying USDJPY
0	19:10:01.457	trend_dtrader GBPUSD,H1: Failed modifying USDJPY
0	19:10:02.479	trend_dtrader GBPUSD,H1: Failed modifying USDJPY
0	19:10:03.456	trend_dtrader GBPUSD,H1: Failed modifying USDJPY
0	19:10:04.457	trend_dtrader GBPUSD,H1: Failed modifying USDJPY
0	19:10:05.457	trend_dtrader GBPUSD,H1: Failed modifying USDJPY
0	19:10:06.457	trend_dtrader GBPUSD,H1: Failed modifying USDJPY
0	19:10:07.457	trend_dtrader GBPUSD,H1: Failed modifying USDJPY
0	19:10:08.457	trend_dtrader GBPUSD,H1: Failed modifying USDJPY
0	19:10:09.457	trend_dtrader GBPUSD,H1: Failed modifying USDJPY
0	19:10:10.457	trend_dtrader GBPUSD,H1: Failed modifying USDJPY
0	19:10:11.458	trend_dtrader GBPUSD,H1: Failed modifying USDJPY
0	19:10:12.457	trend_dtrader GBPUSD,H1: Failed modifying USDJPY
0	19:10:13.457	trend_dtrader GBPUSD,H1: Failed modifying USDJPY
0	19:10:14.457	trend_dtrader GBPUSD,H1: Failed modifying USDJPY
0	19:10:15.457	trend_dtrader GBPUSD,H1: Failed modifying USDJPY
0	19:10:16.458	trend_dtrader GBPUSD,H1: Failed modifying USDJPY
0	19:10:17.457	trend_dtrader GBPUSD,H1: Failed modifying USDJPY
0	19:10:18.457	trend_dtrader GBPUSD,H1: Failed modifying USDJPY
0	19:10:19.457	trend_dtrader GBPUSD,H1: Failed modifying USDJPY
0	19:10:20.458	trend_dtrader GBPUSD,H1: Failed modifying USDJPY
0	19:10:21.458	trend_dtrader GBPUSD,H1: Failed modifying USDJPY
0	19:10:22.457	trend_dtrader GBPUSD,H1: Failed modifying USDJPY
0	19:10:23.458	trend_dtrader GBPUSD,H1: Failed modifying USDJPY
0	19:10:24.458	trend_dtrader GBPUSD,H1: Failed modifying USDJPY
0	19:10:25.457	trend_dtrader GBPUSD,H1: Failed modifying USDJPY
0	19:10:26.457	trend_dtrader GBPUSD,H1: Failed modifying USDJPY
0	19:10:27.457	trend_dtrader GBPUSD,H1: Failed modifying USDJPY
0	19:10:28.457	trend_dtrader GBPUSD,H1: Failed modifying USDJPY
0	19:10:29.458	trend_dtrader GBPUSD,H1: Failed modifying USDJPY
0	19:10:30.458	trend_dtrader GBPUSD,H1: Failed modifying USDJPY
0	19:10:31.457	trend_dtrader GBPUSD,H1: Failed modifying USDJPY
0	19:10:32.458	trend_dtrader GBPUSD,H1: Failed modifying USDJPY
0	19:10:33.458	trend_dtrader GBPUSD,H1: Failed modifying USDJPY
0	19:10:34.474	trend_dtrader GBPUSD,H1: Failed modifying USDJPY
0	19:10:35.457	trend_dtrader GBPUSD,H1: Failed modifying USDJPY
0	19:10:36.458	trend_dtrader GBPUSD,H1: Failed modifying USDJPY
0	19:10:37.458	trend_dtrader GBPUSD,H1: Failed modifying USDJPY
0	19:10:38.467	trend_dtrader GBPUSD,H1: Failed modifying USDJPY
0	19:10:39.457	trend_dtrader GBPUSD,H1: Failed modifying USDJPY
0	19:10:40.458	trend_dtrader GBPUSD,H1: Failed modifying USDJPY
0	19:10:41.458	trend_dtrader GBPUSD,H1: Failed modifying USDJPY
0	19:10:42.457	trend_dtrader GBPUSD,H1: Failed modifying USDJPY
0	19:10:43.458	trend_dtrader GBPUSD,H1: Failed modifying USDJPY
0	19:10:44.457	trend_dtrader GBPUSD,H1: Failed modifying USDJPY
0	19:10:45.476	trend_dtrader GBPUSD,H1: Failed modifying USDJPY
0	19:10:46.457	trend_dtrader GBPUSD,H1: Failed modifying USDJPY
0	19:10:47.458	trend_dtrader GBPUSD,H1: Failed modifying USDJPY
0	19:10:48.458	trend_dtrader GBPUSD,H1: Failed modifying USDJPY
0	19:10:49.458	trend_dtrader GBPUSD,H1: Failed modifying USDJPY
0	19:10:50.458	trend_dtrader GBPUSD,H1: Failed modifying USDJPY
0	19:10:51.458	trend_dtrader GBPUSD,H1: Failed modifying USDJPY
0	19:10:52.458	trend_dtrader GBPUSD,H1: Failed modifying USDJPY
0	19:10:53.458	trend_dtrader GBPUSD,H1: Failed modifying USDJPY
0	19:10:54.458	trend_dtrader GBPUSD,H1: Failed modifying USDJPY
0	19:10:55.458	trend_dtrader GBPUSD,H1: Failed modifying USDJPY
0	19:10:56.458	trend_dtrader GBPUSD,H1: Failed modifying USDJPY
0	19:10:57.458	trend_dtrader GBPUSD,H1: Failed modifying USDJPY
0	19:10:58.459	trend_dtrader GBPUSD,H1: Failed modifying USDJPY
0	19:10:59.458	trend_dtrader GBPUSD,H1: Failed modifying USDJPY
0	19:11:00.458	trend_dtrader GBPUSD,H1: Failed modifying USDJPY
0	19:11:01.458	trend_dtrader GBPUSD,H1: Failed modifying USDJPY
0	19:11:02.459	trend_dtrader GBPUSD,H1: Failed modifying USDJPY
0	19:11:03.459	trend_dtrader GBPUSD,H1: Failed modifying USDJPY
0	19:11:04.458	trend_dtrader GBPUSD,H1: Failed modifying USDJPY
0	19:11:05.458	trend_dtrader GBPUSD,H1: Failed modifying USDJPY
0	19:11:06.459	trend_dtrader GBPUSD,H1: Failed modifying USDJPY
0	19:11:07.458	trend_dtrader GBPUSD,H1: Failed modifying USDJPY
0	19:11:08.459	trend_dtrader GBPUSD,H1: Failed modifying USDJPY
0	19:11:09.458	trend_dtrader GBPUSD,H1: Failed modifying USDJPY
0	19:11:10.458	trend_dtrader GBPUSD,H1: Failed modifying USDJPY
0	19:11:11.458	trend_dtrader GBPUSD,H1: Failed modifying USDJPY
0	19:11:12.458	trend_dtrader GBPUSD,H1: Failed modifying USDJPY
0	19:11:13.458	trend_dtrader GBPUSD,H1: Failed modifying USDJPY
0	19:11:14.458	trend_dtrader GBPUSD,H1: Failed modifying USDJPY
0	19:11:15.458	trend_dtrader GBPUSD,H1: Failed modifying USDJPY
0	19:11:16.460	trend_dtrader GBPUSD,H1: Failed modifying USDJPY
0	19:11:17.458	trend_dtrader GBPUSD,H1: Failed modifying USDJPY
0	19:11:18.459	trend_dtrader GBPUSD,H1: Failed modifying USDJPY
0	19:11:19.458	trend_dtrader GBPUSD,H1: Failed modifying USDJPY
0	19:11:20.458	trend_dtrader GBPUSD,H1: Failed modifying USDJPY
0	19:11:21.459	trend_dtrader GBPUSD,H1: Failed modifying USDJPY
0	19:11:22.459	trend_dtrader GBPUSD,H1: Failed modifying USDJPY
0	19:11:23.459	trend_dtrader GBPUSD,H1: Failed modifying USDJPY
0	19:11:24.458	trend_dtrader GBPUSD,H1: Failed modifying USDJPY
0	19:11:25.458	trend_dtrader GBPUSD,H1: Failed modifying USDJPY
0	19:11:26.459	trend_dtrader GBPUSD,H1: Failed modifying USDJPY
0	19:11:27.459	trend_dtrader GBPUSD,H1: Failed modifying USDJPY
0	19:11:28.458	trend_dtrader GBPUSD,H1: Failed modifying USDJPY
0	19:11:29.459	trend_dtrader GBPUSD,H1: Failed modifying USDJPY
0	19:11:30.459	trend_dtrader GBPUSD,H1: Failed modifying USDJPY
0	19:11:31.459	trend_dtrader GBPUSD,H1: Failed modifying USDJPY
0	19:11:32.459	trend_dtrader GBPUSD,H1: Failed modifying USDJPY
0	19:11:33.459	trend_dtrader GBPUSD,H1: Failed modifying USDJPY
0	19:11:34.459	trend_dtrader GBPUSD,H1: Failed modifying USDJPY
0	19:11:35.460	trend_dtrader GBPUSD,H1: Failed modifying USDJPY
0	19:11:36.460	trend_dtrader GBPUSD,H1: Failed modifying USDJPY
0	19:11:37.459	trend_dtrader GBPUSD,H1: Failed modifying USDJPY
0	19:11:38.460	trend_dtrader GBPUSD,H1: Failed modifying USDJPY
0	19:11:39.459	trend_dtrader GBPUSD,H1: Failed modifying USDJPY
0	19:11:40.459	trend_dtrader GBPUSD,H1: Failed modifying USDJPY
0	19:11:41.459	trend_dtrader GBPUSD,H1: Failed modifying USDJPY
0	19:11:42.460	trend_dtrader GBPUSD,H1: Failed modifying USDJPY
0	19:11:43.459	trend_dtrader GBPUSD,H1: Failed modifying USDJPY
0	19:11:44.459	trend_dtrader GBPUSD,H1: Failed modifying USDJPY
0	19:11:45.459	trend_dtrader GBPUSD,H1: Failed modifying USDJPY
0	19:11:46.459	trend_dtrader GBPUSD,H1: Failed modifying USDJPY
0	19:11:47.459	trend_dtrader GBPUSD,H1: Failed modifying USDJPY
0	19:11:48.459	trend_dtrader GBPUSD,H1: Failed modifying USDJPY
0	19:11:49.459	trend_dtrader GBPUSD,H1: Failed modifying USDJPY
0	19:11:50.464	trend_dtrader GBPUSD,H1: Failed modifying USDJPY
0	19:11:51.459	trend_dtrader GBPUSD,H1: Failed modifying USDJPY
0	19:11:52.459	trend_dtrader GBPUSD,H1: Failed modifying USDJPY
0	19:14:15.463	trend_dtrader GBPUSD,H1: Failed modifying USDJPY
0	19:14:16.463	trend_dtrader GBPUSD,H1: Failed modifying USDJPY
0	19:14:17.463	trend_dtrader GBPUSD,H1: Failed modifying USDJPY
0	19:14:18.463	trend_dtrader GBPUSD,H1: Failed modifying USDJPY
0	19:14:19.463	trend_dtrader GBPUSD,H1: Failed modifying USDJPY
0	19:14:20.463	trend_dtrader GBPUSD,H1: Failed modifying USDJPY
0	19:14:21.463	trend_dtrader GBPUSD,H1: Failed modifying USDJPY
0	19:14:22.463	trend_dtrader GBPUSD,H1: Failed modifying USDJPY
0	19:14:23.464	trend_dtrader GBPUSD,H1: Failed modifying USDJPY
0	19:14:24.463	trend_dtrader GBPUSD,H1: Failed modifying USDJPY
0	19:14:25.463	trend_dtrader GBPUSD,H1: Failed modifying USDJPY
0	19:14:26.464	trend_dtrader GBPUSD,H1: Failed modifying USDJPY
0	19:14:27.464	trend_dtrader GBPUSD,H1: Failed modifying USDJPY
0	19:14:28.463	trend_dtrader GBPUSD,H1: Failed modifying USDJPY
0	19:14:35.464	trend_dtrader GBPUSD,H1: Failed modifying USDJPY
0	19:14:36.463	trend_dtrader GBPUSD,H1: Failed modifying USDJPY
0	19:14:37.463	trend_dtrader GBPUSD,H1: Failed modifying USDJPY
0	19:14:38.464	trend_dtrader GBPUSD,H1: Failed modifying USDJPY
0	19:14:39.464	trend_dtrader GBPUSD,H1: Failed modifying USDJPY
0	19:14:44.463	trend_dtrader GBPUSD,H1: Failed modifying USDJPY
0	19:14:48.464	trend_dtrader GBPUSD,H1: Failed modifying USDJPY
0	19:14:50.464	trend_dtrader GBPUSD,H1: Failed modifying USDJPY
0	19:14:51.465	trend_dtrader GBPUSD,H1: Failed modifying USDJPY
0	19:14:52.464	trend_dtrader GBPUSD,H1: Failed modifying USDJPY
0	19:14:53.464	trend_dtrader GBPUSD,H1: Failed modifying USDJPY
0	19:14:54.464	trend_dtrader GBPUSD,H1: Failed modifying USDJPY
0	19:14:55.464	trend_dtrader GBPUSD,H1: Failed modifying USDJPY
0	19:14:56.471	trend_dtrader GBPUSD,H1: Failed modifying USDJPY
0	19:14:58.464	trend_dtrader GBPUSD,H1: Failed modifying USDJPY
0	19:14:59.464	trend_dtrader GBPUSD,H1: Failed modifying USDJPY
0	19:15:00.464	trend_dtrader GBPUSD,H1: Failed modifying USDJPY
0	19:15:01.464	trend_dtrader GBPUSD,H1: Failed modifying USDJPY
0	19:15:02.464	trend_dtrader GBPUSD,H1: Failed modifying USDJPY
0	19:15:03.464	trend_dtrader GBPUSD,H1: Failed modifying USDJPY
0	19:15:04.479	trend_dtrader GBPUSD,H1: Failed modifying USDJPY
0	19:15:05.465	trend_dtrader GBPUSD,H1: Failed modifying USDJPY
0	19:15:06.464	trend_dtrader GBPUSD,H1: Failed modifying USDJPY
0	19:15:07.464	trend_dtrader GBPUSD,H1: Failed modifying USDJPY
0	19:15:08.465	trend_dtrader GBPUSD,H1: Failed modifying USDJPY
0	19:15:09.464	trend_dtrader GBPUSD,H1: Failed modifying USDJPY
0	19:15:10.464	trend_dtrader GBPUSD,H1: Failed modifying USDJPY
0	19:17:05.468	trend_dtrader GBPUSD,H1: Failed modifying USDJPY
0	19:17:06.470	trend_dtrader GBPUSD,H1: Failed modifying USDJPY
0	19:17:07.469	trend_dtrader GBPUSD,H1: Failed modifying USDJPY
0	19:17:08.468	trend_dtrader GBPUSD,H1: Failed modifying USDJPY
0	19:17:09.468	trend_dtrader GBPUSD,H1: Failed modifying USDJPY
0	19:17:10.467	trend_dtrader GBPUSD,H1: Failed modifying USDJPY
0	19:17:11.468	trend_dtrader GBPUSD,H1: Failed modifying USDJPY
0	19:17:12.468	trend_dtrader GBPUSD,H1: Failed modifying USDJPY
0	19:17:13.467	trend_dtrader GBPUSD,H1: Failed modifying USDJPY
0	19:17:14.468	trend_dtrader GBPUSD,H1: Failed modifying USDJPY
0	19:19:10.471	trend_dtrader GBPUSD,H1: Failed modifying USDJPY
0	19:19:11.470	trend_dtrader GBPUSD,H1: Failed modifying USDJPY
0	19:19:12.470	trend_dtrader GBPUSD,H1: Failed modifying USDJPY
0	19:19:13.471	trend_dtrader GBPUSD,H1: Failed modifying USDJPY
0	19:19:14.474	trend_dtrader GBPUSD,H1: Failed modifying USDJPY
0	19:19:15.471	trend_dtrader GBPUSD,H1: Failed modifying USDJPY
0	19:19:16.470	trend_dtrader GBPUSD,H1: Failed modifying USDJPY
0	19:19:17.471	trend_dtrader GBPUSD,H1: Failed modifying USDJPY
0	19:19:18.471	trend_dtrader GBPUSD,H1: Failed modifying USDJPY
0	19:19:19.471	trend_dtrader GBPUSD,H1: Failed modifying USDJPY
0	19:19:20.471	trend_dtrader GBPUSD,H1: Failed modifying USDJPY
0	19:19:21.471	trend_dtrader GBPUSD,H1: Failed modifying USDJPY
0	19:19:22.472	trend_dtrader GBPUSD,H1: Failed modifying USDJPY
0	19:19:23.471	trend_dtrader GBPUSD,H1: Failed modifying USDJPY
0	19:19:24.471	trend_dtrader GBPUSD,H1: Failed modifying USDJPY
0	19:19:25.470	trend_dtrader GBPUSD,H1: Failed modifying USDJPY
0	19:19:26.471	trend_dtrader GBPUSD,H1: Failed modifying USDJPY
0	19:19:27.472	trend_dtrader GBPUSD,H1: Failed modifying USDJPY
0	19:19:28.471	trend_dtrader GBPUSD,H1: Failed modifying USDJPY
0	19:19:29.471	trend_dtrader GBPUSD,H1: Failed modifying USDJPY
0	19:19:30.471	trend_dtrader GBPUSD,H1: Failed modifying USDJPY
0	19:19:31.471	trend_dtrader GBPUSD,H1: Failed modifying USDJPY
0	19:19:32.471	trend_dtrader GBPUSD,H1: Failed modifying USDJPY
0	19:19:33.471	trend_dtrader GBPUSD,H1: Failed modifying USDJPY
0	19:19:34.475	trend_dtrader GBPUSD,H1: Failed modifying USDJPY
0	19:19:35.472	trend_dtrader GBPUSD,H1: Failed modifying USDJPY
0	19:19:36.471	trend_dtrader GBPUSD,H1: Failed modifying USDJPY
0	19:19:37.471	trend_dtrader GBPUSD,H1: Failed modifying USDJPY
0	19:19:38.472	trend_dtrader GBPUSD,H1: Failed modifying USDJPY
0	19:19:39.472	trend_dtrader GBPUSD,H1: Failed modifying USDJPY
0	19:19:40.471	trend_dtrader GBPUSD,H1: Failed modifying USDJPY
0	19:19:41.471	trend_dtrader GBPUSD,H1: Failed modifying USDJPY
0	19:19:42.472	trend_dtrader GBPUSD,H1: Failed modifying USDJPY
0	19:19:43.472	trend_dtrader GBPUSD,H1: Failed modifying USDJPY
0	19:19:44.471	trend_dtrader GBPUSD,H1: Failed modifying USDJPY
0	19:19:45.472	trend_dtrader GBPUSD,H1: Failed modifying USDJPY
0	19:19:46.471	trend_dtrader GBPUSD,H1: Failed modifying USDJPY
0	19:19:47.472	trend_dtrader GBPUSD,H1: Failed modifying USDJPY
0	19:19:48.472	trend_dtrader GBPUSD,H1: Failed modifying USDJPY
0	19:19:49.472	trend_dtrader GBPUSD,H1: Failed modifying USDJPY
0	19:19:50.471	trend_dtrader GBPUSD,H1: Failed modifying USDJPY
0	19:19:51.472	trend_dtrader GBPUSD,H1: Failed modifying USDJPY
0	19:19:52.471	trend_dtrader GBPUSD,H1: Failed modifying USDJPY
0	19:19:53.471	trend_dtrader GBPUSD,H1: Failed modifying USDJPY
0	19:19:54.473	trend_dtrader GBPUSD,H1: Failed modifying USDJPY
0	19:19:55.472	trend_dtrader GBPUSD,H1: Failed modifying USDJPY
0	19:19:56.471	trend_dtrader GBPUSD,H1: Failed modifying USDJPY
0	19:19:57.471	trend_dtrader GBPUSD,H1: Failed modifying USDJPY
0	19:19:58.471	trend_dtrader GBPUSD,H1: Failed modifying USDJPY
0	19:19:59.472	trend_dtrader GBPUSD,H1: Failed modifying USDJPY
0	19:20:00.472	trend_dtrader GBPUSD,H1: Failed modifying USDJPY
0	19:20:01.472	trend_dtrader GBPUSD,H1: Failed modifying USDJPY
0	19:20:02.471	trend_dtrader GBPUSD,H1: Failed modifying USDJPY
0	19:20:03.472	trend_dtrader GBPUSD,H1: Failed modifying USDJPY
0	19:20:04.472	trend_dtrader GBPUSD,H1: Failed modifying USDJPY
0	19:20:05.472	trend_dtrader GBPUSD,H1: Failed modifying USDJPY
0	19:20:06.472	trend_dtrader GBPUSD,H1: Failed modifying USDJPY
0	19:20:07.472	trend_dtrader GBPUSD,H1: Failed modifying USDJPY
0	19:20:08.473	trend_dtrader GBPUSD,H1: Failed modifying USDJPY
0	19:20:09.473	trend_dtrader GBPUSD,H1: Failed modifying USDJPY
0	19:20:10.472	trend_dtrader GBPUSD,H1: Failed modifying USDJPY
0	19:20:11.472	trend_dtrader GBPUSD,H1: Failed modifying USDJPY
0	19:20:12.473	trend_dtrader GBPUSD,H1: Failed modifying USDJPY
0	19:20:13.473	trend_dtrader GBPUSD,H1: Failed modifying USDJPY
0	19:20:14.472	trend_dtrader GBPUSD,H1: Failed modifying USDJPY
0	19:20:15.473	trend_dtrader GBPUSD,H1: Failed modifying USDJPY
0	19:20:16.472	trend_dtrader GBPUSD,H1: Failed modifying USDJPY
0	19:20:17.472	trend_dtrader GBPUSD,H1: Failed modifying USDJPY
0	19:20:18.472	trend_dtrader GBPUSD,H1: Failed modifying USDJPY
0	19:20:19.472	trend_dtrader GBPUSD,H1: Failed modifying USDJPY
0	19:20:20.472	trend_dtrader GBPUSD,H1: Failed modifying USDJPY
0	19:20:21.472	trend_dtrader GBPUSD,H1: Failed modifying USDJPY
0	19:20:22.472	trend_dtrader GBPUSD,H1: Failed modifying USDJPY
0	19:20:23.472	trend_dtrader GBPUSD,H1: Failed modifying USDJPY
0	19:20:24.472	trend_dtrader GBPUSD,H1: Failed modifying USDJPY
0	19:20:25.473	trend_dtrader GBPUSD,H1: Failed modifying USDJPY
0	19:20:26.473	trend_dtrader GBPUSD,H1: Failed modifying USDJPY
0	19:20:27.472	trend_dtrader GBPUSD,H1: Failed modifying USDJPY
0	19:20:28.472	trend_dtrader GBPUSD,H1: Failed modifying USDJPY
0	19:20:29.472	trend_dtrader GBPUSD,H1: Failed modifying USDJPY
0	19:20:30.472	trend_dtrader GBPUSD,H1: Failed modifying USDJPY
0	19:20:31.473	trend_dtrader GBPUSD,H1: Failed modifying USDJPY
0	19:20:32.472	trend_dtrader GBPUSD,H1: Failed modifying USDJPY
0	19:20:33.473	trend_dtrader GBPUSD,H1: Failed modifying USDJPY
0	19:20:34.473	trend_dtrader GBPUSD,H1: Failed modifying USDJPY
0	19:20:35.473	trend_dtrader GBPUSD,H1: Failed modifying USDJPY
0	19:20:36.473	trend_dtrader GBPUSD,H1: Failed modifying USDJPY
0	19:20:37.473	trend_dtrader GBPUSD,H1: Failed modifying USDJPY
0	19:20:38.472	trend_dtrader GBPUSD,H1: Failed modifying USDJPY
0	19:20:39.473	trend_dtrader GBPUSD,H1: Failed modifying USDJPY
0	19:20:40.473	trend_dtrader GBPUSD,H1: Failed modifying USDJPY
0	19:20:41.473	trend_dtrader GBPUSD,H1: Failed modifying USDJPY
0	19:20:42.473	trend_dtrader GBPUSD,H1: Failed modifying USDJPY
0	19:20:43.472	trend_dtrader GBPUSD,H1: Failed modifying USDJPY
0	19:20:44.473	trend_dtrader GBPUSD,H1: Failed modifying USDJPY
0	19:20:45.474	trend_dtrader GBPUSD,H1: Failed modifying USDJPY
0	19:20:46.473	trend_dtrader GBPUSD,H1: Failed modifying USDJPY
0	19:20:47.473	trend_dtrader GBPUSD,H1: Failed modifying USDJPY
0	19:20:48.473	trend_dtrader GBPUSD,H1: Failed modifying USDJPY
0	19:20:49.473	trend_dtrader GBPUSD,H1: Failed modifying USDJPY
0	19:20:50.473	trend_dtrader GBPUSD,H1: Failed modifying USDJPY
0	19:20:51.474	trend_dtrader GBPUSD,H1: Failed modifying USDJPY
0	19:20:52.473	trend_dtrader GBPUSD,H1: Failed modifying USDJPY
0	19:20:53.474	trend_dtrader GBPUSD,H1: Failed modifying USDJPY
0	19:20:54.473	trend_dtrader GBPUSD,H1: Failed modifying USDJPY
0	19:20:55.481	trend_dtrader GBPUSD,H1: Failed modifying USDJPY
0	19:20:56.473	trend_dtrader GBPUSD,H1: Failed modifying USDJPY
0	19:20:57.474	trend_dtrader GBPUSD,H1: Failed modifying USDJPY
0	19:20:58.473	trend_dtrader GBPUSD,H1: Failed modifying USDJPY
0	19:20:59.474	trend_dtrader GBPUSD,H1: Failed modifying USDJPY
0	19:21:00.473	trend_dtrader GBPUSD,H1: Failed modifying USDJPY
0	19:21:01.474	trend_dtrader GBPUSD,H1: Failed modifying USDJPY
0	19:21:02.474	trend_dtrader GBPUSD,H1: Failed modifying USDJPY
0	19:21:03.474	trend_dtrader GBPUSD,H1: Failed modifying USDJPY
0	19:21:04.474	trend_dtrader GBPUSD,H1: Failed modifying USDJPY
0	19:21:05.474	trend_dtrader GBPUSD,H1: Failed modifying USDJPY
0	19:21:06.474	trend_dtrader GBPUSD,H1: Failed modifying USDJPY
0	19:21:07.484	trend_dtrader GBPUSD,H1: Failed modifying USDJPY
0	19:21:08.477	trend_dtrader GBPUSD,H1: Failed modifying USDJPY
0	19:21:09.473	trend_dtrader GBPUSD,H1: Failed modifying USDJPY
0	19:21:10.473	trend_dtrader GBPUSD,H1: Failed modifying USDJPY
0	19:21:11.473	trend_dtrader GBPUSD,H1: Failed modifying USDJPY
0	19:21:12.474	trend_dtrader GBPUSD,H1: Failed modifying USDJPY
0	19:21:13.474	trend_dtrader GBPUSD,H1: Failed modifying USDJPY
0	19:21:14.473	trend_dtrader GBPUSD,H1: Failed modifying USDJPY
0	19:21:15.518	trend_dtrader GBPUSD,H1: Failed modifying USDJPY
0	19:21:16.474	trend_dtrader GBPUSD,H1: Failed modifying USDJPY
0	19:21:17.507	trend_dtrader GBPUSD,H1: Failed modifying USDJPY
0	19:21:18.509	trend_dtrader GBPUSD,H1: Failed modifying USDJPY
0	19:21:19.473	trend_dtrader GBPUSD,H1: Failed modifying USDJPY
0	19:21:20.473	trend_dtrader GBPUSD,H1: Failed modifying USDJPY
0	19:21:21.474	trend_dtrader GBPUSD,H1: Failed modifying USDJPY
0	19:21:22.474	trend_dtrader GBPUSD,H1: Failed modifying USDJPY
0	19:21:23.474	trend_dtrader GBPUSD,H1: Failed modifying USDJPY
0	19:21:24.474	trend_dtrader GBPUSD,H1: Failed modifying USDJPY
0	19:21:25.474	trend_dtrader GBPUSD,H1: Failed modifying USDJPY
0	19:21:26.483	trend_dtrader GBPUSD,H1: Failed modifying USDJPY
0	19:21:27.475	trend_dtrader GBPUSD,H1: Failed modifying USDJPY
0	19:21:28.495	trend_dtrader GBPUSD,H1: Failed modifying USDJPY
0	19:21:29.474	trend_dtrader GBPUSD,H1: Failed modifying USDJPY
0	19:21:30.474	trend_dtrader GBPUSD,H1: Failed modifying USDJPY
0	19:21:31.475	trend_dtrader GBPUSD,H1: Failed modifying USDJPY
0	19:21:32.493	trend_dtrader GBPUSD,H1: Failed modifying USDJPY
0	19:21:33.475	trend_dtrader GBPUSD,H1: Failed modifying USDJPY
0	19:21:34.474	trend_dtrader GBPUSD,H1: Failed modifying USDJPY
0	19:21:35.474	trend_dtrader GBPUSD,H1: Failed modifying USDJPY
0	19:21:36.474	trend_dtrader GBPUSD,H1: Failed modifying USDJPY
0	19:21:37.474	trend_dtrader GBPUSD,H1: Failed modifying USDJPY
0	19:21:38.490	trend_dtrader GBPUSD,H1: Failed modifying USDJPY
0	19:21:39.474	trend_dtrader GBPUSD,H1: Failed modifying USDJPY
0	19:21:40.474	trend_dtrader GBPUSD,H1: Failed modifying USDJPY
0	19:21:41.475	trend_dtrader GBPUSD,H1: Failed modifying USDJPY
0	19:21:42.474	trend_dtrader GBPUSD,H1: Failed modifying USDJPY
0	19:21:43.474	trend_dtrader GBPUSD,H1: Failed modifying USDJPY
0	19:21:44.474	trend_dtrader GBPUSD,H1: Failed modifying USDJPY
0	19:21:45.475	trend_dtrader GBPUSD,H1: Failed modifying USDJPY
0	19:21:46.474	trend_dtrader GBPUSD,H1: Failed modifying USDJPY
0	19:21:47.475	trend_dtrader GBPUSD,H1: Failed modifying USDJPY
0	19:21:48.475	trend_dtrader GBPUSD,H1: Failed modifying USDJPY
0	19:21:49.474	trend_dtrader GBPUSD,H1: Failed modifying USDJPY
0	19:21:50.492	trend_dtrader GBPUSD,H1: Failed modifying USDJPY
0	19:21:51.474	trend_dtrader GBPUSD,H1: Failed modifying USDJPY
0	19:21:52.475	trend_dtrader GBPUSD,H1: Failed modifying USDJPY
0	19:21:53.475	trend_dtrader GBPUSD,H1: Failed modifying USDJPY
0	19:21:54.475	trend_dtrader GBPUSD,H1: Failed modifying USDJPY
0	19:21:55.474	trend_dtrader GBPUSD,H1: Failed modifying USDJPY
0	19:21:56.475	trend_dtrader GBPUSD,H1: Failed modifying USDJPY
0	19:21:57.475	trend_dtrader GBPUSD,H1: Failed modifying USDJPY
0	19:21:58.482	trend_dtrader GBPUSD,H1: Failed modifying USDJPY
0	19:21:59.475	trend_dtrader GBPUSD,H1: Failed modifying USDJPY
0	19:22:00.475	trend_dtrader GBPUSD,H1: Failed modifying USDJPY
0	19:22:01.474	trend_dtrader GBPUSD,H1: Failed modifying USDJPY
0	19:22:02.475	trend_dtrader GBPUSD,H1: Failed modifying USDJPY
0	19:22:03.474	trend_dtrader GBPUSD,H1: Failed modifying USDJPY
0	19:22:04.499	trend_dtrader GBPUSD,H1: Failed modifying USDJPY
0	19:22:05.476	trend_dtrader GBPUSD,H1: Failed modifying USDJPY
0	19:22:06.475	trend_dtrader GBPUSD,H1: Failed modifying USDJPY
0	19:22:07.475	trend_dtrader GBPUSD,H1: Failed modifying USDJPY
0	19:22:08.475	trend_dtrader GBPUSD,H1: Failed modifying USDJPY
0	19:22:09.476	trend_dtrader GBPUSD,H1: Failed modifying USDJPY
0	19:22:10.475	trend_dtrader GBPUSD,H1: Failed modifying USDJPY
0	19:22:11.476	trend_dtrader GBPUSD,H1: Failed modifying USDJPY
0	19:22:12.476	trend_dtrader GBPUSD,H1: Failed modifying USDJPY
0	19:22:13.475	trend_dtrader GBPUSD,H1: Failed modifying USDJPY
0	19:22:14.476	trend_dtrader GBPUSD,H1: Failed modifying USDJPY
0	19:22:15.475	trend_dtrader GBPUSD,H1: Failed modifying USDJPY
0	19:22:16.476	trend_dtrader GBPUSD,H1: Failed modifying USDJPY
0	19:22:17.476	trend_dtrader GBPUSD,H1: Failed modifying USDJPY
0	19:22:18.476	trend_dtrader GBPUSD,H1: Failed modifying USDJPY
0	19:22:19.476	trend_dtrader GBPUSD,H1: Failed modifying USDJPY
0	19:22:20.476	trend_dtrader GBPUSD,H1: Failed modifying USDJPY
0	19:22:21.475	trend_dtrader GBPUSD,H1: Failed modifying USDJPY
0	19:22:22.475	trend_dtrader GBPUSD,H1: Failed modifying USDJPY
0	19:22:23.475	trend_dtrader GBPUSD,H1: Failed modifying USDJPY
0	19:22:24.475	trend_dtrader GBPUSD,H1: Failed modifying USDJPY
0	19:22:25.476	trend_dtrader GBPUSD,H1: Failed modifying USDJPY
0	19:22:26.475	trend_dtrader GBPUSD,H1: Failed modifying USDJPY
0	19:22:27.476	trend_dtrader GBPUSD,H1: Failed modifying USDJPY
0	19:22:28.475	trend_dtrader GBPUSD,H1: Failed modifying USDJPY
0	19:22:29.477	trend_dtrader GBPUSD,H1: Failed modifying USDJPY
0	19:22:30.475	trend_dtrader GBPUSD,H1: Failed modifying USDJPY
0	19:22:31.476	trend_dtrader GBPUSD,H1: Failed modifying USDJPY
0	19:22:32.476	trend_dtrader GBPUSD,H1: Failed modifying USDJPY
0	19:22:33.476	trend_dtrader GBPUSD,H1: Failed modifying USDJPY
0	19:22:34.474	trend_dtrader GBPUSD,H1: Failed modifying USDJPY
0	19:22:35.475	trend_dtrader GBPUSD,H1: Failed modifying USDJPY
0	19:22:36.475	trend_dtrader GBPUSD,H1: Failed modifying USDJPY
0	19:22:37.474	trend_dtrader GBPUSD,H1: Failed modifying USDJPY
0	19:22:38.474	trend_dtrader GBPUSD,H1: Failed modifying USDJPY
0	19:22:39.474	trend_dtrader GBPUSD,H1: Failed modifying USDJPY
0	19:22:40.473	trend_dtrader GBPUSD,H1: Failed modifying USDJPY
0	19:22:41.473	trend_dtrader GBPUSD,H1: Failed modifying USDJPY
0	19:22:42.472	trend_dtrader GBPUSD,H1: Failed modifying USDJPY
0	19:22:43.473	trend_dtrader GBPUSD,H1: Failed modifying USDJPY
0	19:22:44.472	trend_dtrader GBPUSD,H1: Failed modifying USDJPY
0	19:22:45.472	trend_dtrader GBPUSD,H1: Failed modifying USDJPY
0	19:22:46.472	trend_dtrader GBPUSD,H1: Failed modifying USDJPY
0	19:22:47.473	trend_dtrader GBPUSD,H1: Failed modifying USDJPY
0	19:22:48.472	trend_dtrader GBPUSD,H1: Failed modifying USDJPY
0	19:22:49.473	trend_dtrader GBPUSD,H1: Failed modifying USDJPY
0	19:22:50.473	trend_dtrader GBPUSD,H1: Failed modifying USDJPY
0	19:22:51.472	trend_dtrader GBPUSD,H1: Failed modifying USDJPY
0	19:22:52.472	trend_dtrader GBPUSD,H1: Failed modifying USDJPY
0	19:22:53.472	trend_dtrader GBPUSD,H1: Failed modifying USDJPY
0	19:22:54.471	trend_dtrader GBPUSD,H1: Failed modifying USDJPY
0	19:22:55.472	trend_dtrader GBPUSD,H1: Failed modifying USDJPY
0	19:22:56.472	trend_dtrader GBPUSD,H1: Failed modifying USDJPY
0	19:22:57.472	trend_dtrader GBPUSD,H1: Failed modifying USDJPY
0	19:22:58.472	trend_dtrader GBPUSD,H1: Failed modifying USDJPY
0	19:22:59.472	trend_dtrader GBPUSD,H1: Failed modifying USDJPY
0	19:23:00.471	trend_dtrader GBPUSD,H1: Failed modifying USDJPY
0	19:23:01.471	trend_dtrader GBPUSD,H1: Failed modifying USDJPY
0	19:23:02.472	trend_dtrader GBPUSD,H1: Failed modifying USDJPY
0	19:23:03.471	trend_dtrader GBPUSD,H1: Failed modifying USDJPY
0	19:23:04.471	trend_dtrader GBPUSD,H1: Failed modifying USDJPY
0	19:23:05.471	trend_dtrader GBPUSD,H1: Failed modifying USDJPY
0	19:23:06.472	trend_dtrader GBPUSD,H1: Failed modifying USDJPY
0	19:23:07.472	trend_dtrader GBPUSD,H1: Failed modifying USDJPY
0	19:23:08.471	trend_dtrader GBPUSD,H1: Failed modifying USDJPY
0	19:23:09.471	trend_dtrader GBPUSD,H1: Failed modifying USDJPY
0	19:23:10.471	trend_dtrader GBPUSD,H1: Failed modifying USDJPY
0	19:23:11.472	trend_dtrader GBPUSD,H1: Failed modifying USDJPY
0	19:23:12.472	trend_dtrader GBPUSD,H1: Failed modifying USDJPY
0	19:23:13.471	trend_dtrader GBPUSD,H1: Failed modifying USDJPY
0	19:23:14.471	trend_dtrader GBPUSD,H1: Failed modifying USDJPY
0	19:23:15.471	trend_dtrader GBPUSD,H1: Failed modifying USDJPY
0	19:23:16.471	trend_dtrader GBPUSD,H1: Failed modifying USDJPY
0	19:23:17.472	trend_dtrader GBPUSD,H1: Failed modifying USDJPY
0	19:23:18.472	trend_dtrader GBPUSD,H1: Failed modifying USDJPY
0	19:23:19.471	trend_dtrader GBPUSD,H1: Failed modifying USDJPY
0	19:23:20.476	trend_dtrader GBPUSD,H1: Failed modifying USDJPY
0	19:23:21.471	trend_dtrader GBPUSD,H1: Failed modifying USDJPY
0	19:23:22.472	trend_dtrader GBPUSD,H1: Failed modifying USDJPY
0	19:23:23.508	trend_dtrader GBPUSD,H1: Failed modifying USDJPY
0	19:23:24.471	trend_dtrader GBPUSD,H1: Failed modifying USDJPY
0	19:23:25.472	trend_dtrader GBPUSD,H1: Failed modifying USDJPY
0	19:23:26.471	trend_dtrader GBPUSD,H1: Failed modifying USDJPY
0	19:23:27.472	trend_dtrader GBPUSD,H1: Failed modifying USDJPY
0	19:23:28.471	trend_dtrader GBPUSD,H1: Failed modifying USDJPY
0	19:23:29.471	trend_dtrader GBPUSD,H1: Failed modifying USDJPY
0	19:23:30.471	trend_dtrader GBPUSD,H1: Failed modifying USDJPY
0	19:23:31.471	trend_dtrader GBPUSD,H1: Failed modifying USDJPY
0	19:23:32.471	trend_dtrader GBPUSD,H1: Failed modifying USDJPY
0	19:23:33.472	trend_dtrader GBPUSD,H1: Failed modifying USDJPY
0	19:23:34.497	trend_dtrader GBPUSD,H1: Failed modifying USDJPY
0	19:23:35.471	trend_dtrader GBPUSD,H1: Failed modifying USDJPY
0	19:23:36.472	trend_dtrader GBPUSD,H1: Failed modifying USDJPY
0	19:23:37.472	trend_dtrader GBPUSD,H1: Failed modifying USDJPY
0	19:23:38.472	trend_dtrader GBPUSD,H1: Failed modifying USDJPY
0	19:23:39.471	trend_dtrader GBPUSD,H1: Failed modifying USDJPY
0	19:23:40.472	trend_dtrader GBPUSD,H1: Failed modifying USDJPY
0	19:23:41.474	trend_dtrader GBPUSD,H1: Failed modifying USDJPY
0	19:23:42.472	trend_dtrader GBPUSD,H1: Failed modifying USDJPY
0	19:23:43.472	trend_dtrader GBPUSD,H1: Failed modifying USDJPY
0	19:23:44.471	trend_dtrader GBPUSD,H1: Failed modifying USDJPY
0	19:23:45.472	trend_dtrader GBPUSD,H1: Failed modifying USDJPY
0	19:23:46.473	trend_dtrader GBPUSD,H1: Failed modifying USDJPY
0	19:23:47.472	trend_dtrader GBPUSD,H1: Failed modifying USDJPY
0	19:23:48.473	trend_dtrader GBPUSD,H1: Failed modifying USDJPY
0	19:23:49.471	trend_dtrader GBPUSD,H1: Failed modifying USDJPY
0	19:23:50.472	trend_dtrader GBPUSD,H1: Failed modifying USDJPY
0	19:23:51.472	trend_dtrader GBPUSD,H1: Failed modifying USDJPY
0	19:23:52.473	trend_dtrader GBPUSD,H1: Failed modifying USDJPY
0	19:23:53.472	trend_dtrader GBPUSD,H1: Failed modifying USDJPY
0	19:23:54.478	trend_dtrader GBPUSD,H1: Failed modifying USDJPY
0	19:23:55.482	trend_dtrader GBPUSD,H1: Failed modifying USDJPY
0	19:23:56.472	trend_dtrader GBPUSD,H1: Failed modifying USDJPY
0	19:23:57.472	trend_dtrader GBPUSD,H1: Failed modifying USDJPY
0	19:23:58.473	trend_dtrader GBPUSD,H1: Failed modifying USDJPY
0	19:23:59.472	trend_dtrader GBPUSD,H1: Failed modifying USDJPY
0	19:24:00.472	trend_dtrader GBPUSD,H1: Failed modifying USDJPY
0	19:24:01.472	trend_dtrader GBPUSD,H1: Failed modifying USDJPY
0	19:24:02.472	trend_dtrader GBPUSD,H1: Failed modifying USDJPY
0	19:24:03.472	trend_dtrader GBPUSD,H1: Failed modifying USDJPY
0	19:24:04.472	trend_dtrader GBPUSD,H1: Failed modifying USDJPY
0	19:24:05.472	trend_dtrader GBPUSD,H1: Failed modifying USDJPY
0	19:24:06.474	trend_dtrader GBPUSD,H1: Failed modifying USDJPY
0	19:24:07.472	trend_dtrader GBPUSD,H1: Failed modifying USDJPY
0	19:24:08.473	trend_dtrader GBPUSD,H1: Failed modifying USDJPY
0	19:24:09.472	trend_dtrader GBPUSD,H1: Failed modifying USDJPY
0	19:24:10.530	trend_dtrader GBPUSD,H1: Failed modifying USDJPY
0	19:24:11.473	trend_dtrader GBPUSD,H1: Failed modifying USDJPY
0	19:24:12.472	trend_dtrader GBPUSD,H1: Failed modifying USDJPY
0	19:24:13.473	trend_dtrader GBPUSD,H1: Failed modifying USDJPY
0	19:24:14.472	trend_dtrader GBPUSD,H1: Failed modifying USDJPY
0	19:24:15.472	trend_dtrader GBPUSD,H1: Failed modifying USDJPY
0	19:24:16.472	trend_dtrader GBPUSD,H1: Failed modifying USDJPY
0	19:24:17.472	trend_dtrader GBPUSD,H1: Failed modifying USDJPY
0	19:24:18.473	trend_dtrader GBPUSD,H1: Failed modifying USDJPY
0	19:24:19.473	trend_dtrader GBPUSD,H1: Failed modifying USDJPY
0	19:24:20.498	trend_dtrader GBPUSD,H1: Failed modifying USDJPY
0	19:24:21.472	trend_dtrader GBPUSD,H1: Failed modifying USDJPY
0	19:24:22.473	trend_dtrader GBPUSD,H1: Failed modifying USDJPY
0	19:24:23.473	trend_dtrader GBPUSD,H1: Failed modifying USDJPY
0	19:24:24.473	trend_dtrader GBPUSD,H1: Failed modifying USDJPY
0	19:24:25.473	trend_dtrader GBPUSD,H1: Failed modifying USDJPY
0	19:24:26.473	trend_dtrader GBPUSD,H1: Failed modifying USDJPY
0	19:24:27.473	trend_dtrader GBPUSD,H1: Failed modifying USDJPY
0	19:24:28.474	trend_dtrader GBPUSD,H1: Failed modifying USDJPY
0	19:24:29.473	trend_dtrader GBPUSD,H1: Failed modifying USDJPY
0	19:24:30.472	trend_dtrader GBPUSD,H1: Failed modifying USDJPY
0	19:24:31.474	trend_dtrader GBPUSD,H1: Failed modifying USDJPY
0	19:24:32.472	trend_dtrader GBPUSD,H1: Failed modifying USDJPY
0	19:24:33.473	trend_dtrader GBPUSD,H1: Failed modifying USDJPY
0	19:24:34.473	trend_dtrader GBPUSD,H1: Failed modifying USDJPY
0	19:24:35.474	trend_dtrader GBPUSD,H1: Failed modifying USDJPY
0	19:24:36.473	trend_dtrader GBPUSD,H1: Failed modifying USDJPY
0	19:24:37.473	trend_dtrader GBPUSD,H1: Failed modifying USDJPY
0	19:24:38.473	trend_dtrader GBPUSD,H1: Failed modifying USDJPY
0	19:24:39.473	trend_dtrader GBPUSD,H1: Failed modifying USDJPY
0	19:24:40.472	trend_dtrader GBPUSD,H1: Failed modifying USDJPY
0	19:24:41.499	trend_dtrader GBPUSD,H1: Failed modifying USDJPY
0	19:24:42.473	trend_dtrader GBPUSD,H1: Failed modifying USDJPY
0	19:24:43.473	trend_dtrader GBPUSD,H1: Failed modifying USDJPY
0	19:24:44.473	trend_dtrader GBPUSD,H1: Failed modifying USDJPY
0	19:24:45.473	trend_dtrader GBPUSD,H1: Failed modifying USDJPY
0	19:24:46.473	trend_dtrader GBPUSD,H1: Failed modifying USDJPY
0	19:24:47.473	trend_dtrader GBPUSD,H1: Failed modifying USDJPY
0	19:24:48.474	trend_dtrader GBPUSD,H1: Failed modifying USDJPY
0	19:24:49.473	trend_dtrader GBPUSD,H1: Failed modifying USDJPY
0	19:24:50.474	trend_dtrader GBPUSD,H1: Failed modifying USDJPY
0	19:24:51.473	trend_dtrader GBPUSD,H1: Failed modifying USDJPY
0	19:24:52.479	trend_dtrader GBPUSD,H1: Failed modifying USDJPY
0	19:24:53.474	trend_dtrader GBPUSD,H1: Failed modifying USDJPY
0	19:24:54.474	trend_dtrader GBPUSD,H1: Failed modifying USDJPY
0	19:24:55.519	trend_dtrader GBPUSD,H1: Failed modifying USDJPY
0	19:24:56.473	trend_dtrader GBPUSD,H1: Failed modifying USDJPY
0	19:24:57.473	trend_dtrader GBPUSD,H1: Failed modifying USDJPY
0	19:24:58.474	trend_dtrader GBPUSD,H1: Failed modifying USDJPY
0	19:24:59.474	trend_dtrader GBPUSD,H1: Failed modifying USDJPY
0	19:25:00.474	trend_dtrader GBPUSD,H1: Failed modifying USDJPY
0	19:25:01.475	trend_dtrader GBPUSD,H1: Failed modifying USDJPY
0	19:25:02.473	trend_dtrader GBPUSD,H1: Failed modifying USDJPY
0	19:25:03.473	trend_dtrader GBPUSD,H1: Failed modifying USDJPY
0	19:25:04.474	trend_dtrader GBPUSD,H1: Failed modifying USDJPY
0	19:25:05.474	trend_dtrader GBPUSD,H1: Failed modifying USDJPY
0	19:25:06.474	trend_dtrader GBPUSD,H1: Failed modifying USDJPY
0	19:25:07.474	trend_dtrader GBPUSD,H1: Failed modifying USDJPY
0	19:25:08.493	trend_dtrader GBPUSD,H1: Failed modifying USDJPY
0	19:25:09.474	trend_dtrader GBPUSD,H1: Failed modifying USDJPY
0	19:25:10.474	trend_dtrader GBPUSD,H1: Failed modifying USDJPY
0	19:25:11.474	trend_dtrader GBPUSD,H1: Failed modifying USDJPY
0	19:25:12.474	trend_dtrader GBPUSD,H1: Failed modifying USDJPY
0	19:25:13.474	trend_dtrader GBPUSD,H1: Failed modifying USDJPY
0	19:25:14.475	trend_dtrader GBPUSD,H1: Failed modifying USDJPY
0	19:25:15.503	trend_dtrader GBPUSD,H1: Failed modifying USDJPY
0	19:25:16.474	trend_dtrader GBPUSD,H1: Failed modifying USDJPY
0	19:25:17.474	trend_dtrader GBPUSD,H1: Failed modifying USDJPY
0	19:25:18.473	trend_dtrader GBPUSD,H1: Failed modifying USDJPY
0	19:25:19.474	trend_dtrader GBPUSD,H1: Failed modifying USDJPY
0	19:25:20.474	trend_dtrader GBPUSD,H1: Failed modifying USDJPY
0	19:25:21.515	trend_dtrader GBPUSD,H1: Failed modifying USDJPY
0	19:25:22.515	trend_dtrader GBPUSD,H1: Failed modifying USDJPY
0	19:25:23.475	trend_dtrader GBPUSD,H1: Failed modifying USDJPY
0	19:25:24.479	trend_dtrader GBPUSD,H1: Failed modifying USDJPY
0	19:25:25.475	trend_dtrader GBPUSD,H1: Failed modifying USDJPY
0	19:25:26.475	trend_dtrader GBPUSD,H1: Failed modifying USDJPY
0	19:25:27.474	trend_dtrader GBPUSD,H1: Failed modifying USDJPY
0	19:25:28.474	trend_dtrader GBPUSD,H1: Failed modifying USDJPY
0	19:25:29.475	trend_dtrader GBPUSD,H1: Failed modifying USDJPY
0	19:25:30.475	trend_dtrader GBPUSD,H1: Failed modifying USDJPY
0	19:25:31.474	trend_dtrader GBPUSD,H1: Failed modifying USDJPY
0	19:25:32.474	trend_dtrader GBPUSD,H1: Failed modifying USDJPY
0	19:25:33.475	trend_dtrader GBPUSD,H1: Failed modifying USDJPY
0	19:25:34.474	trend_dtrader GBPUSD,H1: Failed modifying USDJPY
0	19:25:35.482	trend_dtrader GBPUSD,H1: Failed modifying USDJPY
0	19:25:36.493	trend_dtrader GBPUSD,H1: Failed modifying USDJPY
0	19:25:37.474	trend_dtrader GBPUSD,H1: Failed modifying USDJPY
0	19:25:38.492	trend_dtrader GBPUSD,H1: Failed modifying USDJPY
0	19:25:39.493	trend_dtrader GBPUSD,H1: Failed modifying USDJPY
0	19:25:40.474	trend_dtrader GBPUSD,H1: Failed modifying USDJPY
0	19:25:41.475	trend_dtrader GBPUSD,H1: Failed modifying USDJPY
0	19:25:42.474	trend_dtrader GBPUSD,H1: Failed modifying USDJPY
0	19:25:43.474	trend_dtrader GBPUSD,H1: Failed modifying USDJPY
0	19:25:44.475	trend_dtrader GBPUSD,H1: Failed modifying USDJPY
0	19:25:45.474	trend_dtrader GBPUSD,H1: Failed modifying USDJPY
0	19:25:46.474	trend_dtrader GBPUSD,H1: Failed modifying USDJPY
0	19:25:47.475	trend_dtrader GBPUSD,H1: Failed modifying USDJPY
0	19:25:48.475	trend_dtrader GBPUSD,H1: Failed modifying USDJPY
0	19:25:49.475	trend_dtrader GBPUSD,H1: Failed modifying USDJPY
0	19:25:50.487	trend_dtrader GBPUSD,H1: Failed modifying USDJPY
0	19:25:51.526	trend_dtrader GBPUSD,H1: Failed modifying USDJPY
0	19:25:52.475	trend_dtrader GBPUSD,H1: Failed modifying USDJPY
0	19:25:53.475	trend_dtrader GBPUSD,H1: Failed modifying USDJPY
0	19:25:54.475	trend_dtrader GBPUSD,H1: Failed modifying USDJPY
0	19:25:55.475	trend_dtrader GBPUSD,H1: Failed modifying USDJPY
0	19:25:56.475	trend_dtrader GBPUSD,H1: Failed modifying USDJPY
0	19:25:57.475	trend_dtrader GBPUSD,H1: Failed modifying USDJPY
0	19:25:58.475	trend_dtrader GBPUSD,H1: Failed modifying USDJPY
0	19:25:59.475	trend_dtrader GBPUSD,H1: Failed modifying USDJPY
0	19:26:00.475	trend_dtrader GBPUSD,H1: Failed modifying USDJPY
0	19:26:01.475	trend_dtrader GBPUSD,H1: Failed modifying USDJPY
0	19:26:02.475	trend_dtrader GBPUSD,H1: Failed modifying USDJPY
0	19:26:03.475	trend_dtrader GBPUSD,H1: Failed modifying USDJPY
0	19:26:04.475	trend_dtrader GBPUSD,H1: Failed modifying USDJPY
0	19:26:05.474	trend_dtrader GBPUSD,H1: Failed modifying USDJPY
0	19:26:06.476	trend_dtrader GBPUSD,H1: Failed modifying USDJPY
0	19:26:07.475	trend_dtrader GBPUSD,H1: Failed modifying USDJPY
0	19:26:08.475	trend_dtrader GBPUSD,H1: Failed modifying USDJPY
0	19:26:09.475	trend_dtrader GBPUSD,H1: Failed modifying USDJPY
0	19:26:10.475	trend_dtrader GBPUSD,H1: Failed modifying USDJPY
0	19:26:11.493	trend_dtrader GBPUSD,H1: Failed modifying USDJPY
0	19:26:12.476	trend_dtrader GBPUSD,H1: Failed modifying USDJPY
0	19:26:13.475	trend_dtrader GBPUSD,H1: Failed modifying USDJPY
0	19:26:14.475	trend_dtrader GBPUSD,H1: Failed modifying USDJPY
0	19:26:15.476	trend_dtrader GBPUSD,H1: Failed modifying USDJPY
0	19:26:16.475	trend_dtrader GBPUSD,H1: Failed modifying USDJPY
0	19:26:17.476	trend_dtrader GBPUSD,H1: Failed modifying USDJPY
0	19:26:18.482	trend_dtrader GBPUSD,H1: Failed modifying USDJPY
0	19:26:19.475	trend_dtrader GBPUSD,H1: Failed modifying USDJPY
0	19:26:20.475	trend_dtrader GBPUSD,H1: Failed modifying USDJPY
0	19:26:21.475	trend_dtrader GBPUSD,H1: Failed modifying USDJPY
0	19:26:22.476	trend_dtrader GBPUSD,H1: Failed modifying USDJPY
0	19:26:23.476	trend_dtrader GBPUSD,H1: Failed modifying USDJPY
0	19:26:24.475	trend_dtrader GBPUSD,H1: Failed modifying USDJPY
0	19:26:25.475	trend_dtrader GBPUSD,H1: Failed modifying USDJPY
0	19:26:26.476	trend_dtrader GBPUSD,H1: Failed modifying USDJPY
0	19:26:27.475	trend_dtrader GBPUSD,H1: Failed modifying USDJPY
0	19:26:28.476	trend_dtrader GBPUSD,H1: Failed modifying USDJPY
0	19:26:29.476	trend_dtrader GBPUSD,H1: Failed modifying USDJPY
0	19:26:30.476	trend_dtrader GBPUSD,H1: Failed modifying USDJPY
0	19:26:31.478	trend_dtrader GBPUSD,H1: Failed modifying USDJPY
0	19:26:32.475	trend_dtrader GBPUSD,H1: Failed modifying USDJPY
0	19:26:33.476	trend_dtrader GBPUSD,H1: Failed modifying USDJPY
0	19:26:34.476	trend_dtrader GBPUSD,H1: Failed modifying USDJPY
0	19:26:35.475	trend_dtrader GBPUSD,H1: Failed modifying USDJPY
0	19:26:36.476	trend_dtrader GBPUSD,H1: Failed modifying USDJPY
0	19:26:37.476	trend_dtrader GBPUSD,H1: Failed modifying USDJPY
0	19:26:38.475	trend_dtrader GBPUSD,H1: Failed modifying USDJPY
0	19:26:39.476	trend_dtrader GBPUSD,H1: Failed modifying USDJPY
0	19:26:40.476	trend_dtrader GBPUSD,H1: Failed modifying USDJPY
0	19:26:41.475	trend_dtrader GBPUSD,H1: Failed modifying USDJPY
0	19:26:42.517	trend_dtrader GBPUSD,H1: Failed modifying USDJPY
0	19:26:43.475	trend_dtrader GBPUSD,H1: Failed modifying USDJPY
0	19:26:44.477	trend_dtrader GBPUSD,H1: Failed modifying USDJPY
0	19:26:45.476	trend_dtrader GBPUSD,H1: Failed modifying USDJPY
0	19:26:46.476	trend_dtrader GBPUSD,H1: Failed modifying USDJPY
0	19:26:47.476	trend_dtrader GBPUSD,H1: Failed modifying USDJPY
0	19:26:48.477	trend_dtrader GBPUSD,H1: Failed modifying USDJPY
0	19:26:49.476	trend_dtrader GBPUSD,H1: Failed modifying USDJPY
0	19:26:50.476	trend_dtrader GBPUSD,H1: Failed modifying USDJPY
0	19:26:51.477	trend_dtrader GBPUSD,H1: Failed modifying USDJPY
0	19:26:52.476	trend_dtrader GBPUSD,H1: Failed modifying USDJPY
0	19:26:53.476	trend_dtrader GBPUSD,H1: Failed modifying USDJPY
0	19:26:54.488	trend_dtrader GBPUSD,H1: Failed modifying USDJPY
0	19:26:55.476	trend_dtrader GBPUSD,H1: Failed modifying USDJPY
0	19:26:56.477	trend_dtrader GBPUSD,H1: Failed modifying USDJPY
0	19:26:57.476	trend_dtrader GBPUSD,H1: Failed modifying USDJPY
0	19:26:58.476	trend_dtrader GBPUSD,H1: Failed modifying USDJPY
0	19:26:59.477	trend_dtrader GBPUSD,H1: Failed modifying USDJPY
0	19:27:00.477	trend_dtrader GBPUSD,H1: Failed modifying USDJPY
0	19:27:01.476	trend_dtrader GBPUSD,H1: Failed modifying USDJPY
0	19:27:02.477	trend_dtrader GBPUSD,H1: Failed modifying USDJPY
0	19:27:03.477	trend_dtrader GBPUSD,H1: Failed modifying USDJPY
0	19:27:04.476	trend_dtrader GBPUSD,H1: Failed modifying USDJPY
0	19:27:05.477	trend_dtrader GBPUSD,H1: Failed modifying USDJPY
0	19:27:06.478	trend_dtrader GBPUSD,H1: Failed modifying USDJPY
0	19:27:07.477	trend_dtrader GBPUSD,H1: Failed modifying USDJPY
0	19:27:08.477	trend_dtrader GBPUSD,H1: Failed modifying USDJPY
0	19:27:09.476	trend_dtrader GBPUSD,H1: Failed modifying USDJPY
0	19:27:10.477	trend_dtrader GBPUSD,H1: Failed modifying USDJPY
0	19:27:11.477	trend_dtrader GBPUSD,H1: Failed modifying USDJPY
0	19:27:12.477	trend_dtrader GBPUSD,H1: Failed modifying USDJPY
0	19:27:13.477	trend_dtrader GBPUSD,H1: Failed modifying USDJPY
0	19:27:14.477	trend_dtrader GBPUSD,H1: Failed modifying USDJPY
0	19:27:15.476	trend_dtrader GBPUSD,H1: Failed modifying USDJPY
0	19:27:16.477	trend_dtrader GBPUSD,H1: Failed modifying USDJPY
0	19:27:17.477	trend_dtrader GBPUSD,H1: Failed modifying USDJPY
0	19:27:18.476	trend_dtrader GBPUSD,H1: Failed modifying USDJPY
0	19:27:19.476	trend_dtrader GBPUSD,H1: Failed modifying USDJPY
0	19:27:20.477	trend_dtrader GBPUSD,H1: Failed modifying USDJPY
0	19:27:21.476	trend_dtrader GBPUSD,H1: Failed modifying USDJPY
0	19:27:22.477	trend_dtrader GBPUSD,H1: Failed modifying USDJPY
0	19:27:23.477	trend_dtrader GBPUSD,H1: Failed modifying USDJPY
0	19:27:24.477	trend_dtrader GBPUSD,H1: Failed modifying USDJPY
0	19:27:25.485	trend_dtrader GBPUSD,H1: Failed modifying USDJPY
0	19:27:26.477	trend_dtrader GBPUSD,H1: Failed modifying USDJPY
0	19:27:27.477	trend_dtrader GBPUSD,H1: Failed modifying USDJPY
0	19:27:28.477	trend_dtrader GBPUSD,H1: Failed modifying USDJPY
0	19:27:29.477	trend_dtrader GBPUSD,H1: Failed modifying USDJPY
0	19:27:30.477	trend_dtrader GBPUSD,H1: Failed modifying USDJPY
0	19:27:31.477	trend_dtrader GBPUSD,H1: Failed modifying USDJPY
0	19:27:32.478	trend_dtrader GBPUSD,H1: Failed modifying USDJPY
0	19:27:33.477	trend_dtrader GBPUSD,H1: Failed modifying USDJPY
0	19:27:34.477	trend_dtrader GBPUSD,H1: Failed modifying USDJPY
0	19:27:35.477	trend_dtrader GBPUSD,H1: Failed modifying USDJPY
0	19:27:36.477	trend_dtrader GBPUSD,H1: Failed modifying USDJPY
0	19:27:37.477	trend_dtrader GBPUSD,H1: Failed modifying USDJPY
0	19:27:38.477	trend_dtrader GBPUSD,H1: Failed modifying USDJPY
0	19:27:39.478	trend_dtrader GBPUSD,H1: Failed modifying USDJPY
0	19:27:40.478	trend_dtrader GBPUSD,H1: Failed modifying USDJPY
0	19:27:41.478	trend_dtrader GBPUSD,H1: Failed modifying USDJPY
0	19:27:42.478	trend_dtrader GBPUSD,H1: Failed modifying USDJPY
0	19:27:43.478	trend_dtrader GBPUSD,H1: Failed modifying USDJPY
0	19:27:44.477	trend_dtrader GBPUSD,H1: Failed modifying USDJPY
0	19:27:45.477	trend_dtrader GBPUSD,H1: Failed modifying USDJPY
0	19:27:46.477	trend_dtrader GBPUSD,H1: Failed modifying USDJPY
0	19:27:47.480	trend_dtrader GBPUSD,H1: Failed modifying USDJPY
0	19:27:48.477	trend_dtrader GBPUSD,H1: Failed modifying USDJPY
0	19:27:49.477	trend_dtrader GBPUSD,H1: Failed modifying USDJPY
0	19:27:50.477	trend_dtrader GBPUSD,H1: Failed modifying USDJPY
0	19:27:51.477	trend_dtrader GBPUSD,H1: Failed modifying USDJPY
0	19:27:52.477	trend_dtrader GBPUSD,H1: Failed modifying USDJPY
0	19:27:53.477	trend_dtrader GBPUSD,H1: Failed modifying USDJPY
0	19:27:54.490	trend_dtrader GBPUSD,H1: Failed modifying USDJPY
0	19:27:55.478	trend_dtrader GBPUSD,H1: Failed modifying USDJPY
0	19:27:56.478	trend_dtrader GBPUSD,H1: Failed modifying USDJPY
0	19:27:57.478	trend_dtrader GBPUSD,H1: Failed modifying USDJPY
0	19:27:58.479	trend_dtrader GBPUSD,H1: Failed modifying USDJPY
0	19:27:59.477	trend_dtrader GBPUSD,H1: Failed modifying USDJPY
0	19:28:00.478	trend_dtrader GBPUSD,H1: Failed modifying USDJPY
0	19:28:01.477	trend_dtrader GBPUSD,H1: Failed modifying USDJPY
0	19:28:02.509	trend_dtrader GBPUSD,H1: Failed modifying USDJPY
0	19:28:03.478	trend_dtrader GBPUSD,H1: Failed modifying USDJPY
0	19:28:04.477	trend_dtrader GBPUSD,H1: Failed modifying USDJPY
0	19:28:05.477	trend_dtrader GBPUSD,H1: Failed modifying USDJPY
0	19:28:06.516	trend_dtrader GBPUSD,H1: Failed modifying USDJPY
0	19:28:07.495	trend_dtrader GBPUSD,H1: Failed modifying USDJPY
0	19:28:08.478	trend_dtrader GBPUSD,H1: Failed modifying USDJPY
0	19:28:09.478	trend_dtrader GBPUSD,H1: Failed modifying USDJPY
0	19:28:10.478	trend_dtrader GBPUSD,H1: Failed modifying USDJPY
0	19:28:11.478	trend_dtrader GBPUSD,H1: Failed modifying USDJPY
0	19:28:12.478	trend_dtrader GBPUSD,H1: Failed modifying USDJPY
0	19:28:13.478	trend_dtrader GBPUSD,H1: Failed modifying USDJPY
0	19:28:14.501	trend_dtrader GBPUSD,H1: Failed modifying USDJPY
0	19:28:15.480	trend_dtrader GBPUSD,H1: Failed modifying USDJPY
0	19:28:16.479	trend_dtrader GBPUSD,H1: Failed modifying USDJPY
0	19:28:17.478	trend_dtrader GBPUSD,H1: Failed modifying USDJPY
0	19:28:18.479	trend_dtrader GBPUSD,H1: Failed modifying USDJPY
0	19:28:19.478	trend_dtrader GBPUSD,H1: Failed modifying USDJPY
0	19:28:20.478	trend_dtrader GBPUSD,H1: Failed modifying USDJPY
0	19:28:21.479	trend_dtrader GBPUSD,H1: Failed modifying USDJPY
0	19:28:22.479	trend_dtrader GBPUSD,H1: Failed modifying USDJPY
0	19:28:23.478	trend_dtrader GBPUSD,H1: Failed modifying USDJPY
0	19:28:24.479	trend_dtrader GBPUSD,H1: Failed modifying USDJPY
0	19:28:25.479	trend_dtrader GBPUSD,H1: Failed modifying USDJPY
0	19:28:26.487	trend_dtrader GBPUSD,H1: Failed modifying USDJPY
0	19:28:27.479	trend_dtrader GBPUSD,H1: Failed modifying USDJPY
0	19:28:28.483	trend_dtrader GBPUSD,H1: Failed modifying USDJPY
0	19:28:29.503	trend_dtrader GBPUSD,H1: Failed modifying USDJPY
0	19:28:30.479	trend_dtrader GBPUSD,H1: Failed modifying USDJPY
0	19:28:31.479	trend_dtrader GBPUSD,H1: Failed modifying USDJPY
0	19:28:32.479	trend_dtrader GBPUSD,H1: Failed modifying USDJPY
0	19:28:33.479	trend_dtrader GBPUSD,H1: Failed modifying USDJPY
0	19:28:34.479	trend_dtrader GBPUSD,H1: Failed modifying USDJPY
0	19:28:35.478	trend_dtrader GBPUSD,H1: Failed modifying USDJPY
0	19:28:36.479	trend_dtrader GBPUSD,H1: Failed modifying USDJPY
0	19:28:37.479	trend_dtrader GBPUSD,H1: Failed modifying USDJPY
0	19:28:38.479	trend_dtrader GBPUSD,H1: Failed modifying USDJPY
0	19:28:39.479	trend_dtrader GBPUSD,H1: Failed modifying USDJPY
0	19:28:40.480	trend_dtrader GBPUSD,H1: Failed modifying USDJPY
0	19:28:41.479	trend_dtrader GBPUSD,H1: Failed modifying USDJPY
0	19:28:42.478	trend_dtrader GBPUSD,H1: Failed modifying USDJPY
0	19:28:43.479	trend_dtrader GBPUSD,H1: Failed modifying USDJPY
0	19:28:44.478	trend_dtrader GBPUSD,H1: Failed modifying USDJPY
0	19:28:45.478	trend_dtrader GBPUSD,H1: Failed modifying USDJPY
0	19:28:46.494	trend_dtrader GBPUSD,H1: Failed modifying USDJPY
0	19:28:47.479	trend_dtrader GBPUSD,H1: Failed modifying USDJPY
0	19:28:48.479	trend_dtrader GBPUSD,H1: Failed modifying USDJPY
0	19:28:49.479	trend_dtrader GBPUSD,H1: Failed modifying USDJPY
0	19:28:50.479	trend_dtrader GBPUSD,H1: Failed modifying USDJPY
0	19:28:51.479	trend_dtrader GBPUSD,H1: Failed modifying USDJPY
0	19:28:52.479	trend_dtrader GBPUSD,H1: Failed modifying USDJPY
0	19:28:53.479	trend_dtrader GBPUSD,H1: Failed modifying USDJPY
0	19:28:54.480	trend_dtrader GBPUSD,H1: Failed modifying USDJPY
0	19:28:55.479	trend_dtrader GBPUSD,H1: Failed modifying USDJPY
0	19:28:56.479	trend_dtrader GBPUSD,H1: Failed modifying USDJPY
0	19:28:57.480	trend_dtrader GBPUSD,H1: Failed modifying USDJPY
0	19:28:58.480	trend_dtrader GBPUSD,H1: Failed modifying USDJPY
0	19:28:59.480	trend_dtrader GBPUSD,H1: Failed modifying USDJPY
0	19:29:00.479	trend_dtrader GBPUSD,H1: Failed modifying USDJPY
0	19:29:01.479	trend_dtrader GBPUSD,H1: Failed modifying USDJPY
0	19:29:02.479	trend_dtrader GBPUSD,H1: Failed modifying USDJPY
0	19:29:03.479	trend_dtrader GBPUSD,H1: Failed modifying USDJPY
0	19:29:04.479	trend_dtrader GBPUSD,H1: Failed modifying USDJPY
0	19:29:05.479	trend_dtrader GBPUSD,H1: Failed modifying USDJPY
0	19:29:06.479	trend_dtrader GBPUSD,H1: Failed modifying USDJPY
0	19:29:07.480	trend_dtrader GBPUSD,H1: Failed modifying USDJPY
0	19:29:08.479	trend_dtrader GBPUSD,H1: Failed modifying USDJPY
0	19:29:09.479	trend_dtrader GBPUSD,H1: Failed modifying USDJPY
0	19:29:10.480	trend_dtrader GBPUSD,H1: Failed modifying USDJPY
0	19:29:11.479	trend_dtrader GBPUSD,H1: Failed modifying USDJPY
0	19:29:12.479	trend_dtrader GBPUSD,H1: Failed modifying USDJPY
0	19:29:13.483	trend_dtrader GBPUSD,H1: Failed modifying USDJPY
0	19:29:14.480	trend_dtrader GBPUSD,H1: Failed modifying USDJPY
0	19:29:15.479	trend_dtrader GBPUSD,H1: Failed modifying USDJPY
0	19:29:16.480	trend_dtrader GBPUSD,H1: Failed modifying USDJPY
0	19:29:17.480	trend_dtrader GBPUSD,H1: Failed modifying USDJPY
0	19:29:18.479	trend_dtrader GBPUSD,H1: Failed modifying USDJPY
0	19:29:19.479	trend_dtrader GBPUSD,H1: Failed modifying USDJPY
0	19:29:20.480	trend_dtrader GBPUSD,H1: Failed modifying USDJPY
0	19:29:21.499	trend_dtrader GBPUSD,H1: Failed modifying USDJPY
0	19:29:22.480	trend_dtrader GBPUSD,H1: Failed modifying USDJPY
0	19:29:23.480	trend_dtrader GBPUSD,H1: Failed modifying USDJPY
0	19:29:24.506	trend_dtrader GBPUSD,H1: Failed modifying USDJPY
0	19:29:25.479	trend_dtrader GBPUSD,H1: Failed modifying USDJPY
0	19:29:26.480	trend_dtrader GBPUSD,H1: Failed modifying USDJPY
0	19:29:27.480	trend_dtrader GBPUSD,H1: Failed modifying USDJPY
0	19:29:28.480	trend_dtrader GBPUSD,H1: Failed modifying USDJPY
0	19:29:29.480	trend_dtrader GBPUSD,H1: Failed modifying USDJPY
0	19:29:30.480	trend_dtrader GBPUSD,H1: Failed modifying USDJPY
0	19:29:31.480	trend_dtrader GBPUSD,H1: Failed modifying USDJPY
0	19:29:32.525	trend_dtrader GBPUSD,H1: Failed modifying USDJPY
0	19:29:33.480	trend_dtrader GBPUSD,H1: Failed modifying USDJPY
0	19:29:34.489	trend_dtrader GBPUSD,H1: Failed modifying USDJPY
0	19:29:35.480	trend_dtrader GBPUSD,H1: Failed modifying USDJPY
0	19:29:36.481	trend_dtrader GBPUSD,H1: Failed modifying USDJPY
0	19:29:37.480	trend_dtrader GBPUSD,H1: Failed modifying USDJPY
0	19:29:38.481	trend_dtrader GBPUSD,H1: Failed modifying USDJPY
0	19:29:39.485	trend_dtrader GBPUSD,H1: Failed modifying USDJPY
0	19:29:40.487	trend_dtrader GBPUSD,H1: Failed modifying USDJPY
0	19:29:41.513	trend_dtrader GBPUSD,H1: Failed modifying USDJPY
0	19:29:42.490	trend_dtrader GBPUSD,H1: Failed modifying USDJPY
0	19:29:43.481	trend_dtrader GBPUSD,H1: Failed modifying USDJPY
0	19:29:44.523	trend_dtrader GBPUSD,H1: Failed modifying USDJPY
0	19:29:45.495	trend_dtrader GBPUSD,H1: Failed modifying USDJPY
0	19:29:46.486	trend_dtrader GBPUSD,H1: Failed modifying USDJPY
0	19:29:47.486	trend_dtrader GBPUSD,H1: Failed modifying USDJPY
0	19:29:48.489	trend_dtrader GBPUSD,H1: Failed modifying USDJPY
0	19:29:49.480	trend_dtrader GBPUSD,H1: Failed modifying USDJPY
0	19:29:50.481	trend_dtrader GBPUSD,H1: Failed modifying USDJPY
0	19:29:51.480	trend_dtrader GBPUSD,H1: Failed modifying USDJPY
0	19:29:52.480	trend_dtrader GBPUSD,H1: Failed modifying USDJPY
0	19:29:53.480	trend_dtrader GBPUSD,H1: Failed modifying USDJPY
0	19:29:54.481	trend_dtrader GBPUSD,H1: Failed modifying USDJPY
0	19:29:55.480	trend_dtrader GBPUSD,H1: Failed modifying USDJPY
0	19:29:56.481	trend_dtrader GBPUSD,H1: Failed modifying USDJPY
0	19:29:57.482	trend_dtrader GBPUSD,H1: Failed modifying USDJPY
0	19:29:58.483	trend_dtrader GBPUSD,H1: Failed modifying USDJPY
0	19:29:59.480	trend_dtrader GBPUSD,H1: Failed modifying USDJPY
0	19:30:00.481	trend_dtrader GBPUSD,H1: Failed modifying USDJPY
0	19:30:01.481	trend_dtrader GBPUSD,H1: Failed modifying USDJPY
0	19:30:02.481	trend_dtrader GBPUSD,H1: Failed modifying USDJPY
0	19:30:03.480	trend_dtrader GBPUSD,H1: Failed modifying USDJPY
0	19:30:04.480	trend_dtrader GBPUSD,H1: Failed modifying USDJPY
0	19:30:05.481	trend_dtrader GBPUSD,H1: Failed modifying USDJPY
0	19:30:06.481	trend_dtrader GBPUSD,H1: Failed modifying USDJPY
0	19:30:07.480	trend_dtrader GBPUSD,H1: Failed modifying USDJPY
0	19:30:08.480	trend_dtrader GBPUSD,H1: Failed modifying USDJPY
0	19:30:09.482	trend_dtrader GBPUSD,H1: Failed modifying USDJPY
0	19:30:10.481	trend_dtrader GBPUSD,H1: Failed modifying USDJPY
0	19:30:11.481	trend_dtrader GBPUSD,H1: Failed modifying USDJPY
0	19:30:12.481	trend_dtrader GBPUSD,H1: Failed modifying USDJPY
0	19:30:13.481	trend_dtrader GBPUSD,H1: Failed modifying USDJPY
0	19:30:14.481	trend_dtrader GBPUSD,H1: Failed modifying USDJPY
0	19:30:15.481	trend_dtrader GBPUSD,H1: Failed modifying USDJPY
0	19:30:16.481	trend_dtrader GBPUSD,H1: Failed modifying USDJPY
0	19:30:17.482	trend_dtrader GBPUSD,H1: Failed modifying USDJPY
0	19:30:18.481	trend_dtrader GBPUSD,H1: Failed modifying USDJPY
0	19:30:19.518	trend_dtrader GBPUSD,H1: Failed modifying USDJPY
0	19:30:20.518	trend_dtrader GBPUSD,H1: Failed modifying USDJPY
0	19:30:21.481	trend_dtrader GBPUSD,H1: Failed modifying USDJPY
0	19:30:22.526	trend_dtrader GBPUSD,H1: Failed modifying USDJPY
0	19:30:23.482	trend_dtrader GBPUSD,H1: Failed modifying USDJPY
0	19:30:24.481	trend_dtrader GBPUSD,H1: Failed modifying USDJPY
0	19:30:25.481	trend_dtrader GBPUSD,H1: Failed modifying USDJPY
0	19:30:26.482	trend_dtrader GBPUSD,H1: Failed modifying USDJPY
0	19:30:27.482	trend_dtrader GBPUSD,H1: Failed modifying USDJPY
0	19:30:28.481	trend_dtrader GBPUSD,H1: Failed modifying USDJPY
0	19:30:29.481	trend_dtrader GBPUSD,H1: Failed modifying USDJPY
0	19:30:30.481	trend_dtrader GBPUSD,H1: Failed modifying USDJPY
0	19:30:31.482	trend_dtrader GBPUSD,H1: Failed modifying USDJPY
0	19:30:32.481	trend_dtrader GBPUSD,H1: Failed modifying USDJPY
0	19:30:33.481	trend_dtrader GBPUSD,H1: Failed modifying USDJPY
0	19:30:34.498	trend_dtrader GBPUSD,H1: Failed modifying USDJPY
0	19:30:35.481	trend_dtrader GBPUSD,H1: Failed modifying USDJPY
0	19:30:36.482	trend_dtrader GBPUSD,H1: Failed modifying USDJPY
0	19:30:37.481	trend_dtrader GBPUSD,H1: Failed modifying USDJPY
0	19:30:38.502	trend_dtrader GBPUSD,H1: Failed modifying USDJPY
0	19:30:39.497	trend_dtrader GBPUSD,H1: Failed modifying USDJPY
0	19:30:40.482	trend_dtrader GBPUSD,H1: Failed modifying USDJPY
0	19:30:41.482	trend_dtrader GBPUSD,H1: Failed modifying USDJPY
0	19:30:42.482	trend_dtrader GBPUSD,H1: Failed modifying USDJPY
0	19:30:43.481	trend_dtrader GBPUSD,H1: Failed modifying USDJPY
0	19:30:44.481	trend_dtrader GBPUSD,H1: Failed modifying USDJPY
0	19:30:45.481	trend_dtrader GBPUSD,H1: Failed modifying USDJPY
0	19:30:46.482	trend_dtrader GBPUSD,H1: Failed modifying USDJPY
0	19:30:47.500	trend_dtrader GBPUSD,H1: Failed modifying USDJPY
0	19:30:48.482	trend_dtrader GBPUSD,H1: Failed modifying USDJPY
0	19:30:49.481	trend_dtrader GBPUSD,H1: Failed modifying USDJPY
0	19:30:50.482	trend_dtrader GBPUSD,H1: Failed modifying USDJPY
0	19:30:51.482	trend_dtrader GBPUSD,H1: Failed modifying USDJPY
0	19:30:52.482	trend_dtrader GBPUSD,H1: Failed modifying USDJPY
0	19:30:53.483	trend_dtrader GBPUSD,H1: Failed modifying USDJPY
0	19:30:54.482	trend_dtrader GBPUSD,H1: Failed modifying USDJPY
0	19:30:55.483	trend_dtrader GBPUSD,H1: Failed modifying USDJPY
0	19:30:56.483	trend_dtrader GBPUSD,H1: Failed modifying USDJPY
0	19:30:57.482	trend_dtrader GBPUSD,H1: Failed modifying USDJPY
0	19:30:58.501	trend_dtrader GBPUSD,H1: Failed modifying USDJPY
0	19:30:59.482	trend_dtrader GBPUSD,H1: Failed modifying USDJPY
0	19:31:00.482	trend_dtrader GBPUSD,H1: Failed modifying USDJPY
0	19:31:01.482	trend_dtrader GBPUSD,H1: Failed modifying USDJPY
0	19:31:02.482	trend_dtrader GBPUSD,H1: Failed modifying USDJPY
0	19:31:03.482	trend_dtrader GBPUSD,H1: Failed modifying USDJPY
0	19:31:04.482	trend_dtrader GBPUSD,H1: Failed modifying USDJPY
0	19:31:05.482	trend_dtrader GBPUSD,H1: Failed modifying USDJPY
0	19:31:06.483	trend_dtrader GBPUSD,H1: Failed modifying USDJPY
0	19:31:07.482	trend_dtrader GBPUSD,H1: Failed modifying USDJPY
0	19:31:08.487	trend_dtrader GBPUSD,H1: Failed modifying USDJPY
0	19:31:09.482	trend_dtrader GBPUSD,H1: Failed modifying USDJPY
0	19:31:10.482	trend_dtrader GBPUSD,H1: Failed modifying USDJPY
0	19:31:11.483	trend_dtrader GBPUSD,H1: Failed modifying USDJPY
0	19:31:12.483	trend_dtrader GBPUSD,H1: Failed modifying USDJPY
0	19:31:13.483	trend_dtrader GBPUSD,H1: Failed modifying USDJPY
0	19:31:14.489	trend_dtrader GBPUSD,H1: Failed modifying USDJPY
0	19:31:15.482	trend_dtrader GBPUSD,H1: Failed modifying USDJPY
0	19:31:16.515	trend_dtrader GBPUSD,H1: Failed modifying USDJPY
0	19:31:17.482	trend_dtrader GBPUSD,H1: Failed modifying USDJPY
0	19:31:18.482	trend_dtrader GBPUSD,H1: Failed modifying USDJPY
0	19:31:19.490	trend_dtrader GBPUSD,H1: Failed modifying USDJPY
0	19:31:20.483	trend_dtrader GBPUSD,H1: Failed modifying USDJPY
0	19:31:21.482	trend_dtrader GBPUSD,H1: Failed modifying USDJPY
0	19:31:22.483	trend_dtrader GBPUSD,H1: Failed modifying USDJPY
0	19:31:23.482	trend_dtrader GBPUSD,H1: Failed modifying USDJPY
0	19:31:24.482	trend_dtrader GBPUSD,H1: Failed modifying USDJPY
0	19:31:25.483	trend_dtrader GBPUSD,H1: Failed modifying USDJPY
0	19:31:26.485	trend_dtrader GBPUSD,H1: Failed modifying USDJPY
0	19:31:27.483	trend_dtrader GBPUSD,H1: Failed modifying USDJPY
0	19:31:28.482	trend_dtrader GBPUSD,H1: Failed modifying USDJPY
0	19:31:29.482	trend_dtrader GBPUSD,H1: Failed modifying USDJPY
0	19:31:30.482	trend_dtrader GBPUSD,H1: Failed modifying USDJPY
0	19:31:31.483	trend_dtrader GBPUSD,H1: Failed modifying USDJPY
0	19:31:32.492	trend_dtrader GBPUSD,H1: Failed modifying USDJPY
0	19:31:33.482	trend_dtrader GBPUSD,H1: Failed modifying USDJPY
0	19:31:34.483	trend_dtrader GBPUSD,H1: Failed modifying USDJPY
0	19:31:35.483	trend_dtrader GBPUSD,H1: Failed modifying USDJPY
0	19:31:36.483	trend_dtrader GBPUSD,H1: Failed modifying USDJPY
0	19:31:37.482	trend_dtrader GBPUSD,H1: Failed modifying USDJPY
0	19:31:38.483	trend_dtrader GBPUSD,H1: Failed modifying USDJPY
0	19:31:39.483	trend_dtrader GBPUSD,H1: Failed modifying USDJPY
0	19:31:40.483	trend_dtrader GBPUSD,H1: Failed modifying USDJPY
0	19:31:41.483	trend_dtrader GBPUSD,H1: Failed modifying USDJPY
0	19:31:42.483	trend_dtrader GBPUSD,H1: Failed modifying USDJPY
0	19:31:43.483	trend_dtrader GBPUSD,H1: Failed modifying USDJPY
0	19:31:44.539	trend_dtrader GBPUSD,H1: Failed modifying USDJPY
0	19:31:45.553	trend_dtrader GBPUSD,H1: Failed modifying USDJPY
0	19:31:46.483	trend_dtrader GBPUSD,H1: Failed modifying USDJPY
0	19:31:47.483	trend_dtrader GBPUSD,H1: Failed modifying USDJPY
0	19:31:48.483	trend_dtrader GBPUSD,H1: Failed modifying USDJPY
0	19:31:49.483	trend_dtrader GBPUSD,H1: Failed modifying USDJPY
0	19:31:50.484	trend_dtrader GBPUSD,H1: Failed modifying USDJPY
0	19:31:51.497	trend_dtrader GBPUSD,H1: Failed modifying USDJPY
0	19:31:52.483	trend_dtrader GBPUSD,H1: Failed modifying USDJPY
0	19:31:53.483	trend_dtrader GBPUSD,H1: Failed modifying USDJPY
0	19:31:54.483	trend_dtrader GBPUSD,H1: Failed modifying USDJPY
0	19:31:55.483	trend_dtrader GBPUSD,H1: Failed modifying USDJPY
0	19:31:56.483	trend_dtrader GBPUSD,H1: Failed modifying USDJPY
0	19:31:57.483	trend_dtrader GBPUSD,H1: Failed modifying USDJPY
0	19:31:58.483	trend_dtrader GBPUSD,H1: Failed modifying USDJPY
0	19:31:59.484	trend_dtrader GBPUSD,H1: Failed modifying USDJPY
0	19:32:00.483	trend_dtrader GBPUSD,H1: Failed modifying USDJPY
0	19:32:01.485	trend_dtrader GBPUSD,H1: Failed modifying USDJPY
0	19:32:02.484	trend_dtrader GBPUSD,H1: Failed modifying USDJPY
0	19:32:03.484	trend_dtrader GBPUSD,H1: Failed modifying USDJPY
0	19:32:04.483	trend_dtrader GBPUSD,H1: Failed modifying USDJPY
0	19:32:05.483	trend_dtrader GBPUSD,H1: Failed modifying USDJPY
0	19:32:06.484	trend_dtrader GBPUSD,H1: Failed modifying USDJPY
0	19:32:07.483	trend_dtrader GBPUSD,H1: Failed modifying USDJPY
0	19:32:08.483	trend_dtrader GBPUSD,H1: Failed modifying USDJPY
0	19:32:09.484	trend_dtrader GBPUSD,H1: Failed modifying USDJPY
0	19:32:10.484	trend_dtrader GBPUSD,H1: Failed modifying USDJPY
0	19:32:11.484	trend_dtrader GBPUSD,H1: Failed modifying USDJPY
0	19:32:12.484	trend_dtrader GBPUSD,H1: Failed modifying USDJPY
0	19:32:13.483	trend_dtrader GBPUSD,H1: Failed modifying USDJPY
0	19:32:14.484	trend_dtrader GBPUSD,H1: Failed modifying USDJPY
0	19:32:15.508	trend_dtrader GBPUSD,H1: Failed modifying USDJPY
0	19:32:16.484	trend_dtrader GBPUSD,H1: Failed modifying USDJPY
0	19:32:17.483	trend_dtrader GBPUSD,H1: Failed modifying USDJPY
0	19:32:18.485	trend_dtrader GBPUSD,H1: Failed modifying USDJPY
0	19:32:19.484	trend_dtrader GBPUSD,H1: Failed modifying USDJPY
0	19:32:20.484	trend_dtrader GBPUSD,H1: Failed modifying USDJPY
0	19:32:21.484	trend_dtrader GBPUSD,H1: Failed modifying USDJPY
0	19:32:22.484	trend_dtrader GBPUSD,H1: Failed modifying USDJPY
0	19:32:23.484	trend_dtrader GBPUSD,H1: Failed modifying USDJPY
0	19:32:24.484	trend_dtrader GBPUSD,H1: Failed modifying USDJPY
0	19:32:25.514	trend_dtrader GBPUSD,H1: Failed modifying USDJPY
0	19:32:26.484	trend_dtrader GBPUSD,H1: Failed modifying USDJPY
0	19:32:27.519	trend_dtrader GBPUSD,H1: Failed modifying USDJPY
0	19:32:28.485	trend_dtrader GBPUSD,H1: Failed modifying USDJPY
0	19:32:29.484	trend_dtrader GBPUSD,H1: Failed modifying USDJPY
0	19:32:30.490	trend_dtrader GBPUSD,H1: Failed modifying USDJPY
0	19:32:31.484	trend_dtrader GBPUSD,H1: Failed modifying USDJPY
0	19:32:32.490	trend_dtrader GBPUSD,H1: Failed modifying USDJPY
0	19:32:33.484	trend_dtrader GBPUSD,H1: Failed modifying USDJPY
0	19:32:34.485	trend_dtrader GBPUSD,H1: Failed modifying USDJPY
0	19:32:35.484	trend_dtrader GBPUSD,H1: Failed modifying USDJPY
0	19:32:36.484	trend_dtrader GBPUSD,H1: Failed modifying USDJPY
0	19:32:37.484	trend_dtrader GBPUSD,H1: Failed modifying USDJPY
0	19:32:38.505	trend_dtrader GBPUSD,H1: Failed modifying USDJPY
0	19:32:39.485	trend_dtrader GBPUSD,H1: Failed modifying USDJPY
0	19:32:40.524	trend_dtrader GBPUSD,H1: Failed modifying USDJPY
0	19:32:41.485	trend_dtrader GBPUSD,H1: Failed modifying USDJPY
0	19:32:42.485	trend_dtrader GBPUSD,H1: Failed modifying USDJPY
0	19:32:43.484	trend_dtrader GBPUSD,H1: Failed modifying USDJPY
0	19:32:44.484	trend_dtrader GBPUSD,H1: Failed modifying USDJPY
0	19:32:45.484	trend_dtrader GBPUSD,H1: Failed modifying USDJPY
0	19:32:46.484	trend_dtrader GBPUSD,H1: Failed modifying USDJPY
0	19:32:47.484	trend_dtrader GBPUSD,H1: Failed modifying USDJPY
0	19:32:48.506	trend_dtrader GBPUSD,H1: Failed modifying USDJPY
0	19:32:49.484	trend_dtrader GBPUSD,H1: Failed modifying USDJPY
0	19:32:50.485	trend_dtrader GBPUSD,H1: Failed modifying USDJPY
0	19:32:51.485	trend_dtrader GBPUSD,H1: Failed modifying USDJPY
0	19:32:52.485	trend_dtrader GBPUSD,H1: Failed modifying USDJPY
0	19:32:53.485	trend_dtrader GBPUSD,H1: Failed modifying USDJPY
0	19:32:54.485	trend_dtrader GBPUSD,H1: Failed modifying USDJPY
0	19:32:55.485	trend_dtrader GBPUSD,H1: Failed modifying USDJPY
0	19:32:56.485	trend_dtrader GBPUSD,H1: Failed modifying USDJPY
0	19:32:57.496	trend_dtrader GBPUSD,H1: Failed modifying USDJPY
0	19:32:58.485	trend_dtrader GBPUSD,H1: Failed modifying USDJPY
0	19:32:59.485	trend_dtrader GBPUSD,H1: Failed modifying USDJPY
0	19:33:00.507	trend_dtrader GBPUSD,H1: Failed modifying USDJPY
0	19:33:01.485	trend_dtrader GBPUSD,H1: Failed modifying USDJPY
0	19:33:02.486	trend_dtrader GBPUSD,H1: Failed modifying USDJPY
0	19:33:03.485	trend_dtrader GBPUSD,H1: Failed modifying USDJPY
0	19:33:04.502	trend_dtrader GBPUSD,H1: Failed modifying USDJPY
0	19:33:05.485	trend_dtrader GBPUSD,H1: Failed modifying USDJPY
0	19:33:06.492	trend_dtrader GBPUSD,H1: Failed modifying USDJPY
0	19:33:07.485	trend_dtrader GBPUSD,H1: Failed modifying USDJPY
0	19:33:08.503	trend_dtrader GBPUSD,H1: Failed modifying USDJPY
0	19:33:09.485	trend_dtrader GBPUSD,H1: Failed modifying USDJPY
0	19:33:10.496	trend_dtrader GBPUSD,H1: Failed modifying USDJPY
0	19:33:11.491	trend_dtrader GBPUSD,H1: Failed modifying USDJPY
0	19:33:12.485	trend_dtrader GBPUSD,H1: Failed modifying USDJPY
0	19:33:13.485	trend_dtrader GBPUSD,H1: Failed modifying USDJPY
0	19:33:14.485	trend_dtrader GBPUSD,H1: Failed modifying USDJPY
0	19:33:15.486	trend_dtrader GBPUSD,H1: Failed modifying USDJPY
0	19:33:16.485	trend_dtrader GBPUSD,H1: Failed modifying USDJPY
0	19:33:17.485	trend_dtrader GBPUSD,H1: Failed modifying USDJPY
0	19:33:18.485	trend_dtrader GBPUSD,H1: Failed modifying USDJPY
0	19:33:19.485	trend_dtrader GBPUSD,H1: Failed modifying USDJPY
0	19:33:20.492	trend_dtrader GBPUSD,H1: Failed modifying USDJPY
0	19:33:21.488	trend_dtrader GBPUSD,H1: Failed modifying USDJPY
0	19:33:22.485	trend_dtrader GBPUSD,H1: Failed modifying USDJPY
0	19:33:23.486	trend_dtrader GBPUSD,H1: Failed modifying USDJPY
0	19:33:24.485	trend_dtrader GBPUSD,H1: Failed modifying USDJPY
0	19:33:25.508	trend_dtrader GBPUSD,H1: Failed modifying USDJPY
0	19:33:26.485	trend_dtrader GBPUSD,H1: Failed modifying USDJPY
0	19:33:27.486	trend_dtrader GBPUSD,H1: Failed modifying USDJPY
0	19:33:28.486	trend_dtrader GBPUSD,H1: Failed modifying USDJPY
0	19:33:29.486	trend_dtrader GBPUSD,H1: Failed modifying USDJPY
0	19:33:30.485	trend_dtrader GBPUSD,H1: Failed modifying USDJPY
0	19:33:31.485	trend_dtrader GBPUSD,H1: Failed modifying USDJPY
0	19:33:32.510	trend_dtrader GBPUSD,H1: Failed modifying USDJPY
0	19:33:33.486	trend_dtrader GBPUSD,H1: Failed modifying USDJPY
0	19:33:34.509	trend_dtrader GBPUSD,H1: Failed modifying USDJPY
0	19:33:35.485	trend_dtrader GBPUSD,H1: Failed modifying USDJPY
0	19:33:36.486	trend_dtrader GBPUSD,H1: Failed modifying USDJPY
0	19:33:37.486	trend_dtrader GBPUSD,H1: Failed modifying USDJPY
0	19:33:38.486	trend_dtrader GBPUSD,H1: Failed modifying USDJPY
0	19:33:39.490	trend_dtrader GBPUSD,H1: Failed modifying USDJPY
0	19:33:40.486	trend_dtrader GBPUSD,H1: Failed modifying USDJPY
0	19:33:41.486	trend_dtrader GBPUSD,H1: Failed modifying USDJPY
0	19:33:42.486	trend_dtrader GBPUSD,H1: Failed modifying USDJPY
0	19:33:43.486	trend_dtrader GBPUSD,H1: Failed modifying USDJPY
0	19:33:44.486	trend_dtrader GBPUSD,H1: Failed modifying USDJPY
0	19:33:45.539	trend_dtrader GBPUSD,H1: Failed modifying USDJPY
0	19:33:46.486	trend_dtrader GBPUSD,H1: Failed modifying USDJPY
0	19:33:47.486	trend_dtrader GBPUSD,H1: Failed modifying USDJPY
0	19:33:48.486	trend_dtrader GBPUSD,H1: Failed modifying USDJPY
0	19:33:49.486	trend_dtrader GBPUSD,H1: Failed modifying USDJPY
0	19:33:50.486	trend_dtrader GBPUSD,H1: Failed modifying USDJPY
0	19:33:51.486	trend_dtrader GBPUSD,H1: Failed modifying USDJPY
0	19:33:52.486	trend_dtrader GBPUSD,H1: Failed modifying USDJPY
0	19:33:53.487	trend_dtrader GBPUSD,H1: Failed modifying USDJPY
0	19:33:54.492	trend_dtrader GBPUSD,H1: Failed modifying USDJPY
0	19:33:55.486	trend_dtrader GBPUSD,H1: Failed modifying USDJPY
0	19:33:56.486	trend_dtrader GBPUSD,H1: Failed modifying USDJPY
0	19:33:57.486	trend_dtrader GBPUSD,H1: Failed modifying USDJPY
0	19:33:58.486	trend_dtrader GBPUSD,H1: Failed modifying USDJPY
0	19:33:59.487	trend_dtrader GBPUSD,H1: Failed modifying USDJPY
0	19:34:00.486	trend_dtrader GBPUSD,H1: Failed modifying USDJPY
0	19:34:01.487	trend_dtrader GBPUSD,H1: Failed modifying USDJPY
0	19:34:02.533	trend_dtrader GBPUSD,H1: Failed modifying USDJPY
0	19:34:03.486	trend_dtrader GBPUSD,H1: Failed modifying USDJPY
0	19:34:04.503	trend_dtrader GBPUSD,H1: Failed modifying USDJPY
0	19:34:05.486	trend_dtrader GBPUSD,H1: Failed modifying USDJPY
0	19:34:06.486	trend_dtrader GBPUSD,H1: Failed modifying USDJPY
0	19:34:07.487	trend_dtrader GBPUSD,H1: Failed modifying USDJPY
0	19:34:08.487	trend_dtrader GBPUSD,H1: Failed modifying USDJPY
0	19:34:09.487	trend_dtrader GBPUSD,H1: Failed modifying USDJPY
0	19:34:10.487	trend_dtrader GBPUSD,H1: Failed modifying USDJPY
0	19:34:11.487	trend_dtrader GBPUSD,H1: Failed modifying USDJPY
0	19:34:12.494	trend_dtrader GBPUSD,H1: Failed modifying USDJPY
0	19:34:13.502	trend_dtrader GBPUSD,H1: Failed modifying USDJPY
0	19:34:14.487	trend_dtrader GBPUSD,H1: Failed modifying USDJPY
0	19:34:15.486	trend_dtrader GBPUSD,H1: Failed modifying USDJPY
0	19:34:16.487	trend_dtrader GBPUSD,H1: Failed modifying USDJPY
0	19:34:17.487	trend_dtrader GBPUSD,H1: Failed modifying USDJPY
0	19:34:18.496	trend_dtrader GBPUSD,H1: Failed modifying USDJPY
0	19:34:19.487	trend_dtrader GBPUSD,H1: Failed modifying USDJPY
0	19:34:20.486	trend_dtrader GBPUSD,H1: Failed modifying USDJPY
0	19:34:21.487	trend_dtrader GBPUSD,H1: Failed modifying USDJPY
0	19:34:22.487	trend_dtrader GBPUSD,H1: Failed modifying USDJPY
0	19:34:23.487	trend_dtrader GBPUSD,H1: Failed modifying USDJPY
0	19:34:24.487	trend_dtrader GBPUSD,H1: Failed modifying USDJPY
0	19:34:25.487	trend_dtrader GBPUSD,H1: Failed modifying USDJPY
0	19:34:26.487	trend_dtrader GBPUSD,H1: Failed modifying USDJPY
0	19:34:27.487	trend_dtrader GBPUSD,H1: Failed modifying USDJPY
0	19:34:28.487	trend_dtrader GBPUSD,H1: Failed modifying USDJPY
0	19:34:29.487	trend_dtrader GBPUSD,H1: Failed modifying USDJPY
0	19:34:30.487	trend_dtrader GBPUSD,H1: Failed modifying USDJPY
0	19:34:31.487	trend_dtrader GBPUSD,H1: Failed modifying USDJPY
0	19:34:32.487	trend_dtrader GBPUSD,H1: Failed modifying USDJPY
0	19:34:33.488	trend_dtrader GBPUSD,H1: Failed modifying USDJPY
0	19:34:34.487	trend_dtrader GBPUSD,H1: Failed modifying USDJPY
0	19:34:35.488	trend_dtrader GBPUSD,H1: Failed modifying USDJPY
0	19:34:36.487	trend_dtrader GBPUSD,H1: Failed modifying USDJPY
0	19:34:37.487	trend_dtrader GBPUSD,H1: Failed modifying USDJPY
0	19:34:38.487	trend_dtrader GBPUSD,H1: Failed modifying USDJPY
0	19:34:39.487	trend_dtrader GBPUSD,H1: Failed modifying USDJPY
0	19:34:40.487	trend_dtrader GBPUSD,H1: Failed modifying USDJPY
0	19:34:41.493	trend_dtrader GBPUSD,H1: Failed modifying USDJPY
0	19:34:42.487	trend_dtrader GBPUSD,H1: Failed modifying USDJPY
0	19:34:43.488	trend_dtrader GBPUSD,H1: Failed modifying USDJPY
0	19:34:44.487	trend_dtrader GBPUSD,H1: Failed modifying USDJPY
0	19:34:45.488	trend_dtrader GBPUSD,H1: Failed modifying USDJPY
0	19:34:46.487	trend_dtrader GBPUSD,H1: Failed modifying USDJPY
0	19:34:47.488	trend_dtrader GBPUSD,H1: Failed modifying USDJPY
0	19:34:48.488	trend_dtrader GBPUSD,H1: Failed modifying USDJPY
0	19:34:49.488	trend_dtrader GBPUSD,H1: Failed modifying USDJPY
0	19:34:50.488	trend_dtrader GBPUSD,H1: Failed modifying USDJPY
0	19:34:51.488	trend_dtrader GBPUSD,H1: Failed modifying USDJPY
0	19:34:52.487	trend_dtrader GBPUSD,H1: Failed modifying USDJPY
0	19:34:53.488	trend_dtrader GBPUSD,H1: Failed modifying USDJPY
0	19:34:54.488	trend_dtrader GBPUSD,H1: Failed modifying USDJPY
0	19:34:55.487	trend_dtrader GBPUSD,H1: Failed modifying USDJPY
0	19:34:56.488	trend_dtrader GBPUSD,H1: Failed modifying USDJPY
0	19:34:57.488	trend_dtrader GBPUSD,H1: Failed modifying USDJPY
0	19:34:58.488	trend_dtrader GBPUSD,H1: Failed modifying USDJPY
0	19:34:59.488	trend_dtrader GBPUSD,H1: Failed modifying USDJPY
0	19:35:00.488	trend_dtrader GBPUSD,H1: Failed modifying USDJPY
0	19:35:01.488	trend_dtrader GBPUSD,H1: Failed modifying USDJPY
0	19:35:02.488	trend_dtrader GBPUSD,H1: Failed modifying USDJPY
0	19:35:03.488	trend_dtrader GBPUSD,H1: Failed modifying USDJPY
0	19:35:04.488	trend_dtrader GBPUSD,H1: Failed modifying USDJPY
0	19:35:05.488	trend_dtrader GBPUSD,H1: Failed modifying USDJPY
0	19:35:06.487	trend_dtrader GBPUSD,H1: Failed modifying USDJPY
0	19:35:07.488	trend_dtrader GBPUSD,H1: Failed modifying USDJPY
0	19:35:08.488	trend_dtrader GBPUSD,H1: Failed modifying USDJPY
0	19:35:09.488	trend_dtrader GBPUSD,H1: Failed modifying USDJPY
0	19:35:10.489	trend_dtrader GBPUSD,H1: Failed modifying USDJPY
0	19:35:11.488	trend_dtrader GBPUSD,H1: Failed modifying USDJPY
0	19:35:12.488	trend_dtrader GBPUSD,H1: Failed modifying USDJPY
0	19:35:13.488	trend_dtrader GBPUSD,H1: Failed modifying USDJPY
0	19:35:14.488	trend_dtrader GBPUSD,H1: Failed modifying USDJPY
0	19:35:15.488	trend_dtrader GBPUSD,H1: Failed modifying USDJPY
0	19:35:16.488	trend_dtrader GBPUSD,H1: Failed modifying USDJPY
0	19:35:17.513	trend_dtrader GBPUSD,H1: Failed modifying USDJPY
0	19:35:18.489	trend_dtrader GBPUSD,H1: Failed modifying USDJPY
0	19:35:19.489	trend_dtrader GBPUSD,H1: Failed modifying USDJPY
0	19:35:20.488	trend_dtrader GBPUSD,H1: Failed modifying USDJPY
0	19:35:21.488	trend_dtrader GBPUSD,H1: Failed modifying USDJPY
0	19:35:22.489	trend_dtrader GBPUSD,H1: Failed modifying USDJPY
0	19:35:23.489	trend_dtrader GBPUSD,H1: Failed modifying USDJPY
0	19:35:24.488	trend_dtrader GBPUSD,H1: Failed modifying USDJPY
0	19:35:25.489	trend_dtrader GBPUSD,H1: Failed modifying USDJPY
0	19:35:26.488	trend_dtrader GBPUSD,H1: Failed modifying USDJPY
0	19:35:27.489	trend_dtrader GBPUSD,H1: Failed modifying USDJPY
0	19:35:28.488	trend_dtrader GBPUSD,H1: Failed modifying USDJPY
0	19:35:29.489	trend_dtrader GBPUSD,H1: Failed modifying USDJPY
0	19:35:30.488	trend_dtrader GBPUSD,H1: Failed modifying USDJPY
0	19:35:31.489	trend_dtrader GBPUSD,H1: Failed modifying USDJPY
0	19:35:32.493	trend_dtrader GBPUSD,H1: Failed modifying USDJPY
0	19:35:33.488	trend_dtrader GBPUSD,H1: Failed modifying USDJPY
0	19:35:34.488	trend_dtrader GBPUSD,H1: Failed modifying USDJPY
0	19:35:35.489	trend_dtrader GBPUSD,H1: Failed modifying USDJPY
0	19:35:36.489	trend_dtrader GBPUSD,H1: Failed modifying USDJPY
0	19:35:37.488	trend_dtrader GBPUSD,H1: Failed modifying USDJPY
0	19:35:38.489	trend_dtrader GBPUSD,H1: Failed modifying USDJPY
0	19:35:39.489	trend_dtrader GBPUSD,H1: Failed modifying USDJPY
0	19:35:40.489	trend_dtrader GBPUSD,H1: Failed modifying USDJPY
0	19:35:41.488	trend_dtrader GBPUSD,H1: Failed modifying USDJPY
0	19:35:42.489	trend_dtrader GBPUSD,H1: Failed modifying USDJPY
0	19:35:43.489	trend_dtrader GBPUSD,H1: Failed modifying USDJPY
0	19:35:44.489	trend_dtrader GBPUSD,H1: Failed modifying USDJPY
0	19:35:45.489	trend_dtrader GBPUSD,H1: Failed modifying USDJPY
0	19:35:46.489	trend_dtrader GBPUSD,H1: Failed modifying USDJPY
0	19:35:47.489	trend_dtrader GBPUSD,H1: Failed modifying USDJPY
0	19:35:48.489	trend_dtrader GBPUSD,H1: Failed modifying USDJPY
0	19:35:49.489	trend_dtrader GBPUSD,H1: Failed modifying USDJPY
0	19:35:50.509	trend_dtrader GBPUSD,H1: Failed modifying USDJPY
0	19:35:51.489	trend_dtrader GBPUSD,H1: Failed modifying USDJPY
0	19:35:52.490	trend_dtrader GBPUSD,H1: Failed modifying USDJPY
0	19:35:53.489	trend_dtrader GBPUSD,H1: Failed modifying USDJPY
0	19:35:54.490	trend_dtrader GBPUSD,H1: Failed modifying USDJPY
0	19:35:55.489	trend_dtrader GBPUSD,H1: Failed modifying USDJPY
0	19:35:56.489	trend_dtrader GBPUSD,H1: Failed modifying USDJPY
0	19:35:57.490	trend_dtrader GBPUSD,H1: Failed modifying USDJPY
0	19:35:58.489	trend_dtrader GBPUSD,H1: Failed modifying USDJPY
0	19:35:59.489	trend_dtrader GBPUSD,H1: Failed modifying USDJPY
0	19:36:00.490	trend_dtrader GBPUSD,H1: Failed modifying USDJPY
0	19:36:01.490	trend_dtrader GBPUSD,H1: Failed modifying USDJPY
0	19:36:02.489	trend_dtrader GBPUSD,H1: Failed modifying USDJPY
0	19:36:03.489	trend_dtrader GBPUSD,H1: Failed modifying USDJPY
0	19:36:04.490	trend_dtrader GBPUSD,H1: Failed modifying USDJPY
0	19:36:05.490	trend_dtrader GBPUSD,H1: Failed modifying USDJPY
0	19:36:06.516	trend_dtrader GBPUSD,H1: Failed modifying USDJPY
0	19:36:07.489	trend_dtrader GBPUSD,H1: Failed modifying USDJPY
0	19:36:08.490	trend_dtrader GBPUSD,H1: Failed modifying USDJPY
0	19:36:09.490	trend_dtrader GBPUSD,H1: Failed modifying USDJPY
0	19:36:10.490	trend_dtrader GBPUSD,H1: Failed modifying USDJPY
0	19:36:11.490	trend_dtrader GBPUSD,H1: Failed modifying USDJPY
0	19:36:12.489	trend_dtrader GBPUSD,H1: Failed modifying USDJPY
0	19:36:13.490	trend_dtrader GBPUSD,H1: Failed modifying USDJPY
0	19:36:14.489	trend_dtrader GBPUSD,H1: Failed modifying USDJPY
0	19:36:15.489	trend_dtrader GBPUSD,H1: Failed modifying USDJPY
0	19:36:16.489	trend_dtrader GBPUSD,H1: Failed modifying USDJPY
0	19:36:17.490	trend_dtrader GBPUSD,H1: Failed modifying USDJPY
0	19:36:18.490	trend_dtrader GBPUSD,H1: Failed modifying USDJPY
0	19:36:19.489	trend_dtrader GBPUSD,H1: Failed modifying USDJPY
0	19:36:20.490	trend_dtrader GBPUSD,H1: Failed modifying USDJPY
0	19:36:21.490	trend_dtrader GBPUSD,H1: Failed modifying USDJPY
0	19:36:22.490	trend_dtrader GBPUSD,H1: Failed modifying USDJPY
0	19:36:23.490	trend_dtrader GBPUSD,H1: Failed modifying USDJPY
0	19:36:24.490	trend_dtrader GBPUSD,H1: Failed modifying USDJPY
0	19:36:25.490	trend_dtrader GBPUSD,H1: Failed modifying USDJPY
0	19:36:26.490	trend_dtrader GBPUSD,H1: Failed modifying USDJPY
0	19:36:27.490	trend_dtrader GBPUSD,H1: Failed modifying USDJPY
0	19:36:28.490	trend_dtrader GBPUSD,H1: Failed modifying USDJPY
0	19:36:29.490	trend_dtrader GBPUSD,H1: Failed modifying USDJPY
0	19:36:30.490	trend_dtrader GBPUSD,H1: Failed modifying USDJPY
0	19:36:31.491	trend_dtrader GBPUSD,H1: Failed modifying USDJPY
0	19:36:32.490	trend_dtrader GBPUSD,H1: Failed modifying USDJPY
0	19:36:33.490	trend_dtrader GBPUSD,H1: Failed modifying USDJPY
0	19:36:34.490	trend_dtrader GBPUSD,H1: Failed modifying USDJPY
0	19:36:35.497	trend_dtrader GBPUSD,H1: Failed modifying USDJPY
0	19:36:36.491	trend_dtrader GBPUSD,H1: Failed modifying USDJPY
0	19:36:37.491	trend_dtrader GBPUSD,H1: Failed modifying USDJPY
0	19:36:38.503	trend_dtrader GBPUSD,H1: Failed modifying USDJPY
0	19:36:39.490	trend_dtrader GBPUSD,H1: Failed modifying USDJPY
0	19:36:40.491	trend_dtrader GBPUSD,H1: Failed modifying USDJPY
0	19:36:41.490	trend_dtrader GBPUSD,H1: Failed modifying USDJPY
0	19:36:42.490	trend_dtrader GBPUSD,H1: Failed modifying USDJPY
0	19:36:43.490	trend_dtrader GBPUSD,H1: Failed modifying USDJPY
0	19:36:44.490	trend_dtrader GBPUSD,H1: Failed modifying USDJPY
0	19:36:45.491	trend_dtrader GBPUSD,H1: Failed modifying USDJPY
0	19:36:46.490	trend_dtrader GBPUSD,H1: Failed modifying USDJPY
0	19:36:47.491	trend_dtrader GBPUSD,H1: Failed modifying USDJPY
0	19:36:48.491	trend_dtrader GBPUSD,H1: Failed modifying USDJPY
0	19:36:49.491	trend_dtrader GBPUSD,H1: Failed modifying USDJPY
0	19:36:50.490	trend_dtrader GBPUSD,H1: Failed modifying USDJPY
0	19:36:51.491	trend_dtrader GBPUSD,H1: Failed modifying USDJPY
0	19:36:52.491	trend_dtrader GBPUSD,H1: Failed modifying USDJPY
0	19:36:53.491	trend_dtrader GBPUSD,H1: Failed modifying USDJPY
0	19:36:54.491	trend_dtrader GBPUSD,H1: Failed modifying USDJPY
0	19:36:55.490	trend_dtrader GBPUSD,H1: Failed modifying USDJPY
0	19:36:56.490	trend_dtrader GBPUSD,H1: Failed modifying USDJPY
0	19:36:57.491	trend_dtrader GBPUSD,H1: Failed modifying USDJPY
0	19:36:58.491	trend_dtrader GBPUSD,H1: Failed modifying USDJPY
0	19:36:59.491	trend_dtrader GBPUSD,H1: Failed modifying USDJPY
0	19:37:00.491	trend_dtrader GBPUSD,H1: Failed modifying USDJPY
0	19:37:01.491	trend_dtrader GBPUSD,H1: Failed modifying USDJPY
0	19:37:02.490	trend_dtrader GBPUSD,H1: Failed modifying USDJPY
0	19:37:03.491	trend_dtrader GBPUSD,H1: Failed modifying USDJPY
0	19:37:04.491	trend_dtrader GBPUSD,H1: Failed modifying USDJPY
0	19:37:05.492	trend_dtrader GBPUSD,H1: Failed modifying USDJPY
0	19:37:06.491	trend_dtrader GBPUSD,H1: Failed modifying USDJPY
0	19:37:07.490	trend_dtrader GBPUSD,H1: Failed modifying USDJPY
0	19:37:08.491	trend_dtrader GBPUSD,H1: Failed modifying USDJPY
0	19:37:09.491	trend_dtrader GBPUSD,H1: Failed modifying USDJPY
0	19:37:10.492	trend_dtrader GBPUSD,H1: Failed modifying USDJPY
0	19:37:11.491	trend_dtrader GBPUSD,H1: Failed modifying USDJPY
0	19:37:12.491	trend_dtrader GBPUSD,H1: Failed modifying USDJPY
0	19:37:13.491	trend_dtrader GBPUSD,H1: Failed modifying USDJPY
0	19:37:14.492	trend_dtrader GBPUSD,H1: Failed modifying USDJPY
0	19:37:15.491	trend_dtrader GBPUSD,H1: Failed modifying USDJPY
0	19:37:16.491	trend_dtrader GBPUSD,H1: Failed modifying USDJPY
0	19:37:17.491	trend_dtrader GBPUSD,H1: Failed modifying USDJPY
0	19:37:18.491	trend_dtrader GBPUSD,H1: Failed modifying USDJPY
0	19:37:19.491	trend_dtrader GBPUSD,H1: Failed modifying USDJPY
0	19:37:20.492	trend_dtrader GBPUSD,H1: Failed modifying USDJPY
0	19:37:21.491	trend_dtrader GBPUSD,H1: Failed modifying USDJPY
0	19:37:22.492	trend_dtrader GBPUSD,H1: Failed modifying USDJPY
0	19:37:23.491	trend_dtrader GBPUSD,H1: Failed modifying USDJPY
0	19:37:24.491	trend_dtrader GBPUSD,H1: Failed modifying USDJPY
0	19:37:25.491	trend_dtrader GBPUSD,H1: Failed modifying USDJPY
0	19:37:26.491	trend_dtrader GBPUSD,H1: Failed modifying USDJPY
0	19:37:27.492	trend_dtrader GBPUSD,H1: Failed modifying USDJPY
0	19:37:28.492	trend_dtrader GBPUSD,H1: Failed modifying USDJPY
0	19:37:29.491	trend_dtrader GBPUSD,H1: Failed modifying USDJPY
0	19:37:30.367	trend_dtrader GBPUSD,H1: Failed modifying USDJPY
0	19:37:31.368	trend_dtrader GBPUSD,H1: Failed modifying USDJPY
0	19:37:32.368	trend_dtrader GBPUSD,H1: Failed modifying USDJPY
0	19:37:33.368	trend_dtrader GBPUSD,H1: Failed modifying USDJPY
0	19:37:34.368	trend_dtrader GBPUSD,H1: Failed modifying USDJPY
0	19:37:35.367	trend_dtrader GBPUSD,H1: Failed modifying USDJPY
0	19:37:36.367	trend_dtrader GBPUSD,H1: Failed modifying USDJPY
0	19:37:37.368	trend_dtrader GBPUSD,H1: Failed modifying USDJPY
0	19:37:38.368	trend_dtrader GBPUSD,H1: Failed modifying USDJPY
0	19:37:39.367	trend_dtrader GBPUSD,H1: Failed modifying USDJPY
0	19:37:40.368	trend_dtrader GBPUSD,H1: Failed modifying USDJPY
0	19:37:41.368	trend_dtrader GBPUSD,H1: Failed modifying USDJPY
0	19:37:42.368	trend_dtrader GBPUSD,H1: Failed modifying USDJPY
0	19:37:43.368	trend_dtrader GBPUSD,H1: Failed modifying USDJPY
0	19:37:44.368	trend_dtrader GBPUSD,H1: Failed modifying USDJPY
0	19:37:45.373	trend_dtrader GBPUSD,H1: Failed modifying USDJPY
0	19:37:46.368	trend_dtrader GBPUSD,H1: Failed modifying USDJPY
0	19:37:47.368	trend_dtrader GBPUSD,H1: Failed modifying USDJPY
0	19:37:48.368	trend_dtrader GBPUSD,H1: Failed modifying USDJPY
0	19:37:49.368	trend_dtrader GBPUSD,H1: Failed modifying USDJPY
0	19:37:50.368	trend_dtrader GBPUSD,H1: Failed modifying USDJPY
0	19:37:51.368	trend_dtrader GBPUSD,H1: Failed modifying USDJPY
0	19:37:52.369	trend_dtrader GBPUSD,H1: Failed modifying USDJPY
0	19:37:53.368	trend_dtrader GBPUSD,H1: Failed modifying USDJPY
0	19:37:54.368	trend_dtrader GBPUSD,H1: Failed modifying USDJPY
0	19:37:55.368	trend_dtrader GBPUSD,H1: Failed modifying USDJPY
0	19:37:56.368	trend_dtrader GBPUSD,H1: Failed modifying USDJPY
0	19:37:57.368	trend_dtrader GBPUSD,H1: Failed modifying USDJPY
0	19:37:58.369	trend_dtrader GBPUSD,H1: Failed modifying USDJPY
0	19:37:59.368	trend_dtrader GBPUSD,H1: Failed modifying USDJPY
0	19:38:00.367	trend_dtrader GBPUSD,H1: Failed modifying USDJPY
0	19:38:01.368	trend_dtrader GBPUSD,H1: Failed modifying USDJPY
0	19:38:02.369	trend_dtrader GBPUSD,H1: Failed modifying USDJPY
0	19:38:03.368	trend_dtrader GBPUSD,H1: Failed modifying USDJPY
0	19:38:04.368	trend_dtrader GBPUSD,H1: Failed modifying USDJPY
0	19:38:05.368	trend_dtrader GBPUSD,H1: Failed modifying USDJPY
0	19:38:06.369	trend_dtrader GBPUSD,H1: Failed modifying USDJPY
0	19:38:07.368	trend_dtrader GBPUSD,H1: Failed modifying USDJPY
0	19:38:08.368	trend_dtrader GBPUSD,H1: Failed modifying USDJPY
0	19:38:09.368	trend_dtrader GBPUSD,H1: Failed modifying USDJPY
0	19:38:10.368	trend_dtrader GBPUSD,H1: Failed modifying USDJPY
0	19:38:11.368	trend_dtrader GBPUSD,H1: Failed modifying USDJPY
0	19:38:12.368	trend_dtrader GBPUSD,H1: Failed modifying USDJPY
0	19:38:13.368	trend_dtrader GBPUSD,H1: Failed modifying USDJPY
0	19:38:14.369	trend_dtrader GBPUSD,H1: Failed modifying USDJPY
0	19:38:15.368	trend_dtrader GBPUSD,H1: Failed modifying USDJPY
0	19:38:16.369	trend_dtrader GBPUSD,H1: Failed modifying USDJPY
0	19:38:17.368	trend_dtrader GBPUSD,H1: Failed modifying USDJPY
0	19:38:18.368	trend_dtrader GBPUSD,H1: Failed modifying USDJPY
0	19:38:19.368	trend_dtrader GBPUSD,H1: Failed modifying USDJPY
0	19:38:20.368	trend_dtrader GBPUSD,H1: Failed modifying USDJPY
0	19:38:21.368	trend_dtrader GBPUSD,H1: Failed modifying USDJPY
0	19:38:22.368	trend_dtrader GBPUSD,H1: Failed modifying USDJPY
0	19:38:23.368	trend_dtrader GBPUSD,H1: Failed modifying USDJPY
0	19:38:24.368	trend_dtrader GBPUSD,H1: Failed modifying USDJPY
0	19:38:25.368	trend_dtrader GBPUSD,H1: Failed modifying USDJPY
0	19:38:26.368	trend_dtrader GBPUSD,H1: Failed modifying USDJPY
0	19:38:27.368	trend_dtrader GBPUSD,H1: Failed modifying USDJPY
0	19:38:28.368	trend_dtrader GBPUSD,H1: Failed modifying USDJPY
0	19:38:29.368	trend_dtrader GBPUSD,H1: Failed modifying USDJPY
0	19:38:30.376	trend_dtrader GBPUSD,H1: Failed modifying USDJPY
0	19:38:31.368	trend_dtrader GBPUSD,H1: Failed modifying USDJPY
0	19:38:32.368	trend_dtrader GBPUSD,H1: Failed modifying USDJPY
0	19:38:33.368	trend_dtrader GBPUSD,H1: Failed modifying USDJPY
0	19:38:34.368	trend_dtrader GBPUSD,H1: Failed modifying USDJPY
0	19:38:35.368	trend_dtrader GBPUSD,H1: Failed modifying USDJPY
0	19:38:36.368	trend_dtrader GBPUSD,H1: Failed modifying USDJPY
0	19:38:37.368	trend_dtrader GBPUSD,H1: Failed modifying USDJPY
0	19:38:38.368	trend_dtrader GBPUSD,H1: Failed modifying USDJPY
0	19:38:39.368	trend_dtrader GBPUSD,H1: Failed modifying USDJPY
0	19:38:40.368	trend_dtrader GBPUSD,H1: Failed modifying USDJPY
0	19:38:41.368	trend_dtrader GBPUSD,H1: Failed modifying USDJPY
0	19:38:42.368	trend_dtrader GBPUSD,H1: Failed modifying USDJPY
0	19:38:43.368	trend_dtrader GBPUSD,H1: Failed modifying USDJPY
0	19:38:44.368	trend_dtrader GBPUSD,H1: Failed modifying USDJPY
0	19:38:45.393	trend_dtrader GBPUSD,H1: Failed modifying USDJPY
0	19:38:46.368	trend_dtrader GBPUSD,H1: Failed modifying USDJPY
0	19:38:47.368	trend_dtrader GBPUSD,H1: Failed modifying USDJPY
0	19:38:48.368	trend_dtrader GBPUSD,H1: Failed modifying USDJPY
0	19:38:49.368	trend_dtrader GBPUSD,H1: Failed modifying USDJPY
0	19:38:50.381	trend_dtrader GBPUSD,H1: Failed modifying USDJPY
0	19:38:51.368	trend_dtrader GBPUSD,H1: Failed modifying USDJPY
0	19:38:52.368	trend_dtrader GBPUSD,H1: Failed modifying USDJPY
0	19:38:53.368	trend_dtrader GBPUSD,H1: Failed modifying USDJPY
0	19:38:54.368	trend_dtrader GBPUSD,H1: Failed modifying USDJPY
0	19:38:55.368	trend_dtrader GBPUSD,H1: Failed modifying USDJPY
0	19:38:56.368	trend_dtrader GBPUSD,H1: Failed modifying USDJPY
0	19:38:57.368	trend_dtrader GBPUSD,H1: Failed modifying USDJPY
0	19:38:58.368	trend_dtrader GBPUSD,H1: Failed modifying USDJPY
0	19:38:59.368	trend_dtrader GBPUSD,H1: Failed modifying USDJPY
0	19:39:00.368	trend_dtrader GBPUSD,H1: Failed modifying USDJPY
0	19:39:01.368	trend_dtrader GBPUSD,H1: Failed modifying USDJPY
0	19:39:02.368	trend_dtrader GBPUSD,H1: Failed modifying USDJPY
0	19:39:03.370	trend_dtrader GBPUSD,H1: Failed modifying USDJPY
0	19:39:04.368	trend_dtrader GBPUSD,H1: Failed modifying USDJPY
0	19:39:05.369	trend_dtrader GBPUSD,H1: Failed modifying USDJPY
0	19:39:06.368	trend_dtrader GBPUSD,H1: Failed modifying USDJPY
0	19:39:07.368	trend_dtrader GBPUSD,H1: Failed modifying USDJPY
0	19:39:08.368	trend_dtrader GBPUSD,H1: Failed modifying USDJPY
0	19:39:09.368	trend_dtrader GBPUSD,H1: Failed modifying USDJPY
0	19:39:10.368	trend_dtrader GBPUSD,H1: Failed modifying USDJPY
0	19:39:11.368	trend_dtrader GBPUSD,H1: Failed modifying USDJPY
0	19:39:12.369	trend_dtrader GBPUSD,H1: Failed modifying USDJPY
0	19:39:13.368	trend_dtrader GBPUSD,H1: Failed modifying USDJPY
0	19:39:14.368	trend_dtrader GBPUSD,H1: Failed modifying USDJPY
0	19:39:15.368	trend_dtrader GBPUSD,H1: Failed modifying USDJPY
0	19:39:16.368	trend_dtrader GBPUSD,H1: Failed modifying USDJPY
0	19:39:17.368	trend_dtrader GBPUSD,H1: Failed modifying USDJPY
0	19:39:18.369	trend_dtrader GBPUSD,H1: Failed modifying USDJPY
0	19:39:19.368	trend_dtrader GBPUSD,H1: Failed modifying USDJPY
0	19:39:20.368	trend_dtrader GBPUSD,H1: Failed modifying USDJPY
0	19:39:21.369	trend_dtrader GBPUSD,H1: Failed modifying USDJPY
0	19:39:22.369	trend_dtrader GBPUSD,H1: Failed modifying USDJPY
0	19:39:23.368	trend_dtrader GBPUSD,H1: Failed modifying USDJPY
0	19:39:24.368	trend_dtrader GBPUSD,H1: Failed modifying USDJPY
0	19:39:25.368	trend_dtrader GBPUSD,H1: Failed modifying USDJPY
0	19:39:26.368	trend_dtrader GBPUSD,H1: Failed modifying USDJPY
0	19:39:27.368	trend_dtrader GBPUSD,H1: Failed modifying USDJPY
0	19:39:28.369	trend_dtrader GBPUSD,H1: Failed modifying USDJPY
0	19:39:29.368	trend_dtrader GBPUSD,H1: Failed modifying USDJPY
0	19:39:30.368	trend_dtrader GBPUSD,H1: Failed modifying USDJPY
0	19:39:31.404	trend_dtrader GBPUSD,H1: Failed modifying USDJPY
0	19:39:32.369	trend_dtrader GBPUSD,H1: Failed modifying USDJPY
0	19:39:33.368	trend_dtrader GBPUSD,H1: Failed modifying USDJPY
0	19:39:34.369	trend_dtrader GBPUSD,H1: Failed modifying USDJPY
0	19:39:35.369	trend_dtrader GBPUSD,H1: Failed modifying USDJPY
0	19:39:36.369	trend_dtrader GBPUSD,H1: Failed modifying USDJPY
0	19:39:37.373	trend_dtrader GBPUSD,H1: Failed modifying USDJPY
0	19:39:38.368	trend_dtrader GBPUSD,H1: Failed modifying USDJPY
0	19:39:39.369	trend_dtrader GBPUSD,H1: Failed modifying USDJPY
0	19:39:40.368	trend_dtrader GBPUSD,H1: Failed modifying USDJPY
0	19:39:41.369	trend_dtrader GBPUSD,H1: Failed modifying USDJPY
0	19:39:42.369	trend_dtrader GBPUSD,H1: Failed modifying USDJPY
0	19:39:43.368	trend_dtrader GBPUSD,H1: Failed modifying USDJPY
0	19:39:44.369	trend_dtrader GBPUSD,H1: Failed modifying USDJPY
0	19:39:45.368	trend_dtrader GBPUSD,H1: Failed modifying USDJPY
0	19:39:46.369	trend_dtrader GBPUSD,H1: Failed modifying USDJPY
0	19:39:47.368	trend_dtrader GBPUSD,H1: Failed modifying USDJPY
0	19:39:48.368	trend_dtrader GBPUSD,H1: Failed modifying USDJPY
0	19:39:49.369	trend_dtrader GBPUSD,H1: Failed modifying USDJPY
0	19:39:50.369	trend_dtrader GBPUSD,H1: Failed modifying USDJPY
0	19:39:51.368	trend_dtrader GBPUSD,H1: Failed modifying USDJPY
0	19:39:52.368	trend_dtrader GBPUSD,H1: Failed modifying USDJPY
0	19:39:53.368	trend_dtrader GBPUSD,H1: Failed modifying USDJPY
0	19:39:54.368	trend_dtrader GBPUSD,H1: Failed modifying USDJPY
0	19:39:55.369	trend_dtrader GBPUSD,H1: Failed modifying USDJPY
0	19:39:56.368	trend_dtrader GBPUSD,H1: Failed modifying USDJPY
0	19:39:57.368	trend_dtrader GBPUSD,H1: Failed modifying USDJPY
0	19:39:58.369	trend_dtrader GBPUSD,H1: Failed modifying USDJPY
0	19:39:59.369	trend_dtrader GBPUSD,H1: Failed modifying USDJPY
0	19:40:00.368	trend_dtrader GBPUSD,H1: Failed modifying USDJPY
0	19:40:01.369	trend_dtrader GBPUSD,H1: Failed modifying USDJPY
0	19:40:02.368	trend_dtrader GBPUSD,H1: Failed modifying USDJPY
0	19:40:03.368	trend_dtrader GBPUSD,H1: Failed modifying USDJPY
0	19:40:04.368	trend_dtrader GBPUSD,H1: Failed modifying USDJPY
0	19:40:05.368	trend_dtrader GBPUSD,H1: Failed modifying USDJPY
0	19:40:06.373	trend_dtrader GBPUSD,H1: Failed modifying USDJPY
0	19:40:07.368	trend_dtrader GBPUSD,H1: Failed modifying USDJPY
0	19:40:08.368	trend_dtrader GBPUSD,H1: Failed modifying USDJPY
0	19:40:09.370	trend_dtrader GBPUSD,H1: Failed modifying USDJPY
0	19:40:10.368	trend_dtrader GBPUSD,H1: Failed modifying USDJPY
0	19:40:11.369	trend_dtrader GBPUSD,H1: Failed modifying USDJPY
0	19:40:12.369	trend_dtrader GBPUSD,H1: Failed modifying USDJPY
0	19:40:13.369	trend_dtrader GBPUSD,H1: Failed modifying USDJPY
0	19:40:14.368	trend_dtrader GBPUSD,H1: Failed modifying USDJPY
0	19:40:15.368	trend_dtrader GBPUSD,H1: Failed modifying USDJPY
0	19:40:16.368	trend_dtrader GBPUSD,H1: Failed modifying USDJPY
0	19:40:17.368	trend_dtrader GBPUSD,H1: Failed modifying USDJPY
0	19:40:18.368	trend_dtrader GBPUSD,H1: Failed modifying USDJPY
0	19:40:19.368	trend_dtrader GBPUSD,H1: Failed modifying USDJPY
0	19:40:20.382	trend_dtrader GBPUSD,H1: Failed modifying USDJPY
0	19:40:21.368	trend_dtrader GBPUSD,H1: Failed modifying USDJPY
0	19:40:22.368	trend_dtrader GBPUSD,H1: Failed modifying USDJPY
0	19:40:23.368	trend_dtrader GBPUSD,H1: Failed modifying USDJPY
0	19:40:24.377	trend_dtrader GBPUSD,H1: Failed modifying USDJPY
0	19:40:25.368	trend_dtrader GBPUSD,H1: Failed modifying USDJPY
0	19:40:26.369	trend_dtrader GBPUSD,H1: Failed modifying USDJPY
0	19:40:27.368	trend_dtrader GBPUSD,H1: Failed modifying USDJPY
0	19:40:28.368	trend_dtrader GBPUSD,H1: Failed modifying USDJPY
0	19:40:29.368	trend_dtrader GBPUSD,H1: Failed modifying USDJPY
0	19:40:30.368	trend_dtrader GBPUSD,H1: Failed modifying USDJPY
0	19:40:31.369	trend_dtrader GBPUSD,H1: Failed modifying USDJPY
0	19:40:32.368	trend_dtrader GBPUSD,H1: Failed modifying USDJPY
0	19:40:33.369	trend_dtrader GBPUSD,H1: Failed modifying USDJPY
0	19:40:34.368	trend_dtrader GBPUSD,H1: Failed modifying USDJPY
0	19:40:35.368	trend_dtrader GBPUSD,H1: Failed modifying USDJPY
0	19:40:36.368	trend_dtrader GBPUSD,H1: Failed modifying USDJPY
0	19:40:37.369	trend_dtrader GBPUSD,H1: Failed modifying USDJPY
0	19:40:38.397	trend_dtrader GBPUSD,H1: Failed modifying USDJPY
0	19:40:39.368	trend_dtrader GBPUSD,H1: Failed modifying USDJPY
0	19:40:40.369	trend_dtrader GBPUSD,H1: Failed modifying USDJPY
0	19:40:41.368	trend_dtrader GBPUSD,H1: Failed modifying USDJPY
0	19:40:42.368	trend_dtrader GBPUSD,H1: Failed modifying USDJPY
0	19:40:43.369	trend_dtrader GBPUSD,H1: Failed modifying USDJPY
0	19:40:44.376	trend_dtrader GBPUSD,H1: Failed modifying USDJPY
0	19:40:45.369	trend_dtrader GBPUSD,H1: Failed modifying USDJPY
0	19:40:46.368	trend_dtrader GBPUSD,H1: Failed modifying USDJPY
0	19:40:47.374	trend_dtrader GBPUSD,H1: Failed modifying USDJPY
0	19:40:48.372	trend_dtrader GBPUSD,H1: Failed modifying USDJPY
0	19:40:49.368	trend_dtrader GBPUSD,H1: Failed modifying USDJPY
0	19:40:50.368	trend_dtrader GBPUSD,H1: Failed modifying USDJPY
0	19:40:51.369	trend_dtrader GBPUSD,H1: Failed modifying USDJPY
0	19:40:52.406	trend_dtrader GBPUSD,H1: Failed modifying USDJPY
0	19:40:53.368	trend_dtrader GBPUSD,H1: Failed modifying USDJPY
0	19:40:54.368	trend_dtrader GBPUSD,H1: Failed modifying USDJPY
0	19:40:55.368	trend_dtrader GBPUSD,H1: Failed modifying USDJPY
0	19:40:56.368	trend_dtrader GBPUSD,H1: Failed modifying USDJPY
0	19:40:57.368	trend_dtrader GBPUSD,H1: Failed modifying USDJPY
0	19:40:58.390	trend_dtrader GBPUSD,H1: Failed modifying USDJPY
0	19:40:59.368	trend_dtrader GBPUSD,H1: Failed modifying USDJPY
0	19:41:00.368	trend_dtrader GBPUSD,H1: Failed modifying USDJPY
0	19:41:01.369	trend_dtrader GBPUSD,H1: Failed modifying USDJPY
0	19:41:02.379	trend_dtrader GBPUSD,H1: Failed modifying USDJPY
0	19:41:03.395	trend_dtrader GBPUSD,H1: Failed modifying USDJPY
0	19:41:04.369	trend_dtrader GBPUSD,H1: Failed modifying USDJPY
0	19:41:05.369	trend_dtrader GBPUSD,H1: Failed modifying USDJPY
0	19:41:06.368	trend_dtrader GBPUSD,H1: Failed modifying USDJPY
0	19:41:07.369	trend_dtrader GBPUSD,H1: Failed modifying USDJPY
0	19:41:08.368	trend_dtrader GBPUSD,H1: Failed modifying USDJPY
0	19:41:09.368	trend_dtrader GBPUSD,H1: Failed modifying USDJPY
0	19:41:10.369	trend_dtrader GBPUSD,H1: Failed modifying USDJPY
0	19:41:11.368	trend_dtrader GBPUSD,H1: Failed modifying USDJPY
0	19:41:12.371	trend_dtrader GBPUSD,H1: Failed modifying USDJPY
0	19:41:13.368	trend_dtrader GBPUSD,H1: Failed modifying USDJPY
0	19:41:14.379	trend_dtrader GBPUSD,H1: Failed modifying USDJPY
0	19:41:15.380	trend_dtrader GBPUSD,H1: Failed modifying USDJPY
0	19:41:16.368	trend_dtrader GBPUSD,H1: Failed modifying USDJPY
0	19:41:17.380	trend_dtrader GBPUSD,H1: Failed modifying USDJPY
0	19:41:18.368	trend_dtrader GBPUSD,H1: Failed modifying USDJPY
0	19:41:19.368	trend_dtrader GBPUSD,H1: Failed modifying USDJPY
0	19:41:20.368	trend_dtrader GBPUSD,H1: Failed modifying USDJPY
0	19:41:21.388	trend_dtrader GBPUSD,H1: Failed modifying USDJPY
0	19:41:22.368	trend_dtrader GBPUSD,H1: Failed modifying USDJPY
0	19:41:23.369	trend_dtrader GBPUSD,H1: Failed modifying USDJPY
0	19:41:24.368	trend_dtrader GBPUSD,H1: Failed modifying USDJPY
0	19:41:25.369	trend_dtrader GBPUSD,H1: Failed modifying USDJPY
0	19:41:26.369	trend_dtrader GBPUSD,H1: Failed modifying USDJPY
0	19:41:27.368	trend_dtrader GBPUSD,H1: Failed modifying USDJPY
0	19:41:28.401	trend_dtrader GBPUSD,H1: Failed modifying USDJPY
0	19:41:29.369	trend_dtrader GBPUSD,H1: Failed modifying USDJPY
0	19:41:30.369	trend_dtrader GBPUSD,H1: Failed modifying USDJPY
0	19:41:31.369	trend_dtrader GBPUSD,H1: Failed modifying USDJPY
0	19:41:32.369	trend_dtrader GBPUSD,H1: Failed modifying USDJPY
0	19:41:33.368	trend_dtrader GBPUSD,H1: Failed modifying USDJPY
0	19:41:34.368	trend_dtrader GBPUSD,H1: Failed modifying USDJPY
0	19:41:35.396	trend_dtrader GBPUSD,H1: Failed modifying USDJPY
0	19:41:36.368	trend_dtrader GBPUSD,H1: Failed modifying USDJPY
0	19:41:37.369	trend_dtrader GBPUSD,H1: Failed modifying USDJPY
0	19:41:38.369	trend_dtrader GBPUSD,H1: Failed modifying USDJPY
0	19:41:39.368	trend_dtrader GBPUSD,H1: Failed modifying USDJPY
0	19:41:40.369	trend_dtrader GBPUSD,H1: Failed modifying USDJPY
0	19:41:41.369	trend_dtrader GBPUSD,H1: Failed modifying USDJPY
0	19:41:42.369	trend_dtrader GBPUSD,H1: Failed modifying USDJPY
0	19:41:43.369	trend_dtrader GBPUSD,H1: Failed modifying USDJPY
0	19:41:44.369	trend_dtrader GBPUSD,H1: Failed modifying USDJPY
0	19:41:45.368	trend_dtrader GBPUSD,H1: Failed modifying USDJPY
0	19:41:46.369	trend_dtrader GBPUSD,H1: Failed modifying USDJPY
0	19:41:47.369	trend_dtrader GBPUSD,H1: Failed modifying USDJPY
0	19:41:48.394	trend_dtrader GBPUSD,H1: Failed modifying USDJPY
0	19:41:49.403	trend_dtrader GBPUSD,H1: Failed modifying USDJPY
0	19:41:50.369	trend_dtrader GBPUSD,H1: Failed modifying USDJPY
0	19:41:51.368	trend_dtrader GBPUSD,H1: Failed modifying USDJPY
0	19:41:52.373	trend_dtrader GBPUSD,H1: Failed modifying USDJPY
0	19:41:53.369	trend_dtrader GBPUSD,H1: Failed modifying USDJPY
0	19:41:54.368	trend_dtrader GBPUSD,H1: Failed modifying USDJPY
0	19:41:55.368	trend_dtrader GBPUSD,H1: Failed modifying USDJPY
0	19:41:56.368	trend_dtrader GBPUSD,H1: Failed modifying USDJPY
0	19:41:57.368	trend_dtrader GBPUSD,H1: Failed modifying USDJPY
0	19:41:58.369	trend_dtrader GBPUSD,H1: Failed modifying USDJPY
0	19:41:59.369	trend_dtrader GBPUSD,H1: Failed modifying USDJPY
0	19:42:00.369	trend_dtrader GBPUSD,H1: Failed modifying USDJPY
0	19:42:01.369	trend_dtrader GBPUSD,H1: Failed modifying USDJPY
0	19:42:02.369	trend_dtrader GBPUSD,H1: Failed modifying USDJPY
0	19:42:03.369	trend_dtrader GBPUSD,H1: Failed modifying USDJPY
0	19:42:04.369	trend_dtrader GBPUSD,H1: Failed modifying USDJPY
0	19:42:05.368	trend_dtrader GBPUSD,H1: Failed modifying USDJPY
0	19:42:06.369	trend_dtrader GBPUSD,H1: Failed modifying USDJPY
0	19:42:07.369	trend_dtrader GBPUSD,H1: Failed modifying USDJPY
0	19:42:08.369	trend_dtrader GBPUSD,H1: Failed modifying USDJPY
0	19:42:09.383	trend_dtrader GBPUSD,H1: Failed modifying USDJPY
0	19:42:10.369	trend_dtrader GBPUSD,H1: Failed modifying USDJPY
0	19:42:11.369	trend_dtrader GBPUSD,H1: Failed modifying USDJPY
0	19:42:12.368	trend_dtrader GBPUSD,H1: Failed modifying USDJPY
0	19:42:13.369	trend_dtrader GBPUSD,H1: Failed modifying USDJPY
0	19:42:14.369	trend_dtrader GBPUSD,H1: Failed modifying USDJPY
0	19:42:15.369	trend_dtrader GBPUSD,H1: Failed modifying USDJPY
0	19:42:16.410	trend_dtrader GBPUSD,H1: Failed modifying USDJPY
0	19:42:17.369	trend_dtrader GBPUSD,H1: Failed modifying USDJPY
0	19:42:18.368	trend_dtrader GBPUSD,H1: Failed modifying USDJPY
0	19:42:19.369	trend_dtrader GBPUSD,H1: Failed modifying USDJPY
0	19:42:20.369	trend_dtrader GBPUSD,H1: Failed modifying USDJPY
0	19:42:21.369	trend_dtrader GBPUSD,H1: Failed modifying USDJPY
0	19:42:22.369	trend_dtrader GBPUSD,H1: Failed modifying USDJPY
0	19:42:23.368	trend_dtrader GBPUSD,H1: Failed modifying USDJPY
0	19:42:24.369	trend_dtrader GBPUSD,H1: Failed modifying USDJPY
0	19:42:25.369	trend_dtrader GBPUSD,H1: Failed modifying USDJPY
0	19:42:26.369	trend_dtrader GBPUSD,H1: Failed modifying USDJPY
0	19:42:27.368	trend_dtrader GBPUSD,H1: Failed modifying USDJPY
0	19:42:28.369	trend_dtrader GBPUSD,H1: Failed modifying USDJPY
0	19:42:29.369	trend_dtrader GBPUSD,H1: Failed modifying USDJPY
0	19:42:30.368	trend_dtrader GBPUSD,H1: Failed modifying USDJPY
0	19:42:31.369	trend_dtrader GBPUSD,H1: Failed modifying USDJPY
0	19:42:32.368	trend_dtrader GBPUSD,H1: Failed modifying USDJPY
0	19:42:33.369	trend_dtrader GBPUSD,H1: Failed modifying USDJPY
0	19:42:34.369	trend_dtrader GBPUSD,H1: Failed modifying USDJPY
0	19:42:35.368	trend_dtrader GBPUSD,H1: Failed modifying USDJPY
0	19:42:36.369	trend_dtrader GBPUSD,H1: Failed modifying USDJPY
0	19:42:37.369	trend_dtrader GBPUSD,H1: Failed modifying USDJPY
0	19:42:38.370	trend_dtrader GBPUSD,H1: Failed modifying USDJPY
0	19:42:39.369	trend_dtrader GBPUSD,H1: Failed modifying USDJPY
0	19:42:40.369	trend_dtrader GBPUSD,H1: Failed modifying USDJPY
0	19:42:41.370	trend_dtrader GBPUSD,H1: Failed modifying USDJPY
0	19:42:42.369	trend_dtrader GBPUSD,H1: Failed modifying USDJPY
0	19:42:43.400	trend_dtrader GBPUSD,H1: Failed modifying USDJPY
0	19:42:44.370	trend_dtrader GBPUSD,H1: Failed modifying USDJPY
0	19:42:45.369	trend_dtrader GBPUSD,H1: Failed modifying USDJPY
0	19:42:46.385	trend_dtrader GBPUSD,H1: Failed modifying USDJPY
0	19:42:47.369	trend_dtrader GBPUSD,H1: Failed modifying USDJPY
0	19:42:48.369	trend_dtrader GBPUSD,H1: Failed modifying USDJPY
0	19:42:49.369	trend_dtrader GBPUSD,H1: Failed modifying USDJPY
0	19:42:50.369	trend_dtrader GBPUSD,H1: Failed modifying USDJPY
0	19:42:51.368	trend_dtrader GBPUSD,H1: Failed modifying USDJPY
0	19:42:52.400	trend_dtrader GBPUSD,H1: Failed modifying USDJPY
0	19:42:53.369	trend_dtrader GBPUSD,H1: Failed modifying USDJPY
0	19:42:54.369	trend_dtrader GBPUSD,H1: Failed modifying USDJPY
0	19:42:55.369	trend_dtrader GBPUSD,H1: Failed modifying USDJPY
0	19:42:56.369	trend_dtrader GBPUSD,H1: Failed modifying USDJPY
0	19:42:57.369	trend_dtrader GBPUSD,H1: Failed modifying USDJPY
0	19:42:58.369	trend_dtrader GBPUSD,H1: Failed modifying USDJPY
0	19:42:59.369	trend_dtrader GBPUSD,H1: Failed modifying USDJPY
0	19:43:00.369	trend_dtrader GBPUSD,H1: Failed modifying USDJPY
0	19:43:01.369	trend_dtrader GBPUSD,H1: Failed modifying USDJPY
0	19:43:02.368	trend_dtrader GBPUSD,H1: Failed modifying USDJPY
0	19:43:03.369	trend_dtrader GBPUSD,H1: Failed modifying USDJPY
0	19:43:04.369	trend_dtrader GBPUSD,H1: Failed modifying USDJPY
0	19:43:05.369	trend_dtrader GBPUSD,H1: Failed modifying USDJPY
0	19:43:06.369	trend_dtrader GBPUSD,H1: Failed modifying USDJPY
0	19:43:07.369	trend_dtrader GBPUSD,H1: Failed modifying USDJPY
0	19:43:08.369	trend_dtrader GBPUSD,H1: Failed modifying USDJPY
0	19:43:09.369	trend_dtrader GBPUSD,H1: Failed modifying USDJPY
0	19:43:10.369	trend_dtrader GBPUSD,H1: Failed modifying USDJPY
0	19:43:11.369	trend_dtrader GBPUSD,H1: Failed modifying USDJPY
0	19:43:12.368	trend_dtrader GBPUSD,H1: Failed modifying USDJPY
0	19:43:13.370	trend_dtrader GBPUSD,H1: Failed modifying USDJPY
0	19:43:14.369	trend_dtrader GBPUSD,H1: Failed modifying USDJPY
0	19:43:15.369	trend_dtrader GBPUSD,H1: Failed modifying USDJPY
0	19:43:16.370	trend_dtrader GBPUSD,H1: Failed modifying USDJPY
0	19:43:17.369	trend_dtrader GBPUSD,H1: Failed modifying USDJPY
0	19:43:18.369	trend_dtrader GBPUSD,H1: Failed modifying USDJPY
0	19:43:19.369	trend_dtrader GBPUSD,H1: Failed modifying USDJPY
0	19:43:20.369	trend_dtrader GBPUSD,H1: Failed modifying USDJPY
0	19:43:21.369	trend_dtrader GBPUSD,H1: Failed modifying USDJPY
0	19:43:22.369	trend_dtrader GBPUSD,H1: Failed modifying USDJPY
0	19:43:23.369	trend_dtrader GBPUSD,H1: Failed modifying USDJPY
0	19:43:24.369	trend_dtrader GBPUSD,H1: Failed modifying USDJPY
0	19:43:25.369	trend_dtrader GBPUSD,H1: Failed modifying USDJPY
0	19:43:26.370	trend_dtrader GBPUSD,H1: Failed modifying USDJPY
0	19:43:27.369	trend_dtrader GBPUSD,H1: Failed modifying USDJPY
0	19:43:28.369	trend_dtrader GBPUSD,H1: Failed modifying USDJPY
0	19:43:29.369	trend_dtrader GBPUSD,H1: Failed modifying USDJPY
0	19:43:30.369	trend_dtrader GBPUSD,H1: Failed modifying USDJPY
0	19:43:31.369	trend_dtrader GBPUSD,H1: Failed modifying USDJPY
0	19:43:32.369	trend_dtrader GBPUSD,H1: Failed modifying USDJPY
0	19:43:33.370	trend_dtrader GBPUSD,H1: Failed modifying USDJPY
0	19:43:34.369	trend_dtrader GBPUSD,H1: Failed modifying USDJPY
0	19:43:35.369	trend_dtrader GBPUSD,H1: Failed modifying USDJPY
0	19:43:36.370	trend_dtrader GBPUSD,H1: Failed modifying USDJPY
0	19:43:37.369	trend_dtrader GBPUSD,H1: Failed modifying USDJPY
0	19:43:38.369	trend_dtrader GBPUSD,H1: Failed modifying USDJPY
0	19:43:39.369	trend_dtrader GBPUSD,H1: Failed modifying USDJPY
0	19:43:40.369	trend_dtrader GBPUSD,H1: Failed modifying USDJPY
0	19:43:41.370	trend_dtrader GBPUSD,H1: Failed modifying USDJPY
0	19:43:42.369	trend_dtrader GBPUSD,H1: Failed modifying USDJPY
0	19:43:43.369	trend_dtrader GBPUSD,H1: Failed modifying USDJPY
0	19:43:44.370	trend_dtrader GBPUSD,H1: Failed modifying USDJPY
0	19:43:45.369	trend_dtrader GBPUSD,H1: Failed modifying USDJPY
0	19:43:46.369	trend_dtrader GBPUSD,H1: Failed modifying USDJPY
0	19:43:47.369	trend_dtrader GBPUSD,H1: Failed modifying USDJPY
0	19:43:48.369	trend_dtrader GBPUSD,H1: Failed modifying USDJPY
0	19:43:49.418	trend_dtrader GBPUSD,H1: Failed modifying USDJPY
0	19:43:50.369	trend_dtrader GBPUSD,H1: Failed modifying USDJPY
0	19:43:51.369	trend_dtrader GBPUSD,H1: Failed modifying USDJPY
0	19:43:52.370	trend_dtrader GBPUSD,H1: Failed modifying USDJPY
0	19:43:53.369	trend_dtrader GBPUSD,H1: Failed modifying USDJPY
0	19:43:54.369	trend_dtrader GBPUSD,H1: Failed modifying USDJPY
0	19:43:55.369	trend_dtrader GBPUSD,H1: Failed modifying USDJPY
0	19:43:56.369	trend_dtrader GBPUSD,H1: Failed modifying USDJPY
0	19:43:57.369	trend_dtrader GBPUSD,H1: Failed modifying USDJPY
0	19:43:58.370	trend_dtrader GBPUSD,H1: Failed modifying USDJPY
0	19:43:59.369	trend_dtrader GBPUSD,H1: Failed modifying USDJPY
0	19:44:00.369	trend_dtrader GBPUSD,H1: Failed modifying USDJPY
0	19:44:01.369	trend_dtrader GBPUSD,H1: Failed modifying USDJPY
0	19:44:02.380	trend_dtrader GBPUSD,H1: Failed modifying USDJPY
0	19:44:03.369	trend_dtrader GBPUSD,H1: Failed modifying USDJPY
0	19:44:04.369	trend_dtrader GBPUSD,H1: Failed modifying USDJPY
0	19:44:05.369	trend_dtrader GBPUSD,H1: Failed modifying USDJPY
0	19:44:06.423	trend_dtrader GBPUSD,H1: Failed modifying USDJPY
0	19:44:07.403	trend_dtrader GBPUSD,H1: Failed modifying USDJPY
0	19:44:08.370	trend_dtrader GBPUSD,H1: Failed modifying USDJPY
0	19:44:09.369	trend_dtrader GBPUSD,H1: Failed modifying USDJPY
0	19:44:10.386	trend_dtrader GBPUSD,H1: Failed modifying USDJPY
0	19:44:11.369	trend_dtrader GBPUSD,H1: Failed modifying USDJPY
0	19:44:12.369	trend_dtrader GBPUSD,H1: Failed modifying USDJPY
0	19:44:13.369	trend_dtrader GBPUSD,H1: Failed modifying USDJPY
0	19:44:14.415	trend_dtrader GBPUSD,H1: Failed modifying USDJPY
0	19:44:15.369	trend_dtrader GBPUSD,H1: Failed modifying USDJPY
0	19:44:16.369	trend_dtrader GBPUSD,H1: Failed modifying USDJPY
0	19:44:17.412	trend_dtrader GBPUSD,H1: Failed modifying USDJPY
0	19:44:18.369	trend_dtrader GBPUSD,H1: Failed modifying USDJPY
0	19:44:19.375	trend_dtrader GBPUSD,H1: Failed modifying USDJPY
0	19:44:20.370	trend_dtrader GBPUSD,H1: Failed modifying USDJPY
0	19:44:21.369	trend_dtrader GBPUSD,H1: Failed modifying USDJPY
0	19:44:22.369	trend_dtrader GBPUSD,H1: Failed modifying USDJPY
0	19:44:23.370	trend_dtrader GBPUSD,H1: Failed modifying USDJPY
0	19:44:24.370	trend_dtrader GBPUSD,H1: Failed modifying USDJPY
0	19:44:25.369	trend_dtrader GBPUSD,H1: Failed modifying USDJPY
0	19:44:26.369	trend_dtrader GBPUSD,H1: Failed modifying USDJPY
0	19:44:27.369	trend_dtrader GBPUSD,H1: Failed modifying USDJPY
0	19:44:28.388	trend_dtrader GBPUSD,H1: Failed modifying USDJPY
0	19:44:29.369	trend_dtrader GBPUSD,H1: Failed modifying USDJPY
0	19:44:30.369	trend_dtrader GBPUSD,H1: Failed modifying USDJPY
0	19:44:31.370	trend_dtrader GBPUSD,H1: Failed modifying USDJPY
0	19:44:32.369	trend_dtrader GBPUSD,H1: Failed modifying USDJPY
0	19:44:33.370	trend_dtrader GBPUSD,H1: Failed modifying USDJPY
0	19:44:34.369	trend_dtrader GBPUSD,H1: Failed modifying USDJPY
0	19:44:35.390	trend_dtrader GBPUSD,H1: Failed modifying USDJPY
0	19:44:36.369	trend_dtrader GBPUSD,H1: Failed modifying USDJPY
0	19:44:37.370	trend_dtrader GBPUSD,H1: Failed modifying USDJPY
0	19:44:38.369	trend_dtrader GBPUSD,H1: Failed modifying USDJPY
0	19:44:39.402	trend_dtrader GBPUSD,H1: Failed modifying USDJPY
0	19:44:40.369	trend_dtrader GBPUSD,H1: Failed modifying USDJPY
0	19:44:41.369	trend_dtrader GBPUSD,H1: Failed modifying USDJPY
0	19:44:42.400	trend_dtrader GBPUSD,H1: Failed modifying USDJPY
0	19:44:43.369	trend_dtrader GBPUSD,H1: Failed modifying USDJPY
0	19:44:44.369	trend_dtrader GBPUSD,H1: Failed modifying USDJPY
0	19:44:45.370	trend_dtrader GBPUSD,H1: Failed modifying USDJPY
0	19:44:46.369	trend_dtrader GBPUSD,H1: Failed modifying USDJPY
0	19:44:47.369	trend_dtrader GBPUSD,H1: Failed modifying USDJPY
0	19:44:48.369	trend_dtrader GBPUSD,H1: Failed modifying USDJPY
0	19:44:49.369	trend_dtrader GBPUSD,H1: Failed modifying USDJPY
0	19:44:50.370	trend_dtrader GBPUSD,H1: Failed modifying USDJPY
0	19:44:51.369	trend_dtrader GBPUSD,H1: Failed modifying USDJPY
0	19:44:52.369	trend_dtrader GBPUSD,H1: Failed modifying USDJPY
0	19:44:53.369	trend_dtrader GBPUSD,H1: Failed modifying USDJPY
0	19:44:54.370	trend_dtrader GBPUSD,H1: Failed modifying USDJPY
0	19:44:55.369	trend_dtrader GBPUSD,H1: Failed modifying USDJPY
0	19:44:56.371	trend_dtrader GBPUSD,H1: Failed modifying USDJPY
0	19:44:57.370	trend_dtrader GBPUSD,H1: Failed modifying USDJPY
0	19:44:58.370	trend_dtrader GBPUSD,H1: Failed modifying USDJPY
0	19:44:59.369	trend_dtrader GBPUSD,H1: Failed modifying USDJPY
0	19:45:00.370	trend_dtrader GBPUSD,H1: Failed modifying USDJPY
0	19:45:01.369	trend_dtrader GBPUSD,H1: Failed modifying USDJPY
0	19:45:02.369	trend_dtrader GBPUSD,H1: Failed modifying USDJPY
0	19:45:03.370	trend_dtrader GBPUSD,H1: Failed modifying USDJPY
0	19:45:04.369	trend_dtrader GBPUSD,H1: Failed modifying USDJPY
0	19:45:05.369	trend_dtrader GBPUSD,H1: Failed modifying USDJPY
0	19:45:06.369	trend_dtrader GBPUSD,H1: Failed modifying USDJPY
0	19:45:07.370	trend_dtrader GBPUSD,H1: Failed modifying USDJPY
0	19:45:08.370	trend_dtrader GBPUSD,H1: Failed modifying USDJPY
0	19:45:09.388	trend_dtrader GBPUSD,H1: Failed modifying USDJPY
0	19:45:10.369	trend_dtrader GBPUSD,H1: Failed modifying USDJPY
0	19:45:11.369	trend_dtrader GBPUSD,H1: Failed modifying USDJPY
0	19:45:12.369	trend_dtrader GBPUSD,H1: Failed modifying USDJPY
0	19:45:13.370	trend_dtrader GBPUSD,H1: Failed modifying USDJPY
0	19:45:14.370	trend_dtrader GBPUSD,H1: Failed modifying USDJPY
0	19:45:15.369	trend_dtrader GBPUSD,H1: Failed modifying USDJPY
0	19:45:16.370	trend_dtrader GBPUSD,H1: Failed modifying USDJPY
0	19:45:17.370	trend_dtrader GBPUSD,H1: Failed modifying USDJPY
0	19:45:18.370	trend_dtrader GBPUSD,H1: Failed modifying USDJPY
0	19:45:19.370	trend_dtrader GBPUSD,H1: Failed modifying USDJPY
0	19:45:20.370	trend_dtrader GBPUSD,H1: Failed modifying USDJPY
0	19:45:21.370	trend_dtrader GBPUSD,H1: Failed modifying USDJPY
0	19:45:22.370	trend_dtrader GBPUSD,H1: Failed modifying USDJPY
0	19:45:23.369	trend_dtrader GBPUSD,H1: Failed modifying USDJPY
0	19:45:24.369	trend_dtrader GBPUSD,H1: Failed modifying USDJPY
0	19:45:25.370	trend_dtrader GBPUSD,H1: Failed modifying USDJPY
0	19:45:26.372	trend_dtrader GBPUSD,H1: Failed modifying USDJPY
0	19:45:27.369	trend_dtrader GBPUSD,H1: Failed modifying USDJPY
0	19:45:28.386	trend_dtrader GBPUSD,H1: Failed modifying USDJPY
0	19:45:29.369	trend_dtrader GBPUSD,H1: Failed modifying USDJPY
0	19:45:30.369	trend_dtrader GBPUSD,H1: Failed modifying USDJPY
0	19:45:31.370	trend_dtrader GBPUSD,H1: Failed modifying USDJPY
0	19:45:32.379	trend_dtrader GBPUSD,H1: Failed modifying USDJPY
0	19:45:33.370	trend_dtrader GBPUSD,H1: Failed modifying USDJPY
0	19:45:34.370	trend_dtrader GBPUSD,H1: Failed modifying USDJPY
0	19:45:35.369	trend_dtrader GBPUSD,H1: Failed modifying USDJPY
0	19:45:36.370	trend_dtrader GBPUSD,H1: Failed modifying USDJPY
0	19:45:37.370	trend_dtrader GBPUSD,H1: Failed modifying USDJPY
0	19:45:38.369	trend_dtrader GBPUSD,H1: Failed modifying USDJPY
0	19:45:39.369	trend_dtrader GBPUSD,H1: Failed modifying USDJPY
0	19:45:40.371	trend_dtrader GBPUSD,H1: Failed modifying USDJPY
0	19:45:41.369	trend_dtrader GBPUSD,H1: Failed modifying USDJPY
0	19:45:42.370	trend_dtrader GBPUSD,H1: Failed modifying USDJPY
0	19:45:43.370	trend_dtrader GBPUSD,H1: Failed modifying USDJPY
0	19:45:44.371	trend_dtrader GBPUSD,H1: Failed modifying USDJPY
0	19:45:45.370	trend_dtrader GBPUSD,H1: Failed modifying USDJPY
0	19:45:46.370	trend_dtrader GBPUSD,H1: Failed modifying USDJPY
0	19:45:47.369	trend_dtrader GBPUSD,H1: Failed modifying USDJPY
0	19:45:48.370	trend_dtrader GBPUSD,H1: Failed modifying USDJPY
0	19:45:49.407	trend_dtrader GBPUSD,H1: Failed modifying USDJPY
0	19:45:50.369	trend_dtrader GBPUSD,H1: Failed modifying USDJPY
0	19:45:51.370	trend_dtrader GBPUSD,H1: Failed modifying USDJPY
0	19:45:52.370	trend_dtrader GBPUSD,H1: Failed modifying USDJPY
0	19:45:53.370	trend_dtrader GBPUSD,H1: Failed modifying USDJPY
0	19:45:54.369	trend_dtrader GBPUSD,H1: Failed modifying USDJPY
0	19:45:55.369	trend_dtrader GBPUSD,H1: Failed modifying USDJPY
0	19:45:56.370	trend_dtrader GBPUSD,H1: Failed modifying USDJPY
0	19:45:57.369	trend_dtrader GBPUSD,H1: Failed modifying USDJPY
0	19:45:58.369	trend_dtrader GBPUSD,H1: Failed modifying USDJPY
0	19:45:59.370	trend_dtrader GBPUSD,H1: Failed modifying USDJPY
0	19:46:00.387	trend_dtrader GBPUSD,H1: Failed modifying USDJPY
0	19:46:01.369	trend_dtrader GBPUSD,H1: Failed modifying USDJPY
0	19:46:02.369	trend_dtrader GBPUSD,H1: Failed modifying USDJPY
0	19:46:03.369	trend_dtrader GBPUSD,H1: Failed modifying USDJPY
0	19:46:04.369	trend_dtrader GBPUSD,H1: Failed modifying USDJPY
0	19:46:05.404	trend_dtrader GBPUSD,H1: Failed modifying USDJPY
0	19:46:06.369	trend_dtrader GBPUSD,H1: Failed modifying USDJPY
0	19:46:07.369	trend_dtrader GBPUSD,H1: Failed modifying USDJPY
0	19:46:08.369	trend_dtrader GBPUSD,H1: Failed modifying USDJPY
0	19:46:09.370	trend_dtrader GBPUSD,H1: Failed modifying USDJPY
0	19:46:10.370	trend_dtrader GBPUSD,H1: Failed modifying USDJPY
0	19:46:11.371	trend_dtrader GBPUSD,H1: Failed modifying USDJPY
0	19:46:12.369	trend_dtrader GBPUSD,H1: Failed modifying USDJPY
0	19:46:13.369	trend_dtrader GBPUSD,H1: Failed modifying USDJPY
0	19:46:14.369	trend_dtrader GBPUSD,H1: Failed modifying USDJPY
0	19:46:15.369	trend_dtrader GBPUSD,H1: Failed modifying USDJPY
0	19:46:16.369	trend_dtrader GBPUSD,H1: Failed modifying USDJPY
0	19:46:17.370	trend_dtrader GBPUSD,H1: Failed modifying USDJPY
0	19:46:18.370	trend_dtrader GBPUSD,H1: Failed modifying USDJPY
0	19:46:19.369	trend_dtrader GBPUSD,H1: Failed modifying USDJPY
0	19:46:20.370	trend_dtrader GBPUSD,H1: Failed modifying USDJPY
0	19:46:21.370	trend_dtrader GBPUSD,H1: Failed modifying USDJPY
0	19:46:22.369	trend_dtrader GBPUSD,H1: Failed modifying USDJPY
0	19:46:23.370	trend_dtrader GBPUSD,H1: Failed modifying USDJPY
0	19:46:24.371	trend_dtrader GBPUSD,H1: Failed modifying USDJPY
0	19:46:25.369	trend_dtrader GBPUSD,H1: Failed modifying USDJPY
0	19:46:26.370	trend_dtrader GBPUSD,H1: Failed modifying USDJPY
0	19:46:27.370	trend_dtrader GBPUSD,H1: Failed modifying USDJPY
0	19:46:28.369	trend_dtrader GBPUSD,H1: Failed modifying USDJPY
0	19:46:29.371	trend_dtrader GBPUSD,H1: Failed modifying USDJPY
0	19:46:30.370	trend_dtrader GBPUSD,H1: Failed modifying USDJPY
0	19:46:31.369	trend_dtrader GBPUSD,H1: Failed modifying USDJPY
0	19:46:32.378	trend_dtrader GBPUSD,H1: Failed modifying USDJPY
0	19:46:33.370	trend_dtrader GBPUSD,H1: Failed modifying USDJPY
0	19:46:34.370	trend_dtrader GBPUSD,H1: Failed modifying USDJPY
0	19:46:35.373	trend_dtrader GBPUSD,H1: Failed modifying USDJPY
0	19:46:36.370	trend_dtrader GBPUSD,H1: Failed modifying USDJPY
0	19:46:37.370	trend_dtrader GBPUSD,H1: Failed modifying USDJPY
0	19:46:38.370	trend_dtrader GBPUSD,H1: Failed modifying USDJPY
0	19:46:39.369	trend_dtrader GBPUSD,H1: Failed modifying USDJPY
0	19:46:40.369	trend_dtrader GBPUSD,H1: Failed modifying USDJPY
0	19:46:41.370	trend_dtrader GBPUSD,H1: Failed modifying USDJPY
0	19:46:42.369	trend_dtrader GBPUSD,H1: Failed modifying USDJPY
0	19:46:43.371	trend_dtrader GBPUSD,H1: Failed modifying USDJPY
0	19:46:44.370	trend_dtrader GBPUSD,H1: Failed modifying USDJPY
0	19:46:45.370	trend_dtrader GBPUSD,H1: Failed modifying USDJPY
0	19:46:46.370	trend_dtrader GBPUSD,H1: Failed modifying USDJPY
0	19:46:47.369	trend_dtrader GBPUSD,H1: Failed modifying USDJPY
0	19:46:48.370	trend_dtrader GBPUSD,H1: Failed modifying USDJPY
0	19:46:49.370	trend_dtrader GBPUSD,H1: Failed modifying USDJPY
0	19:46:50.370	trend_dtrader GBPUSD,H1: Failed modifying USDJPY
0	19:46:51.370	trend_dtrader GBPUSD,H1: Failed modifying USDJPY
0	19:46:52.370	trend_dtrader GBPUSD,H1: Failed modifying USDJPY
0	19:46:53.371	trend_dtrader GBPUSD,H1: Failed modifying USDJPY
0	19:46:54.370	trend_dtrader GBPUSD,H1: Failed modifying USDJPY
0	19:46:55.378	trend_dtrader GBPUSD,H1: Failed modifying USDJPY
0	19:46:56.369	trend_dtrader GBPUSD,H1: Failed modifying USDJPY
0	19:46:57.380	trend_dtrader GBPUSD,H1: Failed modifying USDJPY
0	19:46:58.370	trend_dtrader GBPUSD,H1: Failed modifying USDJPY
0	19:46:59.370	trend_dtrader GBPUSD,H1: Failed modifying USDJPY
0	19:47:00.386	trend_dtrader GBPUSD,H1: Failed modifying USDJPY
0	19:47:01.369	trend_dtrader GBPUSD,H1: Failed modifying USDJPY
0	19:47:02.370	trend_dtrader GBPUSD,H1: Failed modifying USDJPY
0	19:47:03.372	trend_dtrader GBPUSD,H1: Failed modifying USDJPY
0	19:47:04.370	trend_dtrader GBPUSD,H1: Failed modifying USDJPY
0	19:47:05.370	trend_dtrader GBPUSD,H1: Failed modifying USDJPY
0	19:47:06.370	trend_dtrader GBPUSD,H1: Failed modifying USDJPY
0	19:47:07.369	trend_dtrader GBPUSD,H1: Failed modifying USDJPY
0	19:47:08.370	trend_dtrader GBPUSD,H1: Failed modifying USDJPY
0	19:47:09.369	trend_dtrader GBPUSD,H1: Failed modifying USDJPY
0	19:47:10.369	trend_dtrader GBPUSD,H1: Failed modifying USDJPY
0	19:47:11.376	trend_dtrader GBPUSD,H1: Failed modifying USDJPY
0	19:47:12.370	trend_dtrader GBPUSD,H1: Failed modifying USDJPY
0	19:47:13.369	trend_dtrader GBPUSD,H1: Failed modifying USDJPY
0	19:47:14.370	trend_dtrader GBPUSD,H1: Failed modifying USDJPY
0	19:47:15.370	trend_dtrader GBPUSD,H1: Failed modifying USDJPY
0	19:47:16.370	trend_dtrader GBPUSD,H1: Failed modifying USDJPY
0	19:47:17.370	trend_dtrader GBPUSD,H1: Failed modifying USDJPY
0	19:47:18.370	trend_dtrader GBPUSD,H1: Failed modifying USDJPY
0	19:47:19.370	trend_dtrader GBPUSD,H1: Failed modifying USDJPY
0	19:47:20.370	trend_dtrader GBPUSD,H1: Failed modifying USDJPY
0	19:47:21.370	trend_dtrader GBPUSD,H1: Failed modifying USDJPY
0	19:47:22.370	trend_dtrader GBPUSD,H1: Failed modifying USDJPY
0	19:47:23.370	trend_dtrader GBPUSD,H1: Failed modifying USDJPY
0	19:47:24.370	trend_dtrader GBPUSD,H1: Failed modifying USDJPY
0	19:47:25.369	trend_dtrader GBPUSD,H1: Failed modifying USDJPY
0	19:47:26.371	trend_dtrader GBPUSD,H1: Failed modifying USDJPY
0	19:47:27.369	trend_dtrader GBPUSD,H1: Failed modifying USDJPY
0	19:47:28.370	trend_dtrader GBPUSD,H1: Failed modifying USDJPY
0	19:47:29.370	trend_dtrader GBPUSD,H1: Failed modifying USDJPY
0	19:47:30.370	trend_dtrader GBPUSD,H1: Failed modifying USDJPY
0	19:47:31.429	trend_dtrader GBPUSD,H1: Failed modifying USDJPY
0	19:47:32.370	trend_dtrader GBPUSD,H1: Failed modifying USDJPY
0	19:47:33.400	trend_dtrader GBPUSD,H1: Failed modifying USDJPY
0	19:47:34.376	trend_dtrader GBPUSD,H1: Failed modifying USDJPY
0	19:47:35.370	trend_dtrader GBPUSD,H1: Failed modifying USDJPY
0	19:47:36.370	trend_dtrader GBPUSD,H1: Failed modifying USDJPY
0	19:47:37.369	trend_dtrader GBPUSD,H1: Failed modifying USDJPY
0	19:47:38.408	trend_dtrader GBPUSD,H1: Failed modifying USDJPY
0	19:47:39.374	trend_dtrader GBPUSD,H1: Failed modifying USDJPY
0	19:47:40.390	trend_dtrader GBPUSD,H1: Failed modifying USDJPY
0	19:47:41.369	trend_dtrader GBPUSD,H1: Failed modifying USDJPY
0	19:47:42.369	trend_dtrader GBPUSD,H1: Failed modifying USDJPY
0	19:47:43.370	trend_dtrader GBPUSD,H1: Failed modifying USDJPY
0	19:47:44.372	trend_dtrader GBPUSD,H1: Failed modifying USDJPY
0	19:47:45.369	trend_dtrader GBPUSD,H1: Failed modifying USDJPY
0	19:47:46.370	trend_dtrader GBPUSD,H1: Failed modifying USDJPY
0	19:47:47.371	trend_dtrader GBPUSD,H1: Failed modifying USDJPY
0	19:47:48.370	trend_dtrader GBPUSD,H1: Failed modifying USDJPY
0	19:47:49.370	trend_dtrader GBPUSD,H1: Failed modifying USDJPY
0	19:47:50.370	trend_dtrader GBPUSD,H1: Failed modifying USDJPY
0	19:47:51.370	trend_dtrader GBPUSD,H1: Failed modifying USDJPY
0	19:47:52.383	trend_dtrader GBPUSD,H1: Failed modifying USDJPY
0	19:47:53.398	trend_dtrader GBPUSD,H1: Failed modifying USDJPY
0	19:47:54.370	trend_dtrader GBPUSD,H1: Failed modifying USDJPY
0	19:47:55.370	trend_dtrader GBPUSD,H1: Failed modifying USDJPY
0	19:47:56.370	trend_dtrader GBPUSD,H1: Failed modifying USDJPY
0	19:47:57.370	trend_dtrader GBPUSD,H1: Failed modifying USDJPY
0	19:47:58.370	trend_dtrader GBPUSD,H1: Failed modifying USDJPY
0	19:47:59.370	trend_dtrader GBPUSD,H1: Failed modifying USDJPY
0	19:48:00.370	trend_dtrader GBPUSD,H1: Failed modifying USDJPY
0	19:48:01.370	trend_dtrader GBPUSD,H1: Failed modifying USDJPY
0	19:48:02.370	trend_dtrader GBPUSD,H1: Failed modifying USDJPY
0	19:48:03.370	trend_dtrader GBPUSD,H1: Failed modifying USDJPY
0	19:48:04.370	trend_dtrader GBPUSD,H1: Failed modifying USDJPY
0	19:48:05.369	trend_dtrader GBPUSD,H1: Failed modifying USDJPY
0	19:48:06.369	trend_dtrader GBPUSD,H1: Failed modifying USDJPY
0	19:48:07.370	trend_dtrader GBPUSD,H1: Failed modifying USDJPY
0	19:48:08.370	trend_dtrader GBPUSD,H1: Failed modifying USDJPY
0	19:48:09.370	trend_dtrader GBPUSD,H1: Failed modifying USDJPY
0	19:48:10.394	trend_dtrader GBPUSD,H1: Failed modifying USDJPY
0	19:48:11.370	trend_dtrader GBPUSD,H1: Failed modifying USDJPY
0	19:48:12.370	trend_dtrader GBPUSD,H1: Failed modifying USDJPY
0	19:48:13.370	trend_dtrader GBPUSD,H1: Failed modifying USDJPY
0	19:48:14.370	trend_dtrader GBPUSD,H1: Failed modifying USDJPY
0	19:48:15.371	trend_dtrader GBPUSD,H1: Failed modifying USDJPY
0	19:48:16.371	trend_dtrader GBPUSD,H1: Failed modifying USDJPY
0	19:48:17.370	trend_dtrader GBPUSD,H1: Failed modifying USDJPY
0	19:48:18.370	trend_dtrader GBPUSD,H1: Failed modifying USDJPY
0	19:48:19.370	trend_dtrader GBPUSD,H1: Failed modifying USDJPY
0	19:48:20.371	trend_dtrader GBPUSD,H1: Failed modifying USDJPY
0	19:48:21.370	trend_dtrader GBPUSD,H1: Failed modifying USDJPY
0	19:48:22.371	trend_dtrader GBPUSD,H1: Failed modifying USDJPY
0	19:48:23.370	trend_dtrader GBPUSD,H1: Failed modifying USDJPY
0	19:48:24.370	trend_dtrader GBPUSD,H1: Failed modifying USDJPY
0	19:48:25.370	trend_dtrader GBPUSD,H1: Failed modifying USDJPY
0	19:48:26.370	trend_dtrader GBPUSD,H1: Failed modifying USDJPY
0	19:48:27.370	trend_dtrader GBPUSD,H1: Failed modifying USDJPY
0	19:48:28.370	trend_dtrader GBPUSD,H1: Failed modifying USDJPY
0	19:48:29.370	trend_dtrader GBPUSD,H1: Failed modifying USDJPY
0	19:48:30.369	trend_dtrader GBPUSD,H1: Failed modifying USDJPY
0	19:48:31.371	trend_dtrader GBPUSD,H1: Failed modifying USDJPY
0	19:48:32.370	trend_dtrader GBPUSD,H1: Failed modifying USDJPY
0	19:48:33.370	trend_dtrader GBPUSD,H1: Failed modifying USDJPY
0	19:48:34.370	trend_dtrader GBPUSD,H1: Failed modifying USDJPY
0	19:48:35.370	trend_dtrader GBPUSD,H1: Failed modifying USDJPY
0	19:48:36.370	trend_dtrader GBPUSD,H1: Failed modifying USDJPY
0	19:48:37.370	trend_dtrader GBPUSD,H1: Failed modifying USDJPY
0	19:48:38.370	trend_dtrader GBPUSD,H1: Failed modifying USDJPY
0	19:48:39.370	trend_dtrader GBPUSD,H1: Failed modifying USDJPY
0	19:48:40.370	trend_dtrader GBPUSD,H1: Failed modifying USDJPY
0	19:48:41.370	trend_dtrader GBPUSD,H1: Failed modifying USDJPY
0	19:48:42.370	trend_dtrader GBPUSD,H1: Failed modifying USDJPY
0	19:48:43.370	trend_dtrader GBPUSD,H1: Failed modifying USDJPY
0	19:48:44.370	trend_dtrader GBPUSD,H1: Failed modifying USDJPY
0	19:48:45.370	trend_dtrader GBPUSD,H1: Failed modifying USDJPY
0	19:48:46.370	trend_dtrader GBPUSD,H1: Failed modifying USDJPY
0	19:48:47.370	trend_dtrader GBPUSD,H1: Failed modifying USDJPY
0	19:48:48.371	trend_dtrader GBPUSD,H1: Failed modifying USDJPY
0	19:48:49.384	trend_dtrader GBPUSD,H1: Failed modifying USDJPY
0	19:48:50.371	trend_dtrader GBPUSD,H1: Failed modifying USDJPY
0	19:48:51.370	trend_dtrader GBPUSD,H1: Failed modifying USDJPY
0	19:48:52.370	trend_dtrader GBPUSD,H1: Failed modifying USDJPY
0	19:48:53.370	trend_dtrader GBPUSD,H1: Failed modifying USDJPY
0	19:48:54.370	trend_dtrader GBPUSD,H1: Failed modifying USDJPY
0	19:48:55.371	trend_dtrader GBPUSD,H1: Failed modifying USDJPY
0	19:48:56.370	trend_dtrader GBPUSD,H1: Failed modifying USDJPY
0	19:48:57.370	trend_dtrader GBPUSD,H1: Failed modifying USDJPY
0	19:48:58.370	trend_dtrader GBPUSD,H1: Failed modifying USDJPY
0	19:48:59.370	trend_dtrader GBPUSD,H1: Failed modifying USDJPY
0	19:49:00.370	trend_dtrader GBPUSD,H1: Failed modifying USDJPY
0	19:49:01.371	trend_dtrader GBPUSD,H1: Failed modifying USDJPY
0	19:49:02.371	trend_dtrader GBPUSD,H1: Failed modifying USDJPY
0	19:49:03.370	trend_dtrader GBPUSD,H1: Failed modifying USDJPY
0	19:49:04.370	trend_dtrader GBPUSD,H1: Failed modifying USDJPY
0	19:49:05.370	trend_dtrader GBPUSD,H1: Failed modifying USDJPY
0	19:49:06.370	trend_dtrader GBPUSD,H1: Failed modifying USDJPY
0	19:49:07.370	trend_dtrader GBPUSD,H1: Failed modifying USDJPY
0	19:49:08.370	trend_dtrader GBPUSD,H1: Failed modifying USDJPY
0	19:49:09.370	trend_dtrader GBPUSD,H1: Failed modifying USDJPY
0	19:49:10.371	trend_dtrader GBPUSD,H1: Failed modifying USDJPY
0	19:49:11.372	trend_dtrader GBPUSD,H1: Failed modifying USDJPY
0	19:49:12.370	trend_dtrader GBPUSD,H1: Failed modifying USDJPY
0	19:49:13.370	trend_dtrader GBPUSD,H1: Failed modifying USDJPY
0	19:49:14.370	trend_dtrader GBPUSD,H1: Failed modifying USDJPY
0	19:49:15.370	trend_dtrader GBPUSD,H1: Failed modifying USDJPY
0	19:49:16.370	trend_dtrader GBPUSD,H1: Failed modifying USDJPY
0	19:49:17.370	trend_dtrader GBPUSD,H1: Failed modifying USDJPY
0	19:49:18.370	trend_dtrader GBPUSD,H1: Failed modifying USDJPY
0	19:49:19.371	trend_dtrader GBPUSD,H1: Failed modifying USDJPY
0	19:49:20.370	trend_dtrader GBPUSD,H1: Failed modifying USDJPY
0	19:49:21.370	trend_dtrader GBPUSD,H1: Failed modifying USDJPY
0	19:49:22.374	trend_dtrader GBPUSD,H1: Failed modifying USDJPY
0	19:49:23.384	trend_dtrader GBPUSD,H1: Failed modifying USDJPY
0	19:49:24.371	trend_dtrader GBPUSD,H1: Failed modifying USDJPY
0	19:49:25.370	trend_dtrader GBPUSD,H1: Failed modifying USDJPY
0	19:49:26.370	trend_dtrader GBPUSD,H1: Failed modifying USDJPY
0	19:49:27.370	trend_dtrader GBPUSD,H1: Failed modifying USDJPY
0	19:49:28.370	trend_dtrader GBPUSD,H1: Failed modifying USDJPY
0	19:49:29.370	trend_dtrader GBPUSD,H1: Failed modifying USDJPY
0	19:49:30.371	trend_dtrader GBPUSD,H1: Failed modifying USDJPY
0	19:49:31.371	trend_dtrader GBPUSD,H1: Failed modifying USDJPY
0	19:49:32.377	trend_dtrader GBPUSD,H1: Failed modifying USDJPY
0	19:49:33.370	trend_dtrader GBPUSD,H1: Failed modifying USDJPY
0	19:49:34.373	trend_dtrader GBPUSD,H1: Failed modifying USDJPY
0	19:49:35.370	trend_dtrader GBPUSD,H1: Failed modifying USDJPY
0	19:49:36.370	trend_dtrader GBPUSD,H1: Failed modifying USDJPY
0	19:49:37.381	trend_dtrader GBPUSD,H1: Failed modifying USDJPY
0	19:49:38.370	trend_dtrader GBPUSD,H1: Failed modifying USDJPY
0	19:49:39.371	trend_dtrader GBPUSD,H1: Failed modifying USDJPY
0	19:49:40.370	trend_dtrader GBPUSD,H1: Failed modifying USDJPY
0	19:49:41.370	trend_dtrader GBPUSD,H1: Failed modifying USDJPY
0	19:49:42.370	trend_dtrader GBPUSD,H1: Failed modifying USDJPY
0	19:49:43.370	trend_dtrader GBPUSD,H1: Failed modifying USDJPY
0	19:49:44.381	trend_dtrader GBPUSD,H1: Failed modifying USDJPY
0	19:49:45.374	trend_dtrader GBPUSD,H1: Failed modifying USDJPY
0	19:49:46.370	trend_dtrader GBPUSD,H1: Failed modifying USDJPY
0	19:49:47.381	trend_dtrader GBPUSD,H1: Failed modifying USDJPY
0	19:49:48.370	trend_dtrader GBPUSD,H1: Failed modifying USDJPY
0	19:49:49.370	trend_dtrader GBPUSD,H1: Failed modifying USDJPY
0	19:49:50.385	trend_dtrader GBPUSD,H1: Failed modifying USDJPY
0	19:49:51.370	trend_dtrader GBPUSD,H1: Failed modifying USDJPY
0	19:49:52.395	trend_dtrader GBPUSD,H1: Failed modifying USDJPY
0	19:49:53.371	trend_dtrader GBPUSD,H1: Failed modifying USDJPY
0	19:49:54.370	trend_dtrader GBPUSD,H1: Failed modifying USDJPY
0	19:49:55.370	trend_dtrader GBPUSD,H1: Failed modifying USDJPY
0	19:49:56.370	trend_dtrader GBPUSD,H1: Failed modifying USDJPY
0	19:49:57.370	trend_dtrader GBPUSD,H1: Failed modifying USDJPY
0	19:49:58.370	trend_dtrader GBPUSD,H1: Failed modifying USDJPY
0	19:49:59.370	trend_dtrader GBPUSD,H1: Failed modifying USDJPY
0	19:50:00.370	trend_dtrader GBPUSD,H1: Failed modifying USDJPY
0	19:50:01.370	trend_dtrader GBPUSD,H1: Failed modifying USDJPY
0	19:50:02.377	trend_dtrader GBPUSD,H1: Failed modifying USDJPY
0	19:50:03.370	trend_dtrader GBPUSD,H1: Failed modifying USDJPY
0	19:50:04.370	trend_dtrader GBPUSD,H1: Failed modifying USDJPY
0	19:50:05.371	trend_dtrader GBPUSD,H1: Failed modifying USDJPY
0	19:50:06.371	trend_dtrader GBPUSD,H1: Failed modifying USDJPY
0	19:50:07.370	trend_dtrader GBPUSD,H1: Failed modifying USDJPY
0	19:50:08.370	trend_dtrader GBPUSD,H1: Failed modifying USDJPY
0	19:50:09.370	trend_dtrader GBPUSD,H1: Failed modifying USDJPY
0	19:50:10.370	trend_dtrader GBPUSD,H1: Failed modifying USDJPY
0	19:50:11.370	trend_dtrader GBPUSD,H1: Failed modifying USDJPY
0	19:50:12.370	trend_dtrader GBPUSD,H1: Failed modifying USDJPY
0	19:50:13.370	trend_dtrader GBPUSD,H1: Failed modifying USDJPY
0	19:50:14.370	trend_dtrader GBPUSD,H1: Failed modifying USDJPY
0	19:50:15.370	trend_dtrader GBPUSD,H1: Failed modifying USDJPY
0	19:50:16.370	trend_dtrader GBPUSD,H1: Failed modifying USDJPY
0	19:50:17.370	trend_dtrader GBPUSD,H1: Failed modifying USDJPY
0	19:50:18.370	trend_dtrader GBPUSD,H1: Failed modifying USDJPY
0	19:50:19.370	trend_dtrader GBPUSD,H1: Failed modifying USDJPY
0	19:50:20.371	trend_dtrader GBPUSD,H1: Failed modifying USDJPY
0	19:50:21.371	trend_dtrader GBPUSD,H1: Failed modifying USDJPY
0	19:50:22.370	trend_dtrader GBPUSD,H1: Failed modifying USDJPY
0	19:50:23.370	trend_dtrader GBPUSD,H1: Failed modifying USDJPY
0	19:50:24.370	trend_dtrader GBPUSD,H1: Failed modifying USDJPY
0	19:50:25.370	trend_dtrader GBPUSD,H1: Failed modifying USDJPY
0	19:50:26.370	trend_dtrader GBPUSD,H1: Failed modifying USDJPY
0	19:50:27.371	trend_dtrader GBPUSD,H1: Failed modifying USDJPY
0	19:50:28.371	trend_dtrader GBPUSD,H1: Failed modifying USDJPY
0	19:50:29.370	trend_dtrader GBPUSD,H1: Failed modifying USDJPY
0	19:50:30.380	trend_dtrader GBPUSD,H1: Failed modifying USDJPY
0	19:50:31.371	trend_dtrader GBPUSD,H1: Failed modifying USDJPY
0	19:50:32.370	trend_dtrader GBPUSD,H1: Failed modifying USDJPY
0	19:50:33.371	trend_dtrader GBPUSD,H1: Failed modifying USDJPY
0	19:50:34.371	trend_dtrader GBPUSD,H1: Failed modifying USDJPY
0	19:50:35.371	trend_dtrader GBPUSD,H1: Failed modifying USDJPY
0	19:50:36.370	trend_dtrader GBPUSD,H1: Failed modifying USDJPY
0	19:50:37.370	trend_dtrader GBPUSD,H1: Failed modifying USDJPY
0	19:50:38.371	trend_dtrader GBPUSD,H1: Failed modifying USDJPY
0	19:50:39.371	trend_dtrader GBPUSD,H1: Failed modifying USDJPY
0	19:50:40.371	trend_dtrader GBPUSD,H1: Failed modifying USDJPY
0	19:50:41.370	trend_dtrader GBPUSD,H1: Failed modifying USDJPY
0	19:50:42.370	trend_dtrader GBPUSD,H1: Failed modifying USDJPY
0	19:50:43.370	trend_dtrader GBPUSD,H1: Failed modifying USDJPY
0	19:50:44.370	trend_dtrader GBPUSD,H1: Failed modifying USDJPY
0	19:50:45.370	trend_dtrader GBPUSD,H1: Failed modifying USDJPY
0	19:50:46.370	trend_dtrader GBPUSD,H1: Failed modifying USDJPY
0	19:50:47.370	trend_dtrader GBPUSD,H1: Failed modifying USDJPY
0	19:50:48.371	trend_dtrader GBPUSD,H1: Failed modifying USDJPY
0	19:50:49.371	trend_dtrader GBPUSD,H1: Failed modifying USDJPY
0	19:50:50.371	trend_dtrader GBPUSD,H1: Failed modifying USDJPY
0	19:50:51.371	trend_dtrader GBPUSD,H1: Failed modifying USDJPY
0	19:50:52.370	trend_dtrader GBPUSD,H1: Failed modifying USDJPY
0	19:50:53.372	trend_dtrader GBPUSD,H1: Failed modifying USDJPY
0	19:50:54.371	trend_dtrader GBPUSD,H1: Failed modifying USDJPY
0	19:50:55.370	trend_dtrader GBPUSD,H1: Failed modifying USDJPY
0	19:50:56.377	trend_dtrader GBPUSD,H1: Failed modifying USDJPY
0	19:50:57.371	trend_dtrader GBPUSD,H1: Failed modifying USDJPY
0	19:50:58.371	trend_dtrader GBPUSD,H1: Failed modifying USDJPY
0	19:50:59.370	trend_dtrader GBPUSD,H1: Failed modifying USDJPY
0	19:51:00.371	trend_dtrader GBPUSD,H1: Failed modifying USDJPY
0	19:51:01.394	trend_dtrader GBPUSD,H1: Failed modifying USDJPY
0	19:51:02.371	trend_dtrader GBPUSD,H1: Failed modifying USDJPY
0	19:51:03.371	trend_dtrader GBPUSD,H1: Failed modifying USDJPY
0	19:51:04.371	trend_dtrader GBPUSD,H1: Failed modifying USDJPY
0	19:51:05.371	trend_dtrader GBPUSD,H1: Failed modifying USDJPY
0	19:51:06.370	trend_dtrader GBPUSD,H1: Failed modifying USDJPY
0	19:51:07.370	trend_dtrader GBPUSD,H1: Failed modifying USDJPY
0	19:51:08.370	trend_dtrader GBPUSD,H1: Failed modifying USDJPY
0	19:51:09.371	trend_dtrader GBPUSD,H1: Failed modifying USDJPY
0	19:51:10.370	trend_dtrader GBPUSD,H1: Failed modifying USDJPY
0	19:51:11.370	trend_dtrader GBPUSD,H1: Failed modifying USDJPY
0	19:51:12.370	trend_dtrader GBPUSD,H1: Failed modifying USDJPY
0	19:51:13.370	trend_dtrader GBPUSD,H1: Failed modifying USDJPY
0	19:51:14.371	trend_dtrader GBPUSD,H1: Failed modifying USDJPY
0	19:51:15.370	trend_dtrader GBPUSD,H1: Failed modifying USDJPY
0	19:51:16.370	trend_dtrader GBPUSD,H1: Failed modifying USDJPY
0	19:51:17.385	trend_dtrader GBPUSD,H1: Failed modifying USDJPY
0	19:51:18.370	trend_dtrader GBPUSD,H1: Failed modifying USDJPY
0	19:51:19.371	trend_dtrader GBPUSD,H1: Failed modifying USDJPY
0	19:51:20.370	trend_dtrader GBPUSD,H1: Failed modifying USDJPY
0	19:51:21.370	trend_dtrader GBPUSD,H1: Failed modifying USDJPY
0	19:51:22.371	trend_dtrader GBPUSD,H1: Failed modifying USDJPY
0	19:51:23.371	trend_dtrader GBPUSD,H1: Failed modifying USDJPY
0	19:51:24.371	trend_dtrader GBPUSD,H1: Failed modifying USDJPY
0	19:51:25.370	trend_dtrader GBPUSD,H1: Failed modifying USDJPY
0	19:51:26.370	trend_dtrader GBPUSD,H1: Failed modifying USDJPY
0	19:51:27.370	trend_dtrader GBPUSD,H1: Failed modifying USDJPY
0	19:51:28.371	trend_dtrader GBPUSD,H1: Failed modifying USDJPY
0	19:51:29.371	trend_dtrader GBPUSD,H1: Failed modifying USDJPY
0	19:51:30.371	trend_dtrader GBPUSD,H1: Failed modifying USDJPY
0	19:51:31.370	trend_dtrader GBPUSD,H1: Failed modifying USDJPY
0	19:51:32.371	trend_dtrader GBPUSD,H1: Failed modifying USDJPY
0	19:51:33.371	trend_dtrader GBPUSD,H1: Failed modifying USDJPY
0	19:51:34.371	trend_dtrader GBPUSD,H1: Failed modifying USDJPY
0	19:51:35.370	trend_dtrader GBPUSD,H1: Failed modifying USDJPY
0	19:51:36.371	trend_dtrader GBPUSD,H1: Failed modifying USDJPY
0	19:51:37.370	trend_dtrader GBPUSD,H1: Failed modifying USDJPY
0	19:51:38.372	trend_dtrader GBPUSD,H1: Failed modifying USDJPY
0	19:51:39.370	trend_dtrader GBPUSD,H1: Failed modifying USDJPY
0	19:51:40.370	trend_dtrader GBPUSD,H1: Failed modifying USDJPY
0	19:51:41.370	trend_dtrader GBPUSD,H1: Failed modifying USDJPY
0	19:51:42.371	trend_dtrader GBPUSD,H1: Failed modifying USDJPY
0	19:51:43.371	trend_dtrader GBPUSD,H1: Failed modifying USDJPY
0	19:51:44.370	trend_dtrader GBPUSD,H1: Failed modifying USDJPY
0	19:51:45.370	trend_dtrader GBPUSD,H1: Failed modifying USDJPY
0	19:51:46.371	trend_dtrader GBPUSD,H1: Failed modifying USDJPY
0	19:51:47.371	trend_dtrader GBPUSD,H1: Failed modifying USDJPY
0	19:51:48.370	trend_dtrader GBPUSD,H1: Failed modifying USDJPY
0	19:51:49.371	trend_dtrader GBPUSD,H1: Failed modifying USDJPY
0	19:51:50.371	trend_dtrader GBPUSD,H1: Failed modifying USDJPY
0	19:51:51.372	trend_dtrader GBPUSD,H1: Failed modifying USDJPY
0	19:51:52.371	trend_dtrader GBPUSD,H1: Failed modifying USDJPY
0	19:51:53.370	trend_dtrader GBPUSD,H1: Failed modifying USDJPY
0	19:51:54.370	trend_dtrader GBPUSD,H1: Failed modifying USDJPY
0	19:51:55.371	trend_dtrader GBPUSD,H1: Failed modifying USDJPY
0	19:51:56.371	trend_dtrader GBPUSD,H1: Failed modifying USDJPY
0	19:51:57.371	trend_dtrader GBPUSD,H1: Failed modifying USDJPY
0	19:51:58.371	trend_dtrader GBPUSD,H1: Failed modifying USDJPY
0	19:51:59.371	trend_dtrader GBPUSD,H1: Failed modifying USDJPY
0	19:52:00.371	trend_dtrader GBPUSD,H1: Failed modifying USDJPY
0	19:52:01.370	trend_dtrader GBPUSD,H1: Failed modifying USDJPY
0	19:52:02.371	trend_dtrader GBPUSD,H1: Failed modifying USDJPY
0	19:52:03.371	trend_dtrader GBPUSD,H1: Failed modifying USDJPY
0	19:52:04.371	trend_dtrader GBPUSD,H1: Failed modifying USDJPY
0	19:52:05.371	trend_dtrader GBPUSD,H1: Failed modifying USDJPY
0	19:52:06.371	trend_dtrader GBPUSD,H1: Failed modifying USDJPY
0	19:52:07.370	trend_dtrader GBPUSD,H1: Failed modifying USDJPY
0	19:52:08.386	trend_dtrader GBPUSD,H1: Failed modifying USDJPY
0	19:52:09.370	trend_dtrader GBPUSD,H1: Failed modifying USDJPY
0	19:52:10.371	trend_dtrader GBPUSD,H1: Failed modifying USDJPY
0	19:52:11.371	trend_dtrader GBPUSD,H1: Failed modifying USDJPY
0	19:52:12.381	trend_dtrader GBPUSD,H1: Failed modifying USDJPY
0	19:52:13.372	trend_dtrader GBPUSD,H1: Failed modifying USDJPY
0	19:52:14.370	trend_dtrader GBPUSD,H1: Failed modifying USDJPY
0	19:52:15.371	trend_dtrader GBPUSD,H1: Failed modifying USDJPY
0	19:52:16.371	trend_dtrader GBPUSD,H1: Failed modifying USDJPY
0	19:52:17.372	trend_dtrader GBPUSD,H1: Failed modifying USDJPY
0	19:52:18.379	trend_dtrader GBPUSD,H1: Failed modifying USDJPY
0	19:52:19.371	trend_dtrader GBPUSD,H1: Failed modifying USDJPY
0	19:52:20.370	trend_dtrader GBPUSD,H1: Failed modifying USDJPY
0	19:52:21.370	trend_dtrader GBPUSD,H1: Failed modifying USDJPY
0	19:52:22.371	trend_dtrader GBPUSD,H1: Failed modifying USDJPY
0	19:52:23.371	trend_dtrader GBPUSD,H1: Failed modifying USDJPY
0	19:52:24.371	trend_dtrader GBPUSD,H1: Failed modifying USDJPY
0	19:52:25.370	trend_dtrader GBPUSD,H1: Failed modifying USDJPY
0	19:52:26.371	trend_dtrader GBPUSD,H1: Failed modifying USDJPY
0	19:52:27.371	trend_dtrader GBPUSD,H1: Failed modifying USDJPY
0	19:52:28.371	trend_dtrader GBPUSD,H1: Failed modifying USDJPY
0	19:52:29.370	trend_dtrader GBPUSD,H1: Failed modifying USDJPY
0	19:52:30.371	trend_dtrader GBPUSD,H1: Failed modifying USDJPY
0	19:52:31.368	trend_dtrader GBPUSD,H1: Failed modifying USDJPY
0	19:52:32.367	trend_dtrader GBPUSD,H1: Failed modifying USDJPY
0	19:52:33.365	trend_dtrader GBPUSD,H1: Failed modifying USDJPY
0	19:52:34.364	trend_dtrader GBPUSD,H1: Failed modifying USDJPY
0	19:52:35.361	trend_dtrader GBPUSD,H1: Failed modifying USDJPY
0	19:52:36.361	trend_dtrader GBPUSD,H1: Failed modifying USDJPY
0	19:52:37.359	trend_dtrader GBPUSD,H1: Failed modifying USDJPY
0	19:52:38.361	trend_dtrader GBPUSD,H1: Failed modifying USDJPY
0	19:52:39.356	trend_dtrader GBPUSD,H1: Failed modifying USDJPY
0	19:52:40.377	trend_dtrader GBPUSD,H1: Failed modifying USDJPY
0	19:52:41.354	trend_dtrader GBPUSD,H1: Failed modifying USDJPY
0	19:52:42.353	trend_dtrader GBPUSD,H1: Failed modifying USDJPY
0	19:52:43.352	trend_dtrader GBPUSD,H1: Failed modifying USDJPY
0	19:52:44.351	trend_dtrader GBPUSD,H1: Failed modifying USDJPY
0	19:52:45.350	trend_dtrader GBPUSD,H1: Failed modifying USDJPY
0	19:52:46.349	trend_dtrader GBPUSD,H1: Failed modifying USDJPY
0	19:52:47.348	trend_dtrader GBPUSD,H1: Failed modifying USDJPY
0	19:52:48.348	trend_dtrader GBPUSD,H1: Failed modifying USDJPY
0	19:52:49.347	trend_dtrader GBPUSD,H1: Failed modifying USDJPY
0	19:52:50.347	trend_dtrader GBPUSD,H1: Failed modifying USDJPY
0	19:52:51.346	trend_dtrader GBPUSD,H1: Failed modifying USDJPY
0	19:52:52.345	trend_dtrader GBPUSD,H1: Failed modifying USDJPY
0	19:52:53.346	trend_dtrader GBPUSD,H1: Failed modifying USDJPY
0	19:52:54.344	trend_dtrader GBPUSD,H1: Failed modifying USDJPY
0	19:52:55.344	trend_dtrader GBPUSD,H1: Failed modifying USDJPY
0	19:52:56.343	trend_dtrader GBPUSD,H1: Failed modifying USDJPY
0	19:52:57.343	trend_dtrader GBPUSD,H1: Failed modifying USDJPY
0	19:52:58.343	trend_dtrader GBPUSD,H1: Failed modifying USDJPY
0	19:52:59.343	trend_dtrader GBPUSD,H1: Failed modifying USDJPY
0	19:53:00.342	trend_dtrader GBPUSD,H1: Failed modifying USDJPY
0	19:53:01.343	trend_dtrader GBPUSD,H1: Failed modifying USDJPY
0	19:53:02.342	trend_dtrader GBPUSD,H1: Failed modifying USDJPY
0	19:53:03.367	trend_dtrader GBPUSD,H1: Failed modifying USDJPY
0	19:53:04.342	trend_dtrader GBPUSD,H1: Failed modifying USDJPY
0	19:53:05.341	trend_dtrader GBPUSD,H1: Failed modifying USDJPY
0	19:53:06.340	trend_dtrader GBPUSD,H1: Failed modifying USDJPY
0	19:53:07.340	trend_dtrader GBPUSD,H1: Failed modifying USDJPY
0	19:53:08.340	trend_dtrader GBPUSD,H1: Failed modifying USDJPY
0	19:53:09.348	trend_dtrader GBPUSD,H1: Failed modifying USDJPY
0	19:53:10.356	trend_dtrader GBPUSD,H1: Failed modifying USDJPY
0	19:53:11.339	trend_dtrader GBPUSD,H1: Failed modifying USDJPY
0	19:53:12.340	trend_dtrader GBPUSD,H1: Failed modifying USDJPY
0	19:53:13.339	trend_dtrader GBPUSD,H1: Failed modifying USDJPY
0	19:53:14.339	trend_dtrader GBPUSD,H1: Failed modifying USDJPY
0	19:53:15.339	trend_dtrader GBPUSD,H1: Failed modifying USDJPY
0	19:53:16.358	trend_dtrader GBPUSD,H1: Failed modifying USDJPY
0	19:53:17.388	trend_dtrader GBPUSD,H1: Failed modifying USDJPY
0	19:53:18.340	trend_dtrader GBPUSD,H1: Failed modifying USDJPY
0	19:53:19.369	trend_dtrader GBPUSD,H1: Failed modifying USDJPY
0	19:53:20.339	trend_dtrader GBPUSD,H1: Failed modifying USDJPY
0	19:53:21.338	trend_dtrader GBPUSD,H1: Failed modifying USDJPY
0	19:53:22.339	trend_dtrader GBPUSD,H1: Failed modifying USDJPY
0	19:53:23.338	trend_dtrader GBPUSD,H1: Failed modifying USDJPY
0	19:53:24.339	trend_dtrader GBPUSD,H1: Failed modifying USDJPY
0	19:53:25.347	trend_dtrader GBPUSD,H1: Failed modifying USDJPY
0	19:53:26.338	trend_dtrader GBPUSD,H1: Failed modifying USDJPY
0	19:53:27.338	trend_dtrader GBPUSD,H1: Failed modifying USDJPY
0	19:53:28.338	trend_dtrader GBPUSD,H1: Failed modifying USDJPY
0	19:53:29.338	trend_dtrader GBPUSD,H1: Failed modifying USDJPY
0	19:53:30.339	trend_dtrader GBPUSD,H1: Failed modifying USDJPY
0	19:53:31.338	trend_dtrader GBPUSD,H1: Failed modifying USDJPY
0	19:53:32.338	trend_dtrader GBPUSD,H1: Failed modifying USDJPY
0	19:53:33.345	trend_dtrader GBPUSD,H1: Failed modifying USDJPY
0	19:53:34.338	trend_dtrader GBPUSD,H1: Failed modifying USDJPY
0	19:53:35.338	trend_dtrader GBPUSD,H1: Failed modifying USDJPY
0	19:53:36.338	trend_dtrader GBPUSD,H1: Failed modifying USDJPY
0	19:53:37.338	trend_dtrader GBPUSD,H1: Failed modifying USDJPY
0	19:53:38.337	trend_dtrader GBPUSD,H1: Failed modifying USDJPY
0	19:53:39.337	trend_dtrader GBPUSD,H1: Failed modifying USDJPY
0	19:53:40.338	trend_dtrader GBPUSD,H1: Failed modifying USDJPY
0	19:53:41.338	trend_dtrader GBPUSD,H1: Failed modifying USDJPY
0	19:53:42.338	trend_dtrader GBPUSD,H1: Failed modifying USDJPY
0	19:53:43.338	trend_dtrader GBPUSD,H1: Failed modifying USDJPY
0	19:53:44.337	trend_dtrader GBPUSD,H1: Failed modifying USDJPY
0	19:53:45.338	trend_dtrader GBPUSD,H1: Failed modifying USDJPY
0	19:53:46.338	trend_dtrader GBPUSD,H1: Failed modifying USDJPY
0	19:53:47.337	trend_dtrader GBPUSD,H1: Failed modifying USDJPY
0	19:53:48.341	trend_dtrader GBPUSD,H1: Failed modifying USDJPY
0	19:53:49.337	trend_dtrader GBPUSD,H1: Failed modifying USDJPY
0	19:53:50.338	trend_dtrader GBPUSD,H1: Failed modifying USDJPY
0	19:53:51.337	trend_dtrader GBPUSD,H1: Failed modifying USDJPY
0	19:53:52.337	trend_dtrader GBPUSD,H1: Failed modifying USDJPY
0	19:53:53.337	trend_dtrader GBPUSD,H1: Failed modifying USDJPY
0	19:53:54.339	trend_dtrader GBPUSD,H1: Failed modifying USDJPY
0	19:53:55.338	trend_dtrader GBPUSD,H1: Failed modifying USDJPY
0	19:53:56.338	trend_dtrader GBPUSD,H1: Failed modifying USDJPY
0	19:53:57.337	trend_dtrader GBPUSD,H1: Failed modifying USDJPY
0	19:53:58.337	trend_dtrader GBPUSD,H1: Failed modifying USDJPY
0	19:53:59.337	trend_dtrader GBPUSD,H1: Failed modifying USDJPY
0	19:54:00.337	trend_dtrader GBPUSD,H1: Failed modifying USDJPY
0	19:54:01.337	trend_dtrader GBPUSD,H1: Failed modifying USDJPY
0	19:54:02.338	trend_dtrader GBPUSD,H1: Failed modifying USDJPY
0	19:54:03.338	trend_dtrader GBPUSD,H1: Failed modifying USDJPY
0	19:54:04.338	trend_dtrader GBPUSD,H1: Failed modifying USDJPY
0	19:54:05.337	trend_dtrader GBPUSD,H1: Failed modifying USDJPY
0	19:54:06.338	trend_dtrader GBPUSD,H1: Failed modifying USDJPY
0	19:54:07.337	trend_dtrader GBPUSD,H1: Failed modifying USDJPY
0	19:54:08.338	trend_dtrader GBPUSD,H1: Failed modifying USDJPY
0	19:54:09.337	trend_dtrader GBPUSD,H1: Failed modifying USDJPY
0	19:54:10.337	trend_dtrader GBPUSD,H1: Failed modifying USDJPY
0	19:54:11.337	trend_dtrader GBPUSD,H1: Failed modifying USDJPY
0	19:54:12.338	trend_dtrader GBPUSD,H1: Failed modifying USDJPY
0	19:54:13.342	trend_dtrader GBPUSD,H1: Failed modifying USDJPY
0	19:54:14.337	trend_dtrader GBPUSD,H1: Failed modifying USDJPY
0	19:54:15.337	trend_dtrader GBPUSD,H1: Failed modifying USDJPY
0	19:54:16.337	trend_dtrader GBPUSD,H1: Failed modifying USDJPY
0	19:54:17.337	trend_dtrader GBPUSD,H1: Failed modifying USDJPY
0	19:54:18.337	trend_dtrader GBPUSD,H1: Failed modifying USDJPY
0	19:54:19.337	trend_dtrader GBPUSD,H1: Failed modifying USDJPY
0	19:54:20.337	trend_dtrader GBPUSD,H1: Failed modifying USDJPY
0	19:54:21.337	trend_dtrader GBPUSD,H1: Failed modifying USDJPY
0	19:54:22.337	trend_dtrader GBPUSD,H1: Failed modifying USDJPY
0	19:54:23.337	trend_dtrader GBPUSD,H1: Failed modifying USDJPY
0	19:54:24.338	trend_dtrader GBPUSD,H1: Failed modifying USDJPY
0	19:54:25.338	trend_dtrader GBPUSD,H1: Failed modifying USDJPY
0	19:54:26.337	trend_dtrader GBPUSD,H1: Failed modifying USDJPY
0	19:54:27.338	trend_dtrader GBPUSD,H1: Failed modifying USDJPY
0	19:54:28.338	trend_dtrader GBPUSD,H1: Failed modifying USDJPY
0	19:54:29.338	trend_dtrader GBPUSD,H1: Failed modifying USDJPY
0	19:54:30.337	trend_dtrader GBPUSD,H1: Failed modifying USDJPY
0	19:54:31.337	trend_dtrader GBPUSD,H1: Failed modifying USDJPY
0	19:54:32.388	trend_dtrader GBPUSD,H1: Failed modifying USDJPY
0	19:54:33.338	trend_dtrader GBPUSD,H1: Failed modifying USDJPY
0	19:54:34.338	trend_dtrader GBPUSD,H1: Failed modifying USDJPY
0	19:54:35.337	trend_dtrader GBPUSD,H1: Failed modifying USDJPY
0	19:54:36.337	trend_dtrader GBPUSD,H1: Failed modifying USDJPY
0	19:54:37.337	trend_dtrader GBPUSD,H1: Failed modifying USDJPY
0	19:54:38.337	trend_dtrader GBPUSD,H1: Failed modifying USDJPY
0	19:54:39.337	trend_dtrader GBPUSD,H1: Failed modifying USDJPY
0	19:54:40.337	trend_dtrader GBPUSD,H1: Failed modifying USDJPY
0	19:54:41.362	trend_dtrader GBPUSD,H1: Failed modifying USDJPY
0	19:54:42.337	trend_dtrader GBPUSD,H1: Failed modifying USDJPY
0	19:54:43.337	trend_dtrader GBPUSD,H1: Failed modifying USDJPY
0	19:54:44.337	trend_dtrader GBPUSD,H1: Failed modifying USDJPY
0	19:54:45.337	trend_dtrader GBPUSD,H1: Failed modifying USDJPY
0	19:54:46.337	trend_dtrader GBPUSD,H1: Failed modifying USDJPY
0	19:54:47.337	trend_dtrader GBPUSD,H1: Failed modifying USDJPY
0	19:54:48.338	trend_dtrader GBPUSD,H1: Failed modifying USDJPY
0	19:54:49.365	trend_dtrader GBPUSD,H1: Failed modifying USDJPY
0	19:54:50.338	trend_dtrader GBPUSD,H1: Failed modifying USDJPY
0	19:54:51.337	trend_dtrader GBPUSD,H1: Failed modifying USDJPY
0	19:54:52.338	trend_dtrader GBPUSD,H1: Failed modifying USDJPY
0	19:54:53.340	trend_dtrader GBPUSD,H1: Failed modifying USDJPY
0	19:54:54.338	trend_dtrader GBPUSD,H1: Failed modifying USDJPY
0	19:54:55.337	trend_dtrader GBPUSD,H1: Failed modifying USDJPY
0	19:54:56.337	trend_dtrader GBPUSD,H1: Failed modifying USDJPY
0	19:54:57.337	trend_dtrader GBPUSD,H1: Failed modifying USDJPY
0	19:54:58.337	trend_dtrader GBPUSD,H1: Failed modifying USDJPY
0	19:54:59.337	trend_dtrader GBPUSD,H1: Failed modifying USDJPY
0	19:55:00.352	trend_dtrader GBPUSD,H1: Failed modifying USDJPY
0	19:55:01.336	trend_dtrader GBPUSD,H1: Failed modifying USDJPY
0	19:55:02.341	trend_dtrader GBPUSD,H1: Failed modifying USDJPY
0	19:55:03.337	trend_dtrader GBPUSD,H1: Failed modifying USDJPY
0	19:55:04.337	trend_dtrader GBPUSD,H1: Failed modifying USDJPY
0	19:55:05.338	trend_dtrader GBPUSD,H1: Failed modifying USDJPY
0	19:55:06.337	trend_dtrader GBPUSD,H1: Failed modifying USDJPY
0	19:55:07.336	trend_dtrader GBPUSD,H1: Failed modifying USDJPY
0	19:55:08.337	trend_dtrader GBPUSD,H1: Failed modifying USDJPY
0	19:55:09.338	trend_dtrader GBPUSD,H1: Failed modifying USDJPY
0	19:55:10.338	trend_dtrader GBPUSD,H1: Failed modifying USDJPY
0	19:55:11.337	trend_dtrader GBPUSD,H1: Failed modifying USDJPY
0	19:55:12.337	trend_dtrader GBPUSD,H1: Failed modifying USDJPY
0	19:55:13.337	trend_dtrader GBPUSD,H1: Failed modifying USDJPY
0	19:55:14.337	trend_dtrader GBPUSD,H1: Failed modifying USDJPY
0	19:55:15.337	trend_dtrader GBPUSD,H1: Failed modifying USDJPY
0	19:55:16.347	trend_dtrader GBPUSD,H1: Failed modifying USDJPY
0	19:55:17.337	trend_dtrader GBPUSD,H1: Failed modifying USDJPY
0	19:55:18.336	trend_dtrader GBPUSD,H1: Failed modifying USDJPY
0	19:55:19.336	trend_dtrader GBPUSD,H1: Failed modifying USDJPY
0	19:55:20.337	trend_dtrader GBPUSD,H1: Failed modifying USDJPY
0	19:55:21.338	trend_dtrader GBPUSD,H1: Failed modifying USDJPY
0	19:55:22.337	trend_dtrader GBPUSD,H1: Failed modifying USDJPY
0	19:55:23.338	trend_dtrader GBPUSD,H1: Failed modifying USDJPY
0	19:55:24.346	trend_dtrader GBPUSD,H1: Failed modifying USDJPY
0	19:55:25.337	trend_dtrader GBPUSD,H1: Failed modifying USDJPY
0	19:55:26.337	trend_dtrader GBPUSD,H1: Failed modifying USDJPY
0	19:55:27.337	trend_dtrader GBPUSD,H1: Failed modifying USDJPY
0	19:55:28.337	trend_dtrader GBPUSD,H1: Failed modifying USDJPY
0	19:55:29.337	trend_dtrader GBPUSD,H1: Failed modifying USDJPY
0	19:55:30.337	trend_dtrader GBPUSD,H1: Failed modifying USDJPY
0	19:55:31.343	trend_dtrader GBPUSD,H1: Failed modifying USDJPY
0	19:55:32.338	trend_dtrader GBPUSD,H1: Failed modifying USDJPY
0	19:55:33.337	trend_dtrader GBPUSD,H1: Failed modifying USDJPY
0	19:55:34.338	trend_dtrader GBPUSD,H1: Failed modifying USDJPY
0	19:55:35.337	trend_dtrader GBPUSD,H1: Failed modifying USDJPY
0	19:55:36.337	trend_dtrader GBPUSD,H1: Failed modifying USDJPY
0	19:55:37.337	trend_dtrader GBPUSD,H1: Failed modifying USDJPY
0	19:55:38.338	trend_dtrader GBPUSD,H1: Failed modifying USDJPY
0	19:55:39.337	trend_dtrader GBPUSD,H1: Failed modifying USDJPY
0	19:55:40.338	trend_dtrader GBPUSD,H1: Failed modifying USDJPY
0	19:55:41.337	trend_dtrader GBPUSD,H1: Failed modifying USDJPY
0	19:55:42.337	trend_dtrader GBPUSD,H1: Failed modifying USDJPY
0	19:55:43.337	trend_dtrader GBPUSD,H1: Failed modifying USDJPY
0	19:55:44.337	trend_dtrader GBPUSD,H1: Failed modifying USDJPY
0	19:55:45.337	trend_dtrader GBPUSD,H1: Failed modifying USDJPY
0	19:55:46.337	trend_dtrader GBPUSD,H1: Failed modifying USDJPY
0	19:55:47.337	trend_dtrader GBPUSD,H1: Failed modifying USDJPY
0	19:55:48.353	trend_dtrader GBPUSD,H1: Failed modifying USDJPY
0	19:55:49.337	trend_dtrader GBPUSD,H1: Failed modifying USDJPY
0	19:55:50.337	trend_dtrader GBPUSD,H1: Failed modifying USDJPY
0	19:55:51.337	trend_dtrader GBPUSD,H1: Failed modifying USDJPY
0	19:55:52.337	trend_dtrader GBPUSD,H1: Failed modifying USDJPY
0	19:55:53.338	trend_dtrader GBPUSD,H1: Failed modifying USDJPY
0	19:55:54.337	trend_dtrader GBPUSD,H1: Failed modifying USDJPY
0	19:55:55.337	trend_dtrader GBPUSD,H1: Failed modifying USDJPY
0	19:55:56.337	trend_dtrader GBPUSD,H1: Failed modifying USDJPY
0	19:55:57.337	trend_dtrader GBPUSD,H1: Failed modifying USDJPY
0	19:55:58.338	trend_dtrader GBPUSD,H1: Failed modifying USDJPY
0	19:55:59.337	trend_dtrader GBPUSD,H1: Failed modifying USDJPY
0	19:56:00.338	trend_dtrader GBPUSD,H1: Failed modifying USDJPY
0	19:56:01.337	trend_dtrader GBPUSD,H1: Failed modifying USDJPY
0	19:56:02.356	trend_dtrader GBPUSD,H1: Failed modifying USDJPY
0	19:56:03.336	trend_dtrader GBPUSD,H1: Failed modifying USDJPY
0	19:56:04.365	trend_dtrader GBPUSD,H1: Failed modifying USDJPY
0	19:56:05.374	trend_dtrader GBPUSD,H1: Failed modifying USDJPY
0	19:56:06.346	trend_dtrader GBPUSD,H1: Failed modifying USDJPY
0	19:56:07.345	trend_dtrader GBPUSD,H1: Failed modifying USDJPY
0	19:56:08.337	trend_dtrader GBPUSD,H1: Failed modifying USDJPY
0	19:56:09.337	trend_dtrader GBPUSD,H1: Failed modifying USDJPY
0	19:56:10.336	trend_dtrader GBPUSD,H1: Failed modifying USDJPY
0	19:56:11.362	trend_dtrader GBPUSD,H1: Failed modifying USDJPY
0	19:56:12.337	trend_dtrader GBPUSD,H1: Failed modifying USDJPY
0	19:56:13.350	trend_dtrader GBPUSD,H1: Failed modifying USDJPY
0	19:56:14.337	trend_dtrader GBPUSD,H1: Failed modifying USDJPY
0	19:56:15.337	trend_dtrader GBPUSD,H1: Failed modifying USDJPY
0	19:56:16.337	trend_dtrader GBPUSD,H1: Failed modifying USDJPY
0	19:56:17.338	trend_dtrader GBPUSD,H1: Failed modifying USDJPY
0	19:56:18.337	trend_dtrader GBPUSD,H1: Failed modifying USDJPY
0	19:56:19.340	trend_dtrader GBPUSD,H1: Failed modifying USDJPY
0	19:56:20.337	trend_dtrader GBPUSD,H1: Failed modifying USDJPY
0	19:56:21.337	trend_dtrader GBPUSD,H1: Failed modifying USDJPY
0	19:56:22.340	trend_dtrader GBPUSD,H1: Failed modifying USDJPY
0	19:56:23.337	trend_dtrader GBPUSD,H1: Failed modifying USDJPY
0	19:56:24.338	trend_dtrader GBPUSD,H1: Failed modifying USDJPY
0	19:56:25.337	trend_dtrader GBPUSD,H1: Failed modifying USDJPY
0	19:56:26.337	trend_dtrader GBPUSD,H1: Failed modifying USDJPY
0	19:56:27.337	trend_dtrader GBPUSD,H1: Failed modifying USDJPY
0	19:56:28.337	trend_dtrader GBPUSD,H1: Failed modifying USDJPY
0	19:56:29.337	trend_dtrader GBPUSD,H1: Failed modifying USDJPY
0	19:56:30.337	trend_dtrader GBPUSD,H1: Failed modifying USDJPY
0	19:56:31.337	trend_dtrader GBPUSD,H1: Failed modifying USDJPY
0	19:56:32.391	trend_dtrader GBPUSD,H1: Failed modifying USDJPY
0	19:56:33.345	trend_dtrader GBPUSD,H1: Failed modifying USDJPY
0	19:56:34.337	trend_dtrader GBPUSD,H1: Failed modifying USDJPY
0	19:56:35.337	trend_dtrader GBPUSD,H1: Failed modifying USDJPY
0	19:56:36.337	trend_dtrader GBPUSD,H1: Failed modifying USDJPY
0	19:56:37.338	trend_dtrader GBPUSD,H1: Failed modifying USDJPY
0	19:56:38.337	trend_dtrader GBPUSD,H1: Failed modifying USDJPY
0	19:56:39.337	trend_dtrader GBPUSD,H1: Failed modifying USDJPY
0	19:56:40.337	trend_dtrader GBPUSD,H1: Failed modifying USDJPY
0	19:56:41.337	trend_dtrader GBPUSD,H1: Failed modifying USDJPY
0	19:56:42.337	trend_dtrader GBPUSD,H1: Failed modifying USDJPY
0	19:56:43.382	trend_dtrader GBPUSD,H1: Failed modifying USDJPY
0	19:56:44.407	trend_dtrader GBPUSD,H1: Failed modifying USDJPY
0	19:56:45.337	trend_dtrader GBPUSD,H1: Failed modifying USDJPY
0	19:56:46.336	trend_dtrader GBPUSD,H1: Failed modifying USDJPY
0	19:56:47.338	trend_dtrader GBPUSD,H1: Failed modifying USDJPY
0	19:56:48.337	trend_dtrader GBPUSD,H1: Failed modifying USDJPY
0	19:56:49.337	trend_dtrader GBPUSD,H1: Failed modifying USDJPY
0	19:56:50.337	trend_dtrader GBPUSD,H1: Failed modifying USDJPY
0	19:56:51.337	trend_dtrader GBPUSD,H1: Failed modifying USDJPY
0	19:56:52.337	trend_dtrader GBPUSD,H1: Failed modifying USDJPY
0	19:56:53.337	trend_dtrader GBPUSD,H1: Failed modifying USDJPY
0	19:56:54.337	trend_dtrader GBPUSD,H1: Failed modifying USDJPY
0	19:56:55.337	trend_dtrader GBPUSD,H1: Failed modifying USDJPY
0	19:56:56.336	trend_dtrader GBPUSD,H1: Failed modifying USDJPY
0	19:56:57.337	trend_dtrader GBPUSD,H1: Failed modifying USDJPY
0	19:56:58.337	trend_dtrader GBPUSD,H1: Failed modifying USDJPY
0	19:56:59.337	trend_dtrader GBPUSD,H1: Failed modifying USDJPY
0	19:57:00.337	trend_dtrader GBPUSD,H1: Failed modifying USDJPY
0	19:57:01.337	trend_dtrader GBPUSD,H1: Failed modifying USDJPY
0	19:57:02.351	trend_dtrader GBPUSD,H1: Failed modifying USDJPY
0	19:57:03.337	trend_dtrader GBPUSD,H1: Failed modifying USDJPY
0	19:57:04.338	trend_dtrader GBPUSD,H1: Failed modifying USDJPY
0	19:57:05.337	trend_dtrader GBPUSD,H1: Failed modifying USDJPY
0	19:57:06.337	trend_dtrader GBPUSD,H1: Failed modifying USDJPY
0	19:57:07.338	trend_dtrader GBPUSD,H1: Failed modifying USDJPY
0	19:57:08.336	trend_dtrader GBPUSD,H1: Failed modifying USDJPY
0	19:57:09.337	trend_dtrader GBPUSD,H1: Failed modifying USDJPY
0	19:57:10.338	trend_dtrader GBPUSD,H1: Failed modifying USDJPY
0	19:57:11.337	trend_dtrader GBPUSD,H1: Failed modifying USDJPY
0	19:57:12.338	trend_dtrader GBPUSD,H1: Failed modifying USDJPY
0	19:57:13.337	trend_dtrader GBPUSD,H1: Failed modifying USDJPY
0	19:57:14.376	trend_dtrader GBPUSD,H1: Failed modifying USDJPY
0	19:57:15.337	trend_dtrader GBPUSD,H1: Failed modifying USDJPY
0	19:57:16.338	trend_dtrader GBPUSD,H1: Failed modifying USDJPY
0	19:57:17.395	trend_dtrader GBPUSD,H1: Failed modifying USDJPY
0	19:57:18.337	trend_dtrader GBPUSD,H1: Failed modifying USDJPY
0	19:57:19.337	trend_dtrader GBPUSD,H1: Failed modifying USDJPY
0	19:57:20.337	trend_dtrader GBPUSD,H1: Failed modifying USDJPY
0	19:57:21.337	trend_dtrader GBPUSD,H1: Failed modifying USDJPY
0	19:57:22.337	trend_dtrader GBPUSD,H1: Failed modifying USDJPY
0	19:57:23.337	trend_dtrader GBPUSD,H1: Failed modifying USDJPY
0	19:57:24.355	trend_dtrader GBPUSD,H1: Failed modifying USDJPY
0	19:57:25.337	trend_dtrader GBPUSD,H1: Failed modifying USDJPY
0	19:57:26.337	trend_dtrader GBPUSD,H1: Failed modifying USDJPY
0	19:57:27.336	trend_dtrader GBPUSD,H1: Failed modifying USDJPY
0	19:57:28.337	trend_dtrader GBPUSD,H1: Failed modifying USDJPY
0	19:57:29.336	trend_dtrader GBPUSD,H1: Failed modifying USDJPY
0	19:57:30.337	trend_dtrader GBPUSD,H1: Failed modifying USDJPY
0	19:57:31.338	trend_dtrader GBPUSD,H1: Failed modifying USDJPY
0	19:57:32.337	trend_dtrader GBPUSD,H1: Failed modifying USDJPY
0	19:57:33.336	trend_dtrader GBPUSD,H1: Failed modifying USDJPY
0	19:57:34.336	trend_dtrader GBPUSD,H1: Failed modifying USDJPY
0	19:57:35.337	trend_dtrader GBPUSD,H1: Failed modifying USDJPY
0	19:57:36.337	trend_dtrader GBPUSD,H1: Failed modifying USDJPY
0	19:57:37.338	trend_dtrader GBPUSD,H1: Failed modifying USDJPY
0	19:57:38.337	trend_dtrader GBPUSD,H1: Failed modifying USDJPY
0	19:57:39.336	trend_dtrader GBPUSD,H1: Failed modifying USDJPY
0	19:57:40.336	trend_dtrader GBPUSD,H1: Failed modifying USDJPY
0	19:57:41.337	trend_dtrader GBPUSD,H1: Failed modifying USDJPY
0	19:57:42.337	trend_dtrader GBPUSD,H1: Failed modifying USDJPY
0	19:57:43.337	trend_dtrader GBPUSD,H1: Failed modifying USDJPY
0	19:57:44.336	trend_dtrader GBPUSD,H1: Failed modifying USDJPY
0	19:57:45.336	trend_dtrader GBPUSD,H1: Failed modifying USDJPY
0	19:57:46.339	trend_dtrader GBPUSD,H1: Failed modifying USDJPY
0	19:57:47.337	trend_dtrader GBPUSD,H1: Failed modifying USDJPY
0	19:57:48.337	trend_dtrader GBPUSD,H1: Failed modifying USDJPY
0	19:57:49.337	trend_dtrader GBPUSD,H1: Failed modifying USDJPY
0	19:57:50.337	trend_dtrader GBPUSD,H1: Failed modifying USDJPY
0	19:57:51.337	trend_dtrader GBPUSD,H1: Failed modifying USDJPY
0	19:57:52.336	trend_dtrader GBPUSD,H1: Failed modifying USDJPY
0	19:57:53.337	trend_dtrader GBPUSD,H1: Failed modifying USDJPY
0	19:57:54.337	trend_dtrader GBPUSD,H1: Failed modifying USDJPY
0	19:57:55.337	trend_dtrader GBPUSD,H1: Failed modifying USDJPY
0	19:57:56.337	trend_dtrader GBPUSD,H1: Failed modifying USDJPY
0	19:57:57.337	trend_dtrader GBPUSD,H1: Failed modifying USDJPY
0	19:57:58.337	trend_dtrader GBPUSD,H1: Failed modifying USDJPY
0	19:57:59.337	trend_dtrader GBPUSD,H1: Failed modifying USDJPY
0	19:58:00.336	trend_dtrader GBPUSD,H1: Failed modifying USDJPY
0	19:58:01.336	trend_dtrader GBPUSD,H1: Failed modifying USDJPY
0	19:58:02.337	trend_dtrader GBPUSD,H1: Failed modifying USDJPY
0	19:58:03.338	trend_dtrader GBPUSD,H1: Failed modifying USDJPY
0	19:58:04.337	trend_dtrader GBPUSD,H1: Failed modifying USDJPY
0	19:58:05.337	trend_dtrader GBPUSD,H1: Failed modifying USDJPY
0	19:58:06.337	trend_dtrader GBPUSD,H1: Failed modifying USDJPY
0	19:58:07.338	trend_dtrader GBPUSD,H1: Failed modifying USDJPY
0	19:58:08.337	trend_dtrader GBPUSD,H1: Failed modifying USDJPY
0	19:58:09.337	trend_dtrader GBPUSD,H1: Failed modifying USDJPY
0	19:58:10.337	trend_dtrader GBPUSD,H1: Failed modifying USDJPY
0	19:58:11.337	trend_dtrader GBPUSD,H1: Failed modifying USDJPY
0	19:58:12.337	trend_dtrader GBPUSD,H1: Failed modifying USDJPY
0	19:58:13.337	trend_dtrader GBPUSD,H1: Failed modifying USDJPY
0	19:58:14.336	trend_dtrader GBPUSD,H1: Failed modifying USDJPY
0	19:58:15.337	trend_dtrader GBPUSD,H1: Failed modifying USDJPY
0	19:58:16.337	trend_dtrader GBPUSD,H1: Failed modifying USDJPY
0	19:58:17.338	trend_dtrader GBPUSD,H1: Failed modifying USDJPY
0	19:58:18.337	trend_dtrader GBPUSD,H1: Failed modifying USDJPY
0	19:58:19.337	trend_dtrader GBPUSD,H1: Failed modifying USDJPY
0	19:58:20.336	trend_dtrader GBPUSD,H1: Failed modifying USDJPY
0	19:58:21.337	trend_dtrader GBPUSD,H1: Failed modifying USDJPY
0	19:58:22.337	trend_dtrader GBPUSD,H1: Failed modifying USDJPY
0	19:58:23.336	trend_dtrader GBPUSD,H1: Failed modifying USDJPY
0	19:58:24.337	trend_dtrader GBPUSD,H1: Failed modifying USDJPY
0	19:58:25.337	trend_dtrader GBPUSD,H1: Failed modifying USDJPY
0	19:58:26.337	trend_dtrader GBPUSD,H1: Failed modifying USDJPY
0	19:58:27.337	trend_dtrader GBPUSD,H1: Failed modifying USDJPY
0	19:58:28.336	trend_dtrader GBPUSD,H1: Failed modifying USDJPY
0	19:58:29.337	trend_dtrader GBPUSD,H1: Failed modifying USDJPY
0	19:58:30.337	trend_dtrader GBPUSD,H1: Failed modifying USDJPY
0	19:58:31.336	trend_dtrader GBPUSD,H1: Failed modifying USDJPY
0	19:58:32.337	trend_dtrader GBPUSD,H1: Failed modifying USDJPY
0	19:58:33.337	trend_dtrader GBPUSD,H1: Failed modifying USDJPY
0	19:58:34.337	trend_dtrader GBPUSD,H1: Failed modifying USDJPY
0	19:58:35.360	trend_dtrader GBPUSD,H1: Failed modifying USDJPY
0	19:58:36.337	trend_dtrader GBPUSD,H1: Failed modifying USDJPY
0	19:58:37.337	trend_dtrader GBPUSD,H1: Failed modifying USDJPY
0	19:58:38.337	trend_dtrader GBPUSD,H1: Failed modifying USDJPY
0	19:58:39.337	trend_dtrader GBPUSD,H1: Failed modifying USDJPY
0	19:58:40.336	trend_dtrader GBPUSD,H1: Failed modifying USDJPY
0	19:58:41.337	trend_dtrader GBPUSD,H1: Failed modifying USDJPY
0	19:58:42.337	trend_dtrader GBPUSD,H1: Failed modifying USDJPY
0	19:58:43.337	trend_dtrader GBPUSD,H1: Failed modifying USDJPY
0	19:58:44.337	trend_dtrader GBPUSD,H1: Failed modifying USDJPY
0	19:58:45.337	trend_dtrader GBPUSD,H1: Failed modifying USDJPY
0	19:58:46.337	trend_dtrader GBPUSD,H1: Failed modifying USDJPY
0	19:58:47.336	trend_dtrader GBPUSD,H1: Failed modifying USDJPY
0	19:58:48.336	trend_dtrader GBPUSD,H1: Failed modifying USDJPY
0	19:58:49.337	trend_dtrader GBPUSD,H1: Failed modifying USDJPY
0	19:58:50.360	trend_dtrader GBPUSD,H1: Failed modifying USDJPY
0	19:58:51.337	trend_dtrader GBPUSD,H1: Failed modifying USDJPY
0	19:58:52.337	trend_dtrader GBPUSD,H1: Failed modifying USDJPY
0	19:58:53.337	trend_dtrader GBPUSD,H1: Failed modifying USDJPY
0	19:58:54.336	trend_dtrader GBPUSD,H1: Failed modifying USDJPY
0	19:58:55.340	trend_dtrader GBPUSD,H1: Failed modifying USDJPY
0	19:58:56.337	trend_dtrader GBPUSD,H1: Failed modifying USDJPY
0	19:58:57.337	trend_dtrader GBPUSD,H1: Failed modifying USDJPY
0	19:58:58.336	trend_dtrader GBPUSD,H1: Failed modifying USDJPY
0	19:58:59.336	trend_dtrader GBPUSD,H1: Failed modifying USDJPY
0	19:59:00.347	trend_dtrader GBPUSD,H1: Failed modifying USDJPY
0	19:59:01.336	trend_dtrader GBPUSD,H1: Failed modifying USDJPY
0	19:59:02.336	trend_dtrader GBPUSD,H1: Failed modifying USDJPY
0	19:59:03.336	trend_dtrader GBPUSD,H1: Failed modifying USDJPY
0	19:59:04.415	trend_dtrader GBPUSD,H1: Failed modifying USDJPY
0	19:59:05.336	trend_dtrader GBPUSD,H1: Failed modifying USDJPY
0	19:59:06.337	trend_dtrader GBPUSD,H1: Failed modifying USDJPY
0	19:59:07.337	trend_dtrader GBPUSD,H1: Failed modifying USDJPY
0	19:59:08.337	trend_dtrader GBPUSD,H1: Failed modifying USDJPY
0	19:59:09.336	trend_dtrader GBPUSD,H1: Failed modifying USDJPY
0	19:59:10.337	trend_dtrader GBPUSD,H1: Failed modifying USDJPY
0	19:59:11.337	trend_dtrader GBPUSD,H1: Failed modifying USDJPY
0	19:59:12.337	trend_dtrader GBPUSD,H1: Failed modifying USDJPY
0	19:59:13.337	trend_dtrader GBPUSD,H1: Failed modifying USDJPY
0	19:59:14.337	trend_dtrader GBPUSD,H1: Failed modifying USDJPY
0	19:59:15.336	trend_dtrader GBPUSD,H1: Failed modifying USDJPY
0	19:59:16.336	trend_dtrader GBPUSD,H1: Failed modifying USDJPY
0	19:59:17.337	trend_dtrader GBPUSD,H1: Failed modifying USDJPY
0	19:59:18.336	trend_dtrader GBPUSD,H1: Failed modifying USDJPY
0	19:59:19.336	trend_dtrader GBPUSD,H1: Failed modifying USDJPY
0	19:59:20.337	trend_dtrader GBPUSD,H1: Failed modifying USDJPY
0	19:59:21.337	trend_dtrader GBPUSD,H1: Failed modifying USDJPY
0	19:59:22.337	trend_dtrader GBPUSD,H1: Failed modifying USDJPY
0	19:59:23.336	trend_dtrader GBPUSD,H1: Failed modifying USDJPY
0	19:59:24.336	trend_dtrader GBPUSD,H1: Failed modifying USDJPY
0	19:59:25.340	trend_dtrader GBPUSD,H1: Failed modifying USDJPY
0	19:59:26.337	trend_dtrader GBPUSD,H1: Failed modifying USDJPY
0	19:59:27.351	trend_dtrader GBPUSD,H1: Failed modifying USDJPY
0	19:59:28.336	trend_dtrader GBPUSD,H1: Failed modifying USDJPY
0	19:59:29.337	trend_dtrader GBPUSD,H1: Failed modifying USDJPY
0	19:59:30.336	trend_dtrader GBPUSD,H1: Failed modifying USDJPY
0	19:59:31.336	trend_dtrader GBPUSD,H1: Failed modifying USDJPY
0	19:59:32.336	trend_dtrader GBPUSD,H1: Failed modifying USDJPY
0	19:59:33.336	trend_dtrader GBPUSD,H1: Failed modifying USDJPY
0	19:59:34.336	trend_dtrader GBPUSD,H1: Failed modifying USDJPY
0	19:59:35.336	trend_dtrader GBPUSD,H1: Failed modifying USDJPY
0	19:59:36.336	trend_dtrader GBPUSD,H1: Failed modifying USDJPY
0	19:59:37.336	trend_dtrader GBPUSD,H1: Failed modifying USDJPY
0	19:59:38.336	trend_dtrader GBPUSD,H1: Failed modifying USDJPY
0	19:59:39.336	trend_dtrader GBPUSD,H1: Failed modifying USDJPY
0	19:59:40.336	trend_dtrader GBPUSD,H1: Failed modifying USDJPY
0	19:59:41.337	trend_dtrader GBPUSD,H1: Failed modifying USDJPY
0	19:59:42.336	trend_dtrader GBPUSD,H1: Failed modifying USDJPY
0	19:59:43.337	trend_dtrader GBPUSD,H1: Failed modifying USDJPY
0	19:59:44.337	trend_dtrader GBPUSD,H1: Failed modifying USDJPY
0	19:59:45.337	trend_dtrader GBPUSD,H1: Failed modifying USDJPY
0	19:59:46.336	trend_dtrader GBPUSD,H1: Failed modifying USDJPY
0	19:59:47.337	trend_dtrader GBPUSD,H1: Failed modifying USDJPY
0	19:59:48.337	trend_dtrader GBPUSD,H1: Failed modifying USDJPY
0	19:59:49.336	trend_dtrader GBPUSD,H1: Failed modifying USDJPY
0	19:59:50.336	trend_dtrader GBPUSD,H1: Failed modifying USDJPY
0	19:59:51.336	trend_dtrader GBPUSD,H1: Failed modifying USDJPY
0	19:59:52.336	trend_dtrader GBPUSD,H1: Failed modifying USDJPY
0	19:59:53.336	trend_dtrader GBPUSD,H1: Failed modifying USDJPY
0	19:59:54.336	trend_dtrader GBPUSD,H1: Failed modifying USDJPY
0	19:59:55.342	trend_dtrader GBPUSD,H1: Failed modifying USDJPY
0	19:59:56.336	trend_dtrader GBPUSD,H1: Failed modifying USDJPY
0	19:59:57.336	trend_dtrader GBPUSD,H1: Failed modifying USDJPY
0	19:59:58.336	trend_dtrader GBPUSD,H1: Failed modifying USDJPY
0	19:59:59.337	trend_dtrader GBPUSD,H1: Failed modifying USDJPY
0	20:00:00.336	trend_dtrader GBPUSD,H1: Failed modifying USDJPY
0	20:00:01.336	trend_dtrader GBPUSD,H1: Failed modifying USDJPY
0	20:00:02.337	trend_dtrader GBPUSD,H1: Failed modifying USDJPY
0	20:00:03.336	trend_dtrader GBPUSD,H1: Failed modifying USDJPY
0	20:00:04.336	trend_dtrader GBPUSD,H1: Failed modifying USDJPY
0	20:00:05.337	trend_dtrader GBPUSD,H1: Failed modifying USDJPY
0	20:00:06.336	trend_dtrader GBPUSD,H1: Failed modifying USDJPY
0	20:00:07.337	trend_dtrader GBPUSD,H1: Failed modifying USDJPY
0	20:00:08.337	trend_dtrader GBPUSD,H1: Failed modifying USDJPY
0	20:00:09.336	trend_dtrader GBPUSD,H1: Failed modifying USDJPY
0	20:00:10.337	trend_dtrader GBPUSD,H1: Failed modifying USDJPY
0	20:00:11.337	trend_dtrader GBPUSD,H1: Failed modifying USDJPY
0	20:00:12.337	trend_dtrader GBPUSD,H1: Failed modifying USDJPY
0	20:00:13.340	trend_dtrader GBPUSD,H1: Failed modifying USDJPY
0	20:00:14.336	trend_dtrader GBPUSD,H1: Failed modifying USDJPY
0	20:00:15.337	trend_dtrader GBPUSD,H1: Failed modifying USDJPY
0	20:00:16.349	trend_dtrader GBPUSD,H1: Failed modifying USDJPY
0	20:00:17.337	trend_dtrader GBPUSD,H1: Failed modifying USDJPY
0	20:00:18.341	trend_dtrader GBPUSD,H1: Failed modifying USDJPY
0	20:00:19.337	trend_dtrader GBPUSD,H1: Failed modifying USDJPY
0	20:00:20.336	trend_dtrader GBPUSD,H1: Failed modifying USDJPY
0	20:00:21.337	trend_dtrader GBPUSD,H1: Failed modifying USDJPY
0	20:00:22.337	trend_dtrader GBPUSD,H1: Failed modifying USDJPY
0	20:00:23.337	trend_dtrader GBPUSD,H1: Failed modifying USDJPY
0	20:00:24.336	trend_dtrader GBPUSD,H1: Failed modifying USDJPY
0	20:00:25.389	trend_dtrader GBPUSD,H1: Failed modifying USDJPY
0	20:00:26.336	trend_dtrader GBPUSD,H1: Failed modifying USDJPY
0	20:00:27.336	trend_dtrader GBPUSD,H1: Failed modifying USDJPY
0	20:00:28.339	trend_dtrader GBPUSD,H1: Failed modifying USDJPY
0	20:00:29.337	trend_dtrader GBPUSD,H1: Failed modifying USDJPY
0	20:00:30.337	trend_dtrader GBPUSD,H1: Failed modifying USDJPY
0	20:00:31.337	trend_dtrader GBPUSD,H1: Failed modifying USDJPY
0	20:00:32.350	trend_dtrader GBPUSD,H1: Failed modifying USDJPY
0	20:00:33.336	trend_dtrader GBPUSD,H1: Failed modifying USDJPY
0	20:00:34.336	trend_dtrader GBPUSD,H1: Failed modifying USDJPY
0	20:00:35.337	trend_dtrader GBPUSD,H1: Failed modifying USDJPY
0	20:00:36.336	trend_dtrader GBPUSD,H1: Failed modifying USDJPY
0	20:00:37.337	trend_dtrader GBPUSD,H1: Failed modifying USDJPY
0	20:00:38.337	trend_dtrader GBPUSD,H1: Failed modifying USDJPY
0	20:00:39.337	trend_dtrader GBPUSD,H1: Failed modifying USDJPY
0	20:00:40.337	trend_dtrader GBPUSD,H1: Failed modifying USDJPY
0	20:00:41.337	trend_dtrader GBPUSD,H1: Failed modifying USDJPY
0	20:00:42.336	trend_dtrader GBPUSD,H1: Failed modifying USDJPY
0	20:00:43.337	trend_dtrader GBPUSD,H1: Failed modifying USDJPY
0	20:00:44.336	trend_dtrader GBPUSD,H1: Failed modifying USDJPY
0	20:00:45.337	trend_dtrader GBPUSD,H1: Failed modifying USDJPY
0	20:00:46.337	trend_dtrader GBPUSD,H1: Failed modifying USDJPY
0	20:00:47.337	trend_dtrader GBPUSD,H1: Failed modifying USDJPY
0	20:00:48.336	trend_dtrader GBPUSD,H1: Failed modifying USDJPY
0	20:00:49.336	trend_dtrader GBPUSD,H1: Failed modifying USDJPY
0	20:00:50.337	trend_dtrader GBPUSD,H1: Failed modifying USDJPY
0	20:00:51.336	trend_dtrader GBPUSD,H1: Failed modifying USDJPY
0	20:00:52.336	trend_dtrader GBPUSD,H1: Failed modifying USDJPY
0	20:00:53.337	trend_dtrader GBPUSD,H1: Failed modifying USDJPY
0	20:00:54.337	trend_dtrader GBPUSD,H1: Failed modifying USDJPY
0	20:00:55.336	trend_dtrader GBPUSD,H1: Failed modifying USDJPY
0	20:00:56.338	trend_dtrader GBPUSD,H1: Failed modifying USDJPY
0	20:00:57.336	trend_dtrader GBPUSD,H1: Failed modifying USDJPY
0	20:00:58.336	trend_dtrader GBPUSD,H1: Failed modifying USDJPY
0	20:00:59.336	trend_dtrader GBPUSD,H1: Failed modifying USDJPY
0	20:01:00.336	trend_dtrader GBPUSD,H1: Failed modifying USDJPY
0	20:01:01.336	trend_dtrader GBPUSD,H1: Failed modifying USDJPY
0	20:01:02.336	trend_dtrader GBPUSD,H1: Failed modifying USDJPY
0	20:01:03.336	trend_dtrader GBPUSD,H1: Failed modifying USDJPY
0	20:01:04.336	trend_dtrader GBPUSD,H1: Failed modifying USDJPY
0	20:01:05.337	trend_dtrader GBPUSD,H1: Failed modifying USDJPY
0	20:01:06.337	trend_dtrader GBPUSD,H1: Failed modifying USDJPY
0	20:01:07.336	trend_dtrader GBPUSD,H1: Failed modifying USDJPY
0	20:01:08.336	trend_dtrader GBPUSD,H1: Failed modifying USDJPY
0	20:01:09.340	trend_dtrader GBPUSD,H1: Failed modifying USDJPY
0	20:01:10.336	trend_dtrader GBPUSD,H1: Failed modifying USDJPY
0	20:01:11.336	trend_dtrader GBPUSD,H1: Failed modifying USDJPY
0	20:01:12.336	trend_dtrader GBPUSD,H1: Failed modifying USDJPY
0	20:01:13.336	trend_dtrader GBPUSD,H1: Failed modifying USDJPY
0	20:01:14.337	trend_dtrader GBPUSD,H1: Failed modifying USDJPY
0	20:01:15.336	trend_dtrader GBPUSD,H1: Failed modifying USDJPY
0	20:01:16.336	trend_dtrader GBPUSD,H1: Failed modifying USDJPY
0	20:01:17.336	trend_dtrader GBPUSD,H1: Failed modifying USDJPY
0	20:01:18.336	trend_dtrader GBPUSD,H1: Failed modifying USDJPY
0	20:01:19.336	trend_dtrader GBPUSD,H1: Failed modifying USDJPY
0	20:01:20.336	trend_dtrader GBPUSD,H1: Failed modifying USDJPY
0	20:01:21.336	trend_dtrader GBPUSD,H1: Failed modifying USDJPY
0	20:01:22.336	trend_dtrader GBPUSD,H1: Failed modifying USDJPY
0	20:01:23.337	trend_dtrader GBPUSD,H1: Failed modifying USDJPY
0	20:01:24.337	trend_dtrader GBPUSD,H1: Failed modifying USDJPY
0	20:01:25.336	trend_dtrader GBPUSD,H1: Failed modifying USDJPY
0	20:01:26.336	trend_dtrader GBPUSD,H1: Failed modifying USDJPY
0	20:01:27.336	trend_dtrader GBPUSD,H1: Failed modifying USDJPY
0	20:01:28.336	trend_dtrader GBPUSD,H1: Failed modifying USDJPY
0	20:01:29.336	trend_dtrader GBPUSD,H1: Failed modifying USDJPY
0	20:01:30.336	trend_dtrader GBPUSD,H1: Failed modifying USDJPY
0	20:01:31.336	trend_dtrader GBPUSD,H1: Failed modifying USDJPY
0	20:01:32.336	trend_dtrader GBPUSD,H1: Failed modifying USDJPY
0	20:01:33.336	trend_dtrader GBPUSD,H1: Failed modifying USDJPY
0	20:01:34.336	trend_dtrader GBPUSD,H1: Failed modifying USDJPY
0	20:01:35.336	trend_dtrader GBPUSD,H1: Failed modifying USDJPY
0	20:01:36.359	trend_dtrader GBPUSD,H1: Failed modifying USDJPY
0	20:01:37.358	trend_dtrader GBPUSD,H1: Failed modifying USDJPY
0	20:01:38.342	trend_dtrader GBPUSD,H1: Failed modifying USDJPY
0	20:01:39.337	trend_dtrader GBPUSD,H1: Failed modifying USDJPY
0	20:01:40.370	trend_dtrader GBPUSD,H1: Failed modifying USDJPY
0	20:01:41.336	trend_dtrader GBPUSD,H1: Failed modifying USDJPY
0	20:01:42.339	trend_dtrader GBPUSD,H1: Failed modifying USDJPY
0	20:01:43.336	trend_dtrader GBPUSD,H1: Failed modifying USDJPY
0	20:01:44.356	trend_dtrader GBPUSD,H1: Failed modifying USDJPY
0	20:01:45.336	trend_dtrader GBPUSD,H1: Failed modifying USDJPY
0	20:01:46.336	trend_dtrader GBPUSD,H1: Failed modifying USDJPY
0	20:01:47.337	trend_dtrader GBPUSD,H1: Failed modifying USDJPY
0	20:01:48.356	trend_dtrader GBPUSD,H1: Failed modifying USDJPY
0	20:01:49.359	trend_dtrader GBPUSD,H1: Failed modifying USDJPY
0	20:01:50.336	trend_dtrader GBPUSD,H1: Failed modifying USDJPY
0	20:01:51.336	trend_dtrader GBPUSD,H1: Failed modifying USDJPY
0	20:01:52.336	trend_dtrader GBPUSD,H1: Failed modifying USDJPY
0	20:01:53.336	trend_dtrader GBPUSD,H1: Failed modifying USDJPY
0	20:01:54.337	trend_dtrader GBPUSD,H1: Failed modifying USDJPY
0	20:01:55.336	trend_dtrader GBPUSD,H1: Failed modifying USDJPY
0	20:01:56.336	trend_dtrader GBPUSD,H1: Failed modifying USDJPY
0	20:01:57.337	trend_dtrader GBPUSD,H1: Failed modifying USDJPY
0	20:01:58.336	trend_dtrader GBPUSD,H1: Failed modifying USDJPY
0	20:01:59.336	trend_dtrader GBPUSD,H1: Failed modifying USDJPY
0	20:02:00.336	trend_dtrader GBPUSD,H1: Failed modifying USDJPY
0	20:02:01.336	trend_dtrader GBPUSD,H1: Failed modifying USDJPY
0	20:02:02.336	trend_dtrader GBPUSD,H1: Failed modifying USDJPY
0	20:02:03.336	trend_dtrader GBPUSD,H1: Failed modifying USDJPY
0	20:02:04.336	trend_dtrader GBPUSD,H1: Failed modifying USDJPY
0	20:02:05.336	trend_dtrader GBPUSD,H1: Failed modifying USDJPY
0	20:02:06.339	trend_dtrader GBPUSD,H1: Failed modifying USDJPY
0	20:02:07.370	trend_dtrader GBPUSD,H1: Failed modifying USDJPY
0	20:02:08.388	trend_dtrader GBPUSD,H1: Failed modifying USDJPY
0	20:02:09.337	trend_dtrader GBPUSD,H1: Failed modifying USDJPY
0	20:02:10.337	trend_dtrader GBPUSD,H1: Failed modifying USDJPY
0	20:02:11.336	trend_dtrader GBPUSD,H1: Failed modifying USDJPY
0	20:02:12.336	trend_dtrader GBPUSD,H1: Failed modifying USDJPY
0	20:02:13.336	trend_dtrader GBPUSD,H1: Failed modifying USDJPY
0	20:02:14.336	trend_dtrader GBPUSD,H1: Failed modifying USDJPY
0	20:02:15.336	trend_dtrader GBPUSD,H1: Failed modifying USDJPY
0	20:02:16.336	trend_dtrader GBPUSD,H1: Failed modifying USDJPY
0	20:02:17.336	trend_dtrader GBPUSD,H1: Failed modifying USDJPY
0	20:02:18.337	trend_dtrader GBPUSD,H1: Failed modifying USDJPY
0	20:02:19.336	trend_dtrader GBPUSD,H1: Failed modifying USDJPY
0	20:02:20.342	trend_dtrader GBPUSD,H1: Failed modifying USDJPY
0	20:02:21.336	trend_dtrader GBPUSD,H1: Failed modifying USDJPY
0	20:02:22.337	trend_dtrader GBPUSD,H1: Failed modifying USDJPY
0	20:02:23.336	trend_dtrader GBPUSD,H1: Failed modifying USDJPY
0	20:02:24.342	trend_dtrader GBPUSD,H1: Failed modifying USDJPY
0	20:02:25.336	trend_dtrader GBPUSD,H1: Failed modifying USDJPY
0	20:02:26.336	trend_dtrader GBPUSD,H1: Failed modifying USDJPY
0	20:02:27.390	trend_dtrader GBPUSD,H1: Failed modifying USDJPY
0	20:02:28.336	trend_dtrader GBPUSD,H1: Failed modifying USDJPY
0	20:02:29.336	trend_dtrader GBPUSD,H1: Failed modifying USDJPY
0	20:02:30.337	trend_dtrader GBPUSD,H1: Failed modifying USDJPY
0	20:02:31.336	trend_dtrader GBPUSD,H1: Failed modifying USDJPY
0	20:02:32.336	trend_dtrader GBPUSD,H1: Failed modifying USDJPY
0	20:02:33.336	trend_dtrader GBPUSD,H1: Failed modifying USDJPY
0	20:02:34.336	trend_dtrader GBPUSD,H1: Failed modifying USDJPY
0	20:02:35.376	trend_dtrader GBPUSD,H1: Failed modifying USDJPY
0	20:02:36.336	trend_dtrader GBPUSD,H1: Failed modifying USDJPY
0	20:02:37.345	trend_dtrader GBPUSD,H1: Failed modifying USDJPY
0	20:02:38.337	trend_dtrader GBPUSD,H1: Failed modifying USDJPY
0	20:02:39.337	trend_dtrader GBPUSD,H1: Failed modifying USDJPY
0	20:02:40.335	trend_dtrader GBPUSD,H1: Failed modifying USDJPY
0	20:02:41.336	trend_dtrader GBPUSD,H1: Failed modifying USDJPY
0	20:02:42.336	trend_dtrader GBPUSD,H1: Failed modifying USDJPY
0	20:02:43.336	trend_dtrader GBPUSD,H1: Failed modifying USDJPY
0	20:02:44.337	trend_dtrader GBPUSD,H1: Failed modifying USDJPY
0	20:02:45.336	trend_dtrader GBPUSD,H1: Failed modifying USDJPY
0	20:02:46.336	trend_dtrader GBPUSD,H1: Failed modifying USDJPY
0	20:02:47.336	trend_dtrader GBPUSD,H1: Failed modifying USDJPY
0	20:02:48.336	trend_dtrader GBPUSD,H1: Failed modifying USDJPY
0	20:02:49.336	trend_dtrader GBPUSD,H1: Failed modifying USDJPY
0	20:02:50.336	trend_dtrader GBPUSD,H1: Failed modifying USDJPY
0	20:02:51.336	trend_dtrader GBPUSD,H1: Failed modifying USDJPY
0	20:02:52.336	trend_dtrader GBPUSD,H1: Failed modifying USDJPY
0	20:02:53.336	trend_dtrader GBPUSD,H1: Failed modifying USDJPY
0	20:02:54.336	trend_dtrader GBPUSD,H1: Failed modifying USDJPY
0	20:02:55.336	trend_dtrader GBPUSD,H1: Failed modifying USDJPY
0	20:02:56.336	trend_dtrader GBPUSD,H1: Failed modifying USDJPY
0	20:02:57.336	trend_dtrader GBPUSD,H1: Failed modifying USDJPY
0	20:02:58.336	trend_dtrader GBPUSD,H1: Failed modifying USDJPY
0	20:02:59.336	trend_dtrader GBPUSD,H1: Failed modifying USDJPY
0	20:03:00.336	trend_dtrader GBPUSD,H1: Failed modifying USDJPY
0	20:03:01.336	trend_dtrader GBPUSD,H1: Failed modifying USDJPY
0	20:03:02.336	trend_dtrader GBPUSD,H1: Failed modifying USDJPY
0	20:03:03.336	trend_dtrader GBPUSD,H1: Failed modifying USDJPY
0	20:03:04.336	trend_dtrader GBPUSD,H1: Failed modifying USDJPY
0	20:03:05.337	trend_dtrader GBPUSD,H1: Failed modifying USDJPY
0	20:03:06.336	trend_dtrader GBPUSD,H1: Failed modifying USDJPY
0	20:03:07.336	trend_dtrader GBPUSD,H1: Failed modifying USDJPY
0	20:03:08.336	trend_dtrader GBPUSD,H1: Failed modifying USDJPY
0	20:03:09.336	trend_dtrader GBPUSD,H1: Failed modifying USDJPY
0	20:03:10.336	trend_dtrader GBPUSD,H1: Failed modifying USDJPY
0	20:03:11.336	trend_dtrader GBPUSD,H1: Failed modifying USDJPY
0	20:03:12.337	trend_dtrader GBPUSD,H1: Failed modifying USDJPY
0	20:03:13.336	trend_dtrader GBPUSD,H1: Failed modifying USDJPY
0	20:03:14.336	trend_dtrader GBPUSD,H1: Failed modifying USDJPY
0	20:03:15.337	trend_dtrader GBPUSD,H1: Failed modifying USDJPY
0	20:03:16.336	trend_dtrader GBPUSD,H1: Failed modifying USDJPY
0	20:03:17.336	trend_dtrader GBPUSD,H1: Failed modifying USDJPY
0	20:03:18.336	trend_dtrader GBPUSD,H1: Failed modifying USDJPY
0	20:03:19.336	trend_dtrader GBPUSD,H1: Failed modifying USDJPY
0	20:03:20.336	trend_dtrader GBPUSD,H1: Failed modifying USDJPY
0	20:03:21.336	trend_dtrader GBPUSD,H1: Failed modifying USDJPY
0	20:03:22.336	trend_dtrader GBPUSD,H1: Failed modifying USDJPY
0	20:03:23.336	trend_dtrader GBPUSD,H1: Failed modifying USDJPY
0	20:03:24.336	trend_dtrader GBPUSD,H1: Failed modifying USDJPY
0	20:03:25.337	trend_dtrader GBPUSD,H1: Failed modifying USDJPY
0	20:03:26.336	trend_dtrader GBPUSD,H1: Failed modifying USDJPY
0	20:03:27.335	trend_dtrader GBPUSD,H1: Failed modifying USDJPY
0	20:03:28.336	trend_dtrader GBPUSD,H1: Failed modifying USDJPY
0	20:03:29.336	trend_dtrader GBPUSD,H1: Failed modifying USDJPY
0	20:03:30.335	trend_dtrader GBPUSD,H1: Failed modifying USDJPY
0	20:03:31.336	trend_dtrader GBPUSD,H1: Failed modifying USDJPY
0	20:03:32.335	trend_dtrader GBPUSD,H1: Failed modifying USDJPY
0	20:03:33.336	trend_dtrader GBPUSD,H1: Failed modifying USDJPY
0	20:03:34.335	trend_dtrader GBPUSD,H1: Failed modifying USDJPY
0	20:03:35.336	trend_dtrader GBPUSD,H1: Failed modifying USDJPY
0	20:03:36.336	trend_dtrader GBPUSD,H1: Failed modifying USDJPY
0	20:03:37.336	trend_dtrader GBPUSD,H1: Failed modifying USDJPY
0	20:03:38.336	trend_dtrader GBPUSD,H1: Failed modifying USDJPY
0	20:03:39.337	trend_dtrader GBPUSD,H1: Failed modifying USDJPY
0	20:03:40.335	trend_dtrader GBPUSD,H1: Failed modifying USDJPY
0	20:03:41.336	trend_dtrader GBPUSD,H1: Failed modifying USDJPY
0	20:03:42.335	trend_dtrader GBPUSD,H1: Failed modifying USDJPY
0	20:03:43.336	trend_dtrader GBPUSD,H1: Failed modifying USDJPY
0	20:03:44.336	trend_dtrader GBPUSD,H1: Failed modifying USDJPY
0	20:03:45.336	trend_dtrader GBPUSD,H1: Failed modifying USDJPY
0	20:03:46.336	trend_dtrader GBPUSD,H1: Failed modifying USDJPY
0	20:03:47.336	trend_dtrader GBPUSD,H1: Failed modifying USDJPY
0	20:03:48.336	trend_dtrader GBPUSD,H1: Failed modifying USDJPY
0	20:03:49.335	trend_dtrader GBPUSD,H1: Failed modifying USDJPY
0	20:03:50.336	trend_dtrader GBPUSD,H1: Failed modifying USDJPY
0	20:03:51.337	trend_dtrader GBPUSD,H1: Failed modifying USDJPY
0	20:03:52.336	trend_dtrader GBPUSD,H1: Failed modifying USDJPY
0	20:03:53.346	trend_dtrader GBPUSD,H1: Failed modifying USDJPY
0	20:03:54.336	trend_dtrader GBPUSD,H1: Failed modifying USDJPY
0	20:03:55.344	trend_dtrader GBPUSD,H1: Failed modifying USDJPY
0	20:03:56.337	trend_dtrader GBPUSD,H1: Failed modifying USDJPY
0	20:03:57.336	trend_dtrader GBPUSD,H1: Failed modifying USDJPY
0	20:03:58.337	trend_dtrader GBPUSD,H1: Failed modifying USDJPY
0	20:03:59.336	trend_dtrader GBPUSD,H1: Failed modifying USDJPY
0	20:04:00.337	trend_dtrader GBPUSD,H1: Failed modifying USDJPY
0	20:04:01.336	trend_dtrader GBPUSD,H1: Failed modifying USDJPY
0	20:04:02.336	trend_dtrader GBPUSD,H1: Failed modifying USDJPY
0	20:04:03.340	trend_dtrader GBPUSD,H1: Failed modifying USDJPY
0	20:04:04.336	trend_dtrader GBPUSD,H1: Failed modifying USDJPY
0	20:04:05.336	trend_dtrader GBPUSD,H1: Failed modifying USDJPY
0	20:04:06.336	trend_dtrader GBPUSD,H1: Failed modifying USDJPY
0	20:04:07.335	trend_dtrader GBPUSD,H1: Failed modifying USDJPY
0	20:04:08.336	trend_dtrader GBPUSD,H1: Failed modifying USDJPY
0	20:04:09.336	trend_dtrader GBPUSD,H1: Failed modifying USDJPY
0	20:04:10.335	trend_dtrader GBPUSD,H1: Failed modifying USDJPY
0	20:04:11.345	trend_dtrader GBPUSD,H1: Failed modifying USDJPY
0	20:04:12.336	trend_dtrader GBPUSD,H1: Failed modifying USDJPY
0	20:04:13.336	trend_dtrader GBPUSD,H1: Failed modifying USDJPY
0	20:04:14.336	trend_dtrader GBPUSD,H1: Failed modifying USDJPY
0	20:04:15.335	trend_dtrader GBPUSD,H1: Failed modifying USDJPY
0	20:04:16.366	trend_dtrader GBPUSD,H1: Failed modifying USDJPY
0	20:04:17.336	trend_dtrader GBPUSD,H1: Failed modifying USDJPY
0	20:04:18.335	trend_dtrader GBPUSD,H1: Failed modifying USDJPY
0	20:04:19.336	trend_dtrader GBPUSD,H1: Failed modifying USDJPY
0	20:04:20.399	trend_dtrader GBPUSD,H1: Failed modifying USDJPY
0	20:04:21.335	trend_dtrader GBPUSD,H1: Failed modifying USDJPY
0	20:04:22.335	trend_dtrader GBPUSD,H1: Failed modifying USDJPY
0	20:04:23.336	trend_dtrader GBPUSD,H1: Failed modifying USDJPY
0	20:04:24.336	trend_dtrader GBPUSD,H1: Failed modifying USDJPY
0	20:04:25.335	trend_dtrader GBPUSD,H1: Failed modifying USDJPY
0	20:04:26.336	trend_dtrader GBPUSD,H1: Failed modifying USDJPY
0	20:04:27.335	trend_dtrader GBPUSD,H1: Failed modifying USDJPY
0	20:04:28.336	trend_dtrader GBPUSD,H1: Failed modifying USDJPY
0	20:04:29.336	trend_dtrader GBPUSD,H1: Failed modifying USDJPY
0	20:04:30.336	trend_dtrader GBPUSD,H1: Failed modifying USDJPY
0	20:04:31.336	trend_dtrader GBPUSD,H1: Failed modifying USDJPY
0	20:04:32.336	trend_dtrader GBPUSD,H1: Failed modifying USDJPY
0	20:04:33.336	trend_dtrader GBPUSD,H1: Failed modifying USDJPY
0	20:04:34.336	trend_dtrader GBPUSD,H1: Failed modifying USDJPY
0	20:04:35.335	trend_dtrader GBPUSD,H1: Failed modifying USDJPY
0	20:04:36.335	trend_dtrader GBPUSD,H1: Failed modifying USDJPY
0	20:04:37.351	trend_dtrader GBPUSD,H1: Failed modifying USDJPY
0	20:04:38.336	trend_dtrader GBPUSD,H1: Failed modifying USDJPY
0	20:04:39.336	trend_dtrader GBPUSD,H1: Failed modifying USDJPY
0	20:04:40.336	trend_dtrader GBPUSD,H1: Failed modifying USDJPY
0	20:04:41.351	trend_dtrader GBPUSD,H1: Failed modifying USDJPY
0	20:04:42.335	trend_dtrader GBPUSD,H1: Failed modifying USDJPY
0	20:04:43.336	trend_dtrader GBPUSD,H1: Failed modifying USDJPY
0	20:04:44.336	trend_dtrader GBPUSD,H1: Failed modifying USDJPY
0	20:04:45.335	trend_dtrader GBPUSD,H1: Failed modifying USDJPY
0	20:04:46.336	trend_dtrader GBPUSD,H1: Failed modifying USDJPY
0	20:04:47.336	trend_dtrader GBPUSD,H1: Failed modifying USDJPY
0	20:04:48.336	trend_dtrader GBPUSD,H1: Failed modifying USDJPY
0	20:04:49.336	trend_dtrader GBPUSD,H1: Failed modifying USDJPY
0	20:04:50.343	trend_dtrader GBPUSD,H1: Failed modifying USDJPY
0	20:04:51.336	trend_dtrader GBPUSD,H1: Failed modifying USDJPY
0	20:04:52.336	trend_dtrader GBPUSD,H1: Failed modifying USDJPY
0	20:04:53.335	trend_dtrader GBPUSD,H1: Failed modifying USDJPY
0	20:04:54.336	trend_dtrader GBPUSD,H1: Failed modifying USDJPY
0	20:04:55.368	trend_dtrader GBPUSD,H1: Failed modifying USDJPY
0	20:04:56.336	trend_dtrader GBPUSD,H1: Failed modifying USDJPY
0	20:04:57.336	trend_dtrader GBPUSD,H1: Failed modifying USDJPY
0	20:04:58.337	trend_dtrader GBPUSD,H1: Failed modifying USDJPY
0	20:04:59.338	trend_dtrader GBPUSD,H1: Failed modifying USDJPY
0	20:05:00.336	trend_dtrader GBPUSD,H1: Failed modifying USDJPY
0	20:05:01.336	trend_dtrader GBPUSD,H1: Failed modifying USDJPY
0	20:05:02.336	trend_dtrader GBPUSD,H1: Failed modifying USDJPY
0	20:05:03.336	trend_dtrader GBPUSD,H1: Failed modifying USDJPY
0	20:05:04.335	trend_dtrader GBPUSD,H1: Failed modifying USDJPY
0	20:05:05.336	trend_dtrader GBPUSD,H1: Failed modifying USDJPY
0	20:05:06.336	trend_dtrader GBPUSD,H1: Failed modifying USDJPY
0	20:05:07.632	trend_dtrader GBPUSD,H1: Failed modifying USDJPY
0	20:05:08.440	trend_dtrader GBPUSD,H1: Failed modifying USDJPY
0	20:05:09.335	trend_dtrader GBPUSD,H1: Failed modifying USDJPY
0	20:05:10.576	trend_dtrader GBPUSD,H1: Failed modifying USDJPY
0	20:05:11.440	trend_dtrader GBPUSD,H1: Failed modifying USDJPY
0	20:05:12.344	trend_dtrader GBPUSD,H1: Failed modifying USDJPY
0	20:05:13.336	trend_dtrader GBPUSD,H1: Failed modifying USDJPY
0	20:05:14.336	trend_dtrader GBPUSD,H1: Failed modifying USDJPY
0	20:05:15.336	trend_dtrader GBPUSD,H1: Failed modifying USDJPY
0	20:05:16.336	trend_dtrader GBPUSD,H1: Failed modifying USDJPY
0	20:05:17.336	trend_dtrader GBPUSD,H1: Failed modifying USDJPY
0	20:05:18.337	trend_dtrader GBPUSD,H1: Failed modifying USDJPY
0	20:05:19.336	trend_dtrader GBPUSD,H1: Failed modifying USDJPY
0	20:05:20.336	trend_dtrader GBPUSD,H1: Failed modifying USDJPY
0	20:05:21.360	trend_dtrader GBPUSD,H1: Failed modifying USDJPY
0	20:05:22.335	trend_dtrader GBPUSD,H1: Failed modifying USDJPY
0	20:05:23.337	trend_dtrader GBPUSD,H1: Failed modifying USDJPY
0	20:05:24.336	trend_dtrader GBPUSD,H1: Failed modifying USDJPY
0	20:05:25.392	trend_dtrader GBPUSD,H1: Failed modifying USDJPY
0	20:05:26.336	trend_dtrader GBPUSD,H1: Failed modifying USDJPY
0	20:05:27.361	trend_dtrader GBPUSD,H1: Failed modifying USDJPY
0	20:05:28.337	trend_dtrader GBPUSD,H1: Failed modifying USDJPY
0	20:05:29.336	trend_dtrader GBPUSD,H1: Failed modifying USDJPY
0	20:05:30.335	trend_dtrader GBPUSD,H1: Failed modifying USDJPY
0	20:05:31.336	trend_dtrader GBPUSD,H1: Failed modifying USDJPY
0	20:05:32.336	trend_dtrader GBPUSD,H1: Failed modifying USDJPY
0	20:05:33.336	trend_dtrader GBPUSD,H1: Failed modifying USDJPY
0	20:05:34.356	trend_dtrader GBPUSD,H1: Failed modifying USDJPY
0	20:05:35.340	trend_dtrader GBPUSD,H1: Failed modifying USDJPY
0	20:05:36.354	trend_dtrader GBPUSD,H1: Failed modifying USDJPY
0	20:05:37.336	trend_dtrader GBPUSD,H1: Failed modifying USDJPY
0	20:05:38.340	trend_dtrader GBPUSD,H1: Failed modifying USDJPY
0	20:05:39.383	trend_dtrader GBPUSD,H1: Failed modifying USDJPY
0	20:05:40.336	trend_dtrader GBPUSD,H1: Failed modifying USDJPY
0	20:05:41.336	trend_dtrader GBPUSD,H1: Failed modifying USDJPY
0	20:05:42.336	trend_dtrader GBPUSD,H1: Failed modifying USDJPY
0	20:05:43.335	trend_dtrader GBPUSD,H1: Failed modifying USDJPY
0	20:05:44.336	trend_dtrader GBPUSD,H1: Failed modifying USDJPY
0	20:05:45.335	trend_dtrader GBPUSD,H1: Failed modifying USDJPY
0	20:05:46.336	trend_dtrader GBPUSD,H1: Failed modifying USDJPY
0	20:05:47.336	trend_dtrader GBPUSD,H1: Failed modifying USDJPY
0	20:05:48.336	trend_dtrader GBPUSD,H1: Failed modifying USDJPY
0	20:05:49.335	trend_dtrader GBPUSD,H1: Failed modifying USDJPY
0	20:05:50.336	trend_dtrader GBPUSD,H1: Failed modifying USDJPY
0	20:05:51.351	trend_dtrader GBPUSD,H1: Failed modifying USDJPY
0	20:05:52.335	trend_dtrader GBPUSD,H1: Failed modifying USDJPY
0	20:05:53.336	trend_dtrader GBPUSD,H1: Failed modifying USDJPY
0	20:05:54.336	trend_dtrader GBPUSD,H1: Failed modifying USDJPY
0	20:05:55.335	trend_dtrader GBPUSD,H1: Failed modifying USDJPY
0	20:05:56.336	trend_dtrader GBPUSD,H1: Failed modifying USDJPY
0	20:05:57.336	trend_dtrader GBPUSD,H1: Failed modifying USDJPY
0	20:05:58.337	trend_dtrader GBPUSD,H1: Failed modifying USDJPY
0	20:05:59.336	trend_dtrader GBPUSD,H1: Failed modifying USDJPY
0	20:06:00.336	trend_dtrader GBPUSD,H1: Failed modifying USDJPY
0	20:06:01.336	trend_dtrader GBPUSD,H1: Failed modifying USDJPY
0	20:06:02.336	trend_dtrader GBPUSD,H1: Failed modifying USDJPY
0	20:06:03.425	trend_dtrader GBPUSD,H1: Failed modifying USDJPY
0	20:06:04.335	trend_dtrader GBPUSD,H1: Failed modifying USDJPY
0	20:06:05.335	trend_dtrader GBPUSD,H1: Failed modifying USDJPY
0	20:06:06.335	trend_dtrader GBPUSD,H1: Failed modifying USDJPY
0	20:06:07.336	trend_dtrader GBPUSD,H1: Failed modifying USDJPY
0	20:06:08.335	trend_dtrader GBPUSD,H1: Failed modifying USDJPY
0	20:06:09.336	trend_dtrader GBPUSD,H1: Failed modifying USDJPY
0	20:06:10.335	trend_dtrader GBPUSD,H1: Failed modifying USDJPY
0	20:06:11.335	trend_dtrader GBPUSD,H1: Failed modifying USDJPY
0	20:06:12.335	trend_dtrader GBPUSD,H1: Failed modifying USDJPY
0	20:06:13.335	trend_dtrader GBPUSD,H1: Failed modifying USDJPY
0	20:06:14.335	trend_dtrader GBPUSD,H1: Failed modifying USDJPY
0	20:06:15.335	trend_dtrader GBPUSD,H1: Failed modifying USDJPY
0	20:06:16.335	trend_dtrader GBPUSD,H1: Failed modifying USDJPY
0	20:06:17.335	trend_dtrader GBPUSD,H1: Failed modifying USDJPY
0	20:06:18.340	trend_dtrader GBPUSD,H1: Failed modifying USDJPY
0	20:06:19.335	trend_dtrader GBPUSD,H1: Failed modifying USDJPY
0	20:06:20.335	trend_dtrader GBPUSD,H1: Failed modifying USDJPY
0	20:06:21.336	trend_dtrader GBPUSD,H1: Failed modifying USDJPY
0	20:06:22.336	trend_dtrader GBPUSD,H1: Failed modifying USDJPY
0	20:06:23.335	trend_dtrader GBPUSD,H1: Failed modifying USDJPY
0	20:06:24.336	trend_dtrader GBPUSD,H1: Failed modifying USDJPY
0	20:06:25.335	trend_dtrader GBPUSD,H1: Failed modifying USDJPY
0	20:06:26.336	trend_dtrader GBPUSD,H1: Failed modifying USDJPY
0	20:06:27.336	trend_dtrader GBPUSD,H1: Failed modifying USDJPY
0	20:06:28.335	trend_dtrader GBPUSD,H1: Failed modifying USDJPY
0	20:06:29.335	trend_dtrader GBPUSD,H1: Failed modifying USDJPY
0	20:06:30.335	trend_dtrader GBPUSD,H1: Failed modifying USDJPY
0	20:06:31.335	trend_dtrader GBPUSD,H1: Failed modifying USDJPY
0	20:06:32.336	trend_dtrader GBPUSD,H1: Failed modifying USDJPY
0	20:06:33.337	trend_dtrader GBPUSD,H1: Failed modifying USDJPY
0	20:06:34.335	trend_dtrader GBPUSD,H1: Failed modifying USDJPY
0	20:06:35.335	trend_dtrader GBPUSD,H1: Failed modifying USDJPY
0	20:06:36.335	trend_dtrader GBPUSD,H1: Failed modifying USDJPY
0	20:06:37.335	trend_dtrader GBPUSD,H1: Failed modifying USDJPY
0	20:06:38.336	trend_dtrader GBPUSD,H1: Failed modifying USDJPY
0	20:06:39.336	trend_dtrader GBPUSD,H1: Failed modifying USDJPY
0	20:06:40.336	trend_dtrader GBPUSD,H1: Failed modifying USDJPY
0	20:06:41.335	trend_dtrader GBPUSD,H1: Failed modifying USDJPY
0	20:06:42.358	trend_dtrader GBPUSD,H1: Failed modifying USDJPY
0	20:06:43.335	trend_dtrader GBPUSD,H1: Failed modifying USDJPY
0	20:06:44.335	trend_dtrader GBPUSD,H1: Failed modifying USDJPY
0	20:06:45.335	trend_dtrader GBPUSD,H1: Failed modifying USDJPY
0	20:06:46.335	trend_dtrader GBPUSD,H1: Failed modifying USDJPY
0	20:06:47.335	trend_dtrader GBPUSD,H1: Failed modifying USDJPY
0	20:06:48.336	trend_dtrader GBPUSD,H1: Failed modifying USDJPY
0	20:06:49.336	trend_dtrader GBPUSD,H1: Failed modifying USDJPY
0	20:06:50.336	trend_dtrader GBPUSD,H1: Failed modifying USDJPY
0	20:06:51.335	trend_dtrader GBPUSD,H1: Failed modifying USDJPY
0	20:06:52.360	trend_dtrader GBPUSD,H1: Failed modifying USDJPY
0	20:06:53.336	trend_dtrader GBPUSD,H1: Failed modifying USDJPY
0	20:06:54.362	trend_dtrader GBPUSD,H1: Failed modifying USDJPY
0	20:06:55.335	trend_dtrader GBPUSD,H1: Failed modifying USDJPY
0	20:06:56.337	trend_dtrader GBPUSD,H1: Failed modifying USDJPY
0	20:06:57.336	trend_dtrader GBPUSD,H1: Failed modifying USDJPY
0	20:06:58.336	trend_dtrader GBPUSD,H1: Failed modifying USDJPY
0	20:06:59.335	trend_dtrader GBPUSD,H1: Failed modifying USDJPY
0	20:07:00.336	trend_dtrader GBPUSD,H1: Failed modifying USDJPY
0	20:07:01.335	trend_dtrader GBPUSD,H1: Failed modifying USDJPY
0	20:07:02.335	trend_dtrader GBPUSD,H1: Failed modifying USDJPY
0	20:07:03.335	trend_dtrader GBPUSD,H1: Failed modifying USDJPY
0	20:07:04.335	trend_dtrader GBPUSD,H1: Failed modifying USDJPY
0	20:07:05.335	trend_dtrader GBPUSD,H1: Failed modifying USDJPY
0	20:07:06.343	trend_dtrader GBPUSD,H1: Failed modifying USDJPY
0	20:07:07.335	trend_dtrader GBPUSD,H1: Failed modifying USDJPY
0	20:07:08.335	trend_dtrader GBPUSD,H1: Failed modifying USDJPY
0	20:07:09.335	trend_dtrader GBPUSD,H1: Failed modifying USDJPY
0	20:07:10.349	trend_dtrader GBPUSD,H1: Failed modifying USDJPY
0	20:07:11.335	trend_dtrader GBPUSD,H1: Failed modifying USDJPY
0	20:07:12.335	trend_dtrader GBPUSD,H1: Failed modifying USDJPY
0	20:07:13.335	trend_dtrader GBPUSD,H1: Failed modifying USDJPY
0	20:07:14.336	trend_dtrader GBPUSD,H1: Failed modifying USDJPY
0	20:07:15.336	trend_dtrader GBPUSD,H1: Failed modifying USDJPY
0	20:07:16.335	trend_dtrader GBPUSD,H1: Failed modifying USDJPY
0	20:07:17.338	trend_dtrader GBPUSD,H1: Failed modifying USDJPY
0	20:07:18.335	trend_dtrader GBPUSD,H1: Failed modifying USDJPY
0	20:07:19.349	trend_dtrader GBPUSD,H1: Failed modifying USDJPY
0	20:07:20.335	trend_dtrader GBPUSD,H1: Failed modifying USDJPY
0	20:07:21.336	trend_dtrader GBPUSD,H1: Failed modifying USDJPY
0	20:07:22.335	trend_dtrader GBPUSD,H1: Failed modifying USDJPY
0	20:07:23.362	trend_dtrader GBPUSD,H1: Failed modifying USDJPY
0	20:07:24.371	trend_dtrader GBPUSD,H1: Failed modifying USDJPY
0	20:07:25.335	trend_dtrader GBPUSD,H1: Failed modifying USDJPY
0	20:07:26.336	trend_dtrader GBPUSD,H1: Failed modifying USDJPY
0	20:07:27.335	trend_dtrader GBPUSD,H1: Failed modifying USDJPY
0	20:07:28.336	trend_dtrader GBPUSD,H1: Failed modifying USDJPY
0	20:07:29.335	trend_dtrader GBPUSD,H1: Failed modifying USDJPY
0	20:07:30.266	trend_dtrader GBPUSD,H1: Failed modifying USDJPY
0	20:07:31.248	trend_dtrader GBPUSD,H1: Failed modifying USDJPY
0	20:07:32.248	trend_dtrader GBPUSD,H1: Failed modifying USDJPY
0	20:07:33.247	trend_dtrader GBPUSD,H1: Failed modifying USDJPY
0	20:07:34.247	trend_dtrader GBPUSD,H1: Failed modifying USDJPY
0	20:07:35.248	trend_dtrader GBPUSD,H1: Failed modifying USDJPY
0	20:07:36.253	trend_dtrader GBPUSD,H1: Failed modifying USDJPY
0	20:07:37.247	trend_dtrader GBPUSD,H1: Failed modifying USDJPY
0	20:07:38.247	trend_dtrader GBPUSD,H1: Failed modifying USDJPY
0	20:07:39.247	trend_dtrader GBPUSD,H1: Failed modifying USDJPY
0	20:07:40.247	trend_dtrader GBPUSD,H1: Failed modifying USDJPY
0	20:07:41.247	trend_dtrader GBPUSD,H1: Failed modifying USDJPY
0	20:07:42.249	trend_dtrader GBPUSD,H1: Failed modifying USDJPY
0	20:07:43.247	trend_dtrader GBPUSD,H1: Failed modifying USDJPY
0	20:07:44.248	trend_dtrader GBPUSD,H1: Failed modifying USDJPY
0	20:07:45.247	trend_dtrader GBPUSD,H1: Failed modifying USDJPY
0	20:07:46.247	trend_dtrader GBPUSD,H1: Failed modifying USDJPY
0	20:07:47.247	trend_dtrader GBPUSD,H1: Failed modifying USDJPY
0	20:07:48.257	trend_dtrader GBPUSD,H1: Failed modifying USDJPY
0	20:07:49.247	trend_dtrader GBPUSD,H1: Failed modifying USDJPY
0	20:07:50.247	trend_dtrader GBPUSD,H1: Failed modifying USDJPY
0	20:07:51.248	trend_dtrader GBPUSD,H1: Failed modifying USDJPY
0	20:07:52.247	trend_dtrader GBPUSD,H1: Failed modifying USDJPY
0	20:07:53.247	trend_dtrader GBPUSD,H1: Failed modifying USDJPY
0	20:07:54.247	trend_dtrader GBPUSD,H1: Failed modifying USDJPY
0	20:07:55.248	trend_dtrader GBPUSD,H1: Failed modifying USDJPY
0	20:07:56.247	trend_dtrader GBPUSD,H1: Failed modifying USDJPY
0	20:07:57.247	trend_dtrader GBPUSD,H1: Failed modifying USDJPY
0	20:07:58.247	trend_dtrader GBPUSD,H1: Failed modifying USDJPY
0	20:07:59.247	trend_dtrader GBPUSD,H1: Failed modifying USDJPY
0	20:08:00.266	trend_dtrader GBPUSD,H1: Failed modifying USDJPY
0	20:08:01.248	trend_dtrader GBPUSD,H1: Failed modifying USDJPY
0	20:08:02.248	trend_dtrader GBPUSD,H1: Failed modifying USDJPY
0	20:08:03.247	trend_dtrader GBPUSD,H1: Failed modifying USDJPY
0	20:08:04.247	trend_dtrader GBPUSD,H1: Failed modifying USDJPY
0	20:08:05.247	trend_dtrader GBPUSD,H1: Failed modifying USDJPY
0	20:08:06.246	trend_dtrader GBPUSD,H1: Failed modifying USDJPY
0	20:08:07.247	trend_dtrader GBPUSD,H1: Failed modifying USDJPY
0	20:08:08.261	trend_dtrader GBPUSD,H1: Failed modifying USDJPY
0	20:08:09.247	trend_dtrader GBPUSD,H1: Failed modifying USDJPY
0	20:08:10.247	trend_dtrader GBPUSD,H1: Failed modifying USDJPY
0	20:08:11.253	trend_dtrader GBPUSD,H1: Failed modifying USDJPY
0	20:08:12.247	trend_dtrader GBPUSD,H1: Failed modifying USDJPY
0	20:08:13.247	trend_dtrader GBPUSD,H1: Failed modifying USDJPY
0	20:08:14.247	trend_dtrader GBPUSD,H1: Failed modifying USDJPY
0	20:08:15.247	trend_dtrader GBPUSD,H1: Failed modifying USDJPY
0	20:08:16.246	trend_dtrader GBPUSD,H1: Failed modifying USDJPY
0	20:08:17.247	trend_dtrader GBPUSD,H1: Failed modifying USDJPY
0	20:08:18.262	trend_dtrader GBPUSD,H1: Failed modifying USDJPY
0	20:08:19.247	trend_dtrader GBPUSD,H1: Failed modifying USDJPY
0	20:08:20.247	trend_dtrader GBPUSD,H1: Failed modifying USDJPY
0	20:08:21.246	trend_dtrader GBPUSD,H1: Failed modifying USDJPY
0	20:08:22.247	trend_dtrader GBPUSD,H1: Failed modifying USDJPY
0	20:08:23.246	trend_dtrader GBPUSD,H1: Failed modifying USDJPY
0	20:08:24.246	trend_dtrader GBPUSD,H1: Failed modifying USDJPY
0	20:08:25.247	trend_dtrader GBPUSD,H1: Failed modifying USDJPY
0	20:08:26.247	trend_dtrader GBPUSD,H1: Failed modifying USDJPY
0	20:08:27.246	trend_dtrader GBPUSD,H1: Failed modifying USDJPY
0	20:08:28.246	trend_dtrader GBPUSD,H1: Failed modifying USDJPY
0	20:08:29.247	trend_dtrader GBPUSD,H1: Failed modifying USDJPY
0	20:08:30.246	trend_dtrader GBPUSD,H1: Failed modifying USDJPY
0	20:08:31.273	trend_dtrader GBPUSD,H1: Failed modifying USDJPY
0	20:08:32.268	trend_dtrader GBPUSD,H1: Failed modifying USDJPY
0	20:08:33.247	trend_dtrader GBPUSD,H1: Failed modifying USDJPY
0	20:08:34.248	trend_dtrader GBPUSD,H1: Failed modifying USDJPY
0	20:08:35.247	trend_dtrader GBPUSD,H1: Failed modifying USDJPY
0	20:08:36.246	trend_dtrader GBPUSD,H1: Failed modifying USDJPY
0	20:08:37.264	trend_dtrader GBPUSD,H1: Failed modifying USDJPY
0	20:08:38.246	trend_dtrader GBPUSD,H1: Failed modifying USDJPY
0	20:08:39.272	trend_dtrader GBPUSD,H1: Failed modifying USDJPY
0	20:08:40.284	trend_dtrader GBPUSD,H1: Failed modifying USDJPY
0	20:08:41.247	trend_dtrader GBPUSD,H1: Failed modifying USDJPY
0	20:08:42.247	trend_dtrader GBPUSD,H1: Failed modifying USDJPY
0	20:08:43.246	trend_dtrader GBPUSD,H1: Failed modifying USDJPY
0	20:08:44.296	trend_dtrader GBPUSD,H1: Failed modifying USDJPY
0	20:08:45.314	trend_dtrader GBPUSD,H1: Failed modifying USDJPY
0	20:08:46.247	trend_dtrader GBPUSD,H1: Failed modifying USDJPY
0	20:08:47.246	trend_dtrader GBPUSD,H1: Failed modifying USDJPY
0	20:08:48.246	trend_dtrader GBPUSD,H1: Failed modifying USDJPY
0	20:08:49.246	trend_dtrader GBPUSD,H1: Failed modifying USDJPY
0	20:08:50.246	trend_dtrader GBPUSD,H1: Failed modifying USDJPY
0	20:08:51.260	trend_dtrader GBPUSD,H1: Failed modifying USDJPY
0	20:08:52.247	trend_dtrader GBPUSD,H1: Failed modifying USDJPY
0	20:08:53.246	trend_dtrader GBPUSD,H1: Failed modifying USDJPY
0	20:08:54.254	trend_dtrader GBPUSD,H1: Failed modifying USDJPY
0	20:08:55.246	trend_dtrader GBPUSD,H1: Failed modifying USDJPY
0	20:08:56.246	trend_dtrader GBPUSD,H1: Failed modifying USDJPY
0	20:08:57.247	trend_dtrader GBPUSD,H1: Failed modifying USDJPY
0	20:08:58.246	trend_dtrader GBPUSD,H1: Failed modifying USDJPY
0	20:08:59.247	trend_dtrader GBPUSD,H1: Failed modifying USDJPY
0	20:09:00.246	trend_dtrader GBPUSD,H1: Failed modifying USDJPY
0	20:09:01.246	trend_dtrader GBPUSD,H1: Failed modifying USDJPY
0	20:09:02.246	trend_dtrader GBPUSD,H1: Failed modifying USDJPY
0	20:09:03.246	trend_dtrader GBPUSD,H1: Failed modifying USDJPY
0	20:09:04.246	trend_dtrader GBPUSD,H1: Failed modifying USDJPY
0	20:09:05.258	trend_dtrader GBPUSD,H1: Failed modifying USDJPY
0	20:09:06.246	trend_dtrader GBPUSD,H1: Failed modifying USDJPY
0	20:09:07.246	trend_dtrader GBPUSD,H1: Failed modifying USDJPY
0	20:09:08.246	trend_dtrader GBPUSD,H1: Failed modifying USDJPY
0	20:09:09.246	trend_dtrader GBPUSD,H1: Failed modifying USDJPY
0	20:09:10.246	trend_dtrader GBPUSD,H1: Failed modifying USDJPY
0	20:09:11.246	trend_dtrader GBPUSD,H1: Failed modifying USDJPY
0	20:09:12.278	trend_dtrader GBPUSD,H1: Failed modifying USDJPY
0	20:09:13.246	trend_dtrader GBPUSD,H1: Failed modifying USDJPY
0	20:09:14.246	trend_dtrader GBPUSD,H1: Failed modifying USDJPY
0	20:09:15.246	trend_dtrader GBPUSD,H1: Failed modifying USDJPY
0	20:09:16.246	trend_dtrader GBPUSD,H1: Failed modifying USDJPY
0	20:09:17.246	trend_dtrader GBPUSD,H1: Failed modifying USDJPY
0	20:09:18.246	trend_dtrader GBPUSD,H1: Failed modifying USDJPY
0	20:09:19.246	trend_dtrader GBPUSD,H1: Failed modifying USDJPY
0	20:09:20.246	trend_dtrader GBPUSD,H1: Failed modifying USDJPY
0	20:09:21.245	trend_dtrader GBPUSD,H1: Failed modifying USDJPY
0	20:09:22.267	trend_dtrader GBPUSD,H1: Failed modifying USDJPY
0	20:09:23.246	trend_dtrader GBPUSD,H1: Failed modifying USDJPY
0	20:09:24.246	trend_dtrader GBPUSD,H1: Failed modifying USDJPY
0	20:09:25.246	trend_dtrader GBPUSD,H1: Failed modifying USDJPY
0	20:09:26.245	trend_dtrader GBPUSD,H1: Failed modifying USDJPY
0	20:09:27.245	trend_dtrader GBPUSD,H1: Failed modifying USDJPY
0	20:09:28.245	trend_dtrader GBPUSD,H1: Failed modifying USDJPY
0	20:09:29.246	trend_dtrader GBPUSD,H1: Failed modifying USDJPY
0	20:09:30.245	trend_dtrader GBPUSD,H1: Failed modifying USDJPY
0	20:09:31.245	trend_dtrader GBPUSD,H1: Failed modifying USDJPY
0	20:09:32.246	trend_dtrader GBPUSD,H1: Failed modifying USDJPY
0	20:09:33.246	trend_dtrader GBPUSD,H1: Failed modifying USDJPY
0	20:09:34.246	trend_dtrader GBPUSD,H1: Failed modifying USDJPY
0	20:09:35.246	trend_dtrader GBPUSD,H1: Failed modifying USDJPY
0	20:09:36.253	trend_dtrader GBPUSD,H1: Failed modifying USDJPY
0	20:09:37.246	trend_dtrader GBPUSD,H1: Failed modifying USDJPY
0	20:09:38.246	trend_dtrader GBPUSD,H1: Failed modifying USDJPY
0	20:09:39.246	trend_dtrader GBPUSD,H1: Failed modifying USDJPY
0	20:09:40.246	trend_dtrader GBPUSD,H1: Failed modifying USDJPY
0	20:09:41.245	trend_dtrader GBPUSD,H1: Failed modifying USDJPY
0	20:09:42.246	trend_dtrader GBPUSD,H1: Failed modifying USDJPY
0	20:09:43.246	trend_dtrader GBPUSD,H1: Failed modifying USDJPY
0	20:09:44.246	trend_dtrader GBPUSD,H1: Failed modifying USDJPY
0	20:09:45.246	trend_dtrader GBPUSD,H1: Failed modifying USDJPY
0	20:09:46.245	trend_dtrader GBPUSD,H1: Failed modifying USDJPY
0	20:09:47.245	trend_dtrader GBPUSD,H1: Failed modifying USDJPY
0	20:09:48.245	trend_dtrader GBPUSD,H1: Failed modifying USDJPY
0	20:09:49.245	trend_dtrader GBPUSD,H1: Failed modifying USDJPY
0	20:09:50.245	trend_dtrader GBPUSD,H1: Failed modifying USDJPY
0	20:09:51.245	trend_dtrader GBPUSD,H1: Failed modifying USDJPY
0	20:09:52.246	trend_dtrader GBPUSD,H1: Failed modifying USDJPY
0	20:09:53.245	trend_dtrader GBPUSD,H1: Failed modifying USDJPY
0	20:09:54.246	trend_dtrader GBPUSD,H1: Failed modifying USDJPY
0	20:09:55.246	trend_dtrader GBPUSD,H1: Failed modifying USDJPY
0	20:09:56.245	trend_dtrader GBPUSD,H1: Failed modifying USDJPY
0	20:09:57.249	trend_dtrader GBPUSD,H1: Failed modifying USDJPY
0	20:09:58.246	trend_dtrader GBPUSD,H1: Failed modifying USDJPY
0	20:09:59.282	trend_dtrader GBPUSD,H1: Failed modifying USDJPY
0	20:10:00.245	trend_dtrader GBPUSD,H1: Failed modifying USDJPY
0	20:10:01.261	trend_dtrader GBPUSD,H1: Failed modifying USDJPY
0	20:10:02.263	trend_dtrader GBPUSD,H1: Failed modifying USDJPY
0	20:10:03.245	trend_dtrader GBPUSD,H1: Failed modifying USDJPY
0	20:10:04.245	trend_dtrader GBPUSD,H1: Failed modifying USDJPY
0	20:10:05.245	trend_dtrader GBPUSD,H1: Failed modifying USDJPY
0	20:10:06.245	trend_dtrader GBPUSD,H1: Failed modifying USDJPY
0	20:10:07.245	trend_dtrader GBPUSD,H1: Failed modifying USDJPY
0	20:10:08.266	trend_dtrader GBPUSD,H1: Failed modifying USDJPY
0	20:10:09.245	trend_dtrader GBPUSD,H1: Failed modifying USDJPY
0	20:10:10.245	trend_dtrader GBPUSD,H1: Failed modifying USDJPY
0	20:10:11.245	trend_dtrader GBPUSD,H1: Failed modifying USDJPY
0	20:10:12.245	trend_dtrader GBPUSD,H1: Failed modifying USDJPY
0	20:10:13.244	trend_dtrader GBPUSD,H1: Failed modifying USDJPY
0	20:10:14.246	trend_dtrader GBPUSD,H1: Failed modifying USDJPY
0	20:10:15.245	trend_dtrader GBPUSD,H1: Failed modifying USDJPY
0	20:10:16.245	trend_dtrader GBPUSD,H1: Failed modifying USDJPY
0	20:10:17.246	trend_dtrader GBPUSD,H1: Failed modifying USDJPY
0	20:10:18.244	trend_dtrader GBPUSD,H1: Failed modifying USDJPY
0	20:10:19.245	trend_dtrader GBPUSD,H1: Failed modifying USDJPY
0	20:10:20.245	trend_dtrader GBPUSD,H1: Failed modifying USDJPY
0	20:10:21.258	trend_dtrader GBPUSD,H1: Failed modifying USDJPY
0	20:10:22.245	trend_dtrader GBPUSD,H1: Failed modifying USDJPY
0	20:10:23.245	trend_dtrader GBPUSD,H1: Failed modifying USDJPY
0	20:10:24.245	trend_dtrader GBPUSD,H1: Failed modifying USDJPY
0	20:10:25.245	trend_dtrader GBPUSD,H1: Failed modifying USDJPY
0	20:10:26.245	trend_dtrader GBPUSD,H1: Failed modifying USDJPY
0	20:10:27.245	trend_dtrader GBPUSD,H1: Failed modifying USDJPY
0	20:10:28.244	trend_dtrader GBPUSD,H1: Failed modifying USDJPY
0	20:10:29.245	trend_dtrader GBPUSD,H1: Failed modifying USDJPY
0	20:10:30.245	trend_dtrader GBPUSD,H1: Failed modifying USDJPY
0	20:10:31.245	trend_dtrader GBPUSD,H1: Failed modifying USDJPY
0	20:10:32.245	trend_dtrader GBPUSD,H1: Failed modifying USDJPY
0	20:10:34.246	trend_dtrader GBPUSD,H1: Failed modifying USDJPY
0	20:10:35.244	trend_dtrader GBPUSD,H1: Failed modifying USDJPY
0	20:10:36.245	trend_dtrader GBPUSD,H1: Failed modifying USDJPY
0	20:10:37.245	trend_dtrader GBPUSD,H1: Failed modifying USDJPY
0	20:10:38.244	trend_dtrader GBPUSD,H1: Failed modifying USDJPY
0	20:10:39.246	trend_dtrader GBPUSD,H1: Failed modifying USDJPY
0	20:10:40.245	trend_dtrader GBPUSD,H1: Failed modifying USDJPY
0	20:10:41.245	trend_dtrader GBPUSD,H1: Failed modifying USDJPY
0	20:10:42.245	trend_dtrader GBPUSD,H1: Failed modifying USDJPY
0	20:10:43.245	trend_dtrader GBPUSD,H1: Failed modifying USDJPY
0	20:10:44.245	trend_dtrader GBPUSD,H1: Failed modifying USDJPY
0	20:10:45.244	trend_dtrader GBPUSD,H1: Failed modifying USDJPY
0	20:10:46.255	trend_dtrader GBPUSD,H1: Failed modifying USDJPY
0	20:10:47.244	trend_dtrader GBPUSD,H1: Failed modifying USDJPY
0	20:10:48.245	trend_dtrader GBPUSD,H1: Failed modifying USDJPY
0	20:10:49.245	trend_dtrader GBPUSD,H1: Failed modifying USDJPY
0	20:10:50.283	trend_dtrader GBPUSD,H1: Failed modifying USDJPY
0	20:10:51.246	trend_dtrader GBPUSD,H1: Failed modifying USDJPY
0	20:10:52.245	trend_dtrader GBPUSD,H1: Failed modifying USDJPY
0	20:10:53.244	trend_dtrader GBPUSD,H1: Failed modifying USDJPY
0	20:10:54.245	trend_dtrader GBPUSD,H1: Failed modifying USDJPY
0	20:10:55.244	trend_dtrader GBPUSD,H1: Failed modifying USDJPY
0	20:10:56.245	trend_dtrader GBPUSD,H1: Failed modifying USDJPY
0	20:10:57.244	trend_dtrader GBPUSD,H1: Failed modifying USDJPY
0	20:10:58.244	trend_dtrader GBPUSD,H1: Failed modifying USDJPY
0	20:10:59.244	trend_dtrader GBPUSD,H1: Failed modifying USDJPY
0	20:11:00.279	trend_dtrader GBPUSD,H1: Failed modifying USDJPY
0	20:11:01.244	trend_dtrader GBPUSD,H1: Failed modifying USDJPY
0	20:11:02.263	trend_dtrader GBPUSD,H1: Failed modifying USDJPY
0	20:11:03.244	trend_dtrader GBPUSD,H1: Failed modifying USDJPY
0	20:11:04.244	trend_dtrader GBPUSD,H1: Failed modifying USDJPY
0	20:11:05.244	trend_dtrader GBPUSD,H1: Failed modifying USDJPY
0	20:11:06.244	trend_dtrader GBPUSD,H1: Failed modifying USDJPY
0	20:11:07.244	trend_dtrader GBPUSD,H1: Failed modifying USDJPY
0	20:11:08.244	trend_dtrader GBPUSD,H1: Failed modifying USDJPY
0	20:11:09.244	trend_dtrader GBPUSD,H1: Failed modifying USDJPY
0	20:11:10.244	trend_dtrader GBPUSD,H1: Failed modifying USDJPY
0	20:11:11.244	trend_dtrader GBPUSD,H1: Failed modifying USDJPY
0	20:11:12.244	trend_dtrader GBPUSD,H1: Failed modifying USDJPY
0	20:11:13.277	trend_dtrader GBPUSD,H1: Failed modifying USDJPY
0	20:11:14.244	trend_dtrader GBPUSD,H1: Failed modifying USDJPY
0	20:11:15.244	trend_dtrader GBPUSD,H1: Failed modifying USDJPY
0	20:11:16.253	trend_dtrader GBPUSD,H1: Failed modifying USDJPY
0	20:11:17.249	trend_dtrader GBPUSD,H1: Failed modifying USDJPY
0	20:11:18.244	trend_dtrader GBPUSD,H1: Failed modifying USDJPY
0	20:11:19.244	trend_dtrader GBPUSD,H1: Failed modifying USDJPY
0	20:11:20.244	trend_dtrader GBPUSD,H1: Failed modifying USDJPY
0	20:11:21.244	trend_dtrader GBPUSD,H1: Failed modifying USDJPY
0	20:11:22.271	trend_dtrader GBPUSD,H1: Failed modifying USDJPY
0	20:11:23.244	trend_dtrader GBPUSD,H1: Failed modifying USDJPY
0	20:11:24.244	trend_dtrader GBPUSD,H1: Failed modifying USDJPY
0	20:11:25.244	trend_dtrader GBPUSD,H1: Failed modifying USDJPY
0	20:11:26.254	trend_dtrader GBPUSD,H1: Failed modifying USDJPY
0	20:11:27.244	trend_dtrader GBPUSD,H1: Failed modifying USDJPY
0	20:11:28.251	trend_dtrader GBPUSD,H1: Failed modifying USDJPY
0	20:11:29.260	trend_dtrader GBPUSD,H1: Failed modifying USDJPY
0	20:11:30.244	trend_dtrader GBPUSD,H1: Failed modifying USDJPY
0	20:11:31.245	trend_dtrader GBPUSD,H1: Failed modifying USDJPY
0	20:11:32.249	trend_dtrader GBPUSD,H1: Failed modifying USDJPY
0	20:11:33.310	trend_dtrader GBPUSD,H1: Failed modifying USDJPY
0	20:11:34.244	trend_dtrader GBPUSD,H1: Failed modifying USDJPY
0	20:11:35.255	trend_dtrader GBPUSD,H1: Failed modifying USDJPY
0	20:11:36.243	trend_dtrader GBPUSD,H1: Failed modifying USDJPY
0	20:11:37.244	trend_dtrader GBPUSD,H1: Failed modifying USDJPY
0	20:11:38.248	trend_dtrader GBPUSD,H1: Failed modifying USDJPY
0	20:11:39.258	trend_dtrader GBPUSD,H1: Failed modifying USDJPY
0	20:11:40.265	trend_dtrader GBPUSD,H1: Failed modifying USDJPY
0	20:11:41.244	trend_dtrader GBPUSD,H1: Failed modifying USDJPY
0	20:11:42.245	trend_dtrader GBPUSD,H1: Failed modifying USDJPY
0	20:11:43.243	trend_dtrader GBPUSD,H1: Failed modifying USDJPY
0	20:11:44.244	trend_dtrader GBPUSD,H1: Failed modifying USDJPY
0	20:11:45.243	trend_dtrader GBPUSD,H1: Failed modifying USDJPY
0	20:11:46.257	trend_dtrader GBPUSD,H1: Failed modifying USDJPY
0	20:11:47.250	trend_dtrader GBPUSD,H1: Failed modifying USDJPY
0	20:11:48.244	trend_dtrader GBPUSD,H1: Failed modifying USDJPY
0	20:11:49.243	trend_dtrader GBPUSD,H1: Failed modifying USDJPY
0	20:11:50.243	trend_dtrader GBPUSD,H1: Failed modifying USDJPY
0	20:11:51.244	trend_dtrader GBPUSD,H1: Failed modifying USDJPY
0	20:11:52.244	trend_dtrader GBPUSD,H1: Failed modifying USDJPY
0	20:11:53.244	trend_dtrader GBPUSD,H1: Failed modifying USDJPY
0	20:11:54.243	trend_dtrader GBPUSD,H1: Failed modifying USDJPY
0	20:11:55.301	trend_dtrader GBPUSD,H1: Failed modifying USDJPY
0	20:11:56.244	trend_dtrader GBPUSD,H1: Failed modifying USDJPY
0	20:11:57.244	trend_dtrader GBPUSD,H1: Failed modifying USDJPY
0	20:11:58.272	trend_dtrader GBPUSD,H1: Failed modifying USDJPY
0	20:11:59.260	trend_dtrader GBPUSD,H1: Failed modifying USDJPY
0	20:12:00.244	trend_dtrader GBPUSD,H1: Failed modifying USDJPY
0	20:12:01.243	trend_dtrader GBPUSD,H1: Failed modifying USDJPY
0	20:12:02.254	trend_dtrader GBPUSD,H1: Failed modifying USDJPY
0	20:12:03.243	trend_dtrader GBPUSD,H1: Failed modifying USDJPY
0	20:12:04.247	trend_dtrader GBPUSD,H1: Failed modifying USDJPY
0	20:12:05.244	trend_dtrader GBPUSD,H1: Failed modifying USDJPY
0	20:12:06.244	trend_dtrader GBPUSD,H1: Failed modifying USDJPY
0	20:12:07.243	trend_dtrader GBPUSD,H1: Failed modifying USDJPY
0	20:12:08.244	trend_dtrader GBPUSD,H1: Failed modifying USDJPY
0	20:12:09.243	trend_dtrader GBPUSD,H1: Failed modifying USDJPY
0	20:12:10.243	trend_dtrader GBPUSD,H1: Failed modifying USDJPY
0	20:12:11.244	trend_dtrader GBPUSD,H1: Failed modifying USDJPY
0	20:12:12.243	trend_dtrader GBPUSD,H1: Failed modifying USDJPY
0	20:12:13.244	trend_dtrader GBPUSD,H1: Failed modifying USDJPY
0	20:12:14.243	trend_dtrader GBPUSD,H1: Failed modifying USDJPY
0	20:12:15.243	trend_dtrader GBPUSD,H1: Failed modifying USDJPY
0	20:12:16.253	trend_dtrader GBPUSD,H1: Failed modifying USDJPY
0	20:12:17.244	trend_dtrader GBPUSD,H1: Failed modifying USDJPY
0	20:12:18.243	trend_dtrader GBPUSD,H1: Failed modifying USDJPY
0	20:12:19.244	trend_dtrader GBPUSD,H1: Failed modifying USDJPY
0	20:12:20.243	trend_dtrader GBPUSD,H1: Failed modifying USDJPY
0	20:12:21.243	trend_dtrader GBPUSD,H1: Failed modifying USDJPY
0	20:12:22.244	trend_dtrader GBPUSD,H1: Failed modifying USDJPY
0	20:12:23.249	trend_dtrader GBPUSD,H1: Failed modifying USDJPY
0	20:12:24.244	trend_dtrader GBPUSD,H1: Failed modifying USDJPY
0	20:12:25.243	trend_dtrader GBPUSD,H1: Failed modifying USDJPY
0	20:12:26.243	trend_dtrader GBPUSD,H1: Failed modifying USDJPY
0	20:12:27.243	trend_dtrader GBPUSD,H1: Failed modifying USDJPY
0	20:12:28.257	trend_dtrader GBPUSD,H1: Failed modifying USDJPY
0	20:12:29.243	trend_dtrader GBPUSD,H1: Failed modifying USDJPY
0	20:12:30.243	trend_dtrader GBPUSD,H1: Failed modifying USDJPY
0	20:12:31.243	trend_dtrader GBPUSD,H1: Failed modifying USDJPY
0	20:12:32.243	trend_dtrader GBPUSD,H1: Failed modifying USDJPY
0	20:12:33.243	trend_dtrader GBPUSD,H1: Failed modifying USDJPY
0	20:12:34.243	trend_dtrader GBPUSD,H1: Failed modifying USDJPY
0	20:12:35.243	trend_dtrader GBPUSD,H1: Failed modifying USDJPY
0	20:12:36.243	trend_dtrader GBPUSD,H1: Failed modifying USDJPY
0	20:12:37.243	trend_dtrader GBPUSD,H1: Failed modifying USDJPY
0	20:12:38.243	trend_dtrader GBPUSD,H1: Failed modifying USDJPY
0	20:12:39.243	trend_dtrader GBPUSD,H1: Failed modifying USDJPY
0	20:12:40.243	trend_dtrader GBPUSD,H1: Failed modifying USDJPY
0	20:12:41.243	trend_dtrader GBPUSD,H1: Failed modifying USDJPY
0	20:12:42.243	trend_dtrader GBPUSD,H1: Failed modifying USDJPY
0	20:12:43.249	trend_dtrader GBPUSD,H1: Failed modifying USDJPY
0	20:12:44.243	trend_dtrader GBPUSD,H1: Failed modifying USDJPY
0	20:12:45.243	trend_dtrader GBPUSD,H1: Failed modifying USDJPY
0	20:12:46.242	trend_dtrader GBPUSD,H1: Failed modifying USDJPY
0	20:12:47.243	trend_dtrader GBPUSD,H1: Failed modifying USDJPY
0	20:12:48.243	trend_dtrader GBPUSD,H1: Failed modifying USDJPY
0	20:12:49.243	trend_dtrader GBPUSD,H1: Failed modifying USDJPY
0	20:12:50.242	trend_dtrader GBPUSD,H1: Failed modifying USDJPY
0	20:12:51.263	trend_dtrader GBPUSD,H1: Failed modifying USDJPY
0	20:12:52.337	trend_dtrader GBPUSD,H1: Failed modifying USDJPY
0	20:12:53.243	trend_dtrader GBPUSD,H1: Failed modifying USDJPY
0	20:12:54.243	trend_dtrader GBPUSD,H1: Failed modifying USDJPY
0	20:12:55.264	trend_dtrader GBPUSD,H1: Failed modifying USDJPY
0	20:12:56.244	trend_dtrader GBPUSD,H1: Failed modifying USDJPY
0	20:12:57.242	trend_dtrader GBPUSD,H1: Failed modifying USDJPY
0	20:12:58.248	trend_dtrader GBPUSD,H1: Failed modifying USDJPY
0	20:12:59.264	trend_dtrader GBPUSD,H1: Failed modifying USDJPY
0	20:13:00.243	trend_dtrader GBPUSD,H1: Failed modifying USDJPY
0	20:13:01.271	trend_dtrader GBPUSD,H1: Failed modifying USDJPY
0	20:13:02.242	trend_dtrader GBPUSD,H1: Failed modifying USDJPY
0	20:13:03.243	trend_dtrader GBPUSD,H1: Failed modifying USDJPY
0	20:13:04.242	trend_dtrader GBPUSD,H1: Failed modifying USDJPY
0	20:13:05.243	trend_dtrader GBPUSD,H1: Failed modifying USDJPY
0	20:13:06.243	trend_dtrader GBPUSD,H1: Failed modifying USDJPY
0	20:13:07.242	trend_dtrader GBPUSD,H1: Failed modifying USDJPY
0	20:13:08.242	trend_dtrader GBPUSD,H1: Failed modifying USDJPY
0	20:13:09.243	trend_dtrader GBPUSD,H1: Failed modifying USDJPY
0	20:13:10.243	trend_dtrader GBPUSD,H1: Failed modifying USDJPY
0	20:13:11.243	trend_dtrader GBPUSD,H1: Failed modifying USDJPY
0	20:13:12.242	trend_dtrader GBPUSD,H1: Failed modifying USDJPY
0	20:13:13.253	trend_dtrader GBPUSD,H1: Failed modifying USDJPY
0	20:13:14.242	trend_dtrader GBPUSD,H1: Failed modifying USDJPY
0	20:13:15.254	trend_dtrader GBPUSD,H1: Failed modifying USDJPY
0	20:13:16.242	trend_dtrader GBPUSD,H1: Failed modifying USDJPY
0	20:13:17.242	trend_dtrader GBPUSD,H1: Failed modifying USDJPY
0	20:13:18.242	trend_dtrader GBPUSD,H1: Failed modifying USDJPY
0	20:13:19.243	trend_dtrader GBPUSD,H1: Failed modifying USDJPY
0	20:13:20.242	trend_dtrader GBPUSD,H1: Failed modifying USDJPY
0	20:13:21.243	trend_dtrader GBPUSD,H1: Failed modifying USDJPY
0	20:13:22.243	trend_dtrader GBPUSD,H1: Failed modifying USDJPY
0	20:13:23.242	trend_dtrader GBPUSD,H1: Failed modifying USDJPY
0	20:13:24.243	trend_dtrader GBPUSD,H1: Failed modifying USDJPY
0	20:13:25.242	trend_dtrader GBPUSD,H1: Failed modifying USDJPY
0	20:13:26.242	trend_dtrader GBPUSD,H1: Failed modifying USDJPY
0	20:13:27.243	trend_dtrader GBPUSD,H1: Failed modifying USDJPY
0	20:13:28.251	trend_dtrader GBPUSD,H1: Failed modifying USDJPY
0	20:13:29.242	trend_dtrader GBPUSD,H1: Failed modifying USDJPY
0	20:13:30.242	trend_dtrader GBPUSD,H1: Failed modifying USDJPY
0	20:13:31.242	trend_dtrader GBPUSD,H1: Failed modifying USDJPY
0	20:13:32.242	trend_dtrader GBPUSD,H1: Failed modifying USDJPY
0	20:13:33.243	trend_dtrader GBPUSD,H1: Failed modifying USDJPY
0	20:13:34.242	trend_dtrader GBPUSD,H1: Failed modifying USDJPY
0	20:13:35.242	trend_dtrader GBPUSD,H1: Failed modifying USDJPY
0	20:13:36.242	trend_dtrader GBPUSD,H1: Failed modifying USDJPY
0	20:13:37.242	trend_dtrader GBPUSD,H1: Failed modifying USDJPY
0	20:13:38.242	trend_dtrader GBPUSD,H1: Failed modifying USDJPY
0	20:13:39.242	trend_dtrader GBPUSD,H1: Failed modifying USDJPY
0	20:13:40.265	trend_dtrader GBPUSD,H1: Failed modifying USDJPY
0	20:13:41.243	trend_dtrader GBPUSD,H1: Failed modifying USDJPY
0	20:13:42.242	trend_dtrader GBPUSD,H1: Failed modifying USDJPY
0	20:13:43.242	trend_dtrader GBPUSD,H1: Failed modifying USDJPY
0	20:13:44.242	trend_dtrader GBPUSD,H1: Failed modifying USDJPY
0	20:13:45.242	trend_dtrader GBPUSD,H1: Failed modifying USDJPY
0	20:13:46.250	trend_dtrader GBPUSD,H1: Failed modifying USDJPY
0	20:13:47.243	trend_dtrader GBPUSD,H1: Failed modifying USDJPY
0	20:13:48.242	trend_dtrader GBPUSD,H1: Failed modifying USDJPY
0	20:13:49.242	trend_dtrader GBPUSD,H1: Failed modifying USDJPY
0	20:13:50.242	trend_dtrader GBPUSD,H1: Failed modifying USDJPY
0	20:13:51.242	trend_dtrader GBPUSD,H1: Failed modifying USDJPY
0	20:13:52.242	trend_dtrader GBPUSD,H1: Failed modifying USDJPY
0	20:13:53.242	trend_dtrader GBPUSD,H1: Failed modifying USDJPY
0	20:13:54.242	trend_dtrader GBPUSD,H1: Failed modifying USDJPY
0	20:13:55.242	trend_dtrader GBPUSD,H1: Failed modifying USDJPY
0	20:13:56.242	trend_dtrader GBPUSD,H1: Failed modifying USDJPY
0	20:13:57.242	trend_dtrader GBPUSD,H1: Failed modifying USDJPY
0	20:13:58.241	trend_dtrader GBPUSD,H1: Failed modifying USDJPY
0	20:13:59.242	trend_dtrader GBPUSD,H1: Failed modifying USDJPY
0	20:14:00.242	trend_dtrader GBPUSD,H1: Failed modifying USDJPY
0	20:14:01.242	trend_dtrader GBPUSD,H1: Failed modifying USDJPY
0	20:14:02.241	trend_dtrader GBPUSD,H1: Failed modifying USDJPY
0	20:14:03.285	trend_dtrader GBPUSD,H1: Failed modifying USDJPY
0	20:14:04.241	trend_dtrader GBPUSD,H1: Failed modifying USDJPY
0	20:14:05.242	trend_dtrader GBPUSD,H1: Failed modifying USDJPY
0	20:14:06.242	trend_dtrader GBPUSD,H1: Failed modifying USDJPY
0	20:14:07.241	trend_dtrader GBPUSD,H1: Failed modifying USDJPY
0	20:14:08.242	trend_dtrader GBPUSD,H1: Failed modifying USDJPY
0	20:14:09.241	trend_dtrader GBPUSD,H1: Failed modifying USDJPY
0	20:14:10.241	trend_dtrader GBPUSD,H1: Failed modifying USDJPY
0	20:14:11.241	trend_dtrader GBPUSD,H1: Failed modifying USDJPY
0	20:14:12.241	trend_dtrader GBPUSD,H1: Failed modifying USDJPY
0	20:14:13.241	trend_dtrader GBPUSD,H1: Failed modifying USDJPY
0	20:14:14.241	trend_dtrader GBPUSD,H1: Failed modifying USDJPY
0	20:14:15.243	trend_dtrader GBPUSD,H1: Failed modifying USDJPY
0	20:14:16.241	trend_dtrader GBPUSD,H1: Failed modifying USDJPY
0	20:14:17.242	trend_dtrader GBPUSD,H1: Failed modifying USDJPY
0	20:14:18.242	trend_dtrader GBPUSD,H1: Failed modifying USDJPY
0	20:14:19.241	trend_dtrader GBPUSD,H1: Failed modifying USDJPY
0	20:14:20.241	trend_dtrader GBPUSD,H1: Failed modifying USDJPY
0	20:14:21.300	trend_dtrader GBPUSD,H1: Failed modifying USDJPY
0	20:14:22.242	trend_dtrader GBPUSD,H1: Failed modifying USDJPY
0	20:14:23.242	trend_dtrader GBPUSD,H1: Failed modifying USDJPY
0	20:14:24.241	trend_dtrader GBPUSD,H1: Failed modifying USDJPY
0	20:14:25.241	trend_dtrader GBPUSD,H1: Failed modifying USDJPY
0	20:14:26.242	trend_dtrader GBPUSD,H1: Failed modifying USDJPY
0	20:14:27.241	trend_dtrader GBPUSD,H1: Failed modifying USDJPY
0	20:14:28.241	trend_dtrader GBPUSD,H1: Failed modifying USDJPY
0	20:14:29.242	trend_dtrader GBPUSD,H1: Failed modifying USDJPY
0	20:14:30.241	trend_dtrader GBPUSD,H1: Failed modifying USDJPY
0	20:14:31.241	trend_dtrader GBPUSD,H1: Failed modifying USDJPY
0	20:14:32.241	trend_dtrader GBPUSD,H1: Failed modifying USDJPY
0	20:14:33.242	trend_dtrader GBPUSD,H1: Failed modifying USDJPY
0	20:14:34.241	trend_dtrader GBPUSD,H1: Failed modifying USDJPY
0	20:14:35.241	trend_dtrader GBPUSD,H1: Failed modifying USDJPY
0	20:14:36.241	trend_dtrader GBPUSD,H1: Failed modifying USDJPY
0	20:14:37.242	trend_dtrader GBPUSD,H1: Failed modifying USDJPY
0	20:14:38.242	trend_dtrader GBPUSD,H1: Failed modifying USDJPY
0	20:14:39.242	trend_dtrader GBPUSD,H1: Failed modifying USDJPY
0	20:14:40.241	trend_dtrader GBPUSD,H1: Failed modifying USDJPY
0	20:14:41.241	trend_dtrader GBPUSD,H1: Failed modifying USDJPY
0	20:14:42.242	trend_dtrader GBPUSD,H1: Failed modifying USDJPY
0	20:14:43.241	trend_dtrader GBPUSD,H1: Failed modifying USDJPY
0	20:14:44.248	trend_dtrader GBPUSD,H1: Failed modifying USDJPY
0	20:14:45.241	trend_dtrader GBPUSD,H1: Failed modifying USDJPY
0	20:14:46.241	trend_dtrader GBPUSD,H1: Failed modifying USDJPY
0	20:14:47.241	trend_dtrader GBPUSD,H1: Failed modifying USDJPY
0	20:14:48.241	trend_dtrader GBPUSD,H1: Failed modifying USDJPY
0	20:14:49.241	trend_dtrader GBPUSD,H1: Failed modifying USDJPY
0	20:14:50.242	trend_dtrader GBPUSD,H1: Failed modifying USDJPY
0	20:14:51.241	trend_dtrader GBPUSD,H1: Failed modifying USDJPY
0	20:14:52.240	trend_dtrader GBPUSD,H1: Failed modifying USDJPY
0	20:14:53.241	trend_dtrader GBPUSD,H1: Failed modifying USDJPY
0	20:14:54.241	trend_dtrader GBPUSD,H1: Failed modifying USDJPY
0	20:14:55.240	trend_dtrader GBPUSD,H1: Failed modifying USDJPY
0	20:14:56.242	trend_dtrader GBPUSD,H1: Failed modifying USDJPY
0	20:14:57.241	trend_dtrader GBPUSD,H1: Failed modifying USDJPY
0	20:14:58.244	trend_dtrader GBPUSD,H1: Failed modifying USDJPY
0	20:14:59.242	trend_dtrader GBPUSD,H1: Failed modifying USDJPY
0	20:15:00.240	trend_dtrader GBPUSD,H1: Failed modifying USDJPY
0	20:15:01.242	trend_dtrader GBPUSD,H1: Failed modifying USDJPY
0	20:15:02.240	trend_dtrader GBPUSD,H1: Failed modifying USDJPY
0	20:15:03.271	trend_dtrader GBPUSD,H1: Failed modifying USDJPY
0	20:15:04.241	trend_dtrader GBPUSD,H1: Failed modifying USDJPY
0	20:15:05.241	trend_dtrader GBPUSD,H1: Failed modifying USDJPY
0	20:15:06.241	trend_dtrader GBPUSD,H1: Failed modifying USDJPY
0	20:15:07.241	trend_dtrader GBPUSD,H1: Failed modifying USDJPY
0	20:15:08.285	trend_dtrader GBPUSD,H1: Failed modifying USDJPY
0	20:15:09.240	trend_dtrader GBPUSD,H1: Failed modifying USDJPY
0	20:15:10.242	trend_dtrader GBPUSD,H1: Failed modifying USDJPY
0	20:15:11.241	trend_dtrader GBPUSD,H1: Failed modifying USDJPY
0	20:15:12.241	trend_dtrader GBPUSD,H1: Failed modifying USDJPY
0	20:15:13.240	trend_dtrader GBPUSD,H1: Failed modifying USDJPY
0	20:15:14.240	trend_dtrader GBPUSD,H1: Failed modifying USDJPY
0	20:15:15.242	trend_dtrader GBPUSD,H1: Failed modifying USDJPY
0	20:15:16.293	trend_dtrader GBPUSD,H1: Failed modifying USDJPY
0	20:15:17.240	trend_dtrader GBPUSD,H1: Failed modifying USDJPY
0	20:15:18.241	trend_dtrader GBPUSD,H1: Failed modifying USDJPY
0	20:15:19.241	trend_dtrader GBPUSD,H1: Failed modifying USDJPY
0	20:15:20.241	trend_dtrader GBPUSD,H1: Failed modifying USDJPY
0	20:15:21.241	trend_dtrader GBPUSD,H1: Failed modifying USDJPY
0	20:15:22.241	trend_dtrader GBPUSD,H1: Failed modifying USDJPY
0	20:15:23.268	trend_dtrader GBPUSD,H1: Failed modifying USDJPY
0	20:15:24.240	trend_dtrader GBPUSD,H1: Failed modifying USDJPY
0	20:15:25.240	trend_dtrader GBPUSD,H1: Failed modifying USDJPY
0	20:15:26.240	trend_dtrader GBPUSD,H1: Failed modifying USDJPY
0	20:15:27.241	trend_dtrader GBPUSD,H1: Failed modifying USDJPY
0	20:15:28.259	trend_dtrader GBPUSD,H1: Failed modifying USDJPY
0	20:15:29.240	trend_dtrader GBPUSD,H1: Failed modifying USDJPY
0	20:15:30.241	trend_dtrader GBPUSD,H1: Failed modifying USDJPY
0	20:15:31.241	trend_dtrader GBPUSD,H1: Failed modifying USDJPY
0	20:15:32.240	trend_dtrader GBPUSD,H1: Failed modifying USDJPY
0	20:15:33.275	trend_dtrader GBPUSD,H1: Failed modifying USDJPY
0	20:15:34.241	trend_dtrader GBPUSD,H1: Failed modifying USDJPY
0	20:15:35.241	trend_dtrader GBPUSD,H1: Failed modifying USDJPY
0	20:15:36.241	trend_dtrader GBPUSD,H1: Failed modifying USDJPY
0	20:15:37.241	trend_dtrader GBPUSD,H1: Failed modifying USDJPY
0	20:15:38.241	trend_dtrader GBPUSD,H1: Failed modifying USDJPY
0	20:15:39.240	trend_dtrader GBPUSD,H1: Failed modifying USDJPY
0	20:15:40.240	trend_dtrader GBPUSD,H1: Failed modifying USDJPY
0	20:15:41.241	trend_dtrader GBPUSD,H1: Failed modifying USDJPY
0	20:15:42.240	trend_dtrader GBPUSD,H1: Failed modifying USDJPY
0	20:15:43.240	trend_dtrader GBPUSD,H1: Failed modifying USDJPY
0	20:15:44.240	trend_dtrader GBPUSD,H1: Failed modifying USDJPY
0	20:15:45.240	trend_dtrader GBPUSD,H1: Failed modifying USDJPY
0	20:15:46.240	trend_dtrader GBPUSD,H1: Failed modifying USDJPY
0	20:15:47.240	trend_dtrader GBPUSD,H1: Failed modifying USDJPY
0	20:15:48.241	trend_dtrader GBPUSD,H1: Failed modifying USDJPY
0	20:15:49.240	trend_dtrader GBPUSD,H1: Failed modifying USDJPY
0	20:15:50.240	trend_dtrader GBPUSD,H1: Failed modifying USDJPY
0	20:15:51.240	trend_dtrader GBPUSD,H1: Failed modifying USDJPY
0	20:15:52.240	trend_dtrader GBPUSD,H1: Failed modifying USDJPY
0	20:15:53.244	trend_dtrader GBPUSD,H1: Failed modifying USDJPY
0	20:15:54.287	trend_dtrader GBPUSD,H1: Failed modifying USDJPY
0	20:15:55.239	trend_dtrader GBPUSD,H1: Failed modifying USDJPY
0	20:15:56.240	trend_dtrader GBPUSD,H1: Failed modifying USDJPY
0	20:15:57.240	trend_dtrader GBPUSD,H1: Failed modifying USDJPY
0	20:15:58.240	trend_dtrader GBPUSD,H1: Failed modifying USDJPY
0	20:15:59.240	trend_dtrader GBPUSD,H1: Failed modifying USDJPY
0	20:16:00.240	trend_dtrader GBPUSD,H1: Failed modifying USDJPY
0	20:16:01.240	trend_dtrader GBPUSD,H1: Failed modifying USDJPY
0	20:16:02.240	trend_dtrader GBPUSD,H1: Failed modifying USDJPY
0	20:16:03.240	trend_dtrader GBPUSD,H1: Failed modifying USDJPY
0	20:16:04.241	trend_dtrader GBPUSD,H1: Failed modifying USDJPY
0	20:16:05.240	trend_dtrader GBPUSD,H1: Failed modifying USDJPY
0	20:16:06.240	trend_dtrader GBPUSD,H1: Failed modifying USDJPY
0	20:16:07.239	trend_dtrader GBPUSD,H1: Failed modifying USDJPY
0	20:16:08.240	trend_dtrader GBPUSD,H1: Failed modifying USDJPY
0	20:16:09.240	trend_dtrader GBPUSD,H1: Failed modifying USDJPY
0	20:16:10.239	trend_dtrader GBPUSD,H1: Failed modifying USDJPY
0	20:16:11.240	trend_dtrader GBPUSD,H1: Failed modifying USDJPY
0	20:16:12.239	trend_dtrader GBPUSD,H1: Failed modifying USDJPY
0	20:16:13.240	trend_dtrader GBPUSD,H1: Failed modifying USDJPY
0	20:16:14.244	trend_dtrader GBPUSD,H1: Failed modifying USDJPY
0	20:16:15.241	trend_dtrader GBPUSD,H1: Failed modifying USDJPY
0	20:16:16.239	trend_dtrader GBPUSD,H1: Failed modifying USDJPY
0	20:16:17.239	trend_dtrader GBPUSD,H1: Failed modifying USDJPY
0	20:16:18.240	trend_dtrader GBPUSD,H1: Failed modifying USDJPY
0	20:16:19.239	trend_dtrader GBPUSD,H1: Failed modifying USDJPY
0	20:16:20.239	trend_dtrader GBPUSD,H1: Failed modifying USDJPY
0	20:16:21.240	trend_dtrader GBPUSD,H1: Failed modifying USDJPY
0	20:16:22.250	trend_dtrader GBPUSD,H1: Failed modifying USDJPY
0	20:16:23.239	trend_dtrader GBPUSD,H1: Failed modifying USDJPY
0	20:16:24.239	trend_dtrader GBPUSD,H1: Failed modifying USDJPY
0	20:16:25.239	trend_dtrader GBPUSD,H1: Failed modifying USDJPY
0	20:16:26.239	trend_dtrader GBPUSD,H1: Failed modifying USDJPY
0	20:16:27.239	trend_dtrader GBPUSD,H1: Failed modifying USDJPY
0	20:16:28.240	trend_dtrader GBPUSD,H1: Failed modifying USDJPY
0	20:16:29.239	trend_dtrader GBPUSD,H1: Failed modifying USDJPY
0	20:16:30.239	trend_dtrader GBPUSD,H1: Failed modifying USDJPY
0	20:16:31.239	trend_dtrader GBPUSD,H1: Failed modifying USDJPY
0	20:16:32.239	trend_dtrader GBPUSD,H1: Failed modifying USDJPY
0	20:16:33.239	trend_dtrader GBPUSD,H1: Failed modifying USDJPY
0	20:16:34.239	trend_dtrader GBPUSD,H1: Failed modifying USDJPY
0	20:16:35.239	trend_dtrader GBPUSD,H1: Failed modifying USDJPY
0	20:16:36.239	trend_dtrader GBPUSD,H1: Failed modifying USDJPY
0	20:16:37.239	trend_dtrader GBPUSD,H1: Failed modifying USDJPY
0	20:16:38.239	trend_dtrader GBPUSD,H1: Failed modifying USDJPY
0	20:16:39.239	trend_dtrader GBPUSD,H1: Failed modifying USDJPY
0	20:16:40.239	trend_dtrader GBPUSD,H1: Failed modifying USDJPY
0	20:16:41.239	trend_dtrader GBPUSD,H1: Failed modifying USDJPY
0	20:16:42.240	trend_dtrader GBPUSD,H1: Failed modifying USDJPY
0	20:16:43.240	trend_dtrader GBPUSD,H1: Failed modifying USDJPY
0	20:16:44.239	trend_dtrader GBPUSD,H1: Failed modifying USDJPY
0	20:16:45.239	trend_dtrader GBPUSD,H1: Failed modifying USDJPY
0	20:16:46.239	trend_dtrader GBPUSD,H1: Failed modifying USDJPY
0	20:16:47.239	trend_dtrader GBPUSD,H1: Failed modifying USDJPY
0	20:16:48.256	trend_dtrader GBPUSD,H1: Failed modifying USDJPY
0	20:16:49.239	trend_dtrader GBPUSD,H1: Failed modifying USDJPY
0	20:16:50.239	trend_dtrader GBPUSD,H1: Failed modifying USDJPY
0	20:16:51.239	trend_dtrader GBPUSD,H1: Failed modifying USDJPY
0	20:16:52.245	trend_dtrader GBPUSD,H1: Failed modifying USDJPY
0	20:16:53.239	trend_dtrader GBPUSD,H1: Failed modifying USDJPY
0	20:16:54.240	trend_dtrader GBPUSD,H1: Failed modifying USDJPY
0	20:16:55.239	trend_dtrader GBPUSD,H1: Failed modifying USDJPY
0	20:16:56.240	trend_dtrader GBPUSD,H1: Failed modifying USDJPY
0	20:16:57.239	trend_dtrader GBPUSD,H1: Failed modifying USDJPY
0	20:16:58.239	trend_dtrader GBPUSD,H1: Failed modifying USDJPY
0	20:16:59.238	trend_dtrader GBPUSD,H1: Failed modifying USDJPY
0	20:17:00.239	trend_dtrader GBPUSD,H1: Failed modifying USDJPY
0	20:17:01.239	trend_dtrader GBPUSD,H1: Failed modifying USDJPY
0	20:17:02.252	trend_dtrader GBPUSD,H1: Failed modifying USDJPY
0	20:17:03.256	trend_dtrader GBPUSD,H1: Failed modifying USDJPY
0	20:17:04.239	trend_dtrader GBPUSD,H1: Failed modifying USDJPY
0	20:17:05.238	trend_dtrader GBPUSD,H1: Failed modifying USDJPY
0	20:17:06.239	trend_dtrader GBPUSD,H1: Failed modifying USDJPY
0	20:17:07.239	trend_dtrader GBPUSD,H1: Failed modifying USDJPY
0	20:17:08.239	trend_dtrader GBPUSD,H1: Failed modifying USDJPY
0	20:17:09.241	trend_dtrader GBPUSD,H1: Failed modifying USDJPY
0	20:17:10.239	trend_dtrader GBPUSD,H1: Failed modifying USDJPY
0	20:17:11.239	trend_dtrader GBPUSD,H1: Failed modifying USDJPY
0	20:17:12.239	trend_dtrader GBPUSD,H1: Failed modifying USDJPY
0	20:17:13.239	trend_dtrader GBPUSD,H1: Failed modifying USDJPY
0	20:17:14.239	trend_dtrader GBPUSD,H1: Failed modifying USDJPY
0	20:17:15.239	trend_dtrader GBPUSD,H1: Failed modifying USDJPY
0	20:17:16.238	trend_dtrader GBPUSD,H1: Failed modifying USDJPY
0	20:17:17.239	trend_dtrader GBPUSD,H1: Failed modifying USDJPY
0	20:17:18.239	trend_dtrader GBPUSD,H1: Failed modifying USDJPY
0	20:17:19.239	trend_dtrader GBPUSD,H1: Failed modifying USDJPY
0	20:17:20.238	trend_dtrader GBPUSD,H1: Failed modifying USDJPY
0	20:17:21.238	trend_dtrader GBPUSD,H1: Failed modifying USDJPY
0	20:17:22.239	trend_dtrader GBPUSD,H1: Failed modifying USDJPY
0	20:17:23.238	trend_dtrader GBPUSD,H1: Failed modifying USDJPY
0	20:17:24.238	trend_dtrader GBPUSD,H1: Failed modifying USDJPY
0	20:17:25.239	trend_dtrader GBPUSD,H1: Failed modifying USDJPY
0	20:17:26.238	trend_dtrader GBPUSD,H1: Failed modifying USDJPY
0	20:17:27.238	trend_dtrader GBPUSD,H1: Failed modifying USDJPY
0	20:17:28.239	trend_dtrader GBPUSD,H1: Failed modifying USDJPY
0	20:17:29.238	trend_dtrader GBPUSD,H1: Failed modifying USDJPY
0	20:17:30.238	trend_dtrader GBPUSD,H1: Failed modifying USDJPY
0	20:17:31.239	trend_dtrader GBPUSD,H1: Failed modifying USDJPY
0	20:17:32.238	trend_dtrader GBPUSD,H1: Failed modifying USDJPY
0	20:17:33.238	trend_dtrader GBPUSD,H1: Failed modifying USDJPY
0	20:17:34.238	trend_dtrader GBPUSD,H1: Failed modifying USDJPY
0	20:17:35.239	trend_dtrader GBPUSD,H1: Failed modifying USDJPY
0	20:17:36.238	trend_dtrader GBPUSD,H1: Failed modifying USDJPY
0	20:17:37.240	trend_dtrader GBPUSD,H1: Failed modifying USDJPY
0	20:17:38.239	trend_dtrader GBPUSD,H1: Failed modifying USDJPY
0	20:17:39.238	trend_dtrader GBPUSD,H1: Failed modifying USDJPY
0	20:17:40.239	trend_dtrader GBPUSD,H1: Failed modifying USDJPY
0	20:17:41.239	trend_dtrader GBPUSD,H1: Failed modifying USDJPY
0	20:17:42.239	trend_dtrader GBPUSD,H1: Failed modifying USDJPY
0	20:17:43.285	trend_dtrader GBPUSD,H1: Failed modifying USDJPY
0	20:17:44.239	trend_dtrader GBPUSD,H1: Failed modifying USDJPY
0	20:17:45.238	trend_dtrader GBPUSD,H1: Failed modifying USDJPY
0	20:17:46.240	trend_dtrader GBPUSD,H1: Failed modifying USDJPY
0	20:17:47.238	trend_dtrader GBPUSD,H1: Failed modifying USDJPY
0	20:17:48.238	trend_dtrader GBPUSD,H1: Failed modifying USDJPY
0	20:17:49.238	trend_dtrader GBPUSD,H1: Failed modifying USDJPY
0	20:17:50.238	trend_dtrader GBPUSD,H1: Failed modifying USDJPY
0	20:17:51.238	trend_dtrader GBPUSD,H1: Failed modifying USDJPY
0	20:17:52.238	trend_dtrader GBPUSD,H1: Failed modifying USDJPY
0	20:17:53.238	trend_dtrader GBPUSD,H1: Failed modifying USDJPY
0	20:17:54.238	trend_dtrader GBPUSD,H1: Failed modifying USDJPY
0	20:17:55.238	trend_dtrader GBPUSD,H1: Failed modifying USDJPY
0	20:17:56.239	trend_dtrader GBPUSD,H1: Failed modifying USDJPY
0	20:17:57.238	trend_dtrader GBPUSD,H1: Failed modifying USDJPY
0	20:17:58.238	trend_dtrader GBPUSD,H1: Failed modifying USDJPY
0	20:17:59.238	trend_dtrader GBPUSD,H1: Failed modifying USDJPY
0	20:18:00.238	trend_dtrader GBPUSD,H1: Failed modifying USDJPY
0	20:18:01.238	trend_dtrader GBPUSD,H1: Failed modifying USDJPY
0	20:18:02.238	trend_dtrader GBPUSD,H1: Failed modifying USDJPY
0	20:18:03.245	trend_dtrader GBPUSD,H1: Failed modifying USDJPY
0	20:18:04.239	trend_dtrader GBPUSD,H1: Failed modifying USDJPY
0	20:18:05.238	trend_dtrader GBPUSD,H1: Failed modifying USDJPY
0	20:18:06.238	trend_dtrader GBPUSD,H1: Failed modifying USDJPY
0	20:18:07.240	trend_dtrader GBPUSD,H1: Failed modifying USDJPY
0	20:18:08.239	trend_dtrader GBPUSD,H1: Failed modifying USDJPY
0	20:18:09.238	trend_dtrader GBPUSD,H1: Failed modifying USDJPY
0	20:18:10.238	trend_dtrader GBPUSD,H1: Failed modifying USDJPY
0	20:18:11.280	trend_dtrader GBPUSD,H1: Failed modifying USDJPY
0	20:18:12.251	trend_dtrader GBPUSD,H1: Failed modifying USDJPY
0	20:18:13.239	trend_dtrader GBPUSD,H1: Failed modifying USDJPY
0	20:18:14.238	trend_dtrader GBPUSD,H1: Failed modifying USDJPY
0	20:18:15.237	trend_dtrader GBPUSD,H1: Failed modifying USDJPY
0	20:18:16.238	trend_dtrader GBPUSD,H1: Failed modifying USDJPY
0	20:18:17.238	trend_dtrader GBPUSD,H1: Failed modifying USDJPY
0	20:18:18.238	trend_dtrader GBPUSD,H1: Failed modifying USDJPY
0	20:18:19.238	trend_dtrader GBPUSD,H1: Failed modifying USDJPY
0	20:18:20.238	trend_dtrader GBPUSD,H1: Failed modifying USDJPY
0	20:18:21.238	trend_dtrader GBPUSD,H1: Failed modifying USDJPY
0	20:18:22.308	trend_dtrader GBPUSD,H1: Failed modifying USDJPY
0	20:18:23.237	trend_dtrader GBPUSD,H1: Failed modifying USDJPY
0	20:18:24.237	trend_dtrader GBPUSD,H1: Failed modifying USDJPY
0	20:18:25.238	trend_dtrader GBPUSD,H1: Failed modifying USDJPY
0	20:18:26.237	trend_dtrader GBPUSD,H1: Failed modifying USDJPY
0	20:18:27.238	trend_dtrader GBPUSD,H1: Failed modifying USDJPY
0	20:18:28.238	trend_dtrader GBPUSD,H1: Failed modifying USDJPY
0	20:18:29.238	trend_dtrader GBPUSD,H1: Failed modifying USDJPY
0	20:18:30.238	trend_dtrader GBPUSD,H1: Failed modifying USDJPY
0	20:18:31.238	trend_dtrader GBPUSD,H1: Failed modifying USDJPY
0	20:18:32.238	trend_dtrader GBPUSD,H1: Failed modifying USDJPY
0	20:18:33.237	trend_dtrader GBPUSD,H1: Failed modifying USDJPY
0	20:18:34.239	trend_dtrader GBPUSD,H1: Failed modifying USDJPY
0	20:18:35.237	trend_dtrader GBPUSD,H1: Failed modifying USDJPY
0	20:18:36.237	trend_dtrader GBPUSD,H1: Failed modifying USDJPY
0	20:18:37.237	trend_dtrader GBPUSD,H1: Failed modifying USDJPY
0	20:18:38.238	trend_dtrader GBPUSD,H1: Failed modifying USDJPY
0	20:18:39.237	trend_dtrader GBPUSD,H1: Failed modifying USDJPY
0	20:18:40.238	trend_dtrader GBPUSD,H1: Failed modifying USDJPY
0	20:18:41.238	trend_dtrader GBPUSD,H1: Failed modifying USDJPY
0	20:18:42.237	trend_dtrader GBPUSD,H1: Failed modifying USDJPY
0	20:18:43.238	trend_dtrader GBPUSD,H1: Failed modifying USDJPY
0	20:18:44.237	trend_dtrader GBPUSD,H1: Failed modifying USDJPY
0	20:18:45.237	trend_dtrader GBPUSD,H1: Failed modifying USDJPY
0	20:18:46.238	trend_dtrader GBPUSD,H1: Failed modifying USDJPY
0	20:18:47.239	trend_dtrader GBPUSD,H1: Failed modifying USDJPY
0	20:18:48.238	trend_dtrader GBPUSD,H1: Failed modifying USDJPY
0	20:18:49.237	trend_dtrader GBPUSD,H1: Failed modifying USDJPY
0	20:18:50.237	trend_dtrader GBPUSD,H1: Failed modifying USDJPY
0	20:18:51.237	trend_dtrader GBPUSD,H1: Failed modifying USDJPY
0	20:18:52.238	trend_dtrader GBPUSD,H1: Failed modifying USDJPY
0	20:18:53.237	trend_dtrader GBPUSD,H1: Failed modifying USDJPY
0	20:18:54.237	trend_dtrader GBPUSD,H1: Failed modifying USDJPY
0	20:18:55.237	trend_dtrader GBPUSD,H1: Failed modifying USDJPY
0	20:18:56.238	trend_dtrader GBPUSD,H1: Failed modifying USDJPY
0	20:18:57.237	trend_dtrader GBPUSD,H1: Failed modifying USDJPY
0	20:18:58.237	trend_dtrader GBPUSD,H1: Failed modifying USDJPY
0	20:18:59.237	trend_dtrader GBPUSD,H1: Failed modifying USDJPY
0	20:19:00.247	trend_dtrader GBPUSD,H1: Failed modifying USDJPY
0	20:19:01.238	trend_dtrader GBPUSD,H1: Failed modifying USDJPY
0	20:19:02.237	trend_dtrader GBPUSD,H1: Failed modifying USDJPY
0	20:19:03.250	trend_dtrader GBPUSD,H1: Failed modifying USDJPY
0	20:19:04.237	trend_dtrader GBPUSD,H1: Failed modifying USDJPY
0	20:19:05.237	trend_dtrader GBPUSD,H1: Failed modifying USDJPY
0	20:19:06.237	trend_dtrader GBPUSD,H1: Failed modifying USDJPY
0	20:19:07.238	trend_dtrader GBPUSD,H1: Failed modifying USDJPY
0	20:19:08.237	trend_dtrader GBPUSD,H1: Failed modifying USDJPY
0	20:19:09.238	trend_dtrader GBPUSD,H1: Failed modifying USDJPY
0	20:19:10.237	trend_dtrader GBPUSD,H1: Failed modifying USDJPY
0	20:19:11.237	trend_dtrader GBPUSD,H1: Failed modifying USDJPY
0	20:19:12.238	trend_dtrader GBPUSD,H1: Failed modifying USDJPY
0	20:19:13.236	trend_dtrader GBPUSD,H1: Failed modifying USDJPY
0	20:19:14.237	trend_dtrader GBPUSD,H1: Failed modifying USDJPY
0	20:19:15.237	trend_dtrader GBPUSD,H1: Failed modifying USDJPY
0	20:19:16.237	trend_dtrader GBPUSD,H1: Failed modifying USDJPY
0	20:19:17.237	trend_dtrader GBPUSD,H1: Failed modifying USDJPY
0	20:19:18.237	trend_dtrader GBPUSD,H1: Failed modifying USDJPY
0	20:19:19.237	trend_dtrader GBPUSD,H1: Failed modifying USDJPY
0	20:19:20.236	trend_dtrader GBPUSD,H1: Failed modifying USDJPY
0	20:19:21.237	trend_dtrader GBPUSD,H1: Failed modifying USDJPY
0	20:19:22.237	trend_dtrader GBPUSD,H1: Failed modifying USDJPY
0	20:19:23.237	trend_dtrader GBPUSD,H1: Failed modifying USDJPY
0	20:19:24.237	trend_dtrader GBPUSD,H1: Failed modifying USDJPY
0	20:19:25.237	trend_dtrader GBPUSD,H1: Failed modifying USDJPY
0	20:19:26.237	trend_dtrader GBPUSD,H1: Failed modifying USDJPY
0	20:19:27.237	trend_dtrader GBPUSD,H1: Failed modifying USDJPY
0	20:19:28.236	trend_dtrader GBPUSD,H1: Failed modifying USDJPY
0	20:19:29.236	trend_dtrader GBPUSD,H1: Failed modifying USDJPY
0	20:19:30.236	trend_dtrader GBPUSD,H1: Failed modifying USDJPY
0	20:19:31.237	trend_dtrader GBPUSD,H1: Failed modifying USDJPY
0	20:19:32.237	trend_dtrader GBPUSD,H1: Failed modifying USDJPY
0	20:19:33.237	trend_dtrader GBPUSD,H1: Failed modifying USDJPY
0	20:19:34.237	trend_dtrader GBPUSD,H1: Failed modifying USDJPY
0	20:19:35.237	trend_dtrader GBPUSD,H1: Failed modifying USDJPY
0	20:19:36.236	trend_dtrader GBPUSD,H1: Failed modifying USDJPY
0	20:19:37.237	trend_dtrader GBPUSD,H1: Failed modifying USDJPY
0	20:19:38.237	trend_dtrader GBPUSD,H1: Failed modifying USDJPY
0	20:19:39.237	trend_dtrader GBPUSD,H1: Failed modifying USDJPY
0	20:19:40.237	trend_dtrader GBPUSD,H1: Failed modifying USDJPY
0	20:19:41.236	trend_dtrader GBPUSD,H1: Failed modifying USDJPY
0	20:19:42.237	trend_dtrader GBPUSD,H1: Failed modifying USDJPY
0	20:19:43.237	trend_dtrader GBPUSD,H1: Failed modifying USDJPY
0	20:19:44.236	trend_dtrader GBPUSD,H1: Failed modifying USDJPY
0	20:19:45.237	trend_dtrader GBPUSD,H1: Failed modifying USDJPY
0	20:19:46.253	trend_dtrader GBPUSD,H1: Failed modifying USDJPY
0	20:19:47.237	trend_dtrader GBPUSD,H1: Failed modifying USDJPY
0	20:19:48.236	trend_dtrader GBPUSD,H1: Failed modifying USDJPY
0	20:19:49.236	trend_dtrader GBPUSD,H1: Failed modifying USDJPY
0	20:19:50.245	trend_dtrader GBPUSD,H1: Failed modifying USDJPY
0	20:19:51.236	trend_dtrader GBPUSD,H1: Failed modifying USDJPY
0	20:19:52.237	trend_dtrader GBPUSD,H1: Failed modifying USDJPY
0	20:19:53.237	trend_dtrader GBPUSD,H1: Failed modifying USDJPY
0	20:19:54.237	trend_dtrader GBPUSD,H1: Failed modifying USDJPY
0	20:19:55.236	trend_dtrader GBPUSD,H1: Failed modifying USDJPY
0	20:19:56.237	trend_dtrader GBPUSD,H1: Failed modifying USDJPY
0	20:19:57.236	trend_dtrader GBPUSD,H1: Failed modifying USDJPY
0	20:19:58.236	trend_dtrader GBPUSD,H1: Failed modifying USDJPY
0	20:19:59.236	trend_dtrader GBPUSD,H1: Failed modifying USDJPY
0	20:20:00.236	trend_dtrader GBPUSD,H1: Failed modifying USDJPY
0	20:20:01.236	trend_dtrader GBPUSD,H1: Failed modifying USDJPY
0	20:20:02.236	trend_dtrader GBPUSD,H1: Failed modifying USDJPY
0	20:20:03.237	trend_dtrader GBPUSD,H1: Failed modifying USDJPY
0	20:20:04.236	trend_dtrader GBPUSD,H1: Failed modifying USDJPY
0	20:20:05.236	trend_dtrader GBPUSD,H1: Failed modifying USDJPY
0	20:20:06.236	trend_dtrader GBPUSD,H1: Failed modifying USDJPY
0	20:20:07.236	trend_dtrader GBPUSD,H1: Failed modifying USDJPY
0	20:20:08.236	trend_dtrader GBPUSD,H1: Failed modifying USDJPY
0	20:20:09.236	trend_dtrader GBPUSD,H1: Failed modifying USDJPY
0	20:20:10.236	trend_dtrader GBPUSD,H1: Failed modifying USDJPY
0	20:20:11.236	trend_dtrader GBPUSD,H1: Failed modifying USDJPY
0	20:20:12.236	trend_dtrader GBPUSD,H1: Failed modifying USDJPY
0	20:20:13.236	trend_dtrader GBPUSD,H1: Failed modifying USDJPY
0	20:20:14.236	trend_dtrader GBPUSD,H1: Failed modifying USDJPY
0	20:20:15.236	trend_dtrader GBPUSD,H1: Failed modifying USDJPY
0	20:20:16.236	trend_dtrader GBPUSD,H1: Failed modifying USDJPY
0	20:20:17.237	trend_dtrader GBPUSD,H1: Failed modifying USDJPY
0	20:20:18.236	trend_dtrader GBPUSD,H1: Failed modifying USDJPY
0	20:20:19.236	trend_dtrader GBPUSD,H1: Failed modifying USDJPY
0	20:20:20.236	trend_dtrader GBPUSD,H1: Failed modifying USDJPY
0	20:20:21.236	trend_dtrader GBPUSD,H1: Failed modifying USDJPY
0	20:20:22.300	trend_dtrader GBPUSD,H1: Failed modifying USDJPY
0	20:20:23.262	trend_dtrader GBPUSD,H1: Failed modifying USDJPY
0	20:20:24.236	trend_dtrader GBPUSD,H1: Failed modifying USDJPY
0	20:20:25.249	trend_dtrader GBPUSD,H1: Failed modifying USDJPY
0	20:20:26.236	trend_dtrader GBPUSD,H1: Failed modifying USDJPY
0	20:20:27.236	trend_dtrader GBPUSD,H1: Failed modifying USDJPY
0	20:20:28.264	trend_dtrader GBPUSD,H1: Failed modifying USDJPY
0	20:20:29.235	trend_dtrader GBPUSD,H1: Failed modifying USDJPY
0	20:20:30.235	trend_dtrader GBPUSD,H1: Failed modifying USDJPY
0	20:20:31.236	trend_dtrader GBPUSD,H1: Failed modifying USDJPY
0	20:20:32.236	trend_dtrader GBPUSD,H1: Failed modifying USDJPY
0	20:20:33.270	trend_dtrader GBPUSD,H1: Failed modifying USDJPY
0	20:20:34.235	trend_dtrader GBPUSD,H1: Failed modifying USDJPY
0	20:20:35.235	trend_dtrader GBPUSD,H1: Failed modifying USDJPY
0	20:20:36.236	trend_dtrader GBPUSD,H1: Failed modifying USDJPY
0	20:20:37.236	trend_dtrader GBPUSD,H1: Failed modifying USDJPY
0	20:20:38.236	trend_dtrader GBPUSD,H1: Failed modifying USDJPY
0	20:20:39.236	trend_dtrader GBPUSD,H1: Failed modifying USDJPY
0	20:20:40.236	trend_dtrader GBPUSD,H1: Failed modifying USDJPY
0	20:20:41.235	trend_dtrader GBPUSD,H1: Failed modifying USDJPY
0	20:20:42.235	trend_dtrader GBPUSD,H1: Failed modifying USDJPY
0	20:20:43.235	trend_dtrader GBPUSD,H1: Failed modifying USDJPY
0	20:20:44.236	trend_dtrader GBPUSD,H1: Failed modifying USDJPY
0	20:20:45.235	trend_dtrader GBPUSD,H1: Failed modifying USDJPY
0	20:20:46.236	trend_dtrader GBPUSD,H1: Failed modifying USDJPY
0	20:20:47.236	trend_dtrader GBPUSD,H1: Failed modifying USDJPY
0	20:20:48.237	trend_dtrader GBPUSD,H1: Failed modifying USDJPY
0	20:20:49.236	trend_dtrader GBPUSD,H1: Failed modifying USDJPY
0	20:20:50.236	trend_dtrader GBPUSD,H1: Failed modifying USDJPY
0	20:20:51.235	trend_dtrader GBPUSD,H1: Failed modifying USDJPY
0	20:20:52.235	trend_dtrader GBPUSD,H1: Failed modifying USDJPY
0	20:20:53.237	trend_dtrader GBPUSD,H1: Failed modifying USDJPY
0	20:20:54.236	trend_dtrader GBPUSD,H1: Failed modifying USDJPY
0	20:20:55.235	trend_dtrader GBPUSD,H1: Failed modifying USDJPY
0	20:20:56.237	trend_dtrader GBPUSD,H1: Failed modifying USDJPY
0	20:20:57.237	trend_dtrader GBPUSD,H1: Failed modifying USDJPY
0	20:20:58.236	trend_dtrader GBPUSD,H1: Failed modifying USDJPY
0	20:20:59.235	trend_dtrader GBPUSD,H1: Failed modifying USDJPY
0	20:21:00.236	trend_dtrader GBPUSD,H1: Failed modifying USDJPY
0	20:21:01.235	trend_dtrader GBPUSD,H1: Failed modifying USDJPY
0	20:21:02.235	trend_dtrader GBPUSD,H1: Failed modifying USDJPY
0	20:21:03.259	trend_dtrader GBPUSD,H1: Failed modifying USDJPY
0	20:21:04.236	trend_dtrader GBPUSD,H1: Failed modifying USDJPY
0	20:21:05.236	trend_dtrader GBPUSD,H1: Failed modifying USDJPY
0	20:21:06.235	trend_dtrader GBPUSD,H1: Failed modifying USDJPY
0	20:21:07.235	trend_dtrader GBPUSD,H1: Failed modifying USDJPY
0	20:21:08.235	trend_dtrader GBPUSD,H1: Failed modifying USDJPY
0	20:21:09.236	trend_dtrader GBPUSD,H1: Failed modifying USDJPY
0	20:21:10.236	trend_dtrader GBPUSD,H1: Failed modifying USDJPY
0	20:21:11.235	trend_dtrader GBPUSD,H1: Failed modifying USDJPY
0	20:21:12.235	trend_dtrader GBPUSD,H1: Failed modifying USDJPY
0	20:21:13.235	trend_dtrader GBPUSD,H1: Failed modifying USDJPY
0	20:21:14.236	trend_dtrader GBPUSD,H1: Failed modifying USDJPY
0	20:21:15.235	trend_dtrader GBPUSD,H1: Failed modifying USDJPY
0	20:21:16.235	trend_dtrader GBPUSD,H1: Failed modifying USDJPY
0	20:21:17.236	trend_dtrader GBPUSD,H1: Failed modifying USDJPY
0	20:21:18.235	trend_dtrader GBPUSD,H1: Failed modifying USDJPY
0	20:21:19.235	trend_dtrader GBPUSD,H1: Failed modifying USDJPY
0	20:21:20.235	trend_dtrader GBPUSD,H1: Failed modifying USDJPY
0	20:21:21.235	trend_dtrader GBPUSD,H1: Failed modifying USDJPY
0	20:21:22.235	trend_dtrader GBPUSD,H1: Failed modifying USDJPY
0	20:21:23.235	trend_dtrader GBPUSD,H1: Failed modifying USDJPY
0	20:21:24.235	trend_dtrader GBPUSD,H1: Failed modifying USDJPY
0	20:21:25.235	trend_dtrader GBPUSD,H1: Failed modifying USDJPY
0	20:21:26.235	trend_dtrader GBPUSD,H1: Failed modifying USDJPY
0	20:21:27.235	trend_dtrader GBPUSD,H1: Failed modifying USDJPY
0	20:21:28.235	trend_dtrader GBPUSD,H1: Failed modifying USDJPY
0	20:21:29.235	trend_dtrader GBPUSD,H1: Failed modifying USDJPY
0	20:21:30.235	trend_dtrader GBPUSD,H1: Failed modifying USDJPY
0	20:21:31.235	trend_dtrader GBPUSD,H1: Failed modifying USDJPY
0	20:21:32.234	trend_dtrader GBPUSD,H1: Failed modifying USDJPY
0	20:21:33.235	trend_dtrader GBPUSD,H1: Failed modifying USDJPY
0	20:21:34.234	trend_dtrader GBPUSD,H1: Failed modifying USDJPY
0	20:21:35.235	trend_dtrader GBPUSD,H1: Failed modifying USDJPY
0	20:21:36.236	trend_dtrader GBPUSD,H1: Failed modifying USDJPY
0	20:21:37.234	trend_dtrader GBPUSD,H1: Failed modifying USDJPY
0	20:21:38.234	trend_dtrader GBPUSD,H1: Failed modifying USDJPY
0	20:21:39.234	trend_dtrader GBPUSD,H1: Failed modifying USDJPY
0	20:21:40.235	trend_dtrader GBPUSD,H1: Failed modifying USDJPY
0	20:21:41.234	trend_dtrader GBPUSD,H1: Failed modifying USDJPY
0	20:21:42.235	trend_dtrader GBPUSD,H1: Failed modifying USDJPY
0	20:21:43.234	trend_dtrader GBPUSD,H1: Failed modifying USDJPY
0	20:21:44.235	trend_dtrader GBPUSD,H1: Failed modifying USDJPY
0	20:21:45.234	trend_dtrader GBPUSD,H1: Failed modifying USDJPY
0	20:21:46.234	trend_dtrader GBPUSD,H1: Failed modifying USDJPY
0	20:21:47.235	trend_dtrader GBPUSD,H1: Failed modifying USDJPY
0	20:21:48.235	trend_dtrader GBPUSD,H1: Failed modifying USDJPY
0	20:21:49.235	trend_dtrader GBPUSD,H1: Failed modifying USDJPY
0	20:21:50.235	trend_dtrader GBPUSD,H1: Failed modifying USDJPY
0	20:21:51.234	trend_dtrader GBPUSD,H1: Failed modifying USDJPY
0	20:21:52.234	trend_dtrader GBPUSD,H1: Failed modifying USDJPY
0	20:21:53.234	trend_dtrader GBPUSD,H1: Failed modifying USDJPY
0	20:21:54.266	trend_dtrader GBPUSD,H1: Failed modifying USDJPY
0	20:21:55.235	trend_dtrader GBPUSD,H1: Failed modifying USDJPY
0	20:21:56.234	trend_dtrader GBPUSD,H1: Failed modifying USDJPY
0	20:21:57.234	trend_dtrader GBPUSD,H1: Failed modifying USDJPY
0	20:21:58.235	trend_dtrader GBPUSD,H1: Failed modifying USDJPY
0	20:21:59.234	trend_dtrader GBPUSD,H1: Failed modifying USDJPY
0	20:22:00.234	trend_dtrader GBPUSD,H1: Failed modifying USDJPY
0	20:22:01.234	trend_dtrader GBPUSD,H1: Failed modifying USDJPY
0	20:22:02.235	trend_dtrader GBPUSD,H1: Failed modifying USDJPY
0	20:22:03.234	trend_dtrader GBPUSD,H1: Failed modifying USDJPY
0	20:22:04.234	trend_dtrader GBPUSD,H1: Failed modifying USDJPY
0	20:22:05.234	trend_dtrader GBPUSD,H1: Failed modifying USDJPY
0	20:22:06.235	trend_dtrader GBPUSD,H1: Failed modifying USDJPY
0	20:22:07.235	trend_dtrader GBPUSD,H1: Failed modifying USDJPY
0	20:22:08.234	trend_dtrader GBPUSD,H1: Failed modifying USDJPY
0	20:22:09.234	trend_dtrader GBPUSD,H1: Failed modifying USDJPY
0	20:22:10.235	trend_dtrader GBPUSD,H1: Failed modifying USDJPY
0	20:22:11.234	trend_dtrader GBPUSD,H1: Failed modifying USDJPY
0	20:22:12.234	trend_dtrader GBPUSD,H1: Failed modifying USDJPY
0	20:22:13.235	trend_dtrader GBPUSD,H1: Failed modifying USDJPY
0	20:22:14.234	trend_dtrader GBPUSD,H1: Failed modifying USDJPY
0	20:22:15.234	trend_dtrader GBPUSD,H1: Failed modifying USDJPY
0	20:22:16.234	trend_dtrader GBPUSD,H1: Failed modifying USDJPY
0	20:22:17.234	trend_dtrader GBPUSD,H1: Failed modifying USDJPY
0	20:22:18.234	trend_dtrader GBPUSD,H1: Failed modifying USDJPY
0	20:22:19.234	trend_dtrader GBPUSD,H1: Failed modifying USDJPY
0	20:22:20.234	trend_dtrader GBPUSD,H1: Failed modifying USDJPY
0	20:22:21.234	trend_dtrader GBPUSD,H1: Failed modifying USDJPY
0	20:22:22.234	trend_dtrader GBPUSD,H1: Failed modifying USDJPY
0	20:22:23.237	trend_dtrader GBPUSD,H1: Failed modifying USDJPY
0	20:22:24.234	trend_dtrader GBPUSD,H1: Failed modifying USDJPY
0	20:22:25.234	trend_dtrader GBPUSD,H1: Failed modifying USDJPY
0	20:22:26.234	trend_dtrader GBPUSD,H1: Failed modifying USDJPY
0	20:22:27.236	trend_dtrader GBPUSD,H1: Failed modifying USDJPY
0	20:22:28.234	trend_dtrader GBPUSD,H1: Failed modifying USDJPY
0	20:22:29.234	trend_dtrader GBPUSD,H1: Failed modifying USDJPY
0	20:22:30.234	trend_dtrader GBPUSD,H1: Failed modifying USDJPY
0	20:22:31.234	trend_dtrader GBPUSD,H1: Failed modifying USDJPY
0	20:22:32.234	trend_dtrader GBPUSD,H1: Failed modifying USDJPY
0	20:22:33.234	trend_dtrader GBPUSD,H1: Failed modifying USDJPY
0	20:22:34.233	trend_dtrader GBPUSD,H1: Failed modifying USDJPY
0	20:22:35.234	trend_dtrader GBPUSD,H1: Failed modifying USDJPY
0	20:22:36.235	trend_dtrader GBPUSD,H1: Failed modifying USDJPY
0	20:22:37.234	trend_dtrader GBPUSD,H1: Failed modifying USDJPY
0	20:22:38.234	trend_dtrader GBPUSD,H1: Failed modifying USDJPY
0	20:22:39.234	trend_dtrader GBPUSD,H1: Failed modifying USDJPY
0	20:22:40.234	trend_dtrader GBPUSD,H1: Failed modifying USDJPY
0	20:22:41.234	trend_dtrader GBPUSD,H1: Failed modifying USDJPY
0	20:22:42.248	trend_dtrader GBPUSD,H1: Failed modifying USDJPY
0	20:22:43.262	trend_dtrader GBPUSD,H1: Failed modifying USDJPY
0	20:22:44.242	trend_dtrader GBPUSD,H1: Failed modifying USDJPY
0	20:22:45.255	trend_dtrader GBPUSD,H1: Failed modifying USDJPY
0	20:22:46.234	trend_dtrader GBPUSD,H1: Failed modifying USDJPY
0	20:22:47.234	trend_dtrader GBPUSD,H1: Failed modifying USDJPY
0	20:22:48.234	trend_dtrader GBPUSD,H1: Failed modifying USDJPY
0	20:22:49.234	trend_dtrader GBPUSD,H1: Failed modifying USDJPY
0	20:22:50.234	trend_dtrader GBPUSD,H1: Failed modifying USDJPY
0	20:22:51.234	trend_dtrader GBPUSD,H1: Failed modifying USDJPY
0	20:22:52.233	trend_dtrader GBPUSD,H1: Failed modifying USDJPY
0	20:22:53.234	trend_dtrader GBPUSD,H1: Failed modifying USDJPY
0	20:22:54.234	trend_dtrader GBPUSD,H1: Failed modifying USDJPY
0	20:22:55.233	trend_dtrader GBPUSD,H1: Failed modifying USDJPY
0	20:22:56.233	trend_dtrader GBPUSD,H1: Failed modifying USDJPY
0	20:22:57.233	trend_dtrader GBPUSD,H1: Failed modifying USDJPY
0	20:22:58.234	trend_dtrader GBPUSD,H1: Failed modifying USDJPY
0	20:22:59.251	trend_dtrader GBPUSD,H1: Failed modifying USDJPY
0	20:23:00.233	trend_dtrader GBPUSD,H1: Failed modifying USDJPY
0	20:23:01.234	trend_dtrader GBPUSD,H1: Failed modifying USDJPY
0	20:23:02.239	trend_dtrader GBPUSD,H1: Failed modifying USDJPY
0	20:23:03.234	trend_dtrader GBPUSD,H1: Failed modifying USDJPY
0	20:23:04.258	trend_dtrader GBPUSD,H1: Failed modifying USDJPY
0	20:23:05.234	trend_dtrader GBPUSD,H1: Failed modifying USDJPY
0	20:23:06.233	trend_dtrader GBPUSD,H1: Failed modifying USDJPY
0	20:23:07.233	trend_dtrader GBPUSD,H1: Failed modifying USDJPY
0	20:23:08.233	trend_dtrader GBPUSD,H1: Failed modifying USDJPY
0	20:23:09.234	trend_dtrader GBPUSD,H1: Failed modifying USDJPY
0	20:23:10.233	trend_dtrader GBPUSD,H1: Failed modifying USDJPY
0	20:23:11.233	trend_dtrader GBPUSD,H1: Failed modifying USDJPY
0	20:23:12.233	trend_dtrader GBPUSD,H1: Failed modifying USDJPY
0	20:23:13.233	trend_dtrader GBPUSD,H1: Failed modifying USDJPY
0	20:23:14.128	trend_dtrader GBPUSD,H1: Failed modifying USDJPY
0	20:23:15.130	trend_dtrader GBPUSD,H1: Failed modifying USDJPY
0	20:23:16.128	trend_dtrader GBPUSD,H1: Failed modifying USDJPY
0	20:23:17.128	trend_dtrader GBPUSD,H1: Failed modifying USDJPY
0	20:23:18.131	trend_dtrader GBPUSD,H1: Failed modifying USDJPY
0	20:23:19.128	trend_dtrader GBPUSD,H1: Failed modifying USDJPY
0	20:23:20.128	trend_dtrader GBPUSD,H1: Failed modifying USDJPY
0	20:23:21.134	trend_dtrader GBPUSD,H1: Failed modifying USDJPY
0	20:23:22.127	trend_dtrader GBPUSD,H1: Failed modifying USDJPY
0	20:23:23.132	trend_dtrader GBPUSD,H1: Failed modifying USDJPY
0	20:23:24.128	trend_dtrader GBPUSD,H1: Failed modifying USDJPY
0	20:23:25.129	trend_dtrader GBPUSD,H1: Failed modifying USDJPY
0	20:23:26.132	trend_dtrader GBPUSD,H1: Failed modifying USDJPY
0	20:23:27.130	trend_dtrader GBPUSD,H1: Failed modifying USDJPY
0	20:23:28.128	trend_dtrader GBPUSD,H1: Failed modifying USDJPY
0	20:23:29.127	trend_dtrader GBPUSD,H1: Failed modifying USDJPY
0	20:23:30.128	trend_dtrader GBPUSD,H1: Failed modifying USDJPY
0	20:23:31.128	trend_dtrader GBPUSD,H1: Failed modifying USDJPY
0	20:23:32.130	trend_dtrader GBPUSD,H1: Failed modifying USDJPY
0	20:23:33.128	trend_dtrader GBPUSD,H1: Failed modifying USDJPY
0	20:23:34.127	trend_dtrader GBPUSD,H1: Failed modifying USDJPY
0	20:23:35.127	trend_dtrader GBPUSD,H1: Failed modifying USDJPY
0	20:23:36.127	trend_dtrader GBPUSD,H1: Failed modifying USDJPY
0	20:23:37.127	trend_dtrader GBPUSD,H1: Failed modifying USDJPY
0	20:23:38.128	trend_dtrader GBPUSD,H1: Failed modifying USDJPY
0	20:23:39.127	trend_dtrader GBPUSD,H1: Failed modifying USDJPY
0	20:23:40.127	trend_dtrader GBPUSD,H1: Failed modifying USDJPY
0	20:23:41.127	trend_dtrader GBPUSD,H1: Failed modifying USDJPY
0	20:23:42.126	trend_dtrader GBPUSD,H1: Failed modifying USDJPY
0	20:23:43.127	trend_dtrader GBPUSD,H1: Failed modifying USDJPY
0	20:23:44.149	trend_dtrader GBPUSD,H1: Failed modifying USDJPY
0	20:23:45.127	trend_dtrader GBPUSD,H1: Failed modifying USDJPY
0	20:23:46.127	trend_dtrader GBPUSD,H1: Failed modifying USDJPY
0	20:23:47.136	trend_dtrader GBPUSD,H1: Failed modifying USDJPY
0	20:23:48.130	trend_dtrader GBPUSD,H1: Failed modifying USDJPY
0	20:23:49.126	trend_dtrader GBPUSD,H1: Failed modifying USDJPY
0	20:23:50.127	trend_dtrader GBPUSD,H1: Failed modifying USDJPY
0	20:23:51.127	trend_dtrader GBPUSD,H1: Failed modifying USDJPY
0	20:23:52.138	trend_dtrader GBPUSD,H1: Failed modifying USDJPY
0	20:23:53.126	trend_dtrader GBPUSD,H1: Failed modifying USDJPY
0	20:23:54.127	trend_dtrader GBPUSD,H1: Failed modifying USDJPY
0	20:23:55.126	trend_dtrader GBPUSD,H1: Failed modifying USDJPY
0	20:23:56.127	trend_dtrader GBPUSD,H1: Failed modifying USDJPY
0	20:23:57.126	trend_dtrader GBPUSD,H1: Failed modifying USDJPY
0	20:23:58.126	trend_dtrader GBPUSD,H1: Failed modifying USDJPY
0	20:23:59.127	trend_dtrader GBPUSD,H1: Failed modifying USDJPY
0	20:24:00.126	trend_dtrader GBPUSD,H1: Failed modifying USDJPY
0	20:24:01.127	trend_dtrader GBPUSD,H1: Failed modifying USDJPY
0	20:24:02.127	trend_dtrader GBPUSD,H1: Failed modifying USDJPY
0	20:24:03.127	trend_dtrader GBPUSD,H1: Failed modifying USDJPY
0	20:24:04.126	trend_dtrader GBPUSD,H1: Failed modifying USDJPY
0	20:24:05.126	trend_dtrader GBPUSD,H1: Failed modifying USDJPY
0	20:24:06.126	trend_dtrader GBPUSD,H1: Failed modifying USDJPY
0	20:24:07.126	trend_dtrader GBPUSD,H1: Failed modifying USDJPY
0	20:24:08.127	trend_dtrader GBPUSD,H1: Failed modifying USDJPY
0	20:24:09.126	trend_dtrader GBPUSD,H1: Failed modifying USDJPY
0	20:24:10.126	trend_dtrader GBPUSD,H1: Failed modifying USDJPY
0	20:24:11.126	trend_dtrader GBPUSD,H1: Failed modifying USDJPY
0	20:24:12.127	trend_dtrader GBPUSD,H1: Failed modifying USDJPY
0	20:24:13.126	trend_dtrader GBPUSD,H1: Failed modifying USDJPY
0	20:24:14.127	trend_dtrader GBPUSD,H1: Failed modifying USDJPY
0	20:24:15.126	trend_dtrader GBPUSD,H1: Failed modifying USDJPY
0	20:24:16.126	trend_dtrader GBPUSD,H1: Failed modifying USDJPY
0	20:24:17.126	trend_dtrader GBPUSD,H1: Failed modifying USDJPY
0	20:24:18.125	trend_dtrader GBPUSD,H1: Failed modifying USDJPY
0	20:24:19.126	trend_dtrader GBPUSD,H1: Failed modifying USDJPY
0	20:24:20.126	trend_dtrader GBPUSD,H1: Failed modifying USDJPY
0	20:24:21.125	trend_dtrader GBPUSD,H1: Failed modifying USDJPY
0	20:24:22.125	trend_dtrader GBPUSD,H1: Failed modifying USDJPY
0	20:24:23.126	trend_dtrader GBPUSD,H1: Failed modifying USDJPY
0	20:24:24.126	trend_dtrader GBPUSD,H1: Failed modifying USDJPY
0	20:24:25.125	trend_dtrader GBPUSD,H1: Failed modifying USDJPY
0	20:24:26.125	trend_dtrader GBPUSD,H1: Failed modifying USDJPY
0	20:24:27.125	trend_dtrader GBPUSD,H1: Failed modifying USDJPY
0	20:24:28.125	trend_dtrader GBPUSD,H1: Failed modifying USDJPY
0	20:24:29.125	trend_dtrader GBPUSD,H1: Failed modifying USDJPY
0	20:24:30.126	trend_dtrader GBPUSD,H1: Failed modifying USDJPY
0	20:24:31.125	trend_dtrader GBPUSD,H1: Failed modifying USDJPY
0	20:24:32.125	trend_dtrader GBPUSD,H1: Failed modifying USDJPY
0	20:24:33.125	trend_dtrader GBPUSD,H1: Failed modifying USDJPY
0	20:24:34.126	trend_dtrader GBPUSD,H1: Failed modifying USDJPY
0	20:24:35.125	trend_dtrader GBPUSD,H1: Failed modifying USDJPY
0	20:24:36.126	trend_dtrader GBPUSD,H1: Failed modifying USDJPY
0	20:24:37.125	trend_dtrader GBPUSD,H1: Failed modifying USDJPY
0	20:24:38.126	trend_dtrader GBPUSD,H1: Failed modifying USDJPY
0	20:24:39.125	trend_dtrader GBPUSD,H1: Failed modifying USDJPY
0	20:24:40.125	trend_dtrader GBPUSD,H1: Failed modifying USDJPY
0	20:24:41.126	trend_dtrader GBPUSD,H1: Failed modifying USDJPY
0	20:24:42.126	trend_dtrader GBPUSD,H1: Failed modifying USDJPY
0	20:24:43.125	trend_dtrader GBPUSD,H1: Failed modifying USDJPY
0	20:24:44.126	trend_dtrader GBPUSD,H1: Failed modifying USDJPY
0	20:24:45.126	trend_dtrader GBPUSD,H1: Failed modifying USDJPY
0	20:24:46.126	trend_dtrader GBPUSD,H1: Failed modifying USDJPY
0	20:24:47.125	trend_dtrader GBPUSD,H1: Failed modifying USDJPY
0	20:24:48.126	trend_dtrader GBPUSD,H1: Failed modifying USDJPY
0	20:24:49.125	trend_dtrader GBPUSD,H1: Failed modifying USDJPY
0	20:24:50.125	trend_dtrader GBPUSD,H1: Failed modifying USDJPY
0	20:24:51.125	trend_dtrader GBPUSD,H1: Failed modifying USDJPY
0	20:24:52.124	trend_dtrader GBPUSD,H1: Failed modifying USDJPY
0	20:24:53.125	trend_dtrader GBPUSD,H1: Failed modifying USDJPY
0	20:24:54.125	trend_dtrader GBPUSD,H1: Failed modifying USDJPY
0	20:24:55.125	trend_dtrader GBPUSD,H1: Failed modifying USDJPY
0	20:24:56.125	trend_dtrader GBPUSD,H1: Failed modifying USDJPY
0	20:24:57.125	trend_dtrader GBPUSD,H1: Failed modifying USDJPY
0	20:24:58.125	trend_dtrader GBPUSD,H1: Failed modifying USDJPY
0	20:24:59.125	trend_dtrader GBPUSD,H1: Failed modifying USDJPY
0	20:25:00.125	trend_dtrader GBPUSD,H1: Failed modifying USDJPY
0	20:25:01.124	trend_dtrader GBPUSD,H1: Failed modifying USDJPY
0	20:25:02.124	trend_dtrader GBPUSD,H1: Failed modifying USDJPY
0	20:25:03.163	trend_dtrader GBPUSD,H1: Failed modifying USDJPY
0	20:25:04.124	trend_dtrader GBPUSD,H1: Failed modifying USDJPY
0	20:25:05.125	trend_dtrader GBPUSD,H1: Failed modifying USDJPY
0	20:25:06.125	trend_dtrader GBPUSD,H1: Failed modifying USDJPY
0	20:25:07.124	trend_dtrader GBPUSD,H1: Failed modifying USDJPY
0	20:25:08.125	trend_dtrader GBPUSD,H1: Failed modifying USDJPY
0	20:25:09.125	trend_dtrader GBPUSD,H1: Failed modifying USDJPY
0	20:25:10.126	trend_dtrader GBPUSD,H1: Failed modifying USDJPY
0	20:25:11.124	trend_dtrader GBPUSD,H1: Failed modifying USDJPY
0	20:25:12.128	trend_dtrader GBPUSD,H1: Failed modifying USDJPY
0	20:25:13.124	trend_dtrader GBPUSD,H1: Failed modifying USDJPY
0	20:25:14.124	trend_dtrader GBPUSD,H1: Failed modifying USDJPY
0	20:25:15.124	trend_dtrader GBPUSD,H1: Failed modifying USDJPY
0	20:25:16.124	trend_dtrader GBPUSD,H1: Failed modifying USDJPY
0	20:25:17.124	trend_dtrader GBPUSD,H1: Failed modifying USDJPY
0	20:25:18.125	trend_dtrader GBPUSD,H1: Failed modifying USDJPY
0	20:25:19.124	trend_dtrader GBPUSD,H1: Failed modifying USDJPY
0	20:25:20.124	trend_dtrader GBPUSD,H1: Failed modifying USDJPY
0	20:25:21.124	trend_dtrader GBPUSD,H1: Failed modifying USDJPY
0	20:25:22.123	trend_dtrader GBPUSD,H1: Failed modifying USDJPY
0	20:25:23.124	trend_dtrader GBPUSD,H1: Failed modifying USDJPY
0	20:25:24.132	trend_dtrader GBPUSD,H1: Failed modifying USDJPY
0	20:25:25.124	trend_dtrader GBPUSD,H1: Failed modifying USDJPY
0	20:25:26.124	trend_dtrader GBPUSD,H1: Failed modifying USDJPY
0	20:25:27.124	trend_dtrader GBPUSD,H1: Failed modifying USDJPY
0	20:25:28.124	trend_dtrader GBPUSD,H1: Failed modifying USDJPY
0	20:25:29.124	trend_dtrader GBPUSD,H1: Failed modifying USDJPY
0	20:25:30.127	trend_dtrader GBPUSD,H1: Failed modifying USDJPY
0	20:25:31.124	trend_dtrader GBPUSD,H1: Failed modifying USDJPY
0	20:25:32.123	trend_dtrader GBPUSD,H1: Failed modifying USDJPY
0	20:25:33.124	trend_dtrader GBPUSD,H1: Failed modifying USDJPY
0	20:25:34.123	trend_dtrader GBPUSD,H1: Failed modifying USDJPY
0	20:25:35.124	trend_dtrader GBPUSD,H1: Failed modifying USDJPY
0	20:25:36.124	trend_dtrader GBPUSD,H1: Failed modifying USDJPY
0	20:25:37.123	trend_dtrader GBPUSD,H1: Failed modifying USDJPY
0	20:25:38.123	trend_dtrader GBPUSD,H1: Failed modifying USDJPY
0	20:25:39.175	trend_dtrader GBPUSD,H1: Failed modifying USDJPY
0	20:25:40.123	trend_dtrader GBPUSD,H1: Failed modifying USDJPY
0	20:25:41.124	trend_dtrader GBPUSD,H1: Failed modifying USDJPY
0	20:25:42.123	trend_dtrader GBPUSD,H1: Failed modifying USDJPY
0	20:25:43.124	trend_dtrader GBPUSD,H1: Failed modifying USDJPY
0	20:25:44.124	trend_dtrader GBPUSD,H1: Failed modifying USDJPY
0	20:25:45.124	trend_dtrader GBPUSD,H1: Failed modifying USDJPY
0	20:25:46.123	trend_dtrader GBPUSD,H1: Failed modifying USDJPY
0	20:25:47.123	trend_dtrader GBPUSD,H1: Failed modifying USDJPY
0	20:25:48.124	trend_dtrader GBPUSD,H1: Failed modifying USDJPY
0	20:25:49.123	trend_dtrader GBPUSD,H1: Failed modifying USDJPY
0	20:25:50.123	trend_dtrader GBPUSD,H1: Failed modifying USDJPY
0	20:25:51.123	trend_dtrader GBPUSD,H1: Failed modifying USDJPY
0	20:25:52.123	trend_dtrader GBPUSD,H1: Failed modifying USDJPY
0	20:25:53.123	trend_dtrader GBPUSD,H1: Failed modifying USDJPY
0	20:25:54.124	trend_dtrader GBPUSD,H1: Failed modifying USDJPY
0	20:25:55.127	trend_dtrader GBPUSD,H1: Failed modifying USDJPY
0	20:25:56.123	trend_dtrader GBPUSD,H1: Failed modifying USDJPY
0	20:25:57.123	trend_dtrader GBPUSD,H1: Failed modifying USDJPY
0	20:25:58.123	trend_dtrader GBPUSD,H1: Failed modifying USDJPY
0	20:25:59.123	trend_dtrader GBPUSD,H1: Failed modifying USDJPY
0	20:26:00.123	trend_dtrader GBPUSD,H1: Failed modifying USDJPY
0	20:26:01.123	trend_dtrader GBPUSD,H1: Failed modifying USDJPY
0	20:26:02.122	trend_dtrader GBPUSD,H1: Failed modifying USDJPY
0	20:26:03.123	trend_dtrader GBPUSD,H1: Failed modifying USDJPY
0	20:26:04.124	trend_dtrader GBPUSD,H1: Failed modifying USDJPY
0	20:26:05.123	trend_dtrader GBPUSD,H1: Failed modifying USDJPY
0	20:26:06.124	trend_dtrader GBPUSD,H1: Failed modifying USDJPY
0	20:26:07.123	trend_dtrader GBPUSD,H1: Failed modifying USDJPY
0	20:26:08.122	trend_dtrader GBPUSD,H1: Failed modifying USDJPY
0	20:26:09.122	trend_dtrader GBPUSD,H1: Failed modifying USDJPY
0	20:26:10.123	trend_dtrader GBPUSD,H1: Failed modifying USDJPY
0	20:26:11.124	trend_dtrader GBPUSD,H1: Failed modifying USDJPY
0	20:26:12.122	trend_dtrader GBPUSD,H1: Failed modifying USDJPY
0	20:26:13.122	trend_dtrader GBPUSD,H1: Failed modifying USDJPY
0	20:26:14.122	trend_dtrader GBPUSD,H1: Failed modifying USDJPY
0	20:26:15.123	trend_dtrader GBPUSD,H1: Failed modifying USDJPY
0	20:26:16.122	trend_dtrader GBPUSD,H1: Failed modifying USDJPY
0	20:26:17.122	trend_dtrader GBPUSD,H1: Failed modifying USDJPY
0	20:26:18.122	trend_dtrader GBPUSD,H1: Failed modifying USDJPY
0	20:26:19.122	trend_dtrader GBPUSD,H1: Failed modifying USDJPY
0	20:26:20.123	trend_dtrader GBPUSD,H1: Failed modifying USDJPY
0	20:26:21.123	trend_dtrader GBPUSD,H1: Failed modifying USDJPY
0	20:26:22.122	trend_dtrader GBPUSD,H1: Failed modifying USDJPY
0	20:26:23.123	trend_dtrader GBPUSD,H1: Failed modifying USDJPY
0	20:26:24.123	trend_dtrader GBPUSD,H1: Failed modifying USDJPY
0	20:26:25.140	trend_dtrader GBPUSD,H1: Failed modifying USDJPY
0	20:26:26.122	trend_dtrader GBPUSD,H1: Failed modifying USDJPY
0	20:26:27.122	trend_dtrader GBPUSD,H1: Failed modifying USDJPY
0	20:26:28.121	trend_dtrader GBPUSD,H1: Failed modifying USDJPY
0	20:26:29.122	trend_dtrader GBPUSD,H1: Failed modifying USDJPY
0	20:26:30.122	trend_dtrader GBPUSD,H1: Failed modifying USDJPY
0	20:26:31.122	trend_dtrader GBPUSD,H1: Failed modifying USDJPY
0	20:26:32.122	trend_dtrader GBPUSD,H1: Failed modifying USDJPY
0	20:26:33.122	trend_dtrader GBPUSD,H1: Failed modifying USDJPY
0	20:26:34.122	trend_dtrader GBPUSD,H1: Failed modifying USDJPY
0	20:26:35.121	trend_dtrader GBPUSD,H1: Failed modifying USDJPY
0	20:26:36.122	trend_dtrader GBPUSD,H1: Failed modifying USDJPY
0	20:26:37.122	trend_dtrader GBPUSD,H1: Failed modifying USDJPY
0	20:26:38.121	trend_dtrader GBPUSD,H1: Failed modifying USDJPY
0	20:26:39.121	trend_dtrader GBPUSD,H1: Failed modifying USDJPY
0	20:26:40.122	trend_dtrader GBPUSD,H1: Failed modifying USDJPY
0	20:26:41.121	trend_dtrader GBPUSD,H1: Failed modifying USDJPY
0	20:26:42.122	trend_dtrader GBPUSD,H1: Failed modifying USDJPY
0	20:26:43.122	trend_dtrader GBPUSD,H1: Failed modifying USDJPY
0	20:26:44.125	trend_dtrader GBPUSD,H1: Failed modifying USDJPY
0	20:26:45.139	trend_dtrader GBPUSD,H1: Failed modifying USDJPY
0	20:26:46.121	trend_dtrader GBPUSD,H1: Failed modifying USDJPY
0	20:26:47.121	trend_dtrader GBPUSD,H1: Failed modifying USDJPY
0	20:26:48.121	trend_dtrader GBPUSD,H1: Failed modifying USDJPY
0	20:26:49.122	trend_dtrader GBPUSD,H1: Failed modifying USDJPY
0	20:26:50.121	trend_dtrader GBPUSD,H1: Failed modifying USDJPY
0	20:26:51.121	trend_dtrader GBPUSD,H1: Failed modifying USDJPY
0	20:26:52.121	trend_dtrader GBPUSD,H1: Failed modifying USDJPY
0	20:26:53.121	trend_dtrader GBPUSD,H1: Failed modifying USDJPY
0	20:26:54.121	trend_dtrader GBPUSD,H1: Failed modifying USDJPY
0	20:26:55.121	trend_dtrader GBPUSD,H1: Failed modifying USDJPY
0	20:26:56.122	trend_dtrader GBPUSD,H1: Failed modifying USDJPY
0	20:26:57.121	trend_dtrader GBPUSD,H1: Failed modifying USDJPY
0	20:26:58.121	trend_dtrader GBPUSD,H1: Failed modifying USDJPY
0	20:26:59.121	trend_dtrader GBPUSD,H1: Failed modifying USDJPY
0	20:27:00.120	trend_dtrader GBPUSD,H1: Failed modifying USDJPY
0	20:27:01.121	trend_dtrader GBPUSD,H1: Failed modifying USDJPY
0	20:27:02.121	trend_dtrader GBPUSD,H1: Failed modifying USDJPY
0	20:27:03.121	trend_dtrader GBPUSD,H1: Failed modifying USDJPY
0	20:27:04.121	trend_dtrader GBPUSD,H1: Failed modifying USDJPY
0	20:27:05.120	trend_dtrader GBPUSD,H1: Failed modifying USDJPY
0	20:27:06.121	trend_dtrader GBPUSD,H1: Failed modifying USDJPY
0	20:27:07.133	trend_dtrader GBPUSD,H1: Failed modifying USDJPY
0	20:27:08.132	trend_dtrader GBPUSD,H1: Failed modifying USDJPY
0	20:27:09.120	trend_dtrader GBPUSD,H1: Failed modifying USDJPY
0	20:27:10.121	trend_dtrader GBPUSD,H1: Failed modifying USDJPY
0	20:27:11.120	trend_dtrader GBPUSD,H1: Failed modifying USDJPY
0	20:27:12.120	trend_dtrader GBPUSD,H1: Failed modifying USDJPY
0	20:27:13.121	trend_dtrader GBPUSD,H1: Failed modifying USDJPY
0	20:27:14.120	trend_dtrader GBPUSD,H1: Failed modifying USDJPY
0	20:27:15.121	trend_dtrader GBPUSD,H1: Failed modifying USDJPY
0	20:27:16.121	trend_dtrader GBPUSD,H1: Failed modifying USDJPY
0	20:27:17.121	trend_dtrader GBPUSD,H1: Failed modifying USDJPY
0	20:27:18.120	trend_dtrader GBPUSD,H1: Failed modifying USDJPY
0	20:27:19.120	trend_dtrader GBPUSD,H1: Failed modifying USDJPY
0	20:27:20.120	trend_dtrader GBPUSD,H1: Failed modifying USDJPY
0	20:27:21.127	trend_dtrader GBPUSD,H1: Failed modifying USDJPY
0	20:27:22.120	trend_dtrader GBPUSD,H1: Failed modifying USDJPY
0	20:27:23.120	trend_dtrader GBPUSD,H1: Failed modifying USDJPY
0	20:27:24.120	trend_dtrader GBPUSD,H1: Failed modifying USDJPY
0	20:27:25.120	trend_dtrader GBPUSD,H1: Failed modifying USDJPY
0	20:27:26.120	trend_dtrader GBPUSD,H1: Failed modifying USDJPY
0	20:27:27.120	trend_dtrader GBPUSD,H1: Failed modifying USDJPY
0	20:27:28.120	trend_dtrader GBPUSD,H1: Failed modifying USDJPY
0	20:27:29.121	trend_dtrader GBPUSD,H1: Failed modifying USDJPY
0	20:27:30.120	trend_dtrader GBPUSD,H1: Failed modifying USDJPY
0	20:27:31.120	trend_dtrader GBPUSD,H1: Failed modifying USDJPY
0	20:27:32.120	trend_dtrader GBPUSD,H1: Failed modifying USDJPY
0	20:27:33.120	trend_dtrader GBPUSD,H1: Failed modifying USDJPY
0	20:27:34.120	trend_dtrader GBPUSD,H1: Failed modifying USDJPY
0	20:27:35.121	trend_dtrader GBPUSD,H1: Failed modifying USDJPY
0	20:27:36.120	trend_dtrader GBPUSD,H1: Failed modifying USDJPY
0	20:27:37.120	trend_dtrader GBPUSD,H1: Failed modifying USDJPY
0	20:27:38.120	trend_dtrader GBPUSD,H1: Failed modifying USDJPY
0	20:27:39.119	trend_dtrader GBPUSD,H1: Failed modifying USDJPY
0	20:27:40.120	trend_dtrader GBPUSD,H1: Failed modifying USDJPY
0	20:27:41.120	trend_dtrader GBPUSD,H1: Failed modifying USDJPY
0	20:27:42.119	trend_dtrader GBPUSD,H1: Failed modifying USDJPY
0	20:27:43.119	trend_dtrader GBPUSD,H1: Failed modifying USDJPY
0	20:27:44.120	trend_dtrader GBPUSD,H1: Failed modifying USDJPY
0	20:27:45.120	trend_dtrader GBPUSD,H1: Failed modifying USDJPY
0	20:27:46.119	trend_dtrader GBPUSD,H1: Failed modifying USDJPY
0	20:27:47.119	trend_dtrader GBPUSD,H1: Failed modifying USDJPY
0	20:27:48.120	trend_dtrader GBPUSD,H1: Failed modifying USDJPY
0	20:27:49.120	trend_dtrader GBPUSD,H1: Failed modifying USDJPY
0	20:27:50.119	trend_dtrader GBPUSD,H1: Failed modifying USDJPY
0	20:27:51.119	trend_dtrader GBPUSD,H1: Failed modifying USDJPY
0	20:27:52.119	trend_dtrader GBPUSD,H1: Failed modifying USDJPY
0	20:27:53.119	trend_dtrader GBPUSD,H1: Failed modifying USDJPY
0	20:27:54.119	trend_dtrader GBPUSD,H1: Failed modifying USDJPY
0	20:27:55.133	trend_dtrader GBPUSD,H1: Failed modifying USDJPY
0	20:27:56.120	trend_dtrader GBPUSD,H1: Failed modifying USDJPY
0	20:27:57.120	trend_dtrader GBPUSD,H1: Failed modifying USDJPY
0	20:27:58.119	trend_dtrader GBPUSD,H1: Failed modifying USDJPY
0	20:27:59.119	trend_dtrader GBPUSD,H1: Failed modifying USDJPY
0	20:28:00.119	trend_dtrader GBPUSD,H1: Failed modifying USDJPY
0	20:28:01.119	trend_dtrader GBPUSD,H1: Failed modifying USDJPY
0	20:28:02.119	trend_dtrader GBPUSD,H1: Failed modifying USDJPY
0	20:28:03.119	trend_dtrader GBPUSD,H1: Failed modifying USDJPY
0	20:28:04.119	trend_dtrader GBPUSD,H1: Failed modifying USDJPY
0	20:28:05.127	trend_dtrader GBPUSD,H1: Failed modifying USDJPY
0	20:28:06.119	trend_dtrader GBPUSD,H1: Failed modifying USDJPY
0	20:28:07.129	trend_dtrader GBPUSD,H1: Failed modifying USDJPY
0	20:28:08.119	trend_dtrader GBPUSD,H1: Failed modifying USDJPY
0	20:28:09.128	trend_dtrader GBPUSD,H1: Failed modifying USDJPY
0	20:28:10.119	trend_dtrader GBPUSD,H1: Failed modifying USDJPY
0	20:28:11.118	trend_dtrader GBPUSD,H1: Failed modifying USDJPY
0	20:28:12.121	trend_dtrader GBPUSD,H1: Failed modifying USDJPY
0	20:28:13.119	trend_dtrader GBPUSD,H1: Failed modifying USDJPY
0	20:28:14.118	trend_dtrader GBPUSD,H1: Failed modifying USDJPY
0	20:28:15.141	trend_dtrader GBPUSD,H1: Failed modifying USDJPY
0	20:28:16.118	trend_dtrader GBPUSD,H1: Failed modifying USDJPY
0	20:28:17.130	trend_dtrader GBPUSD,H1: Failed modifying USDJPY
0	20:28:18.118	trend_dtrader GBPUSD,H1: Failed modifying USDJPY
0	20:28:19.118	trend_dtrader GBPUSD,H1: Failed modifying USDJPY
0	20:28:20.126	trend_dtrader GBPUSD,H1: Failed modifying USDJPY
0	20:28:21.119	trend_dtrader GBPUSD,H1: Failed modifying USDJPY
0	20:28:22.118	trend_dtrader GBPUSD,H1: Failed modifying USDJPY
0	20:28:23.118	trend_dtrader GBPUSD,H1: Failed modifying USDJPY
0	20:28:24.118	trend_dtrader GBPUSD,H1: Failed modifying USDJPY
0	20:28:25.119	trend_dtrader GBPUSD,H1: Failed modifying USDJPY
0	20:28:26.119	trend_dtrader GBPUSD,H1: Failed modifying USDJPY
0	20:28:27.118	trend_dtrader GBPUSD,H1: Failed modifying USDJPY
0	20:28:28.118	trend_dtrader GBPUSD,H1: Failed modifying USDJPY
0	20:28:29.118	trend_dtrader GBPUSD,H1: Failed modifying USDJPY
0	20:28:30.118	trend_dtrader GBPUSD,H1: Failed modifying USDJPY
0	20:28:31.118	trend_dtrader GBPUSD,H1: Failed modifying USDJPY
0	20:28:32.118	trend_dtrader GBPUSD,H1: Failed modifying USDJPY
0	20:28:33.118	trend_dtrader GBPUSD,H1: Failed modifying USDJPY
0	20:28:34.118	trend_dtrader GBPUSD,H1: Failed modifying USDJPY
0	20:28:35.118	trend_dtrader GBPUSD,H1: Failed modifying USDJPY
0	20:28:36.118	trend_dtrader GBPUSD,H1: Failed modifying USDJPY
0	20:28:37.118	trend_dtrader GBPUSD,H1: Failed modifying USDJPY
0	20:28:38.118	trend_dtrader GBPUSD,H1: Failed modifying USDJPY
0	20:28:39.119	trend_dtrader GBPUSD,H1: Failed modifying USDJPY
0	20:28:40.118	trend_dtrader GBPUSD,H1: Failed modifying USDJPY
0	20:28:41.117	trend_dtrader GBPUSD,H1: Failed modifying USDJPY
0	20:28:42.118	trend_dtrader GBPUSD,H1: Failed modifying USDJPY
0	20:28:43.159	trend_dtrader GBPUSD,H1: Failed modifying USDJPY
0	20:28:44.118	trend_dtrader GBPUSD,H1: Failed modifying USDJPY
0	20:28:45.119	trend_dtrader GBPUSD,H1: Failed modifying USDJPY
0	20:28:46.118	trend_dtrader GBPUSD,H1: Failed modifying USDJPY
0	20:28:47.119	trend_dtrader GBPUSD,H1: Failed modifying USDJPY
0	20:28:48.118	trend_dtrader GBPUSD,H1: Failed modifying USDJPY
0	20:28:49.118	trend_dtrader GBPUSD,H1: Failed modifying USDJPY
0	20:28:50.118	trend_dtrader GBPUSD,H1: Failed modifying USDJPY
0	20:28:51.118	trend_dtrader GBPUSD,H1: Failed modifying USDJPY
0	20:28:52.117	trend_dtrader GBPUSD,H1: Failed modifying USDJPY
0	20:28:53.117	trend_dtrader GBPUSD,H1: Failed modifying USDJPY
0	20:28:54.118	trend_dtrader GBPUSD,H1: Failed modifying USDJPY
0	20:28:55.118	trend_dtrader GBPUSD,H1: Failed modifying USDJPY
0	20:28:56.118	trend_dtrader GBPUSD,H1: Failed modifying USDJPY
0	20:28:57.117	trend_dtrader GBPUSD,H1: Failed modifying USDJPY
0	20:28:58.118	trend_dtrader GBPUSD,H1: Failed modifying USDJPY
0	20:28:59.118	trend_dtrader GBPUSD,H1: Failed modifying USDJPY
0	20:29:00.161	trend_dtrader GBPUSD,H1: Failed modifying USDJPY
0	20:29:01.118	trend_dtrader GBPUSD,H1: Failed modifying USDJPY
0	20:29:02.117	trend_dtrader GBPUSD,H1: Failed modifying USDJPY
0	20:29:03.117	trend_dtrader GBPUSD,H1: Failed modifying USDJPY
0	20:29:04.118	trend_dtrader GBPUSD,H1: Failed modifying USDJPY
0	20:29:05.117	trend_dtrader GBPUSD,H1: Failed modifying USDJPY
0	20:29:06.118	trend_dtrader GBPUSD,H1: Failed modifying USDJPY
0	20:29:07.118	trend_dtrader GBPUSD,H1: Failed modifying USDJPY
0	20:29:08.117	trend_dtrader GBPUSD,H1: Failed modifying USDJPY
0	20:29:09.117	trend_dtrader GBPUSD,H1: Failed modifying USDJPY
0	20:29:10.118	trend_dtrader GBPUSD,H1: Failed modifying USDJPY
0	20:29:11.118	trend_dtrader GBPUSD,H1: Failed modifying USDJPY
0	20:29:12.117	trend_dtrader GBPUSD,H1: Failed modifying USDJPY
0	20:29:13.116	trend_dtrader GBPUSD,H1: Failed modifying USDJPY
0	20:29:14.117	trend_dtrader GBPUSD,H1: Failed modifying USDJPY
0	20:29:15.122	trend_dtrader GBPUSD,H1: Failed modifying USDJPY
0	20:29:16.116	trend_dtrader GBPUSD,H1: Failed modifying USDJPY
0	20:29:17.117	trend_dtrader GBPUSD,H1: Failed modifying USDJPY
0	20:29:18.117	trend_dtrader GBPUSD,H1: Failed modifying USDJPY
0	20:29:19.117	trend_dtrader GBPUSD,H1: Failed modifying USDJPY
0	20:29:20.116	trend_dtrader GBPUSD,H1: Failed modifying USDJPY
0	20:29:21.116	trend_dtrader GBPUSD,H1: Failed modifying USDJPY
0	20:29:22.117	trend_dtrader GBPUSD,H1: Failed modifying USDJPY
0	20:29:23.116	trend_dtrader GBPUSD,H1: Failed modifying USDJPY
0	20:29:24.117	trend_dtrader GBPUSD,H1: Failed modifying USDJPY
0	20:29:25.116	trend_dtrader GBPUSD,H1: Failed modifying USDJPY
0	20:29:26.116	trend_dtrader GBPUSD,H1: Failed modifying USDJPY
0	20:29:27.116	trend_dtrader GBPUSD,H1: Failed modifying USDJPY
0	20:29:28.117	trend_dtrader GBPUSD,H1: Failed modifying USDJPY
0	20:29:29.117	trend_dtrader GBPUSD,H1: Failed modifying USDJPY
0	20:29:30.117	trend_dtrader GBPUSD,H1: Failed modifying USDJPY
0	20:29:31.116	trend_dtrader GBPUSD,H1: Failed modifying USDJPY
0	20:29:32.117	trend_dtrader GBPUSD,H1: Failed modifying USDJPY
0	20:29:33.117	trend_dtrader GBPUSD,H1: Failed modifying USDJPY
0	20:29:34.116	trend_dtrader GBPUSD,H1: Failed modifying USDJPY
0	20:29:35.116	trend_dtrader GBPUSD,H1: Failed modifying USDJPY
0	20:29:36.117	trend_dtrader GBPUSD,H1: Failed modifying USDJPY
0	20:29:37.116	trend_dtrader GBPUSD,H1: Failed modifying USDJPY
0	20:29:38.117	trend_dtrader GBPUSD,H1: Failed modifying USDJPY
0	20:29:39.116	trend_dtrader GBPUSD,H1: Failed modifying USDJPY
0	20:29:40.117	trend_dtrader GBPUSD,H1: Failed modifying USDJPY
0	20:29:41.116	trend_dtrader GBPUSD,H1: Failed modifying USDJPY
0	20:29:42.117	trend_dtrader GBPUSD,H1: Failed modifying USDJPY
0	20:29:43.116	trend_dtrader GBPUSD,H1: Failed modifying USDJPY
0	20:29:44.116	trend_dtrader GBPUSD,H1: Failed modifying USDJPY
0	20:29:45.116	trend_dtrader GBPUSD,H1: Failed modifying USDJPY
0	20:29:46.116	trend_dtrader GBPUSD,H1: Failed modifying USDJPY
0	20:29:47.115	trend_dtrader GBPUSD,H1: Failed modifying USDJPY
0	20:29:48.116	trend_dtrader GBPUSD,H1: Failed modifying USDJPY
0	20:29:49.115	trend_dtrader GBPUSD,H1: Failed modifying USDJPY
0	20:29:50.116	trend_dtrader GBPUSD,H1: Failed modifying USDJPY
0	20:29:51.115	trend_dtrader GBPUSD,H1: Failed modifying USDJPY
0	20:29:52.116	trend_dtrader GBPUSD,H1: Failed modifying USDJPY
0	20:29:53.116	trend_dtrader GBPUSD,H1: Failed modifying USDJPY
0	20:29:54.115	trend_dtrader GBPUSD,H1: Failed modifying USDJPY
0	20:29:55.115	trend_dtrader GBPUSD,H1: Failed modifying USDJPY
0	20:29:56.116	trend_dtrader GBPUSD,H1: Failed modifying USDJPY
0	20:29:57.116	trend_dtrader GBPUSD,H1: Failed modifying USDJPY
0	20:29:58.115	trend_dtrader GBPUSD,H1: Failed modifying USDJPY
0	20:29:59.116	trend_dtrader GBPUSD,H1: Failed modifying USDJPY
0	20:30:00.116	trend_dtrader GBPUSD,H1: Failed modifying USDJPY
0	20:30:01.115	trend_dtrader GBPUSD,H1: Failed modifying USDJPY
0	20:30:02.115	trend_dtrader GBPUSD,H1: Failed modifying USDJPY
0	20:30:03.115	trend_dtrader GBPUSD,H1: Failed modifying USDJPY
0	20:30:04.115	trend_dtrader GBPUSD,H1: Failed modifying USDJPY
0	20:30:05.115	trend_dtrader GBPUSD,H1: Failed modifying USDJPY
0	20:30:06.116	trend_dtrader GBPUSD,H1: Failed modifying USDJPY
0	20:30:07.115	trend_dtrader GBPUSD,H1: Failed modifying USDJPY
0	20:30:08.115	trend_dtrader GBPUSD,H1: Failed modifying USDJPY
0	20:30:09.115	trend_dtrader GBPUSD,H1: Failed modifying USDJPY
0	20:30:10.115	trend_dtrader GBPUSD,H1: Failed modifying USDJPY
0	20:30:11.132	trend_dtrader GBPUSD,H1: Failed modifying USDJPY
0	20:30:12.115	trend_dtrader GBPUSD,H1: Failed modifying USDJPY
0	20:30:13.115	trend_dtrader GBPUSD,H1: Failed modifying USDJPY
0	20:30:14.115	trend_dtrader GBPUSD,H1: Failed modifying USDJPY
0	20:30:15.115	trend_dtrader GBPUSD,H1: Failed modifying USDJPY
0	20:30:16.116	trend_dtrader GBPUSD,H1: Failed modifying USDJPY
0	20:30:17.115	trend_dtrader GBPUSD,H1: Failed modifying USDJPY
0	20:30:18.115	trend_dtrader GBPUSD,H1: Failed modifying USDJPY
0	20:30:19.115	trend_dtrader GBPUSD,H1: Failed modifying USDJPY
0	20:30:20.115	trend_dtrader GBPUSD,H1: Failed modifying USDJPY
0	20:30:21.115	trend_dtrader GBPUSD,H1: Failed modifying USDJPY
0	20:30:22.116	trend_dtrader GBPUSD,H1: Failed modifying USDJPY
0	20:30:23.115	trend_dtrader GBPUSD,H1: Failed modifying USDJPY
0	20:30:24.115	trend_dtrader GBPUSD,H1: Failed modifying USDJPY
0	20:30:25.114	trend_dtrader GBPUSD,H1: Failed modifying USDJPY
0	20:30:26.115	trend_dtrader GBPUSD,H1: Failed modifying USDJPY
0	20:30:27.115	trend_dtrader GBPUSD,H1: Failed modifying USDJPY
0	20:30:28.114	trend_dtrader GBPUSD,H1: Failed modifying USDJPY
0	20:30:29.114	trend_dtrader GBPUSD,H1: Failed modifying USDJPY
0	20:30:30.115	trend_dtrader GBPUSD,H1: Failed modifying USDJPY
0	20:30:31.115	trend_dtrader GBPUSD,H1: Failed modifying USDJPY
0	20:30:32.122	trend_dtrader GBPUSD,H1: Failed modifying USDJPY
0	20:30:33.115	trend_dtrader GBPUSD,H1: Failed modifying USDJPY
0	20:30:34.127	trend_dtrader GBPUSD,H1: Failed modifying USDJPY
0	20:30:35.115	trend_dtrader GBPUSD,H1: Failed modifying USDJPY
0	20:30:36.135	trend_dtrader GBPUSD,H1: Failed modifying USDJPY
0	20:30:37.114	trend_dtrader GBPUSD,H1: Failed modifying USDJPY
0	20:30:38.115	trend_dtrader GBPUSD,H1: Failed modifying USDJPY
0	20:30:39.114	trend_dtrader GBPUSD,H1: Failed modifying USDJPY
0	20:30:40.115	trend_dtrader GBPUSD,H1: Failed modifying USDJPY
0	20:30:41.115	trend_dtrader GBPUSD,H1: Failed modifying USDJPY
0	20:30:42.115	trend_dtrader GBPUSD,H1: Failed modifying USDJPY
0	20:30:43.115	trend_dtrader GBPUSD,H1: Failed modifying USDJPY
0	20:30:44.114	trend_dtrader GBPUSD,H1: Failed modifying USDJPY
0	20:30:45.115	trend_dtrader GBPUSD,H1: Failed modifying USDJPY
0	20:30:46.115	trend_dtrader GBPUSD,H1: Failed modifying USDJPY
0	20:30:47.114	trend_dtrader GBPUSD,H1: Failed modifying USDJPY
0	20:30:48.114	trend_dtrader GBPUSD,H1: Failed modifying USDJPY
0	20:30:49.114	trend_dtrader GBPUSD,H1: Failed modifying USDJPY
0	20:30:50.114	trend_dtrader GBPUSD,H1: Failed modifying USDJPY
0	20:30:51.114	trend_dtrader GBPUSD,H1: Failed modifying USDJPY
0	20:30:52.114	trend_dtrader GBPUSD,H1: Failed modifying USDJPY
0	20:30:53.114	trend_dtrader GBPUSD,H1: Failed modifying USDJPY
0	20:30:54.114	trend_dtrader GBPUSD,H1: Failed modifying USDJPY
0	20:30:55.114	trend_dtrader GBPUSD,H1: Failed modifying USDJPY
0	20:30:56.114	trend_dtrader GBPUSD,H1: Failed modifying USDJPY
0	20:30:57.114	trend_dtrader GBPUSD,H1: Failed modifying USDJPY
0	20:30:58.113	trend_dtrader GBPUSD,H1: Failed modifying USDJPY
0	20:30:59.114	trend_dtrader GBPUSD,H1: Failed modifying USDJPY
0	20:31:00.113	trend_dtrader GBPUSD,H1: Failed modifying USDJPY
0	20:31:01.114	trend_dtrader GBPUSD,H1: Failed modifying USDJPY
0	20:31:02.133	trend_dtrader GBPUSD,H1: Failed modifying USDJPY
0	20:31:03.113	trend_dtrader GBPUSD,H1: Failed modifying USDJPY
0	20:31:04.114	trend_dtrader GBPUSD,H1: Failed modifying USDJPY
0	20:31:05.123	trend_dtrader GBPUSD,H1: Failed modifying USDJPY
0	20:31:06.114	trend_dtrader GBPUSD,H1: Failed modifying USDJPY
0	20:31:07.113	trend_dtrader GBPUSD,H1: Failed modifying USDJPY
0	20:31:08.114	trend_dtrader GBPUSD,H1: Failed modifying USDJPY
0	20:31:09.146	trend_dtrader GBPUSD,H1: Failed modifying USDJPY
0	20:31:10.114	trend_dtrader GBPUSD,H1: Failed modifying USDJPY
0	20:31:11.113	trend_dtrader GBPUSD,H1: Failed modifying USDJPY
0	20:31:12.114	trend_dtrader GBPUSD,H1: Failed modifying USDJPY
0	20:31:13.113	trend_dtrader GBPUSD,H1: Failed modifying USDJPY
0	20:31:14.114	trend_dtrader GBPUSD,H1: Failed modifying USDJPY
0	20:31:15.114	trend_dtrader GBPUSD,H1: Failed modifying USDJPY
0	20:31:16.115	trend_dtrader GBPUSD,H1: Failed modifying USDJPY
0	20:31:17.113	trend_dtrader GBPUSD,H1: Failed modifying USDJPY
0	20:31:18.113	trend_dtrader GBPUSD,H1: Failed modifying USDJPY
0	20:31:19.113	trend_dtrader GBPUSD,H1: Failed modifying USDJPY
0	20:31:20.138	trend_dtrader GBPUSD,H1: Failed modifying USDJPY
0	20:31:21.135	trend_dtrader GBPUSD,H1: Failed modifying USDJPY
0	20:31:22.115	trend_dtrader GBPUSD,H1: Failed modifying USDJPY
0	20:31:23.129	trend_dtrader GBPUSD,H1: Failed modifying USDJPY
0	20:31:24.113	trend_dtrader GBPUSD,H1: Failed modifying USDJPY
0	20:31:25.113	trend_dtrader GBPUSD,H1: Failed modifying USDJPY
0	20:31:26.113	trend_dtrader GBPUSD,H1: Failed modifying USDJPY
0	20:31:27.113	trend_dtrader GBPUSD,H1: Failed modifying USDJPY
0	20:31:28.113	trend_dtrader GBPUSD,H1: Failed modifying USDJPY
0	20:31:29.113	trend_dtrader GBPUSD,H1: Failed modifying USDJPY
0	20:31:30.113	trend_dtrader GBPUSD,H1: Failed modifying USDJPY
0	20:31:31.113	trend_dtrader GBPUSD,H1: Failed modifying USDJPY
0	20:31:32.112	trend_dtrader GBPUSD,H1: Failed modifying USDJPY
0	20:31:33.112	trend_dtrader GBPUSD,H1: Failed modifying USDJPY
0	20:31:34.113	trend_dtrader GBPUSD,H1: Failed modifying USDJPY
0	20:31:35.112	trend_dtrader GBPUSD,H1: Failed modifying USDJPY
0	20:31:36.112	trend_dtrader GBPUSD,H1: Failed modifying USDJPY
0	20:31:37.113	trend_dtrader GBPUSD,H1: Failed modifying USDJPY
0	20:31:38.114	trend_dtrader GBPUSD,H1: Failed modifying USDJPY
0	20:31:39.113	trend_dtrader GBPUSD,H1: Failed modifying USDJPY
0	20:31:40.113	trend_dtrader GBPUSD,H1: Failed modifying USDJPY
0	20:31:41.113	trend_dtrader GBPUSD,H1: Failed modifying USDJPY
0	20:31:42.112	trend_dtrader GBPUSD,H1: Failed modifying USDJPY
0	20:31:43.112	trend_dtrader GBPUSD,H1: Failed modifying USDJPY
0	20:31:44.115	trend_dtrader GBPUSD,H1: Failed modifying USDJPY
0	20:31:45.112	trend_dtrader GBPUSD,H1: Failed modifying USDJPY
0	20:31:46.112	trend_dtrader GBPUSD,H1: Failed modifying USDJPY
0	20:31:47.112	trend_dtrader GBPUSD,H1: Failed modifying USDJPY
0	20:31:48.112	trend_dtrader GBPUSD,H1: Failed modifying USDJPY
0	20:31:49.112	trend_dtrader GBPUSD,H1: Failed modifying USDJPY
0	20:31:50.113	trend_dtrader GBPUSD,H1: Failed modifying USDJPY
0	20:31:51.112	trend_dtrader GBPUSD,H1: Failed modifying USDJPY
0	20:31:52.112	trend_dtrader GBPUSD,H1: Failed modifying USDJPY
0	20:31:53.112	trend_dtrader GBPUSD,H1: Failed modifying USDJPY
0	20:31:54.112	trend_dtrader GBPUSD,H1: Failed modifying USDJPY
0	20:31:55.112	trend_dtrader GBPUSD,H1: Failed modifying USDJPY
0	20:31:56.113	trend_dtrader GBPUSD,H1: Failed modifying USDJPY
0	20:31:57.112	trend_dtrader GBPUSD,H1: Failed modifying USDJPY
0	20:31:58.112	trend_dtrader GBPUSD,H1: Failed modifying USDJPY
0	20:31:59.112	trend_dtrader GBPUSD,H1: Failed modifying USDJPY
0	20:32:00.113	trend_dtrader GBPUSD,H1: Failed modifying USDJPY
0	20:32:01.112	trend_dtrader GBPUSD,H1: Failed modifying USDJPY
0	20:32:02.113	trend_dtrader GBPUSD,H1: Failed modifying USDJPY
0	20:32:03.113	trend_dtrader GBPUSD,H1: Failed modifying USDJPY
0	20:32:04.112	trend_dtrader GBPUSD,H1: Failed modifying USDJPY
0	20:32:05.127	trend_dtrader GBPUSD,H1: Failed modifying USDJPY
0	20:32:06.111	trend_dtrader GBPUSD,H1: Failed modifying USDJPY
0	20:32:07.111	trend_dtrader GBPUSD,H1: Failed modifying USDJPY
0	20:32:08.114	trend_dtrader GBPUSD,H1: Failed modifying USDJPY
0	20:32:09.112	trend_dtrader GBPUSD,H1: Failed modifying USDJPY
0	20:32:10.112	trend_dtrader GBPUSD,H1: Failed modifying USDJPY
0	20:32:11.112	trend_dtrader GBPUSD,H1: Failed modifying USDJPY
0	20:32:12.112	trend_dtrader GBPUSD,H1: Failed modifying USDJPY
0	20:32:13.112	trend_dtrader GBPUSD,H1: Failed modifying USDJPY
0	20:32:14.112	trend_dtrader GBPUSD,H1: Failed modifying USDJPY
0	20:32:15.112	trend_dtrader GBPUSD,H1: Failed modifying USDJPY
0	20:32:16.112	trend_dtrader GBPUSD,H1: Failed modifying USDJPY
0	20:32:17.111	trend_dtrader GBPUSD,H1: Failed modifying USDJPY
0	20:32:18.112	trend_dtrader GBPUSD,H1: Failed modifying USDJPY
0	20:32:19.111	trend_dtrader GBPUSD,H1: Failed modifying USDJPY
0	20:32:20.112	trend_dtrader GBPUSD,H1: Failed modifying USDJPY
0	20:32:21.112	trend_dtrader GBPUSD,H1: Failed modifying USDJPY
0	20:32:22.111	trend_dtrader GBPUSD,H1: Failed modifying USDJPY
0	20:32:23.112	trend_dtrader GBPUSD,H1: Failed modifying USDJPY
0	20:32:24.111	trend_dtrader GBPUSD,H1: Failed modifying USDJPY
0	20:32:25.111	trend_dtrader GBPUSD,H1: Failed modifying USDJPY
0	20:32:26.111	trend_dtrader GBPUSD,H1: Failed modifying USDJPY
0	20:32:27.112	trend_dtrader GBPUSD,H1: Failed modifying USDJPY
0	20:32:28.111	trend_dtrader GBPUSD,H1: Failed modifying USDJPY
0	20:32:29.112	trend_dtrader GBPUSD,H1: Failed modifying USDJPY
0	20:32:30.111	trend_dtrader GBPUSD,H1: Failed modifying USDJPY
0	20:32:31.112	trend_dtrader GBPUSD,H1: Failed modifying USDJPY
0	20:32:32.112	trend_dtrader GBPUSD,H1: Failed modifying USDJPY
0	20:32:33.111	trend_dtrader GBPUSD,H1: Failed modifying USDJPY
0	20:32:34.111	trend_dtrader GBPUSD,H1: Failed modifying USDJPY
0	20:32:35.111	trend_dtrader GBPUSD,H1: Failed modifying USDJPY
0	20:32:36.111	trend_dtrader GBPUSD,H1: Failed modifying USDJPY
0	20:32:37.111	trend_dtrader GBPUSD,H1: Failed modifying USDJPY
0	20:32:38.111	trend_dtrader GBPUSD,H1: Failed modifying USDJPY
0	20:32:39.110	trend_dtrader GBPUSD,H1: Failed modifying USDJPY
0	20:32:40.113	trend_dtrader GBPUSD,H1: Failed modifying USDJPY
0	20:32:41.111	trend_dtrader GBPUSD,H1: Failed modifying USDJPY
0	20:32:42.111	trend_dtrader GBPUSD,H1: Failed modifying USDJPY
0	20:32:43.111	trend_dtrader GBPUSD,H1: Failed modifying USDJPY
0	20:32:44.133	trend_dtrader GBPUSD,H1: Failed modifying USDJPY
0	20:32:45.111	trend_dtrader GBPUSD,H1: Failed modifying USDJPY
0	20:32:46.110	trend_dtrader GBPUSD,H1: Failed modifying USDJPY
0	20:32:47.110	trend_dtrader GBPUSD,H1: Failed modifying USDJPY
0	20:32:48.111	trend_dtrader GBPUSD,H1: Failed modifying USDJPY
0	20:32:49.142	trend_dtrader GBPUSD,H1: Failed modifying USDJPY
0	20:32:50.110	trend_dtrader GBPUSD,H1: Failed modifying USDJPY
0	20:32:51.110	trend_dtrader GBPUSD,H1: Failed modifying USDJPY
0	20:32:52.110	trend_dtrader GBPUSD,H1: Failed modifying USDJPY
0	20:32:53.111	trend_dtrader GBPUSD,H1: Failed modifying USDJPY
0	20:32:54.177	trend_dtrader GBPUSD,H1: Failed modifying USDJPY
0	20:32:55.110	trend_dtrader GBPUSD,H1: Failed modifying USDJPY
0	20:32:56.111	trend_dtrader GBPUSD,H1: Failed modifying USDJPY
0	20:32:57.110	trend_dtrader GBPUSD,H1: Failed modifying USDJPY
0	20:32:58.110	trend_dtrader GBPUSD,H1: Failed modifying USDJPY
0	20:32:59.110	trend_dtrader GBPUSD,H1: Failed modifying USDJPY
0	20:33:00.111	trend_dtrader GBPUSD,H1: Failed modifying USDJPY
0	20:33:01.111	trend_dtrader GBPUSD,H1: Failed modifying USDJPY
0	20:33:02.110	trend_dtrader GBPUSD,H1: Failed modifying USDJPY
0	20:33:03.124	trend_dtrader GBPUSD,H1: Failed modifying USDJPY
0	20:33:04.110	trend_dtrader GBPUSD,H1: Failed modifying USDJPY
0	20:33:05.110	trend_dtrader GBPUSD,H1: Failed modifying USDJPY
0	20:33:06.110	trend_dtrader GBPUSD,H1: Failed modifying USDJPY
0	20:33:07.110	trend_dtrader GBPUSD,H1: Failed modifying USDJPY
0	20:33:08.110	trend_dtrader GBPUSD,H1: Failed modifying USDJPY
0	20:33:09.111	trend_dtrader GBPUSD,H1: Failed modifying USDJPY
0	20:33:10.110	trend_dtrader GBPUSD,H1: Failed modifying USDJPY
0	20:33:11.110	trend_dtrader GBPUSD,H1: Failed modifying USDJPY
0	20:33:12.110	trend_dtrader GBPUSD,H1: Failed modifying USDJPY
0	20:33:13.110	trend_dtrader GBPUSD,H1: Failed modifying USDJPY
0	20:33:14.110	trend_dtrader GBPUSD,H1: Failed modifying USDJPY
0	20:33:15.110	trend_dtrader GBPUSD,H1: Failed modifying USDJPY
0	20:33:16.110	trend_dtrader GBPUSD,H1: Failed modifying USDJPY
0	20:33:17.144	trend_dtrader GBPUSD,H1: Failed modifying USDJPY
0	20:33:18.110	trend_dtrader GBPUSD,H1: Failed modifying USDJPY
0	20:33:19.109	trend_dtrader GBPUSD,H1: Failed modifying USDJPY
0	20:33:20.109	trend_dtrader GBPUSD,H1: Failed modifying USDJPY
0	20:33:21.110	trend_dtrader GBPUSD,H1: Failed modifying USDJPY
0	20:33:22.127	trend_dtrader GBPUSD,H1: Failed modifying USDJPY
0	20:33:23.109	trend_dtrader GBPUSD,H1: Failed modifying USDJPY
0	20:33:24.109	trend_dtrader GBPUSD,H1: Failed modifying USDJPY
0	20:33:25.109	trend_dtrader GBPUSD,H1: Failed modifying USDJPY
0	20:33:26.109	trend_dtrader GBPUSD,H1: Failed modifying USDJPY
0	20:33:27.109	trend_dtrader GBPUSD,H1: Failed modifying USDJPY
0	20:33:28.109	trend_dtrader GBPUSD,H1: Failed modifying USDJPY
0	20:33:29.109	trend_dtrader GBPUSD,H1: Failed modifying USDJPY
0	20:33:30.109	trend_dtrader GBPUSD,H1: Failed modifying USDJPY
0	20:33:31.110	trend_dtrader GBPUSD,H1: Failed modifying USDJPY
0	20:33:32.109	trend_dtrader GBPUSD,H1: Failed modifying USDJPY
0	20:33:33.110	trend_dtrader GBPUSD,H1: Failed modifying USDJPY
0	20:33:34.109	trend_dtrader GBPUSD,H1: Failed modifying USDJPY
0	20:33:35.109	trend_dtrader GBPUSD,H1: Failed modifying USDJPY
0	20:33:36.109	trend_dtrader GBPUSD,H1: Failed modifying USDJPY
0	20:33:37.109	trend_dtrader GBPUSD,H1: Failed modifying USDJPY
0	20:33:38.109	trend_dtrader GBPUSD,H1: Failed modifying USDJPY
0	20:33:39.109	trend_dtrader GBPUSD,H1: Failed modifying USDJPY
0	20:33:40.125	trend_dtrader GBPUSD,H1: Failed modifying USDJPY
0	20:33:41.109	trend_dtrader GBPUSD,H1: Failed modifying USDJPY
0	20:33:42.109	trend_dtrader GBPUSD,H1: Failed modifying USDJPY
0	20:33:43.109	trend_dtrader GBPUSD,H1: Failed modifying USDJPY
0	20:33:44.109	trend_dtrader GBPUSD,H1: Failed modifying USDJPY
0	20:33:45.108	trend_dtrader GBPUSD,H1: Failed modifying USDJPY
0	20:33:46.109	trend_dtrader GBPUSD,H1: Failed modifying USDJPY
0	20:33:47.109	trend_dtrader GBPUSD,H1: Failed modifying USDJPY
0	20:33:48.109	trend_dtrader GBPUSD,H1: Failed modifying USDJPY
0	20:33:49.109	trend_dtrader GBPUSD,H1: Failed modifying USDJPY
0	20:33:50.109	trend_dtrader GBPUSD,H1: Failed modifying USDJPY
0	20:33:51.108	trend_dtrader GBPUSD,H1: Failed modifying USDJPY
0	20:33:52.109	trend_dtrader GBPUSD,H1: Failed modifying USDJPY
0	20:33:53.109	trend_dtrader GBPUSD,H1: Failed modifying USDJPY
0	20:33:54.145	trend_dtrader GBPUSD,H1: Failed modifying USDJPY
0	20:33:55.108	trend_dtrader GBPUSD,H1: Failed modifying USDJPY
0	20:33:56.108	trend_dtrader GBPUSD,H1: Failed modifying USDJPY
0	20:33:57.108	trend_dtrader GBPUSD,H1: Failed modifying USDJPY
0	20:33:58.130	trend_dtrader GBPUSD,H1: Failed modifying USDJPY
0	20:33:59.108	trend_dtrader GBPUSD,H1: Failed modifying USDJPY
0	20:34:00.129	trend_dtrader GBPUSD,H1: Failed modifying USDJPY
0	20:34:01.108	trend_dtrader GBPUSD,H1: Failed modifying USDJPY
0	20:34:02.110	trend_dtrader GBPUSD,H1: Failed modifying USDJPY
0	20:34:03.108	trend_dtrader GBPUSD,H1: Failed modifying USDJPY
0	20:34:04.108	trend_dtrader GBPUSD,H1: Failed modifying USDJPY
0	20:34:05.115	trend_dtrader GBPUSD,H1: Failed modifying USDJPY
0	20:34:06.134	trend_dtrader GBPUSD,H1: Failed modifying USDJPY
0	20:34:07.112	trend_dtrader GBPUSD,H1: Failed modifying USDJPY
0	20:34:08.109	trend_dtrader GBPUSD,H1: Failed modifying USDJPY
0	20:34:09.108	trend_dtrader GBPUSD,H1: Failed modifying USDJPY
0	20:34:10.108	trend_dtrader GBPUSD,H1: Failed modifying USDJPY
0	20:34:11.108	trend_dtrader GBPUSD,H1: Failed modifying USDJPY
0	20:34:12.108	trend_dtrader GBPUSD,H1: Failed modifying USDJPY
0	20:34:13.108	trend_dtrader GBPUSD,H1: Failed modifying USDJPY
0	20:34:14.108	trend_dtrader GBPUSD,H1: Failed modifying USDJPY
0	20:34:15.108	trend_dtrader GBPUSD,H1: Failed modifying USDJPY
0	20:34:16.108	trend_dtrader GBPUSD,H1: Failed modifying USDJPY
0	20:34:17.107	trend_dtrader GBPUSD,H1: Failed modifying USDJPY
0	20:34:18.108	trend_dtrader GBPUSD,H1: Failed modifying USDJPY
0	20:34:19.107	trend_dtrader GBPUSD,H1: Failed modifying USDJPY
0	20:34:20.108	trend_dtrader GBPUSD,H1: Failed modifying USDJPY
0	20:34:21.108	trend_dtrader GBPUSD,H1: Failed modifying USDJPY
0	20:34:22.108	trend_dtrader GBPUSD,H1: Failed modifying USDJPY
0	20:34:23.108	trend_dtrader GBPUSD,H1: Failed modifying USDJPY
0	20:34:24.116	trend_dtrader GBPUSD,H1: Failed modifying USDJPY
0	20:34:25.107	trend_dtrader GBPUSD,H1: Failed modifying USDJPY
0	20:34:26.108	trend_dtrader GBPUSD,H1: Failed modifying USDJPY
0	20:34:27.107	trend_dtrader GBPUSD,H1: Failed modifying USDJPY
0	20:34:28.112	trend_dtrader GBPUSD,H1: Failed modifying USDJPY
0	20:34:29.108	trend_dtrader GBPUSD,H1: Failed modifying USDJPY
0	20:34:30.108	trend_dtrader GBPUSD,H1: Failed modifying USDJPY
0	20:34:31.136	trend_dtrader GBPUSD,H1: Failed modifying USDJPY
0	20:34:32.108	trend_dtrader GBPUSD,H1: Failed modifying USDJPY
0	20:34:33.107	trend_dtrader GBPUSD,H1: Failed modifying USDJPY
0	20:34:34.110	trend_dtrader GBPUSD,H1: Failed modifying USDJPY
0	20:34:35.121	trend_dtrader GBPUSD,H1: Failed modifying USDJPY
0	20:34:36.108	trend_dtrader GBPUSD,H1: Failed modifying USDJPY
0	20:34:37.107	trend_dtrader GBPUSD,H1: Failed modifying USDJPY
0	20:34:38.107	trend_dtrader GBPUSD,H1: Failed modifying USDJPY
0	20:34:39.107	trend_dtrader GBPUSD,H1: Failed modifying USDJPY
0	20:34:40.107	trend_dtrader GBPUSD,H1: Failed modifying USDJPY
0	20:34:41.107	trend_dtrader GBPUSD,H1: Failed modifying USDJPY
0	20:34:42.111	trend_dtrader GBPUSD,H1: Failed modifying USDJPY
0	20:34:43.108	trend_dtrader GBPUSD,H1: Failed modifying USDJPY
0	20:34:44.131	trend_dtrader GBPUSD,H1: Failed modifying USDJPY
0	20:34:45.107	trend_dtrader GBPUSD,H1: Failed modifying USDJPY
0	20:34:46.108	trend_dtrader GBPUSD,H1: Failed modifying USDJPY
0	20:34:47.107	trend_dtrader GBPUSD,H1: Failed modifying USDJPY
0	20:34:48.107	trend_dtrader GBPUSD,H1: Failed modifying USDJPY
0	20:34:49.107	trend_dtrader GBPUSD,H1: Failed modifying USDJPY
0	20:34:50.107	trend_dtrader GBPUSD,H1: Failed modifying USDJPY
0	20:34:51.107	trend_dtrader GBPUSD,H1: Failed modifying USDJPY
0	20:34:52.107	trend_dtrader GBPUSD,H1: Failed modifying USDJPY
0	20:34:53.107	trend_dtrader GBPUSD,H1: Failed modifying USDJPY
0	20:34:54.110	trend_dtrader GBPUSD,H1: Failed modifying USDJPY
0	20:34:55.107	trend_dtrader GBPUSD,H1: Failed modifying USDJPY
0	20:34:56.107	trend_dtrader GBPUSD,H1: Failed modifying USDJPY
0	20:34:57.106	trend_dtrader GBPUSD,H1: Failed modifying USDJPY
0	20:34:58.108	trend_dtrader GBPUSD,H1: Failed modifying USDJPY
0	20:34:59.106	trend_dtrader GBPUSD,H1: Failed modifying USDJPY
0	20:35:00.106	trend_dtrader GBPUSD,H1: Failed modifying USDJPY
0	20:35:01.106	trend_dtrader GBPUSD,H1: Failed modifying USDJPY
0	20:35:02.107	trend_dtrader GBPUSD,H1: Failed modifying USDJPY
0	20:35:03.107	trend_dtrader GBPUSD,H1: Failed modifying USDJPY
0	20:35:04.106	trend_dtrader GBPUSD,H1: Failed modifying USDJPY
0	20:35:05.106	trend_dtrader GBPUSD,H1: Failed modifying USDJPY
0	20:35:06.108	trend_dtrader GBPUSD,H1: Failed modifying USDJPY
0	20:35:07.106	trend_dtrader GBPUSD,H1: Failed modifying USDJPY
0	20:35:08.117	trend_dtrader GBPUSD,H1: Failed modifying USDJPY
0	20:35:09.106	trend_dtrader GBPUSD,H1: Failed modifying USDJPY
0	20:35:10.108	trend_dtrader GBPUSD,H1: Failed modifying USDJPY
0	20:35:11.106	trend_dtrader GBPUSD,H1: Failed modifying USDJPY
0	20:35:12.106	trend_dtrader GBPUSD,H1: Failed modifying USDJPY
0	20:35:13.106	trend_dtrader GBPUSD,H1: Failed modifying USDJPY
0	20:35:14.107	trend_dtrader GBPUSD,H1: Failed modifying USDJPY
0	20:35:15.106	trend_dtrader GBPUSD,H1: Failed modifying USDJPY
0	20:35:16.107	trend_dtrader GBPUSD,H1: Failed modifying USDJPY
0	20:35:17.106	trend_dtrader GBPUSD,H1: Failed modifying USDJPY
0	20:35:18.107	trend_dtrader GBPUSD,H1: Failed modifying USDJPY
0	20:35:19.106	trend_dtrader GBPUSD,H1: Failed modifying USDJPY
0	20:35:20.161	trend_dtrader GBPUSD,H1: Failed modifying USDJPY
0	20:35:21.106	trend_dtrader GBPUSD,H1: Failed modifying USDJPY
0	20:35:22.107	trend_dtrader GBPUSD,H1: Failed modifying USDJPY
0	20:35:23.114	trend_dtrader GBPUSD,H1: Failed modifying USDJPY
0	20:35:24.106	trend_dtrader GBPUSD,H1: Failed modifying USDJPY
0	20:35:25.106	trend_dtrader GBPUSD,H1: Failed modifying USDJPY
0	20:35:26.106	trend_dtrader GBPUSD,H1: Failed modifying USDJPY
0	20:35:27.106	trend_dtrader GBPUSD,H1: Failed modifying USDJPY
0	20:35:28.105	trend_dtrader GBPUSD,H1: Failed modifying USDJPY
0	20:35:29.106	trend_dtrader GBPUSD,H1: Failed modifying USDJPY
0	20:35:30.106	trend_dtrader GBPUSD,H1: Failed modifying USDJPY
0	20:35:31.106	trend_dtrader GBPUSD,H1: Failed modifying USDJPY
0	20:35:32.106	trend_dtrader GBPUSD,H1: Failed modifying USDJPY
0	20:35:33.106	trend_dtrader GBPUSD,H1: Failed modifying USDJPY
0	20:35:34.107	trend_dtrader GBPUSD,H1: Failed modifying USDJPY
0	20:35:35.106	trend_dtrader GBPUSD,H1: Failed modifying USDJPY
0	20:35:36.106	trend_dtrader GBPUSD,H1: Failed modifying USDJPY
0	20:35:37.106	trend_dtrader GBPUSD,H1: Failed modifying USDJPY
0	20:35:38.105	trend_dtrader GBPUSD,H1: Failed modifying USDJPY
0	20:35:39.106	trend_dtrader GBPUSD,H1: Failed modifying USDJPY
0	20:35:40.106	trend_dtrader GBPUSD,H1: Failed modifying USDJPY
0	20:35:41.106	trend_dtrader GBPUSD,H1: Failed modifying USDJPY
0	20:35:42.106	trend_dtrader GBPUSD,H1: Failed modifying USDJPY
0	20:35:43.105	trend_dtrader GBPUSD,H1: Failed modifying USDJPY
0	20:35:44.106	trend_dtrader GBPUSD,H1: Failed modifying USDJPY
0	20:35:45.105	trend_dtrader GBPUSD,H1: Failed modifying USDJPY
0	20:35:46.105	trend_dtrader GBPUSD,H1: Failed modifying USDJPY
0	20:35:47.105	trend_dtrader GBPUSD,H1: Failed modifying USDJPY
0	20:35:48.105	trend_dtrader GBPUSD,H1: Failed modifying USDJPY
0	20:35:49.105	trend_dtrader GBPUSD,H1: Failed modifying USDJPY
0	20:35:50.106	trend_dtrader GBPUSD,H1: Failed modifying USDJPY
0	20:35:51.105	trend_dtrader GBPUSD,H1: Failed modifying USDJPY
0	20:35:52.106	trend_dtrader GBPUSD,H1: Failed modifying USDJPY
0	20:35:53.169	trend_dtrader GBPUSD,H1: Failed modifying USDJPY
0	20:35:54.105	trend_dtrader GBPUSD,H1: Failed modifying USDJPY
0	20:35:55.105	trend_dtrader GBPUSD,H1: Failed modifying USDJPY
0	20:35:56.105	trend_dtrader GBPUSD,H1: Failed modifying USDJPY
0	20:35:57.129	trend_dtrader GBPUSD,H1: Failed modifying USDJPY
0	20:35:58.105	trend_dtrader GBPUSD,H1: Failed modifying USDJPY
0	20:35:59.104	trend_dtrader GBPUSD,H1: Failed modifying USDJPY
0	20:36:00.104	trend_dtrader GBPUSD,H1: Failed modifying USDJPY
0	20:36:01.105	trend_dtrader GBPUSD,H1: Failed modifying USDJPY
0	20:36:02.105	trend_dtrader GBPUSD,H1: Failed modifying USDJPY
0	20:36:03.105	trend_dtrader GBPUSD,H1: Failed modifying USDJPY
0	20:36:04.105	trend_dtrader GBPUSD,H1: Failed modifying USDJPY
0	20:36:05.106	trend_dtrader GBPUSD,H1: Failed modifying USDJPY
0	20:36:06.104	trend_dtrader GBPUSD,H1: Failed modifying USDJPY
0	20:36:07.104	trend_dtrader GBPUSD,H1: Failed modifying USDJPY
0	20:36:08.105	trend_dtrader GBPUSD,H1: Failed modifying USDJPY
0	20:36:09.105	trend_dtrader GBPUSD,H1: Failed modifying USDJPY
0	20:36:10.105	trend_dtrader GBPUSD,H1: Failed modifying USDJPY
0	20:36:11.104	trend_dtrader GBPUSD,H1: Failed modifying USDJPY
0	20:36:12.104	trend_dtrader GBPUSD,H1: Failed modifying USDJPY
0	20:36:13.105	trend_dtrader GBPUSD,H1: Failed modifying USDJPY
0	20:36:14.104	trend_dtrader GBPUSD,H1: Failed modifying USDJPY
0	20:36:15.110	trend_dtrader GBPUSD,H1: Failed modifying USDJPY
0	20:36:16.104	trend_dtrader GBPUSD,H1: Failed modifying USDJPY
0	20:36:17.104	trend_dtrader GBPUSD,H1: Failed modifying USDJPY
0	20:36:18.105	trend_dtrader GBPUSD,H1: Failed modifying USDJPY
0	20:36:19.115	trend_dtrader GBPUSD,H1: Failed modifying USDJPY
0	20:36:20.104	trend_dtrader GBPUSD,H1: Failed modifying USDJPY
0	20:36:21.104	trend_dtrader GBPUSD,H1: Failed modifying USDJPY
0	20:36:22.104	trend_dtrader GBPUSD,H1: Failed modifying USDJPY
0	20:36:23.104	trend_dtrader GBPUSD,H1: Failed modifying USDJPY
0	20:36:24.104	trend_dtrader GBPUSD,H1: Failed modifying USDJPY
0	20:36:25.105	trend_dtrader GBPUSD,H1: Failed modifying USDJPY
0	20:36:26.104	trend_dtrader GBPUSD,H1: Failed modifying USDJPY
0	20:36:27.104	trend_dtrader GBPUSD,H1: Failed modifying USDJPY
0	20:36:28.104	trend_dtrader GBPUSD,H1: Failed modifying USDJPY
0	20:36:29.105	trend_dtrader GBPUSD,H1: Failed modifying USDJPY
0	20:36:30.105	trend_dtrader GBPUSD,H1: Failed modifying USDJPY
0	20:36:31.104	trend_dtrader GBPUSD,H1: Failed modifying USDJPY
0	20:36:32.104	trend_dtrader GBPUSD,H1: Failed modifying USDJPY
0	20:36:33.105	trend_dtrader GBPUSD,H1: Failed modifying USDJPY
0	20:36:34.104	trend_dtrader GBPUSD,H1: Failed modifying USDJPY
0	20:36:35.105	trend_dtrader GBPUSD,H1: Failed modifying USDJPY
0	20:36:36.104	trend_dtrader GBPUSD,H1: Failed modifying USDJPY
0	20:36:37.121	trend_dtrader GBPUSD,H1: Failed modifying USDJPY
0	20:36:38.104	trend_dtrader GBPUSD,H1: Failed modifying USDJPY
0	20:36:39.104	trend_dtrader GBPUSD,H1: Failed modifying USDJPY
0	20:36:40.105	trend_dtrader GBPUSD,H1: Failed modifying USDJPY
0	20:36:41.104	trend_dtrader GBPUSD,H1: Failed modifying USDJPY
0	20:36:42.106	trend_dtrader GBPUSD,H1: Failed modifying USDJPY
0	20:36:43.105	trend_dtrader GBPUSD,H1: Failed modifying USDJPY
0	20:36:44.104	trend_dtrader GBPUSD,H1: Failed modifying USDJPY
0	20:36:45.104	trend_dtrader GBPUSD,H1: Failed modifying USDJPY
0	20:36:46.104	trend_dtrader GBPUSD,H1: Failed modifying USDJPY
0	20:36:47.103	trend_dtrader GBPUSD,H1: Failed modifying USDJPY
0	20:36:48.105	trend_dtrader GBPUSD,H1: Failed modifying USDJPY
0	20:36:49.104	trend_dtrader GBPUSD,H1: Failed modifying USDJPY
0	20:36:50.104	trend_dtrader GBPUSD,H1: Failed modifying USDJPY
0	20:36:51.104	trend_dtrader GBPUSD,H1: Failed modifying USDJPY
0	20:36:52.103	trend_dtrader GBPUSD,H1: Failed modifying USDJPY
0	20:36:53.104	trend_dtrader GBPUSD,H1: Failed modifying USDJPY
0	20:36:54.103	trend_dtrader GBPUSD,H1: Failed modifying USDJPY
0	20:36:55.103	trend_dtrader GBPUSD,H1: Failed modifying USDJPY
0	20:36:56.104	trend_dtrader GBPUSD,H1: Failed modifying USDJPY
0	20:36:57.103	trend_dtrader GBPUSD,H1: Failed modifying USDJPY
0	20:36:58.103	trend_dtrader GBPUSD,H1: Failed modifying USDJPY
0	20:36:59.104	trend_dtrader GBPUSD,H1: Failed modifying USDJPY
0	20:37:00.104	trend_dtrader GBPUSD,H1: Failed modifying USDJPY
0	20:37:01.104	trend_dtrader GBPUSD,H1: Failed modifying USDJPY
0	20:37:02.103	trend_dtrader GBPUSD,H1: Failed modifying USDJPY
0	20:37:03.104	trend_dtrader GBPUSD,H1: Failed modifying USDJPY
0	20:37:04.103	trend_dtrader GBPUSD,H1: Failed modifying USDJPY
0	20:37:05.104	trend_dtrader GBPUSD,H1: Failed modifying USDJPY
0	20:37:06.103	trend_dtrader GBPUSD,H1: Failed modifying USDJPY
0	20:37:07.104	trend_dtrader GBPUSD,H1: Failed modifying USDJPY
0	20:37:08.103	trend_dtrader GBPUSD,H1: Failed modifying USDJPY
0	20:37:09.102	trend_dtrader GBPUSD,H1: Failed modifying USDJPY
0	20:37:10.102	trend_dtrader GBPUSD,H1: Failed modifying USDJPY
0	20:37:11.105	trend_dtrader GBPUSD,H1: Failed modifying USDJPY
0	20:37:12.104	trend_dtrader GBPUSD,H1: Failed modifying USDJPY
0	20:37:13.103	trend_dtrader GBPUSD,H1: Failed modifying USDJPY
0	20:37:14.107	trend_dtrader GBPUSD,H1: Failed modifying USDJPY
0	20:37:15.103	trend_dtrader GBPUSD,H1: Failed modifying USDJPY
0	20:37:16.103	trend_dtrader GBPUSD,H1: Failed modifying USDJPY
0	20:37:17.104	trend_dtrader GBPUSD,H1: Failed modifying USDJPY
0	20:37:18.104	trend_dtrader GBPUSD,H1: Failed modifying USDJPY
0	20:37:19.103	trend_dtrader GBPUSD,H1: Failed modifying USDJPY
0	20:37:20.103	trend_dtrader GBPUSD,H1: Failed modifying USDJPY
0	20:37:21.102	trend_dtrader GBPUSD,H1: Failed modifying USDJPY
0	20:37:22.103	trend_dtrader GBPUSD,H1: Failed modifying USDJPY
0	20:37:23.102	trend_dtrader GBPUSD,H1: Failed modifying USDJPY
0	20:37:24.102	trend_dtrader GBPUSD,H1: Failed modifying USDJPY
0	20:37:25.103	trend_dtrader GBPUSD,H1: Failed modifying USDJPY
0	20:37:26.103	trend_dtrader GBPUSD,H1: Failed modifying USDJPY
0	20:37:27.103	trend_dtrader GBPUSD,H1: Failed modifying USDJPY
0	20:37:28.102	trend_dtrader GBPUSD,H1: Failed modifying USDJPY
0	20:37:29.102	trend_dtrader GBPUSD,H1: Failed modifying USDJPY
0	20:37:30.102	trend_dtrader GBPUSD,H1: Failed modifying USDJPY
0	20:37:31.102	trend_dtrader GBPUSD,H1: Failed modifying USDJPY
0	20:37:32.102	trend_dtrader GBPUSD,H1: Failed modifying USDJPY
0	20:37:33.102	trend_dtrader GBPUSD,H1: Failed modifying USDJPY
0	20:37:34.102	trend_dtrader GBPUSD,H1: Failed modifying USDJPY
0	20:37:35.102	trend_dtrader GBPUSD,H1: Failed modifying USDJPY
0	20:37:36.102	trend_dtrader GBPUSD,H1: Failed modifying USDJPY
0	20:37:37.102	trend_dtrader GBPUSD,H1: Failed modifying USDJPY
0	20:37:38.103	trend_dtrader GBPUSD,H1: Failed modifying USDJPY
0	20:37:39.103	trend_dtrader GBPUSD,H1: Failed modifying USDJPY
0	20:37:40.102	trend_dtrader GBPUSD,H1: Failed modifying USDJPY
0	20:37:41.102	trend_dtrader GBPUSD,H1: Failed modifying USDJPY
0	20:37:42.102	trend_dtrader GBPUSD,H1: Failed modifying USDJPY
0	20:37:43.101	trend_dtrader GBPUSD,H1: Failed modifying USDJPY
0	20:37:44.101	trend_dtrader GBPUSD,H1: Failed modifying USDJPY
0	20:37:45.102	trend_dtrader GBPUSD,H1: Failed modifying USDJPY
0	20:37:46.102	trend_dtrader GBPUSD,H1: Failed modifying USDJPY
0	20:37:47.101	trend_dtrader GBPUSD,H1: Failed modifying USDJPY
0	20:37:48.102	trend_dtrader GBPUSD,H1: Failed modifying USDJPY
0	20:37:49.102	trend_dtrader GBPUSD,H1: Failed modifying USDJPY
0	20:37:50.102	trend_dtrader GBPUSD,H1: Failed modifying USDJPY
0	20:37:51.102	trend_dtrader GBPUSD,H1: Failed modifying USDJPY
0	20:37:52.101	trend_dtrader GBPUSD,H1: Failed modifying USDJPY
0	20:37:53.101	trend_dtrader GBPUSD,H1: Failed modifying USDJPY
0	20:37:54.101	trend_dtrader GBPUSD,H1: Failed modifying USDJPY
0	20:37:55.101	trend_dtrader GBPUSD,H1: Failed modifying USDJPY
0	20:37:56.102	trend_dtrader GBPUSD,H1: Failed modifying USDJPY
0	20:37:57.101	trend_dtrader GBPUSD,H1: Failed modifying USDJPY
0	20:37:58.101	trend_dtrader GBPUSD,H1: Failed modifying USDJPY
0	20:37:59.103	trend_dtrader GBPUSD,H1: Failed modifying USDJPY
0	20:38:00.102	trend_dtrader GBPUSD,H1: Failed modifying USDJPY
0	20:38:01.101	trend_dtrader GBPUSD,H1: Failed modifying USDJPY
0	20:38:02.102	trend_dtrader GBPUSD,H1: Failed modifying USDJPY
0	20:38:03.101	trend_dtrader GBPUSD,H1: Failed modifying USDJPY
0	20:38:04.102	trend_dtrader GBPUSD,H1: Failed modifying USDJPY
0	20:38:05.102	trend_dtrader GBPUSD,H1: Failed modifying USDJPY
0	20:38:06.102	trend_dtrader GBPUSD,H1: Failed modifying USDJPY
0	20:38:07.101	trend_dtrader GBPUSD,H1: Failed modifying USDJPY
0	20:38:08.103	trend_dtrader GBPUSD,H1: Failed modifying USDJPY
0	20:38:09.101	trend_dtrader GBPUSD,H1: Failed modifying USDJPY
0	20:38:10.137	trend_dtrader GBPUSD,H1: Failed modifying USDJPY
0	20:38:11.101	trend_dtrader GBPUSD,H1: Failed modifying USDJPY
0	20:38:12.101	trend_dtrader GBPUSD,H1: Failed modifying USDJPY
0	20:38:13.101	trend_dtrader GBPUSD,H1: Failed modifying USDJPY
0	20:38:14.101	trend_dtrader GBPUSD,H1: Failed modifying USDJPY
0	20:38:15.101	trend_dtrader GBPUSD,H1: Failed modifying USDJPY
0	20:38:16.102	trend_dtrader GBPUSD,H1: Failed modifying USDJPY
0	20:38:17.155	trend_dtrader GBPUSD,H1: Failed modifying USDJPY
0	20:38:18.101	trend_dtrader GBPUSD,H1: Failed modifying USDJPY
0	20:38:19.102	trend_dtrader GBPUSD,H1: Failed modifying USDJPY
0	20:38:20.103	trend_dtrader GBPUSD,H1: Failed modifying USDJPY
0	20:38:21.104	trend_dtrader GBPUSD,H1: Failed modifying USDJPY
0	20:38:22.104	trend_dtrader GBPUSD,H1: Failed modifying USDJPY
0	20:38:23.106	trend_dtrader GBPUSD,H1: Failed modifying USDJPY
0	20:38:24.167	trend_dtrader GBPUSD,H1: Failed modifying USDJPY
0	20:38:25.105	trend_dtrader GBPUSD,H1: Failed modifying USDJPY
0	20:38:26.106	trend_dtrader GBPUSD,H1: Failed modifying USDJPY
0	20:38:27.107	trend_dtrader GBPUSD,H1: Failed modifying USDJPY
0	20:38:28.106	trend_dtrader GBPUSD,H1: Failed modifying USDJPY
0	20:38:29.107	trend_dtrader GBPUSD,H1: Failed modifying USDJPY
0	20:38:30.160	trend_dtrader GBPUSD,H1: Failed modifying USDJPY
0	20:38:31.108	trend_dtrader GBPUSD,H1: Failed modifying USDJPY
0	20:38:32.108	trend_dtrader GBPUSD,H1: Failed modifying USDJPY
0	20:38:33.109	trend_dtrader GBPUSD,H1: Failed modifying USDJPY
0	20:38:34.109	trend_dtrader GBPUSD,H1: Failed modifying USDJPY
0	20:38:35.109	trend_dtrader GBPUSD,H1: Failed modifying USDJPY
0	20:38:36.109	trend_dtrader GBPUSD,H1: Failed modifying USDJPY
0	20:38:37.109	trend_dtrader GBPUSD,H1: Failed modifying USDJPY
0	20:38:38.113	trend_dtrader GBPUSD,H1: Failed modifying USDJPY
0	20:38:39.110	trend_dtrader GBPUSD,H1: Failed modifying USDJPY
0	20:38:40.110	trend_dtrader GBPUSD,H1: Failed modifying USDJPY
0	20:38:41.110	trend_dtrader GBPUSD,H1: Failed modifying USDJPY
0	20:38:42.110	trend_dtrader GBPUSD,H1: Failed modifying USDJPY
0	20:38:43.118	trend_dtrader GBPUSD,H1: Failed modifying USDJPY
0	20:38:44.111	trend_dtrader GBPUSD,H1: Failed modifying USDJPY
0	20:38:45.110	trend_dtrader GBPUSD,H1: Failed modifying USDJPY
0	20:38:46.111	trend_dtrader GBPUSD,H1: Failed modifying USDJPY
0	20:38:47.116	trend_dtrader GBPUSD,H1: Failed modifying USDJPY
0	20:38:48.110	trend_dtrader GBPUSD,H1: Failed modifying USDJPY
0	20:38:49.111	trend_dtrader GBPUSD,H1: Failed modifying USDJPY
0	20:38:50.111	trend_dtrader GBPUSD,H1: Failed modifying USDJPY
0	20:38:51.112	trend_dtrader GBPUSD,H1: Failed modifying USDJPY
0	20:38:52.113	trend_dtrader GBPUSD,H1: Failed modifying USDJPY
0	20:38:53.111	trend_dtrader GBPUSD,H1: Failed modifying USDJPY
0	20:38:54.110	trend_dtrader GBPUSD,H1: Failed modifying USDJPY
0	20:38:55.113	trend_dtrader GBPUSD,H1: Failed modifying USDJPY
0	20:38:56.111	trend_dtrader GBPUSD,H1: Failed modifying USDJPY
0	20:38:57.111	trend_dtrader GBPUSD,H1: Failed modifying USDJPY
0	20:38:58.127	trend_dtrader GBPUSD,H1: Failed modifying USDJPY
0	20:38:59.111	trend_dtrader GBPUSD,H1: Failed modifying USDJPY
0	20:39:00.111	trend_dtrader GBPUSD,H1: Failed modifying USDJPY
0	20:39:01.112	trend_dtrader GBPUSD,H1: Failed modifying USDJPY
0	20:39:02.112	trend_dtrader GBPUSD,H1: Failed modifying USDJPY
0	20:39:03.111	trend_dtrader GBPUSD,H1: Failed modifying USDJPY
0	20:39:04.111	trend_dtrader GBPUSD,H1: Failed modifying USDJPY
0	20:39:05.111	trend_dtrader GBPUSD,H1: Failed modifying USDJPY
0	20:39:06.111	trend_dtrader GBPUSD,H1: Failed modifying USDJPY
0	20:39:07.111	trend_dtrader GBPUSD,H1: Failed modifying USDJPY
0	20:39:08.111	trend_dtrader GBPUSD,H1: Failed modifying USDJPY
0	20:39:09.110	trend_dtrader GBPUSD,H1: Failed modifying USDJPY
0	20:39:10.111	trend_dtrader GBPUSD,H1: Failed modifying USDJPY
0	20:39:11.111	trend_dtrader GBPUSD,H1: Failed modifying USDJPY
0	20:39:12.131	trend_dtrader GBPUSD,H1: Failed modifying USDJPY
0	20:39:13.149	trend_dtrader GBPUSD,H1: Failed modifying USDJPY
0	20:39:14.122	trend_dtrader GBPUSD,H1: Failed modifying USDJPY
0	20:39:15.114	trend_dtrader GBPUSD,H1: Failed modifying USDJPY
0	20:39:16.110	trend_dtrader GBPUSD,H1: Failed modifying USDJPY
0	20:39:17.111	trend_dtrader GBPUSD,H1: Failed modifying USDJPY
0	20:39:18.111	trend_dtrader GBPUSD,H1: Failed modifying USDJPY
0	20:39:19.111	trend_dtrader GBPUSD,H1: Failed modifying USDJPY
0	20:39:20.111	trend_dtrader GBPUSD,H1: Failed modifying USDJPY
0	20:39:21.111	trend_dtrader GBPUSD,H1: Failed modifying USDJPY
0	20:39:22.111	trend_dtrader GBPUSD,H1: Failed modifying USDJPY
0	20:39:23.112	trend_dtrader GBPUSD,H1: Failed modifying USDJPY
0	20:39:24.111	trend_dtrader GBPUSD,H1: Failed modifying USDJPY
0	20:39:25.111	trend_dtrader GBPUSD,H1: Failed modifying USDJPY
0	20:39:26.111	trend_dtrader GBPUSD,H1: Failed modifying USDJPY
0	20:39:27.111	trend_dtrader GBPUSD,H1: Failed modifying USDJPY
0	20:39:28.111	trend_dtrader GBPUSD,H1: Failed modifying USDJPY
0	20:39:29.111	trend_dtrader GBPUSD,H1: Failed modifying USDJPY
0	20:39:30.111	trend_dtrader GBPUSD,H1: Failed modifying USDJPY
0	20:39:31.110	trend_dtrader GBPUSD,H1: Failed modifying USDJPY
0	20:39:32.111	trend_dtrader GBPUSD,H1: Failed modifying USDJPY
0	20:39:33.111	trend_dtrader GBPUSD,H1: Failed modifying USDJPY
0	20:39:34.110	trend_dtrader GBPUSD,H1: Failed modifying USDJPY
0	20:39:35.110	trend_dtrader GBPUSD,H1: Failed modifying USDJPY
0	20:39:36.110	trend_dtrader GBPUSD,H1: Failed modifying USDJPY
0	20:39:37.110	trend_dtrader GBPUSD,H1: Failed modifying USDJPY
0	20:39:38.110	trend_dtrader GBPUSD,H1: Failed modifying USDJPY
0	20:39:39.138	trend_dtrader GBPUSD,H1: Failed modifying USDJPY
0	20:39:40.155	trend_dtrader GBPUSD,H1: Failed modifying USDJPY
0	20:39:41.110	trend_dtrader GBPUSD,H1: Failed modifying USDJPY
0	20:39:42.123	trend_dtrader GBPUSD,H1: Failed modifying USDJPY
0	20:39:43.138	trend_dtrader GBPUSD,H1: Failed modifying USDJPY
0	20:39:44.111	trend_dtrader GBPUSD,H1: Failed modifying USDJPY
0	20:39:45.111	trend_dtrader GBPUSD,H1: Failed modifying USDJPY
0	20:39:46.111	trend_dtrader GBPUSD,H1: Failed modifying USDJPY
0	20:39:47.131	trend_dtrader GBPUSD,H1: Failed modifying USDJPY
0	20:39:48.111	trend_dtrader GBPUSD,H1: Failed modifying USDJPY
0	20:39:49.151	trend_dtrader GBPUSD,H1: Failed modifying USDJPY
0	20:39:50.111	trend_dtrader GBPUSD,H1: Failed modifying USDJPY
0	20:39:51.110	trend_dtrader GBPUSD,H1: Failed modifying USDJPY
0	20:39:52.110	trend_dtrader GBPUSD,H1: Failed modifying USDJPY
0	20:39:53.152	trend_dtrader GBPUSD,H1: Failed modifying USDJPY
0	20:39:54.111	trend_dtrader GBPUSD,H1: Failed modifying USDJPY
0	20:39:55.113	trend_dtrader GBPUSD,H1: Failed modifying USDJPY
0	20:39:56.111	trend_dtrader GBPUSD,H1: Failed modifying USDJPY
0	20:39:57.110	trend_dtrader GBPUSD,H1: Failed modifying USDJPY
0	20:39:58.110	trend_dtrader GBPUSD,H1: Failed modifying USDJPY
0	20:39:59.110	trend_dtrader GBPUSD,H1: Failed modifying USDJPY
0	20:40:00.111	trend_dtrader GBPUSD,H1: Failed modifying USDJPY
0	20:40:01.109	trend_dtrader GBPUSD,H1: Failed modifying USDJPY
0	20:40:02.110	trend_dtrader GBPUSD,H1: Failed modifying USDJPY
0	20:40:03.110	trend_dtrader GBPUSD,H1: Failed modifying USDJPY
0	20:40:04.110	trend_dtrader GBPUSD,H1: Failed modifying USDJPY
0	20:40:05.143	trend_dtrader GBPUSD,H1: Failed modifying USDJPY
0	20:40:06.110	trend_dtrader GBPUSD,H1: Failed modifying USDJPY
0	20:40:07.110	trend_dtrader GBPUSD,H1: Failed modifying USDJPY
0	20:40:08.109	trend_dtrader GBPUSD,H1: Failed modifying USDJPY
0	20:40:09.110	trend_dtrader GBPUSD,H1: Failed modifying USDJPY
0	20:40:10.109	trend_dtrader GBPUSD,H1: Failed modifying USDJPY
0	20:40:11.109	trend_dtrader GBPUSD,H1: Failed modifying USDJPY
0	20:40:12.109	trend_dtrader GBPUSD,H1: Failed modifying USDJPY
0	20:40:13.165	trend_dtrader GBPUSD,H1: Failed modifying USDJPY
0	20:40:14.110	trend_dtrader GBPUSD,H1: Failed modifying USDJPY
0	20:40:15.110	trend_dtrader GBPUSD,H1: Failed modifying USDJPY
0	20:40:16.110	trend_dtrader GBPUSD,H1: Failed modifying USDJPY
0	20:40:17.110	trend_dtrader GBPUSD,H1: Failed modifying USDJPY
0	20:40:18.110	trend_dtrader GBPUSD,H1: Failed modifying USDJPY
0	20:40:19.109	trend_dtrader GBPUSD,H1: Failed modifying USDJPY
0	20:40:20.144	trend_dtrader GBPUSD,H1: Failed modifying USDJPY
0	20:40:21.110	trend_dtrader GBPUSD,H1: Failed modifying USDJPY
0	20:40:22.109	trend_dtrader GBPUSD,H1: Failed modifying USDJPY
0	20:40:23.109	trend_dtrader GBPUSD,H1: Failed modifying USDJPY
0	20:40:24.109	trend_dtrader GBPUSD,H1: Failed modifying USDJPY
0	20:40:25.139	trend_dtrader GBPUSD,H1: Failed modifying USDJPY
0	20:40:26.109	trend_dtrader GBPUSD,H1: Failed modifying USDJPY
0	20:40:27.110	trend_dtrader GBPUSD,H1: Failed modifying USDJPY
0	20:40:28.109	trend_dtrader GBPUSD,H1: Failed modifying USDJPY
0	20:40:29.109	trend_dtrader GBPUSD,H1: Failed modifying USDJPY
0	20:40:30.109	trend_dtrader GBPUSD,H1: Failed modifying USDJPY
0	20:40:31.109	trend_dtrader GBPUSD,H1: Failed modifying USDJPY
0	20:40:32.110	trend_dtrader GBPUSD,H1: Failed modifying USDJPY
0	20:40:33.109	trend_dtrader GBPUSD,H1: Failed modifying USDJPY
0	20:40:34.110	trend_dtrader GBPUSD,H1: Failed modifying USDJPY
0	20:40:35.109	trend_dtrader GBPUSD,H1: Failed modifying USDJPY
0	20:40:36.110	trend_dtrader GBPUSD,H1: Failed modifying USDJPY
0	20:40:37.109	trend_dtrader GBPUSD,H1: Failed modifying USDJPY
0	20:40:38.109	trend_dtrader GBPUSD,H1: Failed modifying USDJPY
0	20:40:39.109	trend_dtrader GBPUSD,H1: Failed modifying USDJPY
0	20:40:40.108	trend_dtrader GBPUSD,H1: Failed modifying USDJPY
0	20:40:41.108	trend_dtrader GBPUSD,H1: Failed modifying USDJPY
0	20:40:42.109	trend_dtrader GBPUSD,H1: Failed modifying USDJPY
0	20:40:43.109	trend_dtrader GBPUSD,H1: Failed modifying USDJPY
0	20:40:44.108	trend_dtrader GBPUSD,H1: Failed modifying USDJPY
0	20:40:45.109	trend_dtrader GBPUSD,H1: Failed modifying USDJPY
0	20:40:46.108	trend_dtrader GBPUSD,H1: Failed modifying USDJPY
0	20:40:47.108	trend_dtrader GBPUSD,H1: Failed modifying USDJPY
0	20:40:48.109	trend_dtrader GBPUSD,H1: Failed modifying USDJPY
0	20:40:49.109	trend_dtrader GBPUSD,H1: Failed modifying USDJPY
0	20:40:50.109	trend_dtrader GBPUSD,H1: Failed modifying USDJPY
0	20:40:51.110	trend_dtrader GBPUSD,H1: Failed modifying USDJPY
0	20:40:52.109	trend_dtrader GBPUSD,H1: Failed modifying USDJPY
0	20:40:53.108	trend_dtrader GBPUSD,H1: Failed modifying USDJPY
0	20:40:54.108	trend_dtrader GBPUSD,H1: Failed modifying USDJPY
0	20:40:55.108	trend_dtrader GBPUSD,H1: Failed modifying USDJPY
0	20:40:56.108	trend_dtrader GBPUSD,H1: Failed modifying USDJPY
0	20:40:57.109	trend_dtrader GBPUSD,H1: Failed modifying USDJPY
0	20:40:58.108	trend_dtrader GBPUSD,H1: Failed modifying USDJPY
0	20:40:59.127	trend_dtrader GBPUSD,H1: Failed modifying USDJPY
0	20:41:00.109	trend_dtrader GBPUSD,H1: Failed modifying USDJPY
0	20:41:01.108	trend_dtrader GBPUSD,H1: Failed modifying USDJPY
0	20:41:02.108	trend_dtrader GBPUSD,H1: Failed modifying USDJPY
0	20:41:03.108	trend_dtrader GBPUSD,H1: Failed modifying USDJPY
0	20:41:04.109	trend_dtrader GBPUSD,H1: Failed modifying USDJPY
0	20:41:05.108	trend_dtrader GBPUSD,H1: Failed modifying USDJPY
0	20:41:06.108	trend_dtrader GBPUSD,H1: Failed modifying USDJPY
0	20:41:07.108	trend_dtrader GBPUSD,H1: Failed modifying USDJPY
0	20:41:08.108	trend_dtrader GBPUSD,H1: Failed modifying USDJPY
0	20:41:09.108	trend_dtrader GBPUSD,H1: Failed modifying USDJPY
0	20:41:10.108	trend_dtrader GBPUSD,H1: Failed modifying USDJPY
0	20:41:11.108	trend_dtrader GBPUSD,H1: Failed modifying USDJPY
0	20:41:12.108	trend_dtrader GBPUSD,H1: Failed modifying USDJPY
0	20:41:13.108	trend_dtrader GBPUSD,H1: Failed modifying USDJPY
0	20:41:14.108	trend_dtrader GBPUSD,H1: Failed modifying USDJPY
0	20:41:15.108	trend_dtrader GBPUSD,H1: Failed modifying USDJPY
0	20:41:16.108	trend_dtrader GBPUSD,H1: Failed modifying USDJPY
0	20:41:17.108	trend_dtrader GBPUSD,H1: Failed modifying USDJPY
0	20:41:18.108	trend_dtrader GBPUSD,H1: Failed modifying USDJPY
0	20:41:19.108	trend_dtrader GBPUSD,H1: Failed modifying USDJPY
0	20:41:20.107	trend_dtrader GBPUSD,H1: Failed modifying USDJPY
0	20:41:21.108	trend_dtrader GBPUSD,H1: Failed modifying USDJPY
0	20:41:22.108	trend_dtrader GBPUSD,H1: Failed modifying USDJPY
0	20:41:23.108	trend_dtrader GBPUSD,H1: Failed modifying USDJPY
0	20:41:24.108	trend_dtrader GBPUSD,H1: Failed modifying USDJPY
0	20:41:25.108	trend_dtrader GBPUSD,H1: Failed modifying USDJPY
0	20:41:26.108	trend_dtrader GBPUSD,H1: Failed modifying USDJPY
0	20:41:27.107	trend_dtrader GBPUSD,H1: Failed modifying USDJPY
0	20:41:28.108	trend_dtrader GBPUSD,H1: Failed modifying USDJPY
0	20:41:29.108	trend_dtrader GBPUSD,H1: Failed modifying USDJPY
0	20:41:30.108	trend_dtrader GBPUSD,H1: Failed modifying USDJPY
0	20:41:31.108	trend_dtrader GBPUSD,H1: Failed modifying USDJPY
0	20:41:32.108	trend_dtrader GBPUSD,H1: Failed modifying USDJPY
0	20:41:33.108	trend_dtrader GBPUSD,H1: Failed modifying USDJPY
0	20:41:34.113	trend_dtrader GBPUSD,H1: Failed modifying USDJPY
0	20:41:35.107	trend_dtrader GBPUSD,H1: Failed modifying USDJPY
0	20:41:36.108	trend_dtrader GBPUSD,H1: Failed modifying USDJPY
0	20:41:37.107	trend_dtrader GBPUSD,H1: Failed modifying USDJPY
0	20:41:38.108	trend_dtrader GBPUSD,H1: Failed modifying USDJPY
0	20:41:39.141	trend_dtrader GBPUSD,H1: Failed modifying USDJPY
0	20:41:40.107	trend_dtrader GBPUSD,H1: Failed modifying USDJPY
0	20:41:41.107	trend_dtrader GBPUSD,H1: Failed modifying USDJPY
0	20:41:42.107	trend_dtrader GBPUSD,H1: Failed modifying USDJPY
0	20:41:43.107	trend_dtrader GBPUSD,H1: Failed modifying USDJPY
0	20:41:44.108	trend_dtrader GBPUSD,H1: Failed modifying USDJPY
0	20:41:45.107	trend_dtrader GBPUSD,H1: Failed modifying USDJPY
0	20:41:46.107	trend_dtrader GBPUSD,H1: Failed modifying USDJPY
0	20:41:47.107	trend_dtrader GBPUSD,H1: Failed modifying USDJPY
0	20:41:48.107	trend_dtrader GBPUSD,H1: Failed modifying USDJPY
0	20:41:49.107	trend_dtrader GBPUSD,H1: Failed modifying USDJPY
0	20:41:50.110	trend_dtrader GBPUSD,H1: Failed modifying USDJPY
0	20:41:51.107	trend_dtrader GBPUSD,H1: Failed modifying USDJPY
0	20:41:52.107	trend_dtrader GBPUSD,H1: Failed modifying USDJPY
0	20:41:53.107	trend_dtrader GBPUSD,H1: Failed modifying USDJPY
0	20:41:54.107	trend_dtrader GBPUSD,H1: Failed modifying USDJPY
0	20:41:55.107	trend_dtrader GBPUSD,H1: Failed modifying USDJPY
0	20:41:56.108	trend_dtrader GBPUSD,H1: Failed modifying USDJPY
0	20:41:57.108	trend_dtrader GBPUSD,H1: Failed modifying USDJPY
0	20:41:58.106	trend_dtrader GBPUSD,H1: Failed modifying USDJPY
0	20:41:59.107	trend_dtrader GBPUSD,H1: Failed modifying USDJPY
0	20:42:00.107	trend_dtrader GBPUSD,H1: Failed modifying USDJPY
0	20:42:01.106	trend_dtrader GBPUSD,H1: Failed modifying USDJPY
0	20:42:02.112	trend_dtrader GBPUSD,H1: Failed modifying USDJPY
0	20:42:03.106	trend_dtrader GBPUSD,H1: Failed modifying USDJPY
0	20:42:04.106	trend_dtrader GBPUSD,H1: Failed modifying USDJPY
0	20:42:05.107	trend_dtrader GBPUSD,H1: Failed modifying USDJPY
0	20:42:06.107	trend_dtrader GBPUSD,H1: Failed modifying USDJPY
0	20:42:07.106	trend_dtrader GBPUSD,H1: Failed modifying USDJPY
0	20:42:08.106	trend_dtrader GBPUSD,H1: Failed modifying USDJPY
0	20:42:09.106	trend_dtrader GBPUSD,H1: Failed modifying USDJPY
0	20:42:10.142	trend_dtrader GBPUSD,H1: Failed modifying USDJPY
0	20:42:11.106	trend_dtrader GBPUSD,H1: Failed modifying USDJPY
0	20:42:12.106	trend_dtrader GBPUSD,H1: Failed modifying USDJPY
0	20:42:13.106	trend_dtrader GBPUSD,H1: Failed modifying USDJPY
0	20:42:14.106	trend_dtrader GBPUSD,H1: Failed modifying USDJPY
0	20:42:15.107	trend_dtrader GBPUSD,H1: Failed modifying USDJPY
0	20:42:16.106	trend_dtrader GBPUSD,H1: Failed modifying USDJPY
0	20:42:17.106	trend_dtrader GBPUSD,H1: Failed modifying USDJPY
0	20:42:18.106	trend_dtrader GBPUSD,H1: Failed modifying USDJPY
0	20:42:19.107	trend_dtrader GBPUSD,H1: Failed modifying USDJPY
0	20:42:20.107	trend_dtrader GBPUSD,H1: Failed modifying USDJPY
0	20:42:21.106	trend_dtrader GBPUSD,H1: Failed modifying USDJPY
0	20:42:22.106	trend_dtrader GBPUSD,H1: Failed modifying USDJPY
0	20:42:23.144	trend_dtrader GBPUSD,H1: Failed modifying USDJPY
0	20:42:24.107	trend_dtrader GBPUSD,H1: Failed modifying USDJPY
0	20:42:25.106	trend_dtrader GBPUSD,H1: Failed modifying USDJPY
0	20:42:26.106	trend_dtrader GBPUSD,H1: Failed modifying USDJPY
0	20:42:27.106	trend_dtrader GBPUSD,H1: Failed modifying USDJPY
0	20:42:28.106	trend_dtrader GBPUSD,H1: Failed modifying USDJPY
0	20:42:29.106	trend_dtrader GBPUSD,H1: Failed modifying USDJPY
0	20:42:30.106	trend_dtrader GBPUSD,H1: Failed modifying USDJPY
0	20:42:31.105	trend_dtrader GBPUSD,H1: Failed modifying USDJPY
0	20:42:32.105	trend_dtrader GBPUSD,H1: Failed modifying USDJPY
0	20:42:33.106	trend_dtrader GBPUSD,H1: Failed modifying USDJPY
0	20:42:34.106	trend_dtrader GBPUSD,H1: Failed modifying USDJPY
0	20:42:35.106	trend_dtrader GBPUSD,H1: Failed modifying USDJPY
0	20:42:36.143	trend_dtrader GBPUSD,H1: Failed modifying USDJPY
0	20:42:37.107	trend_dtrader GBPUSD,H1: Failed modifying USDJPY
0	20:42:38.106	trend_dtrader GBPUSD,H1: Failed modifying USDJPY
0	20:42:39.105	trend_dtrader GBPUSD,H1: Failed modifying USDJPY
0	20:42:40.106	trend_dtrader GBPUSD,H1: Failed modifying USDJPY
0	20:42:41.106	trend_dtrader GBPUSD,H1: Failed modifying USDJPY
0	20:42:42.105	trend_dtrader GBPUSD,H1: Failed modifying USDJPY
0	20:42:43.106	trend_dtrader GBPUSD,H1: Failed modifying USDJPY
0	20:42:44.105	trend_dtrader GBPUSD,H1: Failed modifying USDJPY
0	20:42:45.105	trend_dtrader GBPUSD,H1: Failed modifying USDJPY
0	20:42:46.105	trend_dtrader GBPUSD,H1: Failed modifying USDJPY
0	20:42:47.106	trend_dtrader GBPUSD,H1: Failed modifying USDJPY
0	20:42:48.105	trend_dtrader GBPUSD,H1: Failed modifying USDJPY
0	20:42:49.105	trend_dtrader GBPUSD,H1: Failed modifying USDJPY
0	20:42:50.105	trend_dtrader GBPUSD,H1: Failed modifying USDJPY
0	20:42:51.105	trend_dtrader GBPUSD,H1: Failed modifying USDJPY
0	20:42:52.105	trend_dtrader GBPUSD,H1: Failed modifying USDJPY
0	20:42:53.105	trend_dtrader GBPUSD,H1: Failed modifying USDJPY
0	20:42:54.105	trend_dtrader GBPUSD,H1: Failed modifying USDJPY
0	20:42:55.105	trend_dtrader GBPUSD,H1: Failed modifying USDJPY
0	20:42:56.105	trend_dtrader GBPUSD,H1: Failed modifying USDJPY
0	20:42:57.105	trend_dtrader GBPUSD,H1: Failed modifying USDJPY
0	20:42:58.105	trend_dtrader GBPUSD,H1: Failed modifying USDJPY
0	20:42:59.105	trend_dtrader GBPUSD,H1: Failed modifying USDJPY
0	20:43:00.105	trend_dtrader GBPUSD,H1: Failed modifying USDJPY
0	20:43:01.105	trend_dtrader GBPUSD,H1: Failed modifying USDJPY
0	20:43:02.105	trend_dtrader GBPUSD,H1: Failed modifying USDJPY
0	20:43:03.105	trend_dtrader GBPUSD,H1: Failed modifying USDJPY
0	20:43:04.105	trend_dtrader GBPUSD,H1: Failed modifying USDJPY
0	20:43:05.105	trend_dtrader GBPUSD,H1: Failed modifying USDJPY
0	20:43:06.105	trend_dtrader GBPUSD,H1: Failed modifying USDJPY
0	20:43:07.105	trend_dtrader GBPUSD,H1: Failed modifying USDJPY
0	20:43:08.105	trend_dtrader GBPUSD,H1: Failed modifying USDJPY
0	20:43:09.105	trend_dtrader GBPUSD,H1: Failed modifying USDJPY
0	20:43:10.105	trend_dtrader GBPUSD,H1: Failed modifying USDJPY
0	20:43:11.104	trend_dtrader GBPUSD,H1: Failed modifying USDJPY
0	20:43:12.105	trend_dtrader GBPUSD,H1: Failed modifying USDJPY
0	20:43:13.104	trend_dtrader GBPUSD,H1: Failed modifying USDJPY
0	20:43:14.104	trend_dtrader GBPUSD,H1: Failed modifying USDJPY
0	20:43:15.104	trend_dtrader GBPUSD,H1: Failed modifying USDJPY
0	20:43:16.104	trend_dtrader GBPUSD,H1: Failed modifying USDJPY
0	20:43:17.104	trend_dtrader GBPUSD,H1: Failed modifying USDJPY
0	20:43:18.104	trend_dtrader GBPUSD,H1: Failed modifying USDJPY
0	20:43:19.105	trend_dtrader GBPUSD,H1: Failed modifying USDJPY
0	20:43:20.105	trend_dtrader GBPUSD,H1: Failed modifying USDJPY
0	20:43:21.104	trend_dtrader GBPUSD,H1: Failed modifying USDJPY
0	20:43:22.104	trend_dtrader GBPUSD,H1: Failed modifying USDJPY
0	20:43:23.104	trend_dtrader GBPUSD,H1: Failed modifying USDJPY
0	20:43:24.104	trend_dtrader GBPUSD,H1: Failed modifying USDJPY
0	20:43:25.104	trend_dtrader GBPUSD,H1: Failed modifying USDJPY
0	20:43:26.105	trend_dtrader GBPUSD,H1: Failed modifying USDJPY
0	20:43:27.105	trend_dtrader GBPUSD,H1: Failed modifying USDJPY
0	20:43:28.104	trend_dtrader GBPUSD,H1: Failed modifying USDJPY
0	20:43:29.104	trend_dtrader GBPUSD,H1: Failed modifying USDJPY
0	20:43:30.104	trend_dtrader GBPUSD,H1: Failed modifying USDJPY
0	20:43:31.105	trend_dtrader GBPUSD,H1: Failed modifying USDJPY
0	20:43:32.105	trend_dtrader GBPUSD,H1: Failed modifying USDJPY
0	20:43:33.115	trend_dtrader GBPUSD,H1: Failed modifying USDJPY
0	20:43:34.105	trend_dtrader GBPUSD,H1: Failed modifying USDJPY
0	20:43:35.103	trend_dtrader GBPUSD,H1: Failed modifying USDJPY
0	20:43:36.106	trend_dtrader GBPUSD,H1: Failed modifying USDJPY
0	20:43:37.104	trend_dtrader GBPUSD,H1: Failed modifying USDJPY
0	20:43:38.104	trend_dtrader GBPUSD,H1: Failed modifying USDJPY
0	20:43:39.104	trend_dtrader GBPUSD,H1: Failed modifying USDJPY
0	20:43:40.104	trend_dtrader GBPUSD,H1: Failed modifying USDJPY
0	20:43:41.104	trend_dtrader GBPUSD,H1: Failed modifying USDJPY
0	20:43:42.104	trend_dtrader GBPUSD,H1: Failed modifying USDJPY
0	20:43:43.103	trend_dtrader GBPUSD,H1: Failed modifying USDJPY
0	20:43:44.104	trend_dtrader GBPUSD,H1: Failed modifying USDJPY
0	20:43:45.104	trend_dtrader GBPUSD,H1: Failed modifying USDJPY
0	20:43:46.104	trend_dtrader GBPUSD,H1: Failed modifying USDJPY
0	20:43:47.106	trend_dtrader GBPUSD,H1: Failed modifying USDJPY
0	20:43:48.103	trend_dtrader GBPUSD,H1: Failed modifying USDJPY
0	20:43:49.103	trend_dtrader GBPUSD,H1: Failed modifying USDJPY
0	20:43:50.104	trend_dtrader GBPUSD,H1: Failed modifying USDJPY
0	20:43:51.104	trend_dtrader GBPUSD,H1: Failed modifying USDJPY
0	20:43:52.103	trend_dtrader GBPUSD,H1: Failed modifying USDJPY
0	20:43:53.103	trend_dtrader GBPUSD,H1: Failed modifying USDJPY
0	20:43:54.104	trend_dtrader GBPUSD,H1: Failed modifying USDJPY
0	20:43:55.104	trend_dtrader GBPUSD,H1: Failed modifying USDJPY
0	20:43:56.103	trend_dtrader GBPUSD,H1: Failed modifying USDJPY
0	20:43:57.103	trend_dtrader GBPUSD,H1: Failed modifying USDJPY
0	20:43:58.103	trend_dtrader GBPUSD,H1: Failed modifying USDJPY
0	20:43:59.104	trend_dtrader GBPUSD,H1: Failed modifying USDJPY
0	20:44:00.104	trend_dtrader GBPUSD,H1: Failed modifying USDJPY
0	20:44:01.103	trend_dtrader GBPUSD,H1: Failed modifying USDJPY
0	20:44:02.103	trend_dtrader GBPUSD,H1: Failed modifying USDJPY
0	20:44:03.103	trend_dtrader GBPUSD,H1: Failed modifying USDJPY
0	20:44:04.103	trend_dtrader GBPUSD,H1: Failed modifying USDJPY
0	20:44:05.104	trend_dtrader GBPUSD,H1: Failed modifying USDJPY
0	20:44:06.104	trend_dtrader GBPUSD,H1: Failed modifying USDJPY
0	20:44:07.102	trend_dtrader GBPUSD,H1: Failed modifying USDJPY
0	20:44:08.103	trend_dtrader GBPUSD,H1: Failed modifying USDJPY
0	20:44:09.103	trend_dtrader GBPUSD,H1: Failed modifying USDJPY
0	20:44:10.102	trend_dtrader GBPUSD,H1: Failed modifying USDJPY
0	20:44:11.103	trend_dtrader GBPUSD,H1: Failed modifying USDJPY
0	20:44:12.103	trend_dtrader GBPUSD,H1: Failed modifying USDJPY
0	20:44:13.104	trend_dtrader GBPUSD,H1: Failed modifying USDJPY
0	20:44:14.102	trend_dtrader GBPUSD,H1: Failed modifying USDJPY
0	20:44:15.103	trend_dtrader GBPUSD,H1: Failed modifying USDJPY
0	20:44:16.103	trend_dtrader GBPUSD,H1: Failed modifying USDJPY
0	20:44:17.103	trend_dtrader GBPUSD,H1: Failed modifying USDJPY
0	20:44:18.103	trend_dtrader GBPUSD,H1: Failed modifying USDJPY
0	20:44:19.103	trend_dtrader GBPUSD,H1: Failed modifying USDJPY
0	20:44:20.102	trend_dtrader GBPUSD,H1: Failed modifying USDJPY
0	20:44:21.102	trend_dtrader GBPUSD,H1: Failed modifying USDJPY
0	20:44:22.103	trend_dtrader GBPUSD,H1: Failed modifying USDJPY
0	20:44:23.103	trend_dtrader GBPUSD,H1: Failed modifying USDJPY
0	20:44:24.102	trend_dtrader GBPUSD,H1: Failed modifying USDJPY
0	20:44:25.102	trend_dtrader GBPUSD,H1: Failed modifying USDJPY
0	20:44:26.102	trend_dtrader GBPUSD,H1: Failed modifying USDJPY
0	20:44:27.102	trend_dtrader GBPUSD,H1: Failed modifying USDJPY
0	20:44:28.103	trend_dtrader GBPUSD,H1: Failed modifying USDJPY
0	20:44:29.102	trend_dtrader GBPUSD,H1: Failed modifying USDJPY
0	20:44:30.102	trend_dtrader GBPUSD,H1: Failed modifying USDJPY
0	20:44:31.102	trend_dtrader GBPUSD,H1: Failed modifying USDJPY
0	20:44:32.103	trend_dtrader GBPUSD,H1: Failed modifying USDJPY
0	20:44:33.104	trend_dtrader GBPUSD,H1: Failed modifying USDJPY
0	20:44:34.102	trend_dtrader GBPUSD,H1: Failed modifying USDJPY
0	20:44:35.102	trend_dtrader GBPUSD,H1: Failed modifying USDJPY
0	20:44:36.116	trend_dtrader GBPUSD,H1: Failed modifying USDJPY
0	20:44:37.102	trend_dtrader GBPUSD,H1: Failed modifying USDJPY
0	20:44:38.103	trend_dtrader GBPUSD,H1: Failed modifying USDJPY
0	20:44:39.102	trend_dtrader GBPUSD,H1: Failed modifying USDJPY
0	20:44:40.102	trend_dtrader GBPUSD,H1: Failed modifying USDJPY
0	20:44:41.102	trend_dtrader GBPUSD,H1: Failed modifying USDJPY
0	20:44:42.102	trend_dtrader GBPUSD,H1: Failed modifying USDJPY
0	20:44:43.102	trend_dtrader GBPUSD,H1: Failed modifying USDJPY
0	20:44:44.102	trend_dtrader GBPUSD,H1: Failed modifying USDJPY
0	20:44:45.102	trend_dtrader GBPUSD,H1: Failed modifying USDJPY
0	20:44:46.102	trend_dtrader GBPUSD,H1: Failed modifying USDJPY
0	20:44:47.102	trend_dtrader GBPUSD,H1: Failed modifying USDJPY
0	20:44:48.102	trend_dtrader GBPUSD,H1: Failed modifying USDJPY
0	20:44:49.102	trend_dtrader GBPUSD,H1: Failed modifying USDJPY
0	20:44:50.102	trend_dtrader GBPUSD,H1: Failed modifying USDJPY
0	20:44:51.185	trend_dtrader GBPUSD,H1: Failed modifying USDJPY
0	20:44:52.121	trend_dtrader GBPUSD,H1: Failed modifying USDJPY
0	20:44:53.102	trend_dtrader GBPUSD,H1: Failed modifying USDJPY
0	20:44:54.103	trend_dtrader GBPUSD,H1: Failed modifying USDJPY
0	20:44:55.101	trend_dtrader GBPUSD,H1: Failed modifying USDJPY
0	20:44:56.112	trend_dtrader GBPUSD,H1: Failed modifying USDJPY
0	20:44:57.101	trend_dtrader GBPUSD,H1: Failed modifying USDJPY
0	20:44:58.101	trend_dtrader GBPUSD,H1: Failed modifying USDJPY
0	20:44:59.111	trend_dtrader GBPUSD,H1: Failed modifying USDJPY
0	20:45:00.102	trend_dtrader GBPUSD,H1: Failed modifying USDJPY
0	20:45:01.102	trend_dtrader GBPUSD,H1: Failed modifying USDJPY
0	20:45:02.106	trend_dtrader GBPUSD,H1: Failed modifying USDJPY
0	20:45:03.101	trend_dtrader GBPUSD,H1: Failed modifying USDJPY
0	20:45:04.110	trend_dtrader GBPUSD,H1: Failed modifying USDJPY
0	20:45:05.101	trend_dtrader GBPUSD,H1: Failed modifying USDJPY
0	20:45:06.101	trend_dtrader GBPUSD,H1: Failed modifying USDJPY
0	20:45:07.101	trend_dtrader GBPUSD,H1: Failed modifying USDJPY
0	20:45:08.101	trend_dtrader GBPUSD,H1: Failed modifying USDJPY
0	20:45:09.101	trend_dtrader GBPUSD,H1: Failed modifying USDJPY
0	20:45:10.101	trend_dtrader GBPUSD,H1: Failed modifying USDJPY
0	20:45:11.101	trend_dtrader GBPUSD,H1: Failed modifying USDJPY
0	20:45:12.102	trend_dtrader GBPUSD,H1: Failed modifying USDJPY
0	20:45:13.101	trend_dtrader GBPUSD,H1: Failed modifying USDJPY
0	20:45:14.102	trend_dtrader GBPUSD,H1: Failed modifying USDJPY
0	20:45:15.101	trend_dtrader GBPUSD,H1: Failed modifying USDJPY
0	20:45:16.104	trend_dtrader GBPUSD,H1: Failed modifying USDJPY
0	20:45:17.143	trend_dtrader GBPUSD,H1: Failed modifying USDJPY
0	20:45:18.100	trend_dtrader GBPUSD,H1: Failed modifying USDJPY
0	20:45:19.100	trend_dtrader GBPUSD,H1: Failed modifying USDJPY
0	20:45:20.117	trend_dtrader GBPUSD,H1: Failed modifying USDJPY
0	20:45:21.102	trend_dtrader GBPUSD,H1: Failed modifying USDJPY
0	20:45:22.103	trend_dtrader GBPUSD,H1: Failed modifying USDJPY
0	20:45:23.101	trend_dtrader GBPUSD,H1: Failed modifying USDJPY
0	20:45:24.101	trend_dtrader GBPUSD,H1: Failed modifying USDJPY
0	20:45:25.100	trend_dtrader GBPUSD,H1: Failed modifying USDJPY
0	20:45:26.101	trend_dtrader GBPUSD,H1: Failed modifying USDJPY
0	20:45:27.100	trend_dtrader GBPUSD,H1: Failed modifying USDJPY
0	20:45:28.101	trend_dtrader GBPUSD,H1: Failed modifying USDJPY
0	20:45:29.101	trend_dtrader GBPUSD,H1: Failed modifying USDJPY
0	20:45:30.101	trend_dtrader GBPUSD,H1: Failed modifying USDJPY
0	20:45:31.101	trend_dtrader GBPUSD,H1: Failed modifying USDJPY
0	20:45:32.101	trend_dtrader GBPUSD,H1: Failed modifying USDJPY
0	20:45:33.101	trend_dtrader GBPUSD,H1: Failed modifying USDJPY
0	20:45:34.101	trend_dtrader GBPUSD,H1: Failed modifying USDJPY
0	20:45:35.101	trend_dtrader GBPUSD,H1: Failed modifying USDJPY
0	20:45:36.100	trend_dtrader GBPUSD,H1: Failed modifying USDJPY
0	20:45:37.101	trend_dtrader GBPUSD,H1: Failed modifying USDJPY
0	20:45:38.101	trend_dtrader GBPUSD,H1: Failed modifying USDJPY
0	20:45:39.100	trend_dtrader GBPUSD,H1: Failed modifying USDJPY
0	20:45:40.100	trend_dtrader GBPUSD,H1: Failed modifying USDJPY
0	20:45:41.104	trend_dtrader GBPUSD,H1: Failed modifying USDJPY
0	20:45:42.100	trend_dtrader GBPUSD,H1: Failed modifying USDJPY
0	20:45:43.100	trend_dtrader GBPUSD,H1: Failed modifying USDJPY
0	20:45:44.101	trend_dtrader GBPUSD,H1: Failed modifying USDJPY
0	20:45:45.100	trend_dtrader GBPUSD,H1: Failed modifying USDJPY
0	20:45:46.101	trend_dtrader GBPUSD,H1: Failed modifying USDJPY
0	20:45:47.100	trend_dtrader GBPUSD,H1: Failed modifying USDJPY
0	20:45:48.100	trend_dtrader GBPUSD,H1: Failed modifying USDJPY
0	20:45:49.100	trend_dtrader GBPUSD,H1: Failed modifying USDJPY
0	20:45:50.100	trend_dtrader GBPUSD,H1: Failed modifying USDJPY
0	20:45:51.100	trend_dtrader GBPUSD,H1: Failed modifying USDJPY
0	20:45:52.100	trend_dtrader GBPUSD,H1: Failed modifying USDJPY
0	20:45:53.100	trend_dtrader GBPUSD,H1: Failed modifying USDJPY
0	20:45:54.100	trend_dtrader GBPUSD,H1: Failed modifying USDJPY
0	20:45:55.100	trend_dtrader GBPUSD,H1: Failed modifying USDJPY
0	20:45:56.100	trend_dtrader GBPUSD,H1: Failed modifying USDJPY
0	20:45:57.100	trend_dtrader GBPUSD,H1: Failed modifying USDJPY
0	20:45:58.100	trend_dtrader GBPUSD,H1: Failed modifying USDJPY
0	20:45:59.100	trend_dtrader GBPUSD,H1: Failed modifying USDJPY
0	20:46:00.100	trend_dtrader GBPUSD,H1: Failed modifying USDJPY
0	20:46:01.100	trend_dtrader GBPUSD,H1: Failed modifying USDJPY
0	20:46:02.100	trend_dtrader GBPUSD,H1: Failed modifying USDJPY
0	20:46:03.099	trend_dtrader GBPUSD,H1: Failed modifying USDJPY
0	20:46:04.099	trend_dtrader GBPUSD,H1: Failed modifying USDJPY
0	20:46:05.099	trend_dtrader GBPUSD,H1: Failed modifying USDJPY
0	20:46:06.100	trend_dtrader GBPUSD,H1: Failed modifying USDJPY
0	20:46:07.099	trend_dtrader GBPUSD,H1: Failed modifying USDJPY
0	20:46:08.099	trend_dtrader GBPUSD,H1: Failed modifying USDJPY
0	20:46:09.100	trend_dtrader GBPUSD,H1: Failed modifying USDJPY
0	20:46:10.100	trend_dtrader GBPUSD,H1: Failed modifying USDJPY
0	20:46:11.099	trend_dtrader GBPUSD,H1: Failed modifying USDJPY
0	20:46:12.100	trend_dtrader GBPUSD,H1: Failed modifying USDJPY
0	20:46:13.100	trend_dtrader GBPUSD,H1: Failed modifying USDJPY
0	20:46:14.100	trend_dtrader GBPUSD,H1: Failed modifying USDJPY
0	20:46:15.100	trend_dtrader GBPUSD,H1: Failed modifying USDJPY
0	20:46:16.100	trend_dtrader GBPUSD,H1: Failed modifying USDJPY
0	20:46:17.099	trend_dtrader GBPUSD,H1: Failed modifying USDJPY
0	20:46:18.099	trend_dtrader GBPUSD,H1: Failed modifying USDJPY
0	20:46:19.100	trend_dtrader GBPUSD,H1: Failed modifying USDJPY
0	20:46:20.100	trend_dtrader GBPUSD,H1: Failed modifying USDJPY
0	20:46:21.099	trend_dtrader GBPUSD,H1: Failed modifying USDJPY
0	20:46:22.100	trend_dtrader GBPUSD,H1: Failed modifying USDJPY
0	20:46:23.099	trend_dtrader GBPUSD,H1: Failed modifying USDJPY
0	20:46:24.100	trend_dtrader GBPUSD,H1: Failed modifying USDJPY
0	20:46:25.099	trend_dtrader GBPUSD,H1: Failed modifying USDJPY
0	20:46:26.099	trend_dtrader GBPUSD,H1: Failed modifying USDJPY
0	20:46:27.100	trend_dtrader GBPUSD,H1: Failed modifying USDJPY
0	20:46:28.099	trend_dtrader GBPUSD,H1: Failed modifying USDJPY
0	20:46:29.099	trend_dtrader GBPUSD,H1: Failed modifying USDJPY
0	20:46:30.099	trend_dtrader GBPUSD,H1: Failed modifying USDJPY
0	20:46:31.099	trend_dtrader GBPUSD,H1: Failed modifying USDJPY
0	20:46:32.099	trend_dtrader GBPUSD,H1: Failed modifying USDJPY
0	20:46:33.098	trend_dtrader GBPUSD,H1: Failed modifying USDJPY
0	20:46:34.099	trend_dtrader GBPUSD,H1: Failed modifying USDJPY
0	20:46:35.099	trend_dtrader GBPUSD,H1: Failed modifying USDJPY
0	20:46:36.099	trend_dtrader GBPUSD,H1: Failed modifying USDJPY
0	20:46:37.099	trend_dtrader GBPUSD,H1: Failed modifying USDJPY
0	20:46:38.099	trend_dtrader GBPUSD,H1: Failed modifying USDJPY
0	20:46:39.099	trend_dtrader GBPUSD,H1: Failed modifying USDJPY
0	20:46:40.098	trend_dtrader GBPUSD,H1: Failed modifying USDJPY
0	20:46:41.099	trend_dtrader GBPUSD,H1: Failed modifying USDJPY
0	20:46:42.099	trend_dtrader GBPUSD,H1: Failed modifying USDJPY
0	20:46:43.098	trend_dtrader GBPUSD,H1: Failed modifying USDJPY
0	20:46:44.102	trend_dtrader GBPUSD,H1: Failed modifying USDJPY
0	20:46:45.100	trend_dtrader GBPUSD,H1: Failed modifying USDJPY
0	20:46:46.099	trend_dtrader GBPUSD,H1: Failed modifying USDJPY
0	20:46:47.098	trend_dtrader GBPUSD,H1: Failed modifying USDJPY
0	20:46:48.098	trend_dtrader GBPUSD,H1: Failed modifying USDJPY
0	20:46:49.099	trend_dtrader GBPUSD,H1: Failed modifying USDJPY
0	20:46:50.099	trend_dtrader GBPUSD,H1: Failed modifying USDJPY
0	20:46:51.098	trend_dtrader GBPUSD,H1: Failed modifying USDJPY
0	20:46:52.098	trend_dtrader GBPUSD,H1: Failed modifying USDJPY
0	20:46:53.098	trend_dtrader GBPUSD,H1: Failed modifying USDJPY
0	20:46:54.099	trend_dtrader GBPUSD,H1: Failed modifying USDJPY
0	20:46:55.098	trend_dtrader GBPUSD,H1: Failed modifying USDJPY
0	20:46:56.099	trend_dtrader GBPUSD,H1: Failed modifying USDJPY
0	20:46:57.098	trend_dtrader GBPUSD,H1: Failed modifying USDJPY
0	20:46:58.101	trend_dtrader GBPUSD,H1: Failed modifying USDJPY
0	20:46:59.098	trend_dtrader GBPUSD,H1: Failed modifying USDJPY
0	20:47:00.098	trend_dtrader GBPUSD,H1: Failed modifying USDJPY
0	20:47:01.098	trend_dtrader GBPUSD,H1: Failed modifying USDJPY
0	20:47:02.098	trend_dtrader GBPUSD,H1: Failed modifying USDJPY
0	20:47:03.098	trend_dtrader GBPUSD,H1: Failed modifying USDJPY
0	20:47:04.098	trend_dtrader GBPUSD,H1: Failed modifying USDJPY
0	20:47:05.098	trend_dtrader GBPUSD,H1: Failed modifying USDJPY
0	20:47:06.098	trend_dtrader GBPUSD,H1: Failed modifying USDJPY
0	20:47:07.098	trend_dtrader GBPUSD,H1: Failed modifying USDJPY
0	20:47:08.098	trend_dtrader GBPUSD,H1: Failed modifying USDJPY
0	20:47:09.098	trend_dtrader GBPUSD,H1: Failed modifying USDJPY
0	20:47:10.097	trend_dtrader GBPUSD,H1: Failed modifying USDJPY
0	20:47:11.098	trend_dtrader GBPUSD,H1: Failed modifying USDJPY
0	20:47:12.098	trend_dtrader GBPUSD,H1: Failed modifying USDJPY
0	20:47:13.098	trend_dtrader GBPUSD,H1: Failed modifying USDJPY
0	20:47:14.097	trend_dtrader GBPUSD,H1: Failed modifying USDJPY
0	20:47:15.097	trend_dtrader GBPUSD,H1: Failed modifying USDJPY
0	20:47:16.097	trend_dtrader GBPUSD,H1: Failed modifying USDJPY
0	20:47:17.098	trend_dtrader GBPUSD,H1: Failed modifying USDJPY
0	20:47:18.097	trend_dtrader GBPUSD,H1: Failed modifying USDJPY
0	20:47:19.097	trend_dtrader GBPUSD,H1: Failed modifying USDJPY
0	20:47:20.097	trend_dtrader GBPUSD,H1: Failed modifying USDJPY
0	20:47:21.098	trend_dtrader GBPUSD,H1: Failed modifying USDJPY
0	20:47:22.098	trend_dtrader GBPUSD,H1: Failed modifying USDJPY
0	20:47:23.098	trend_dtrader GBPUSD,H1: Failed modifying USDJPY
0	20:47:24.098	trend_dtrader GBPUSD,H1: Failed modifying USDJPY
0	20:47:25.097	trend_dtrader GBPUSD,H1: Failed modifying USDJPY
0	20:47:26.110	trend_dtrader GBPUSD,H1: Failed modifying USDJPY
0	20:47:27.098	trend_dtrader GBPUSD,H1: Failed modifying USDJPY
0	20:47:28.097	trend_dtrader GBPUSD,H1: Failed modifying USDJPY
0	20:47:29.098	trend_dtrader GBPUSD,H1: Failed modifying USDJPY
0	20:47:30.102	trend_dtrader GBPUSD,H1: Failed modifying USDJPY
0	20:47:31.097	trend_dtrader GBPUSD,H1: Failed modifying USDJPY
0	20:47:32.115	trend_dtrader GBPUSD,H1: Failed modifying USDJPY
0	20:47:33.112	trend_dtrader GBPUSD,H1: Failed modifying USDJPY
0	20:47:34.099	trend_dtrader GBPUSD,H1: Failed modifying USDJPY
0	20:47:35.097	trend_dtrader GBPUSD,H1: Failed modifying USDJPY
0	20:47:36.127	trend_dtrader GBPUSD,H1: Failed modifying USDJPY
0	20:47:37.099	trend_dtrader GBPUSD,H1: Failed modifying USDJPY
0	20:47:38.097	trend_dtrader GBPUSD,H1: Failed modifying USDJPY
0	20:47:39.097	trend_dtrader GBPUSD,H1: Failed modifying USDJPY
0	20:47:40.112	trend_dtrader GBPUSD,H1: Failed modifying USDJPY
0	20:47:41.097	trend_dtrader GBPUSD,H1: Failed modifying USDJPY
0	20:47:42.097	trend_dtrader GBPUSD,H1: Failed modifying USDJPY
0	20:47:43.096	trend_dtrader GBPUSD,H1: Failed modifying USDJPY
0	20:47:44.097	trend_dtrader GBPUSD,H1: Failed modifying USDJPY
0	20:47:45.097	trend_dtrader GBPUSD,H1: Failed modifying USDJPY
0	20:47:46.101	trend_dtrader GBPUSD,H1: Failed modifying USDJPY
0	20:47:47.097	trend_dtrader GBPUSD,H1: Failed modifying USDJPY
0	20:47:48.097	trend_dtrader GBPUSD,H1: Failed modifying USDJPY
0	20:47:49.111	trend_dtrader GBPUSD,H1: Failed modifying USDJPY
0	20:47:50.096	trend_dtrader GBPUSD,H1: Failed modifying USDJPY
0	20:47:51.099	trend_dtrader GBPUSD,H1: Failed modifying USDJPY
0	20:47:52.102	trend_dtrader GBPUSD,H1: Failed modifying USDJPY
0	20:47:53.096	trend_dtrader GBPUSD,H1: Failed modifying USDJPY
0	20:47:54.096	trend_dtrader GBPUSD,H1: Failed modifying USDJPY
0	20:47:55.096	trend_dtrader GBPUSD,H1: Failed modifying USDJPY
0	20:47:56.116	trend_dtrader GBPUSD,H1: Failed modifying USDJPY
0	20:47:57.096	trend_dtrader GBPUSD,H1: Failed modifying USDJPY
0	20:47:58.096	trend_dtrader GBPUSD,H1: Failed modifying USDJPY
0	20:47:59.100	trend_dtrader GBPUSD,H1: Failed modifying USDJPY
0	20:48:00.099	trend_dtrader GBPUSD,H1: Failed modifying USDJPY
0	20:48:01.096	trend_dtrader GBPUSD,H1: Failed modifying USDJPY
0	20:48:02.113	trend_dtrader GBPUSD,H1: Failed modifying USDJPY
0	20:48:03.096	trend_dtrader GBPUSD,H1: Failed modifying USDJPY
0	20:48:04.131	trend_dtrader GBPUSD,H1: Failed modifying USDJPY
0	20:48:05.103	trend_dtrader GBPUSD,H1: Failed modifying USDJPY
0	20:48:06.096	trend_dtrader GBPUSD,H1: Failed modifying USDJPY
0	20:48:07.121	trend_dtrader GBPUSD,H1: Failed modifying USDJPY
0	20:48:08.097	trend_dtrader GBPUSD,H1: Failed modifying USDJPY
0	20:48:09.096	trend_dtrader GBPUSD,H1: Failed modifying USDJPY
0	20:48:10.097	trend_dtrader GBPUSD,H1: Failed modifying USDJPY
0	20:48:11.096	trend_dtrader GBPUSD,H1: Failed modifying USDJPY
0	20:48:12.096	trend_dtrader GBPUSD,H1: Failed modifying USDJPY
0	20:48:13.096	trend_dtrader GBPUSD,H1: Failed modifying USDJPY
0	20:48:14.097	trend_dtrader GBPUSD,H1: Failed modifying USDJPY
0	20:48:15.096	trend_dtrader GBPUSD,H1: Failed modifying USDJPY
0	20:48:16.124	trend_dtrader GBPUSD,H1: Failed modifying USDJPY
0	20:48:17.106	trend_dtrader GBPUSD,H1: Failed modifying USDJPY
0	20:48:18.096	trend_dtrader GBPUSD,H1: Failed modifying USDJPY
0	20:48:19.096	trend_dtrader GBPUSD,H1: Failed modifying USDJPY
0	20:48:20.096	trend_dtrader GBPUSD,H1: Failed modifying USDJPY
0	20:48:21.096	trend_dtrader GBPUSD,H1: Failed modifying USDJPY
0	20:48:22.096	trend_dtrader GBPUSD,H1: Failed modifying USDJPY
0	20:48:23.096	trend_dtrader GBPUSD,H1: Failed modifying USDJPY
0	20:48:24.096	trend_dtrader GBPUSD,H1: Failed modifying USDJPY
0	20:48:25.096	trend_dtrader GBPUSD,H1: Failed modifying USDJPY
0	20:48:26.116	trend_dtrader GBPUSD,H1: Failed modifying USDJPY
0	20:48:27.095	trend_dtrader GBPUSD,H1: Failed modifying USDJPY
0	20:48:28.095	trend_dtrader GBPUSD,H1: Failed modifying USDJPY
0	20:48:29.096	trend_dtrader GBPUSD,H1: Failed modifying USDJPY
0	20:48:30.096	trend_dtrader GBPUSD,H1: Failed modifying USDJPY
0	20:48:31.096	trend_dtrader GBPUSD,H1: Failed modifying USDJPY
0	20:48:32.095	trend_dtrader GBPUSD,H1: Failed modifying USDJPY
0	20:48:33.095	trend_dtrader GBPUSD,H1: Failed modifying USDJPY
0	20:48:34.095	trend_dtrader GBPUSD,H1: Failed modifying USDJPY
0	20:48:35.095	trend_dtrader GBPUSD,H1: Failed modifying USDJPY
0	20:48:36.095	trend_dtrader GBPUSD,H1: Failed modifying USDJPY
0	20:48:37.095	trend_dtrader GBPUSD,H1: Failed modifying USDJPY
0	20:48:38.095	trend_dtrader GBPUSD,H1: Failed modifying USDJPY
0	20:48:39.095	trend_dtrader GBPUSD,H1: Failed modifying USDJPY
0	20:48:40.096	trend_dtrader GBPUSD,H1: Failed modifying USDJPY
0	20:48:41.095	trend_dtrader GBPUSD,H1: Failed modifying USDJPY
0	20:48:42.095	trend_dtrader GBPUSD,H1: Failed modifying USDJPY
0	20:48:43.095	trend_dtrader GBPUSD,H1: Failed modifying USDJPY
0	20:48:44.095	trend_dtrader GBPUSD,H1: Failed modifying USDJPY
0	20:48:45.109	trend_dtrader GBPUSD,H1: Failed modifying USDJPY
0	20:48:46.095	trend_dtrader GBPUSD,H1: Failed modifying USDJPY
0	20:48:47.095	trend_dtrader GBPUSD,H1: Failed modifying USDJPY
0	20:48:48.095	trend_dtrader GBPUSD,H1: Failed modifying USDJPY
0	20:48:49.095	trend_dtrader GBPUSD,H1: Failed modifying USDJPY
0	20:48:50.095	trend_dtrader GBPUSD,H1: Failed modifying USDJPY
0	20:48:51.095	trend_dtrader GBPUSD,H1: Failed modifying USDJPY
0	20:48:52.095	trend_dtrader GBPUSD,H1: Failed modifying USDJPY
0	20:48:53.108	trend_dtrader GBPUSD,H1: Failed modifying USDJPY
0	20:48:54.095	trend_dtrader GBPUSD,H1: Failed modifying USDJPY
0	20:48:55.096	trend_dtrader GBPUSD,H1: Failed modifying USDJPY
0	20:48:56.094	trend_dtrader GBPUSD,H1: Failed modifying USDJPY
0	20:48:57.094	trend_dtrader GBPUSD,H1: Failed modifying USDJPY
0	20:48:58.095	trend_dtrader GBPUSD,H1: Failed modifying USDJPY
0	20:48:59.095	trend_dtrader GBPUSD,H1: Failed modifying USDJPY
0	20:49:00.095	trend_dtrader GBPUSD,H1: Failed modifying USDJPY
0	20:49:01.095	trend_dtrader GBPUSD,H1: Failed modifying USDJPY
0	20:49:02.094	trend_dtrader GBPUSD,H1: Failed modifying USDJPY
0	20:49:03.094	trend_dtrader GBPUSD,H1: Failed modifying USDJPY
0	20:49:04.095	trend_dtrader GBPUSD,H1: Failed modifying USDJPY
0	20:49:05.094	trend_dtrader GBPUSD,H1: Failed modifying USDJPY
0	20:49:06.094	trend_dtrader GBPUSD,H1: Failed modifying USDJPY
0	20:49:07.094	trend_dtrader GBPUSD,H1: Failed modifying USDJPY
0	20:49:08.094	trend_dtrader GBPUSD,H1: Failed modifying USDJPY
0	20:49:09.094	trend_dtrader GBPUSD,H1: Failed modifying USDJPY
0	20:49:10.096	trend_dtrader GBPUSD,H1: Failed modifying USDJPY
0	20:49:11.094	trend_dtrader GBPUSD,H1: Failed modifying USDJPY
0	20:49:12.095	trend_dtrader GBPUSD,H1: Failed modifying USDJPY
0	20:49:13.109	trend_dtrader GBPUSD,H1: Failed modifying USDJPY
0	20:49:14.095	trend_dtrader GBPUSD,H1: Failed modifying USDJPY
0	20:49:15.094	trend_dtrader GBPUSD,H1: Failed modifying USDJPY
0	20:49:16.094	trend_dtrader GBPUSD,H1: Failed modifying USDJPY
0	20:49:17.094	trend_dtrader GBPUSD,H1: Failed modifying USDJPY
0	20:49:18.094	trend_dtrader GBPUSD,H1: Failed modifying USDJPY
0	20:49:19.094	trend_dtrader GBPUSD,H1: Failed modifying USDJPY
0	20:49:20.094	trend_dtrader GBPUSD,H1: Failed modifying USDJPY
0	20:49:21.095	trend_dtrader GBPUSD,H1: Failed modifying USDJPY
0	20:49:22.094	trend_dtrader GBPUSD,H1: Failed modifying USDJPY
0	20:49:23.098	trend_dtrader GBPUSD,H1: Failed modifying USDJPY
0	20:49:24.095	trend_dtrader GBPUSD,H1: Failed modifying USDJPY
0	20:49:25.093	trend_dtrader GBPUSD,H1: Failed modifying USDJPY
0	20:49:26.093	trend_dtrader GBPUSD,H1: Failed modifying USDJPY
0	20:49:27.094	trend_dtrader GBPUSD,H1: Failed modifying USDJPY
0	20:49:28.094	trend_dtrader GBPUSD,H1: Failed modifying USDJPY
0	20:49:29.094	trend_dtrader GBPUSD,H1: Failed modifying USDJPY
0	20:49:30.094	trend_dtrader GBPUSD,H1: Failed modifying USDJPY
0	20:49:31.093	trend_dtrader GBPUSD,H1: Failed modifying USDJPY
0	20:49:32.094	trend_dtrader GBPUSD,H1: Failed modifying USDJPY
0	20:49:33.094	trend_dtrader GBPUSD,H1: Failed modifying USDJPY
0	20:49:34.094	trend_dtrader GBPUSD,H1: Failed modifying USDJPY
0	20:49:35.095	trend_dtrader GBPUSD,H1: Failed modifying USDJPY
0	20:49:36.097	trend_dtrader GBPUSD,H1: Failed modifying USDJPY
0	20:49:37.094	trend_dtrader GBPUSD,H1: Failed modifying USDJPY
0	20:49:38.094	trend_dtrader GBPUSD,H1: Failed modifying USDJPY
0	20:49:39.094	trend_dtrader GBPUSD,H1: Failed modifying USDJPY
0	20:49:40.094	trend_dtrader GBPUSD,H1: Failed modifying USDJPY
0	20:49:41.095	trend_dtrader GBPUSD,H1: Failed modifying USDJPY
0	20:49:42.094	trend_dtrader GBPUSD,H1: Failed modifying USDJPY
0	20:49:43.094	trend_dtrader GBPUSD,H1: Failed modifying USDJPY
0	20:49:44.094	trend_dtrader GBPUSD,H1: Failed modifying USDJPY
0	20:49:45.109	trend_dtrader GBPUSD,H1: Failed modifying USDJPY
0	20:49:46.110	trend_dtrader GBPUSD,H1: Failed modifying USDJPY
0	20:49:47.093	trend_dtrader GBPUSD,H1: Failed modifying USDJPY
0	20:49:48.093	trend_dtrader GBPUSD,H1: Failed modifying USDJPY
0	20:49:49.094	trend_dtrader GBPUSD,H1: Failed modifying USDJPY
0	20:49:50.094	trend_dtrader GBPUSD,H1: Failed modifying USDJPY
0	20:49:51.094	trend_dtrader GBPUSD,H1: Failed modifying USDJPY
0	20:49:52.094	trend_dtrader GBPUSD,H1: Failed modifying USDJPY
0	20:49:53.094	trend_dtrader GBPUSD,H1: Failed modifying USDJPY
0	20:49:54.094	trend_dtrader GBPUSD,H1: Failed modifying USDJPY
0	20:49:55.093	trend_dtrader GBPUSD,H1: Failed modifying USDJPY
0	20:49:56.093	trend_dtrader GBPUSD,H1: Failed modifying USDJPY
0	20:49:57.094	trend_dtrader GBPUSD,H1: Failed modifying USDJPY
0	20:49:58.093	trend_dtrader GBPUSD,H1: Failed modifying USDJPY
0	20:49:59.093	trend_dtrader GBPUSD,H1: Failed modifying USDJPY
0	20:50:00.094	trend_dtrader GBPUSD,H1: Failed modifying USDJPY
0	20:50:01.093	trend_dtrader GBPUSD,H1: Failed modifying USDJPY
0	20:50:02.093	trend_dtrader GBPUSD,H1: Failed modifying USDJPY
0	20:50:03.094	trend_dtrader GBPUSD,H1: Failed modifying USDJPY
0	20:50:04.093	trend_dtrader GBPUSD,H1: Failed modifying USDJPY
0	20:50:05.094	trend_dtrader GBPUSD,H1: Failed modifying USDJPY
0	20:50:06.093	trend_dtrader GBPUSD,H1: Failed modifying USDJPY
0	20:50:07.093	trend_dtrader GBPUSD,H1: Failed modifying USDJPY
0	20:50:08.093	trend_dtrader GBPUSD,H1: Failed modifying USDJPY
0	20:50:09.093	trend_dtrader GBPUSD,H1: Failed modifying USDJPY
0	20:50:10.093	trend_dtrader GBPUSD,H1: Failed modifying USDJPY
0	20:50:11.093	trend_dtrader GBPUSD,H1: Failed modifying USDJPY
0	20:50:12.093	trend_dtrader GBPUSD,H1: Failed modifying USDJPY
0	20:50:13.092	trend_dtrader GBPUSD,H1: Failed modifying USDJPY
0	20:50:14.093	trend_dtrader GBPUSD,H1: Failed modifying USDJPY
0	20:50:15.093	trend_dtrader GBPUSD,H1: Failed modifying USDJPY
0	20:50:16.093	trend_dtrader GBPUSD,H1: Failed modifying USDJPY
0	20:50:17.093	trend_dtrader GBPUSD,H1: Failed modifying USDJPY
0	20:50:18.093	trend_dtrader GBPUSD,H1: Failed modifying USDJPY
0	20:50:19.092	trend_dtrader GBPUSD,H1: Failed modifying USDJPY
0	20:50:20.102	trend_dtrader GBPUSD,H1: Failed modifying USDJPY
0	20:50:21.093	trend_dtrader GBPUSD,H1: Failed modifying USDJPY
0	20:50:22.093	trend_dtrader GBPUSD,H1: Failed modifying USDJPY
0	20:50:23.093	trend_dtrader GBPUSD,H1: Failed modifying USDJPY
0	20:50:24.093	trend_dtrader GBPUSD,H1: Failed modifying USDJPY
0	20:50:25.092	trend_dtrader GBPUSD,H1: Failed modifying USDJPY
0	20:50:26.093	trend_dtrader GBPUSD,H1: Failed modifying USDJPY
0	20:50:27.093	trend_dtrader GBPUSD,H1: Failed modifying USDJPY
0	20:50:28.093	trend_dtrader GBPUSD,H1: Failed modifying USDJPY
0	20:50:29.092	trend_dtrader GBPUSD,H1: Failed modifying USDJPY
0	20:50:30.092	trend_dtrader GBPUSD,H1: Failed modifying USDJPY
0	20:50:31.092	trend_dtrader GBPUSD,H1: Failed modifying USDJPY
0	20:50:32.092	trend_dtrader GBPUSD,H1: Failed modifying USDJPY
0	20:50:33.105	trend_dtrader GBPUSD,H1: Failed modifying USDJPY
0	20:50:34.092	trend_dtrader GBPUSD,H1: Failed modifying USDJPY
0	20:50:35.092	trend_dtrader GBPUSD,H1: Failed modifying USDJPY
0	20:50:36.092	trend_dtrader GBPUSD,H1: Failed modifying USDJPY
0	20:50:37.093	trend_dtrader GBPUSD,H1: Failed modifying USDJPY
0	20:50:38.093	trend_dtrader GBPUSD,H1: Failed modifying USDJPY
0	20:50:39.092	trend_dtrader GBPUSD,H1: Failed modifying USDJPY
0	20:50:40.092	trend_dtrader GBPUSD,H1: Failed modifying USDJPY
0	20:50:41.092	trend_dtrader GBPUSD,H1: Failed modifying USDJPY
0	20:50:42.092	trend_dtrader GBPUSD,H1: Failed modifying USDJPY
0	20:50:43.092	trend_dtrader GBPUSD,H1: Failed modifying USDJPY
0	20:50:44.111	trend_dtrader GBPUSD,H1: Failed modifying USDJPY
0	20:50:45.092	trend_dtrader GBPUSD,H1: Failed modifying USDJPY
0	20:50:46.092	trend_dtrader GBPUSD,H1: Failed modifying USDJPY
0	20:50:47.091	trend_dtrader GBPUSD,H1: Failed modifying USDJPY
0	20:50:48.091	trend_dtrader GBPUSD,H1: Failed modifying USDJPY
0	20:50:49.116	trend_dtrader GBPUSD,H1: Failed modifying USDJPY
0	20:50:50.093	trend_dtrader GBPUSD,H1: Failed modifying USDJPY
0	20:50:51.092	trend_dtrader GBPUSD,H1: Failed modifying USDJPY
0	20:50:52.123	trend_dtrader GBPUSD,H1: Failed modifying USDJPY
0	20:50:53.092	trend_dtrader GBPUSD,H1: Failed modifying USDJPY
0	20:50:54.092	trend_dtrader GBPUSD,H1: Failed modifying USDJPY
0	20:50:55.092	trend_dtrader GBPUSD,H1: Failed modifying USDJPY
0	20:50:56.092	trend_dtrader GBPUSD,H1: Failed modifying USDJPY
0	20:50:57.091	trend_dtrader GBPUSD,H1: Failed modifying USDJPY
0	20:50:58.092	trend_dtrader GBPUSD,H1: Failed modifying USDJPY
0	20:50:59.091	trend_dtrader GBPUSD,H1: Failed modifying USDJPY
0	20:51:00.168	trend_dtrader GBPUSD,H1: Failed modifying USDJPY
0	20:51:01.091	trend_dtrader GBPUSD,H1: Failed modifying USDJPY
0	20:51:02.092	trend_dtrader GBPUSD,H1: Failed modifying USDJPY
0	20:51:03.091	trend_dtrader GBPUSD,H1: Failed modifying USDJPY
0	20:51:04.091	trend_dtrader GBPUSD,H1: Failed modifying USDJPY
0	20:51:05.091	trend_dtrader GBPUSD,H1: Failed modifying USDJPY
0	20:51:06.091	trend_dtrader GBPUSD,H1: Failed modifying USDJPY
0	20:51:07.091	trend_dtrader GBPUSD,H1: Failed modifying USDJPY
0	20:51:08.091	trend_dtrader GBPUSD,H1: Failed modifying USDJPY
0	20:51:09.091	trend_dtrader GBPUSD,H1: Failed modifying USDJPY
0	20:51:10.091	trend_dtrader GBPUSD,H1: Failed modifying USDJPY
0	20:51:11.091	trend_dtrader GBPUSD,H1: Failed modifying USDJPY
0	20:51:12.091	trend_dtrader GBPUSD,H1: Failed modifying USDJPY
0	20:51:13.091	trend_dtrader GBPUSD,H1: Failed modifying USDJPY
0	20:51:14.091	trend_dtrader GBPUSD,H1: Failed modifying USDJPY
0	20:51:15.123	trend_dtrader GBPUSD,H1: Failed modifying USDJPY
0	20:51:16.091	trend_dtrader GBPUSD,H1: Failed modifying USDJPY
0	20:51:17.091	trend_dtrader GBPUSD,H1: Failed modifying USDJPY
0	20:51:18.091	trend_dtrader GBPUSD,H1: Failed modifying USDJPY
0	20:51:19.091	trend_dtrader GBPUSD,H1: Failed modifying USDJPY
0	20:51:20.091	trend_dtrader GBPUSD,H1: Failed modifying USDJPY
0	20:51:21.091	trend_dtrader GBPUSD,H1: Failed modifying USDJPY
0	20:51:22.091	trend_dtrader GBPUSD,H1: Failed modifying USDJPY
0	20:51:23.091	trend_dtrader GBPUSD,H1: Failed modifying USDJPY
0	20:51:24.091	trend_dtrader GBPUSD,H1: Failed modifying USDJPY
0	20:51:25.091	trend_dtrader GBPUSD,H1: Failed modifying USDJPY
0	20:51:26.091	trend_dtrader GBPUSD,H1: Failed modifying USDJPY
0	20:51:27.090	trend_dtrader GBPUSD,H1: Failed modifying USDJPY
0	20:51:28.090	trend_dtrader GBPUSD,H1: Failed modifying USDJPY
0	20:51:29.090	trend_dtrader GBPUSD,H1: Failed modifying USDJPY
0	20:51:30.090	trend_dtrader GBPUSD,H1: Failed modifying USDJPY
0	20:51:31.090	trend_dtrader GBPUSD,H1: Failed modifying USDJPY
0	20:51:32.090	trend_dtrader GBPUSD,H1: Failed modifying USDJPY
0	20:51:33.090	trend_dtrader GBPUSD,H1: Failed modifying USDJPY
0	20:51:34.090	trend_dtrader GBPUSD,H1: Failed modifying USDJPY
0	20:51:35.090	trend_dtrader GBPUSD,H1: Failed modifying USDJPY
0	20:51:36.091	trend_dtrader GBPUSD,H1: Failed modifying USDJPY
0	20:51:37.090	trend_dtrader GBPUSD,H1: Failed modifying USDJPY
0	20:51:38.090	trend_dtrader GBPUSD,H1: Failed modifying USDJPY
0	20:51:39.090	trend_dtrader GBPUSD,H1: Failed modifying USDJPY
0	20:51:40.090	trend_dtrader GBPUSD,H1: Failed modifying USDJPY
0	20:51:41.090	trend_dtrader GBPUSD,H1: Failed modifying USDJPY
0	20:51:42.090	trend_dtrader GBPUSD,H1: Failed modifying USDJPY
0	20:51:43.090	trend_dtrader GBPUSD,H1: Failed modifying USDJPY
0	20:51:44.091	trend_dtrader GBPUSD,H1: Failed modifying USDJPY
0	20:51:45.091	trend_dtrader GBPUSD,H1: Failed modifying USDJPY
0	20:51:46.143	trend_dtrader GBPUSD,H1: Failed modifying USDJPY
0	20:51:47.090	trend_dtrader GBPUSD,H1: Failed modifying USDJPY
0	20:51:48.090	trend_dtrader GBPUSD,H1: Failed modifying USDJPY
0	20:51:49.101	trend_dtrader GBPUSD,H1: Failed modifying USDJPY
0	20:51:50.090	trend_dtrader GBPUSD,H1: Failed modifying USDJPY
0	20:51:51.103	trend_dtrader GBPUSD,H1: Failed modifying USDJPY
0	20:51:52.090	trend_dtrader GBPUSD,H1: Failed modifying USDJPY
0	20:51:53.090	trend_dtrader GBPUSD,H1: Failed modifying USDJPY
0	20:51:54.090	trend_dtrader GBPUSD,H1: Failed modifying USDJPY
0	20:51:55.104	trend_dtrader GBPUSD,H1: Failed modifying USDJPY
0	20:51:56.118	trend_dtrader GBPUSD,H1: Failed modifying USDJPY
0	20:51:57.026	trend_dtrader GBPUSD,H1: Failed modifying USDJPY
0	20:51:58.073	trend_dtrader GBPUSD,H1: Failed modifying USDJPY
0	20:51:59.027	trend_dtrader GBPUSD,H1: Failed modifying USDJPY
0	20:52:00.026	trend_dtrader GBPUSD,H1: Failed modifying USDJPY
0	20:56:14.322	trend_dtrader GBPUSD,H1: Failed modifying USDJPY
0	20:56:15.016	trend_dtrader GBPUSD,H1: Alert: Please check your internet connection
0	20:56:16.019	trend_dtrader GBPUSD,H1: Alert: Please check your internet connection
0	20:56:17.017	trend_dtrader GBPUSD,H1: Alert: Please check your internet connection
0	20:56:18.018	trend_dtrader GBPUSD,H1: Alert: Please check your internet connection
0	20:56:19.017	trend_dtrader GBPUSD,H1: Alert: Please check your internet connection
0	20:56:20.017	trend_dtrader GBPUSD,H1: Alert: Please check your internet connection
0	20:56:21.016	trend_dtrader GBPUSD,H1: Alert: Please check your internet connection
0	20:56:22.018	trend_dtrader GBPUSD,H1: Alert: Please check your internet connection
0	20:56:23.017	trend_dtrader GBPUSD,H1: Alert: Please check your internet connection
0	20:56:24.017	trend_dtrader GBPUSD,H1: Alert: Please check your internet connection
0	21:02:03.936	trend_dtrader GBPUSD,H1: Alert: Please check your internet connection
0	21:02:04.004	trend_dtrader GBPUSD,H1: Alert: Please check your internet connection
0	21:02:05.005	trend_dtrader GBPUSD,H1: Alert: Please check your internet connection
0	21:02:06.004	trend_dtrader GBPUSD,H1: Alert: Please check your internet connection
0	21:02:07.005	trend_dtrader GBPUSD,H1: Alert: Please check your internet connection
0	21:02:08.006	trend_dtrader GBPUSD,H1: Alert: Please check your internet connection
0	21:02:09.005	trend_dtrader GBPUSD,H1: Alert: Please check your internet connection
0	21:02:10.005	trend_dtrader GBPUSD,H1: Alert: Please check your internet connection
0	21:02:11.005	trend_dtrader GBPUSD,H1: Alert: Please check your internet connection
0	21:02:12.005	trend_dtrader GBPUSD,H1: Alert: Please check your internet connection
0	21:02:13.005	trend_dtrader GBPUSD,H1: Alert: Please check your internet connection
0	21:03:50.011	trend_dtrader GBPUSD,H1: Alert: Please check your internet connection
0	21:03:51.001	trend_dtrader GBPUSD,H1: Failed modifying USDJPY
0	21:03:52.000	trend_dtrader GBPUSD,H1: Alert: Please check your internet connection
0	21:03:53.000	trend_dtrader GBPUSD,H1: Alert: Please check your internet connection
0	21:03:54.012	trend_dtrader GBPUSD,H1: Alert: Please check your internet connection
0	21:03:55.001	trend_dtrader GBPUSD,H1: Alert: Please check your internet connection
0	21:03:56.001	trend_dtrader GBPUSD,H1: Alert: Please check your internet connection
0	21:03:57.000	trend_dtrader GBPUSD,H1: Alert: Please check your internet connection
0	21:03:58.002	trend_dtrader GBPUSD,H1: Alert: Please check your internet connection
0	21:03:59.003	trend_dtrader GBPUSD,H1: Failed modifying USDJPY
0	21:04:00.000	trend_dtrader GBPUSD,H1: Failed modifying USDJPY
0	21:04:01.000	trend_dtrader GBPUSD,H1: Failed modifying USDJPY
0	21:04:02.000	trend_dtrader GBPUSD,H1: Failed modifying USDJPY
0	21:04:03.001	trend_dtrader GBPUSD,H1: Failed modifying USDJPY
0	21:04:04.000	trend_dtrader GBPUSD,H1: Failed modifying USDJPY
0	21:04:04.999	trend_dtrader GBPUSD,H1: Failed modifying USDJPY
0	21:04:05.999	trend_dtrader GBPUSD,H1: Failed modifying USDJPY
0	21:04:07.000	trend_dtrader GBPUSD,H1: Failed modifying USDJPY
0	21:04:07.999	trend_dtrader GBPUSD,H1: Failed modifying USDJPY
0	21:04:09.000	trend_dtrader GBPUSD,H1: Failed modifying USDJPY
0	21:08:28.849	trend_dtrader GBPUSD,H1: Failed modifying USDJPY
0	21:08:28.990	trend_dtrader GBPUSD,H1: Alert: Please check your internet connection
0	21:08:29.991	trend_dtrader GBPUSD,H1: Alert: Please check your internet connection
0	21:08:30.990	trend_dtrader GBPUSD,H1: Alert: Please check your internet connection
0	21:08:31.992	trend_dtrader GBPUSD,H1: Alert: Please check your internet connection
0	21:08:32.994	trend_dtrader GBPUSD,H1: Alert: Please check your internet connection
0	21:08:33.995	trend_dtrader GBPUSD,H1: Failed modifying USDJPY
0	21:08:34.997	trend_dtrader GBPUSD,H1: Failed modifying USDJPY
0	21:08:36.056	trend_dtrader GBPUSD,H1: Failed modifying USDJPY
0	21:08:37.012	trend_dtrader GBPUSD,H1: Failed modifying USDJPY
0	21:08:38.001	trend_dtrader GBPUSD,H1: Failed modifying USDJPY
0	21:08:46.274	trend_dtrader GBPUSD,H1: Failed modifying USDJPY
0	21:08:47.002	trend_dtrader GBPUSD,H1: Failed modifying USDJPY
0	21:08:48.004	trend_dtrader GBPUSD,H1: Failed modifying USDJPY
0	21:08:49.005	trend_dtrader GBPUSD,H1: Failed modifying USDJPY
0	21:08:50.006	trend_dtrader GBPUSD,H1: Failed modifying USDJPY
0	21:08:51.006	trend_dtrader GBPUSD,H1: Failed modifying USDJPY
0	21:08:52.007	trend_dtrader GBPUSD,H1: Failed modifying USDJPY
0	21:08:53.008	trend_dtrader GBPUSD,H1: Failed modifying USDJPY
0	21:08:54.008	trend_dtrader GBPUSD,H1: Failed modifying USDJPY
0	21:08:55.009	trend_dtrader GBPUSD,H1: Failed modifying USDJPY
0	21:08:56.010	trend_dtrader GBPUSD,H1: Failed modifying USDJPY
0	21:24:50.865	trend_dtrader GBPUSD,H1: Failed modifying USDJPY
0	21:24:50.988	trend_dtrader GBPUSD,H1: Failed modifying USDJPY
0	21:24:51.979	trend_dtrader GBPUSD,H1: Failed modifying USDJPY
0	21:24:52.980	trend_dtrader GBPUSD,H1: Failed modifying USDJPY
0	21:24:53.926	trend_dtrader GBPUSD,H1: Failed modifying USDJPY
0	21:24:54.927	trend_dtrader GBPUSD,H1: Failed modifying USDJPY
0	21:27:45.673	trend_dtrader GBPUSD,H1: Failed modifying USDJPY
0	21:27:45.921	trend_dtrader GBPUSD,H1: Alert: Please check your internet connection
0	21:27:46.920	trend_dtrader GBPUSD,H1: Alert: Please check your internet connection
0	21:27:47.921	trend_dtrader GBPUSD,H1: Alert: Please check your internet connection
0	21:27:48.920	trend_dtrader GBPUSD,H1: Failed modifying USDJPY
0	21:27:49.920	trend_dtrader GBPUSD,H1: Failed modifying USDJPY
0	21:27:50.920	trend_dtrader GBPUSD,H1: Failed modifying USDJPY
0	21:27:51.919	trend_dtrader GBPUSD,H1: Failed modifying USDJPY
0	21:27:52.920	trend_dtrader GBPUSD,H1: Failed modifying USDJPY
0	21:27:53.920	trend_dtrader GBPUSD,H1: Failed modifying USDJPY
0	21:27:54.920	trend_dtrader GBPUSD,H1: Failed modifying USDJPY
0	21:27:55.919	trend_dtrader GBPUSD,H1: Failed modifying USDJPY
0	21:27:56.935	trend_dtrader GBPUSD,H1: Failed modifying USDJPY
0	21:27:57.920	trend_dtrader GBPUSD,H1: Failed modifying USDJPY
0	21:27:58.919	trend_dtrader GBPUSD,H1: Failed modifying USDJPY
0	21:27:59.955	trend_dtrader GBPUSD,H1: Failed modifying USDJPY
0	21:28:00.920	trend_dtrader GBPUSD,H1: Failed modifying USDJPY
0	21:43:25.610	trend_dtrader GBPUSD,H1: Failed modifying USDJPY
0	21:43:25.882	trend_dtrader GBPUSD,H1: Alert: Please check your internet connection
0	21:43:26.883	trend_dtrader GBPUSD,H1: Alert: Please check your internet connection
0	21:43:27.883	trend_dtrader GBPUSD,H1: Alert: Please check your internet connection
0	21:43:28.886	trend_dtrader GBPUSD,H1: Alert: Please check your internet connection
0	21:43:29.888	trend_dtrader GBPUSD,H1: Alert: Please check your internet connection
0	21:59:06.488	trend_dtrader GBPUSD,H1: Alert: Please check your internet connection
0	21:59:06.857	trend_dtrader GBPUSD,H1: Alert: Please check your internet connection
0	21:59:07.937	trend_dtrader GBPUSD,H1: Alert: Please check your internet connection
0	21:59:08.940	trend_dtrader GBPUSD,H1: Alert: Please check your internet connection
0	21:59:09.939	trend_dtrader GBPUSD,H1: Alert: Please check your internet connection
0	21:59:10.940	trend_dtrader GBPUSD,H1: Alert: Please check your internet connection
0	21:59:11.941	trend_dtrader GBPUSD,H1: Alert: Please check your internet connection
0	21:59:12.960	trend_dtrader GBPUSD,H1: Failed modifying USDJPY
0	21:59:24.081	trend_dtrader GBPUSD,H1: Failed modifying USDJPY
0	21:59:24.941	trend_dtrader GBPUSD,H1: Failed modifying USDJPY
0	21:59:25.940	trend_dtrader GBPUSD,H1: Failed modifying USDJPY
0	21:59:26.945	trend_dtrader GBPUSD,H1: Failed modifying USDJPY
0	21:59:27.982	trend_dtrader GBPUSD,H1: Failed modifying USDJPY
0	21:59:28.942	trend_dtrader GBPUSD,H1: Failed modifying USDJPY
0	21:59:29.942	trend_dtrader GBPUSD,H1: Failed modifying USDJPY
0	22:11:55.808	trend_dtrader GBPUSD,H1: Failed modifying USDJPY
0	22:11:55.922	trend_dtrader GBPUSD,H1: Alert: Please check your internet connection
0	22:11:56.922	trend_dtrader GBPUSD,H1: Alert: Please check your internet connection
0	22:11:57.922	trend_dtrader GBPUSD,H1: Alert: Please check your internet connection
0	22:11:58.922	trend_dtrader GBPUSD,H1: Failed modifying USDJPY
0	22:11:59.989	trend_dtrader GBPUSD,H1: Failed modifying USDJPY
0	22:12:00.922	trend_dtrader GBPUSD,H1: Failed modifying USDJPY
0	22:12:01.922	trend_dtrader GBPUSD,H1: Failed modifying USDJPY
0	22:12:02.923	trend_dtrader GBPUSD,H1: Failed modifying USDJPY
0	22:12:03.922	trend_dtrader GBPUSD,H1: Failed modifying USDJPY
0	22:13:46.421	trend_dtrader GBPUSD,H1: Failed modifying USDJPY
0	22:13:46.921	trend_dtrader GBPUSD,H1: Alert: Please check your internet connection
0	22:13:47.921	trend_dtrader GBPUSD,H1: Alert: Please check your internet connection
0	22:13:48.920	trend_dtrader GBPUSD,H1: Failed modifying USDJPY
0	22:13:49.920	trend_dtrader GBPUSD,H1: Failed modifying USDJPY
0	22:13:50.920	trend_dtrader GBPUSD,H1: Failed modifying USDJPY
0	22:13:51.921	trend_dtrader GBPUSD,H1: Failed modifying USDJPY
0	22:13:52.941	trend_dtrader GBPUSD,H1: Failed modifying USDJPY
0	22:13:53.920	trend_dtrader GBPUSD,H1: Failed modifying USDJPY
0	22:13:54.921	trend_dtrader GBPUSD,H1: Failed modifying USDJPY
0	22:13:55.922	trend_dtrader GBPUSD,H1: Failed modifying USDJPY
0	22:14:10.284	trend_dtrader GBPUSD,H1: Failed modifying USDJPY
0	22:14:10.920	trend_dtrader GBPUSD,H1: Failed modifying USDJPY
0	22:14:11.921	trend_dtrader GBPUSD,H1: Failed modifying USDJPY
0	22:14:12.921	trend_dtrader GBPUSD,H1: Failed modifying USDJPY
0	22:14:13.920	trend_dtrader GBPUSD,H1: Failed modifying USDJPY
0	22:14:14.921	trend_dtrader GBPUSD,H1: Failed modifying USDJPY
0	22:14:15.922	trend_dtrader GBPUSD,H1: Failed modifying USDJPY
0	22:14:16.925	trend_dtrader GBPUSD,H1: Failed modifying USDJPY
0	22:14:17.926	trend_dtrader GBPUSD,H1: Failed modifying USDJPY
0	22:14:18.927	trend_dtrader GBPUSD,H1: Failed modifying USDJPY
0	22:14:19.929	trend_dtrader GBPUSD,H1: Failed modifying USDJPY
0	22:15:55.248	trend_dtrader GBPUSD,H1: Failed modifying USDJPY
0	22:15:55.928	trend_dtrader GBPUSD,H1: Alert: Please check your internet connection
0	22:15:56.928	trend_dtrader GBPUSD,H1: Alert: Please check your internet connection
0	22:15:57.931	trend_dtrader GBPUSD,H1: Alert: Please check your internet connection
0	22:15:58.931	trend_dtrader GBPUSD,H1: Alert: Please check your internet connection
0	22:15:59.933	trend_dtrader GBPUSD,H1: Alert: Please check your internet connection
0	22:16:00.933	trend_dtrader GBPUSD,H1: Alert: Please check your internet connection
0	22:16:01.933	trend_dtrader GBPUSD,H1: Alert: Please check your internet connection
0	22:16:02.935	trend_dtrader GBPUSD,H1: Failed modifying USDJPY
0	22:16:03.934	trend_dtrader GBPUSD,H1: Failed modifying USDJPY
0	22:16:04.936	trend_dtrader GBPUSD,H1: Failed modifying USDJPY
0	22:32:18.649	trend_dtrader GBPUSD,H1: Failed modifying USDJPY
0	22:32:18.912	trend_dtrader GBPUSD,H1: Alert: Please check your internet connection
0	22:32:19.913	trend_dtrader GBPUSD,H1: Alert: Please check your internet connection
0	22:32:20.914	trend_dtrader GBPUSD,H1: Alert: Please check your internet connection
0	22:32:22.187	trend_dtrader GBPUSD,H1: Failed modifying USDJPY
0	22:32:22.187	trend_dtrader GBPUSD,H1: Failed modifying USDJPY
2	22:32:23.142	trend_dtrader GBPUSD,H1: modify #474907042 sell 0.20 DOGEUSD at 0.14949 sl: 0.14901 tp: 0.12998 ok
0	22:32:23.143	trend_dtrader GBPUSD,H1: Alert: DOGEUSD has been assigned a breakeven 0.149005
0	22:32:23.143	trend_dtrader GBPUSD,H1: Failed modifying USDJPY
0	22:48:34.623	trend_dtrader GBPUSD,H1: Failed modifying USDJPY
0	22:48:34.885	trend_dtrader GBPUSD,H1: Alert: Please check your internet connection
0	22:48:35.884	trend_dtrader GBPUSD,H1: Alert: Please check your internet connection
0	22:48:36.883	trend_dtrader GBPUSD,H1: Alert: Please check your internet connection
0	22:48:37.881	trend_dtrader GBPUSD,H1: Failed modifying USDJPY
0	22:48:38.878	trend_dtrader GBPUSD,H1: Failed modifying USDJPY
0	22:52:32.212	trend_dtrader GBPUSD,H1: Failed modifying USDJPY
0	22:52:32.866	trend_dtrader GBPUSD,H1: Alert: Please check your internet connection
0	22:52:33.864	trend_dtrader GBPUSD,H1: Alert: Please check your internet connection
0	22:52:34.863	trend_dtrader GBPUSD,H1: Failed modifying USDJPY
0	22:52:35.864	trend_dtrader GBPUSD,H1: Failed modifying USDJPY
0	22:52:36.858	trend_dtrader GBPUSD,H1: Failed modifying USDJPY
0	22:52:37.867	trend_dtrader GBPUSD,H1: Failed modifying USDJPY
0	22:52:38.854	trend_dtrader GBPUSD,H1: Failed modifying USDJPY
0	22:52:39.853	trend_dtrader GBPUSD,H1: Failed modifying USDJPY
0	22:52:40.852	trend_dtrader GBPUSD,H1: Failed modifying USDJPY
0	22:54:19.297	trend_dtrader GBPUSD,H1: Failed modifying USDJPY
0	22:54:19.847	trend_dtrader GBPUSD,H1: Alert: Please check your internet connection
0	22:54:20.846	trend_dtrader GBPUSD,H1: Alert: Please check your internet connection
0	22:54:21.844	trend_dtrader GBPUSD,H1: Alert: Please check your internet connection
0	22:54:22.844	trend_dtrader GBPUSD,H1: Alert: Please check your internet connection
0	22:54:23.843	trend_dtrader GBPUSD,H1: Alert: Please check your internet connection
0	22:54:24.842	trend_dtrader GBPUSD,H1: Alert: Please check your internet connection
0	22:54:25.842	trend_dtrader GBPUSD,H1: Alert: Please check your internet connection
0	22:54:26.839	trend_dtrader GBPUSD,H1: Failed modifying USDJPY
0	22:54:27.838	trend_dtrader GBPUSD,H1: Failed modifying USDJPY
0	22:54:28.838	trend_dtrader GBPUSD,H1: Failed modifying USDJPY
0	22:56:09.779	trend_dtrader GBPUSD,H1: Failed modifying USDJPY
0	22:56:09.910	trend_dtrader GBPUSD,H1: Alert: Please check your internet connection
0	22:56:10.834	trend_dtrader GBPUSD,H1: Alert: Please check your internet connection
0	22:56:11.833	trend_dtrader GBPUSD,H1: Alert: Please check your internet connection
0	22:56:12.833	trend_dtrader GBPUSD,H1: Alert: Please check your internet connection
0	22:56:13.832	trend_dtrader GBPUSD,H1: Alert: Please check your internet connection
0	22:56:14.832	trend_dtrader GBPUSD,H1: Alert: Please check your internet connection
0	22:56:15.832	trend_dtrader GBPUSD,H1: Alert: Please check your internet connection
0	22:56:16.831	trend_dtrader GBPUSD,H1: Alert: Please check your internet connection
0	22:56:17.831	trend_dtrader GBPUSD,H1: Alert: Please check your internet connection
0	22:56:18.831	trend_dtrader GBPUSD,H1: Failed modifying USDJPY
0	22:58:02.014	trend_dtrader GBPUSD,H1: Alert: Please check your internet connection
0	22:58:02.825	trend_dtrader GBPUSD,H1: Alert: Please check your internet connection
0	22:58:03.825	trend_dtrader GBPUSD,H1: Alert: Please check your internet connection
0	22:58:04.824	trend_dtrader GBPUSD,H1: Alert: Please check your internet connection
0	22:58:05.825	trend_dtrader GBPUSD,H1: Alert: Please check your internet connection
0	22:58:06.825	trend_dtrader GBPUSD,H1: Alert: Please check your internet connection
0	22:58:07.824	trend_dtrader GBPUSD,H1: Alert: Please check your internet connection
0	22:58:08.825	trend_dtrader GBPUSD,H1: Alert: Please check your internet connection
0	22:58:09.924	trend_dtrader GBPUSD,H1: Failed modifying USDJPY
0	22:58:10.823	trend_dtrader GBPUSD,H1: Failed modifying USDJPY
0	23:07:26.757	trend_dtrader GBPUSD,H1: Failed modifying USDJPY
0	23:07:26.834	trend_dtrader GBPUSD,H1: Alert: Please check your internet connection
0	23:07:27.805	trend_dtrader GBPUSD,H1: Alert: Please check your internet connection
0	23:07:28.806	trend_dtrader GBPUSD,H1: Alert: Please check your internet connection
0	23:07:29.805	trend_dtrader GBPUSD,H1: Alert: Please check your internet connection
0	23:07:30.805	trend_dtrader GBPUSD,H1: Alert: Please check your internet connection
0	23:07:31.805	trend_dtrader GBPUSD,H1: Alert: Please check your internet connection
0	23:07:32.805	trend_dtrader GBPUSD,H1: Alert: Please check your internet connection
0	23:07:33.804	trend_dtrader GBPUSD,H1: Failed modifying USDJPY
0	23:07:34.811	trend_dtrader GBPUSD,H1: Failed modifying USDJPY
0	23:07:35.803	trend_dtrader GBPUSD,H1: Failed modifying USDJPY
0	23:24:04.619	trend_dtrader GBPUSD,H1: Failed modifying USDJPY
0	23:24:04.771	trend_dtrader GBPUSD,H1: Failed modifying USDJPY
0	23:24:05.771	trend_dtrader GBPUSD,H1: Failed modifying USDJPY
0	23:24:06.718	trend_dtrader GBPUSD,H1: Failed modifying USDJPY
0	23:24:07.718	trend_dtrader GBPUSD,H1: Failed modifying USDJPY
0	23:24:08.718	trend_dtrader GBPUSD,H1: Failed modifying USDJPY
0	23:31:26.438	trend_dtrader GBPUSD,H1: Failed modifying USDJPY
0	23:31:26.702	trend_dtrader GBPUSD,H1: Alert: Please check your internet connection
0	23:31:27.701	trend_dtrader GBPUSD,H1: Alert: Please check your internet connection
0	23:31:28.702	trend_dtrader GBPUSD,H1: Alert: Please check your internet connection
0	23:31:29.737	trend_dtrader GBPUSD,H1: Failed modifying USDJPY
0	23:31:30.700	trend_dtrader GBPUSD,H1: Failed modifying USDJPY
0	23:31:31.700	trend_dtrader GBPUSD,H1: Failed modifying USDJPY
0	23:31:32.701	trend_dtrader GBPUSD,H1: Failed modifying USDJPY
0	23:31:33.701	trend_dtrader GBPUSD,H1: Failed modifying USDJPY
0	23:31:34.701	trend_dtrader GBPUSD,H1: Failed modifying USDJPY
0	23:41:36.693	trend_dtrader GBPUSD,H1: Failed modifying USDJPY
0	23:41:37.677	trend_dtrader GBPUSD,H1: Alert: Please check your internet connection
0	23:41:38.677	trend_dtrader GBPUSD,H1: Alert: Please check your internet connection
0	23:41:39.677	trend_dtrader GBPUSD,H1: Failed modifying USDJPY
0	23:41:40.676	trend_dtrader GBPUSD,H1: Failed modifying USDJPY
0	23:41:41.678	trend_dtrader GBPUSD,H1: Failed modifying USDJPY
0	23:41:42.677	trend_dtrader GBPUSD,H1: Failed modifying USDJPY
0	23:41:43.676	trend_dtrader GBPUSD,H1: Failed modifying USDJPY
0	23:42:00.641	trend_dtrader GBPUSD,H1: Failed modifying USDJPY
0	23:42:00.676	trend_dtrader GBPUSD,H1: Failed modifying USDJPY
0	23:42:01.677	trend_dtrader GBPUSD,H1: Failed modifying USDJPY
0	23:42:02.676	trend_dtrader GBPUSD,H1: Failed modifying USDJPY
0	23:42:03.676	trend_dtrader GBPUSD,H1: Failed modifying USDJPY
0	23:42:04.675	trend_dtrader GBPUSD,H1: Failed modifying USDJPY
0	23:42:05.677	trend_dtrader GBPUSD,H1: Failed modifying USDJPY
0	23:42:06.676	trend_dtrader GBPUSD,H1: Failed modifying USDJPY
0	23:42:07.676	trend_dtrader GBPUSD,H1: Failed modifying USDJPY
0	23:42:08.676	trend_dtrader GBPUSD,H1: Failed modifying USDJPY
0	23:42:09.677	trend_dtrader GBPUSD,H1: Failed modifying USDJPY
0	23:42:10.676	trend_dtrader GBPUSD,H1: Failed modifying USDJPY
0	23:42:11.677	trend_dtrader GBPUSD,H1: Failed modifying USDJPY
0	23:42:12.676	trend_dtrader GBPUSD,H1: Failed modifying USDJPY
0	23:42:13.676	trend_dtrader GBPUSD,H1: Failed modifying USDJPY
0	23:42:14.675	trend_dtrader GBPUSD,H1: Failed modifying USDJPY
0	23:42:15.676	trend_dtrader GBPUSD,H1: Failed modifying USDJPY
0	23:42:16.676	trend_dtrader GBPUSD,H1: Failed modifying USDJPY
0	23:42:17.676	trend_dtrader GBPUSD,H1: Failed modifying USDJPY
0	23:42:18.676	trend_dtrader GBPUSD,H1: Failed modifying USDJPY
0	23:53:32.378	trend_dtrader GBPUSD,H1: Alert: Please check your internet connection
0	23:53:32.650	trend_dtrader GBPUSD,H1: Alert: Please check your internet connection
0	23:53:33.649	trend_dtrader GBPUSD,H1: Alert: Please check your internet connection
0	23:53:34.648	trend_dtrader GBPUSD,H1: Alert: Please check your internet connection
0	23:53:35.650	trend_dtrader GBPUSD,H1: Alert: Please check your internet connection
0	23:53:36.651	trend_dtrader GBPUSD,H1: Alert: Please check your internet connection
0	23:53:37.650	trend_dtrader GBPUSD,H1: Alert: Please check your internet connection
0	23:53:38.649	trend_dtrader GBPUSD,H1: Alert: Please check your internet connection
0	23:53:39.649	trend_dtrader GBPUSD,H1: Failed modifying USDJPY
0	23:53:40.649	trend_dtrader GBPUSD,H1: Failed modifying USDJPY
0	23:53:41.649	trend_dtrader GBPUSD,H1: Failed modifying USDJPY
