0	06:54:30.521	Custom indicator ZigZag GBPUSD,H1: loaded successfully
0	06:54:30.538	Custom indicator s_and_d GBPUSD,H1: loaded successfully
0	06:54:30.586	ZigZag GBPUSD,H1: initialized
0	06:54:30.621	s_and_d GBPUSD,H1: initialized
0	06:54:30.694	Custom indicator ZigZag AUDUSD,H1: loaded successfully
0	06:54:30.716	Custom indicator s_and_d AUDUSD,H1: loaded successfully
0	06:54:30.744	ZigZag AUDUSD,H1: initialized
0	06:54:30.776	s_and_d AUDUSD,H1: initialized
0	06:54:30.840	Custom indicator intraday-channel-breakout-indicator AUDUSD,H1: loaded successfully
0	06:54:30.857	Custom indicator FiboRetracement AUDUSD,H1: loaded successfully
0	06:54:30.891	intraday-channel-breakout-indicator AUDUSD,H1: initialized
0	06:54:30.922	FiboRetracement AUDUSD,H1: initialized
0	07:06:31.652	FiboRetracement AUDUSD,H1: uninit reason 1
0	07:06:31.672	Custom indicator FiboRetracement AUDUSD,H1: removed
0	07:08:33.972	Custom indicator auto-trend-lines-channels-indicator AUDUSD,H1: loaded successfully
0	07:08:38.546	auto-trend-lines-channels-indicator AUDUSD,H1: initialized
0	07:49:10.377	intraday-channel-breakout-indicator AUDUSD,H1: uninit reason 1
0	07:49:10.387	Custom indicator intraday-channel-breakout-indicator AUDUSD,H1: removed
0	07:49:17.708	Expert trend_dtrader AUDUSD,H1: loaded successfully
0	07:49:19.569	trend_dtrader AUDUSD,H1 inputs: mdesc=DBot FX; lot_size=0.01; 
0	07:49:19.616	trend_dtrader AUDUSD,H1: 6
0	07:49:19.616	trend_dtrader AUDUSD,H1: initialized
2	07:49:23.550	trend_dtrader AUDUSD,H1: open #1955049868 buy 0.01 GBPUSD at 1.26651 sl: 1.26031 tp: 1.27251 ok
0	07:49:23.550	trend_dtrader AUDUSD,H1: Alert: GBPUSD Ordered Successfully
2	07:49:28.291	trend_dtrader AUDUSD,H1: open #1955049876 buy 0.01 EURUSD at 1.08464 sl: 1.07998 tp: 1.08464 ok
0	07:49:28.291	trend_dtrader AUDUSD,H1: Alert: EURUSD Ordered Successfully
2	07:49:34.691	trend_dtrader AUDUSD,H1: open #1955049885 buy 0.01 EURUSD at 1.08463 sl: 1.07996 tp: 1.08462 ok
0	07:49:34.691	trend_dtrader AUDUSD,H1: Alert: EURUSD Ordered Successfully
0	07:49:56.051	trend_dtrader AUDUSD,H1: Alert: Failed EURUSD
2	07:50:03.943	trend_dtrader AUDUSD,H1: open #1955049974 buy 0.01 EURUSD at 1.08460 sl: 1.07993 tp: 1.08459 ok
0	07:50:03.943	trend_dtrader AUDUSD,H1: Alert: EURUSD Ordered Successfully
0	07:50:19.618	trend_dtrader AUDUSD,H1: 6 : 50
2	07:50:28.818	trend_dtrader AUDUSD,H1: open #1955049997 buy 0.01 EURUSD at 1.08458 sl: 1.07992 tp: 1.08458 ok
0	07:50:28.818	trend_dtrader AUDUSD,H1: Alert: EURUSD Ordered Successfully
2	07:50:32.845	trend_dtrader AUDUSD,H1: open #1955050004 buy 0.01 EURUSD at 1.08459 sl: 1.07993 tp: 1.08459 ok
0	07:50:32.845	trend_dtrader AUDUSD,H1: Alert: EURUSD Ordered Successfully
2	07:50:49.394	trend_dtrader AUDUSD,H1: open #1955050020 buy 0.01 EURUSD at 1.08458 sl: 1.07992 tp: 1.08458 ok
0	07:50:49.394	trend_dtrader AUDUSD,H1: Alert: EURUSD Ordered Successfully
2	07:50:57.045	trend_dtrader AUDUSD,H1: open #1955050039 buy 0.01 EURUSD at 1.08458 sl: 1.07993 tp: 1.08459 ok
0	07:50:57.045	trend_dtrader AUDUSD,H1: Alert: EURUSD Ordered Successfully
0	07:51:19.618	trend_dtrader AUDUSD,H1: 6 : 51
0	07:51:21.988	trend_dtrader AUDUSD,H1: Alert: Failed EURUSD
2	07:51:25.557	trend_dtrader AUDUSD,H1: open #1955050095 buy 0.01 EURUSD at 1.08464 sl: 1.07997 tp: 1.08463 ok
0	07:51:25.557	trend_dtrader AUDUSD,H1: Alert: EURUSD Ordered Successfully
2	07:51:50.169	trend_dtrader AUDUSD,H1: open #1955050125 buy 0.01 EURUSD at 1.08468 sl: 1.08001 tp: 1.08467 ok
0	07:51:50.169	trend_dtrader AUDUSD,H1: Alert: EURUSD Ordered Successfully
2	07:52:03.464	trend_dtrader AUDUSD,H1: open #1955050153 buy 0.01 EURUSD at 1.08468 sl: 1.08001 tp: 1.08467 ok
0	07:52:03.464	trend_dtrader AUDUSD,H1: Alert: EURUSD Ordered Successfully
0	07:52:07.337	trend_dtrader AUDUSD,H1: uninit reason 1
0	07:52:07.337	trend_dtrader AUDUSD,H1: Alert: 1
0	07:52:07.382	Expert trend_dtrader AUDUSD,H1: removed
0	07:55:27.143	Expert trend_dtrader AUDUSD,H1: loaded successfully
0	07:57:06.578	trend_dtrader AUDUSD,H1 inputs: mdesc=DBot FX; lot_size=0.01; 
0	07:57:06.638	trend_dtrader AUDUSD,H1: 6
0	07:57:06.638	trend_dtrader AUDUSD,H1: initialized
0	07:58:06.638	trend_dtrader AUDUSD,H1: 6 : 58
0	07:59:06.637	trend_dtrader AUDUSD,H1: 6 : 59
0	08:00:06.636	trend_dtrader AUDUSD,H1: 7 : 0
0	08:01:06.638	trend_dtrader AUDUSD,H1: 7 : 1
0	08:02:06.634	trend_dtrader AUDUSD,H1: 7 : 2
0	08:03:06.633	trend_dtrader AUDUSD,H1: 7 : 3
0	08:04:06.632	trend_dtrader AUDUSD,H1: 7 : 4
0	08:05:06.632	trend_dtrader AUDUSD,H1: 7 : 5
0	08:06:06.631	trend_dtrader AUDUSD,H1: 7 : 6
0	08:07:06.911	trend_dtrader AUDUSD,H1: 7 : 7
0	08:08:06.912	trend_dtrader AUDUSD,H1: 7 : 8
0	08:09:06.914	trend_dtrader AUDUSD,H1: 7 : 9
0	08:10:06.917	trend_dtrader AUDUSD,H1: 7 : 10
0	08:11:06.918	trend_dtrader AUDUSD,H1: 7 : 11
0	08:12:06.919	trend_dtrader AUDUSD,H1: 7 : 12
0	08:13:06.921	trend_dtrader AUDUSD,H1: 7 : 13
0	08:14:06.923	trend_dtrader AUDUSD,H1: 7 : 14
0	08:15:06.925	trend_dtrader AUDUSD,H1: 7 : 15
0	08:16:06.927	trend_dtrader AUDUSD,H1: 7 : 16
0	08:17:06.928	trend_dtrader AUDUSD,H1: 7 : 17
0	08:18:06.930	trend_dtrader AUDUSD,H1: 7 : 18
0	08:19:06.931	trend_dtrader AUDUSD,H1: 7 : 19
0	08:20:06.933	trend_dtrader AUDUSD,H1: 7 : 20
0	08:22:49.086	trend_dtrader AUDUSD,H1: 7 : 22
0	08:23:07.032	trend_dtrader AUDUSD,H1: 7 : 23
0	08:24:07.033	trend_dtrader AUDUSD,H1: 7 : 24
0	08:25:07.087	trend_dtrader AUDUSD,H1: 7 : 25
0	08:26:07.046	trend_dtrader AUDUSD,H1: 7 : 26
0	08:27:07.038	trend_dtrader AUDUSD,H1: 7 : 27
0	08:28:07.040	trend_dtrader AUDUSD,H1: 7 : 28
0	08:29:07.042	trend_dtrader AUDUSD,H1: 7 : 29
0	08:30:07.044	trend_dtrader AUDUSD,H1: 7 : 30
0	08:31:07.046	trend_dtrader AUDUSD,H1: 7 : 31
0	08:32:07.048	trend_dtrader AUDUSD,H1: 7 : 32
0	08:33:07.050	trend_dtrader AUDUSD,H1: 7 : 33
0	08:34:07.051	trend_dtrader AUDUSD,H1: 7 : 34
0	08:35:07.053	trend_dtrader AUDUSD,H1: 7 : 35
0	08:36:07.057	trend_dtrader AUDUSD,H1: 7 : 36
0	09:42:41.420	Custom indicator ZigZag GBPUSD,H1: loaded successfully
0	09:42:41.446	Custom indicator s_and_d GBPUSD,H1: loaded successfully
0	09:42:41.497	ZigZag GBPUSD,H1: initialized
0	09:42:41.533	s_and_d GBPUSD,H1: initialized
0	09:42:41.608	Custom indicator ZigZag AUDUSD,H1: loaded successfully
0	09:42:41.630	Custom indicator s_and_d AUDUSD,H1: loaded successfully
0	09:42:41.656	Custom indicator auto-trend-lines-channels-indicator AUDUSD,H1: loaded successfully
0	09:42:41.685	ZigZag AUDUSD,H1: initialized
0	09:42:41.720	s_and_d AUDUSD,H1: initialized
0	09:42:41.791	auto-trend-lines-channels-indicator AUDUSD,H1: initialized
0	15:08:39.920	Custom indicator ZigZag GBPUSD,H1: loaded successfully
0	15:08:39.984	Custom indicator s_and_d GBPUSD,H1: loaded successfully
0	15:08:40.335	ZigZag GBPUSD,H1: initialized
0	15:08:40.527	s_and_d GBPUSD,H1: initialized
0	15:08:40.804	Custom indicator ZigZag AUDUSD,H1: loaded successfully
0	15:08:40.872	Custom indicator s_and_d AUDUSD,H1: loaded successfully
0	15:08:40.951	Custom indicator auto-trend-lines-channels-indicator AUDUSD,H1: loaded successfully
0	15:08:41.050	ZigZag AUDUSD,H1: initialized
0	15:08:41.189	s_and_d AUDUSD,H1: initialized
0	15:08:41.462	auto-trend-lines-channels-indicator AUDUSD,H1: initialized
0	15:16:21.840	auto-trend-lines-channels-indicator AUDUSD,H1: uninit reason 1
0	15:16:21.855	Custom indicator auto-trend-lines-channels-indicator AUDUSD,H1: removed
0	15:16:23.840	s_and_d AUDUSD,H1: uninit reason 1
0	15:16:23.845	Custom indicator s_and_d AUDUSD,H1: removed
0	15:16:25.441	ZigZag AUDUSD,H1: uninit reason 1
0	15:16:25.444	Custom indicator ZigZag AUDUSD,H1: removed
0	15:16:30.888	Expert trend_dtrader AUDUSD,H1: loaded successfully
0	15:16:32.604	trend_dtrader AUDUSD,H1 inputs: mdesc=DBot FX; lot_size=0.01; 
0	15:16:32.678	trend_dtrader AUDUSD,H1: 6
0	15:16:32.678	trend_dtrader AUDUSD,H1: initialized
2	15:16:33.937	trend_dtrader AUDUSD,H1: modify #1955049868 buy 0.01 GBPUSD at 1.26651 sl: 1.26716 tp: 1.27251 ok
0	15:16:33.937	trend_dtrader AUDUSD,H1: Alert: GBPUSD has been assigned a breakeven
0	15:16:38.511	trend_dtrader AUDUSD,H1: Alert: Failed XAUUSD
0	15:16:47.542	trend_dtrader AUDUSD,H1: Alert: Failed XAUUSD
0	15:16:50.356	trend_dtrader AUDUSD,H1: Alert: Failed XAUUSD
0	15:16:54.692	trend_dtrader AUDUSD,H1: Alert: Failed XAUUSD
0	15:16:57.810	trend_dtrader AUDUSD,H1: Alert: Failed XAUUSD
0	15:16:59.480	trend_dtrader AUDUSD,H1: Alert: Failed XAUUSD
0	15:17:06.861	trend_dtrader AUDUSD,H1: Alert: Failed XAUUSD
0	15:17:10.070	trend_dtrader AUDUSD,H1: Alert: Failed XAUUSD
0	15:17:15.918	trend_dtrader AUDUSD,H1: Alert: Failed XAUUSD
0	15:17:24.433	trend_dtrader AUDUSD,H1: Alert: Failed XAUUSD
0	15:17:31.722	trend_dtrader AUDUSD,H1: Alert: Failed XAUUSD
0	15:17:32.677	trend_dtrader AUDUSD,H1: 14 : 17
0	15:17:37.389	trend_dtrader AUDUSD,H1: Alert: Failed XAUUSD
0	15:17:46.982	trend_dtrader AUDUSD,H1: Alert: Failed XAUUSD
0	15:17:52.857	trend_dtrader AUDUSD,H1: Alert: Failed XAUUSD
0	15:17:59.025	trend_dtrader AUDUSD,H1: Alert: Failed XAUUSD
0	15:18:02.084	trend_dtrader AUDUSD,H1: Alert: Failed XAUUSD
0	15:18:04.922	trend_dtrader AUDUSD,H1: Alert: Failed XAUUSD
0	15:18:07.845	trend_dtrader AUDUSD,H1: Alert: Failed XAUUSD
0	15:18:11.226	trend_dtrader AUDUSD,H1: Alert: Failed XAUUSD
0	15:18:23.605	trend_dtrader AUDUSD,H1: Alert: Failed XAUUSD
0	15:18:32.676	trend_dtrader AUDUSD,H1: 14 : 18
0	15:18:36.885	trend_dtrader AUDUSD,H1: Alert: Failed XAUUSD
0	15:18:46.367	trend_dtrader AUDUSD,H1: Alert: Failed XAUUSD
0	15:18:54.748	trend_dtrader AUDUSD,H1: Alert: Failed XAUUSD
0	15:19:08.673	trend_dtrader AUDUSD,H1: Alert: Failed XAUUSD
0	15:19:13.381	trend_dtrader AUDUSD,H1: Alert: Failed XAUUSD
0	15:19:19.160	trend_dtrader AUDUSD,H1: Alert: Failed XAUUSD
0	15:19:24.091	trend_dtrader AUDUSD,H1: Alert: Failed XAUUSD
0	15:19:26.799	trend_dtrader AUDUSD,H1: Alert: Failed XAUUSD
0	15:19:32.677	trend_dtrader AUDUSD,H1: 14 : 19
0	15:19:35.042	trend_dtrader AUDUSD,H1: Alert: Failed XAUUSD
0	15:19:38.624	trend_dtrader AUDUSD,H1: Alert: Failed XAUUSD
0	15:19:43.545	trend_dtrader AUDUSD,H1: Alert: Failed XAUUSD
0	15:19:50.329	trend_dtrader AUDUSD,H1: Alert: Failed XAUUSD
0	15:19:56.319	trend_dtrader AUDUSD,H1: Alert: Failed XAUUSD
0	15:20:01.522	trend_dtrader AUDUSD,H1: Alert: Failed XAUUSD
0	15:20:05.462	trend_dtrader AUDUSD,H1: Alert: Failed XAUUSD
0	15:20:08.568	trend_dtrader AUDUSD,H1: Alert: Failed XAUUSD
0	15:20:15.123	trend_dtrader AUDUSD,H1: Alert: Failed XAUUSD
0	15:20:22.184	trend_dtrader AUDUSD,H1: Alert: Failed XAUUSD
0	15:20:27.980	trend_dtrader AUDUSD,H1: Alert: Failed XAUUSD
0	15:20:32.676	trend_dtrader AUDUSD,H1: 14 : 20
0	15:20:34.858	trend_dtrader AUDUSD,H1: Alert: Failed XAUUSD
0	15:20:43.598	trend_dtrader AUDUSD,H1: Alert: Failed XAUUSD
0	15:20:57.488	trend_dtrader AUDUSD,H1: Alert: Failed XAUUSD
0	15:21:09.906	trend_dtrader AUDUSD,H1: Alert: Failed XAUUSD
0	15:21:12.307	trend_dtrader AUDUSD,H1: Alert: Failed XAUUSD
0	15:21:19.219	trend_dtrader AUDUSD,H1: Alert: Failed XAUUSD
0	15:21:26.041	trend_dtrader AUDUSD,H1: Alert: Failed XAUUSD
0	15:21:31.352	trend_dtrader AUDUSD,H1: Alert: Failed XAUUSD
0	15:21:32.676	trend_dtrader AUDUSD,H1: 14 : 21
0	15:21:36.368	trend_dtrader AUDUSD,H1: Alert: Failed XAUUSD
0	15:21:43.981	trend_dtrader AUDUSD,H1: Alert: Failed XAUUSD
0	15:21:50.050	trend_dtrader AUDUSD,H1: Alert: Failed XAUUSD
0	15:21:52.563	trend_dtrader AUDUSD,H1: Alert: Failed XAUUSD
0	15:22:03.762	trend_dtrader AUDUSD,H1: Alert: Failed XAUUSD
0	15:22:08.640	trend_dtrader AUDUSD,H1: Alert: Failed XAUUSD
0	15:22:15.672	trend_dtrader AUDUSD,H1: Alert: Failed XAUUSD
0	15:22:32.675	trend_dtrader AUDUSD,H1: 14 : 22
0	15:22:33.465	trend_dtrader AUDUSD,H1: Alert: Failed XAUUSD
0	15:22:51.077	trend_dtrader AUDUSD,H1: Alert: Failed XAUUSD
0	15:23:02.542	trend_dtrader AUDUSD,H1: Alert: Failed XAUUSD
0	15:23:15.413	trend_dtrader AUDUSD,H1: Alert: Failed XAUUSD
0	15:23:30.255	trend_dtrader AUDUSD,H1: Alert: Failed XAUUSD
0	15:23:32.674	trend_dtrader AUDUSD,H1: 14 : 23
0	15:23:48.110	trend_dtrader AUDUSD,H1: Alert: Failed XAUUSD
0	15:23:54.117	trend_dtrader AUDUSD,H1: Alert: Failed XAUUSD
0	15:24:03.963	trend_dtrader AUDUSD,H1: Alert: Failed XAUUSD
0	15:24:07.989	trend_dtrader AUDUSD,H1: Alert: Failed XAUUSD
0	15:24:12.186	trend_dtrader AUDUSD,H1: Alert: Failed XAUUSD
0	15:24:22.232	trend_dtrader AUDUSD,H1: Alert: Failed XAUUSD
0	15:24:25.892	trend_dtrader AUDUSD,H1: Alert: Failed XAUUSD
0	15:24:32.675	trend_dtrader AUDUSD,H1: 14 : 24
0	15:24:35.092	trend_dtrader AUDUSD,H1: Alert: Failed XAUUSD
0	15:24:39.562	trend_dtrader AUDUSD,H1: Alert: Failed XAUUSD
0	15:24:59.539	trend_dtrader AUDUSD,H1: Alert: Failed XAUUSD
0	15:25:06.180	trend_dtrader AUDUSD,H1: Alert: Failed XAUUSD
0	15:25:15.607	trend_dtrader AUDUSD,H1: Alert: Failed XAUUSD
0	15:25:20.345	trend_dtrader AUDUSD,H1: Alert: Failed XAUUSD
0	15:25:23.657	trend_dtrader AUDUSD,H1: Alert: Failed XAUUSD
0	15:25:32.674	trend_dtrader AUDUSD,H1: 14 : 25
0	15:25:38.170	trend_dtrader AUDUSD,H1: Alert: Failed XAUUSD
0	15:25:46.495	trend_dtrader AUDUSD,H1: Alert: Failed XAUUSD
0	15:25:55.047	trend_dtrader AUDUSD,H1: Alert: Failed XAUUSD
0	15:26:04.374	trend_dtrader AUDUSD,H1: Alert: Failed XAUUSD
0	15:26:10.840	trend_dtrader AUDUSD,H1: Alert: Failed XAUUSD
0	15:26:15.049	trend_dtrader AUDUSD,H1: Alert: Failed XAUUSD
0	15:26:21.975	trend_dtrader AUDUSD,H1: Alert: Failed XAUUSD
0	15:26:26.729	trend_dtrader AUDUSD,H1: Alert: Failed XAUUSD
0	15:26:31.675	trend_dtrader AUDUSD,H1: Alert: Failed XAUUSD
0	15:26:32.674	trend_dtrader AUDUSD,H1: 14 : 26
0	15:26:43.570	trend_dtrader AUDUSD,H1: Alert: Failed XAUUSD
0	15:26:47.567	trend_dtrader AUDUSD,H1: Alert: Failed XAUUSD
0	15:26:51.875	trend_dtrader AUDUSD,H1: Alert: Failed XAUUSD
0	15:27:01.496	trend_dtrader AUDUSD,H1: Alert: Failed XAUUSD
0	15:27:06.631	trend_dtrader AUDUSD,H1: Alert: Failed XAUUSD
0	15:27:18.451	trend_dtrader AUDUSD,H1: Alert: Failed XAUUSD
0	15:27:19.460	trend_dtrader AUDUSD,H1: uninit reason 2
0	15:27:19.461	trend_dtrader AUDUSD,H1: Alert: 2
0	15:27:19.518	Expert trend_dtrader AUDUSD,H1: removed
0	15:27:19.558	Expert trend_dtrader AUDUSD,H1: loaded successfully
0	15:27:19.634	trend_dtrader AUDUSD,H1: 6
0	15:27:19.635	trend_dtrader AUDUSD,H1: initialized
0	15:27:35.849	trend_dtrader AUDUSD,H1: Alert: Failed XAUUSD
0	15:27:41.314	trend_dtrader AUDUSD,H1: Alert: Failed XAUUSD
0	15:27:46.866	trend_dtrader AUDUSD,H1: Alert: Failed XAUUSD
0	15:27:47.564	trend_dtrader AUDUSD,H1: uninit reason 2
0	15:27:47.564	trend_dtrader AUDUSD,H1: Alert: 2
0	15:27:47.638	Expert trend_dtrader AUDUSD,H1: removed
0	15:27:47.692	Expert trend_dtrader AUDUSD,H1: loaded successfully
0	15:27:47.756	trend_dtrader AUDUSD,H1: 6
0	15:27:47.756	trend_dtrader AUDUSD,H1: initialized
0	15:27:59.880	trend_dtrader AUDUSD,H1: Alert: Failed XAUUSD
0	15:28:05.825	trend_dtrader AUDUSD,H1: Alert: Failed XAUUSD
0	15:28:17.745	trend_dtrader AUDUSD,H1: Alert: Failed XAUUSD
0	15:28:21.965	trend_dtrader AUDUSD,H1: Alert: Failed XAUUSD
0	15:28:30.701	trend_dtrader AUDUSD,H1: Alert: Failed XAUUSD
0	15:28:37.826	trend_dtrader AUDUSD,H1: Alert: Failed XAUUSD
0	15:28:47.757	trend_dtrader AUDUSD,H1: 14 : 28
0	15:28:50.121	trend_dtrader AUDUSD,H1: Alert: Failed XAUUSD
0	15:28:57.503	trend_dtrader AUDUSD,H1: Alert: Failed XAUUSD
0	15:29:00.797	trend_dtrader AUDUSD,H1: Alert: Failed XAUUSD
0	15:29:03.915	trend_dtrader AUDUSD,H1: Alert: Failed XAUUSD
0	15:29:08.666	trend_dtrader AUDUSD,H1: Alert: Failed XAUUSD
0	15:29:17.690	trend_dtrader AUDUSD,H1: Alert: Failed XAUUSD
0	15:29:20.316	trend_dtrader AUDUSD,H1: Alert: Failed XAUUSD
0	15:29:23.338	trend_dtrader AUDUSD,H1: Alert: Failed XAUUSD
0	15:29:25.447	trend_dtrader AUDUSD,H1: Alert: Failed XAUUSD
0	15:29:30.919	trend_dtrader AUDUSD,H1: Alert: Failed XAUUSD
0	15:29:36.574	trend_dtrader AUDUSD,H1: Alert: Failed XAUUSD
0	15:29:45.880	trend_dtrader AUDUSD,H1: Alert: Failed XAUUSD
0	15:29:47.756	trend_dtrader AUDUSD,H1: 14 : 29
0	15:29:57.659	trend_dtrader AUDUSD,H1: Alert: Failed XAUUSD
0	15:30:02.671	trend_dtrader AUDUSD,H1: Alert: Failed XAUUSD
0	15:30:07.344	trend_dtrader AUDUSD,H1: Alert: Failed XAUUSD
0	15:30:11.052	trend_dtrader AUDUSD,H1: Alert: Failed XAUUSD
0	15:30:14.857	trend_dtrader AUDUSD,H1: Alert: Failed XAUUSD
0	15:30:17.863	trend_dtrader AUDUSD,H1: Alert: Failed XAUUSD
0	15:30:20.609	trend_dtrader AUDUSD,H1: Alert: Failed XAUUSD
0	15:30:26.025	trend_dtrader AUDUSD,H1: Alert: Failed XAUUSD
0	15:30:32.725	trend_dtrader AUDUSD,H1: Alert: Failed XAUUSD
0	15:30:35.980	trend_dtrader AUDUSD,H1: Alert: Failed XAUUSD
0	15:30:39.146	trend_dtrader AUDUSD,H1: Alert: Failed XAUUSD
0	15:30:41.756	trend_dtrader AUDUSD,H1: Alert: Failed XAUUSD
0	15:30:45.849	trend_dtrader AUDUSD,H1: Alert: Failed XAUUSD
0	15:30:47.756	trend_dtrader AUDUSD,H1: 14 : 30
0	15:30:50.723	trend_dtrader AUDUSD,H1: Alert: Failed XAUUSD
0	15:30:53.008	trend_dtrader AUDUSD,H1: Alert: Failed XAUUSD
0	15:30:56.228	trend_dtrader AUDUSD,H1: Alert: Failed XAUUSD
0	15:31:00.090	trend_dtrader AUDUSD,H1: Alert: Failed XAUUSD
0	15:31:05.160	trend_dtrader AUDUSD,H1: Alert: Failed XAUUSD
0	15:31:07.938	trend_dtrader AUDUSD,H1: Alert: Failed XAUUSD
0	15:31:11.469	trend_dtrader AUDUSD,H1: Alert: Failed XAUUSD
0	15:31:16.030	trend_dtrader AUDUSD,H1: Alert: Failed XAUUSD
0	15:31:19.363	trend_dtrader AUDUSD,H1: Alert: Failed XAUUSD
0	15:31:22.487	trend_dtrader AUDUSD,H1: Alert: Failed XAUUSD
0	15:31:25.748	trend_dtrader AUDUSD,H1: Alert: Failed XAUUSD
0	15:31:28.842	trend_dtrader AUDUSD,H1: Alert: Failed XAUUSD
0	15:31:38.889	trend_dtrader AUDUSD,H1: Alert: Failed XAUUSD
0	15:31:43.860	trend_dtrader AUDUSD,H1: Alert: Failed XAUUSD
0	15:31:47.755	trend_dtrader AUDUSD,H1: 14 : 31
0	15:31:49.149	trend_dtrader AUDUSD,H1: Alert: Failed XAUUSD
0	15:31:54.077	trend_dtrader AUDUSD,H1: Alert: Failed XAUUSD
0	15:31:58.955	trend_dtrader AUDUSD,H1: Alert: Failed XAUUSD
0	15:32:05.167	trend_dtrader AUDUSD,H1: Alert: Failed XAUUSD
0	15:32:10.269	trend_dtrader AUDUSD,H1: Alert: Failed XAUUSD
0	15:32:15.389	trend_dtrader AUDUSD,H1: Alert: Failed XAUUSD
0	15:32:17.537	trend_dtrader AUDUSD,H1: Alert: Failed XAUUSD
0	15:32:19.851	trend_dtrader AUDUSD,H1: Alert: Failed XAUUSD
0	15:32:23.529	trend_dtrader AUDUSD,H1: Alert: Failed XAUUSD
0	15:32:28.408	trend_dtrader AUDUSD,H1: Alert: Failed XAUUSD
0	15:32:31.391	trend_dtrader AUDUSD,H1: Alert: Failed XAUUSD
0	15:32:35.645	trend_dtrader AUDUSD,H1: Alert: Failed XAUUSD
0	15:32:43.031	trend_dtrader AUDUSD,H1: Alert: Failed XAUUSD
0	15:32:46.101	trend_dtrader AUDUSD,H1: Alert: Failed XAUUSD
0	15:32:47.755	trend_dtrader AUDUSD,H1: 14 : 32
0	15:32:48.330	trend_dtrader AUDUSD,H1: Alert: Failed XAUUSD
0	15:32:57.179	trend_dtrader AUDUSD,H1: Alert: Failed XAUUSD
0	15:33:04.603	trend_dtrader AUDUSD,H1: Alert: Failed XAUUSD
0	15:33:06.459	trend_dtrader AUDUSD,H1: Alert: Failed XAUUSD
0	15:33:16.609	trend_dtrader AUDUSD,H1: Alert: Failed XAUUSD
0	15:33:19.162	trend_dtrader AUDUSD,H1: Alert: Failed XAUUSD
0	15:33:23.376	trend_dtrader AUDUSD,H1: Alert: Failed XAUUSD
0	15:33:25.135	trend_dtrader AUDUSD,H1: Alert: Failed XAUUSD
0	15:33:34.128	trend_dtrader AUDUSD,H1: Alert: Failed XAUUSD
0	15:33:37.136	trend_dtrader AUDUSD,H1: Alert: Failed XAUUSD
0	15:33:41.765	trend_dtrader AUDUSD,H1: Alert: Failed XAUUSD
0	15:33:47.887	trend_dtrader AUDUSD,H1: Alert: Failed XAUUSD
0	15:33:47.888	trend_dtrader AUDUSD,H1: 14 : 33
0	15:33:50.803	trend_dtrader AUDUSD,H1: Alert: Failed XAUUSD
0	15:33:57.029	trend_dtrader AUDUSD,H1: Alert: Failed XAUUSD
0	15:34:01.721	trend_dtrader AUDUSD,H1: Alert: Failed XAUUSD
0	15:34:03.604	trend_dtrader AUDUSD,H1: Alert: Failed XAUUSD
0	15:34:07.983	trend_dtrader AUDUSD,H1: Alert: Failed XAUUSD
0	15:34:11.640	trend_dtrader AUDUSD,H1: Alert: Failed XAUUSD
0	15:34:14.461	trend_dtrader AUDUSD,H1: Alert: Failed XAUUSD
0	15:34:17.712	trend_dtrader AUDUSD,H1: Alert: Failed XAUUSD
0	15:34:22.325	trend_dtrader AUDUSD,H1: Alert: Failed XAUUSD
0	15:34:26.371	trend_dtrader AUDUSD,H1: Alert: Failed XAUUSD
0	15:34:30.050	trend_dtrader AUDUSD,H1: Alert: Failed XAUUSD
0	15:34:32.161	trend_dtrader AUDUSD,H1: Alert: Failed XAUUSD
0	15:34:37.208	trend_dtrader AUDUSD,H1: Alert: Failed XAUUSD
0	15:34:39.560	trend_dtrader AUDUSD,H1: Alert: Failed XAUUSD
0	15:34:46.483	trend_dtrader AUDUSD,H1: Alert: Failed XAUUSD
0	15:34:47.754	trend_dtrader AUDUSD,H1: 14 : 34
0	15:34:50.217	trend_dtrader AUDUSD,H1: Alert: Failed XAUUSD
0	15:34:54.743	trend_dtrader AUDUSD,H1: Alert: Failed XAUUSD
0	15:34:58.717	trend_dtrader AUDUSD,H1: Alert: Failed XAUUSD
0	15:35:03.032	trend_dtrader AUDUSD,H1: Alert: Failed XAUUSD
0	15:35:05.148	trend_dtrader AUDUSD,H1: Alert: Failed XAUUSD
0	15:35:09.741	trend_dtrader AUDUSD,H1: Alert: Failed XAUUSD
0	15:35:15.149	trend_dtrader AUDUSD,H1: Alert: Failed XAUUSD
0	15:35:22.592	trend_dtrader AUDUSD,H1: Alert: Failed XAUUSD
0	15:35:24.427	trend_dtrader AUDUSD,H1: Alert: Failed XAUUSD
0	15:35:29.029	trend_dtrader AUDUSD,H1: Alert: Failed XAUUSD
0	15:35:33.413	trend_dtrader AUDUSD,H1: Alert: Failed XAUUSD
0	15:35:38.867	trend_dtrader AUDUSD,H1: Alert: Failed XAUUSD
0	15:35:44.780	trend_dtrader AUDUSD,H1: Alert: Failed XAUUSD
0	15:35:47.754	trend_dtrader AUDUSD,H1: 14 : 35
0	15:35:53.318	trend_dtrader AUDUSD,H1: Alert: Failed XAUUSD
0	15:35:59.463	trend_dtrader AUDUSD,H1: Alert: Failed XAUUSD
0	15:36:03.337	trend_dtrader AUDUSD,H1: Alert: Failed XAUUSD
0	15:36:09.548	trend_dtrader AUDUSD,H1: Alert: Failed XAUUSD
0	15:36:20.137	trend_dtrader AUDUSD,H1: Alert: Failed XAUUSD
0	15:36:24.288	trend_dtrader AUDUSD,H1: Alert: Failed XAUUSD
0	15:36:28.668	trend_dtrader AUDUSD,H1: Alert: Failed XAUUSD
0	15:36:32.353	trend_dtrader AUDUSD,H1: Alert: Failed XAUUSD
0	15:36:40.089	trend_dtrader AUDUSD,H1: Alert: Failed XAUUSD
0	15:36:43.078	trend_dtrader AUDUSD,H1: Alert: Failed XAUUSD
0	15:36:47.754	trend_dtrader AUDUSD,H1: 14 : 36
0	15:36:49.260	trend_dtrader AUDUSD,H1: Alert: Failed XAUUSD
0	15:36:57.012	trend_dtrader AUDUSD,H1: Alert: Failed XAUUSD
0	15:37:08.043	trend_dtrader AUDUSD,H1: Alert: Failed XAUUSD
0	15:37:12.309	trend_dtrader AUDUSD,H1: Alert: Failed XAUUSD
0	15:37:17.251	trend_dtrader AUDUSD,H1: Alert: Failed XAUUSD
0	15:37:23.675	trend_dtrader AUDUSD,H1: Alert: Failed XAUUSD
0	15:37:26.620	trend_dtrader AUDUSD,H1: Alert: Failed XAUUSD
0	15:37:31.285	trend_dtrader AUDUSD,H1: Alert: Failed XAUUSD
0	15:37:33.399	trend_dtrader AUDUSD,H1: Alert: Failed XAUUSD
0	15:37:37.444	trend_dtrader AUDUSD,H1: Alert: Failed XAUUSD
0	15:37:43.631	trend_dtrader AUDUSD,H1: Alert: Failed XAUUSD
0	15:37:47.753	trend_dtrader AUDUSD,H1: 14 : 37
0	15:37:58.803	trend_dtrader AUDUSD,H1: Alert: Failed XAUUSD
0	15:38:04.120	trend_dtrader AUDUSD,H1: Alert: Failed XAUUSD
0	15:38:11.105	trend_dtrader AUDUSD,H1: Alert: Failed XAUUSD
0	15:38:22.084	trend_dtrader AUDUSD,H1: Alert: Failed XAUUSD
0	15:38:29.637	trend_dtrader AUDUSD,H1: Alert: Failed XAUUSD
0	15:38:38.295	trend_dtrader AUDUSD,H1: Alert: Failed XAUUSD
0	15:38:47.753	trend_dtrader AUDUSD,H1: 14 : 38
0	15:38:48.299	trend_dtrader AUDUSD,H1: Alert: Failed XAUUSD
0	15:38:51.273	trend_dtrader AUDUSD,H1: Alert: Failed XAUUSD
0	15:38:59.382	trend_dtrader AUDUSD,H1: Alert: Failed XAUUSD
0	15:39:07.021	trend_dtrader AUDUSD,H1: Alert: Failed XAUUSD
0	15:39:12.874	trend_dtrader AUDUSD,H1: Alert: Failed XAUUSD
0	15:39:20.040	trend_dtrader AUDUSD,H1: Alert: Failed XAUUSD
0	15:39:27.717	trend_dtrader AUDUSD,H1: Alert: Failed XAUUSD
0	15:39:33.933	trend_dtrader AUDUSD,H1: Alert: Failed XAUUSD
0	15:39:40.752	trend_dtrader AUDUSD,H1: Alert: Failed XAUUSD
0	15:39:47.753	trend_dtrader AUDUSD,H1: 14 : 39
0	15:39:48.428	trend_dtrader AUDUSD,H1: Alert: Failed XAUUSD
0	15:39:53.517	trend_dtrader AUDUSD,H1: Alert: Failed XAUUSD
0	15:40:00.428	trend_dtrader AUDUSD,H1: Alert: Failed XAUUSD
0	15:40:01.956	trend_dtrader AUDUSD,H1: Alert: Failed XAUUSD
0	15:40:05.515	trend_dtrader AUDUSD,H1: Alert: Failed XAUUSD
0	15:40:09.535	trend_dtrader AUDUSD,H1: Alert: Failed XAUUSD
0	15:40:22.930	trend_dtrader AUDUSD,H1: Alert: Failed XAUUSD
0	15:40:33.451	trend_dtrader AUDUSD,H1: Alert: Failed XAUUSD
0	15:40:36.132	trend_dtrader AUDUSD,H1: Alert: Failed XAUUSD
0	15:40:40.862	trend_dtrader AUDUSD,H1: Alert: Failed XAUUSD
0	15:40:44.968	trend_dtrader AUDUSD,H1: Alert: Failed XAUUSD
0	15:40:46.772	trend_dtrader AUDUSD,H1: Alert: Failed XAUUSD
0	15:40:47.751	trend_dtrader AUDUSD,H1: 14 : 40
0	15:40:51.397	trend_dtrader AUDUSD,H1: Alert: Failed XAUUSD
0	15:40:56.235	trend_dtrader AUDUSD,H1: Alert: Failed XAUUSD
0	15:40:58.655	trend_dtrader AUDUSD,H1: Alert: Failed XAUUSD
0	15:41:01.904	trend_dtrader AUDUSD,H1: Alert: Failed XAUUSD
0	15:41:08.970	trend_dtrader AUDUSD,H1: Alert: Failed XAUUSD
0	15:41:23.590	trend_dtrader AUDUSD,H1: Alert: Failed XAUUSD
0	15:41:37.925	trend_dtrader AUDUSD,H1: Alert: Failed XAUUSD
0	15:41:43.599	trend_dtrader AUDUSD,H1: Alert: Failed XAUUSD
0	15:41:47.752	trend_dtrader AUDUSD,H1: 14 : 41
0	15:41:50.575	trend_dtrader AUDUSD,H1: Alert: Failed XAUUSD
0	15:42:01.993	trend_dtrader AUDUSD,H1: Alert: Failed XAUUSD
0	15:42:07.077	trend_dtrader AUDUSD,H1: Alert: Failed XAUUSD
0	15:42:11.155	trend_dtrader AUDUSD,H1: Alert: Failed XAUUSD
0	15:42:18.292	trend_dtrader AUDUSD,H1: Alert: Failed XAUUSD
0	15:42:23.601	trend_dtrader AUDUSD,H1: Alert: Failed XAUUSD
0	15:42:32.573	trend_dtrader AUDUSD,H1: Alert: Failed XAUUSD
0	15:42:40.972	trend_dtrader AUDUSD,H1: Alert: Failed XAUUSD
0	15:42:46.044	trend_dtrader AUDUSD,H1: Alert: Failed XAUUSD
0	15:42:47.751	trend_dtrader AUDUSD,H1: 14 : 42
0	15:42:51.716	trend_dtrader AUDUSD,H1: Alert: Failed XAUUSD
0	15:42:57.363	trend_dtrader AUDUSD,H1: Alert: Failed XAUUSD
0	15:43:03.491	trend_dtrader AUDUSD,H1: Alert: Failed XAUUSD
0	15:43:06.721	trend_dtrader AUDUSD,H1: Alert: Failed XAUUSD
0	15:43:12.300	trend_dtrader AUDUSD,H1: Alert: Failed XAUUSD
0	15:43:17.001	trend_dtrader AUDUSD,H1: Alert: Failed XAUUSD
0	15:43:25.970	trend_dtrader AUDUSD,H1: Alert: Failed XAUUSD
0	15:43:36.283	trend_dtrader AUDUSD,H1: Alert: Failed XAUUSD
0	15:43:43.164	trend_dtrader AUDUSD,H1: Alert: Failed XAUUSD
0	15:43:47.807	trend_dtrader AUDUSD,H1: 14 : 43
0	15:43:50.297	trend_dtrader AUDUSD,H1: Alert: Failed XAUUSD
0	15:43:52.330	trend_dtrader AUDUSD,H1: Alert: Failed XAUUSD
0	15:43:55.520	trend_dtrader AUDUSD,H1: Alert: Failed XAUUSD
0	15:44:00.557	trend_dtrader AUDUSD,H1: Alert: Failed XAUUSD
0	15:44:08.235	trend_dtrader AUDUSD,H1: Alert: Failed XAUUSD
0	15:44:15.287	trend_dtrader AUDUSD,H1: Alert: Failed XAUUSD
0	15:44:24.511	trend_dtrader AUDUSD,H1: Alert: Failed XAUUSD
0	15:44:36.460	trend_dtrader AUDUSD,H1: Alert: Failed XAUUSD
0	15:44:42.102	trend_dtrader AUDUSD,H1: Alert: Failed XAUUSD
0	15:44:47.750	trend_dtrader AUDUSD,H1: 14 : 44
0	15:44:56.425	trend_dtrader AUDUSD,H1: Alert: Failed XAUUSD
0	15:45:11.766	trend_dtrader AUDUSD,H1: Alert: Failed XAUUSD
0	15:45:24.244	trend_dtrader AUDUSD,H1: Alert: Failed XAUUSD
0	15:45:28.077	trend_dtrader AUDUSD,H1: Alert: Failed XAUUSD
0	15:45:30.730	trend_dtrader AUDUSD,H1: Alert: Failed XAUUSD
0	15:45:37.900	trend_dtrader AUDUSD,H1: Alert: Failed XAUUSD
0	15:45:47.750	trend_dtrader AUDUSD,H1: 14 : 45
0	15:45:48.823	trend_dtrader AUDUSD,H1: Alert: Failed XAUUSD
0	15:45:52.947	trend_dtrader AUDUSD,H1: Alert: Failed XAUUSD
0	15:45:57.250	trend_dtrader AUDUSD,H1: Alert: Failed XAUUSD
0	15:46:02.045	trend_dtrader AUDUSD,H1: Alert: Failed XAUUSD
0	15:46:11.117	trend_dtrader AUDUSD,H1: Alert: Failed XAUUSD
0	15:46:18.223	trend_dtrader AUDUSD,H1: Alert: Failed XAUUSD
0	15:46:24.249	trend_dtrader AUDUSD,H1: Alert: Failed XAUUSD
0	15:46:31.776	trend_dtrader AUDUSD,H1: Alert: Failed XAUUSD
0	15:46:36.774	trend_dtrader AUDUSD,H1: Alert: Failed XAUUSD
0	15:46:41.493	trend_dtrader AUDUSD,H1: Alert: Failed XAUUSD
0	15:46:47.750	trend_dtrader AUDUSD,H1: 14 : 46
0	15:46:55.331	trend_dtrader AUDUSD,H1: Alert: Failed XAUUSD
0	15:47:04.162	trend_dtrader AUDUSD,H1: Alert: Failed XAUUSD
0	15:47:10.093	trend_dtrader AUDUSD,H1: Alert: Failed XAUUSD
0	15:47:15.055	trend_dtrader AUDUSD,H1: Alert: Failed XAUUSD
0	15:47:21.556	trend_dtrader AUDUSD,H1: Alert: Failed XAUUSD
0	15:47:30.739	trend_dtrader AUDUSD,H1: Alert: Failed XAUUSD
0	15:47:36.234	trend_dtrader AUDUSD,H1: Alert: Failed XAUUSD
0	15:47:42.983	trend_dtrader AUDUSD,H1: Alert: Failed XAUUSD
0	15:47:47.750	trend_dtrader AUDUSD,H1: 14 : 47
0	15:47:53.709	trend_dtrader AUDUSD,H1: Alert: Failed XAUUSD
0	15:48:01.975	trend_dtrader AUDUSD,H1: Alert: Failed XAUUSD
0	15:48:05.260	trend_dtrader AUDUSD,H1: Alert: Failed XAUUSD
0	15:48:09.589	trend_dtrader AUDUSD,H1: Alert: Failed XAUUSD
0	15:48:13.903	trend_dtrader AUDUSD,H1: Alert: Failed XAUUSD
0	15:48:21.186	trend_dtrader AUDUSD,H1: Alert: Failed XAUUSD
0	15:48:24.068	trend_dtrader AUDUSD,H1: Alert: Failed XAUUSD
0	15:48:33.195	trend_dtrader AUDUSD,H1: Alert: Failed XAUUSD
0	15:48:38.891	trend_dtrader AUDUSD,H1: Alert: Failed XAUUSD
0	15:48:43.814	trend_dtrader AUDUSD,H1: Alert: Failed XAUUSD
0	15:48:47.749	trend_dtrader AUDUSD,H1: 14 : 48
0	15:48:56.282	trend_dtrader AUDUSD,H1: Alert: Failed XAUUSD
0	15:49:01.062	trend_dtrader AUDUSD,H1: Alert: Failed XAUUSD
0	15:49:05.073	trend_dtrader AUDUSD,H1: Alert: Failed XAUUSD
0	15:49:09.821	trend_dtrader AUDUSD,H1: Alert: Failed XAUUSD
0	15:49:13.807	trend_dtrader AUDUSD,H1: Alert: Failed XAUUSD
0	15:49:18.963	trend_dtrader AUDUSD,H1: Alert: Failed XAUUSD
0	15:49:20.875	trend_dtrader AUDUSD,H1: Alert: Failed XAUUSD
0	15:49:24.450	trend_dtrader AUDUSD,H1: Alert: Failed XAUUSD
0	15:49:31.603	trend_dtrader AUDUSD,H1: Alert: Failed XAUUSD
0	15:49:36.212	trend_dtrader AUDUSD,H1: Alert: Failed XAUUSD
0	15:49:43.109	trend_dtrader AUDUSD,H1: Alert: Failed XAUUSD
0	15:49:47.749	trend_dtrader AUDUSD,H1: 14 : 49
0	15:49:50.493	trend_dtrader AUDUSD,H1: Alert: Failed XAUUSD
0	15:49:59.378	trend_dtrader AUDUSD,H1: Alert: Failed XAUUSD
0	15:50:04.326	trend_dtrader AUDUSD,H1: Alert: Failed XAUUSD
0	15:50:08.603	trend_dtrader AUDUSD,H1: Alert: Failed XAUUSD
0	15:50:15.976	trend_dtrader AUDUSD,H1: Alert: Failed XAUUSD
0	15:50:28.223	trend_dtrader AUDUSD,H1: Alert: Failed XAUUSD
0	15:50:37.175	trend_dtrader AUDUSD,H1: Alert: Failed XAUUSD
0	15:50:41.634	trend_dtrader AUDUSD,H1: Alert: Failed XAUUSD
0	15:50:44.435	trend_dtrader AUDUSD,H1: Alert: Failed XAUUSD
0	15:50:47.748	trend_dtrader AUDUSD,H1: 14 : 50
0	15:50:51.247	trend_dtrader AUDUSD,H1: Alert: Failed XAUUSD
0	15:50:55.916	trend_dtrader AUDUSD,H1: Alert: Failed XAUUSD
0	15:51:01.030	trend_dtrader AUDUSD,H1: Alert: Failed XAUUSD
0	15:51:08.823	trend_dtrader AUDUSD,H1: Alert: Failed XAUUSD
0	15:51:13.750	trend_dtrader AUDUSD,H1: Alert: Failed XAUUSD
0	15:51:17.357	trend_dtrader AUDUSD,H1: Alert: Failed XAUUSD
0	15:51:30.840	trend_dtrader AUDUSD,H1: Alert: Failed XAUUSD
0	15:51:36.556	trend_dtrader AUDUSD,H1: Alert: Failed XAUUSD
0	15:51:40.606	trend_dtrader AUDUSD,H1: Alert: Failed XAUUSD
0	15:51:44.293	trend_dtrader AUDUSD,H1: Alert: Failed XAUUSD
0	15:51:47.782	trend_dtrader AUDUSD,H1: 14 : 51
0	15:51:49.607	trend_dtrader AUDUSD,H1: Alert: Failed XAUUSD
0	15:51:52.006	trend_dtrader AUDUSD,H1: Alert: Failed XAUUSD
0	15:51:57.682	trend_dtrader AUDUSD,H1: Alert: Failed XAUUSD
0	15:52:04.029	trend_dtrader AUDUSD,H1: Alert: Failed XAUUSD
0	15:52:15.813	trend_dtrader AUDUSD,H1: Alert: Failed XAUUSD
0	15:52:22.504	trend_dtrader AUDUSD,H1: Alert: Failed XAUUSD
0	15:52:25.450	trend_dtrader AUDUSD,H1: Alert: Failed XAUUSD
0	15:52:30.745	trend_dtrader AUDUSD,H1: Alert: Failed XAUUSD
0	15:52:36.680	trend_dtrader AUDUSD,H1: Alert: Failed XAUUSD
0	15:52:39.145	trend_dtrader AUDUSD,H1: Alert: Failed XAUUSD
0	15:52:43.985	trend_dtrader AUDUSD,H1: Alert: Failed XAUUSD
0	15:52:46.542	trend_dtrader AUDUSD,H1: Alert: Failed XAUUSD
0	15:52:47.747	trend_dtrader AUDUSD,H1: 14 : 52
0	15:52:50.489	trend_dtrader AUDUSD,H1: Alert: Failed XAUUSD
0	15:52:54.236	trend_dtrader AUDUSD,H1: Alert: Failed XAUUSD
0	15:52:58.705	trend_dtrader AUDUSD,H1: Alert: Failed XAUUSD
0	15:53:05.505	trend_dtrader AUDUSD,H1: Alert: Failed XAUUSD
0	15:53:07.835	trend_dtrader AUDUSD,H1: Alert: Failed XAUUSD
0	15:53:10.423	trend_dtrader AUDUSD,H1: Alert: Failed XAUUSD
0	15:53:13.223	trend_dtrader AUDUSD,H1: Alert: Failed XAUUSD
0	15:53:22.316	trend_dtrader AUDUSD,H1: Alert: Failed XAUUSD
0	15:53:28.192	trend_dtrader AUDUSD,H1: Alert: Failed XAUUSD
0	15:53:32.958	trend_dtrader AUDUSD,H1: Alert: Failed XAUUSD
0	15:53:44.015	trend_dtrader AUDUSD,H1: Alert: Failed XAUUSD
0	15:53:47.403	trend_dtrader AUDUSD,H1: Alert: Failed XAUUSD
0	15:53:47.761	trend_dtrader AUDUSD,H1: 14 : 53
0	15:53:54.927	trend_dtrader AUDUSD,H1: Alert: Failed XAUUSD
0	15:54:00.272	trend_dtrader AUDUSD,H1: Alert: Failed XAUUSD
0	15:54:09.596	trend_dtrader AUDUSD,H1: Alert: Failed XAUUSD
0	15:54:22.699	trend_dtrader AUDUSD,H1: Alert: Failed XAUUSD
0	15:54:37.986	trend_dtrader AUDUSD,H1: Alert: Failed XAUUSD
0	15:54:45.953	trend_dtrader AUDUSD,H1: Alert: Failed XAUUSD
0	15:54:47.747	trend_dtrader AUDUSD,H1: 14 : 54
0	15:54:56.457	trend_dtrader AUDUSD,H1: Alert: Failed XAUUSD
0	15:55:02.247	trend_dtrader AUDUSD,H1: Alert: Failed XAUUSD
0	15:55:08.476	trend_dtrader AUDUSD,H1: Alert: Failed XAUUSD
0	15:55:15.189	trend_dtrader AUDUSD,H1: Alert: Failed XAUUSD
0	15:55:22.799	trend_dtrader AUDUSD,H1: Alert: Failed XAUUSD
0	15:55:25.773	trend_dtrader AUDUSD,H1: Alert: Failed XAUUSD
0	15:55:28.757	trend_dtrader AUDUSD,H1: Alert: Failed XAUUSD
0	15:55:31.334	trend_dtrader AUDUSD,H1: Alert: Failed XAUUSD
0	15:55:38.809	trend_dtrader AUDUSD,H1: Alert: Failed XAUUSD
0	15:55:42.728	trend_dtrader AUDUSD,H1: Alert: Failed XAUUSD
0	15:55:46.844	trend_dtrader AUDUSD,H1: Alert: Failed XAUUSD
0	15:55:47.746	trend_dtrader AUDUSD,H1: 14 : 55
0	15:55:51.244	trend_dtrader AUDUSD,H1: Alert: Failed XAUUSD
0	15:55:54.482	trend_dtrader AUDUSD,H1: Alert: Failed XAUUSD
0	15:56:01.152	trend_dtrader AUDUSD,H1: Alert: Failed XAUUSD
0	15:56:04.867	trend_dtrader AUDUSD,H1: Alert: Failed XAUUSD
0	15:56:11.892	trend_dtrader AUDUSD,H1: Alert: Failed XAUUSD
0	15:56:19.076	trend_dtrader AUDUSD,H1: Alert: Failed XAUUSD
0	15:56:23.354	trend_dtrader AUDUSD,H1: Alert: Failed XAUUSD
0	15:56:26.137	trend_dtrader AUDUSD,H1: Alert: Failed XAUUSD
0	15:56:40.272	trend_dtrader AUDUSD,H1: Alert: Failed XAUUSD
0	15:56:46.605	trend_dtrader AUDUSD,H1: Alert: Failed XAUUSD
0	15:56:47.746	trend_dtrader AUDUSD,H1: 14 : 56
0	15:56:53.790	trend_dtrader AUDUSD,H1: Alert: Failed XAUUSD
0	15:57:00.138	trend_dtrader AUDUSD,H1: Alert: Failed XAUUSD
0	15:57:05.268	trend_dtrader AUDUSD,H1: Alert: Failed XAUUSD
0	15:57:12.118	trend_dtrader AUDUSD,H1: Alert: Failed XAUUSD
0	15:57:27.722	trend_dtrader AUDUSD,H1: Alert: Failed XAUUSD
0	15:57:32.854	trend_dtrader AUDUSD,H1: Alert: Failed XAUUSD
0	15:57:36.360	trend_dtrader AUDUSD,H1: Alert: Failed XAUUSD
0	15:57:41.546	trend_dtrader AUDUSD,H1: Alert: Failed XAUUSD
0	15:57:45.594	trend_dtrader AUDUSD,H1: Alert: Failed XAUUSD
0	15:57:47.745	trend_dtrader AUDUSD,H1: 14 : 57
0	15:57:51.659	trend_dtrader AUDUSD,H1: Alert: Failed XAUUSD
0	15:57:55.052	trend_dtrader AUDUSD,H1: Alert: Failed XAUUSD
0	15:57:58.872	trend_dtrader AUDUSD,H1: Alert: Failed XAUUSD
0	15:58:01.288	trend_dtrader AUDUSD,H1: Alert: Failed XAUUSD
0	15:58:06.444	trend_dtrader AUDUSD,H1: Alert: Failed XAUUSD
0	15:58:11.433	trend_dtrader AUDUSD,H1: Alert: Failed XAUUSD
0	15:58:13.911	trend_dtrader AUDUSD,H1: Alert: Failed XAUUSD
0	15:58:18.806	trend_dtrader AUDUSD,H1: Alert: Failed XAUUSD
0	15:58:23.777	trend_dtrader AUDUSD,H1: Alert: Failed XAUUSD
0	15:58:28.770	trend_dtrader AUDUSD,H1: Alert: Failed XAUUSD
0	15:58:31.184	trend_dtrader AUDUSD,H1: Alert: Failed XAUUSD
0	15:58:37.188	trend_dtrader AUDUSD,H1: Alert: Failed XAUUSD
0	15:58:40.809	trend_dtrader AUDUSD,H1: Alert: Failed XAUUSD
0	15:58:43.113	trend_dtrader AUDUSD,H1: Alert: Failed XAUUSD
0	15:58:47.760	trend_dtrader AUDUSD,H1: 14 : 58
0	15:58:48.454	trend_dtrader AUDUSD,H1: Alert: Failed XAUUSD
0	15:58:53.090	trend_dtrader AUDUSD,H1: Alert: Failed XAUUSD
0	15:58:58.872	trend_dtrader AUDUSD,H1: Alert: Failed XAUUSD
0	15:59:07.305	trend_dtrader AUDUSD,H1: Alert: Failed XAUUSD
0	15:59:12.502	trend_dtrader AUDUSD,H1: Alert: Failed XAUUSD
0	15:59:17.529	trend_dtrader AUDUSD,H1: Alert: Failed XAUUSD
0	15:59:22.902	trend_dtrader AUDUSD,H1: Alert: Failed XAUUSD
0	15:59:28.219	trend_dtrader AUDUSD,H1: Alert: Failed XAUUSD
0	15:59:34.446	trend_dtrader AUDUSD,H1: Alert: Failed XAUUSD
0	15:59:40.460	trend_dtrader AUDUSD,H1: Alert: Failed XAUUSD
0	15:59:42.234	trend_dtrader AUDUSD,H1: Alert: Failed XAUUSD
0	15:59:48.404	trend_dtrader AUDUSD,H1: Alert: Failed XAUUSD
0	15:59:48.404	trend_dtrader AUDUSD,H1: 14 : 59
0	15:59:54.581	trend_dtrader AUDUSD,H1: Alert: Failed XAUUSD
0	15:59:56.506	trend_dtrader AUDUSD,H1: Alert: Failed XAUUSD
0	15:59:58.987	trend_dtrader AUDUSD,H1: Alert: Failed XAUUSD
0	16:00:01.355	trend_dtrader AUDUSD,H1: Alert: Failed XAUUSD
0	16:00:03.913	trend_dtrader AUDUSD,H1: Alert: Failed XAUUSD
0	16:00:07.565	trend_dtrader AUDUSD,H1: Alert: Failed XAUUSD
0	16:00:14.496	trend_dtrader AUDUSD,H1: Alert: Failed XAUUSD
0	16:00:18.751	trend_dtrader AUDUSD,H1: Alert: Failed XAUUSD
0	16:00:22.327	trend_dtrader AUDUSD,H1: Alert: Failed XAUUSD
0	16:00:27.825	trend_dtrader AUDUSD,H1: Alert: Failed XAUUSD
0	16:00:32.249	trend_dtrader AUDUSD,H1: Alert: Failed XAUUSD
0	16:00:37.548	trend_dtrader AUDUSD,H1: Alert: Failed XAUUSD
0	16:00:40.107	trend_dtrader AUDUSD,H1: Alert: Failed XAUUSD
0	16:00:47.973	trend_dtrader AUDUSD,H1: Alert: Failed XAUUSD
0	16:00:47.974	trend_dtrader AUDUSD,H1: 15 : 0
0	16:00:53.423	trend_dtrader AUDUSD,H1: Alert: Failed XAUUSD
0	16:00:56.130	trend_dtrader AUDUSD,H1: Alert: Failed XAUUSD
0	16:01:02.219	trend_dtrader AUDUSD,H1: Alert: Failed XAUUSD
0	16:01:06.882	trend_dtrader AUDUSD,H1: Alert: Failed XAUUSD
0	16:01:10.564	trend_dtrader AUDUSD,H1: Alert: Failed XAUUSD
0	16:01:17.288	trend_dtrader AUDUSD,H1: Alert: Failed XAUUSD
0	16:01:21.794	trend_dtrader AUDUSD,H1: Alert: Failed XAUUSD
0	16:01:24.983	trend_dtrader AUDUSD,H1: Alert: Failed XAUUSD
0	16:01:27.687	trend_dtrader AUDUSD,H1: Alert: Failed XAUUSD
0	16:01:32.045	trend_dtrader AUDUSD,H1: Alert: Failed XAUUSD
0	16:01:35.138	trend_dtrader AUDUSD,H1: Alert: Failed XAUUSD
0	16:01:43.330	trend_dtrader AUDUSD,H1: Alert: Failed XAUUSD
0	16:01:45.578	trend_dtrader AUDUSD,H1: Alert: Failed XAUUSD
0	16:01:47.743	trend_dtrader AUDUSD,H1: 15 : 1
0	16:01:48.649	trend_dtrader AUDUSD,H1: Alert: Failed XAUUSD
0	16:01:53.136	trend_dtrader AUDUSD,H1: Alert: Failed XAUUSD
0	16:02:02.049	trend_dtrader AUDUSD,H1: Alert: Failed XAUUSD
0	16:02:04.849	trend_dtrader AUDUSD,H1: Alert: Failed XAUUSD
0	16:02:06.936	trend_dtrader AUDUSD,H1: Alert: Failed XAUUSD
0	16:02:13.273	trend_dtrader AUDUSD,H1: Alert: Failed XAUUSD
0	16:02:16.878	trend_dtrader AUDUSD,H1: Alert: Failed XAUUSD
0	16:02:22.557	trend_dtrader AUDUSD,H1: Alert: Failed XAUUSD
0	16:02:29.501	trend_dtrader AUDUSD,H1: Alert: Failed XAUUSD
0	16:02:33.468	trend_dtrader AUDUSD,H1: Alert: Failed XAUUSD
0	16:02:40.614	trend_dtrader AUDUSD,H1: Alert: Failed XAUUSD
0	16:02:43.546	trend_dtrader AUDUSD,H1: Alert: Failed XAUUSD
0	16:02:47.743	trend_dtrader AUDUSD,H1: 15 : 2
0	16:02:51.726	trend_dtrader AUDUSD,H1: Alert: Failed XAUUSD
0	16:02:56.516	trend_dtrader AUDUSD,H1: Alert: Failed XAUUSD
0	16:03:03.693	trend_dtrader AUDUSD,H1: Alert: Failed XAUUSD
0	16:03:17.112	trend_dtrader AUDUSD,H1: Alert: Failed XAUUSD
0	16:03:28.022	trend_dtrader AUDUSD,H1: Alert: Failed XAUUSD
0	16:03:30.069	trend_dtrader AUDUSD,H1: Alert: Failed XAUUSD
0	16:03:36.274	trend_dtrader AUDUSD,H1: Alert: Failed XAUUSD
0	16:03:39.838	trend_dtrader AUDUSD,H1: Alert: Failed XAUUSD
0	16:03:45.014	trend_dtrader AUDUSD,H1: Alert: Failed XAUUSD
0	16:03:47.743	trend_dtrader AUDUSD,H1: 15 : 3
0	16:03:49.039	trend_dtrader AUDUSD,H1: Alert: Failed XAUUSD
0	16:03:56.173	trend_dtrader AUDUSD,H1: Alert: Failed XAUUSD
0	16:04:00.737	trend_dtrader AUDUSD,H1: Alert: Failed XAUUSD
0	16:04:08.339	trend_dtrader AUDUSD,H1: Alert: Failed XAUUSD
0	16:04:10.954	trend_dtrader AUDUSD,H1: Alert: Failed XAUUSD
0	16:04:20.264	trend_dtrader AUDUSD,H1: Alert: Failed XAUUSD
0	16:04:25.718	trend_dtrader AUDUSD,H1: Alert: Failed XAUUSD
0	16:04:30.697	trend_dtrader AUDUSD,H1: Alert: Failed XAUUSD
0	16:04:38.192	trend_dtrader AUDUSD,H1: Alert: Failed XAUUSD
0	16:04:43.266	trend_dtrader AUDUSD,H1: Alert: Failed XAUUSD
0	16:04:46.413	trend_dtrader AUDUSD,H1: Alert: Failed XAUUSD
0	16:04:47.742	trend_dtrader AUDUSD,H1: 15 : 4
0	16:04:52.300	trend_dtrader AUDUSD,H1: Alert: Failed XAUUSD
0	16:04:56.838	trend_dtrader AUDUSD,H1: Alert: Failed XAUUSD
0	16:05:00.856	trend_dtrader AUDUSD,H1: Alert: Failed XAUUSD
0	16:05:08.107	trend_dtrader AUDUSD,H1: Alert: Failed XAUUSD
0	16:05:17.307	trend_dtrader AUDUSD,H1: Alert: Failed XAUUSD
0	16:05:22.537	trend_dtrader AUDUSD,H1: Alert: Failed XAUUSD
0	16:05:25.407	trend_dtrader AUDUSD,H1: Alert: Failed XAUUSD
0	16:05:32.891	trend_dtrader AUDUSD,H1: Alert: Failed XAUUSD
0	16:05:41.583	trend_dtrader AUDUSD,H1: Alert: Failed XAUUSD
0	16:05:47.742	trend_dtrader AUDUSD,H1: 15 : 5
0	16:05:52.254	trend_dtrader AUDUSD,H1: Alert: Failed XAUUSD
0	16:05:57.711	trend_dtrader AUDUSD,H1: Alert: Failed XAUUSD
0	16:06:06.377	trend_dtrader AUDUSD,H1: Alert: Failed XAUUSD
0	16:06:20.523	trend_dtrader AUDUSD,H1: Alert: Failed XAUUSD
0	16:06:32.260	trend_dtrader AUDUSD,H1: Alert: Failed XAUUSD
0	16:06:36.062	trend_dtrader AUDUSD,H1: Alert: Failed XAUUSD
0	16:06:47.741	trend_dtrader AUDUSD,H1: 15 : 6
0	16:06:52.521	trend_dtrader AUDUSD,H1: Alert: Failed XAUUSD
0	16:06:57.756	trend_dtrader AUDUSD,H1: Alert: Failed XAUUSD
0	16:07:02.750	trend_dtrader AUDUSD,H1: Alert: Failed XAUUSD
0	16:07:06.101	trend_dtrader AUDUSD,H1: Alert: Failed XAUUSD
0	16:07:11.726	trend_dtrader AUDUSD,H1: Alert: Failed XAUUSD
0	16:07:17.406	trend_dtrader AUDUSD,H1: Alert: Failed XAUUSD
0	16:07:24.711	trend_dtrader AUDUSD,H1: Alert: Failed XAUUSD
0	16:07:30.277	trend_dtrader AUDUSD,H1: Alert: Failed XAUUSD
0	16:07:35.267	trend_dtrader AUDUSD,H1: Alert: Failed XAUUSD
0	16:07:39.877	trend_dtrader AUDUSD,H1: Alert: Failed XAUUSD
0	16:07:42.702	trend_dtrader AUDUSD,H1: Alert: Failed XAUUSD
0	16:07:47.741	trend_dtrader AUDUSD,H1: 15 : 7
0	16:07:48.717	trend_dtrader AUDUSD,H1: Alert: Failed XAUUSD
0	16:07:52.812	trend_dtrader AUDUSD,H1: Alert: Failed XAUUSD
0	16:07:56.057	trend_dtrader AUDUSD,H1: Alert: Failed XAUUSD
0	16:07:59.139	trend_dtrader AUDUSD,H1: Alert: Failed XAUUSD
0	16:08:00.706	trend_dtrader AUDUSD,H1: Alert: Failed XAUUSD
0	16:08:11.623	trend_dtrader AUDUSD,H1: Alert: Failed XAUUSD
0	16:08:18.716	trend_dtrader AUDUSD,H1: Alert: Failed XAUUSD
0	16:08:21.349	trend_dtrader AUDUSD,H1: Alert: Failed XAUUSD
0	16:08:26.468	trend_dtrader AUDUSD,H1: Alert: Failed XAUUSD
0	16:08:32.041	trend_dtrader AUDUSD,H1: Alert: Failed XAUUSD
0	16:08:34.005	trend_dtrader AUDUSD,H1: Alert: Failed XAUUSD
0	16:08:40.142	trend_dtrader AUDUSD,H1: Alert: Failed XAUUSD
0	16:08:42.677	trend_dtrader AUDUSD,H1: Alert: Failed XAUUSD
0	16:08:46.475	trend_dtrader AUDUSD,H1: Alert: Failed XAUUSD
0	16:08:48.074	trend_dtrader AUDUSD,H1: 15 : 8
0	16:08:50.813	trend_dtrader AUDUSD,H1: Alert: Failed XAUUSD
0	16:08:56.843	trend_dtrader AUDUSD,H1: Alert: Failed XAUUSD
0	16:09:01.973	trend_dtrader AUDUSD,H1: Alert: Failed XAUUSD
0	16:09:06.396	trend_dtrader AUDUSD,H1: Alert: Failed XAUUSD
0	16:09:12.862	trend_dtrader AUDUSD,H1: Alert: Failed XAUUSD
0	16:09:18.526	trend_dtrader AUDUSD,H1: Alert: Failed XAUUSD
0	16:09:22.036	trend_dtrader AUDUSD,H1: Alert: Failed XAUUSD
0	16:09:30.702	trend_dtrader AUDUSD,H1: Alert: Failed XAUUSD
0	16:09:34.311	trend_dtrader AUDUSD,H1: Alert: Failed XAUUSD
0	16:09:38.449	trend_dtrader AUDUSD,H1: Alert: Failed XAUUSD
0	16:09:41.341	trend_dtrader AUDUSD,H1: Alert: Failed XAUUSD
0	16:09:43.188	trend_dtrader AUDUSD,H1: Alert: Failed XAUUSD
0	16:09:47.741	trend_dtrader AUDUSD,H1: 15 : 9
0	16:09:50.164	trend_dtrader AUDUSD,H1: Alert: Failed XAUUSD
0	16:09:52.558	trend_dtrader AUDUSD,H1: Alert: Failed XAUUSD
0	16:09:56.321	trend_dtrader AUDUSD,H1: Alert: Failed XAUUSD
0	16:09:58.939	trend_dtrader AUDUSD,H1: Alert: Failed XAUUSD
0	16:10:03.418	trend_dtrader AUDUSD,H1: Alert: Failed XAUUSD
0	16:10:08.166	trend_dtrader AUDUSD,H1: Alert: Failed XAUUSD
0	16:10:10.242	trend_dtrader AUDUSD,H1: Alert: Failed XAUUSD
0	16:10:16.585	trend_dtrader AUDUSD,H1: Alert: Failed XAUUSD
0	16:10:22.163	trend_dtrader AUDUSD,H1: Alert: Failed XAUUSD
0	16:10:26.367	trend_dtrader AUDUSD,H1: Alert: Failed XAUUSD
0	16:10:32.860	trend_dtrader AUDUSD,H1: Alert: Failed XAUUSD
0	16:10:39.977	trend_dtrader AUDUSD,H1: Alert: Failed XAUUSD
0	16:10:47.341	trend_dtrader AUDUSD,H1: Alert: Failed XAUUSD
0	16:10:47.740	trend_dtrader AUDUSD,H1: 15 : 10
0	16:10:50.590	trend_dtrader AUDUSD,H1: Alert: Failed XAUUSD
0	16:10:57.431	trend_dtrader AUDUSD,H1: Alert: Failed XAUUSD
0	16:11:05.390	trend_dtrader AUDUSD,H1: Alert: Failed XAUUSD
0	16:11:08.397	trend_dtrader AUDUSD,H1: Alert: Failed XAUUSD
0	16:11:12.143	trend_dtrader AUDUSD,H1: Alert: Failed XAUUSD
0	16:11:18.960	trend_dtrader AUDUSD,H1: Alert: Failed XAUUSD
0	16:11:22.717	trend_dtrader AUDUSD,H1: Alert: Failed XAUUSD
0	16:11:26.357	trend_dtrader AUDUSD,H1: Alert: Failed XAUUSD
0	16:11:34.776	trend_dtrader AUDUSD,H1: Alert: Failed XAUUSD
0	16:11:40.658	trend_dtrader AUDUSD,H1: Alert: Failed XAUUSD
0	16:11:46.646	trend_dtrader AUDUSD,H1: Alert: Failed XAUUSD
0	16:11:47.740	trend_dtrader AUDUSD,H1: 15 : 11
0	16:11:50.124	trend_dtrader AUDUSD,H1: Alert: Failed XAUUSD
0	16:11:53.127	trend_dtrader AUDUSD,H1: Alert: Failed XAUUSD
0	16:11:56.546	trend_dtrader AUDUSD,H1: Alert: Failed XAUUSD
0	16:12:01.229	trend_dtrader AUDUSD,H1: Alert: Failed XAUUSD
0	16:12:05.432	trend_dtrader AUDUSD,H1: Alert: Failed XAUUSD
0	16:12:11.859	trend_dtrader AUDUSD,H1: Alert: Failed XAUUSD
0	16:12:20.146	trend_dtrader AUDUSD,H1: Alert: Failed XAUUSD
0	16:12:28.937	trend_dtrader AUDUSD,H1: Alert: Failed XAUUSD
0	16:12:38.072	trend_dtrader AUDUSD,H1: Alert: Failed XAUUSD
0	16:12:43.439	trend_dtrader AUDUSD,H1: Alert: Failed XAUUSD
0	16:12:47.770	trend_dtrader AUDUSD,H1: 15 : 12
0	16:12:48.103	trend_dtrader AUDUSD,H1: Alert: Failed XAUUSD
0	16:12:58.300	trend_dtrader AUDUSD,H1: Alert: Failed XAUUSD
0	16:13:04.846	trend_dtrader AUDUSD,H1: Alert: Failed XAUUSD
0	16:13:08.036	trend_dtrader AUDUSD,H1: Alert: Failed XAUUSD
0	16:13:13.086	trend_dtrader AUDUSD,H1: Alert: Failed XAUUSD
0	16:13:20.430	trend_dtrader AUDUSD,H1: Alert: Failed XAUUSD
0	16:13:23.540	trend_dtrader AUDUSD,H1: Alert: Failed XAUUSD
0	16:13:34.353	trend_dtrader AUDUSD,H1: Alert: Failed XAUUSD
0	16:13:43.884	trend_dtrader AUDUSD,H1: Alert: Failed XAUUSD
0	16:13:47.738	trend_dtrader AUDUSD,H1: 15 : 13
0	16:13:48.164	trend_dtrader AUDUSD,H1: Alert: Failed XAUUSD
0	16:13:56.892	trend_dtrader AUDUSD,H1: Alert: Failed XAUUSD
0	16:14:01.594	trend_dtrader AUDUSD,H1: Alert: Failed XAUUSD
0	16:14:17.309	trend_dtrader AUDUSD,H1: Alert: Failed XAUUSD
0	16:14:25.366	trend_dtrader AUDUSD,H1: Alert: Failed XAUUSD
0	16:14:31.183	trend_dtrader AUDUSD,H1: Alert: Failed XAUUSD
0	16:14:36.673	trend_dtrader AUDUSD,H1: Alert: Failed XAUUSD
0	16:14:47.739	trend_dtrader AUDUSD,H1: 15 : 14
0	16:14:48.901	trend_dtrader AUDUSD,H1: Alert: Failed XAUUSD
0	16:14:55.987	trend_dtrader AUDUSD,H1: Alert: Failed XAUUSD
0	16:15:01.453	trend_dtrader AUDUSD,H1: Alert: Failed XAUUSD
0	16:15:05.272	trend_dtrader AUDUSD,H1: Alert: Failed XAUUSD
0	16:15:11.157	trend_dtrader AUDUSD,H1: Alert: Failed XAUUSD
0	16:15:16.096	trend_dtrader AUDUSD,H1: Alert: Failed XAUUSD
0	16:15:21.463	trend_dtrader AUDUSD,H1: Alert: Failed XAUUSD
0	16:15:24.792	trend_dtrader AUDUSD,H1: Alert: Failed XAUUSD
0	16:15:28.782	trend_dtrader AUDUSD,H1: Alert: Failed XAUUSD
0	16:15:33.211	trend_dtrader AUDUSD,H1: Alert: Failed XAUUSD
0	16:15:40.281	trend_dtrader AUDUSD,H1: Alert: Failed XAUUSD
0	16:15:47.738	trend_dtrader AUDUSD,H1: 15 : 15
0	16:15:49.332	trend_dtrader AUDUSD,H1: Alert: Failed XAUUSD
0	16:15:53.883	trend_dtrader AUDUSD,H1: Alert: Failed XAUUSD
0	16:15:56.186	trend_dtrader AUDUSD,H1: Alert: Failed XAUUSD
0	16:16:00.710	trend_dtrader AUDUSD,H1: Alert: Failed XAUUSD
0	16:16:06.495	trend_dtrader AUDUSD,H1: Alert: Failed XAUUSD
0	16:16:12.002	trend_dtrader AUDUSD,H1: Alert: Failed XAUUSD
0	16:16:23.552	trend_dtrader AUDUSD,H1: Alert: Failed XAUUSD
0	16:16:35.696	trend_dtrader AUDUSD,H1: Alert: Failed XAUUSD
0	16:16:39.879	trend_dtrader AUDUSD,H1: Alert: Failed XAUUSD
0	16:16:43.251	trend_dtrader AUDUSD,H1: Alert: Failed XAUUSD
0	16:16:47.738	trend_dtrader AUDUSD,H1: 15 : 16
0	16:16:48.759	trend_dtrader AUDUSD,H1: Alert: Failed XAUUSD
0	16:16:57.979	trend_dtrader AUDUSD,H1: Alert: Failed XAUUSD
0	16:17:07.527	trend_dtrader AUDUSD,H1: Alert: Failed XAUUSD
0	16:17:16.763	trend_dtrader AUDUSD,H1: Alert: Failed XAUUSD
0	16:17:21.402	trend_dtrader AUDUSD,H1: Alert: Failed XAUUSD
0	16:17:26.126	trend_dtrader AUDUSD,H1: Alert: Failed XAUUSD
0	16:17:41.826	trend_dtrader AUDUSD,H1: Alert: Failed XAUUSD
0	16:17:47.737	trend_dtrader AUDUSD,H1: 15 : 17
0	16:17:48.369	trend_dtrader AUDUSD,H1: Alert: Failed XAUUSD
0	16:17:53.415	trend_dtrader AUDUSD,H1: Alert: Failed XAUUSD
0	16:17:56.911	trend_dtrader AUDUSD,H1: Alert: Failed XAUUSD
0	16:18:06.654	trend_dtrader AUDUSD,H1: Alert: Failed XAUUSD
0	16:18:09.340	trend_dtrader AUDUSD,H1: Alert: Failed XAUUSD
0	16:18:18.941	trend_dtrader AUDUSD,H1: Alert: Failed XAUUSD
0	16:18:23.560	trend_dtrader AUDUSD,H1: Alert: Failed XAUUSD
0	16:18:30.024	trend_dtrader AUDUSD,H1: Alert: Failed XAUUSD
0	16:18:40.721	trend_dtrader AUDUSD,H1: Alert: Failed XAUUSD
0	16:18:44.184	trend_dtrader AUDUSD,H1: Alert: Failed XAUUSD
0	16:18:47.737	trend_dtrader AUDUSD,H1: 15 : 18
0	16:18:51.344	trend_dtrader AUDUSD,H1: Alert: Failed XAUUSD
0	16:19:04.820	trend_dtrader AUDUSD,H1: Alert: Failed XAUUSD
0	16:19:06.836	trend_dtrader AUDUSD,H1: Alert: Failed XAUUSD
0	16:19:10.346	trend_dtrader AUDUSD,H1: Alert: Failed XAUUSD
0	16:19:12.910	trend_dtrader AUDUSD,H1: Alert: Failed XAUUSD
0	16:19:16.780	trend_dtrader AUDUSD,H1: Alert: Failed XAUUSD
0	16:19:22.050	trend_dtrader AUDUSD,H1: Alert: Failed XAUUSD
0	16:19:29.716	trend_dtrader AUDUSD,H1: Alert: Failed XAUUSD
0	16:19:40.700	trend_dtrader AUDUSD,H1: Alert: Failed XAUUSD
0	16:19:43.227	trend_dtrader AUDUSD,H1: Alert: Failed XAUUSD
0	16:19:47.736	trend_dtrader AUDUSD,H1: 15 : 19
0	16:19:53.506	trend_dtrader AUDUSD,H1: Alert: Failed XAUUSD
0	16:20:03.516	trend_dtrader AUDUSD,H1: Alert: Failed XAUUSD
0	16:20:14.102	trend_dtrader AUDUSD,H1: Alert: Failed XAUUSD
0	16:20:19.240	trend_dtrader AUDUSD,H1: Alert: Failed XAUUSD
0	16:20:32.826	trend_dtrader AUDUSD,H1: Alert: Failed XAUUSD
0	16:20:35.069	trend_dtrader AUDUSD,H1: Alert: Failed XAUUSD
0	16:20:38.400	trend_dtrader AUDUSD,H1: Alert: Failed XAUUSD
0	16:20:47.357	trend_dtrader AUDUSD,H1: Alert: Failed XAUUSD
0	16:20:47.736	trend_dtrader AUDUSD,H1: 15 : 20
0	16:20:54.865	trend_dtrader AUDUSD,H1: Alert: Failed XAUUSD
0	16:21:02.277	trend_dtrader AUDUSD,H1: Alert: Failed XAUUSD
0	16:21:09.884	trend_dtrader AUDUSD,H1: Alert: Failed XAUUSD
0	16:21:20.983	trend_dtrader AUDUSD,H1: Alert: Failed XAUUSD
0	16:21:37.280	trend_dtrader AUDUSD,H1: Alert: Failed XAUUSD
0	16:21:43.777	trend_dtrader AUDUSD,H1: Alert: Failed XAUUSD
0	16:21:46.120	trend_dtrader AUDUSD,H1: Alert: Failed XAUUSD
0	16:21:47.736	trend_dtrader AUDUSD,H1: 15 : 21
0	16:22:10.097	trend_dtrader AUDUSD,H1: Alert: Failed XAUUSD
0	16:22:23.009	trend_dtrader AUDUSD,H1: Alert: Failed XAUUSD
0	16:22:27.598	trend_dtrader AUDUSD,H1: Alert: Failed XAUUSD
0	16:22:40.719	trend_dtrader AUDUSD,H1: Alert: Failed XAUUSD
0	16:22:46.087	trend_dtrader AUDUSD,H1: Alert: Failed XAUUSD
0	16:22:47.735	trend_dtrader AUDUSD,H1: 15 : 22
0	16:22:51.200	trend_dtrader AUDUSD,H1: Alert: Failed XAUUSD
0	16:23:01.064	trend_dtrader AUDUSD,H1: Alert: Failed XAUUSD
0	16:23:06.422	trend_dtrader AUDUSD,H1: Alert: Failed XAUUSD
0	16:23:11.206	trend_dtrader AUDUSD,H1: Alert: Failed XAUUSD
0	16:23:20.823	trend_dtrader AUDUSD,H1: Alert: Failed XAUUSD
0	16:23:30.546	trend_dtrader AUDUSD,H1: Alert: Failed XAUUSD
0	16:23:35.687	trend_dtrader AUDUSD,H1: Alert: Failed XAUUSD
0	16:23:46.267	trend_dtrader AUDUSD,H1: Alert: Failed XAUUSD
0	16:23:47.735	trend_dtrader AUDUSD,H1: 15 : 23
0	16:23:49.329	trend_dtrader AUDUSD,H1: Alert: Failed XAUUSD
0	16:23:57.693	trend_dtrader AUDUSD,H1: Alert: Failed XAUUSD
0	16:24:02.029	trend_dtrader AUDUSD,H1: Alert: Failed XAUUSD
0	16:24:10.973	trend_dtrader AUDUSD,H1: Alert: Failed XAUUSD
0	16:24:17.647	trend_dtrader AUDUSD,H1: Alert: Failed XAUUSD
0	16:24:20.985	trend_dtrader AUDUSD,H1: Alert: Failed XAUUSD
0	16:24:32.027	trend_dtrader AUDUSD,H1: Alert: Failed XAUUSD
0	16:24:40.270	trend_dtrader AUDUSD,H1: Alert: Failed XAUUSD
0	16:24:47.735	trend_dtrader AUDUSD,H1: 15 : 24
0	16:24:55.600	trend_dtrader AUDUSD,H1: Alert: Failed XAUUSD
0	16:25:02.900	trend_dtrader AUDUSD,H1: Alert: Failed XAUUSD
0	16:25:08.235	trend_dtrader AUDUSD,H1: Alert: Failed XAUUSD
0	16:25:18.147	trend_dtrader AUDUSD,H1: Alert: Failed XAUUSD
0	16:25:23.046	trend_dtrader AUDUSD,H1: Alert: Failed XAUUSD
0	16:25:31.080	trend_dtrader AUDUSD,H1: Alert: Failed XAUUSD
0	16:25:35.846	trend_dtrader AUDUSD,H1: Alert: Failed XAUUSD
0	16:25:42.602	trend_dtrader AUDUSD,H1: Alert: Failed XAUUSD
0	16:25:47.735	trend_dtrader AUDUSD,H1: 15 : 25
0	16:25:50.357	trend_dtrader AUDUSD,H1: Alert: Failed XAUUSD
0	16:25:54.097	trend_dtrader AUDUSD,H1: Alert: Failed XAUUSD
0	16:26:00.600	trend_dtrader AUDUSD,H1: Alert: Failed XAUUSD
0	16:26:03.751	trend_dtrader AUDUSD,H1: Alert: Failed XAUUSD
0	16:26:06.098	trend_dtrader AUDUSD,H1: Alert: Failed XAUUSD
0	16:26:09.474	trend_dtrader AUDUSD,H1: Alert: Failed XAUUSD
0	16:26:14.641	trend_dtrader AUDUSD,H1: Alert: Failed XAUUSD
0	16:26:32.163	trend_dtrader AUDUSD,H1: Alert: Failed XAUUSD
0	16:26:37.978	trend_dtrader AUDUSD,H1: Alert: Failed XAUUSD
0	16:26:47.727	trend_dtrader AUDUSD,H1: Alert: Failed XAUUSD
0	16:26:47.969	trend_dtrader AUDUSD,H1: 15 : 26
0	16:26:55.780	trend_dtrader AUDUSD,H1: Alert: Failed XAUUSD
0	16:27:01.790	trend_dtrader AUDUSD,H1: Alert: Failed XAUUSD
0	16:27:11.952	trend_dtrader AUDUSD,H1: Alert: Failed XAUUSD
0	16:27:17.084	trend_dtrader AUDUSD,H1: Alert: Failed XAUUSD
0	16:27:24.075	trend_dtrader AUDUSD,H1: Alert: Failed XAUUSD
0	16:27:31.525	trend_dtrader AUDUSD,H1: Alert: Failed XAUUSD
0	16:27:34.594	trend_dtrader AUDUSD,H1: Alert: Failed XAUUSD
0	16:27:39.652	trend_dtrader AUDUSD,H1: Alert: Failed XAUUSD
0	16:27:47.733	trend_dtrader AUDUSD,H1: 15 : 27
0	16:27:50.266	trend_dtrader AUDUSD,H1: Alert: Failed XAUUSD
0	16:27:57.684	trend_dtrader AUDUSD,H1: Alert: Failed XAUUSD
0	16:28:02.712	trend_dtrader AUDUSD,H1: Alert: Failed XAUUSD
0	16:28:08.115	trend_dtrader AUDUSD,H1: Alert: Failed XAUUSD
0	16:28:11.086	trend_dtrader AUDUSD,H1: Alert: Failed XAUUSD
0	16:28:22.094	trend_dtrader AUDUSD,H1: Alert: Failed XAUUSD
0	16:28:42.993	trend_dtrader AUDUSD,H1: Alert: Failed XAUUSD
0	16:28:47.746	trend_dtrader AUDUSD,H1: 15 : 28
0	16:29:01.976	trend_dtrader AUDUSD,H1: Alert: Failed XAUUSD
0	16:29:06.635	trend_dtrader AUDUSD,H1: Alert: Failed XAUUSD
0	16:29:11.204	trend_dtrader AUDUSD,H1: Alert: Failed XAUUSD
0	16:29:26.304	trend_dtrader AUDUSD,H1: Alert: Failed XAUUSD
0	16:29:32.341	trend_dtrader AUDUSD,H1: Alert: Failed XAUUSD
0	16:29:38.222	trend_dtrader AUDUSD,H1: Alert: Failed XAUUSD
0	16:29:46.714	trend_dtrader AUDUSD,H1: Alert: Failed XAUUSD
0	16:29:47.742	trend_dtrader AUDUSD,H1: 15 : 29
0	16:29:50.585	trend_dtrader AUDUSD,H1: Alert: Failed XAUUSD
0	16:30:00.520	trend_dtrader AUDUSD,H1: Alert: Failed XAUUSD
0	16:30:15.038	trend_dtrader AUDUSD,H1: Alert: Failed XAUUSD
0	16:30:18.249	trend_dtrader AUDUSD,H1: Alert: Failed XAUUSD
0	16:30:22.889	trend_dtrader AUDUSD,H1: Alert: Failed XAUUSD
0	16:30:31.709	trend_dtrader AUDUSD,H1: Alert: Failed XAUUSD
0	16:30:36.030	trend_dtrader AUDUSD,H1: Alert: Failed XAUUSD
0	16:30:40.185	trend_dtrader AUDUSD,H1: Alert: Failed XAUUSD
0	16:30:48.014	trend_dtrader AUDUSD,H1: Alert: Failed XAUUSD
0	16:30:48.014	trend_dtrader AUDUSD,H1: 15 : 30
0	16:30:57.338	trend_dtrader AUDUSD,H1: Alert: Failed XAUUSD
0	16:31:00.882	trend_dtrader AUDUSD,H1: Alert: Failed XAUUSD
0	16:31:04.410	trend_dtrader AUDUSD,H1: Alert: Failed XAUUSD
0	16:31:13.653	trend_dtrader AUDUSD,H1: Alert: Failed XAUUSD
0	16:31:20.912	trend_dtrader AUDUSD,H1: Alert: Failed XAUUSD
0	16:31:30.155	trend_dtrader AUDUSD,H1: Alert: Failed XAUUSD
0	16:31:36.688	trend_dtrader AUDUSD,H1: Alert: Failed XAUUSD
0	16:31:47.954	trend_dtrader AUDUSD,H1: 15 : 31
0	16:31:49.418	trend_dtrader AUDUSD,H1: Alert: Failed XAUUSD
0	16:31:59.423	trend_dtrader AUDUSD,H1: Alert: Failed XAUUSD
0	16:32:04.423	trend_dtrader AUDUSD,H1: Alert: Failed XAUUSD
0	16:32:09.735	trend_dtrader AUDUSD,H1: Alert: Failed XAUUSD
0	16:32:17.906	trend_dtrader AUDUSD,H1: Alert: Failed XAUUSD
0	16:32:26.289	trend_dtrader AUDUSD,H1: Alert: Failed XAUUSD
0	16:32:36.791	trend_dtrader AUDUSD,H1: Alert: Failed XAUUSD
0	16:32:43.549	trend_dtrader AUDUSD,H1: Alert: Failed XAUUSD
0	16:32:47.732	trend_dtrader AUDUSD,H1: 15 : 32
0	16:32:57.105	trend_dtrader AUDUSD,H1: Alert: Failed XAUUSD
0	16:33:04.523	trend_dtrader AUDUSD,H1: Alert: Failed XAUUSD
0	16:33:10.105	trend_dtrader AUDUSD,H1: Alert: Failed XAUUSD
0	16:33:19.793	trend_dtrader AUDUSD,H1: Alert: Failed XAUUSD
0	16:33:23.537	trend_dtrader AUDUSD,H1: Alert: Failed XAUUSD
0	16:33:28.992	trend_dtrader AUDUSD,H1: Alert: Failed XAUUSD
0	16:33:42.768	trend_dtrader AUDUSD,H1: Alert: Failed XAUUSD
0	16:33:48.031	trend_dtrader AUDUSD,H1: Alert: Failed XAUUSD
0	16:33:48.031	trend_dtrader AUDUSD,H1: 15 : 33
0	16:33:51.200	trend_dtrader AUDUSD,H1: Alert: Failed XAUUSD
0	16:33:56.689	trend_dtrader AUDUSD,H1: Alert: Failed XAUUSD
0	16:34:02.484	trend_dtrader AUDUSD,H1: Alert: Failed XAUUSD
0	16:34:15.150	trend_dtrader AUDUSD,H1: Alert: Failed XAUUSD
0	16:34:20.753	trend_dtrader AUDUSD,H1: Alert: Failed XAUUSD
0	16:34:23.589	trend_dtrader AUDUSD,H1: Alert: Failed XAUUSD
0	16:34:32.259	trend_dtrader AUDUSD,H1: Alert: Failed XAUUSD
0	16:34:38.004	trend_dtrader AUDUSD,H1: Alert: Failed XAUUSD
0	16:34:44.469	trend_dtrader AUDUSD,H1: Alert: Failed XAUUSD
0	16:34:47.731	trend_dtrader AUDUSD,H1: 15 : 34
0	16:34:53.156	trend_dtrader AUDUSD,H1: Alert: Failed XAUUSD
0	16:35:02.818	trend_dtrader AUDUSD,H1: Alert: Failed XAUUSD
0	16:35:07.585	trend_dtrader AUDUSD,H1: Alert: Failed XAUUSD
0	16:35:15.936	trend_dtrader AUDUSD,H1: Alert: Failed XAUUSD
0	16:35:22.096	trend_dtrader AUDUSD,H1: Alert: Failed XAUUSD
0	16:35:26.780	trend_dtrader AUDUSD,H1: Alert: Failed XAUUSD
0	16:35:31.921	trend_dtrader AUDUSD,H1: Alert: Failed XAUUSD
0	16:35:40.526	trend_dtrader AUDUSD,H1: Alert: Failed XAUUSD
0	16:35:47.733	trend_dtrader AUDUSD,H1: 15 : 35
0	16:35:49.564	trend_dtrader AUDUSD,H1: Alert: Failed XAUUSD
0	16:35:58.638	trend_dtrader AUDUSD,H1: Alert: Failed XAUUSD
0	16:36:06.108	trend_dtrader AUDUSD,H1: Alert: Failed XAUUSD
0	16:36:15.029	trend_dtrader AUDUSD,H1: Alert: Failed XAUUSD
0	16:36:27.460	trend_dtrader AUDUSD,H1: Alert: Failed XAUUSD
0	16:36:35.644	trend_dtrader AUDUSD,H1: Alert: Failed XAUUSD
0	16:36:41.101	trend_dtrader AUDUSD,H1: Alert: Failed XAUUSD
0	16:36:47.730	trend_dtrader AUDUSD,H1: 15 : 36
0	16:36:51.981	trend_dtrader AUDUSD,H1: Alert: Failed XAUUSD
0	16:36:59.013	trend_dtrader AUDUSD,H1: Alert: Failed XAUUSD
0	16:37:03.945	trend_dtrader AUDUSD,H1: Alert: Failed XAUUSD
0	16:37:08.471	trend_dtrader AUDUSD,H1: Alert: Failed XAUUSD
0	16:37:16.302	trend_dtrader AUDUSD,H1: Alert: Failed XAUUSD
0	16:37:20.584	trend_dtrader AUDUSD,H1: Alert: Failed XAUUSD
0	16:37:24.561	trend_dtrader AUDUSD,H1: Alert: Failed XAUUSD
0	16:37:31.955	trend_dtrader AUDUSD,H1: Alert: Failed XAUUSD
0	16:37:39.263	trend_dtrader AUDUSD,H1: Alert: Failed XAUUSD
0	16:37:46.626	trend_dtrader AUDUSD,H1: Alert: Failed XAUUSD
0	16:37:47.730	trend_dtrader AUDUSD,H1: 15 : 37
0	16:38:00.155	trend_dtrader AUDUSD,H1: Alert: Failed XAUUSD
0	16:38:03.578	trend_dtrader AUDUSD,H1: Alert: Failed XAUUSD
0	16:38:09.200	trend_dtrader AUDUSD,H1: Alert: Failed XAUUSD
0	16:38:13.399	trend_dtrader AUDUSD,H1: Alert: Failed XAUUSD
0	16:38:20.034	trend_dtrader AUDUSD,H1: Alert: Failed XAUUSD
0	16:38:37.396	trend_dtrader AUDUSD,H1: Alert: Failed XAUUSD
0	16:38:47.729	trend_dtrader AUDUSD,H1: 15 : 38
0	16:39:11.003	trend_dtrader AUDUSD,H1: Alert: Failed XAUUSD
0	16:39:17.448	trend_dtrader AUDUSD,H1: Alert: Failed XAUUSD
0	16:39:23.675	trend_dtrader AUDUSD,H1: Alert: Failed XAUUSD
0	16:39:39.528	trend_dtrader AUDUSD,H1: Alert: Failed XAUUSD
0	16:39:47.728	trend_dtrader AUDUSD,H1: 15 : 39
0	16:39:56.110	trend_dtrader AUDUSD,H1: Alert: Failed XAUUSD
0	16:40:19.894	trend_dtrader AUDUSD,H1: Alert: Failed XAUUSD
0	16:40:28.388	trend_dtrader AUDUSD,H1: Alert: Failed XAUUSD
0	16:40:36.022	trend_dtrader AUDUSD,H1: Alert: Failed XAUUSD
0	16:40:47.728	trend_dtrader AUDUSD,H1: 15 : 40
0	16:40:50.652	trend_dtrader AUDUSD,H1: Alert: Failed XAUUSD
0	16:41:03.414	trend_dtrader AUDUSD,H1: Alert: Failed XAUUSD
0	16:41:08.102	trend_dtrader AUDUSD,H1: Alert: Failed XAUUSD
0	16:41:14.093	trend_dtrader AUDUSD,H1: Alert: Failed XAUUSD
0	16:41:29.003	trend_dtrader AUDUSD,H1: Alert: Failed XAUUSD
0	16:41:47.789	trend_dtrader AUDUSD,H1: 15 : 41
0	16:41:48.344	trend_dtrader AUDUSD,H1: Alert: Failed XAUUSD
0	16:41:50.350	trend_dtrader AUDUSD,H1: Alert: Failed XAUUSD
0	16:41:57.033	trend_dtrader AUDUSD,H1: Alert: Failed XAUUSD
0	16:42:26.072	trend_dtrader AUDUSD,H1: Alert: Failed XAUUSD
0	16:42:32.284	trend_dtrader AUDUSD,H1: Alert: Failed XAUUSD
0	16:42:44.007	trend_dtrader AUDUSD,H1: Alert: Failed XAUUSD
0	16:42:47.728	trend_dtrader AUDUSD,H1: 15 : 42
0	16:43:01.113	trend_dtrader AUDUSD,H1: Alert: Failed XAUUSD
0	16:43:31.930	trend_dtrader AUDUSD,H1: Alert: Failed XAUUSD
0	16:43:36.358	trend_dtrader AUDUSD,H1: Alert: Failed XAUUSD
0	16:43:39.883	trend_dtrader AUDUSD,H1: Alert: Failed XAUUSD
0	16:43:45.454	trend_dtrader AUDUSD,H1: Alert: Failed XAUUSD
0	16:43:47.727	trend_dtrader AUDUSD,H1: 15 : 43
0	16:43:51.948	trend_dtrader AUDUSD,H1: Alert: Failed XAUUSD
0	16:43:57.798	trend_dtrader AUDUSD,H1: Alert: Failed XAUUSD
0	16:44:02.685	trend_dtrader AUDUSD,H1: Alert: Failed XAUUSD
0	16:44:07.217	trend_dtrader AUDUSD,H1: Alert: Failed XAUUSD
0	16:44:15.862	trend_dtrader AUDUSD,H1: Alert: Failed XAUUSD
0	16:44:20.595	trend_dtrader AUDUSD,H1: Alert: Failed XAUUSD
0	16:44:26.663	trend_dtrader AUDUSD,H1: Alert: Failed XAUUSD
0	16:44:30.797	trend_dtrader AUDUSD,H1: Alert: Failed XAUUSD
0	16:44:44.851	trend_dtrader AUDUSD,H1: Alert: Failed XAUUSD
0	16:44:47.726	trend_dtrader AUDUSD,H1: 15 : 44
0	16:44:50.430	trend_dtrader AUDUSD,H1: Alert: Failed XAUUSD
0	16:44:55.142	trend_dtrader AUDUSD,H1: Alert: Failed XAUUSD
0	16:45:05.908	trend_dtrader AUDUSD,H1: Alert: Failed XAUUSD
0	16:45:08.598	trend_dtrader AUDUSD,H1: Alert: Failed XAUUSD
0	16:45:10.329	trend_dtrader AUDUSD,H1: Alert: Failed XAUUSD
0	16:45:15.712	trend_dtrader AUDUSD,H1: Alert: Failed XAUUSD
0	16:45:26.962	trend_dtrader AUDUSD,H1: Alert: Failed XAUUSD
0	16:45:30.768	trend_dtrader AUDUSD,H1: Alert: Failed XAUUSD
0	16:45:46.092	trend_dtrader AUDUSD,H1: Alert: Failed XAUUSD
0	16:45:47.727	trend_dtrader AUDUSD,H1: 15 : 45
0	16:45:52.461	trend_dtrader AUDUSD,H1: Alert: Failed XAUUSD
0	16:45:57.722	trend_dtrader AUDUSD,H1: Alert: Failed XAUUSD
0	16:46:03.853	trend_dtrader AUDUSD,H1: Alert: Failed XAUUSD
0	16:46:14.498	trend_dtrader AUDUSD,H1: Alert: Failed XAUUSD
0	16:46:18.663	trend_dtrader AUDUSD,H1: Alert: Failed XAUUSD
0	16:46:24.611	trend_dtrader AUDUSD,H1: Alert: Failed XAUUSD
0	16:46:27.690	trend_dtrader AUDUSD,H1: Alert: Failed XAUUSD
0	16:46:30.059	trend_dtrader AUDUSD,H1: Alert: Failed XAUUSD
0	16:46:31.837	trend_dtrader AUDUSD,H1: Alert: Failed XAUUSD
0	16:46:47.729	trend_dtrader AUDUSD,H1: 15 : 46
0	16:46:48.552	trend_dtrader AUDUSD,H1: Alert: Failed XAUUSD
0	16:46:51.874	trend_dtrader AUDUSD,H1: Alert: Failed XAUUSD
0	16:46:59.542	trend_dtrader AUDUSD,H1: Alert: Failed XAUUSD
0	16:47:05.639	trend_dtrader AUDUSD,H1: Alert: Failed XAUUSD
0	16:47:10.276	trend_dtrader AUDUSD,H1: Alert: Failed XAUUSD
0	16:47:15.177	trend_dtrader AUDUSD,H1: Alert: Failed XAUUSD
0	16:47:26.661	trend_dtrader AUDUSD,H1: Alert: Failed XAUUSD
0	16:47:29.716	trend_dtrader AUDUSD,H1: Alert: Failed XAUUSD
0	16:47:36.082	trend_dtrader AUDUSD,H1: Alert: Failed XAUUSD
0	16:47:40.280	trend_dtrader AUDUSD,H1: Alert: Failed XAUUSD
0	16:47:47.726	trend_dtrader AUDUSD,H1: 15 : 47
0	16:47:51.160	trend_dtrader AUDUSD,H1: Alert: Failed XAUUSD
0	16:48:02.694	trend_dtrader AUDUSD,H1: Alert: Failed XAUUSD
0	16:48:07.474	trend_dtrader AUDUSD,H1: Alert: Failed XAUUSD
0	16:48:10.218	trend_dtrader AUDUSD,H1: Alert: Failed XAUUSD
0	16:48:17.425	trend_dtrader AUDUSD,H1: Alert: Failed XAUUSD
0	16:48:20.487	trend_dtrader AUDUSD,H1: Alert: Failed XAUUSD
0	16:48:23.658	trend_dtrader AUDUSD,H1: Alert: Failed XAUUSD
0	16:48:27.680	trend_dtrader AUDUSD,H1: Alert: Failed XAUUSD
0	16:48:30.707	trend_dtrader AUDUSD,H1: Alert: Failed XAUUSD
0	16:48:36.292	trend_dtrader AUDUSD,H1: Alert: Failed XAUUSD
0	16:48:43.738	trend_dtrader AUDUSD,H1: Alert: Failed XAUUSD
0	16:48:47.726	trend_dtrader AUDUSD,H1: 15 : 48
0	16:48:49.817	trend_dtrader AUDUSD,H1: Alert: Failed XAUUSD
0	16:48:57.243	trend_dtrader AUDUSD,H1: Alert: Failed XAUUSD
0	16:49:01.953	trend_dtrader AUDUSD,H1: Alert: Failed XAUUSD
0	16:49:03.851	trend_dtrader AUDUSD,H1: Alert: Failed XAUUSD
0	16:49:07.033	trend_dtrader AUDUSD,H1: Alert: Failed XAUUSD
0	16:49:18.500	trend_dtrader AUDUSD,H1: Alert: Failed XAUUSD
0	16:49:22.214	trend_dtrader AUDUSD,H1: Alert: Failed XAUUSD
0	16:49:26.529	trend_dtrader AUDUSD,H1: Alert: Failed XAUUSD
0	16:49:32.339	trend_dtrader AUDUSD,H1: Alert: Failed XAUUSD
0	16:49:40.694	trend_dtrader AUDUSD,H1: Alert: Failed XAUUSD
0	16:49:47.724	trend_dtrader AUDUSD,H1: 15 : 49
0	16:49:49.494	trend_dtrader AUDUSD,H1: Alert: Failed XAUUSD
0	16:50:04.269	trend_dtrader AUDUSD,H1: Alert: Failed XAUUSD
0	16:50:08.269	trend_dtrader AUDUSD,H1: Alert: Failed XAUUSD
0	16:50:10.695	trend_dtrader AUDUSD,H1: Alert: Failed XAUUSD
0	16:50:16.104	trend_dtrader AUDUSD,H1: Alert: Failed XAUUSD
0	16:50:21.163	trend_dtrader AUDUSD,H1: Alert: Failed XAUUSD
0	16:50:26.018	trend_dtrader AUDUSD,H1: Alert: Failed XAUUSD
0	16:50:30.165	trend_dtrader AUDUSD,H1: Alert: Failed XAUUSD
0	16:50:38.396	trend_dtrader AUDUSD,H1: Alert: Failed XAUUSD
0	16:50:43.000	trend_dtrader AUDUSD,H1: Alert: Failed XAUUSD
0	16:50:45.718	trend_dtrader AUDUSD,H1: Alert: Failed XAUUSD
0	16:50:47.724	trend_dtrader AUDUSD,H1: 15 : 50
0	16:50:49.046	trend_dtrader AUDUSD,H1: Alert: Failed XAUUSD
0	16:50:54.047	trend_dtrader AUDUSD,H1: Alert: Failed XAUUSD
0	16:51:02.077	trend_dtrader AUDUSD,H1: Alert: Failed XAUUSD
0	16:51:08.331	trend_dtrader AUDUSD,H1: Alert: Failed XAUUSD
0	16:51:19.263	trend_dtrader AUDUSD,H1: Alert: Failed XAUUSD
0	16:51:23.470	trend_dtrader AUDUSD,H1: Alert: Failed XAUUSD
0	16:51:30.282	trend_dtrader AUDUSD,H1: Alert: Failed XAUUSD
0	16:51:34.391	trend_dtrader AUDUSD,H1: Alert: Failed XAUUSD
0	16:51:44.137	trend_dtrader AUDUSD,H1: Alert: Failed XAUUSD
0	16:51:47.724	trend_dtrader AUDUSD,H1: 15 : 51
0	16:51:51.555	trend_dtrader AUDUSD,H1: Alert: Failed XAUUSD
0	16:51:58.357	trend_dtrader AUDUSD,H1: Alert: Failed XAUUSD
0	16:52:12.916	trend_dtrader AUDUSD,H1: Alert: Failed XAUUSD
0	16:52:24.016	trend_dtrader AUDUSD,H1: Alert: Failed XAUUSD
0	16:52:29.860	trend_dtrader AUDUSD,H1: Alert: Failed XAUUSD
0	16:52:33.755	trend_dtrader AUDUSD,H1: Alert: Failed XAUUSD
0	16:52:47.826	trend_dtrader AUDUSD,H1: Alert: Failed XAUUSD
0	16:52:47.826	trend_dtrader AUDUSD,H1: 15 : 52
0	16:52:54.798	trend_dtrader AUDUSD,H1: Alert: Failed XAUUSD
0	16:52:59.824	trend_dtrader AUDUSD,H1: Alert: Failed XAUUSD
0	16:53:04.125	trend_dtrader AUDUSD,H1: Alert: Failed XAUUSD
0	16:53:13.180	trend_dtrader AUDUSD,H1: Alert: Failed XAUUSD
0	16:53:21.064	trend_dtrader AUDUSD,H1: Alert: Failed XAUUSD
0	16:53:25.734	trend_dtrader AUDUSD,H1: Alert: Failed XAUUSD
0	16:53:30.220	trend_dtrader AUDUSD,H1: Alert: Failed XAUUSD
0	16:53:32.903	trend_dtrader AUDUSD,H1: Alert: Failed XAUUSD
0	16:53:38.953	trend_dtrader AUDUSD,H1: Alert: Failed XAUUSD
0	16:53:47.064	trend_dtrader AUDUSD,H1: Alert: Failed XAUUSD
0	16:53:47.723	trend_dtrader AUDUSD,H1: 15 : 53
0	16:53:52.694	trend_dtrader AUDUSD,H1: Alert: Failed XAUUSD
0	16:53:59.871	trend_dtrader AUDUSD,H1: Alert: Failed XAUUSD
0	16:54:10.634	trend_dtrader AUDUSD,H1: Alert: Failed XAUUSD
0	16:54:30.148	trend_dtrader AUDUSD,H1: Alert: Failed XAUUSD
0	16:54:41.925	trend_dtrader AUDUSD,H1: Alert: Failed XAUUSD
0	16:54:46.888	trend_dtrader AUDUSD,H1: Alert: Failed XAUUSD
0	16:54:47.722	trend_dtrader AUDUSD,H1: 15 : 54
0	16:54:54.960	trend_dtrader AUDUSD,H1: Alert: Failed XAUUSD
0	16:54:58.154	trend_dtrader AUDUSD,H1: Alert: Failed XAUUSD
0	16:55:11.406	trend_dtrader AUDUSD,H1: Alert: Failed XAUUSD
0	16:55:25.338	trend_dtrader AUDUSD,H1: Alert: Failed XAUUSD
0	16:55:32.483	trend_dtrader AUDUSD,H1: Alert: Failed XAUUSD
0	16:55:43.391	trend_dtrader AUDUSD,H1: Alert: Failed XAUUSD
0	16:55:47.722	trend_dtrader AUDUSD,H1: 15 : 55
0	16:55:50.472	trend_dtrader AUDUSD,H1: Alert: Failed XAUUSD
0	16:55:55.247	trend_dtrader AUDUSD,H1: Alert: Failed XAUUSD
0	16:56:00.089	trend_dtrader AUDUSD,H1: Alert: Failed XAUUSD
0	16:56:02.850	trend_dtrader AUDUSD,H1: Alert: Failed XAUUSD
0	16:56:18.122	trend_dtrader AUDUSD,H1: Alert: Failed XAUUSD
0	16:56:24.671	trend_dtrader AUDUSD,H1: Alert: Failed XAUUSD
0	16:56:27.806	trend_dtrader AUDUSD,H1: Alert: Failed XAUUSD
0	16:56:35.178	trend_dtrader AUDUSD,H1: Alert: Failed XAUUSD
0	16:56:43.961	trend_dtrader AUDUSD,H1: Alert: Failed XAUUSD
0	16:56:47.721	trend_dtrader AUDUSD,H1: 15 : 56
0	16:56:48.166	trend_dtrader AUDUSD,H1: Alert: Failed XAUUSD
0	16:57:05.445	trend_dtrader AUDUSD,H1: Alert: Failed XAUUSD
0	16:57:07.523	trend_dtrader AUDUSD,H1: Alert: Failed XAUUSD
0	16:57:23.223	trend_dtrader AUDUSD,H1: Alert: Failed XAUUSD
0	16:57:43.436	trend_dtrader AUDUSD,H1: Alert: Failed XAUUSD
0	16:57:46.705	trend_dtrader AUDUSD,H1: Alert: Failed XAUUSD
0	16:57:47.721	trend_dtrader AUDUSD,H1: 15 : 57
0	16:57:49.928	trend_dtrader AUDUSD,H1: Alert: Failed XAUUSD
0	16:57:54.337	trend_dtrader AUDUSD,H1: Alert: Failed XAUUSD
0	16:57:58.129	trend_dtrader AUDUSD,H1: Alert: Failed XAUUSD
0	16:58:08.703	trend_dtrader AUDUSD,H1: Alert: Failed XAUUSD
0	16:58:12.991	trend_dtrader AUDUSD,H1: Alert: Failed XAUUSD
0	16:58:19.318	trend_dtrader AUDUSD,H1: Alert: Failed XAUUSD
0	16:58:23.615	trend_dtrader AUDUSD,H1: Alert: Failed XAUUSD
0	16:58:28.817	trend_dtrader AUDUSD,H1: Alert: Failed XAUUSD
0	16:58:39.466	trend_dtrader AUDUSD,H1: Alert: Failed XAUUSD
0	16:58:41.403	trend_dtrader AUDUSD,H1: Alert: Failed XAUUSD
0	16:58:45.083	trend_dtrader AUDUSD,H1: Alert: Failed XAUUSD
0	16:58:47.721	trend_dtrader AUDUSD,H1: 15 : 58
0	16:58:51.573	trend_dtrader AUDUSD,H1: Alert: Failed XAUUSD
0	16:58:54.894	trend_dtrader AUDUSD,H1: Alert: Failed XAUUSD
0	16:59:00.995	trend_dtrader AUDUSD,H1: Alert: Failed XAUUSD
0	16:59:11.514	trend_dtrader AUDUSD,H1: Alert: Failed XAUUSD
0	16:59:19.912	trend_dtrader AUDUSD,H1: Alert: Failed XAUUSD
0	16:59:24.489	trend_dtrader AUDUSD,H1: Alert: Failed XAUUSD
0	16:59:32.748	trend_dtrader AUDUSD,H1: Alert: Failed XAUUSD
0	16:59:34.615	trend_dtrader AUDUSD,H1: Alert: Failed XAUUSD
0	16:59:36.085	trend_dtrader AUDUSD,H1: Alert: Failed XAUUSD
0	16:59:39.424	trend_dtrader AUDUSD,H1: Alert: Failed XAUUSD
0	16:59:40.825	trend_dtrader AUDUSD,H1: Alert: Failed XAUUSD
0	16:59:43.822	trend_dtrader AUDUSD,H1: Alert: Failed XAUUSD
0	16:59:48.003	trend_dtrader AUDUSD,H1: Alert: Failed XAUUSD
0	16:59:48.005	trend_dtrader AUDUSD,H1: 15 : 59
0	16:59:52.419	trend_dtrader AUDUSD,H1: Alert: Failed XAUUSD
0	16:59:57.742	trend_dtrader AUDUSD,H1: Alert: Failed XAUUSD
0	17:00:00.715	trend_dtrader AUDUSD,H1: Alert: Failed XAUUSD
0	17:00:07.488	trend_dtrader AUDUSD,H1: Alert: Failed XAUUSD
0	17:00:10.728	trend_dtrader AUDUSD,H1: Alert: Failed XAUUSD
0	17:00:13.273	trend_dtrader AUDUSD,H1: Alert: Failed XAUUSD
0	17:00:17.767	trend_dtrader AUDUSD,H1: Alert: Failed XAUUSD
0	17:00:23.659	trend_dtrader AUDUSD,H1: Alert: Failed XAUUSD
0	17:00:27.981	trend_dtrader AUDUSD,H1: Alert: Failed XAUUSD
0	17:00:32.508	trend_dtrader AUDUSD,H1: Alert: Failed XAUUSD
0	17:00:41.012	trend_dtrader AUDUSD,H1: Alert: Failed XAUUSD
0	17:00:45.032	trend_dtrader AUDUSD,H1: Alert: Failed XAUUSD
0	17:00:47.720	trend_dtrader AUDUSD,H1: 16 : 0
0	17:00:49.661	trend_dtrader AUDUSD,H1: Alert: Failed XAUUSD
0	17:00:51.765	trend_dtrader AUDUSD,H1: Alert: Failed XAUUSD
0	17:01:02.052	trend_dtrader AUDUSD,H1: Alert: Failed XAUUSD
0	17:01:08.967	trend_dtrader AUDUSD,H1: Alert: Failed XAUUSD
0	17:01:13.755	trend_dtrader AUDUSD,H1: Alert: Failed XAUUSD
0	17:01:17.480	trend_dtrader AUDUSD,H1: Alert: Failed XAUUSD
0	17:01:25.075	trend_dtrader AUDUSD,H1: Alert: Failed XAUUSD
0	17:01:33.931	trend_dtrader AUDUSD,H1: Alert: Failed XAUUSD
0	17:01:39.767	trend_dtrader AUDUSD,H1: Alert: Failed XAUUSD
0	17:01:48.003	trend_dtrader AUDUSD,H1: Alert: Failed XAUUSD
0	17:01:48.004	trend_dtrader AUDUSD,H1: 16 : 1
0	17:01:55.823	trend_dtrader AUDUSD,H1: Alert: Failed XAUUSD
0	17:02:04.172	trend_dtrader AUDUSD,H1: Alert: Failed XAUUSD
0	17:02:07.063	trend_dtrader AUDUSD,H1: Alert: Failed XAUUSD
0	17:02:22.369	trend_dtrader AUDUSD,H1: Alert: Failed XAUUSD
0	17:02:28.570	trend_dtrader AUDUSD,H1: Alert: Failed XAUUSD
0	17:02:31.790	trend_dtrader AUDUSD,H1: Alert: Failed XAUUSD
0	17:02:39.117	trend_dtrader AUDUSD,H1: Alert: Failed XAUUSD
0	17:02:46.031	trend_dtrader AUDUSD,H1: Alert: Failed XAUUSD
0	17:02:47.719	trend_dtrader AUDUSD,H1: 16 : 2
0	17:02:53.819	trend_dtrader AUDUSD,H1: Alert: Failed XAUUSD
0	17:02:59.933	trend_dtrader AUDUSD,H1: Alert: Failed XAUUSD
0	17:03:06.364	trend_dtrader AUDUSD,H1: Alert: Failed XAUUSD
0	17:03:13.044	trend_dtrader AUDUSD,H1: Alert: Failed XAUUSD
0	17:03:20.960	trend_dtrader AUDUSD,H1: Alert: Failed XAUUSD
0	17:03:26.592	trend_dtrader AUDUSD,H1: Alert: Failed XAUUSD
0	17:03:32.398	trend_dtrader AUDUSD,H1: Alert: Failed XAUUSD
0	17:03:42.783	trend_dtrader AUDUSD,H1: Alert: Failed XAUUSD
0	17:03:47.718	trend_dtrader AUDUSD,H1: 16 : 3
0	17:03:58.797	trend_dtrader AUDUSD,H1: Alert: Failed XAUUSD
0	17:04:03.367	trend_dtrader AUDUSD,H1: Alert: Failed XAUUSD
0	17:04:08.354	trend_dtrader AUDUSD,H1: Alert: Failed XAUUSD
0	17:04:13.260	trend_dtrader AUDUSD,H1: Alert: Failed XAUUSD
0	17:04:20.751	trend_dtrader AUDUSD,H1: Alert: Failed XAUUSD
0	17:04:22.814	trend_dtrader AUDUSD,H1: Alert: Failed XAUUSD
0	17:04:29.311	trend_dtrader AUDUSD,H1: Alert: Failed XAUUSD
0	17:04:34.188	trend_dtrader AUDUSD,H1: Alert: Failed XAUUSD
0	17:04:41.301	trend_dtrader AUDUSD,H1: Alert: Failed XAUUSD
0	17:04:44.887	trend_dtrader AUDUSD,H1: Alert: Failed XAUUSD
0	17:04:47.719	trend_dtrader AUDUSD,H1: 16 : 4
0	17:04:59.645	trend_dtrader AUDUSD,H1: Alert: Failed XAUUSD
0	17:05:06.813	trend_dtrader AUDUSD,H1: Alert: Failed XAUUSD
0	17:05:10.494	trend_dtrader AUDUSD,H1: Alert: Failed XAUUSD
0	17:05:18.262	trend_dtrader AUDUSD,H1: Alert: Failed XAUUSD
0	17:05:27.353	trend_dtrader AUDUSD,H1: Alert: Failed XAUUSD
0	17:05:32.080	trend_dtrader AUDUSD,H1: Alert: Failed XAUUSD
0	17:05:35.613	trend_dtrader AUDUSD,H1: Alert: Failed XAUUSD
0	17:05:42.184	trend_dtrader AUDUSD,H1: Alert: Failed XAUUSD
0	17:05:47.718	trend_dtrader AUDUSD,H1: 16 : 5
0	17:05:49.805	trend_dtrader AUDUSD,H1: Alert: Failed XAUUSD
0	17:06:10.384	trend_dtrader AUDUSD,H1: Alert: Failed XAUUSD
0	17:06:13.767	trend_dtrader AUDUSD,H1: Alert: Failed XAUUSD
0	17:06:18.981	trend_dtrader AUDUSD,H1: Alert: Failed XAUUSD
0	17:06:24.089	trend_dtrader AUDUSD,H1: Alert: Failed XAUUSD
0	17:06:27.928	trend_dtrader AUDUSD,H1: Alert: Failed XAUUSD
0	17:06:34.017	trend_dtrader AUDUSD,H1: Alert: Failed XAUUSD
0	17:06:43.964	trend_dtrader AUDUSD,H1: Alert: Failed XAUUSD
0	17:06:47.718	trend_dtrader AUDUSD,H1: 16 : 6
0	17:06:52.032	trend_dtrader AUDUSD,H1: Alert: Failed XAUUSD
0	17:07:15.884	trend_dtrader AUDUSD,H1: Alert: Failed XAUUSD
0	17:07:19.414	trend_dtrader AUDUSD,H1: Alert: Failed XAUUSD
0	17:07:24.155	trend_dtrader AUDUSD,H1: Alert: Failed XAUUSD
0	17:07:35.267	trend_dtrader AUDUSD,H1: Alert: Failed XAUUSD
0	17:07:42.147	trend_dtrader AUDUSD,H1: Alert: Failed XAUUSD
0	17:07:47.717	trend_dtrader AUDUSD,H1: 16 : 7
0	17:07:55.160	trend_dtrader AUDUSD,H1: Alert: Failed XAUUSD
0	17:08:02.978	trend_dtrader AUDUSD,H1: Alert: Failed XAUUSD
0	17:08:17.366	trend_dtrader AUDUSD,H1: Alert: Failed XAUUSD
0	17:08:21.927	trend_dtrader AUDUSD,H1: Alert: Failed XAUUSD
0	17:08:26.831	trend_dtrader AUDUSD,H1: Alert: Failed XAUUSD
0	17:08:32.999	trend_dtrader AUDUSD,H1: Alert: Failed XAUUSD
0	17:08:41.613	trend_dtrader AUDUSD,H1: Alert: Failed XAUUSD
0	17:08:47.716	trend_dtrader AUDUSD,H1: 16 : 8
0	17:08:48.555	trend_dtrader AUDUSD,H1: Alert: Failed XAUUSD
0	17:08:55.604	trend_dtrader AUDUSD,H1: Alert: Failed XAUUSD
0	17:09:00.884	trend_dtrader AUDUSD,H1: Alert: Failed XAUUSD
0	17:09:06.789	trend_dtrader AUDUSD,H1: Alert: Failed XAUUSD
0	17:09:10.392	trend_dtrader AUDUSD,H1: Alert: Failed XAUUSD
0	17:09:13.332	trend_dtrader AUDUSD,H1: Alert: Failed XAUUSD
0	17:09:23.631	trend_dtrader AUDUSD,H1: Alert: Failed XAUUSD
0	17:09:30.411	trend_dtrader AUDUSD,H1: Alert: Failed XAUUSD
0	17:09:34.372	trend_dtrader AUDUSD,H1: Alert: Failed XAUUSD
0	17:09:47.716	trend_dtrader AUDUSD,H1: 16 : 9
0	17:09:52.991	trend_dtrader AUDUSD,H1: Alert: Failed XAUUSD
0	17:10:00.952	trend_dtrader AUDUSD,H1: Alert: Failed XAUUSD
0	17:10:09.461	trend_dtrader AUDUSD,H1: Alert: Failed XAUUSD
0	17:10:15.507	trend_dtrader AUDUSD,H1: Alert: Failed XAUUSD
0	17:10:20.484	trend_dtrader AUDUSD,H1: Alert: Failed XAUUSD
0	17:10:37.644	trend_dtrader AUDUSD,H1: Alert: Failed XAUUSD
0	17:10:46.506	trend_dtrader AUDUSD,H1: Alert: Failed XAUUSD
0	17:10:47.717	trend_dtrader AUDUSD,H1: 16 : 10
0	17:10:51.325	trend_dtrader AUDUSD,H1: Alert: Failed XAUUSD
0	17:10:56.399	trend_dtrader AUDUSD,H1: Alert: Failed XAUUSD
0	17:11:02.276	trend_dtrader AUDUSD,H1: Alert: Failed XAUUSD
0	17:11:05.814	trend_dtrader AUDUSD,H1: Alert: Failed XAUUSD
0	17:11:07.666	trend_dtrader AUDUSD,H1: Alert: Failed XAUUSD
0	17:11:14.342	trend_dtrader AUDUSD,H1: Alert: Failed XAUUSD
0	17:11:18.748	trend_dtrader AUDUSD,H1: Alert: Failed XAUUSD
0	17:11:25.704	trend_dtrader AUDUSD,H1: Alert: Failed XAUUSD
0	17:11:46.769	trend_dtrader AUDUSD,H1: Alert: Failed XAUUSD
0	17:11:47.716	trend_dtrader AUDUSD,H1: 16 : 11
0	17:12:01.305	trend_dtrader AUDUSD,H1: Alert: Failed XAUUSD
0	17:12:16.098	trend_dtrader AUDUSD,H1: Alert: Failed XAUUSD
0	17:12:22.589	trend_dtrader AUDUSD,H1: Alert: Failed XAUUSD
0	17:12:25.053	trend_dtrader AUDUSD,H1: Alert: Failed XAUUSD
0	17:12:32.817	trend_dtrader AUDUSD,H1: Alert: Failed XAUUSD
0	17:12:36.913	trend_dtrader AUDUSD,H1: Alert: Failed XAUUSD
0	17:12:40.298	trend_dtrader AUDUSD,H1: Alert: Failed XAUUSD
0	17:12:45.089	trend_dtrader AUDUSD,H1: Alert: Failed XAUUSD
0	17:12:47.716	trend_dtrader AUDUSD,H1: 16 : 12
0	17:12:49.966	trend_dtrader AUDUSD,H1: Alert: Failed XAUUSD
0	17:12:53.904	trend_dtrader AUDUSD,H1: Alert: Failed XAUUSD
0	17:12:57.570	trend_dtrader AUDUSD,H1: Alert: Failed XAUUSD
0	17:13:05.853	trend_dtrader AUDUSD,H1: Alert: Failed XAUUSD
0	17:13:08.699	trend_dtrader AUDUSD,H1: Alert: Failed XAUUSD
0	17:13:12.921	trend_dtrader AUDUSD,H1: Alert: Failed XAUUSD
0	17:13:17.545	trend_dtrader AUDUSD,H1: Alert: Failed XAUUSD
0	17:13:20.084	trend_dtrader AUDUSD,H1: Alert: Failed XAUUSD
0	17:13:23.023	trend_dtrader AUDUSD,H1: Alert: Failed XAUUSD
0	17:13:29.741	trend_dtrader AUDUSD,H1: Alert: Failed XAUUSD
0	17:13:40.776	trend_dtrader AUDUSD,H1: Alert: Failed XAUUSD
0	17:13:42.325	trend_dtrader AUDUSD,H1: Alert: Failed XAUUSD
0	17:13:47.715	trend_dtrader AUDUSD,H1: 16 : 13
0	17:13:49.395	trend_dtrader AUDUSD,H1: Alert: Failed XAUUSD
0	17:13:58.162	trend_dtrader AUDUSD,H1: Alert: Failed XAUUSD
0	17:14:09.075	trend_dtrader AUDUSD,H1: Alert: Failed XAUUSD
0	17:14:13.342	trend_dtrader AUDUSD,H1: Alert: Failed XAUUSD
0	17:14:16.536	trend_dtrader AUDUSD,H1: Alert: Failed XAUUSD
0	17:14:23.402	trend_dtrader AUDUSD,H1: Alert: Failed XAUUSD
0	17:14:30.118	trend_dtrader AUDUSD,H1: Alert: Failed XAUUSD
0	17:14:32.354	trend_dtrader AUDUSD,H1: Alert: Failed XAUUSD
0	17:14:41.109	trend_dtrader AUDUSD,H1: Alert: Failed XAUUSD
0	17:14:47.742	trend_dtrader AUDUSD,H1: 16 : 14
0	17:14:48.190	trend_dtrader AUDUSD,H1: Alert: Failed XAUUSD
0	17:14:58.106	trend_dtrader AUDUSD,H1: Alert: Failed XAUUSD
0	17:15:08.734	trend_dtrader AUDUSD,H1: Alert: Failed XAUUSD
0	17:15:15.926	trend_dtrader AUDUSD,H1: Alert: Failed XAUUSD
0	17:15:20.106	trend_dtrader AUDUSD,H1: Alert: Failed XAUUSD
0	17:15:25.545	trend_dtrader AUDUSD,H1: Alert: Failed XAUUSD
0	17:15:29.218	trend_dtrader AUDUSD,H1: Alert: Failed XAUUSD
0	17:15:33.524	trend_dtrader AUDUSD,H1: Alert: Failed XAUUSD
0	17:15:37.887	trend_dtrader AUDUSD,H1: Alert: Failed XAUUSD
0	17:15:47.714	trend_dtrader AUDUSD,H1: 16 : 15
0	17:15:56.150	trend_dtrader AUDUSD,H1: Alert: Failed XAUUSD
0	17:16:02.397	trend_dtrader AUDUSD,H1: Alert: Failed XAUUSD
0	17:16:05.405	trend_dtrader AUDUSD,H1: Alert: Failed XAUUSD
0	17:16:10.859	trend_dtrader AUDUSD,H1: Alert: Failed XAUUSD
0	17:16:15.011	trend_dtrader AUDUSD,H1: Alert: Failed XAUUSD
0	17:16:19.261	trend_dtrader AUDUSD,H1: Alert: Failed XAUUSD
0	17:16:28.903	trend_dtrader AUDUSD,H1: Alert: Failed XAUUSD
0	17:16:36.397	trend_dtrader AUDUSD,H1: Alert: Failed XAUUSD
0	17:16:40.248	trend_dtrader AUDUSD,H1: Alert: Failed XAUUSD
0	17:16:47.017	trend_dtrader AUDUSD,H1: Alert: Failed XAUUSD
0	17:16:47.714	trend_dtrader AUDUSD,H1: 16 : 16
0	17:16:51.506	trend_dtrader AUDUSD,H1: Alert: Failed XAUUSD
0	17:17:02.754	trend_dtrader AUDUSD,H1: Alert: Failed XAUUSD
0	17:17:11.509	trend_dtrader AUDUSD,H1: Alert: Failed XAUUSD
0	17:17:15.217	trend_dtrader AUDUSD,H1: Alert: Failed XAUUSD
0	17:17:33.700	trend_dtrader AUDUSD,H1: Alert: Failed XAUUSD
0	17:17:45.987	trend_dtrader AUDUSD,H1: Alert: Failed XAUUSD
0	17:17:47.713	trend_dtrader AUDUSD,H1: 16 : 17
0	17:17:58.785	trend_dtrader AUDUSD,H1: Alert: Failed XAUUSD
0	17:18:03.613	trend_dtrader AUDUSD,H1: Alert: Failed XAUUSD
0	17:18:15.273	trend_dtrader AUDUSD,H1: Alert: Failed XAUUSD
0	17:18:20.102	trend_dtrader AUDUSD,H1: Alert: Failed XAUUSD
0	17:18:24.142	trend_dtrader AUDUSD,H1: Alert: Failed XAUUSD
0	17:18:26.306	trend_dtrader AUDUSD,H1: Alert: Failed XAUUSD
0	17:18:31.691	trend_dtrader AUDUSD,H1: Alert: Failed XAUUSD
0	17:18:37.170	trend_dtrader AUDUSD,H1: Alert: Failed XAUUSD
0	17:18:47.713	trend_dtrader AUDUSD,H1: 16 : 18
0	17:18:53.135	trend_dtrader AUDUSD,H1: Alert: Failed XAUUSD
0	17:19:01.079	trend_dtrader AUDUSD,H1: Alert: Failed XAUUSD
0	17:19:19.174	trend_dtrader AUDUSD,H1: Alert: Failed XAUUSD
0	17:19:28.146	trend_dtrader AUDUSD,H1: Alert: Failed XAUUSD
0	17:19:43.444	trend_dtrader AUDUSD,H1: Alert: Failed XAUUSD
0	17:19:47.712	trend_dtrader AUDUSD,H1: 16 : 19
0	17:19:51.136	trend_dtrader AUDUSD,H1: Alert: Failed XAUUSD
0	17:19:56.055	trend_dtrader AUDUSD,H1: Alert: Failed XAUUSD
0	17:20:01.278	trend_dtrader AUDUSD,H1: Alert: Failed XAUUSD
0	17:20:07.953	trend_dtrader AUDUSD,H1: Alert: Failed XAUUSD
0	17:20:11.606	trend_dtrader AUDUSD,H1: Alert: Failed XAUUSD
0	17:20:20.201	trend_dtrader AUDUSD,H1: Alert: Failed XAUUSD
0	17:20:24.426	trend_dtrader AUDUSD,H1: Alert: Failed XAUUSD
0	17:20:33.522	trend_dtrader AUDUSD,H1: Alert: Failed XAUUSD
0	17:20:39.745	trend_dtrader AUDUSD,H1: Alert: Failed XAUUSD
0	17:20:45.568	trend_dtrader AUDUSD,H1: Alert: Failed XAUUSD
0	17:20:47.712	trend_dtrader AUDUSD,H1: 16 : 20
0	17:20:52.691	trend_dtrader AUDUSD,H1: Alert: Failed XAUUSD
0	17:21:00.469	trend_dtrader AUDUSD,H1: Alert: Failed XAUUSD
0	17:21:11.148	trend_dtrader AUDUSD,H1: Alert: Failed XAUUSD
0	17:21:18.338	trend_dtrader AUDUSD,H1: Alert: Failed XAUUSD
0	17:21:23.957	trend_dtrader AUDUSD,H1: Alert: Failed XAUUSD
0	17:21:36.503	trend_dtrader AUDUSD,H1: Alert: Failed XAUUSD
0	17:21:47.204	trend_dtrader AUDUSD,H1: Alert: Failed XAUUSD
0	17:21:47.711	trend_dtrader AUDUSD,H1: 16 : 21
0	17:21:52.741	trend_dtrader AUDUSD,H1: Alert: Failed XAUUSD
0	17:21:58.334	trend_dtrader AUDUSD,H1: Alert: Failed XAUUSD
0	17:22:04.496	trend_dtrader AUDUSD,H1: Alert: Failed XAUUSD
0	17:22:11.406	trend_dtrader AUDUSD,H1: Alert: Failed XAUUSD
0	17:22:16.193	trend_dtrader AUDUSD,H1: Alert: Failed XAUUSD
0	17:22:22.287	trend_dtrader AUDUSD,H1: Alert: Failed XAUUSD
0	17:22:27.689	trend_dtrader AUDUSD,H1: Alert: Failed XAUUSD
0	17:22:31.922	trend_dtrader AUDUSD,H1: Alert: Failed XAUUSD
0	17:22:38.152	trend_dtrader AUDUSD,H1: Alert: Failed XAUUSD
0	17:22:43.847	trend_dtrader AUDUSD,H1: Alert: Failed XAUUSD
0	17:22:47.711	trend_dtrader AUDUSD,H1: 16 : 22
0	17:22:49.255	trend_dtrader AUDUSD,H1: Alert: Failed XAUUSD
0	17:22:54.649	trend_dtrader AUDUSD,H1: Alert: Failed XAUUSD
0	17:23:00.796	trend_dtrader AUDUSD,H1: Alert: Failed XAUUSD
0	17:23:07.769	trend_dtrader AUDUSD,H1: Alert: Failed XAUUSD
0	17:23:11.010	trend_dtrader AUDUSD,H1: Alert: Failed XAUUSD
0	17:23:15.436	trend_dtrader AUDUSD,H1: Alert: Failed XAUUSD
0	17:23:19.892	trend_dtrader AUDUSD,H1: Alert: Failed XAUUSD
0	17:23:25.347	trend_dtrader AUDUSD,H1: Alert: Failed XAUUSD
0	17:23:28.581	trend_dtrader AUDUSD,H1: Alert: Failed XAUUSD
0	17:23:31.583	trend_dtrader AUDUSD,H1: Alert: Failed XAUUSD
0	17:23:37.405	trend_dtrader AUDUSD,H1: Alert: Failed XAUUSD
0	17:23:42.478	trend_dtrader AUDUSD,H1: Alert: Failed XAUUSD
0	17:23:46.691	trend_dtrader AUDUSD,H1: Alert: Failed XAUUSD
0	17:23:47.711	trend_dtrader AUDUSD,H1: 16 : 23
0	17:23:51.716	trend_dtrader AUDUSD,H1: Alert: Failed XAUUSD
0	17:23:54.922	trend_dtrader AUDUSD,H1: Alert: Failed XAUUSD
0	17:23:57.743	trend_dtrader AUDUSD,H1: Alert: Failed XAUUSD
0	17:24:06.376	trend_dtrader AUDUSD,H1: Alert: Failed XAUUSD
0	17:24:09.622	trend_dtrader AUDUSD,H1: Alert: Failed XAUUSD
0	17:24:17.903	trend_dtrader AUDUSD,H1: Alert: Failed XAUUSD
0	17:24:22.222	trend_dtrader AUDUSD,H1: Alert: Failed XAUUSD
0	17:24:29.352	trend_dtrader AUDUSD,H1: Alert: Failed XAUUSD
0	17:24:32.006	trend_dtrader AUDUSD,H1: Alert: Failed XAUUSD
0	17:24:37.020	trend_dtrader AUDUSD,H1: Alert: Failed XAUUSD
0	17:24:45.966	trend_dtrader AUDUSD,H1: Alert: Failed XAUUSD
0	17:24:47.711	trend_dtrader AUDUSD,H1: 16 : 24
0	17:24:55.999	trend_dtrader AUDUSD,H1: Alert: Failed XAUUSD
0	17:25:06.474	trend_dtrader AUDUSD,H1: Alert: Failed XAUUSD
0	17:25:17.143	trend_dtrader AUDUSD,H1: Alert: Failed XAUUSD
0	17:25:30.830	trend_dtrader AUDUSD,H1: Alert: Failed XAUUSD
0	17:25:40.920	trend_dtrader AUDUSD,H1: Alert: Failed XAUUSD
0	17:25:46.174	trend_dtrader AUDUSD,H1: Alert: Failed XAUUSD
0	17:25:47.710	trend_dtrader AUDUSD,H1: 16 : 25
0	17:25:56.251	trend_dtrader AUDUSD,H1: Alert: Failed XAUUSD
0	17:26:00.976	trend_dtrader AUDUSD,H1: Alert: Failed XAUUSD
0	17:26:08.480	trend_dtrader AUDUSD,H1: Alert: Failed XAUUSD
0	17:26:17.952	trend_dtrader AUDUSD,H1: Alert: Failed XAUUSD
0	17:26:23.320	trend_dtrader AUDUSD,H1: Alert: Failed XAUUSD
0	17:26:27.946	trend_dtrader AUDUSD,H1: Alert: Failed XAUUSD
0	17:26:32.159	trend_dtrader AUDUSD,H1: Alert: Failed XAUUSD
0	17:26:39.494	trend_dtrader AUDUSD,H1: Alert: Failed XAUUSD
0	17:26:47.709	trend_dtrader AUDUSD,H1: 16 : 26
0	17:26:57.200	trend_dtrader AUDUSD,H1: Alert: Failed XAUUSD
0	17:27:01.070	trend_dtrader AUDUSD,H1: Alert: Failed XAUUSD
0	17:27:06.260	trend_dtrader AUDUSD,H1: Alert: Failed XAUUSD
0	17:27:11.341	trend_dtrader AUDUSD,H1: Alert: Failed XAUUSD
0	17:27:23.089	trend_dtrader AUDUSD,H1: Alert: Failed XAUUSD
0	17:27:28.109	trend_dtrader AUDUSD,H1: Alert: Failed XAUUSD
0	17:27:32.955	trend_dtrader AUDUSD,H1: Alert: Failed XAUUSD
0	17:27:35.907	trend_dtrader AUDUSD,H1: Alert: Failed XAUUSD
0	17:27:44.108	trend_dtrader AUDUSD,H1: Alert: Failed XAUUSD
0	17:27:47.709	trend_dtrader AUDUSD,H1: 16 : 27
0	17:27:54.334	trend_dtrader AUDUSD,H1: Alert: Failed XAUUSD
0	17:27:59.533	trend_dtrader AUDUSD,H1: Alert: Failed XAUUSD
0	17:28:06.611	trend_dtrader AUDUSD,H1: Alert: Failed XAUUSD
0	17:28:15.951	trend_dtrader AUDUSD,H1: Alert: Failed XAUUSD
0	17:28:23.536	trend_dtrader AUDUSD,H1: Alert: Failed XAUUSD
0	17:28:40.319	trend_dtrader AUDUSD,H1: Alert: Failed XAUUSD
0	17:28:47.709	trend_dtrader AUDUSD,H1: 16 : 28
0	17:28:53.644	trend_dtrader AUDUSD,H1: Alert: Failed XAUUSD
0	17:29:03.187	trend_dtrader AUDUSD,H1: Alert: Failed XAUUSD
0	17:29:11.710	trend_dtrader AUDUSD,H1: Alert: Failed XAUUSD
0	17:29:24.561	trend_dtrader AUDUSD,H1: Alert: Failed XAUUSD
0	17:29:47.709	trend_dtrader AUDUSD,H1: 16 : 29
0	17:29:59.771	trend_dtrader AUDUSD,H1: Alert: Failed XAUUSD
0	17:30:09.569	trend_dtrader AUDUSD,H1: Alert: Failed XAUUSD
0	17:30:18.506	trend_dtrader AUDUSD,H1: Alert: Failed XAUUSD
0	17:30:23.580	trend_dtrader AUDUSD,H1: Alert: Failed XAUUSD
0	17:30:30.078	trend_dtrader AUDUSD,H1: Alert: Failed XAUUSD
0	17:30:33.662	trend_dtrader AUDUSD,H1: Alert: Failed XAUUSD
0	17:30:37.600	trend_dtrader AUDUSD,H1: Alert: Failed XAUUSD
0	17:30:46.345	trend_dtrader AUDUSD,H1: Alert: Failed XAUUSD
0	17:30:47.707	trend_dtrader AUDUSD,H1: 16 : 30
0	17:30:51.387	trend_dtrader AUDUSD,H1: Alert: Failed XAUUSD
0	17:31:05.238	trend_dtrader AUDUSD,H1: Alert: Failed XAUUSD
0	17:31:25.437	trend_dtrader AUDUSD,H1: Alert: Failed XAUUSD
0	17:31:34.876	trend_dtrader AUDUSD,H1: Alert: Failed XAUUSD
0	17:31:38.075	trend_dtrader AUDUSD,H1: Alert: Failed XAUUSD
0	17:31:47.708	trend_dtrader AUDUSD,H1: 16 : 31
0	17:32:01.832	trend_dtrader AUDUSD,H1: Alert: Failed XAUUSD
0	17:32:07.566	trend_dtrader AUDUSD,H1: Alert: Failed XAUUSD
0	17:32:17.667	trend_dtrader AUDUSD,H1: Alert: Failed XAUUSD
0	17:32:23.016	trend_dtrader AUDUSD,H1: Alert: Failed XAUUSD
0	17:32:36.867	trend_dtrader AUDUSD,H1: Alert: Failed XAUUSD
0	17:32:47.707	trend_dtrader AUDUSD,H1: 16 : 32
0	17:32:53.429	trend_dtrader AUDUSD,H1: Alert: Failed XAUUSD
0	17:33:02.639	trend_dtrader AUDUSD,H1: Alert: Failed XAUUSD
0	17:33:06.020	trend_dtrader AUDUSD,H1: Alert: Failed XAUUSD
0	17:33:11.605	trend_dtrader AUDUSD,H1: Alert: Failed XAUUSD
0	17:33:21.803	trend_dtrader AUDUSD,H1: Alert: Failed XAUUSD
0	17:33:28.191	trend_dtrader AUDUSD,H1: Alert: Failed XAUUSD
0	17:33:39.966	trend_dtrader AUDUSD,H1: Alert: Failed XAUUSD
0	17:33:43.709	trend_dtrader AUDUSD,H1: Alert: Failed XAUUSD
0	17:33:47.707	trend_dtrader AUDUSD,H1: 16 : 33
0	17:33:49.195	trend_dtrader AUDUSD,H1: Alert: Failed XAUUSD
0	17:33:52.124	trend_dtrader AUDUSD,H1: Alert: Failed XAUUSD
0	17:34:08.070	trend_dtrader AUDUSD,H1: Alert: Failed XAUUSD
0	17:34:13.319	trend_dtrader AUDUSD,H1: Alert: Failed XAUUSD
0	17:34:17.605	trend_dtrader AUDUSD,H1: Alert: Failed XAUUSD
0	17:34:23.455	trend_dtrader AUDUSD,H1: Alert: Failed XAUUSD
0	17:34:28.254	trend_dtrader AUDUSD,H1: Alert: Failed XAUUSD
0	17:34:37.298	trend_dtrader AUDUSD,H1: Alert: Failed XAUUSD
0	17:34:45.806	trend_dtrader AUDUSD,H1: Alert: Failed XAUUSD
0	17:34:47.706	trend_dtrader AUDUSD,H1: 16 : 34
0	17:34:56.205	trend_dtrader AUDUSD,H1: Alert: Failed XAUUSD
0	17:35:01.422	trend_dtrader AUDUSD,H1: Alert: Failed XAUUSD
0	17:35:09.805	trend_dtrader AUDUSD,H1: Alert: Failed XAUUSD
0	17:35:16.139	trend_dtrader AUDUSD,H1: Alert: Failed XAUUSD
0	17:35:21.918	trend_dtrader AUDUSD,H1: Alert: Failed XAUUSD
0	17:35:43.078	trend_dtrader AUDUSD,H1: Alert: Failed XAUUSD
0	17:35:47.706	trend_dtrader AUDUSD,H1: 16 : 35
0	17:35:51.693	trend_dtrader AUDUSD,H1: Alert: Failed XAUUSD
0	17:35:53.945	trend_dtrader AUDUSD,H1: Alert: Failed XAUUSD
0	17:36:03.661	trend_dtrader AUDUSD,H1: Alert: Failed XAUUSD
0	17:36:14.405	trend_dtrader AUDUSD,H1: Alert: Failed XAUUSD
0	17:36:43.570	trend_dtrader AUDUSD,H1: Alert: Failed XAUUSD
0	17:36:47.706	trend_dtrader AUDUSD,H1: 16 : 36
0	17:37:09.498	trend_dtrader AUDUSD,H1: Alert: Failed XAUUSD
0	17:37:15.123	trend_dtrader AUDUSD,H1: Alert: Failed XAUUSD
0	17:37:29.835	trend_dtrader AUDUSD,H1: Alert: Failed XAUUSD
0	17:37:33.779	trend_dtrader AUDUSD,H1: Alert: Failed XAUUSD
0	17:37:39.482	trend_dtrader AUDUSD,H1: Alert: Failed XAUUSD
0	17:37:47.706	trend_dtrader AUDUSD,H1: 16 : 37
0	17:37:50.195	trend_dtrader AUDUSD,H1: Alert: Failed XAUUSD
0	17:37:57.974	trend_dtrader AUDUSD,H1: Alert: Failed XAUUSD
0	17:38:13.329	trend_dtrader AUDUSD,H1: Alert: Failed XAUUSD
0	17:38:21.306	trend_dtrader AUDUSD,H1: Alert: Failed XAUUSD
0	17:38:36.202	trend_dtrader AUDUSD,H1: Alert: Failed XAUUSD
0	17:38:40.673	trend_dtrader AUDUSD,H1: Alert: Failed XAUUSD
0	17:38:47.705	trend_dtrader AUDUSD,H1: 16 : 38
0	17:38:49.448	trend_dtrader AUDUSD,H1: Alert: Failed XAUUSD
0	17:39:02.428	trend_dtrader AUDUSD,H1: Alert: Failed XAUUSD
0	17:39:16.249	trend_dtrader AUDUSD,H1: Alert: Failed XAUUSD
0	17:39:35.021	trend_dtrader AUDUSD,H1: Alert: Failed XAUUSD
0	17:39:42.222	trend_dtrader AUDUSD,H1: Alert: Failed XAUUSD
0	17:39:47.704	trend_dtrader AUDUSD,H1: 16 : 39
0	17:40:06.645	trend_dtrader AUDUSD,H1: Alert: Failed XAUUSD
0	17:40:20.821	trend_dtrader AUDUSD,H1: Alert: Failed XAUUSD
0	17:40:47.710	trend_dtrader AUDUSD,H1: 16 : 40
0	17:40:53.370	trend_dtrader AUDUSD,H1: Alert: Failed XAUUSD
0	17:41:08.071	trend_dtrader AUDUSD,H1: Alert: Failed XAUUSD
0	17:41:13.165	trend_dtrader AUDUSD,H1: Alert: Failed XAUUSD
0	17:41:19.972	trend_dtrader AUDUSD,H1: Alert: Failed XAUUSD
0	17:41:24.953	trend_dtrader AUDUSD,H1: Alert: Failed XAUUSD
0	17:41:28.903	trend_dtrader AUDUSD,H1: Alert: Failed XAUUSD
0	17:41:47.703	trend_dtrader AUDUSD,H1: 16 : 41
0	17:41:54.530	trend_dtrader AUDUSD,H1: Alert: Failed XAUUSD
0	17:42:12.104	trend_dtrader AUDUSD,H1: Alert: Failed XAUUSD
0	17:42:22.934	trend_dtrader AUDUSD,H1: Alert: Failed XAUUSD
0	17:42:47.703	trend_dtrader AUDUSD,H1: 16 : 42
0	17:42:59.443	trend_dtrader AUDUSD,H1: Alert: Failed XAUUSD
0	17:43:12.162	trend_dtrader AUDUSD,H1: Alert: Failed XAUUSD
0	17:43:25.606	trend_dtrader AUDUSD,H1: Alert: Failed XAUUSD
0	17:43:29.533	trend_dtrader AUDUSD,H1: Alert: Failed XAUUSD
0	17:43:46.769	trend_dtrader AUDUSD,H1: Alert: Failed XAUUSD
0	17:43:47.703	trend_dtrader AUDUSD,H1: 16 : 43
0	17:44:01.372	trend_dtrader AUDUSD,H1: Alert: Failed XAUUSD
0	17:44:11.395	trend_dtrader AUDUSD,H1: Alert: Failed XAUUSD
0	17:44:47.703	trend_dtrader AUDUSD,H1: 16 : 44
0	17:44:58.633	trend_dtrader AUDUSD,H1: Alert: Failed XAUUSD
0	17:45:01.606	trend_dtrader AUDUSD,H1: Alert: Failed XAUUSD
0	17:45:08.054	trend_dtrader AUDUSD,H1: Alert: Failed XAUUSD
0	17:45:18.275	trend_dtrader AUDUSD,H1: Alert: Failed XAUUSD
0	17:45:27.045	trend_dtrader AUDUSD,H1: Alert: Failed XAUUSD
0	17:45:35.268	trend_dtrader AUDUSD,H1: Alert: Failed XAUUSD
0	17:45:43.383	trend_dtrader AUDUSD,H1: Alert: Failed XAUUSD
0	17:45:47.702	trend_dtrader AUDUSD,H1: 16 : 45
0	17:45:51.999	trend_dtrader AUDUSD,H1: Alert: Failed XAUUSD
0	17:45:58.111	trend_dtrader AUDUSD,H1: Alert: Failed XAUUSD
0	17:46:02.602	trend_dtrader AUDUSD,H1: Alert: Failed XAUUSD
0	17:46:11.082	trend_dtrader AUDUSD,H1: Alert: Failed XAUUSD
0	17:46:18.699	trend_dtrader AUDUSD,H1: Alert: Failed XAUUSD
0	17:46:25.896	trend_dtrader AUDUSD,H1: Alert: Failed XAUUSD
0	17:46:33.541	trend_dtrader AUDUSD,H1: Alert: Failed XAUUSD
0	17:46:38.172	trend_dtrader AUDUSD,H1: Alert: Failed XAUUSD
0	17:46:45.521	trend_dtrader AUDUSD,H1: Alert: Failed XAUUSD
0	17:46:47.701	trend_dtrader AUDUSD,H1: 16 : 46
0	17:46:52.716	trend_dtrader AUDUSD,H1: Alert: Failed XAUUSD
0	17:46:56.071	trend_dtrader AUDUSD,H1: Alert: Failed XAUUSD
0	17:47:02.113	trend_dtrader AUDUSD,H1: Alert: Failed XAUUSD
0	17:47:05.197	trend_dtrader AUDUSD,H1: Alert: Failed XAUUSD
0	17:47:12.651	trend_dtrader AUDUSD,H1: Alert: Failed XAUUSD
0	17:47:24.851	trend_dtrader AUDUSD,H1: Alert: Failed XAUUSD
0	17:47:44.646	trend_dtrader AUDUSD,H1: Alert: Failed XAUUSD
0	17:47:47.633	trend_dtrader AUDUSD,H1: Alert: Failed XAUUSD
0	17:47:47.702	trend_dtrader AUDUSD,H1: 16 : 47
0	17:47:51.489	trend_dtrader AUDUSD,H1: Alert: Failed XAUUSD
0	17:48:01.880	trend_dtrader AUDUSD,H1: Alert: Failed XAUUSD
0	17:48:04.485	trend_dtrader AUDUSD,H1: Alert: Failed XAUUSD
0	17:48:08.203	trend_dtrader AUDUSD,H1: Alert: Failed XAUUSD
0	17:48:16.057	trend_dtrader AUDUSD,H1: Alert: Failed XAUUSD
0	17:48:23.338	trend_dtrader AUDUSD,H1: Alert: Failed XAUUSD
0	17:48:25.716	trend_dtrader AUDUSD,H1: Alert: Failed XAUUSD
0	17:48:30.792	trend_dtrader AUDUSD,H1: Alert: Failed XAUUSD
0	17:48:37.022	trend_dtrader AUDUSD,H1: Alert: Failed XAUUSD
0	17:48:42.304	trend_dtrader AUDUSD,H1: Alert: Failed XAUUSD
0	17:48:47.700	trend_dtrader AUDUSD,H1: 16 : 48
0	17:48:48.811	trend_dtrader AUDUSD,H1: Alert: Failed XAUUSD
0	17:48:53.518	trend_dtrader AUDUSD,H1: Alert: Failed XAUUSD
0	17:48:58.547	trend_dtrader AUDUSD,H1: Alert: Failed XAUUSD
0	17:49:02.718	trend_dtrader AUDUSD,H1: Alert: Failed XAUUSD
0	17:49:22.928	trend_dtrader AUDUSD,H1: Alert: Failed XAUUSD
0	17:49:30.557	trend_dtrader AUDUSD,H1: Alert: Failed XAUUSD
0	17:49:40.452	trend_dtrader AUDUSD,H1: Alert: Failed XAUUSD
0	17:49:45.452	trend_dtrader AUDUSD,H1: Alert: Failed XAUUSD
0	17:49:47.701	trend_dtrader AUDUSD,H1: 16 : 49
0	17:49:50.273	trend_dtrader AUDUSD,H1: Alert: Failed XAUUSD
0	17:49:57.968	trend_dtrader AUDUSD,H1: Alert: Failed XAUUSD
0	17:50:01.413	trend_dtrader AUDUSD,H1: Alert: Failed XAUUSD
0	17:50:04.784	trend_dtrader AUDUSD,H1: Alert: Failed XAUUSD
0	17:50:14.877	trend_dtrader AUDUSD,H1: Alert: Failed XAUUSD
0	17:50:21.877	trend_dtrader AUDUSD,H1: Alert: Failed XAUUSD
0	17:50:26.481	trend_dtrader AUDUSD,H1: Alert: Failed XAUUSD
0	17:50:47.700	trend_dtrader AUDUSD,H1: 16 : 50
0	17:50:49.760	trend_dtrader AUDUSD,H1: Alert: Failed XAUUSD
0	17:51:02.668	trend_dtrader AUDUSD,H1: Alert: Failed XAUUSD
0	17:51:06.655	trend_dtrader AUDUSD,H1: Alert: Failed XAUUSD
0	17:51:14.321	trend_dtrader AUDUSD,H1: Alert: Failed XAUUSD
0	17:51:27.274	trend_dtrader AUDUSD,H1: Alert: Failed XAUUSD
0	17:51:30.766	trend_dtrader AUDUSD,H1: Alert: Failed XAUUSD
0	17:51:34.840	trend_dtrader AUDUSD,H1: Alert: Failed XAUUSD
0	17:51:46.553	trend_dtrader AUDUSD,H1: Alert: Failed XAUUSD
0	17:51:47.699	trend_dtrader AUDUSD,H1: 16 : 51
0	17:52:07.867	trend_dtrader AUDUSD,H1: Alert: Failed XAUUSD
0	17:52:19.783	trend_dtrader AUDUSD,H1: Alert: Failed XAUUSD
0	17:52:30.668	trend_dtrader AUDUSD,H1: Alert: Failed XAUUSD
0	17:52:38.663	trend_dtrader AUDUSD,H1: Alert: Failed XAUUSD
0	17:52:47.699	trend_dtrader AUDUSD,H1: 16 : 52
0	17:53:07.033	trend_dtrader AUDUSD,H1: Alert: Failed XAUUSD
0	17:53:44.382	trend_dtrader AUDUSD,H1: Alert: Failed XAUUSD
0	17:53:47.699	trend_dtrader AUDUSD,H1: 16 : 53
0	17:53:48.904	trend_dtrader AUDUSD,H1: Alert: Failed XAUUSD
0	17:54:10.383	trend_dtrader AUDUSD,H1: Alert: Failed XAUUSD
0	17:54:20.061	trend_dtrader AUDUSD,H1: Alert: Failed XAUUSD
0	17:54:45.768	trend_dtrader AUDUSD,H1: Alert: Failed XAUUSD
0	17:54:47.698	trend_dtrader AUDUSD,H1: 16 : 54
0	17:54:59.418	trend_dtrader AUDUSD,H1: Alert: Failed XAUUSD
0	17:55:09.563	trend_dtrader AUDUSD,H1: Alert: Failed XAUUSD
0	17:55:15.735	trend_dtrader AUDUSD,H1: Alert: Failed XAUUSD
0	17:55:33.603	trend_dtrader AUDUSD,H1: Alert: Failed XAUUSD
0	17:55:47.698	trend_dtrader AUDUSD,H1: 16 : 55
0	17:55:58.558	trend_dtrader AUDUSD,H1: Alert: Failed XAUUSD
0	17:56:08.383	trend_dtrader AUDUSD,H1: Alert: Failed XAUUSD
0	17:56:12.600	trend_dtrader AUDUSD,H1: Alert: Failed XAUUSD
0	17:56:34.892	trend_dtrader AUDUSD,H1: Alert: Failed XAUUSD
0	17:56:47.698	trend_dtrader AUDUSD,H1: 16 : 56
0	17:57:09.341	trend_dtrader AUDUSD,H1: Alert: Failed XAUUSD
0	17:57:15.212	trend_dtrader AUDUSD,H1: Alert: Failed XAUUSD
0	17:57:30.128	trend_dtrader AUDUSD,H1: Alert: Failed XAUUSD
0	17:57:44.681	trend_dtrader AUDUSD,H1: Alert: Failed XAUUSD
0	17:57:47.697	trend_dtrader AUDUSD,H1: 16 : 57
0	17:57:58.460	trend_dtrader AUDUSD,H1: Alert: Failed XAUUSD
0	17:58:18.912	trend_dtrader AUDUSD,H1: Alert: Failed XAUUSD
0	17:58:37.948	trend_dtrader AUDUSD,H1: Alert: Failed XAUUSD
0	17:58:47.015	trend_dtrader AUDUSD,H1: Alert: Failed XAUUSD
0	17:58:47.696	trend_dtrader AUDUSD,H1: 16 : 58
0	17:58:52.638	trend_dtrader AUDUSD,H1: Alert: Failed XAUUSD
0	17:59:01.646	trend_dtrader AUDUSD,H1: Alert: Failed XAUUSD
0	17:59:12.195	trend_dtrader AUDUSD,H1: Alert: Failed XAUUSD
0	17:59:15.411	trend_dtrader AUDUSD,H1: Alert: Failed XAUUSD
0	17:59:47.294	trend_dtrader AUDUSD,H1: Alert: Failed XAUUSD
0	17:59:47.696	trend_dtrader AUDUSD,H1: 16 : 59
0	17:59:56.082	trend_dtrader AUDUSD,H1: Alert: Failed XAUUSD
0	18:00:02.195	trend_dtrader AUDUSD,H1: Alert: Failed XAUUSD
0	18:00:16.735	trend_dtrader AUDUSD,H1: Alert: Failed XAUUSD
0	18:00:22.557	trend_dtrader AUDUSD,H1: Alert: Failed XAUUSD
0	18:00:46.086	trend_dtrader AUDUSD,H1: Alert: Failed XAUUSD
0	18:00:47.696	trend_dtrader AUDUSD,H1: 17 : 0
0	18:00:55.362	trend_dtrader AUDUSD,H1: Alert: Failed XAUUSD
0	18:01:03.280	trend_dtrader AUDUSD,H1: Alert: Failed XAUUSD
0	18:01:06.996	trend_dtrader AUDUSD,H1: Alert: Failed XAUUSD
0	18:01:11.023	trend_dtrader AUDUSD,H1: Alert: Failed XAUUSD
0	18:01:18.819	trend_dtrader AUDUSD,H1: Alert: Failed XAUUSD
0	18:01:21.998	trend_dtrader AUDUSD,H1: Alert: Failed XAUUSD
0	18:01:25.842	trend_dtrader AUDUSD,H1: Alert: Failed XAUUSD
0	18:01:32.394	trend_dtrader AUDUSD,H1: Alert: Failed XAUUSD
0	18:01:35.601	trend_dtrader AUDUSD,H1: Alert: Failed XAUUSD
0	18:01:38.581	trend_dtrader AUDUSD,H1: Alert: Failed XAUUSD
0	18:01:44.072	trend_dtrader AUDUSD,H1: Alert: Failed XAUUSD
0	18:01:47.230	trend_dtrader AUDUSD,H1: Alert: Failed XAUUSD
0	18:01:47.695	trend_dtrader AUDUSD,H1: 17 : 1
0	18:01:51.869	trend_dtrader AUDUSD,H1: Alert: Failed XAUUSD
0	18:02:03.042	trend_dtrader AUDUSD,H1: Alert: Failed XAUUSD
0	18:02:12.422	trend_dtrader AUDUSD,H1: Alert: Failed XAUUSD
0	18:02:18.370	trend_dtrader AUDUSD,H1: Alert: Failed XAUUSD
0	18:02:21.238	trend_dtrader AUDUSD,H1: Alert: Failed XAUUSD
0	18:02:24.824	trend_dtrader AUDUSD,H1: Alert: Failed XAUUSD
0	18:02:31.799	trend_dtrader AUDUSD,H1: Alert: Failed XAUUSD
0	18:02:45.003	trend_dtrader AUDUSD,H1: Alert: Failed XAUUSD
0	18:02:47.706	trend_dtrader AUDUSD,H1: 17 : 2
0	18:02:59.188	trend_dtrader AUDUSD,H1: Alert: Failed XAUUSD
0	18:03:02.239	trend_dtrader AUDUSD,H1: Alert: Failed XAUUSD
0	18:03:08.097	trend_dtrader AUDUSD,H1: Alert: Failed XAUUSD
0	18:03:17.855	trend_dtrader AUDUSD,H1: Alert: Failed XAUUSD
0	18:03:22.911	trend_dtrader AUDUSD,H1: Alert: Failed XAUUSD
0	18:03:30.484	trend_dtrader AUDUSD,H1: Alert: Failed XAUUSD
0	18:03:47.351	trend_dtrader AUDUSD,H1: Alert: Failed XAUUSD
0	18:03:47.695	trend_dtrader AUDUSD,H1: 17 : 3
0	18:03:55.636	trend_dtrader AUDUSD,H1: Alert: Failed XAUUSD
0	18:04:00.553	trend_dtrader AUDUSD,H1: Alert: Failed XAUUSD
0	18:04:19.536	trend_dtrader AUDUSD,H1: Alert: Failed XAUUSD
0	18:04:28.902	trend_dtrader AUDUSD,H1: Alert: Failed XAUUSD
0	18:04:35.403	trend_dtrader AUDUSD,H1: Alert: Failed XAUUSD
0	18:04:38.800	trend_dtrader AUDUSD,H1: Alert: Failed XAUUSD
0	18:04:47.695	trend_dtrader AUDUSD,H1: 17 : 4
0	18:04:48.343	trend_dtrader AUDUSD,H1: Alert: Failed XAUUSD
0	18:04:56.239	trend_dtrader AUDUSD,H1: Alert: Failed XAUUSD
0	18:05:05.305	trend_dtrader AUDUSD,H1: Alert: Failed XAUUSD
0	18:05:11.806	trend_dtrader AUDUSD,H1: Alert: Failed XAUUSD
0	18:05:15.993	trend_dtrader AUDUSD,H1: Alert: Failed XAUUSD
0	18:05:22.409	trend_dtrader AUDUSD,H1: Alert: Failed XAUUSD
0	18:05:27.780	trend_dtrader AUDUSD,H1: Alert: Failed XAUUSD
0	18:05:47.696	trend_dtrader AUDUSD,H1: 17 : 5
0	18:05:48.290	trend_dtrader AUDUSD,H1: Alert: Failed XAUUSD
0	18:05:52.779	trend_dtrader AUDUSD,H1: Alert: Failed XAUUSD
0	18:06:09.244	trend_dtrader AUDUSD,H1: Alert: Failed XAUUSD
0	18:06:15.252	trend_dtrader AUDUSD,H1: Alert: Failed XAUUSD
0	18:06:29.045	trend_dtrader AUDUSD,H1: Alert: Failed XAUUSD
0	18:06:35.351	trend_dtrader AUDUSD,H1: Alert: Failed XAUUSD
0	18:06:38.551	trend_dtrader AUDUSD,H1: Alert: Failed XAUUSD
0	18:06:47.694	trend_dtrader AUDUSD,H1: 17 : 6
0	18:06:48.131	trend_dtrader AUDUSD,H1: Alert: Failed XAUUSD
0	18:06:53.979	trend_dtrader AUDUSD,H1: Alert: Failed XAUUSD
0	18:07:11.505	trend_dtrader AUDUSD,H1: Alert: Failed XAUUSD
0	18:07:18.652	trend_dtrader AUDUSD,H1: Alert: Failed XAUUSD
0	18:07:36.960	trend_dtrader AUDUSD,H1: Alert: Failed XAUUSD
0	18:07:47.694	trend_dtrader AUDUSD,H1: 17 : 7
0	18:08:21.868	trend_dtrader AUDUSD,H1: Alert: Failed XAUUSD
0	18:08:32.675	trend_dtrader AUDUSD,H1: Alert: Failed XAUUSD
0	18:08:43.788	trend_dtrader AUDUSD,H1: Alert: Failed XAUUSD
0	18:08:47.692	trend_dtrader AUDUSD,H1: 17 : 8
0	18:08:50.206	trend_dtrader AUDUSD,H1: Alert: Failed XAUUSD
0	18:09:02.681	trend_dtrader AUDUSD,H1: Alert: Failed XAUUSD
0	18:09:20.893	trend_dtrader AUDUSD,H1: Alert: Failed XAUUSD
0	18:09:32.721	trend_dtrader AUDUSD,H1: Alert: Failed XAUUSD
0	18:09:35.508	trend_dtrader AUDUSD,H1: Alert: Failed XAUUSD
0	18:09:41.914	trend_dtrader AUDUSD,H1: Alert: Failed XAUUSD
0	18:09:46.941	trend_dtrader AUDUSD,H1: Alert: Failed XAUUSD
0	18:09:47.693	trend_dtrader AUDUSD,H1: 17 : 9
0	18:09:55.770	trend_dtrader AUDUSD,H1: Alert: Failed XAUUSD
0	18:10:07.150	trend_dtrader AUDUSD,H1: Alert: Failed XAUUSD
0	18:10:38.134	trend_dtrader AUDUSD,H1: Alert: Failed XAUUSD
0	18:10:41.484	trend_dtrader AUDUSD,H1: Alert: Failed XAUUSD
0	18:10:47.692	trend_dtrader AUDUSD,H1: 17 : 10
0	18:11:01.678	trend_dtrader AUDUSD,H1: Alert: Failed XAUUSD
0	18:11:22.042	trend_dtrader AUDUSD,H1: Alert: Failed XAUUSD
0	18:11:42.421	trend_dtrader AUDUSD,H1: Alert: Failed XAUUSD
0	18:11:47.691	trend_dtrader AUDUSD,H1: 17 : 11
0	18:12:01.495	trend_dtrader AUDUSD,H1: Alert: Failed XAUUSD
0	18:12:06.095	trend_dtrader AUDUSD,H1: Alert: Failed XAUUSD
0	18:12:12.826	trend_dtrader AUDUSD,H1: Alert: Failed XAUUSD
0	18:12:23.683	trend_dtrader AUDUSD,H1: Alert: Failed XAUUSD
0	18:12:38.327	trend_dtrader AUDUSD,H1: Alert: Failed XAUUSD
0	18:12:47.691	trend_dtrader AUDUSD,H1: 17 : 12
0	18:12:51.704	trend_dtrader AUDUSD,H1: Alert: Failed XAUUSD
0	18:13:14.326	trend_dtrader AUDUSD,H1: Alert: Failed XAUUSD
0	18:13:16.863	trend_dtrader AUDUSD,H1: Alert: Failed XAUUSD
0	18:13:28.130	trend_dtrader AUDUSD,H1: Alert: Failed XAUUSD
0	18:13:44.164	trend_dtrader AUDUSD,H1: Alert: Failed XAUUSD
0	18:13:47.691	trend_dtrader AUDUSD,H1: 17 : 13
0	18:13:58.750	trend_dtrader AUDUSD,H1: Alert: Failed XAUUSD
0	18:14:09.146	trend_dtrader AUDUSD,H1: Alert: Failed XAUUSD
0	18:14:33.758	trend_dtrader AUDUSD,H1: Alert: Failed XAUUSD
0	18:14:46.152	trend_dtrader AUDUSD,H1: Alert: Failed XAUUSD
0	18:14:47.690	trend_dtrader AUDUSD,H1: 17 : 14
0	18:14:48.381	trend_dtrader AUDUSD,H1: Alert: Failed XAUUSD
0	18:14:53.242	trend_dtrader AUDUSD,H1: Alert: Failed XAUUSD
0	18:15:00.054	trend_dtrader AUDUSD,H1: Alert: Failed XAUUSD
0	18:15:14.043	trend_dtrader AUDUSD,H1: Alert: Failed XAUUSD
0	18:15:21.057	trend_dtrader AUDUSD,H1: Alert: Failed XAUUSD
0	18:15:30.083	trend_dtrader AUDUSD,H1: Alert: Failed XAUUSD
0	18:15:44.263	trend_dtrader AUDUSD,H1: Alert: Failed XAUUSD
0	18:15:47.690	trend_dtrader AUDUSD,H1: 17 : 15
0	18:15:50.844	trend_dtrader AUDUSD,H1: Alert: Failed XAUUSD
0	18:15:54.603	trend_dtrader AUDUSD,H1: Alert: Failed XAUUSD
0	18:16:02.414	trend_dtrader AUDUSD,H1: Alert: Failed XAUUSD
0	18:16:12.557	trend_dtrader AUDUSD,H1: Alert: Failed XAUUSD
0	18:16:17.288	trend_dtrader AUDUSD,H1: Alert: Failed XAUUSD
0	18:16:25.238	trend_dtrader AUDUSD,H1: Alert: Failed XAUUSD
0	18:16:41.168	trend_dtrader AUDUSD,H1: Alert: Failed XAUUSD
0	18:16:47.690	trend_dtrader AUDUSD,H1: 17 : 16
0	18:16:49.667	trend_dtrader AUDUSD,H1: Alert: Failed XAUUSD
0	18:17:09.035	trend_dtrader AUDUSD,H1: Alert: Failed XAUUSD
0	18:17:15.711	trend_dtrader AUDUSD,H1: Alert: Failed XAUUSD
0	18:17:23.663	trend_dtrader AUDUSD,H1: Alert: Failed XAUUSD
0	18:17:28.249	trend_dtrader AUDUSD,H1: Alert: Failed XAUUSD
0	18:17:43.542	trend_dtrader AUDUSD,H1: Alert: Failed XAUUSD
0	18:17:47.689	trend_dtrader AUDUSD,H1: 17 : 17
0	18:17:53.812	trend_dtrader AUDUSD,H1: Alert: Failed XAUUSD
0	18:18:06.008	trend_dtrader AUDUSD,H1: Alert: Failed XAUUSD
0	18:18:17.492	trend_dtrader AUDUSD,H1: Alert: Failed XAUUSD
0	18:18:24.974	trend_dtrader AUDUSD,H1: Alert: Failed XAUUSD
0	18:18:44.693	trend_dtrader AUDUSD,H1: Alert: Failed XAUUSD
0	18:18:46.673	trend_dtrader AUDUSD,H1: Alert: Failed XAUUSD
0	18:18:47.688	trend_dtrader AUDUSD,H1: 17 : 18
0	18:19:27.686	trend_dtrader AUDUSD,H1: Alert: Failed XAUUSD
0	18:19:46.548	trend_dtrader AUDUSD,H1: Alert: Failed XAUUSD
0	18:19:47.688	trend_dtrader AUDUSD,H1: 17 : 19
0	18:19:49.473	trend_dtrader AUDUSD,H1: Alert: Failed XAUUSD
0	18:19:53.699	trend_dtrader AUDUSD,H1: Alert: Failed XAUUSD
0	18:20:21.521	trend_dtrader AUDUSD,H1: Alert: Failed XAUUSD
0	18:20:30.695	trend_dtrader AUDUSD,H1: Alert: Failed XAUUSD
0	18:20:34.844	trend_dtrader AUDUSD,H1: Alert: Failed XAUUSD
0	18:20:44.355	trend_dtrader AUDUSD,H1: Alert: Failed XAUUSD
0	18:20:47.688	trend_dtrader AUDUSD,H1: 17 : 20
0	18:20:55.681	trend_dtrader AUDUSD,H1: Alert: Failed XAUUSD
0	18:21:11.077	trend_dtrader AUDUSD,H1: Alert: Failed XAUUSD
0	18:21:17.778	trend_dtrader AUDUSD,H1: Alert: Failed XAUUSD
0	18:21:22.501	trend_dtrader AUDUSD,H1: Alert: Failed XAUUSD
0	18:21:28.805	trend_dtrader AUDUSD,H1: Alert: Failed XAUUSD
0	18:21:47.688	trend_dtrader AUDUSD,H1: 17 : 21
0	18:21:52.910	trend_dtrader AUDUSD,H1: Alert: Failed XAUUSD
0	18:22:08.560	trend_dtrader AUDUSD,H1: Alert: Failed XAUUSD
0	18:22:25.578	trend_dtrader AUDUSD,H1: Alert: Failed XAUUSD
0	18:22:47.687	trend_dtrader AUDUSD,H1: 17 : 22
0	18:22:58.825	trend_dtrader AUDUSD,H1: Alert: Failed XAUUSD
0	18:23:15.221	trend_dtrader AUDUSD,H1: Alert: Failed XAUUSD
0	18:23:21.617	trend_dtrader AUDUSD,H1: Alert: Failed XAUUSD
0	18:23:36.491	trend_dtrader AUDUSD,H1: Alert: Failed XAUUSD
0	18:23:47.687	trend_dtrader AUDUSD,H1: 17 : 23
0	18:23:54.433	trend_dtrader AUDUSD,H1: Alert: Failed XAUUSD
0	18:24:18.623	trend_dtrader AUDUSD,H1: Alert: Failed XAUUSD
0	18:24:25.489	trend_dtrader AUDUSD,H1: Alert: Failed XAUUSD
0	18:24:40.683	trend_dtrader AUDUSD,H1: Alert: Failed XAUUSD
0	18:24:47.687	trend_dtrader AUDUSD,H1: 17 : 24
0	18:24:53.867	trend_dtrader AUDUSD,H1: Alert: Failed XAUUSD
0	18:25:07.113	trend_dtrader AUDUSD,H1: Alert: Failed XAUUSD
0	18:25:12.683	trend_dtrader AUDUSD,H1: Alert: Failed XAUUSD
0	18:25:32.985	trend_dtrader AUDUSD,H1: Alert: Failed XAUUSD
0	18:25:39.874	trend_dtrader AUDUSD,H1: Alert: Failed XAUUSD
0	18:25:47.686	trend_dtrader AUDUSD,H1: 17 : 25
0	18:25:54.981	trend_dtrader AUDUSD,H1: Alert: Failed XAUUSD
0	18:26:03.864	trend_dtrader AUDUSD,H1: Alert: Failed XAUUSD
0	18:26:20.856	trend_dtrader AUDUSD,H1: Alert: Failed XAUUSD
0	18:26:23.442	trend_dtrader AUDUSD,H1: Alert: Failed XAUUSD
0	18:26:31.854	trend_dtrader AUDUSD,H1: Alert: Failed XAUUSD
0	18:26:39.356	trend_dtrader AUDUSD,H1: Alert: Failed XAUUSD
0	18:26:44.152	trend_dtrader AUDUSD,H1: Alert: Failed XAUUSD
0	18:26:47.686	trend_dtrader AUDUSD,H1: 17 : 26
0	18:26:52.486	trend_dtrader AUDUSD,H1: Alert: Failed XAUUSD
0	18:27:15.207	trend_dtrader AUDUSD,H1: Alert: Failed XAUUSD
0	18:27:23.345	trend_dtrader AUDUSD,H1: Alert: Failed XAUUSD
0	18:27:38.473	trend_dtrader AUDUSD,H1: Alert: Failed XAUUSD
0	18:27:44.825	trend_dtrader AUDUSD,H1: Alert: Failed XAUUSD
0	18:27:47.686	trend_dtrader AUDUSD,H1: 17 : 27
0	18:27:59.785	trend_dtrader AUDUSD,H1: Alert: Failed XAUUSD
0	18:28:22.041	trend_dtrader AUDUSD,H1: Alert: Failed XAUUSD
0	18:28:30.675	trend_dtrader AUDUSD,H1: Alert: Failed XAUUSD
0	18:28:39.526	trend_dtrader AUDUSD,H1: Alert: Failed XAUUSD
0	18:28:44.255	trend_dtrader AUDUSD,H1: Alert: Failed XAUUSD
0	18:28:47.685	trend_dtrader AUDUSD,H1: 17 : 28
0	18:29:03.781	trend_dtrader AUDUSD,H1: Alert: Failed XAUUSD
0	18:29:14.059	trend_dtrader AUDUSD,H1: Alert: Failed XAUUSD
0	18:29:18.117	trend_dtrader AUDUSD,H1: Alert: Failed XAUUSD
0	18:29:23.409	trend_dtrader AUDUSD,H1: Alert: Failed XAUUSD
0	18:29:31.074	trend_dtrader AUDUSD,H1: Alert: Failed XAUUSD
0	18:29:44.732	trend_dtrader AUDUSD,H1: Alert: Failed XAUUSD
0	18:29:47.685	trend_dtrader AUDUSD,H1: 17 : 29
0	18:30:00.498	trend_dtrader AUDUSD,H1: Alert: Failed XAUUSD
0	18:30:06.072	trend_dtrader AUDUSD,H1: Alert: Failed XAUUSD
0	18:30:12.328	trend_dtrader AUDUSD,H1: Alert: Failed XAUUSD
0	18:30:25.986	trend_dtrader AUDUSD,H1: Alert: Failed XAUUSD
0	18:30:35.588	trend_dtrader AUDUSD,H1: Alert: Failed XAUUSD
0	18:30:44.062	trend_dtrader AUDUSD,H1: Alert: Failed XAUUSD
0	18:30:47.684	trend_dtrader AUDUSD,H1: 17 : 30
0	18:30:56.604	trend_dtrader AUDUSD,H1: Alert: Failed XAUUSD
0	18:31:03.060	trend_dtrader AUDUSD,H1: Alert: Failed XAUUSD
0	18:31:13.772	trend_dtrader AUDUSD,H1: Alert: Failed XAUUSD
0	18:31:22.348	trend_dtrader AUDUSD,H1: Alert: Failed XAUUSD
0	18:31:32.609	trend_dtrader AUDUSD,H1: Alert: Failed XAUUSD
0	18:31:46.460	trend_dtrader AUDUSD,H1: Alert: Failed XAUUSD
0	18:31:47.690	trend_dtrader AUDUSD,H1: 17 : 31
0	18:31:49.486	trend_dtrader AUDUSD,H1: Alert: Failed XAUUSD
0	18:32:00.601	trend_dtrader AUDUSD,H1: Alert: Failed XAUUSD
0	18:32:03.727	trend_dtrader AUDUSD,H1: Alert: Failed XAUUSD
0	18:32:07.628	trend_dtrader AUDUSD,H1: Alert: Failed XAUUSD
0	18:32:17.817	trend_dtrader AUDUSD,H1: Alert: Failed XAUUSD
0	18:32:28.717	trend_dtrader AUDUSD,H1: Alert: Failed XAUUSD
0	18:32:35.072	trend_dtrader AUDUSD,H1: Alert: Failed XAUUSD
0	18:32:47.684	trend_dtrader AUDUSD,H1: 17 : 32
0	18:32:49.201	trend_dtrader AUDUSD,H1: Alert: Failed XAUUSD
0	18:32:55.648	trend_dtrader AUDUSD,H1: Alert: Failed XAUUSD
0	18:33:17.134	trend_dtrader AUDUSD,H1: Alert: Failed XAUUSD
0	18:33:22.793	trend_dtrader AUDUSD,H1: Alert: Failed XAUUSD
0	18:33:42.448	trend_dtrader AUDUSD,H1: Alert: Failed XAUUSD
0	18:33:47.683	trend_dtrader AUDUSD,H1: 17 : 33
0	18:33:55.846	trend_dtrader AUDUSD,H1: Alert: Failed XAUUSD
0	18:34:07.966	trend_dtrader AUDUSD,H1: Alert: Failed XAUUSD
0	18:34:16.403	trend_dtrader AUDUSD,H1: Alert: Failed XAUUSD
0	18:34:23.212	trend_dtrader AUDUSD,H1: Alert: Failed XAUUSD
0	18:34:33.732	trend_dtrader AUDUSD,H1: Alert: Failed XAUUSD
0	18:34:39.546	trend_dtrader AUDUSD,H1: Alert: Failed XAUUSD
0	18:34:47.683	trend_dtrader AUDUSD,H1: 17 : 34
0	18:34:50.480	trend_dtrader AUDUSD,H1: Alert: Failed XAUUSD
0	18:34:57.790	trend_dtrader AUDUSD,H1: Alert: Failed XAUUSD
0	18:35:02.865	trend_dtrader AUDUSD,H1: Alert: Failed XAUUSD
0	18:35:08.630	trend_dtrader AUDUSD,H1: Alert: Failed XAUUSD
0	18:35:13.118	trend_dtrader AUDUSD,H1: Alert: Failed XAUUSD
0	18:35:18.503	trend_dtrader AUDUSD,H1: Alert: Failed XAUUSD
0	18:35:29.502	trend_dtrader AUDUSD,H1: Alert: Failed XAUUSD
0	18:35:36.144	trend_dtrader AUDUSD,H1: Alert: Failed XAUUSD
0	18:35:43.136	trend_dtrader AUDUSD,H1: Alert: Failed XAUUSD
0	18:35:47.682	trend_dtrader AUDUSD,H1: 17 : 35
0	18:35:50.715	trend_dtrader AUDUSD,H1: Alert: Failed XAUUSD
0	18:36:10.591	trend_dtrader AUDUSD,H1: Alert: Failed XAUUSD
0	18:36:30.839	trend_dtrader AUDUSD,H1: Alert: Failed XAUUSD
0	18:36:47.682	trend_dtrader AUDUSD,H1: 17 : 36
0	18:36:49.005	trend_dtrader AUDUSD,H1: Alert: Failed XAUUSD
0	18:36:52.710	trend_dtrader AUDUSD,H1: Alert: Failed XAUUSD
0	18:36:58.989	trend_dtrader AUDUSD,H1: Alert: Failed XAUUSD
0	18:37:17.035	trend_dtrader AUDUSD,H1: Alert: Failed XAUUSD
0	18:37:25.993	trend_dtrader AUDUSD,H1: Alert: Failed XAUUSD
0	18:37:43.073	trend_dtrader AUDUSD,H1: Alert: Failed XAUUSD
0	18:37:47.681	trend_dtrader AUDUSD,H1: 17 : 37
0	18:38:10.388	trend_dtrader AUDUSD,H1: Alert: Failed XAUUSD
0	18:38:39.633	trend_dtrader AUDUSD,H1: Alert: Failed XAUUSD
0	18:38:47.680	trend_dtrader AUDUSD,H1: 17 : 38
0	18:38:57.487	trend_dtrader AUDUSD,H1: Alert: Failed XAUUSD
0	18:39:03.423	trend_dtrader AUDUSD,H1: Alert: Failed XAUUSD
0	18:39:28.772	trend_dtrader AUDUSD,H1: Alert: Failed XAUUSD
0	18:39:36.216	trend_dtrader AUDUSD,H1: Alert: Failed XAUUSD
0	18:39:47.681	trend_dtrader AUDUSD,H1: 17 : 39
0	18:39:50.629	trend_dtrader AUDUSD,H1: Alert: Failed XAUUSD
0	18:39:59.910	trend_dtrader AUDUSD,H1: Alert: Failed XAUUSD
0	18:40:08.077	trend_dtrader AUDUSD,H1: Alert: Failed XAUUSD
0	18:40:23.478	trend_dtrader AUDUSD,H1: Alert: Failed XAUUSD
0	18:40:44.016	trend_dtrader AUDUSD,H1: Alert: Failed XAUUSD
0	18:40:47.680	trend_dtrader AUDUSD,H1: 17 : 40
0	18:41:05.968	trend_dtrader AUDUSD,H1: Alert: Failed XAUUSD
0	18:41:13.519	trend_dtrader AUDUSD,H1: Alert: Failed XAUUSD
0	18:41:30.712	trend_dtrader AUDUSD,H1: Alert: Failed XAUUSD
0	18:41:47.723	trend_dtrader AUDUSD,H1: 17 : 41
0	18:41:57.708	trend_dtrader AUDUSD,H1: Alert: Failed XAUUSD
0	18:42:10.719	trend_dtrader AUDUSD,H1: Alert: Failed XAUUSD
0	18:42:23.484	trend_dtrader AUDUSD,H1: Alert: Failed XAUUSD
0	18:42:41.595	trend_dtrader AUDUSD,H1: Alert: Failed XAUUSD
0	18:42:47.679	trend_dtrader AUDUSD,H1: 17 : 42
0	18:42:50.454	trend_dtrader AUDUSD,H1: Alert: Failed XAUUSD
0	18:42:57.615	trend_dtrader AUDUSD,H1: Alert: Failed XAUUSD
0	18:43:17.397	trend_dtrader AUDUSD,H1: Alert: Failed XAUUSD
0	18:43:27.177	trend_dtrader AUDUSD,H1: Alert: Failed XAUUSD
0	18:43:35.419	trend_dtrader AUDUSD,H1: Alert: Failed XAUUSD
0	18:43:47.679	trend_dtrader AUDUSD,H1: 17 : 43
0	18:44:01.173	trend_dtrader AUDUSD,H1: Alert: Failed XAUUSD
0	18:44:20.286	trend_dtrader AUDUSD,H1: Alert: Failed XAUUSD
0	18:44:44.085	trend_dtrader AUDUSD,H1: Alert: Failed XAUUSD
0	18:44:47.678	trend_dtrader AUDUSD,H1: 17 : 44
0	18:44:57.080	trend_dtrader AUDUSD,H1: Alert: Failed XAUUSD
0	18:45:00.584	trend_dtrader AUDUSD,H1: Alert: Failed XAUUSD
0	18:45:17.570	trend_dtrader AUDUSD,H1: Alert: Failed XAUUSD
0	18:45:35.694	trend_dtrader AUDUSD,H1: Alert: Failed XAUUSD
0	18:45:47.678	trend_dtrader AUDUSD,H1: 17 : 45
0	18:46:13.037	trend_dtrader AUDUSD,H1: Alert: Failed XAUUSD
0	18:46:21.356	trend_dtrader AUDUSD,H1: Alert: Failed XAUUSD
0	18:46:27.970	trend_dtrader AUDUSD,H1: Alert: Failed XAUUSD
0	18:46:31.952	trend_dtrader AUDUSD,H1: Alert: Failed XAUUSD
0	18:46:47.678	trend_dtrader AUDUSD,H1: 17 : 46
0	18:46:56.556	trend_dtrader AUDUSD,H1: Alert: Failed XAUUSD
0	18:47:03.473	trend_dtrader AUDUSD,H1: Alert: Failed XAUUSD
0	18:47:40.267	trend_dtrader AUDUSD,H1: Alert: Failed XAUUSD
0	18:47:47.678	trend_dtrader AUDUSD,H1: 17 : 47
0	18:48:15.056	trend_dtrader AUDUSD,H1: Alert: Failed XAUUSD
0	18:48:23.418	trend_dtrader AUDUSD,H1: Alert: Failed XAUUSD
0	18:48:27.332	trend_dtrader AUDUSD,H1: Alert: Failed XAUUSD
0	18:48:36.629	trend_dtrader AUDUSD,H1: Alert: Failed XAUUSD
0	18:48:47.677	trend_dtrader AUDUSD,H1: 17 : 48
0	18:48:53.125	trend_dtrader AUDUSD,H1: Alert: Failed XAUUSD
0	18:49:05.501	trend_dtrader AUDUSD,H1: Alert: Failed XAUUSD
0	18:49:18.341	trend_dtrader AUDUSD,H1: Alert: Failed XAUUSD
0	18:49:23.793	trend_dtrader AUDUSD,H1: Alert: Failed XAUUSD
0	18:49:47.676	trend_dtrader AUDUSD,H1: 17 : 49
0	18:50:00.646	trend_dtrader AUDUSD,H1: Alert: Failed XAUUSD
0	18:50:10.915	trend_dtrader AUDUSD,H1: Alert: Failed XAUUSD
0	18:50:17.910	trend_dtrader AUDUSD,H1: Alert: Failed XAUUSD
0	18:50:27.526	trend_dtrader AUDUSD,H1: Alert: Failed XAUUSD
0	18:50:42.332	trend_dtrader AUDUSD,H1: Alert: Failed XAUUSD
0	18:50:47.677	trend_dtrader AUDUSD,H1: 17 : 50
0	18:51:08.964	trend_dtrader AUDUSD,H1: Alert: Failed XAUUSD
0	18:51:18.582	trend_dtrader AUDUSD,H1: Alert: Failed XAUUSD
0	18:51:24.943	trend_dtrader AUDUSD,H1: Alert: Failed XAUUSD
0	18:51:35.407	trend_dtrader AUDUSD,H1: Alert: Failed XAUUSD
0	18:51:47.877	trend_dtrader AUDUSD,H1: Alert: Failed XAUUSD
0	18:51:47.877	trend_dtrader AUDUSD,H1: 17 : 51
0	18:52:02.419	trend_dtrader AUDUSD,H1: Alert: Failed XAUUSD
0	18:52:19.570	trend_dtrader AUDUSD,H1: Alert: Failed XAUUSD
0	18:52:27.113	trend_dtrader AUDUSD,H1: Alert: Failed XAUUSD
0	18:52:43.818	trend_dtrader AUDUSD,H1: Alert: Failed XAUUSD
0	18:52:47.676	trend_dtrader AUDUSD,H1: 17 : 52
0	18:52:50.954	trend_dtrader AUDUSD,H1: Alert: Failed XAUUSD
0	18:53:04.711	trend_dtrader AUDUSD,H1: Alert: Failed XAUUSD
0	18:53:22.280	trend_dtrader AUDUSD,H1: Alert: Failed XAUUSD
0	18:53:34.754	trend_dtrader AUDUSD,H1: Alert: Failed XAUUSD
0	18:53:40.556	trend_dtrader AUDUSD,H1: Alert: Failed XAUUSD
0	18:53:47.675	trend_dtrader AUDUSD,H1: 17 : 53
0	18:53:57.216	trend_dtrader AUDUSD,H1: Alert: Failed XAUUSD
0	18:54:01.699	trend_dtrader AUDUSD,H1: Alert: Failed XAUUSD
0	18:54:29.860	trend_dtrader AUDUSD,H1: Alert: Failed XAUUSD
0	18:54:44.466	trend_dtrader AUDUSD,H1: Alert: Failed XAUUSD
0	18:54:47.674	trend_dtrader AUDUSD,H1: 17 : 54
0	18:54:55.482	trend_dtrader AUDUSD,H1: Alert: Failed XAUUSD
0	18:55:11.628	trend_dtrader AUDUSD,H1: Alert: Failed XAUUSD
0	18:55:23.342	trend_dtrader AUDUSD,H1: Alert: Failed XAUUSD
0	18:55:27.054	trend_dtrader AUDUSD,H1: Alert: Failed XAUUSD
0	18:55:37.633	trend_dtrader AUDUSD,H1: Alert: Failed XAUUSD
0	18:55:46.042	trend_dtrader AUDUSD,H1: Alert: Failed XAUUSD
0	18:55:47.675	trend_dtrader AUDUSD,H1: 17 : 55
0	18:56:11.397	trend_dtrader AUDUSD,H1: Alert: Failed XAUUSD
0	18:56:22.435	trend_dtrader AUDUSD,H1: Alert: Failed XAUUSD
0	18:56:47.674	trend_dtrader AUDUSD,H1: 17 : 56
0	18:56:53.423	trend_dtrader AUDUSD,H1: Alert: Failed XAUUSD
0	18:57:01.382	trend_dtrader AUDUSD,H1: Alert: Failed XAUUSD
0	18:57:13.315	trend_dtrader AUDUSD,H1: Alert: Failed XAUUSD
0	18:57:28.483	trend_dtrader AUDUSD,H1: Alert: Failed XAUUSD
0	18:57:43.434	trend_dtrader AUDUSD,H1: Alert: Failed XAUUSD
0	18:57:47.673	trend_dtrader AUDUSD,H1: 17 : 57
0	18:57:52.383	trend_dtrader AUDUSD,H1: Alert: Failed XAUUSD
0	18:58:11.232	trend_dtrader AUDUSD,H1: Alert: Failed XAUUSD
0	18:58:21.221	trend_dtrader AUDUSD,H1: Alert: Failed XAUUSD
0	18:58:26.067	trend_dtrader AUDUSD,H1: Alert: Failed XAUUSD
0	18:58:36.291	trend_dtrader AUDUSD,H1: Alert: Failed XAUUSD
0	18:58:47.673	trend_dtrader AUDUSD,H1: 17 : 58
0	18:58:50.731	trend_dtrader AUDUSD,H1: Alert: Failed XAUUSD
0	18:58:57.808	trend_dtrader AUDUSD,H1: Alert: Failed XAUUSD
0	18:59:03.484	trend_dtrader AUDUSD,H1: Alert: Failed XAUUSD
0	18:59:08.530	trend_dtrader AUDUSD,H1: Alert: Failed XAUUSD
0	18:59:13.104	trend_dtrader AUDUSD,H1: Alert: Failed XAUUSD
0	18:59:24.448	trend_dtrader AUDUSD,H1: Alert: Failed XAUUSD
0	18:59:32.870	trend_dtrader AUDUSD,H1: Alert: Failed XAUUSD
0	18:59:39.827	trend_dtrader AUDUSD,H1: Alert: Failed XAUUSD
0	18:59:47.756	trend_dtrader AUDUSD,H1: Alert: Failed XAUUSD
0	18:59:47.756	trend_dtrader AUDUSD,H1: 17 : 59
0	18:59:55.544	trend_dtrader AUDUSD,H1: Alert: Failed XAUUSD
0	19:00:04.848	trend_dtrader AUDUSD,H1: Alert: Failed XAUUSD
0	19:00:15.475	trend_dtrader AUDUSD,H1: Alert: Failed XAUUSD
0	19:00:18.823	trend_dtrader AUDUSD,H1: Alert: Failed XAUUSD
0	19:00:30.418	trend_dtrader AUDUSD,H1: Alert: Failed XAUUSD
0	19:00:37.374	trend_dtrader AUDUSD,H1: Alert: Failed XAUUSD
0	19:00:47.672	trend_dtrader AUDUSD,H1: 18 : 0
0	19:00:48.095	trend_dtrader AUDUSD,H1: Alert: Failed XAUUSD
0	19:00:53.247	trend_dtrader AUDUSD,H1: Alert: Failed XAUUSD
0	19:01:00.738	trend_dtrader AUDUSD,H1: Alert: Failed XAUUSD
0	19:01:02.932	trend_dtrader AUDUSD,H1: Alert: Failed XAUUSD
0	19:01:11.418	trend_dtrader AUDUSD,H1: Alert: Failed XAUUSD
0	19:01:19.080	trend_dtrader AUDUSD,H1: Alert: Failed XAUUSD
0	19:01:47.672	trend_dtrader AUDUSD,H1: 18 : 1
0	19:02:01.010	trend_dtrader AUDUSD,H1: Alert: Failed XAUUSD
0	19:02:05.177	trend_dtrader AUDUSD,H1: Alert: Failed XAUUSD
0	19:02:18.280	trend_dtrader AUDUSD,H1: Alert: Failed XAUUSD
0	19:02:32.845	trend_dtrader AUDUSD,H1: Alert: Failed XAUUSD
0	19:02:37.301	trend_dtrader AUDUSD,H1: Alert: Failed XAUUSD
0	19:02:47.671	trend_dtrader AUDUSD,H1: 18 : 2
0	19:03:05.597	trend_dtrader AUDUSD,H1: Alert: Failed XAUUSD
0	19:03:41.177	trend_dtrader AUDUSD,H1: Alert: Failed XAUUSD
0	19:03:47.670	trend_dtrader AUDUSD,H1: 18 : 3
0	19:04:38.678	trend_dtrader AUDUSD,H1: Alert: Failed XAUUSD
0	19:04:47.670	trend_dtrader AUDUSD,H1: 18 : 4
0	19:04:48.089	trend_dtrader AUDUSD,H1: Alert: Failed XAUUSD
0	19:05:05.604	trend_dtrader AUDUSD,H1: Alert: Failed XAUUSD
0	19:05:23.226	trend_dtrader AUDUSD,H1: Alert: Failed XAUUSD
0	19:05:34.710	trend_dtrader AUDUSD,H1: Alert: Failed XAUUSD
0	19:05:47.670	trend_dtrader AUDUSD,H1: 18 : 5
0	19:05:49.467	trend_dtrader AUDUSD,H1: Alert: Failed XAUUSD
0	19:06:21.849	trend_dtrader AUDUSD,H1: Alert: Failed XAUUSD
0	19:06:37.803	trend_dtrader AUDUSD,H1: Alert: Failed XAUUSD
0	19:06:47.669	trend_dtrader AUDUSD,H1: 18 : 6
0	19:07:06.032	trend_dtrader AUDUSD,H1: Alert: Failed XAUUSD
0	19:07:18.354	trend_dtrader AUDUSD,H1: Alert: Failed XAUUSD
0	19:07:27.962	trend_dtrader AUDUSD,H1: Alert: Failed XAUUSD
0	19:07:41.385	trend_dtrader AUDUSD,H1: Alert: Failed XAUUSD
0	19:07:47.669	trend_dtrader AUDUSD,H1: 18 : 7
0	19:07:50.461	trend_dtrader AUDUSD,H1: Alert: Failed XAUUSD
0	19:07:54.150	trend_dtrader AUDUSD,H1: Alert: Failed XAUUSD
0	19:07:58.723	trend_dtrader AUDUSD,H1: Alert: Failed XAUUSD
0	19:08:02.587	trend_dtrader AUDUSD,H1: Alert: Failed XAUUSD
0	19:08:12.953	trend_dtrader AUDUSD,H1: Alert: Failed XAUUSD
0	19:08:20.929	trend_dtrader AUDUSD,H1: Alert: Failed XAUUSD
0	19:08:25.281	trend_dtrader AUDUSD,H1: Alert: Failed XAUUSD
0	19:08:43.418	trend_dtrader AUDUSD,H1: Alert: Failed XAUUSD
0	19:08:47.669	trend_dtrader AUDUSD,H1: 18 : 8
0	19:08:57.819	trend_dtrader AUDUSD,H1: Alert: Failed XAUUSD
0	19:09:10.241	trend_dtrader AUDUSD,H1: Alert: Failed XAUUSD
0	19:09:15.678	trend_dtrader AUDUSD,H1: Alert: Failed XAUUSD
0	19:09:47.668	trend_dtrader AUDUSD,H1: 18 : 9
0	19:10:02.683	trend_dtrader AUDUSD,H1: Alert: Failed XAUUSD
0	19:10:09.542	trend_dtrader AUDUSD,H1: Alert: Failed XAUUSD
0	19:10:23.052	trend_dtrader AUDUSD,H1: Alert: Failed XAUUSD
0	19:10:34.242	trend_dtrader AUDUSD,H1: Alert: Failed XAUUSD
0	19:10:47.669	trend_dtrader AUDUSD,H1: 18 : 10
0	19:10:48.018	trend_dtrader AUDUSD,H1: Alert: Failed XAUUSD
0	19:11:23.334	trend_dtrader AUDUSD,H1: Alert: Failed XAUUSD
0	19:11:38.863	trend_dtrader AUDUSD,H1: Alert: Failed XAUUSD
0	19:11:47.668	trend_dtrader AUDUSD,H1: 18 : 11
0	19:11:51.544	trend_dtrader AUDUSD,H1: Alert: Failed XAUUSD
0	19:12:34.864	trend_dtrader AUDUSD,H1: Alert: Failed XAUUSD
0	19:12:47.266	trend_dtrader AUDUSD,H1: Alert: Failed XAUUSD
0	19:12:47.668	trend_dtrader AUDUSD,H1: 18 : 12
0	19:13:13.102	trend_dtrader AUDUSD,H1: Alert: Failed XAUUSD
0	19:13:22.585	trend_dtrader AUDUSD,H1: Alert: Failed XAUUSD
0	19:13:29.111	trend_dtrader AUDUSD,H1: Alert: Failed XAUUSD
0	19:13:47.667	trend_dtrader AUDUSD,H1: 18 : 13
0	19:13:56.530	trend_dtrader AUDUSD,H1: Alert: Failed XAUUSD
0	19:14:07.311	trend_dtrader AUDUSD,H1: Alert: Failed XAUUSD
0	19:14:21.051	trend_dtrader AUDUSD,H1: Alert: Failed XAUUSD
0	19:14:44.094	trend_dtrader AUDUSD,H1: Alert: Failed XAUUSD
0	19:14:47.667	trend_dtrader AUDUSD,H1: 18 : 14
0	19:15:10.869	trend_dtrader AUDUSD,H1: Alert: Failed XAUUSD
0	19:15:23.613	trend_dtrader AUDUSD,H1: Alert: Failed XAUUSD
0	19:15:43.528	trend_dtrader AUDUSD,H1: Alert: Failed XAUUSD
0	19:15:47.666	trend_dtrader AUDUSD,H1: 18 : 15
0	19:15:51.063	trend_dtrader AUDUSD,H1: Alert: Failed XAUUSD
0	19:15:59.921	trend_dtrader AUDUSD,H1: Alert: Failed XAUUSD
0	19:16:11.068	trend_dtrader AUDUSD,H1: Alert: Failed XAUUSD
0	19:16:21.257	trend_dtrader AUDUSD,H1: Alert: Failed XAUUSD
0	19:16:29.858	trend_dtrader AUDUSD,H1: Alert: Failed XAUUSD
0	19:16:47.665	trend_dtrader AUDUSD,H1: 18 : 16
0	19:17:09.004	trend_dtrader AUDUSD,H1: Alert: Failed XAUUSD
0	19:17:21.580	trend_dtrader AUDUSD,H1: Alert: Failed XAUUSD
0	19:17:34.410	trend_dtrader AUDUSD,H1: Alert: Failed XAUUSD
0	19:17:37.141	trend_dtrader AUDUSD,H1: Alert: Failed XAUUSD
0	19:17:47.666	trend_dtrader AUDUSD,H1: 18 : 17
0	19:18:05.466	trend_dtrader AUDUSD,H1: Alert: Failed XAUUSD
0	19:18:14.951	trend_dtrader AUDUSD,H1: Alert: Failed XAUUSD
0	19:18:29.716	trend_dtrader AUDUSD,H1: Alert: Failed XAUUSD
0	19:18:38.255	trend_dtrader AUDUSD,H1: Alert: Failed XAUUSD
0	19:18:47.666	trend_dtrader AUDUSD,H1: 18 : 18
0	19:18:47.957	trend_dtrader AUDUSD,H1: Alert: Failed XAUUSD
0	19:19:04.558	trend_dtrader AUDUSD,H1: Alert: Failed XAUUSD
0	19:19:29.019	trend_dtrader AUDUSD,H1: Alert: Failed XAUUSD
0	19:19:37.326	trend_dtrader AUDUSD,H1: Alert: Failed XAUUSD
0	19:19:39.527	trend_dtrader AUDUSD,H1: Alert: Failed XAUUSD
0	19:19:47.664	trend_dtrader AUDUSD,H1: 18 : 19
0	19:19:48.530	trend_dtrader AUDUSD,H1: Alert: Failed XAUUSD
0	19:20:00.529	trend_dtrader AUDUSD,H1: Alert: Failed XAUUSD
0	19:20:05.980	trend_dtrader AUDUSD,H1: Alert: Failed XAUUSD
0	19:20:20.156	trend_dtrader AUDUSD,H1: Alert: Failed XAUUSD
0	19:20:39.346	trend_dtrader AUDUSD,H1: Alert: Failed XAUUSD
0	19:20:47.011	trend_dtrader AUDUSD,H1: Alert: Failed XAUUSD
0	19:20:47.664	trend_dtrader AUDUSD,H1: 18 : 20
0	19:20:51.159	trend_dtrader AUDUSD,H1: Alert: Failed XAUUSD
0	19:20:54.084	trend_dtrader AUDUSD,H1: Alert: Failed XAUUSD
0	19:21:10.411	trend_dtrader AUDUSD,H1: Alert: Failed XAUUSD
0	19:21:23.100	trend_dtrader AUDUSD,H1: Alert: Failed XAUUSD
0	19:21:38.519	trend_dtrader AUDUSD,H1: Alert: Failed XAUUSD
0	19:21:47.664	trend_dtrader AUDUSD,H1: 18 : 21
0	19:22:09.229	trend_dtrader AUDUSD,H1: Alert: Failed XAUUSD
0	19:22:27.064	trend_dtrader AUDUSD,H1: Alert: Failed XAUUSD
0	19:22:47.663	trend_dtrader AUDUSD,H1: 18 : 22
0	19:22:53.958	trend_dtrader AUDUSD,H1: Alert: Failed XAUUSD
0	19:23:01.885	trend_dtrader AUDUSD,H1: Alert: Failed XAUUSD
0	19:23:22.543	trend_dtrader AUDUSD,H1: Alert: Failed XAUUSD
0	19:23:32.167	trend_dtrader AUDUSD,H1: Alert: Failed XAUUSD
0	19:23:43.213	trend_dtrader AUDUSD,H1: Alert: Failed XAUUSD
0	19:23:47.663	trend_dtrader AUDUSD,H1: 18 : 23
0	19:23:57.542	trend_dtrader AUDUSD,H1: Alert: Failed XAUUSD
0	19:24:04.850	trend_dtrader AUDUSD,H1: Alert: Failed XAUUSD
0	19:24:11.584	trend_dtrader AUDUSD,H1: Alert: Failed XAUUSD
0	19:24:19.300	trend_dtrader AUDUSD,H1: Alert: Failed XAUUSD
0	19:24:45.145	trend_dtrader AUDUSD,H1: Alert: Failed XAUUSD
0	19:24:47.663	trend_dtrader AUDUSD,H1: 18 : 24
0	19:24:58.757	trend_dtrader AUDUSD,H1: Alert: Failed XAUUSD
0	19:25:02.331	trend_dtrader AUDUSD,H1: Alert: Failed XAUUSD
0	19:25:09.478	trend_dtrader AUDUSD,H1: Alert: Failed XAUUSD
0	19:25:15.315	trend_dtrader AUDUSD,H1: Alert: Failed XAUUSD
0	19:25:21.151	trend_dtrader AUDUSD,H1: Alert: Failed XAUUSD
0	19:25:42.761	trend_dtrader AUDUSD,H1: Alert: Failed XAUUSD
0	19:25:47.672	trend_dtrader AUDUSD,H1: 18 : 25
0	19:25:51.750	trend_dtrader AUDUSD,H1: Alert: Failed XAUUSD
0	19:26:09.247	trend_dtrader AUDUSD,H1: Alert: Failed XAUUSD
0	19:26:30.578	trend_dtrader AUDUSD,H1: Alert: Failed XAUUSD
0	19:26:40.545	trend_dtrader AUDUSD,H1: Alert: Failed XAUUSD
0	19:26:46.303	trend_dtrader AUDUSD,H1: Alert: Failed XAUUSD
0	19:26:47.662	trend_dtrader AUDUSD,H1: 18 : 26
0	19:27:00.588	trend_dtrader AUDUSD,H1: Alert: Failed XAUUSD
0	19:27:06.609	trend_dtrader AUDUSD,H1: Alert: Failed XAUUSD
0	19:27:14.166	trend_dtrader AUDUSD,H1: Alert: Failed XAUUSD
0	19:27:46.077	trend_dtrader AUDUSD,H1: Alert: Failed XAUUSD
0	19:27:47.662	trend_dtrader AUDUSD,H1: 18 : 27
0	19:27:57.067	trend_dtrader AUDUSD,H1: Alert: Failed XAUUSD
0	19:28:22.341	trend_dtrader AUDUSD,H1: Alert: Failed XAUUSD
0	19:28:47.661	trend_dtrader AUDUSD,H1: 18 : 28
0	19:28:53.279	trend_dtrader AUDUSD,H1: Alert: Failed XAUUSD
0	19:29:13.683	trend_dtrader AUDUSD,H1: Alert: Failed XAUUSD
0	19:29:41.101	trend_dtrader AUDUSD,H1: Alert: Failed XAUUSD
0	19:29:47.660	trend_dtrader AUDUSD,H1: 18 : 29
0	19:29:58.963	trend_dtrader AUDUSD,H1: Alert: Failed XAUUSD
0	19:30:47.660	trend_dtrader AUDUSD,H1: 18 : 30
0	19:31:01.139	trend_dtrader AUDUSD,H1: Alert: Failed XAUUSD
0	19:31:47.660	trend_dtrader AUDUSD,H1: 18 : 31
0	19:31:55.723	trend_dtrader AUDUSD,H1: Alert: Failed XAUUSD
0	19:32:36.520	trend_dtrader AUDUSD,H1: Alert: Failed XAUUSD
0	19:32:44.466	trend_dtrader AUDUSD,H1: Alert: Failed XAUUSD
0	19:32:47.659	trend_dtrader AUDUSD,H1: 18 : 32
0	19:32:59.586	trend_dtrader AUDUSD,H1: Alert: Failed XAUUSD
0	19:33:14.194	trend_dtrader AUDUSD,H1: Alert: Failed XAUUSD
0	19:33:31.541	trend_dtrader AUDUSD,H1: Alert: Failed XAUUSD
0	19:33:47.659	trend_dtrader AUDUSD,H1: 18 : 33
0	19:33:57.940	trend_dtrader AUDUSD,H1: Alert: Failed XAUUSD
0	19:34:23.330	trend_dtrader AUDUSD,H1: Alert: Failed XAUUSD
0	19:34:31.254	trend_dtrader AUDUSD,H1: Alert: Failed XAUUSD
0	19:34:47.659	trend_dtrader AUDUSD,H1: 18 : 34
0	19:35:00.618	trend_dtrader AUDUSD,H1: Alert: Failed XAUUSD
0	19:35:23.410	trend_dtrader AUDUSD,H1: Alert: Failed XAUUSD
0	19:35:45.645	trend_dtrader AUDUSD,H1: Alert: Failed XAUUSD
0	19:35:47.659	trend_dtrader AUDUSD,H1: 18 : 35
0	19:36:00.105	trend_dtrader AUDUSD,H1: Alert: Failed XAUUSD
0	19:36:12.190	trend_dtrader AUDUSD,H1: Alert: Failed XAUUSD
0	19:36:23.221	trend_dtrader AUDUSD,H1: Alert: Failed XAUUSD
0	19:36:47.658	trend_dtrader AUDUSD,H1: 18 : 36
0	19:36:49.048	trend_dtrader AUDUSD,H1: Alert: Failed XAUUSD
0	19:37:00.153	trend_dtrader AUDUSD,H1: Alert: Failed XAUUSD
0	19:37:08.628	trend_dtrader AUDUSD,H1: Alert: Failed XAUUSD
0	19:37:27.782	trend_dtrader AUDUSD,H1: Alert: Failed XAUUSD
0	19:37:32.516	trend_dtrader AUDUSD,H1: Alert: Failed XAUUSD
0	19:37:42.858	trend_dtrader AUDUSD,H1: Alert: Failed XAUUSD
0	19:37:46.195	trend_dtrader AUDUSD,H1: Alert: Failed XAUUSD
0	19:37:47.657	trend_dtrader AUDUSD,H1: 18 : 37
0	19:38:28.076	trend_dtrader AUDUSD,H1: Alert: Failed XAUUSD
0	19:38:33.673	trend_dtrader AUDUSD,H1: Alert: Failed XAUUSD
0	19:38:45.916	trend_dtrader AUDUSD,H1: Alert: Failed XAUUSD
0	19:38:47.662	trend_dtrader AUDUSD,H1: 18 : 38
0	19:39:07.393	trend_dtrader AUDUSD,H1: Alert: Failed XAUUSD
0	19:39:23.387	trend_dtrader AUDUSD,H1: Alert: Failed XAUUSD
0	19:39:44.964	trend_dtrader AUDUSD,H1: Alert: Failed XAUUSD
0	19:39:47.657	trend_dtrader AUDUSD,H1: 18 : 39
0	19:39:55.610	trend_dtrader AUDUSD,H1: Alert: Failed XAUUSD
0	19:40:46.389	trend_dtrader AUDUSD,H1: Alert: Failed XAUUSD
0	19:40:47.656	trend_dtrader AUDUSD,H1: 18 : 40
0	19:41:27.168	trend_dtrader AUDUSD,H1: Alert: Failed XAUUSD
0	19:41:47.656	trend_dtrader AUDUSD,H1: 18 : 41
0	19:41:55.660	trend_dtrader AUDUSD,H1: Alert: Failed XAUUSD
0	19:42:20.718	trend_dtrader AUDUSD,H1: Alert: Failed XAUUSD
0	19:42:38.732	trend_dtrader AUDUSD,H1: Alert: Failed XAUUSD
0	19:42:47.655	trend_dtrader AUDUSD,H1: 18 : 42
0	19:42:56.914	trend_dtrader AUDUSD,H1: Alert: Failed XAUUSD
0	19:43:03.934	trend_dtrader AUDUSD,H1: Alert: Failed XAUUSD
0	19:43:45.099	trend_dtrader AUDUSD,H1: Alert: Failed XAUUSD
0	19:43:47.655	trend_dtrader AUDUSD,H1: 18 : 43
0	19:44:33.099	trend_dtrader AUDUSD,H1: Alert: Failed XAUUSD
0	19:44:43.610	trend_dtrader AUDUSD,H1: Alert: Failed XAUUSD
0	19:44:47.655	trend_dtrader AUDUSD,H1: 18 : 44
0	19:44:49.204	trend_dtrader AUDUSD,H1: Alert: Failed XAUUSD
0	19:45:01.329	trend_dtrader AUDUSD,H1: Alert: Failed XAUUSD
0	19:45:05.329	trend_dtrader AUDUSD,H1: Alert: Failed XAUUSD
0	19:45:12.989	trend_dtrader AUDUSD,H1: Alert: Failed XAUUSD
0	19:45:39.019	trend_dtrader AUDUSD,H1: Alert: Failed XAUUSD
0	19:45:47.654	trend_dtrader AUDUSD,H1: 18 : 45
0	19:45:54.850	trend_dtrader AUDUSD,H1: Alert: Failed XAUUSD
0	19:46:13.745	trend_dtrader AUDUSD,H1: Alert: Failed XAUUSD
0	19:46:16.987	trend_dtrader AUDUSD,H1: Alert: Failed XAUUSD
0	19:46:19.947	trend_dtrader AUDUSD,H1: Alert: Failed XAUUSD
0	19:46:22.271	trend_dtrader AUDUSD,H1: Alert: Failed XAUUSD
0	19:46:24.300	trend_dtrader AUDUSD,H1: Alert: Failed XAUUSD
0	19:46:26.081	trend_dtrader AUDUSD,H1: Alert: Failed XAUUSD
0	19:46:28.205	trend_dtrader AUDUSD,H1: Alert: Failed XAUUSD
0	19:46:30.353	trend_dtrader AUDUSD,H1: Alert: Failed XAUUSD
0	19:46:32.460	trend_dtrader AUDUSD,H1: Alert: Failed XAUUSD
0	19:46:33.970	trend_dtrader AUDUSD,H1: Alert: Failed XAUUSD
0	19:46:35.498	trend_dtrader AUDUSD,H1: Alert: Failed XAUUSD
0	19:46:37.685	trend_dtrader AUDUSD,H1: Alert: Failed XAUUSD
0	19:46:39.191	trend_dtrader AUDUSD,H1: Alert: Failed XAUUSD
0	19:46:41.305	trend_dtrader AUDUSD,H1: Alert: Failed XAUUSD
0	19:46:43.671	trend_dtrader AUDUSD,H1: Alert: Failed XAUUSD
0	19:46:46.329	trend_dtrader AUDUSD,H1: Alert: Failed XAUUSD
0	19:46:47.654	trend_dtrader AUDUSD,H1: 18 : 46
0	19:46:48.216	trend_dtrader AUDUSD,H1: Alert: Failed XAUUSD
0	19:46:50.296	trend_dtrader AUDUSD,H1: Alert: Failed XAUUSD
0	19:46:52.394	trend_dtrader AUDUSD,H1: Alert: Failed XAUUSD
0	19:46:55.568	trend_dtrader AUDUSD,H1: Alert: Failed XAUUSD
0	19:46:57.165	trend_dtrader AUDUSD,H1: Alert: Failed XAUUSD
0	19:46:58.762	trend_dtrader AUDUSD,H1: Alert: Failed XAUUSD
0	19:47:00.377	trend_dtrader AUDUSD,H1: Alert: Failed XAUUSD
0	19:47:02.325	trend_dtrader AUDUSD,H1: Alert: Failed XAUUSD
0	19:47:04.297	trend_dtrader AUDUSD,H1: Alert: Failed XAUUSD
0	19:47:06.116	trend_dtrader AUDUSD,H1: Alert: Failed XAUUSD
0	19:47:08.314	trend_dtrader AUDUSD,H1: Alert: Failed XAUUSD
0	19:47:11.323	trend_dtrader AUDUSD,H1: Alert: Failed XAUUSD
0	19:47:13.015	trend_dtrader AUDUSD,H1: Alert: Failed XAUUSD
0	19:47:15.000	trend_dtrader AUDUSD,H1: Alert: Failed XAUUSD
0	19:47:16.795	trend_dtrader AUDUSD,H1: Alert: Failed XAUUSD
0	19:47:18.582	trend_dtrader AUDUSD,H1: Alert: Failed XAUUSD
0	19:47:20.139	trend_dtrader AUDUSD,H1: Alert: Failed XAUUSD
0	19:47:21.699	trend_dtrader AUDUSD,H1: Alert: Failed XAUUSD
0	19:47:23.326	trend_dtrader AUDUSD,H1: Alert: Failed XAUUSD
0	19:47:25.098	trend_dtrader AUDUSD,H1: Alert: Failed XAUUSD
0	19:47:27.392	trend_dtrader AUDUSD,H1: Alert: Failed XAUUSD
0	19:47:33.916	trend_dtrader AUDUSD,H1: Alert: Failed XAUUSD
0	19:47:47.654	trend_dtrader AUDUSD,H1: 18 : 47
0	19:47:49.229	trend_dtrader AUDUSD,H1: Alert: Failed XAUUSD
0	19:48:04.092	trend_dtrader AUDUSD,H1: Alert: Failed XAUUSD
0	19:48:31.863	trend_dtrader AUDUSD,H1: Alert: Failed XAUUSD
0	19:48:39.399	trend_dtrader AUDUSD,H1: Alert: Failed XAUUSD
0	19:48:47.653	trend_dtrader AUDUSD,H1: 18 : 48
0	19:48:50.212	trend_dtrader AUDUSD,H1: Alert: Failed XAUUSD
0	19:49:23.142	trend_dtrader AUDUSD,H1: Alert: Failed XAUUSD
0	19:49:32.108	trend_dtrader AUDUSD,H1: Alert: Failed XAUUSD
0	19:49:47.652	trend_dtrader AUDUSD,H1: 18 : 49
0	19:50:12.969	trend_dtrader AUDUSD,H1: Alert: Failed XAUUSD
0	19:50:21.954	trend_dtrader AUDUSD,H1: Alert: Failed XAUUSD
0	19:50:47.878	trend_dtrader AUDUSD,H1: Alert: Failed XAUUSD
0	19:50:47.878	trend_dtrader AUDUSD,H1: 18 : 50
0	19:51:16.882	trend_dtrader AUDUSD,H1: Alert: Failed XAUUSD
0	19:51:47.643	trend_dtrader AUDUSD,H1: Alert: Failed XAUUSD
0	19:51:47.665	trend_dtrader AUDUSD,H1: 18 : 51
0	19:52:05.335	trend_dtrader AUDUSD,H1: Alert: Failed XAUUSD
0	19:52:28.438	trend_dtrader AUDUSD,H1: Alert: Failed XAUUSD
0	19:52:47.651	trend_dtrader AUDUSD,H1: 18 : 52
0	19:52:50.617	trend_dtrader AUDUSD,H1: Alert: Failed XAUUSD
0	19:53:17.402	trend_dtrader AUDUSD,H1: Alert: Failed XAUUSD
0	19:53:47.651	trend_dtrader AUDUSD,H1: 18 : 53
0	19:53:52.414	trend_dtrader AUDUSD,H1: Alert: Failed XAUUSD
0	19:53:57.424	trend_dtrader AUDUSD,H1: Alert: Failed XAUUSD
0	19:54:22.262	trend_dtrader AUDUSD,H1: Alert: Failed XAUUSD
0	19:54:36.470	trend_dtrader AUDUSD,H1: Alert: Failed XAUUSD
0	19:54:47.650	trend_dtrader AUDUSD,H1: 18 : 54
0	19:55:07.373	trend_dtrader AUDUSD,H1: Alert: Failed XAUUSD
0	19:55:47.651	trend_dtrader AUDUSD,H1: 18 : 55
0	19:55:49.102	trend_dtrader AUDUSD,H1: Alert: Failed XAUUSD
0	19:56:20.617	trend_dtrader AUDUSD,H1: Alert: Failed XAUUSD
0	19:56:47.650	trend_dtrader AUDUSD,H1: 18 : 56
0	19:56:50.768	trend_dtrader AUDUSD,H1: Alert: Failed XAUUSD
0	19:56:57.895	trend_dtrader AUDUSD,H1: Alert: Failed XAUUSD
0	19:57:28.148	trend_dtrader AUDUSD,H1: Alert: Failed XAUUSD
0	19:57:47.649	trend_dtrader AUDUSD,H1: 18 : 57
0	19:57:57.680	trend_dtrader AUDUSD,H1: Alert: Failed XAUUSD
0	19:58:08.649	trend_dtrader AUDUSD,H1: Alert: Failed XAUUSD
0	19:58:22.781	trend_dtrader AUDUSD,H1: Alert: Failed XAUUSD
0	19:58:30.029	trend_dtrader AUDUSD,H1: Alert: Failed XAUUSD
0	19:58:47.649	trend_dtrader AUDUSD,H1: 18 : 58
0	19:59:06.278	trend_dtrader AUDUSD,H1: Alert: Failed XAUUSD
0	19:59:12.657	trend_dtrader AUDUSD,H1: Alert: Failed XAUUSD
0	19:59:28.943	trend_dtrader AUDUSD,H1: Alert: Failed XAUUSD
0	19:59:46.805	trend_dtrader AUDUSD,H1: Alert: Failed XAUUSD
0	19:59:47.649	trend_dtrader AUDUSD,H1: 18 : 59
0	20:00:02.886	trend_dtrader AUDUSD,H1: Alert: Failed XAUUSD
0	20:00:12.321	trend_dtrader AUDUSD,H1: Alert: Failed XAUUSD
0	20:00:21.537	trend_dtrader AUDUSD,H1: Alert: Failed XAUUSD
0	20:00:47.648	trend_dtrader AUDUSD,H1: 19 : 0
0	20:00:57.162	trend_dtrader AUDUSD,H1: Alert: Failed XAUUSD
0	20:01:47.647	trend_dtrader AUDUSD,H1: 19 : 1
0	20:02:01.479	trend_dtrader AUDUSD,H1: Alert: Failed XAUUSD
0	20:02:11.912	trend_dtrader AUDUSD,H1: Alert: Failed XAUUSD
0	20:02:23.282	trend_dtrader AUDUSD,H1: Alert: Failed XAUUSD
0	20:02:47.648	trend_dtrader AUDUSD,H1: 19 : 2
0	20:02:54.121	trend_dtrader AUDUSD,H1: Alert: Failed XAUUSD
0	20:03:04.294	trend_dtrader AUDUSD,H1: Alert: Failed XAUUSD
0	20:03:26.612	trend_dtrader AUDUSD,H1: Alert: Failed XAUUSD
0	20:03:47.648	trend_dtrader AUDUSD,H1: 19 : 3
0	20:03:57.098	trend_dtrader AUDUSD,H1: Alert: Failed XAUUSD
0	20:04:43.687	trend_dtrader AUDUSD,H1: Alert: Failed XAUUSD
0	20:04:45.315	trend_dtrader AUDUSD,H1: Alert: Failed XAUUSD
0	20:04:47.647	trend_dtrader AUDUSD,H1: 19 : 4
0	20:04:51.873	trend_dtrader AUDUSD,H1: Alert: Failed XAUUSD
0	20:05:29.799	trend_dtrader AUDUSD,H1: Alert: Failed XAUUSD
0	20:05:47.646	trend_dtrader AUDUSD,H1: 19 : 5
0	20:05:58.403	trend_dtrader AUDUSD,H1: Alert: Failed XAUUSD
0	20:06:09.888	trend_dtrader AUDUSD,H1: Alert: Failed XAUUSD
0	20:06:43.370	trend_dtrader AUDUSD,H1: Alert: Failed XAUUSD
0	20:06:47.646	trend_dtrader AUDUSD,H1: 19 : 6
0	20:07:13.819	trend_dtrader AUDUSD,H1: Alert: Failed XAUUSD
0	20:07:47.647	trend_dtrader AUDUSD,H1: 19 : 7
0	20:08:00.010	trend_dtrader AUDUSD,H1: Alert: Failed XAUUSD
0	20:08:47.645	trend_dtrader AUDUSD,H1: 19 : 8
0	20:08:52.689	trend_dtrader AUDUSD,H1: Alert: Failed XAUUSD
0	20:09:08.930	trend_dtrader AUDUSD,H1: Alert: Failed XAUUSD
0	20:09:25.847	trend_dtrader AUDUSD,H1: Alert: Failed XAUUSD
0	20:09:47.644	trend_dtrader AUDUSD,H1: 19 : 9
0	20:10:02.207	trend_dtrader AUDUSD,H1: Alert: Failed XAUUSD
0	20:10:37.247	trend_dtrader AUDUSD,H1: Alert: Failed XAUUSD
0	20:10:47.644	trend_dtrader AUDUSD,H1: 19 : 10
0	20:10:56.381	trend_dtrader AUDUSD,H1: Alert: Failed XAUUSD
0	20:11:23.690	trend_dtrader AUDUSD,H1: Alert: Failed XAUUSD
0	20:11:47.183	trend_dtrader AUDUSD,H1: Alert: Failed XAUUSD
0	20:11:47.644	trend_dtrader AUDUSD,H1: 19 : 11
0	20:12:05.908	trend_dtrader AUDUSD,H1: Alert: Failed XAUUSD
0	20:12:46.390	trend_dtrader AUDUSD,H1: Alert: Failed XAUUSD
0	20:12:47.643	trend_dtrader AUDUSD,H1: 19 : 12
0	20:12:55.575	trend_dtrader AUDUSD,H1: Alert: Failed XAUUSD
0	20:13:32.324	trend_dtrader AUDUSD,H1: Alert: Failed XAUUSD
0	20:13:47.292	trend_dtrader AUDUSD,H1: Alert: Failed XAUUSD
0	20:13:47.643	trend_dtrader AUDUSD,H1: 19 : 13
0	20:14:14.144	trend_dtrader AUDUSD,H1: Alert: Failed XAUUSD
0	20:14:23.288	trend_dtrader AUDUSD,H1: Alert: Failed XAUUSD
0	20:14:42.993	trend_dtrader AUDUSD,H1: Alert: Failed XAUUSD
0	20:14:46.746	trend_dtrader AUDUSD,H1: Alert: Failed XAUUSD
0	20:14:47.643	trend_dtrader AUDUSD,H1: 19 : 14
0	20:15:01.914	trend_dtrader AUDUSD,H1: Alert: Failed XAUUSD
0	20:15:11.752	trend_dtrader AUDUSD,H1: Alert: Failed XAUUSD
0	20:15:23.332	trend_dtrader AUDUSD,H1: Alert: Failed XAUUSD
0	20:15:47.548	trend_dtrader AUDUSD,H1: Alert: Failed XAUUSD
0	20:15:47.642	trend_dtrader AUDUSD,H1: 19 : 15
0	20:16:08.620	trend_dtrader AUDUSD,H1: Alert: Failed XAUUSD
0	20:16:26.292	trend_dtrader AUDUSD,H1: Alert: Failed XAUUSD
0	20:16:33.412	trend_dtrader AUDUSD,H1: Alert: Failed XAUUSD
0	20:16:38.863	trend_dtrader AUDUSD,H1: Alert: Failed XAUUSD
0	20:16:46.416	trend_dtrader AUDUSD,H1: Alert: Failed XAUUSD
0	20:16:47.642	trend_dtrader AUDUSD,H1: 19 : 16
0	20:16:50.068	trend_dtrader AUDUSD,H1: Alert: Failed XAUUSD
0	20:17:02.455	trend_dtrader AUDUSD,H1: Alert: Failed XAUUSD
0	20:17:19.213	trend_dtrader AUDUSD,H1: Alert: Failed XAUUSD
0	20:17:47.642	trend_dtrader AUDUSD,H1: 19 : 17
0	20:17:59.092	trend_dtrader AUDUSD,H1: Alert: Failed XAUUSD
0	20:18:15.420	trend_dtrader AUDUSD,H1: Alert: Failed XAUUSD
0	20:18:23.691	trend_dtrader AUDUSD,H1: Alert: Failed XAUUSD
0	20:18:31.850	trend_dtrader AUDUSD,H1: Alert: Failed XAUUSD
0	20:18:47.642	trend_dtrader AUDUSD,H1: 19 : 18
0	20:18:50.361	trend_dtrader AUDUSD,H1: Alert: Failed XAUUSD
0	20:19:10.161	trend_dtrader AUDUSD,H1: Alert: Failed XAUUSD
0	20:19:45.665	trend_dtrader AUDUSD,H1: Alert: Failed XAUUSD
0	20:19:47.641	trend_dtrader AUDUSD,H1: 19 : 19
0	20:20:25.335	trend_dtrader AUDUSD,H1: Alert: Failed XAUUSD
0	20:20:47.646	trend_dtrader AUDUSD,H1: 19 : 20
0	20:20:55.613	trend_dtrader AUDUSD,H1: Alert: Failed XAUUSD
0	20:21:13.101	trend_dtrader AUDUSD,H1: Alert: Failed XAUUSD
0	20:21:36.554	trend_dtrader AUDUSD,H1: Alert: Failed XAUUSD
0	20:21:47.640	trend_dtrader AUDUSD,H1: 19 : 21
0	20:22:06.295	trend_dtrader AUDUSD,H1: Alert: Failed XAUUSD
0	20:22:27.520	trend_dtrader AUDUSD,H1: Alert: Failed XAUUSD
0	20:22:47.639	trend_dtrader AUDUSD,H1: 19 : 22
0	20:22:52.404	trend_dtrader AUDUSD,H1: Alert: Failed XAUUSD
0	20:23:10.305	trend_dtrader AUDUSD,H1: Alert: Failed XAUUSD
0	20:23:16.730	trend_dtrader AUDUSD,H1: Alert: Failed XAUUSD
0	20:23:26.489	trend_dtrader AUDUSD,H1: Alert: Failed XAUUSD
0	20:23:47.640	trend_dtrader AUDUSD,H1: 19 : 23
0	20:24:02.881	trend_dtrader AUDUSD,H1: Alert: Failed XAUUSD
0	20:24:44.895	trend_dtrader AUDUSD,H1: Alert: Failed XAUUSD
0	20:24:47.639	trend_dtrader AUDUSD,H1: 19 : 24
0	20:24:52.379	trend_dtrader AUDUSD,H1: Alert: Failed XAUUSD
0	20:25:00.703	trend_dtrader AUDUSD,H1: Alert: Failed XAUUSD
0	20:25:36.018	trend_dtrader AUDUSD,H1: Alert: Failed XAUUSD
0	20:25:47.638	trend_dtrader AUDUSD,H1: 19 : 25
0	20:25:59.155	trend_dtrader AUDUSD,H1: Alert: Failed XAUUSD
0	20:26:10.845	trend_dtrader AUDUSD,H1: Alert: Failed XAUUSD
0	20:26:29.121	trend_dtrader AUDUSD,H1: Alert: Failed XAUUSD
0	20:26:39.005	trend_dtrader AUDUSD,H1: Alert: Failed XAUUSD
0	20:26:47.682	trend_dtrader AUDUSD,H1: 19 : 26
0	20:26:56.753	trend_dtrader AUDUSD,H1: Alert: Failed XAUUSD
0	20:27:04.371	trend_dtrader AUDUSD,H1: Alert: Failed XAUUSD
0	20:27:21.266	trend_dtrader AUDUSD,H1: Alert: Failed XAUUSD
0	20:27:40.412	trend_dtrader AUDUSD,H1: Alert: Failed XAUUSD
0	20:27:47.204	trend_dtrader AUDUSD,H1: Alert: Failed XAUUSD
0	20:27:47.637	trend_dtrader AUDUSD,H1: 19 : 27
0	20:28:23.148	trend_dtrader AUDUSD,H1: Alert: Failed XAUUSD
0	20:28:47.637	trend_dtrader AUDUSD,H1: 19 : 28
0	20:28:58.035	trend_dtrader AUDUSD,H1: Alert: Failed XAUUSD
0	20:29:47.637	trend_dtrader AUDUSD,H1: 19 : 29
0	20:30:09.630	trend_dtrader AUDUSD,H1: Alert: Failed XAUUSD
0	20:30:47.636	trend_dtrader AUDUSD,H1: 19 : 30
0	20:30:56.194	trend_dtrader AUDUSD,H1: Alert: Failed XAUUSD
0	20:31:15.327	trend_dtrader AUDUSD,H1: Alert: Failed XAUUSD
0	20:31:24.866	trend_dtrader AUDUSD,H1: Alert: Failed XAUUSD
0	20:31:47.636	trend_dtrader AUDUSD,H1: 19 : 31
0	20:32:15.941	trend_dtrader AUDUSD,H1: Alert: Failed XAUUSD
0	20:32:41.733	trend_dtrader AUDUSD,H1: Alert: Failed XAUUSD
0	20:32:47.636	trend_dtrader AUDUSD,H1: 19 : 32
0	20:33:01.140	trend_dtrader AUDUSD,H1: Alert: Failed XAUUSD
0	20:33:32.840	trend_dtrader AUDUSD,H1: Alert: Failed XAUUSD
0	20:33:47.635	trend_dtrader AUDUSD,H1: 19 : 33
0	20:33:50.391	trend_dtrader AUDUSD,H1: Alert: Failed XAUUSD
0	20:34:02.018	trend_dtrader AUDUSD,H1: Alert: Failed XAUUSD
0	20:34:07.823	trend_dtrader AUDUSD,H1: Alert: Failed XAUUSD
0	20:34:19.279	trend_dtrader AUDUSD,H1: Alert: Failed XAUUSD
0	20:34:34.862	trend_dtrader AUDUSD,H1: Alert: Failed XAUUSD
0	20:34:40.058	trend_dtrader AUDUSD,H1: Alert: Failed XAUUSD
0	20:34:47.634	trend_dtrader AUDUSD,H1: 19 : 34
0	20:35:16.505	trend_dtrader AUDUSD,H1: Alert: Failed XAUUSD
0	20:35:47.634	trend_dtrader AUDUSD,H1: 19 : 35
0	20:36:01.293	trend_dtrader AUDUSD,H1: Alert: Failed XAUUSD
0	20:36:14.845	trend_dtrader AUDUSD,H1: Alert: Failed XAUUSD
0	20:36:23.760	trend_dtrader AUDUSD,H1: Alert: Failed XAUUSD
0	20:36:40.789	trend_dtrader AUDUSD,H1: Alert: Failed XAUUSD
0	20:36:47.634	trend_dtrader AUDUSD,H1: 19 : 36
0	20:37:03.828	trend_dtrader AUDUSD,H1: Alert: Failed XAUUSD
0	20:37:40.385	trend_dtrader AUDUSD,H1: Alert: Failed XAUUSD
0	20:37:47.633	trend_dtrader AUDUSD,H1: 19 : 37
0	20:38:01.804	trend_dtrader AUDUSD,H1: Alert: Failed XAUUSD
0	20:38:08.283	trend_dtrader AUDUSD,H1: Alert: Failed XAUUSD
0	20:38:22.434	trend_dtrader AUDUSD,H1: Alert: Failed XAUUSD
0	20:38:31.512	trend_dtrader AUDUSD,H1: Alert: Failed XAUUSD
0	20:38:47.634	trend_dtrader AUDUSD,H1: 19 : 38
0	20:38:55.958	trend_dtrader AUDUSD,H1: Alert: Failed XAUUSD
0	20:39:05.395	trend_dtrader AUDUSD,H1: Alert: Failed XAUUSD
0	20:39:21.673	trend_dtrader AUDUSD,H1: Alert: Failed XAUUSD
0	20:39:24.696	trend_dtrader AUDUSD,H1: Alert: Failed XAUUSD
0	20:39:34.772	trend_dtrader AUDUSD,H1: Alert: Failed XAUUSD
0	20:39:42.893	trend_dtrader AUDUSD,H1: Alert: Failed XAUUSD
0	20:39:47.633	trend_dtrader AUDUSD,H1: 19 : 39
0	20:39:57.943	trend_dtrader AUDUSD,H1: Alert: Failed XAUUSD
0	20:40:13.903	trend_dtrader AUDUSD,H1: Alert: Failed XAUUSD
0	20:40:23.563	trend_dtrader AUDUSD,H1: Alert: Failed XAUUSD
0	20:40:32.443	trend_dtrader AUDUSD,H1: Alert: Failed XAUUSD
0	20:40:47.252	trend_dtrader AUDUSD,H1: Alert: Failed XAUUSD
0	20:40:47.633	trend_dtrader AUDUSD,H1: 19 : 40
0	20:40:58.860	trend_dtrader AUDUSD,H1: Alert: Failed XAUUSD
0	20:41:01.602	trend_dtrader AUDUSD,H1: Alert: Failed XAUUSD
0	20:41:21.261	trend_dtrader AUDUSD,H1: Alert: Failed XAUUSD
0	20:41:35.596	trend_dtrader AUDUSD,H1: Alert: Failed XAUUSD
0	20:41:47.632	trend_dtrader AUDUSD,H1: 19 : 41
0	20:41:53.719	trend_dtrader AUDUSD,H1: Alert: Failed XAUUSD
0	20:42:01.770	trend_dtrader AUDUSD,H1: Alert: Failed XAUUSD
0	20:42:06.639	trend_dtrader AUDUSD,H1: Alert: Failed XAUUSD
0	20:42:17.878	trend_dtrader AUDUSD,H1: Alert: Failed XAUUSD
0	20:42:45.519	trend_dtrader AUDUSD,H1: Alert: Failed XAUUSD
0	20:42:47.632	trend_dtrader AUDUSD,H1: 19 : 42
0	20:43:01.696	trend_dtrader AUDUSD,H1: Alert: Failed XAUUSD
0	20:43:18.968	trend_dtrader AUDUSD,H1: Alert: Failed XAUUSD
0	20:43:27.778	trend_dtrader AUDUSD,H1: Alert: Failed XAUUSD
0	20:43:39.164	trend_dtrader AUDUSD,H1: Alert: Failed XAUUSD
0	20:43:47.632	trend_dtrader AUDUSD,H1: 19 : 43
0	20:43:50.085	trend_dtrader AUDUSD,H1: Alert: Failed XAUUSD
0	20:44:06.825	trend_dtrader AUDUSD,H1: Alert: Failed XAUUSD
0	20:44:15.554	trend_dtrader AUDUSD,H1: Alert: Failed XAUUSD
0	20:44:36.725	trend_dtrader AUDUSD,H1: Alert: Failed XAUUSD
0	20:44:47.631	trend_dtrader AUDUSD,H1: 19 : 44
0	20:44:53.503	trend_dtrader AUDUSD,H1: Alert: Failed XAUUSD
0	20:45:02.644	trend_dtrader AUDUSD,H1: Alert: Failed XAUUSD
0	20:45:16.342	trend_dtrader AUDUSD,H1: Alert: Failed XAUUSD
0	20:45:28.809	trend_dtrader AUDUSD,H1: Alert: Failed XAUUSD
0	20:45:36.524	trend_dtrader AUDUSD,H1: Alert: Failed XAUUSD
0	20:45:47.630	trend_dtrader AUDUSD,H1: 19 : 45
0	20:45:54.609	trend_dtrader AUDUSD,H1: Alert: Failed XAUUSD
0	20:46:00.404	trend_dtrader AUDUSD,H1: Alert: Failed XAUUSD
0	20:46:11.890	trend_dtrader AUDUSD,H1: Alert: Failed XAUUSD
0	20:46:15.403	trend_dtrader AUDUSD,H1: Alert: Failed XAUUSD
0	20:46:21.144	trend_dtrader AUDUSD,H1: Alert: Failed XAUUSD
0	20:46:23.632	trend_dtrader AUDUSD,H1: Alert: Failed XAUUSD
0	20:46:26.949	trend_dtrader AUDUSD,H1: Alert: Failed XAUUSD
0	20:46:32.295	trend_dtrader AUDUSD,H1: Alert: Failed XAUUSD
0	20:46:36.102	trend_dtrader AUDUSD,H1: Alert: Failed XAUUSD
0	20:46:39.669	trend_dtrader AUDUSD,H1: Alert: Failed XAUUSD
0	20:46:47.630	trend_dtrader AUDUSD,H1: 19 : 46
0	20:46:50.729	trend_dtrader AUDUSD,H1: Alert: Failed XAUUSD
0	20:46:53.184	trend_dtrader AUDUSD,H1: Alert: Failed XAUUSD
0	20:46:57.596	trend_dtrader AUDUSD,H1: Alert: Failed XAUUSD
0	20:47:01.137	trend_dtrader AUDUSD,H1: Alert: Failed XAUUSD
0	20:47:03.070	trend_dtrader AUDUSD,H1: Alert: Failed XAUUSD
0	20:47:05.537	trend_dtrader AUDUSD,H1: Alert: Failed XAUUSD
0	20:47:07.592	trend_dtrader AUDUSD,H1: Alert: Failed XAUUSD
0	20:47:09.705	trend_dtrader AUDUSD,H1: Alert: Failed XAUUSD
0	20:47:12.787	trend_dtrader AUDUSD,H1: Alert: Failed XAUUSD
0	20:47:15.169	trend_dtrader AUDUSD,H1: Alert: Failed XAUUSD
0	20:47:29.594	trend_dtrader AUDUSD,H1: Alert: Failed XAUUSD
0	20:47:43.676	trend_dtrader AUDUSD,H1: Alert: Failed XAUUSD
0	20:47:47.616	trend_dtrader AUDUSD,H1: Alert: Failed XAUUSD
0	20:47:47.640	trend_dtrader AUDUSD,H1: 19 : 47
0	20:48:06.011	trend_dtrader AUDUSD,H1: Alert: Failed XAUUSD
0	20:48:08.921	trend_dtrader AUDUSD,H1: Alert: Failed XAUUSD
0	20:48:11.587	trend_dtrader AUDUSD,H1: Alert: Failed XAUUSD
0	20:48:19.574	trend_dtrader AUDUSD,H1: Alert: Failed XAUUSD
0	20:48:23.984	trend_dtrader AUDUSD,H1: Alert: Failed XAUUSD
0	20:48:28.053	trend_dtrader AUDUSD,H1: Alert: Failed XAUUSD
0	20:48:30.688	trend_dtrader AUDUSD,H1: Alert: Failed XAUUSD
0	20:48:42.504	trend_dtrader AUDUSD,H1: Alert: Failed XAUUSD
0	20:48:44.925	trend_dtrader AUDUSD,H1: Alert: Failed XAUUSD
0	20:48:47.690	trend_dtrader AUDUSD,H1: Alert: Failed XAUUSD
0	20:48:47.690	trend_dtrader AUDUSD,H1: 19 : 48
0	20:48:53.498	trend_dtrader AUDUSD,H1: Alert: Failed XAUUSD
0	20:48:58.159	trend_dtrader AUDUSD,H1: Alert: Failed XAUUSD
0	20:49:01.513	trend_dtrader AUDUSD,H1: Alert: Failed XAUUSD
0	20:49:07.123	trend_dtrader AUDUSD,H1: Alert: Failed XAUUSD
0	20:49:10.277	trend_dtrader AUDUSD,H1: Alert: Failed XAUUSD
0	20:49:12.686	trend_dtrader AUDUSD,H1: Alert: Failed XAUUSD
0	20:49:18.884	trend_dtrader AUDUSD,H1: Alert: Failed XAUUSD
0	20:49:21.698	trend_dtrader AUDUSD,H1: Alert: Failed XAUUSD
0	20:49:32.560	trend_dtrader AUDUSD,H1: Alert: Failed XAUUSD
0	20:49:41.466	trend_dtrader AUDUSD,H1: Alert: Failed XAUUSD
0	20:49:47.064	trend_dtrader AUDUSD,H1: Alert: Failed XAUUSD
0	20:49:47.629	trend_dtrader AUDUSD,H1: 19 : 49
0	20:50:02.344	trend_dtrader AUDUSD,H1: Alert: Failed XAUUSD
0	20:50:10.384	trend_dtrader AUDUSD,H1: Alert: Failed XAUUSD
0	20:50:18.333	trend_dtrader AUDUSD,H1: Alert: Failed XAUUSD
0	20:50:27.584	trend_dtrader AUDUSD,H1: Alert: Failed XAUUSD
0	20:50:41.520	trend_dtrader AUDUSD,H1: Alert: Failed XAUUSD
0	20:50:47.628	trend_dtrader AUDUSD,H1: 19 : 50
0	20:50:49.625	trend_dtrader AUDUSD,H1: Alert: Failed XAUUSD
0	20:51:00.462	trend_dtrader AUDUSD,H1: Alert: Failed XAUUSD
0	20:51:14.359	trend_dtrader AUDUSD,H1: Alert: Failed XAUUSD
0	20:51:41.570	trend_dtrader AUDUSD,H1: Alert: Failed XAUUSD
0	20:51:47.628	trend_dtrader AUDUSD,H1: 19 : 51
0	20:51:55.422	trend_dtrader AUDUSD,H1: Alert: Failed XAUUSD
0	20:52:00.987	trend_dtrader AUDUSD,H1: Alert: Failed XAUUSD
0	20:52:24.292	trend_dtrader AUDUSD,H1: Alert: Failed XAUUSD
0	20:52:35.486	trend_dtrader AUDUSD,H1: Alert: Failed XAUUSD
0	20:52:47.627	trend_dtrader AUDUSD,H1: 19 : 52
0	20:52:50.271	trend_dtrader AUDUSD,H1: Alert: Failed XAUUSD
0	20:53:07.813	trend_dtrader AUDUSD,H1: Alert: Failed XAUUSD
0	20:53:16.885	trend_dtrader AUDUSD,H1: Alert: Failed XAUUSD
0	20:53:24.567	trend_dtrader AUDUSD,H1: Alert: Failed XAUUSD
0	20:53:34.396	trend_dtrader AUDUSD,H1: Alert: Failed XAUUSD
0	20:53:46.086	trend_dtrader AUDUSD,H1: Alert: Failed XAUUSD
0	20:53:47.627	trend_dtrader AUDUSD,H1: 19 : 53
0	20:54:03.337	trend_dtrader AUDUSD,H1: Alert: Failed XAUUSD
0	20:54:06.585	trend_dtrader AUDUSD,H1: Alert: Failed XAUUSD
0	20:54:17.765	trend_dtrader AUDUSD,H1: Alert: Failed XAUUSD
0	20:54:34.324	trend_dtrader AUDUSD,H1: Alert: Failed XAUUSD
0	20:54:43.549	trend_dtrader AUDUSD,H1: Alert: Failed XAUUSD
0	20:54:47.627	trend_dtrader AUDUSD,H1: 19 : 54
0	20:55:07.848	trend_dtrader AUDUSD,H1: Alert: Failed XAUUSD
0	20:55:37.274	trend_dtrader AUDUSD,H1: Alert: Failed XAUUSD
0	20:55:47.626	trend_dtrader AUDUSD,H1: 19 : 55
0	20:55:50.470	trend_dtrader AUDUSD,H1: Alert: Failed XAUUSD
0	20:56:00.402	trend_dtrader AUDUSD,H1: Alert: Failed XAUUSD
0	20:56:04.598	trend_dtrader AUDUSD,H1: Alert: Failed XAUUSD
0	20:56:10.382	trend_dtrader AUDUSD,H1: Alert: Failed XAUUSD
0	20:56:16.074	trend_dtrader AUDUSD,H1: Alert: Failed XAUUSD
0	20:56:27.155	trend_dtrader AUDUSD,H1: Alert: Failed XAUUSD
0	20:56:33.515	trend_dtrader AUDUSD,H1: Alert: Failed XAUUSD
0	20:56:39.431	trend_dtrader AUDUSD,H1: Alert: Failed XAUUSD
0	20:56:47.626	trend_dtrader AUDUSD,H1: 19 : 56
0	20:56:52.104	trend_dtrader AUDUSD,H1: Alert: Failed XAUUSD
0	20:57:07.092	trend_dtrader AUDUSD,H1: Alert: Failed XAUUSD
0	20:57:16.131	trend_dtrader AUDUSD,H1: Alert: Failed XAUUSD
0	20:57:38.466	trend_dtrader AUDUSD,H1: Alert: Failed XAUUSD
0	20:57:43.974	trend_dtrader AUDUSD,H1: Alert: Failed XAUUSD
0	20:57:47.626	trend_dtrader AUDUSD,H1: 19 : 57
0	20:57:53.576	trend_dtrader AUDUSD,H1: Alert: Failed XAUUSD
0	20:58:13.165	trend_dtrader AUDUSD,H1: Alert: Failed XAUUSD
0	20:58:37.476	trend_dtrader AUDUSD,H1: Alert: Failed XAUUSD
0	20:58:46.717	trend_dtrader AUDUSD,H1: Alert: Failed XAUUSD
0	20:58:47.626	trend_dtrader AUDUSD,H1: 19 : 58
0	20:58:56.317	trend_dtrader AUDUSD,H1: Alert: Failed XAUUSD
0	20:59:08.257	trend_dtrader AUDUSD,H1: Alert: Failed XAUUSD
0	20:59:14.001	trend_dtrader AUDUSD,H1: Alert: Failed XAUUSD
0	20:59:21.930	trend_dtrader AUDUSD,H1: Alert: Failed XAUUSD
0	20:59:30.269	trend_dtrader AUDUSD,H1: Alert: Failed XAUUSD
0	20:59:40.705	trend_dtrader AUDUSD,H1: Alert: Failed XAUUSD
0	20:59:46.529	trend_dtrader AUDUSD,H1: Alert: Failed XAUUSD
0	20:59:47.625	trend_dtrader AUDUSD,H1: 19 : 59
0	20:59:52.479	trend_dtrader AUDUSD,H1: Alert: Failed XAUUSD
0	20:59:56.610	trend_dtrader AUDUSD,H1: Alert: Failed XAUUSD
0	20:59:59.100	trend_dtrader AUDUSD,H1: Alert: Failed XAUUSD
0	21:00:04.137	trend_dtrader AUDUSD,H1: Alert: Failed XAUUSD
0	21:00:18.384	trend_dtrader AUDUSD,H1: Alert: Failed XAUUSD
0	21:00:38.947	trend_dtrader AUDUSD,H1: Alert: Failed XAUUSD
0	21:00:47.624	trend_dtrader AUDUSD,H1: 20 : 0
0	21:00:59.771	trend_dtrader AUDUSD,H1: Alert: Failed XAUUSD
0	21:01:04.696	trend_dtrader AUDUSD,H1: Alert: Failed XAUUSD
0	21:01:22.182	trend_dtrader AUDUSD,H1: Alert: Failed XAUUSD
0	21:01:31.357	trend_dtrader AUDUSD,H1: Alert: Failed XAUUSD
0	21:01:34.574	trend_dtrader AUDUSD,H1: Alert: Failed XAUUSD
0	21:01:41.724	trend_dtrader AUDUSD,H1: Alert: Failed XAUUSD
0	21:01:44.475	trend_dtrader AUDUSD,H1: Alert: Failed XAUUSD
0	21:01:47.624	trend_dtrader AUDUSD,H1: 20 : 1
0	21:01:53.477	trend_dtrader AUDUSD,H1: Alert: Failed XAUUSD
0	21:02:00.211	trend_dtrader AUDUSD,H1: Alert: Failed XAUUSD
0	21:02:18.644	trend_dtrader AUDUSD,H1: Alert: Failed XAUUSD
0	21:02:28.040	trend_dtrader AUDUSD,H1: Alert: Failed XAUUSD
0	21:02:47.623	trend_dtrader AUDUSD,H1: 20 : 2
0	21:02:50.845	trend_dtrader AUDUSD,H1: Alert: Failed XAUUSD
0	21:02:57.113	trend_dtrader AUDUSD,H1: Alert: Failed XAUUSD
0	21:03:26.174	trend_dtrader AUDUSD,H1: Alert: Failed XAUUSD
0	21:03:35.543	trend_dtrader AUDUSD,H1: Alert: Failed XAUUSD
0	21:03:47.623	trend_dtrader AUDUSD,H1: 20 : 3
0	21:04:30.715	trend_dtrader AUDUSD,H1: Alert: Failed XAUUSD
0	21:04:41.601	trend_dtrader AUDUSD,H1: Alert: Failed XAUUSD
0	21:04:47.623	trend_dtrader AUDUSD,H1: 20 : 4
0	21:05:04.856	trend_dtrader AUDUSD,H1: Alert: Failed XAUUSD
0	21:05:15.865	trend_dtrader AUDUSD,H1: Alert: Failed XAUUSD
0	21:05:33.863	trend_dtrader AUDUSD,H1: Alert: Failed XAUUSD
0	21:05:47.622	trend_dtrader AUDUSD,H1: 20 : 5
0	21:06:12.882	trend_dtrader AUDUSD,H1: Alert: Failed XAUUSD
0	21:06:42.599	trend_dtrader AUDUSD,H1: Alert: Failed XAUUSD
0	21:06:47.623	trend_dtrader AUDUSD,H1: 20 : 6
0	21:06:48.700	trend_dtrader AUDUSD,H1: Alert: Failed XAUUSD
0	21:06:55.182	trend_dtrader AUDUSD,H1: Alert: Failed XAUUSD
0	21:07:09.287	trend_dtrader AUDUSD,H1: Alert: Failed XAUUSD
0	21:07:23.216	trend_dtrader AUDUSD,H1: Alert: Failed XAUUSD
0	21:07:47.622	trend_dtrader AUDUSD,H1: 20 : 7
0	21:08:02.807	trend_dtrader AUDUSD,H1: Alert: Failed XAUUSD
0	21:08:19.418	trend_dtrader AUDUSD,H1: Alert: Failed XAUUSD
0	21:08:36.579	trend_dtrader AUDUSD,H1: Alert: Failed XAUUSD
0	21:08:47.622	trend_dtrader AUDUSD,H1: 20 : 8
0	21:09:44.982	trend_dtrader AUDUSD,H1: Alert: Failed XAUUSD
0	21:09:47.621	trend_dtrader AUDUSD,H1: 20 : 9
0	21:09:51.807	trend_dtrader AUDUSD,H1: Alert: Failed XAUUSD
0	21:10:00.032	trend_dtrader AUDUSD,H1: Alert: Failed XAUUSD
0	21:10:29.611	trend_dtrader AUDUSD,H1: Alert: Failed XAUUSD
0	21:10:47.620	trend_dtrader AUDUSD,H1: 20 : 10
0	21:11:21.349	trend_dtrader AUDUSD,H1: Alert: Failed XAUUSD
0	21:11:45.341	trend_dtrader AUDUSD,H1: Alert: Failed XAUUSD
0	21:11:47.804	trend_dtrader AUDUSD,H1: Alert: Failed XAUUSD
0	21:11:47.804	trend_dtrader AUDUSD,H1: 20 : 11
0	21:12:09.530	trend_dtrader AUDUSD,H1: Alert: Failed XAUUSD
0	21:12:23.130	trend_dtrader AUDUSD,H1: Alert: Failed XAUUSD
0	21:12:34.185	trend_dtrader AUDUSD,H1: Alert: Failed XAUUSD
0	21:12:40.850	trend_dtrader AUDUSD,H1: Alert: Failed XAUUSD
0	21:12:47.619	trend_dtrader AUDUSD,H1: 20 : 12
0	21:12:53.764	trend_dtrader AUDUSD,H1: Alert: Failed XAUUSD
0	21:13:04.247	trend_dtrader AUDUSD,H1: Alert: Failed XAUUSD
0	21:13:23.389	trend_dtrader AUDUSD,H1: Alert: Failed XAUUSD
0	21:13:34.519	trend_dtrader AUDUSD,H1: Alert: Failed XAUUSD
0	21:13:47.619	trend_dtrader AUDUSD,H1: 20 : 13
0	21:14:13.846	trend_dtrader AUDUSD,H1: Alert: Failed XAUUSD
0	21:14:38.569	trend_dtrader AUDUSD,H1: Alert: Failed XAUUSD
0	21:14:47.931	trend_dtrader AUDUSD,H1: Alert: Failed XAUUSD
0	21:14:47.932	trend_dtrader AUDUSD,H1: 20 : 14
0	21:14:54.014	trend_dtrader AUDUSD,H1: Alert: Failed XAUUSD
0	21:15:01.126	trend_dtrader AUDUSD,H1: Alert: Failed XAUUSD
0	21:15:19.063	trend_dtrader AUDUSD,H1: Alert: Failed XAUUSD
0	21:15:23.906	trend_dtrader AUDUSD,H1: Alert: Failed XAUUSD
0	21:15:37.668	trend_dtrader AUDUSD,H1: Alert: Failed XAUUSD
0	21:15:47.650	trend_dtrader AUDUSD,H1: 20 : 15
0	21:15:47.976	trend_dtrader AUDUSD,H1: Alert: Failed XAUUSD
0	21:15:59.511	trend_dtrader AUDUSD,H1: Alert: Failed XAUUSD
0	21:16:47.618	trend_dtrader AUDUSD,H1: 20 : 16
0	21:16:49.116	trend_dtrader AUDUSD,H1: Alert: Failed XAUUSD
0	21:16:56.000	trend_dtrader AUDUSD,H1: Alert: Failed XAUUSD
0	21:17:04.439	trend_dtrader AUDUSD,H1: Alert: Failed XAUUSD
0	21:17:30.446	trend_dtrader AUDUSD,H1: Alert: Failed XAUUSD
0	21:17:47.618	trend_dtrader AUDUSD,H1: 20 : 17
0	21:17:59.317	trend_dtrader AUDUSD,H1: Alert: Failed XAUUSD
0	21:18:03.888	trend_dtrader AUDUSD,H1: Alert: Failed XAUUSD
0	21:18:08.285	trend_dtrader AUDUSD,H1: Alert: Failed XAUUSD
0	21:18:19.695	trend_dtrader AUDUSD,H1: Alert: Failed XAUUSD
0	21:18:33.947	trend_dtrader AUDUSD,H1: Alert: Failed XAUUSD
0	21:18:47.617	trend_dtrader AUDUSD,H1: 20 : 18
0	21:18:53.724	trend_dtrader AUDUSD,H1: Alert: Failed XAUUSD
0	21:19:22.304	trend_dtrader AUDUSD,H1: Alert: Failed XAUUSD
0	21:19:34.443	trend_dtrader AUDUSD,H1: Alert: Failed XAUUSD
0	21:19:47.617	trend_dtrader AUDUSD,H1: 20 : 19
0	21:19:55.575	trend_dtrader AUDUSD,H1: Alert: Failed XAUUSD
0	21:20:09.120	trend_dtrader AUDUSD,H1: Alert: Failed XAUUSD
0	21:20:15.455	trend_dtrader AUDUSD,H1: Alert: Failed XAUUSD
0	21:20:25.062	trend_dtrader AUDUSD,H1: Alert: Failed XAUUSD
0	21:20:35.400	trend_dtrader AUDUSD,H1: Alert: Failed XAUUSD
0	21:20:47.616	trend_dtrader AUDUSD,H1: 20 : 20
0	21:20:59.286	trend_dtrader AUDUSD,H1: Alert: Failed XAUUSD
0	21:21:47.801	trend_dtrader AUDUSD,H1: Alert: Failed XAUUSD
0	21:21:47.801	trend_dtrader AUDUSD,H1: 20 : 21
0	21:22:14.892	trend_dtrader AUDUSD,H1: Alert: Failed XAUUSD
0	21:22:20.487	trend_dtrader AUDUSD,H1: Alert: Failed XAUUSD
0	21:22:36.759	trend_dtrader AUDUSD,H1: Alert: Failed XAUUSD
0	21:22:47.615	trend_dtrader AUDUSD,H1: 20 : 22
0	21:23:07.412	trend_dtrader AUDUSD,H1: Alert: Failed XAUUSD
0	21:23:29.795	trend_dtrader AUDUSD,H1: Alert: Failed XAUUSD
0	21:23:47.615	trend_dtrader AUDUSD,H1: 20 : 23
0	21:24:02.556	trend_dtrader AUDUSD,H1: Alert: Failed XAUUSD
0	21:24:17.395	trend_dtrader AUDUSD,H1: Alert: Failed XAUUSD
0	21:24:26.949	trend_dtrader AUDUSD,H1: Alert: Failed XAUUSD
0	21:24:47.614	trend_dtrader AUDUSD,H1: 20 : 24
0	21:24:56.177	trend_dtrader AUDUSD,H1: Alert: Failed XAUUSD
0	21:25:26.801	trend_dtrader AUDUSD,H1: Alert: Failed XAUUSD
0	21:25:41.733	trend_dtrader AUDUSD,H1: Alert: Failed XAUUSD
0	21:25:47.615	trend_dtrader AUDUSD,H1: 20 : 25
0	21:26:00.310	trend_dtrader AUDUSD,H1: Alert: Failed XAUUSD
0	21:26:11.567	trend_dtrader AUDUSD,H1: Alert: Failed XAUUSD
0	21:26:20.015	trend_dtrader AUDUSD,H1: Alert: Failed XAUUSD
0	21:26:26.856	trend_dtrader AUDUSD,H1: Alert: Failed XAUUSD
0	21:26:48.112	trend_dtrader AUDUSD,H1: Alert: Failed XAUUSD
0	21:26:48.113	trend_dtrader AUDUSD,H1: 20 : 26
0	21:27:12.768	trend_dtrader AUDUSD,H1: Alert: Failed XAUUSD
0	21:27:41.226	trend_dtrader AUDUSD,H1: Alert: Failed XAUUSD
0	21:27:47.613	trend_dtrader AUDUSD,H1: 20 : 27
0	21:28:43.973	trend_dtrader AUDUSD,H1: Alert: Failed XAUUSD
0	21:28:47.614	trend_dtrader AUDUSD,H1: 20 : 28
0	21:28:52.483	trend_dtrader AUDUSD,H1: Alert: Failed XAUUSD
0	21:29:11.683	trend_dtrader AUDUSD,H1: Alert: Failed XAUUSD
0	21:29:32.087	trend_dtrader AUDUSD,H1: Alert: Failed XAUUSD
0	21:29:45.091	trend_dtrader AUDUSD,H1: Alert: Failed XAUUSD
0	21:29:47.613	trend_dtrader AUDUSD,H1: 20 : 29
0	21:29:49.521	trend_dtrader AUDUSD,H1: Alert: Failed XAUUSD
0	21:29:54.517	trend_dtrader AUDUSD,H1: Alert: Failed XAUUSD
0	21:30:05.159	trend_dtrader AUDUSD,H1: Alert: Failed XAUUSD
0	21:30:23.901	trend_dtrader AUDUSD,H1: Alert: Failed XAUUSD
0	21:30:37.730	trend_dtrader AUDUSD,H1: Alert: Failed XAUUSD
0	21:30:41.474	trend_dtrader AUDUSD,H1: Alert: Failed XAUUSD
0	21:30:47.612	trend_dtrader AUDUSD,H1: 20 : 30
0	21:31:01.575	trend_dtrader AUDUSD,H1: Alert: Failed XAUUSD
0	21:31:22.683	trend_dtrader AUDUSD,H1: Alert: Failed XAUUSD
0	21:31:41.677	trend_dtrader AUDUSD,H1: Alert: Failed XAUUSD
0	21:31:47.612	trend_dtrader AUDUSD,H1: 20 : 31
0	21:31:49.875	trend_dtrader AUDUSD,H1: Alert: Failed XAUUSD
0	21:32:13.405	trend_dtrader AUDUSD,H1: Alert: Failed XAUUSD
0	21:32:31.405	trend_dtrader AUDUSD,H1: Alert: Failed XAUUSD
0	21:32:47.612	trend_dtrader AUDUSD,H1: 20 : 32
0	21:32:51.276	trend_dtrader AUDUSD,H1: Alert: Failed XAUUSD
0	21:32:58.207	trend_dtrader AUDUSD,H1: Alert: Failed XAUUSD
0	21:33:01.398	trend_dtrader AUDUSD,H1: Alert: Failed XAUUSD
0	21:33:32.377	trend_dtrader AUDUSD,H1: Alert: Failed XAUUSD
0	21:33:47.611	trend_dtrader AUDUSD,H1: 20 : 33
0	21:33:53.539	trend_dtrader AUDUSD,H1: Alert: Failed XAUUSD
0	21:34:25.903	trend_dtrader AUDUSD,H1: Alert: Failed XAUUSD
0	21:34:47.611	trend_dtrader AUDUSD,H1: 20 : 34
0	21:34:54.974	trend_dtrader AUDUSD,H1: Alert: Failed XAUUSD
0	21:35:00.793	trend_dtrader AUDUSD,H1: Alert: Failed XAUUSD
0	21:35:05.007	trend_dtrader AUDUSD,H1: Alert: Failed XAUUSD
0	21:35:16.831	trend_dtrader AUDUSD,H1: Alert: Failed XAUUSD
0	21:35:27.029	trend_dtrader AUDUSD,H1: Alert: Failed XAUUSD
0	21:35:33.894	trend_dtrader AUDUSD,H1: Alert: Failed XAUUSD
0	21:35:42.220	trend_dtrader AUDUSD,H1: Alert: Failed XAUUSD
0	21:35:47.610	trend_dtrader AUDUSD,H1: 20 : 35
0	21:35:54.637	trend_dtrader AUDUSD,H1: Alert: Failed XAUUSD
0	21:36:16.254	trend_dtrader AUDUSD,H1: Alert: Failed XAUUSD
0	21:36:24.412	trend_dtrader AUDUSD,H1: Alert: Failed XAUUSD
0	21:36:31.313	trend_dtrader AUDUSD,H1: Alert: Failed XAUUSD
0	21:36:36.252	trend_dtrader AUDUSD,H1: Alert: Failed XAUUSD
0	21:36:47.611	trend_dtrader AUDUSD,H1: 20 : 36
0	21:36:49.943	trend_dtrader AUDUSD,H1: Alert: Failed XAUUSD
0	21:37:02.572	trend_dtrader AUDUSD,H1: Alert: Failed XAUUSD
0	21:37:18.260	trend_dtrader AUDUSD,H1: Alert: Failed XAUUSD
0	21:37:28.660	trend_dtrader AUDUSD,H1: Alert: Failed XAUUSD
0	21:37:36.975	trend_dtrader AUDUSD,H1: Alert: Failed XAUUSD
0	21:37:47.609	trend_dtrader AUDUSD,H1: 20 : 37
0	21:38:10.920	trend_dtrader AUDUSD,H1: Alert: Failed XAUUSD
0	21:38:31.330	trend_dtrader AUDUSD,H1: Alert: Failed XAUUSD
0	21:38:47.415	trend_dtrader AUDUSD,H1: Alert: Failed XAUUSD
0	21:38:47.609	trend_dtrader AUDUSD,H1: 20 : 38
0	21:38:58.777	trend_dtrader AUDUSD,H1: Alert: Failed XAUUSD
0	21:39:02.757	trend_dtrader AUDUSD,H1: Alert: Failed XAUUSD
0	21:39:08.861	trend_dtrader AUDUSD,H1: Alert: Failed XAUUSD
0	21:39:14.560	trend_dtrader AUDUSD,H1: Alert: Failed XAUUSD
0	21:39:24.179	trend_dtrader AUDUSD,H1: Alert: Failed XAUUSD
0	21:39:47.610	trend_dtrader AUDUSD,H1: 20 : 39
0	21:40:00.312	trend_dtrader AUDUSD,H1: Alert: Failed XAUUSD
0	21:40:14.101	trend_dtrader AUDUSD,H1: Alert: Failed XAUUSD
0	21:40:21.124	trend_dtrader AUDUSD,H1: Alert: Failed XAUUSD
0	21:40:24.765	trend_dtrader AUDUSD,H1: Alert: Failed XAUUSD
0	21:40:43.356	trend_dtrader AUDUSD,H1: Alert: Failed XAUUSD
0	21:40:47.608	trend_dtrader AUDUSD,H1: 20 : 40
0	21:40:52.431	trend_dtrader AUDUSD,H1: Alert: Failed XAUUSD
0	21:41:13.523	trend_dtrader AUDUSD,H1: Alert: Failed XAUUSD
0	21:41:28.140	trend_dtrader AUDUSD,H1: Alert: Failed XAUUSD
0	21:41:46.640	trend_dtrader AUDUSD,H1: Alert: Failed XAUUSD
0	21:41:47.608	trend_dtrader AUDUSD,H1: 20 : 41
0	21:41:55.563	trend_dtrader AUDUSD,H1: Alert: Failed XAUUSD
0	21:42:02.307	trend_dtrader AUDUSD,H1: Alert: Failed XAUUSD
0	21:42:07.554	trend_dtrader AUDUSD,H1: Alert: Failed XAUUSD
0	21:42:42.223	trend_dtrader AUDUSD,H1: Alert: Failed XAUUSD
0	21:42:47.608	trend_dtrader AUDUSD,H1: 20 : 42
0	21:42:54.519	trend_dtrader AUDUSD,H1: Alert: Failed XAUUSD
0	21:43:07.579	trend_dtrader AUDUSD,H1: Alert: Failed XAUUSD
0	21:43:37.259	trend_dtrader AUDUSD,H1: Alert: Failed XAUUSD
0	21:43:45.947	trend_dtrader AUDUSD,H1: Alert: Failed XAUUSD
0	21:43:47.607	trend_dtrader AUDUSD,H1: 20 : 43
0	21:44:17.314	trend_dtrader AUDUSD,H1: Alert: Failed XAUUSD
0	21:44:35.530	trend_dtrader AUDUSD,H1: Alert: Failed XAUUSD
0	21:44:43.642	trend_dtrader AUDUSD,H1: Alert: Failed XAUUSD
0	21:44:47.607	trend_dtrader AUDUSD,H1: 20 : 44
0	21:44:59.228	trend_dtrader AUDUSD,H1: Alert: Failed XAUUSD
0	21:45:10.126	trend_dtrader AUDUSD,H1: Alert: Failed XAUUSD
0	21:45:38.448	trend_dtrader AUDUSD,H1: Alert: Failed XAUUSD
0	21:45:47.607	trend_dtrader AUDUSD,H1: 20 : 45
0	21:46:05.114	trend_dtrader AUDUSD,H1: Alert: Failed XAUUSD
0	21:46:25.269	trend_dtrader AUDUSD,H1: Alert: Failed XAUUSD
0	21:46:34.609	trend_dtrader AUDUSD,H1: Alert: Failed XAUUSD
0	21:46:43.084	trend_dtrader AUDUSD,H1: Alert: Failed XAUUSD
0	21:46:47.606	trend_dtrader AUDUSD,H1: 20 : 46
0	21:47:12.687	trend_dtrader AUDUSD,H1: Alert: Failed XAUUSD
0	21:47:20.376	trend_dtrader AUDUSD,H1: Alert: Failed XAUUSD
0	21:47:23.389	trend_dtrader AUDUSD,H1: Alert: Failed XAUUSD
0	21:47:27.746	trend_dtrader AUDUSD,H1: Alert: Failed XAUUSD
0	21:47:33.083	trend_dtrader AUDUSD,H1: Alert: Failed XAUUSD
0	21:47:37.611	trend_dtrader AUDUSD,H1: Alert: Failed XAUUSD
0	21:47:47.605	trend_dtrader AUDUSD,H1: 20 : 47
0	21:47:50.369	trend_dtrader AUDUSD,H1: Alert: Failed XAUUSD
0	21:47:54.405	trend_dtrader AUDUSD,H1: Alert: Failed XAUUSD
0	21:48:02.135	trend_dtrader AUDUSD,H1: Alert: Failed XAUUSD
0	21:48:07.079	trend_dtrader AUDUSD,H1: Alert: Failed XAUUSD
0	21:48:23.145	trend_dtrader AUDUSD,H1: Alert: Failed XAUUSD
0	21:48:28.076	trend_dtrader AUDUSD,H1: Alert: Failed XAUUSD
0	21:48:43.671	trend_dtrader AUDUSD,H1: Alert: Failed XAUUSD
0	21:48:47.606	trend_dtrader AUDUSD,H1: 20 : 48
0	21:48:50.587	trend_dtrader AUDUSD,H1: Alert: Failed XAUUSD
0	21:49:04.166	trend_dtrader AUDUSD,H1: Alert: Failed XAUUSD
0	21:49:11.095	trend_dtrader AUDUSD,H1: Alert: Failed XAUUSD
0	21:49:24.742	trend_dtrader AUDUSD,H1: Alert: Failed XAUUSD
0	21:49:29.948	trend_dtrader AUDUSD,H1: Alert: Failed XAUUSD
0	21:49:40.367	trend_dtrader AUDUSD,H1: Alert: Failed XAUUSD
0	21:49:47.605	trend_dtrader AUDUSD,H1: 20 : 49
0	21:49:53.289	trend_dtrader AUDUSD,H1: Alert: Failed XAUUSD
0	21:50:02.682	trend_dtrader AUDUSD,H1: Alert: Failed XAUUSD
0	21:50:15.937	trend_dtrader AUDUSD,H1: Alert: Failed XAUUSD
0	21:50:34.181	trend_dtrader AUDUSD,H1: Alert: Failed XAUUSD
0	21:50:39.693	trend_dtrader AUDUSD,H1: Alert: Failed XAUUSD
0	21:50:43.041	trend_dtrader AUDUSD,H1: Alert: Failed XAUUSD
0	21:50:47.604	trend_dtrader AUDUSD,H1: 20 : 50
0	21:50:48.950	trend_dtrader AUDUSD,H1: Alert: Failed XAUUSD
0	21:50:51.601	trend_dtrader AUDUSD,H1: Alert: Failed XAUUSD
0	21:50:55.926	trend_dtrader AUDUSD,H1: Alert: Failed XAUUSD
0	21:51:31.751	trend_dtrader AUDUSD,H1: Alert: Failed XAUUSD
0	21:51:37.964	trend_dtrader AUDUSD,H1: Alert: Failed XAUUSD
0	21:51:45.100	trend_dtrader AUDUSD,H1: Alert: Failed XAUUSD
0	21:51:47.604	trend_dtrader AUDUSD,H1: 20 : 51
0	21:51:53.356	trend_dtrader AUDUSD,H1: Alert: Failed XAUUSD
0	21:52:06.353	trend_dtrader AUDUSD,H1: Alert: Failed XAUUSD
0	21:52:17.183	trend_dtrader AUDUSD,H1: Alert: Failed XAUUSD
0	21:52:26.520	trend_dtrader AUDUSD,H1: Alert: Failed XAUUSD
0	21:52:32.610	trend_dtrader AUDUSD,H1: Alert: Failed XAUUSD
0	21:52:47.604	trend_dtrader AUDUSD,H1: 20 : 52
0	21:52:55.319	trend_dtrader AUDUSD,H1: Alert: Failed XAUUSD
0	21:53:05.355	trend_dtrader AUDUSD,H1: Alert: Failed XAUUSD
0	21:53:32.999	trend_dtrader AUDUSD,H1: Alert: Failed XAUUSD
0	21:53:42.118	trend_dtrader AUDUSD,H1: Alert: Failed XAUUSD
0	21:53:47.603	trend_dtrader AUDUSD,H1: 20 : 53
0	21:54:20.184	trend_dtrader AUDUSD,H1: Alert: Failed XAUUSD
0	21:54:28.834	trend_dtrader AUDUSD,H1: Alert: Failed XAUUSD
0	21:54:43.480	trend_dtrader AUDUSD,H1: Alert: Failed XAUUSD
0	21:54:47.603	trend_dtrader AUDUSD,H1: 20 : 54
0	21:54:52.543	trend_dtrader AUDUSD,H1: Alert: Failed XAUUSD
0	21:55:00.255	trend_dtrader AUDUSD,H1: Alert: Failed XAUUSD
0	21:55:11.243	trend_dtrader AUDUSD,H1: Alert: Failed XAUUSD
0	21:55:47.603	trend_dtrader AUDUSD,H1: 20 : 55
0	21:56:14.681	trend_dtrader AUDUSD,H1: Alert: Failed XAUUSD
0	21:56:42.582	trend_dtrader AUDUSD,H1: Alert: Failed XAUUSD
0	21:56:47.635	trend_dtrader AUDUSD,H1: 20 : 56
0	21:57:11.424	trend_dtrader AUDUSD,H1: Alert: Failed XAUUSD
0	21:57:43.153	trend_dtrader AUDUSD,H1: Alert: Failed XAUUSD
0	21:57:47.602	trend_dtrader AUDUSD,H1: 20 : 57
0	21:57:50.955	trend_dtrader AUDUSD,H1: Alert: Failed XAUUSD
0	21:58:08.364	trend_dtrader AUDUSD,H1: Alert: Failed XAUUSD
0	21:58:14.719	trend_dtrader AUDUSD,H1: Alert: Failed XAUUSD
0	21:58:43.413	trend_dtrader AUDUSD,H1: Alert: Failed XAUUSD
0	21:58:47.601	trend_dtrader AUDUSD,H1: 20 : 58
0	21:58:52.232	trend_dtrader AUDUSD,H1: Alert: Failed XAUUSD
0	21:59:00.208	trend_dtrader AUDUSD,H1: Alert: Failed XAUUSD
0	21:59:02.404	trend_dtrader AUDUSD,H1: Alert: Failed XAUUSD
0	21:59:11.423	trend_dtrader AUDUSD,H1: Alert: Failed XAUUSD
0	21:59:20.748	trend_dtrader AUDUSD,H1: Alert: Failed XAUUSD
0	21:59:23.098	trend_dtrader AUDUSD,H1: Alert: Failed XAUUSD
0	21:59:29.777	trend_dtrader AUDUSD,H1: Alert: Failed XAUUSD
0	21:59:32.830	trend_dtrader AUDUSD,H1: Alert: Failed XAUUSD
0	21:59:45.097	trend_dtrader AUDUSD,H1: Alert: Failed XAUUSD
0	21:59:47.602	trend_dtrader AUDUSD,H1: 20 : 59
0	21:59:55.195	trend_dtrader AUDUSD,H1: Alert: Failed XAUUSD
0	22:00:05.476	trend_dtrader AUDUSD,H1: Alert: Failed XAUUSD
0	22:00:29.874	trend_dtrader AUDUSD,H1: Alert: Failed XAUUSD
0	22:00:47.600	trend_dtrader AUDUSD,H1: 21 : 0
0	22:01:23.064	trend_dtrader AUDUSD,H1: Alert: Failed XAUUSD
0	22:01:47.601	trend_dtrader AUDUSD,H1: 21 : 1
0	22:02:47.600	trend_dtrader AUDUSD,H1: 21 : 2
0	22:03:23.080	trend_dtrader AUDUSD,H1: Alert: Failed XAUUSD
0	22:03:38.439	trend_dtrader AUDUSD,H1: Alert: Failed XAUUSD
0	22:03:47.599	trend_dtrader AUDUSD,H1: 21 : 3
0	22:04:05.712	trend_dtrader AUDUSD,H1: Alert: Failed XAUUSD
0	22:04:47.599	trend_dtrader AUDUSD,H1: 21 : 4
0	22:05:04.481	trend_dtrader AUDUSD,H1: Alert: Failed XAUUSD
0	22:05:30.970	trend_dtrader AUDUSD,H1: Alert: Failed XAUUSD
0	22:05:47.599	trend_dtrader AUDUSD,H1: 21 : 5
0	22:05:59.618	trend_dtrader AUDUSD,H1: Alert: Failed XAUUSD
0	22:06:23.081	trend_dtrader AUDUSD,H1: Alert: Failed XAUUSD
0	22:06:47.598	trend_dtrader AUDUSD,H1: 21 : 6
0	22:07:00.423	trend_dtrader AUDUSD,H1: Alert: Failed XAUUSD
0	22:07:16.822	trend_dtrader AUDUSD,H1: Alert: Failed XAUUSD
0	22:07:30.739	trend_dtrader AUDUSD,H1: Alert: Failed XAUUSD
0	22:07:47.598	trend_dtrader AUDUSD,H1: 21 : 7
0	22:08:09.344	trend_dtrader AUDUSD,H1: Alert: Failed XAUUSD
0	22:08:47.597	trend_dtrader AUDUSD,H1: 21 : 8
0	22:08:55.085	trend_dtrader AUDUSD,H1: Alert: Failed XAUUSD
0	22:09:17.910	trend_dtrader AUDUSD,H1: Alert: Failed XAUUSD
0	22:09:36.043	trend_dtrader AUDUSD,H1: Alert: Failed XAUUSD
0	22:09:47.597	trend_dtrader AUDUSD,H1: 21 : 9
0	22:10:17.335	trend_dtrader AUDUSD,H1: Alert: Failed XAUUSD
0	22:10:47.596	trend_dtrader AUDUSD,H1: 21 : 10
0	22:11:07.302	trend_dtrader AUDUSD,H1: Alert: Failed XAUUSD
0	22:11:40.043	trend_dtrader AUDUSD,H1: Alert: Failed XAUUSD
0	22:11:47.596	trend_dtrader AUDUSD,H1: 21 : 11
0	22:11:55.861	trend_dtrader AUDUSD,H1: Alert: Failed XAUUSD
0	22:12:47.596	trend_dtrader AUDUSD,H1: 21 : 12
0	22:12:59.793	trend_dtrader AUDUSD,H1: Alert: Failed XAUUSD
0	22:13:33.264	trend_dtrader AUDUSD,H1: Alert: Failed XAUUSD
0	22:13:47.595	trend_dtrader AUDUSD,H1: 21 : 13
0	22:14:04.913	trend_dtrader AUDUSD,H1: Alert: Failed XAUUSD
0	22:14:47.615	trend_dtrader AUDUSD,H1: 21 : 14
0	22:15:45.105	trend_dtrader AUDUSD,H1: Alert: Failed XAUUSD
0	22:15:47.595	trend_dtrader AUDUSD,H1: 21 : 15
0	22:16:01.387	trend_dtrader AUDUSD,H1: Alert: Failed XAUUSD
0	22:16:47.594	trend_dtrader AUDUSD,H1: 21 : 16
0	22:16:59.496	trend_dtrader AUDUSD,H1: Alert: Failed XAUUSD
0	22:17:47.594	trend_dtrader AUDUSD,H1: 21 : 17
0	22:18:00.095	trend_dtrader AUDUSD,H1: Alert: Failed XAUUSD
0	22:18:26.068	trend_dtrader AUDUSD,H1: Alert: Failed XAUUSD
0	22:18:47.593	trend_dtrader AUDUSD,H1: 21 : 18
0	22:19:18.061	trend_dtrader AUDUSD,H1: Alert: Failed XAUUSD
0	22:19:28.162	trend_dtrader AUDUSD,H1: Alert: Failed XAUUSD
0	22:19:47.593	trend_dtrader AUDUSD,H1: 21 : 19
0	22:20:01.282	trend_dtrader AUDUSD,H1: Alert: Failed XAUUSD
0	22:20:47.210	trend_dtrader AUDUSD,H1: Alert: Failed XAUUSD
0	22:20:47.592	trend_dtrader AUDUSD,H1: 21 : 20
0	22:21:03.334	trend_dtrader AUDUSD,H1: Alert: Failed XAUUSD
0	22:21:12.544	trend_dtrader AUDUSD,H1: Alert: Failed XAUUSD
0	22:21:47.592	trend_dtrader AUDUSD,H1: 21 : 21
0	22:22:34.210	trend_dtrader AUDUSD,H1: Alert: Failed XAUUSD
0	22:22:47.592	trend_dtrader AUDUSD,H1: 21 : 22
0	22:22:50.429	trend_dtrader AUDUSD,H1: Alert: Failed XAUUSD
0	22:23:26.447	trend_dtrader AUDUSD,H1: Alert: Failed XAUUSD
0	22:23:47.592	trend_dtrader AUDUSD,H1: 21 : 23
0	22:24:33.948	trend_dtrader AUDUSD,H1: Alert: Failed XAUUSD
0	22:24:47.592	trend_dtrader AUDUSD,H1: 21 : 24
0	22:25:43.557	trend_dtrader AUDUSD,H1: Alert: Failed XAUUSD
0	22:25:47.591	trend_dtrader AUDUSD,H1: 21 : 25
0	22:26:17.298	trend_dtrader AUDUSD,H1: Alert: Failed XAUUSD
0	22:26:47.590	trend_dtrader AUDUSD,H1: 21 : 26
0	22:26:51.828	trend_dtrader AUDUSD,H1: Alert: Failed XAUUSD
0	22:27:33.240	ZigZag GBPUSD,H1: uninit reason 9
0	22:27:33.240	s_and_d GBPUSD,H1: uninit reason 9
0	22:27:33.243	trend_dtrader AUDUSD,H1: uninit reason 9
0	22:27:33.243	trend_dtrader AUDUSD,H1: Alert: 9
0	22:27:33.377	Custom indicator ZigZag GBPUSD,H1: removed
0	22:27:33.380	Custom indicator s_and_d GBPUSD,H1: removed
0	22:27:33.396	Expert trend_dtrader AUDUSD,H1: removed
