0	08:52:12.305	trend_dtrader XAUUSD,H1: Alert: Please check your internet connection
0	08:52:12.488	trend_dtrader XAUUSD,H1: Alert: Please check your internet connection
0	08:52:13.490	trend_dtrader XAUUSD,H1: Alert: Please check your internet connection
0	08:52:14.487	trend_dtrader XAUUSD,H1: Alert: Please check your internet connection
0	08:52:15.488	trend_dtrader XAUUSD,H1: Alert: Please check your internet connection
0	08:52:16.488	trend_dtrader XAUUSD,H1: Alert: Please check your internet connection
0	10:28:56.102	trend_dtrader XAUUSD,H1: Alert: Please check your internet connection
0	10:28:57.109	trend_dtrader XAUUSD,H1: Alert: Please check your internet connection
0	10:28:58.104	trend_dtrader XAUUSD,H1: Alert: Please check your internet connection
0	10:28:59.106	trend_dtrader XAUUSD,H1: Alert: Please check your internet connection
0	10:29:00.103	trend_dtrader XAUUSD,H1: Alert: Please check your internet connection
0	10:29:01.106	trend_dtrader XAUUSD,H1: Alert: Please check your internet connection
0	10:29:02.106	trend_dtrader XAUUSD,H1: Alert: Please check your internet connection
0	10:29:03.102	trend_dtrader XAUUSD,H1: Alert: Please check your internet connection
0	10:29:04.105	trend_dtrader XAUUSD,H1: Alert: Please check your internet connection
0	10:29:05.106	trend_dtrader XAUUSD,H1: Alert: Please check your internet connection
0	10:29:06.105	trend_dtrader XAUUSD,H1: Alert: Please check your internet connection
0	10:29:07.101	trend_dtrader XAUUSD,H1: Alert: Please check your internet connection
0	10:29:08.104	trend_dtrader XAUUSD,H1: Alert: Please check your internet connection
0	10:29:09.104	trend_dtrader XAUUSD,H1: Alert: Please check your internet connection
0	10:29:10.102	trend_dtrader XAUUSD,H1: Alert: Please check your internet connection
0	10:29:11.105	trend_dtrader XAUUSD,H1: Alert: Please check your internet connection
0	10:29:12.103	trend_dtrader XAUUSD,H1: Alert: Please check your internet connection
0	10:29:13.105	trend_dtrader XAUUSD,H1: Alert: Please check your internet connection
0	10:29:14.104	trend_dtrader XAUUSD,H1: Alert: Please check your internet connection
0	10:29:15.103	trend_dtrader XAUUSD,H1: Alert: Please check your internet connection
0	10:29:16.102	trend_dtrader XAUUSD,H1: Alert: Please check your internet connection
0	10:29:17.102	trend_dtrader XAUUSD,H1: Alert: Please check your internet connection
0	10:29:18.103	trend_dtrader XAUUSD,H1: Alert: Please check your internet connection
0	10:29:19.103	trend_dtrader XAUUSD,H1: Alert: Please check your internet connection
0	10:29:20.102	trend_dtrader XAUUSD,H1: Alert: Please check your internet connection
0	10:29:21.103	trend_dtrader XAUUSD,H1: Alert: Please check your internet connection
0	10:29:22.102	trend_dtrader XAUUSD,H1: Alert: Please check your internet connection
0	10:29:23.103	trend_dtrader XAUUSD,H1: Alert: Please check your internet connection
0	10:29:24.102	trend_dtrader XAUUSD,H1: Alert: Please check your internet connection
0	10:30:43.103	trend_dtrader XAUUSD,H1: Alert: Please check your internet connection
0	10:30:44.106	trend_dtrader XAUUSD,H1: Alert: Please check your internet connection
0	10:45:47.615	trend_dtrader XAUUSD,H1: Alert: Failed AAVEUSD
2	11:01:00.407	trend_dtrader XAUUSD,H1: open #474513270 sell 0.10 FTMUSD at 0.6649 sl: 0.7087 tp: 0.6461 ok
0	11:01:00.407	trend_dtrader XAUUSD,H1: Alert: FTMUSD Ordered Successfully
2	11:31:18.448	trend_dtrader XAUUSD,H1: open #474515222 sell 0.10 ATOMUSD at 8.307 sl: 8.736 tp: 7.873 ok
0	11:31:18.448	trend_dtrader XAUUSD,H1: Alert: ATOMUSD Ordered Successfully
2	13:38:18.802	trend_dtrader XAUUSD,H1: modify #474432875 sell 0.10 USDCAD at 1.36722 sl: 1.36666 tp: 1.35381 ok
0	13:38:18.802	trend_dtrader XAUUSD,H1: Alert: USDCAD has been assigned a breakeven 1.36666
2	14:07:22.698	trend_dtrader XAUUSD,H1: modify #474445052 buy 0.10 EURUSD at 1.08024 sl: 1.08065 tp: 1.08568 ok
0	14:07:22.699	trend_dtrader XAUUSD,H1: Alert: EURUSD has been assigned a breakeven 1.080645
2	14:45:01.710	trend_dtrader XAUUSD,H1: open #474543238 sell 0.10 FETUSD at 2.0416 sl: 2.2189 tp: 1.9794 ok
0	14:45:01.710	trend_dtrader XAUUSD,H1: Alert: FETUSD Ordered Successfully
0	14:55:55.827	trend_dtrader XAUUSD,H1: Alert: Please check your internet connection
0	14:59:29.967	Expert trend_dtrader XAUUSD,H1: loaded successfully
0	14:59:29.967	trend_dtrader XAUUSD,H1 inputs: mdesc=DBot FX; lot_size=0.1; max_trade=10000; 
0	14:59:33.615	trend_dtrader XAUUSD,H1: AAVEUSD --> 2
0	14:59:33.615	trend_dtrader XAUUSD,H1: ADAUSD --> 4
0	14:59:33.615	trend_dtrader XAUUSD,H1: ALGOUSD --> 4
0	14:59:33.615	trend_dtrader XAUUSD,H1: APTUSD --> 4
0	14:59:33.615	trend_dtrader XAUUSD,H1: ARBUSD --> 4
0	14:59:33.615	trend_dtrader XAUUSD,H1: ATOMUSD --> 3
0	14:59:33.615	trend_dtrader XAUUSD,H1: AUDUSD --> 5
0	14:59:33.615	trend_dtrader XAUUSD,H1: AVAXUSD --> 3
0	14:59:33.615	trend_dtrader XAUUSD,H1: AXSUSD --> 2
0	14:59:33.615	trend_dtrader XAUUSD,H1: BCHUSD --> 2
0	14:59:33.615	trend_dtrader XAUUSD,H1: BNBUSD --> 2
0	14:59:33.615	trend_dtrader XAUUSD,H1: BTCUSD --> 2
0	14:59:33.615	trend_dtrader XAUUSD,H1: DASHUSD --> 2
0	14:59:33.615	trend_dtrader XAUUSD,H1: DOGEUSD --> 5
0	14:59:33.615	trend_dtrader XAUUSD,H1: DOTUSD --> 3
0	14:59:33.615	trend_dtrader XAUUSD,H1: ETCUSD --> 3
0	14:59:33.615	trend_dtrader XAUUSD,H1: ETHUSD --> 2
0	14:59:33.615	trend_dtrader XAUUSD,H1: EURUSD --> 5
0	14:59:33.615	trend_dtrader XAUUSD,H1: FETUSD --> 4
0	14:59:33.615	trend_dtrader XAUUSD,H1: FILUSD --> 3
0	14:59:33.615	trend_dtrader XAUUSD,H1: FTMUSD --> 4
0	14:59:33.615	trend_dtrader XAUUSD,H1: GBPUSD --> 5
0	14:59:33.615	trend_dtrader XAUUSD,H1: GRTUSD --> 4
0	14:59:33.615	trend_dtrader XAUUSD,H1: ICPUSD --> 3
0	14:59:33.615	trend_dtrader XAUUSD,H1: IOTAUSD --> 4
0	14:59:33.615	trend_dtrader XAUUSD,H1: LINKUSD --> 3
0	14:59:33.615	trend_dtrader XAUUSD,H1: LRCUSD --> 4
0	14:59:33.615	trend_dtrader XAUUSD,H1: LTCUSD --> 2
0	14:59:33.615	trend_dtrader XAUUSD,H1: MANAUSD --> 4
0	14:59:33.615	trend_dtrader XAUUSD,H1: MATICUSD --> 4
0	14:59:33.615	trend_dtrader XAUUSD,H1: NEARUSD --> 3
0	14:59:33.615	trend_dtrader XAUUSD,H1: NZDUSD --> 5
0	14:59:33.615	trend_dtrader XAUUSD,H1: SOLUSD --> 2
0	14:59:33.615	trend_dtrader XAUUSD,H1: SUIUSD --> 4
0	14:59:33.615	trend_dtrader XAUUSD,H1: TRXUSD --> 5
0	14:59:33.615	trend_dtrader XAUUSD,H1: UNIUSD --> 3
0	14:59:33.615	trend_dtrader XAUUSD,H1: USDCAD --> 5
0	14:59:33.615	trend_dtrader XAUUSD,H1: USDCHF --> 5
0	14:59:33.615	trend_dtrader XAUUSD,H1: USDJPY --> 3
0	14:59:33.615	trend_dtrader XAUUSD,H1: USDMXN --> 4
0	14:59:33.615	trend_dtrader XAUUSD,H1: USDZAR --> 5
0	14:59:33.615	trend_dtrader XAUUSD,H1: XAGUSD --> 3
0	14:59:33.615	trend_dtrader XAUUSD,H1: XAUUSD --> 2
0	14:59:33.615	trend_dtrader XAUUSD,H1: XBRUSD --> 2
0	14:59:33.615	trend_dtrader XAUUSD,H1: XNGUSD --> 3
0	14:59:33.615	trend_dtrader XAUUSD,H1: XRPUSD --> 5
0	14:59:33.615	trend_dtrader XAUUSD,H1: XTIUSD --> 2
0	14:59:33.615	trend_dtrader XAUUSD,H1: ZECUSD --> 2
0	14:59:33.615	trend_dtrader XAUUSD,H1: 48
0	14:59:33.615	trend_dtrader XAUUSD,H1: initialized
0	15:10:44.613	trend_dtrader XAUUSD,H1: Failed modifying DASHUSD
0	15:10:45.616	trend_dtrader XAUUSD,H1: Failed modifying DOGEUSD
0	15:10:46.622	trend_dtrader XAUUSD,H1: Failed modifying DOTUSD
0	15:10:47.622	trend_dtrader XAUUSD,H1: Failed modifying ETCUSD
0	15:10:48.614	trend_dtrader XAUUSD,H1: Failed modifying ETHUSD
0	15:10:50.631	trend_dtrader XAUUSD,H1: Failed modifying FETUSD
0	15:10:51.617	trend_dtrader XAUUSD,H1: Failed modifying FILUSD
0	15:10:52.622	trend_dtrader XAUUSD,H1: Failed modifying FTMUSD
0	15:10:53.617	trend_dtrader XAUUSD,H1: Failed modifying GBPUSD
0	15:10:54.614	trend_dtrader XAUUSD,H1: Failed modifying GRTUSD
0	15:10:55.616	trend_dtrader XAUUSD,H1: Failed modifying ICPUSD
0	15:10:56.615	trend_dtrader XAUUSD,H1: Failed modifying IOTAUSD
0	15:10:57.615	trend_dtrader XAUUSD,H1: Failed modifying LINKUSD
0	15:10:58.620	trend_dtrader XAUUSD,H1: Failed modifying LRCUSD
0	15:10:59.615	trend_dtrader XAUUSD,H1: Failed modifying LTCUSD
0	15:11:00.613	trend_dtrader XAUUSD,H1: Failed modifying MANAUSD
0	15:11:01.616	trend_dtrader XAUUSD,H1: Failed modifying MATICUSD
0	15:11:02.621	trend_dtrader XAUUSD,H1: Failed modifying NEARUSD
0	15:11:03.629	trend_dtrader XAUUSD,H1: Failed modifying NZDUSD
0	15:11:04.617	trend_dtrader XAUUSD,H1: Failed modifying SOLUSD
0	15:11:05.614	trend_dtrader XAUUSD,H1: Failed modifying SUIUSD
0	15:11:06.614	trend_dtrader XAUUSD,H1: Failed modifying TRXUSD
0	15:11:07.612	trend_dtrader XAUUSD,H1: Failed modifying UNIUSD
0	15:11:08.611	trend_dtrader XAUUSD,H1: Failed modifying USDCAD
0	15:11:09.618	trend_dtrader XAUUSD,H1: Failed modifying USDCHF
0	15:11:10.617	trend_dtrader XAUUSD,H1: Failed modifying USDJPY
0	15:11:11.625	trend_dtrader XAUUSD,H1: Failed modifying USDMXN
0	15:11:12.619	trend_dtrader XAUUSD,H1: Failed modifying USDZAR
0	15:11:13.613	trend_dtrader XAUUSD,H1: Failed modifying XAGUSD
0	15:11:14.611	trend_dtrader XAUUSD,H1: Failed modifying XAUUSD
0	15:11:15.614	trend_dtrader XAUUSD,H1: Failed modifying XBRUSD
0	15:11:16.617	trend_dtrader XAUUSD,H1: Failed modifying XNGUSD
0	15:11:17.615	trend_dtrader XAUUSD,H1: Failed modifying XRPUSD
0	15:11:18.614	trend_dtrader XAUUSD,H1: Failed modifying XTIUSD
0	15:11:19.615	trend_dtrader XAUUSD,H1: Failed modifying AAVEUSD
0	15:11:20.615	trend_dtrader XAUUSD,H1: Failed modifying ADAUSD
0	15:11:21.614	trend_dtrader XAUUSD,H1: Failed modifying ALGOUSD
0	15:11:22.616	trend_dtrader XAUUSD,H1: Failed modifying APTUSD
0	15:11:23.615	trend_dtrader XAUUSD,H1: Failed modifying ARBUSD
0	15:11:24.614	trend_dtrader XAUUSD,H1: Failed modifying ATOMUSD
0	15:11:25.613	trend_dtrader XAUUSD,H1: Failed modifying AUDUSD
0	15:11:26.638	trend_dtrader XAUUSD,H1: Failed modifying AVAXUSD
0	15:11:27.612	trend_dtrader XAUUSD,H1: Failed modifying AXSUSD
0	15:11:28.613	trend_dtrader XAUUSD,H1: Failed modifying BCHUSD
0	15:11:29.617	trend_dtrader XAUUSD,H1: Failed modifying BNBUSD
0	15:11:30.616	trend_dtrader XAUUSD,H1: Failed modifying BTCUSD
0	15:11:31.614	trend_dtrader XAUUSD,H1: Failed modifying DASHUSD
0	15:11:32.612	trend_dtrader XAUUSD,H1: Failed modifying DOGEUSD
0	15:11:33.612	trend_dtrader XAUUSD,H1: Failed modifying DOTUSD
0	15:11:34.614	trend_dtrader XAUUSD,H1: Failed modifying ETCUSD
0	15:11:35.614	trend_dtrader XAUUSD,H1: Failed modifying ETHUSD
0	15:11:36.613	trend_dtrader XAUUSD,H1: Failed modifying EURUSD
0	15:11:37.616	trend_dtrader XAUUSD,H1: Failed modifying FETUSD
0	15:11:38.612	trend_dtrader XAUUSD,H1: Failed modifying FILUSD
0	15:11:39.613	trend_dtrader XAUUSD,H1: Failed modifying FTMUSD
0	15:11:40.615	trend_dtrader XAUUSD,H1: Failed modifying GBPUSD
0	15:11:41.614	trend_dtrader XAUUSD,H1: Failed modifying GRTUSD
0	15:11:42.618	trend_dtrader XAUUSD,H1: Failed modifying ICPUSD
0	15:11:43.614	trend_dtrader XAUUSD,H1: Failed modifying IOTAUSD
0	15:11:44.615	trend_dtrader XAUUSD,H1: Failed modifying LINKUSD
0	15:11:45.615	trend_dtrader XAUUSD,H1: Failed modifying LRCUSD
0	15:11:46.622	trend_dtrader XAUUSD,H1: Failed modifying LTCUSD
0	15:11:47.624	trend_dtrader XAUUSD,H1: Failed modifying MANAUSD
0	15:11:48.611	trend_dtrader XAUUSD,H1: Failed modifying MATICUSD
0	15:11:49.613	trend_dtrader XAUUSD,H1: Failed modifying NEARUSD
0	15:11:50.616	trend_dtrader XAUUSD,H1: Failed modifying NZDUSD
0	15:11:51.623	trend_dtrader XAUUSD,H1: Failed modifying SOLUSD
0	15:11:52.615	trend_dtrader XAUUSD,H1: Failed modifying SUIUSD
0	15:11:53.617	trend_dtrader XAUUSD,H1: Failed modifying TRXUSD
0	15:11:54.615	trend_dtrader XAUUSD,H1: Failed modifying UNIUSD
0	15:11:55.613	trend_dtrader XAUUSD,H1: Failed modifying USDCAD
0	15:11:56.615	trend_dtrader XAUUSD,H1: Failed modifying USDCHF
0	15:11:57.628	trend_dtrader XAUUSD,H1: Failed modifying USDJPY
0	15:11:58.615	trend_dtrader XAUUSD,H1: Failed modifying USDMXN
0	15:11:59.614	trend_dtrader XAUUSD,H1: Failed modifying USDZAR
0	15:12:00.611	trend_dtrader XAUUSD,H1: Failed modifying XAGUSD
0	15:12:01.612	trend_dtrader XAUUSD,H1: Failed modifying XAUUSD
0	15:12:02.613	trend_dtrader XAUUSD,H1: Failed modifying XBRUSD
0	15:12:03.614	trend_dtrader XAUUSD,H1: Failed modifying XNGUSD
0	15:12:04.615	trend_dtrader XAUUSD,H1: Failed modifying XRPUSD
0	15:12:05.633	trend_dtrader XAUUSD,H1: Failed modifying XTIUSD
0	15:12:06.614	trend_dtrader XAUUSD,H1: Failed modifying AAVEUSD
0	15:12:07.616	trend_dtrader XAUUSD,H1: Failed modifying ADAUSD
0	15:12:08.614	trend_dtrader XAUUSD,H1: Failed modifying ALGOUSD
0	15:12:09.627	trend_dtrader XAUUSD,H1: Failed modifying APTUSD
0	15:12:10.624	trend_dtrader XAUUSD,H1: Failed modifying ARBUSD
0	15:12:11.620	trend_dtrader XAUUSD,H1: Failed modifying ATOMUSD
0	15:12:12.616	trend_dtrader XAUUSD,H1: Failed modifying AUDUSD
0	15:12:13.615	trend_dtrader XAUUSD,H1: Failed modifying AVAXUSD
0	15:12:14.618	trend_dtrader XAUUSD,H1: Failed modifying AXSUSD
0	15:12:15.617	trend_dtrader XAUUSD,H1: Failed modifying BCHUSD
0	15:12:16.618	trend_dtrader XAUUSD,H1: Failed modifying BNBUSD
0	15:12:17.614	trend_dtrader XAUUSD,H1: Failed modifying BTCUSD
0	15:12:18.614	trend_dtrader XAUUSD,H1: Failed modifying DASHUSD
0	15:12:19.615	trend_dtrader XAUUSD,H1: Failed modifying DOGEUSD
0	15:12:20.613	trend_dtrader XAUUSD,H1: Failed modifying DOTUSD
0	15:12:21.613	trend_dtrader XAUUSD,H1: Failed modifying ETCUSD
0	15:12:22.612	trend_dtrader XAUUSD,H1: Failed modifying ETHUSD
0	15:12:23.614	trend_dtrader XAUUSD,H1: Failed modifying EURUSD
0	15:12:24.625	trend_dtrader XAUUSD,H1: Failed modifying FETUSD
0	15:12:25.612	trend_dtrader XAUUSD,H1: Failed modifying FILUSD
0	15:12:26.616	trend_dtrader XAUUSD,H1: Failed modifying FTMUSD
0	15:12:27.614	trend_dtrader XAUUSD,H1: Failed modifying GBPUSD
0	15:12:28.612	trend_dtrader XAUUSD,H1: Failed modifying GRTUSD
0	15:12:29.633	trend_dtrader XAUUSD,H1: Failed modifying ICPUSD
0	15:12:30.622	trend_dtrader XAUUSD,H1: Failed modifying IOTAUSD
0	15:12:31.628	trend_dtrader XAUUSD,H1: Failed modifying LINKUSD
0	15:12:32.615	trend_dtrader XAUUSD,H1: Failed modifying LRCUSD
0	15:12:33.617	trend_dtrader XAUUSD,H1: Failed modifying LTCUSD
0	15:12:34.616	trend_dtrader XAUUSD,H1: Failed modifying MANAUSD
0	15:12:35.626	trend_dtrader XAUUSD,H1: Failed modifying MATICUSD
0	15:12:36.616	trend_dtrader XAUUSD,H1: Failed modifying NEARUSD
0	15:12:37.625	trend_dtrader XAUUSD,H1: Failed modifying NZDUSD
0	15:12:38.617	trend_dtrader XAUUSD,H1: Failed modifying SOLUSD
0	15:12:39.616	trend_dtrader XAUUSD,H1: Failed modifying SUIUSD
0	15:12:40.616	trend_dtrader XAUUSD,H1: Failed modifying TRXUSD
0	15:12:41.612	trend_dtrader XAUUSD,H1: Failed modifying UNIUSD
0	15:12:42.626	trend_dtrader XAUUSD,H1: Failed modifying USDCAD
0	15:12:43.615	trend_dtrader XAUUSD,H1: Failed modifying USDCHF
0	15:12:44.620	trend_dtrader XAUUSD,H1: Failed modifying USDJPY
0	15:12:45.612	trend_dtrader XAUUSD,H1: Failed modifying USDMXN
0	15:12:46.614	trend_dtrader XAUUSD,H1: Failed modifying USDZAR
0	15:12:47.619	trend_dtrader XAUUSD,H1: Failed modifying XAGUSD
0	15:12:48.614	trend_dtrader XAUUSD,H1: Failed modifying XAUUSD
0	15:12:49.616	trend_dtrader XAUUSD,H1: Failed modifying XBRUSD
0	15:12:50.617	trend_dtrader XAUUSD,H1: Failed modifying XNGUSD
0	15:12:51.612	trend_dtrader XAUUSD,H1: Failed modifying XRPUSD
0	15:12:52.618	trend_dtrader XAUUSD,H1: Failed modifying XTIUSD
0	15:12:53.613	trend_dtrader XAUUSD,H1: Failed modifying AAVEUSD
0	15:12:54.616	trend_dtrader XAUUSD,H1: Failed modifying ADAUSD
0	15:12:55.615	trend_dtrader XAUUSD,H1: Failed modifying ALGOUSD
0	15:12:56.618	trend_dtrader XAUUSD,H1: Failed modifying APTUSD
0	15:12:57.613	trend_dtrader XAUUSD,H1: Failed modifying ARBUSD
0	15:12:58.612	trend_dtrader XAUUSD,H1: Failed modifying ATOMUSD
0	15:12:59.616	trend_dtrader XAUUSD,H1: Failed modifying AUDUSD
0	15:13:00.615	trend_dtrader XAUUSD,H1: Failed modifying AVAXUSD
0	15:13:01.612	trend_dtrader XAUUSD,H1: Failed modifying AXSUSD
0	15:13:02.616	trend_dtrader XAUUSD,H1: Failed modifying BCHUSD
0	15:13:03.618	trend_dtrader XAUUSD,H1: Failed modifying BNBUSD
0	15:13:04.616	trend_dtrader XAUUSD,H1: Failed modifying BTCUSD
0	15:13:05.614	trend_dtrader XAUUSD,H1: Failed modifying DASHUSD
0	15:13:06.617	trend_dtrader XAUUSD,H1: Failed modifying DOGEUSD
0	15:13:07.614	trend_dtrader XAUUSD,H1: Failed modifying DOTUSD
0	15:13:08.613	trend_dtrader XAUUSD,H1: Failed modifying ETCUSD
0	15:13:09.616	trend_dtrader XAUUSD,H1: Failed modifying ETHUSD
0	15:13:10.614	trend_dtrader XAUUSD,H1: Failed modifying EURUSD
0	15:13:11.614	trend_dtrader XAUUSD,H1: Failed modifying FETUSD
0	15:13:12.613	trend_dtrader XAUUSD,H1: Failed modifying FILUSD
0	15:13:13.614	trend_dtrader XAUUSD,H1: Failed modifying FTMUSD
0	15:13:14.613	trend_dtrader XAUUSD,H1: Failed modifying GBPUSD
0	15:13:15.612	trend_dtrader XAUUSD,H1: Failed modifying GRTUSD
0	15:13:16.614	trend_dtrader XAUUSD,H1: Failed modifying ICPUSD
0	15:13:17.615	trend_dtrader XAUUSD,H1: Failed modifying IOTAUSD
0	15:13:18.614	trend_dtrader XAUUSD,H1: Failed modifying LINKUSD
0	15:13:19.620	trend_dtrader XAUUSD,H1: Failed modifying LRCUSD
0	15:13:20.616	trend_dtrader XAUUSD,H1: Failed modifying LTCUSD
0	15:13:21.617	trend_dtrader XAUUSD,H1: Failed modifying MANAUSD
0	15:13:22.614	trend_dtrader XAUUSD,H1: Failed modifying MATICUSD
0	15:13:23.613	trend_dtrader XAUUSD,H1: Failed modifying NEARUSD
0	15:13:24.618	trend_dtrader XAUUSD,H1: Failed modifying NZDUSD
0	15:13:25.612	trend_dtrader XAUUSD,H1: Failed modifying SOLUSD
0	15:13:26.621	trend_dtrader XAUUSD,H1: Failed modifying SUIUSD
0	15:13:27.621	trend_dtrader XAUUSD,H1: Failed modifying TRXUSD
0	15:13:28.635	trend_dtrader XAUUSD,H1: Failed modifying UNIUSD
0	15:13:29.614	trend_dtrader XAUUSD,H1: Failed modifying USDCAD
0	15:13:30.614	trend_dtrader XAUUSD,H1: Failed modifying USDCHF
0	15:13:31.623	trend_dtrader XAUUSD,H1: Failed modifying USDJPY
0	15:13:32.614	trend_dtrader XAUUSD,H1: Failed modifying USDMXN
0	15:13:33.612	trend_dtrader XAUUSD,H1: Failed modifying USDZAR
0	15:13:34.612	trend_dtrader XAUUSD,H1: Failed modifying XAGUSD
0	15:13:35.616	trend_dtrader XAUUSD,H1: Failed modifying XAUUSD
0	15:13:36.626	trend_dtrader XAUUSD,H1: Failed modifying XBRUSD
0	15:13:37.633	trend_dtrader XAUUSD,H1: Failed modifying XNGUSD
0	15:13:38.614	trend_dtrader XAUUSD,H1: Failed modifying XRPUSD
0	15:13:39.628	trend_dtrader XAUUSD,H1: Failed modifying XTIUSD
0	15:13:40.618	trend_dtrader XAUUSD,H1: Failed modifying AAVEUSD
0	15:13:41.617	trend_dtrader XAUUSD,H1: Failed modifying ADAUSD
0	15:13:42.614	trend_dtrader XAUUSD,H1: Failed modifying ALGOUSD
0	15:13:43.631	trend_dtrader XAUUSD,H1: Failed modifying APTUSD
0	15:13:44.613	trend_dtrader XAUUSD,H1: Failed modifying ARBUSD
0	15:13:45.613	trend_dtrader XAUUSD,H1: Failed modifying ATOMUSD
0	15:13:46.632	trend_dtrader XAUUSD,H1: Failed modifying AUDUSD
0	15:13:47.615	trend_dtrader XAUUSD,H1: Failed modifying AVAXUSD
0	15:13:48.614	trend_dtrader XAUUSD,H1: Failed modifying AXSUSD
0	15:13:49.615	trend_dtrader XAUUSD,H1: Failed modifying BCHUSD
0	15:13:50.614	trend_dtrader XAUUSD,H1: Failed modifying BNBUSD
0	15:13:51.614	trend_dtrader XAUUSD,H1: Failed modifying BTCUSD
0	15:13:52.627	trend_dtrader XAUUSD,H1: Failed modifying DASHUSD
0	15:13:53.617	trend_dtrader XAUUSD,H1: Failed modifying DOGEUSD
0	15:13:54.612	trend_dtrader XAUUSD,H1: Failed modifying DOTUSD
0	15:13:55.615	trend_dtrader XAUUSD,H1: Failed modifying ETCUSD
0	15:13:56.623	trend_dtrader XAUUSD,H1: Failed modifying ETHUSD
0	15:13:57.641	trend_dtrader XAUUSD,H1: Failed modifying EURUSD
0	15:13:58.619	trend_dtrader XAUUSD,H1: Failed modifying FETUSD
0	15:13:59.615	trend_dtrader XAUUSD,H1: Failed modifying FILUSD
0	15:14:00.614	trend_dtrader XAUUSD,H1: Failed modifying FTMUSD
0	15:14:01.614	trend_dtrader XAUUSD,H1: Failed modifying GBPUSD
0	15:14:02.613	trend_dtrader XAUUSD,H1: Failed modifying GRTUSD
0	15:14:03.626	trend_dtrader XAUUSD,H1: Failed modifying ICPUSD
0	15:14:04.613	trend_dtrader XAUUSD,H1: Failed modifying IOTAUSD
0	15:14:05.615	trend_dtrader XAUUSD,H1: Failed modifying LINKUSD
0	15:14:06.612	trend_dtrader XAUUSD,H1: Failed modifying LRCUSD
0	15:14:07.626	trend_dtrader XAUUSD,H1: Failed modifying LTCUSD
0	15:14:08.618	trend_dtrader XAUUSD,H1: Failed modifying MANAUSD
0	15:14:09.613	trend_dtrader XAUUSD,H1: Failed modifying MATICUSD
0	15:14:10.615	trend_dtrader XAUUSD,H1: Failed modifying NEARUSD
0	15:14:11.613	trend_dtrader XAUUSD,H1: Failed modifying NZDUSD
0	15:14:12.620	trend_dtrader XAUUSD,H1: Failed modifying SOLUSD
0	15:14:13.612	trend_dtrader XAUUSD,H1: Failed modifying SUIUSD
0	15:14:14.615	trend_dtrader XAUUSD,H1: Failed modifying TRXUSD
0	15:14:15.613	trend_dtrader XAUUSD,H1: Failed modifying UNIUSD
0	15:14:16.615	trend_dtrader XAUUSD,H1: Failed modifying USDCAD
0	15:14:17.617	trend_dtrader XAUUSD,H1: Failed modifying USDCHF
0	15:14:18.613	trend_dtrader XAUUSD,H1: Failed modifying USDJPY
0	15:14:19.629	trend_dtrader XAUUSD,H1: Failed modifying USDMXN
0	15:14:20.624	trend_dtrader XAUUSD,H1: Failed modifying USDZAR
0	15:14:21.611	trend_dtrader XAUUSD,H1: Failed modifying XAGUSD
0	15:14:22.614	trend_dtrader XAUUSD,H1: Failed modifying XAUUSD
0	15:14:23.616	trend_dtrader XAUUSD,H1: Failed modifying XBRUSD
0	15:14:24.617	trend_dtrader XAUUSD,H1: Failed modifying XNGUSD
0	15:14:25.615	trend_dtrader XAUUSD,H1: Failed modifying XRPUSD
0	15:14:26.617	trend_dtrader XAUUSD,H1: Failed modifying XTIUSD
0	15:14:27.614	trend_dtrader XAUUSD,H1: Failed modifying AAVEUSD
0	15:14:28.613	trend_dtrader XAUUSD,H1: Failed modifying ADAUSD
0	15:14:29.617	trend_dtrader XAUUSD,H1: Failed modifying ALGOUSD
0	15:14:30.621	trend_dtrader XAUUSD,H1: Failed modifying APTUSD
0	15:14:31.614	trend_dtrader XAUUSD,H1: Failed modifying ARBUSD
0	15:14:32.612	trend_dtrader XAUUSD,H1: Failed modifying ATOMUSD
0	15:14:33.614	trend_dtrader XAUUSD,H1: Failed modifying AUDUSD
0	15:14:34.612	trend_dtrader XAUUSD,H1: Failed modifying AVAXUSD
0	15:14:35.615	trend_dtrader XAUUSD,H1: Failed modifying AXSUSD
0	15:14:36.612	trend_dtrader XAUUSD,H1: Failed modifying BCHUSD
0	15:14:37.614	trend_dtrader XAUUSD,H1: Failed modifying BNBUSD
0	15:14:38.614	trend_dtrader XAUUSD,H1: Failed modifying BTCUSD
0	15:14:39.611	trend_dtrader XAUUSD,H1: Failed modifying DASHUSD
0	15:14:40.616	trend_dtrader XAUUSD,H1: Failed modifying DOGEUSD
0	15:14:41.616	trend_dtrader XAUUSD,H1: Failed modifying DOTUSD
0	15:14:42.616	trend_dtrader XAUUSD,H1: Failed modifying ETCUSD
0	15:14:43.614	trend_dtrader XAUUSD,H1: Failed modifying ETHUSD
0	15:14:44.625	trend_dtrader XAUUSD,H1: Failed modifying EURUSD
0	15:14:45.616	trend_dtrader XAUUSD,H1: Failed modifying FETUSD
0	15:14:46.612	trend_dtrader XAUUSD,H1: Failed modifying FILUSD
0	15:14:47.612	trend_dtrader XAUUSD,H1: Failed modifying FTMUSD
0	15:14:48.613	trend_dtrader XAUUSD,H1: Failed modifying GBPUSD
0	15:14:49.614	trend_dtrader XAUUSD,H1: Failed modifying GRTUSD
0	15:14:50.616	trend_dtrader XAUUSD,H1: Failed modifying ICPUSD
0	15:14:51.623	trend_dtrader XAUUSD,H1: Failed modifying IOTAUSD
0	15:14:52.613	trend_dtrader XAUUSD,H1: Failed modifying LINKUSD
0	15:14:53.626	trend_dtrader XAUUSD,H1: Failed modifying LRCUSD
0	15:14:54.620	trend_dtrader XAUUSD,H1: Failed modifying LTCUSD
0	15:14:55.617	trend_dtrader XAUUSD,H1: Failed modifying MANAUSD
0	15:14:56.617	trend_dtrader XAUUSD,H1: Failed modifying MATICUSD
0	15:14:57.618	trend_dtrader XAUUSD,H1: Failed modifying NEARUSD
0	15:14:58.615	trend_dtrader XAUUSD,H1: Failed modifying NZDUSD
0	15:14:59.616	trend_dtrader XAUUSD,H1: Failed modifying SOLUSD
0	15:15:00.623	trend_dtrader XAUUSD,H1: Failed modifying SUIUSD
0	15:15:01.614	trend_dtrader XAUUSD,H1: Failed modifying TRXUSD
0	15:15:02.626	trend_dtrader XAUUSD,H1: Failed modifying UNIUSD
0	15:15:03.623	trend_dtrader XAUUSD,H1: Failed modifying USDCAD
0	15:15:04.616	trend_dtrader XAUUSD,H1: Failed modifying USDCHF
0	15:15:05.616	trend_dtrader XAUUSD,H1: Failed modifying USDJPY
0	15:15:06.781	trend_dtrader XAUUSD,H1: Failed modifying USDMXN
0	15:15:07.699	trend_dtrader XAUUSD,H1: Failed modifying USDZAR
0	15:15:08.695	trend_dtrader XAUUSD,H1: Failed modifying XAGUSD
0	15:15:09.741	trend_dtrader XAUUSD,H1: Failed modifying XAUUSD
0	15:15:10.614	trend_dtrader XAUUSD,H1: Failed modifying XBRUSD
0	15:15:11.627	trend_dtrader XAUUSD,H1: Failed modifying XNGUSD
0	15:15:12.612	trend_dtrader XAUUSD,H1: Failed modifying XRPUSD
0	15:15:13.641	trend_dtrader XAUUSD,H1: Failed modifying XTIUSD
0	15:15:14.618	trend_dtrader XAUUSD,H1: Failed modifying AAVEUSD
0	15:15:15.619	trend_dtrader XAUUSD,H1: Failed modifying ADAUSD
0	15:15:16.616	trend_dtrader XAUUSD,H1: Failed modifying ALGOUSD
0	15:15:17.620	trend_dtrader XAUUSD,H1: Failed modifying APTUSD
0	15:15:18.615	trend_dtrader XAUUSD,H1: Failed modifying ARBUSD
0	15:15:19.627	trend_dtrader XAUUSD,H1: Failed modifying ATOMUSD
0	15:15:20.619	trend_dtrader XAUUSD,H1: Failed modifying AUDUSD
0	15:15:21.614	trend_dtrader XAUUSD,H1: Failed modifying AVAXUSD
0	15:15:22.616	trend_dtrader XAUUSD,H1: Failed modifying AXSUSD
0	15:15:23.615	trend_dtrader XAUUSD,H1: Failed modifying BCHUSD
0	15:15:24.619	trend_dtrader XAUUSD,H1: Failed modifying BNBUSD
0	15:15:25.620	trend_dtrader XAUUSD,H1: Failed modifying BTCUSD
0	15:15:26.618	trend_dtrader XAUUSD,H1: Failed modifying DASHUSD
0	15:15:27.615	trend_dtrader XAUUSD,H1: Failed modifying DOGEUSD
0	15:15:28.614	trend_dtrader XAUUSD,H1: Failed modifying DOTUSD
0	15:15:29.617	trend_dtrader XAUUSD,H1: Failed modifying ETCUSD
0	15:15:30.632	trend_dtrader XAUUSD,H1: Failed modifying ETHUSD
0	15:15:31.616	trend_dtrader XAUUSD,H1: Failed modifying EURUSD
0	15:15:32.619	trend_dtrader XAUUSD,H1: Failed modifying FETUSD
0	15:15:33.618	trend_dtrader XAUUSD,H1: Failed modifying FILUSD
0	15:15:34.616	trend_dtrader XAUUSD,H1: Failed modifying FTMUSD
0	15:15:35.616	trend_dtrader XAUUSD,H1: Failed modifying GBPUSD
0	15:15:36.615	trend_dtrader XAUUSD,H1: Failed modifying GRTUSD
0	15:15:37.618	trend_dtrader XAUUSD,H1: Failed modifying ICPUSD
0	15:15:38.626	trend_dtrader XAUUSD,H1: Failed modifying IOTAUSD
0	15:15:39.618	trend_dtrader XAUUSD,H1: Failed modifying LINKUSD
0	15:15:40.633	trend_dtrader XAUUSD,H1: Failed modifying LRCUSD
0	15:15:41.616	trend_dtrader XAUUSD,H1: Failed modifying LTCUSD
0	15:15:42.614	trend_dtrader XAUUSD,H1: Failed modifying MANAUSD
0	15:15:43.616	trend_dtrader XAUUSD,H1: Failed modifying MATICUSD
0	15:15:44.618	trend_dtrader XAUUSD,H1: Failed modifying NEARUSD
0	15:15:45.617	trend_dtrader XAUUSD,H1: Failed modifying NZDUSD
0	15:15:46.615	trend_dtrader XAUUSD,H1: Failed modifying SOLUSD
0	15:15:47.611	trend_dtrader XAUUSD,H1: Failed modifying SUIUSD
0	15:15:48.612	trend_dtrader XAUUSD,H1: Failed modifying TRXUSD
0	15:15:49.613	trend_dtrader XAUUSD,H1: Failed modifying UNIUSD
0	15:15:50.617	trend_dtrader XAUUSD,H1: Failed modifying USDCAD
0	15:15:51.612	trend_dtrader XAUUSD,H1: Failed modifying USDCHF
0	15:15:52.622	trend_dtrader XAUUSD,H1: Failed modifying USDJPY
0	15:15:53.617	trend_dtrader XAUUSD,H1: Failed modifying USDMXN
0	15:15:54.625	trend_dtrader XAUUSD,H1: Failed modifying USDZAR
0	15:15:55.699	trend_dtrader XAUUSD,H1: Failed modifying XAGUSD
0	15:15:56.619	trend_dtrader XAUUSD,H1: Failed modifying XAUUSD
0	15:15:57.616	trend_dtrader XAUUSD,H1: Failed modifying XBRUSD
0	15:15:58.612	trend_dtrader XAUUSD,H1: Failed modifying XNGUSD
0	15:15:59.613	trend_dtrader XAUUSD,H1: Failed modifying XRPUSD
0	15:16:00.616	trend_dtrader XAUUSD,H1: Failed modifying XTIUSD
0	15:16:01.625	trend_dtrader XAUUSD,H1: Failed modifying AAVEUSD
0	15:16:02.614	trend_dtrader XAUUSD,H1: Failed modifying ADAUSD
0	15:16:03.614	trend_dtrader XAUUSD,H1: Failed modifying ALGOUSD
0	15:16:04.615	trend_dtrader XAUUSD,H1: Failed modifying APTUSD
0	15:16:05.614	trend_dtrader XAUUSD,H1: Failed modifying ARBUSD
0	15:16:06.619	trend_dtrader XAUUSD,H1: Failed modifying ATOMUSD
0	15:16:07.614	trend_dtrader XAUUSD,H1: Failed modifying AUDUSD
0	15:16:08.615	trend_dtrader XAUUSD,H1: Failed modifying AVAXUSD
0	15:16:09.614	trend_dtrader XAUUSD,H1: Failed modifying AXSUSD
0	15:16:10.613	trend_dtrader XAUUSD,H1: Failed modifying BCHUSD
0	15:16:11.616	trend_dtrader XAUUSD,H1: Failed modifying BNBUSD
0	15:16:12.619	trend_dtrader XAUUSD,H1: Failed modifying BTCUSD
0	15:16:13.614	trend_dtrader XAUUSD,H1: Failed modifying DASHUSD
0	15:16:14.621	trend_dtrader XAUUSD,H1: Failed modifying DOGEUSD
0	15:16:15.616	trend_dtrader XAUUSD,H1: Failed modifying DOTUSD
0	15:16:16.623	trend_dtrader XAUUSD,H1: Failed modifying ETCUSD
0	15:16:17.611	trend_dtrader XAUUSD,H1: Failed modifying ETHUSD
0	15:16:18.616	trend_dtrader XAUUSD,H1: Failed modifying EURUSD
0	15:16:19.616	trend_dtrader XAUUSD,H1: Failed modifying FETUSD
0	15:16:20.614	trend_dtrader XAUUSD,H1: Failed modifying FILUSD
0	15:16:21.614	trend_dtrader XAUUSD,H1: Failed modifying FTMUSD
0	15:16:22.612	trend_dtrader XAUUSD,H1: Failed modifying GBPUSD
0	15:16:23.612	trend_dtrader XAUUSD,H1: Failed modifying GRTUSD
0	15:16:24.615	trend_dtrader XAUUSD,H1: Failed modifying ICPUSD
0	15:16:25.617	trend_dtrader XAUUSD,H1: Failed modifying IOTAUSD
0	15:16:26.614	trend_dtrader XAUUSD,H1: Failed modifying LINKUSD
0	15:16:27.614	trend_dtrader XAUUSD,H1: Failed modifying LRCUSD
0	15:16:28.616	trend_dtrader XAUUSD,H1: Failed modifying LTCUSD
0	15:16:29.612	trend_dtrader XAUUSD,H1: Failed modifying MANAUSD
0	15:16:30.613	trend_dtrader XAUUSD,H1: Failed modifying MATICUSD
0	15:16:31.614	trend_dtrader XAUUSD,H1: Failed modifying NEARUSD
0	15:16:32.613	trend_dtrader XAUUSD,H1: Failed modifying NZDUSD
0	15:16:33.615	trend_dtrader XAUUSD,H1: Failed modifying SOLUSD
0	15:16:34.615	trend_dtrader XAUUSD,H1: Failed modifying SUIUSD
0	15:16:35.615	trend_dtrader XAUUSD,H1: Failed modifying TRXUSD
0	15:16:36.615	trend_dtrader XAUUSD,H1: Failed modifying UNIUSD
0	15:16:37.611	trend_dtrader XAUUSD,H1: Failed modifying USDCAD
0	15:16:38.610	trend_dtrader XAUUSD,H1: Failed modifying USDCHF
0	15:16:39.613	trend_dtrader XAUUSD,H1: Failed modifying USDJPY
0	15:16:40.620	trend_dtrader XAUUSD,H1: Failed modifying USDMXN
0	15:16:41.616	trend_dtrader XAUUSD,H1: Failed modifying USDZAR
0	15:16:42.618	trend_dtrader XAUUSD,H1: Failed modifying XAGUSD
0	15:16:43.616	trend_dtrader XAUUSD,H1: Failed modifying XAUUSD
0	15:16:44.616	trend_dtrader XAUUSD,H1: Failed modifying XBRUSD
0	15:16:45.614	trend_dtrader XAUUSD,H1: Failed modifying XNGUSD
0	15:16:46.614	trend_dtrader XAUUSD,H1: Failed modifying XRPUSD
0	15:16:47.615	trend_dtrader XAUUSD,H1: Failed modifying XTIUSD
0	15:16:48.615	trend_dtrader XAUUSD,H1: Failed modifying AAVEUSD
0	15:16:49.615	trend_dtrader XAUUSD,H1: Failed modifying ADAUSD
0	15:16:50.612	trend_dtrader XAUUSD,H1: Failed modifying ALGOUSD
0	15:16:51.614	trend_dtrader XAUUSD,H1: Failed modifying APTUSD
0	15:16:52.615	trend_dtrader XAUUSD,H1: Failed modifying ARBUSD
0	15:16:53.615	trend_dtrader XAUUSD,H1: Failed modifying ATOMUSD
0	15:16:54.613	trend_dtrader XAUUSD,H1: Failed modifying AUDUSD
0	15:16:55.612	trend_dtrader XAUUSD,H1: Failed modifying AVAXUSD
0	15:16:56.614	trend_dtrader XAUUSD,H1: Failed modifying AXSUSD
0	15:16:57.616	trend_dtrader XAUUSD,H1: Failed modifying BCHUSD
0	15:16:58.614	trend_dtrader XAUUSD,H1: Failed modifying BNBUSD
0	15:16:59.612	trend_dtrader XAUUSD,H1: Failed modifying BTCUSD
0	15:17:00.614	trend_dtrader XAUUSD,H1: Failed modifying DASHUSD
0	15:17:01.614	trend_dtrader XAUUSD,H1: Failed modifying DOGEUSD
0	15:17:02.614	trend_dtrader XAUUSD,H1: Failed modifying DOTUSD
0	15:17:03.615	trend_dtrader XAUUSD,H1: Failed modifying ETCUSD
0	15:17:04.620	trend_dtrader XAUUSD,H1: Failed modifying ETHUSD
0	15:17:05.615	trend_dtrader XAUUSD,H1: Failed modifying EURUSD
0	15:17:06.613	trend_dtrader XAUUSD,H1: Failed modifying FETUSD
0	15:17:07.617	trend_dtrader XAUUSD,H1: Failed modifying FILUSD
0	15:17:08.617	trend_dtrader XAUUSD,H1: Failed modifying FTMUSD
0	15:17:09.620	trend_dtrader XAUUSD,H1: Failed modifying GBPUSD
0	15:17:10.617	trend_dtrader XAUUSD,H1: Failed modifying GRTUSD
0	15:17:11.621	trend_dtrader XAUUSD,H1: Failed modifying ICPUSD
0	15:17:12.616	trend_dtrader XAUUSD,H1: Failed modifying IOTAUSD
0	15:17:13.619	trend_dtrader XAUUSD,H1: Failed modifying LINKUSD
0	15:17:14.624	trend_dtrader XAUUSD,H1: Failed modifying LRCUSD
0	15:17:15.618	trend_dtrader XAUUSD,H1: Failed modifying LTCUSD
0	15:17:16.618	trend_dtrader XAUUSD,H1: Failed modifying MANAUSD
0	15:17:17.617	trend_dtrader XAUUSD,H1: Failed modifying MATICUSD
0	15:17:18.618	trend_dtrader XAUUSD,H1: Failed modifying NEARUSD
0	15:17:19.613	trend_dtrader XAUUSD,H1: Failed modifying NZDUSD
0	15:17:20.615	trend_dtrader XAUUSD,H1: Failed modifying SOLUSD
0	15:17:21.616	trend_dtrader XAUUSD,H1: Failed modifying SUIUSD
0	15:17:22.618	trend_dtrader XAUUSD,H1: Failed modifying TRXUSD
0	15:17:23.614	trend_dtrader XAUUSD,H1: Failed modifying UNIUSD
0	15:17:24.615	trend_dtrader XAUUSD,H1: Failed modifying USDCAD
0	15:17:25.617	trend_dtrader XAUUSD,H1: Failed modifying USDCHF
0	15:17:26.617	trend_dtrader XAUUSD,H1: Failed modifying USDJPY
0	15:17:27.618	trend_dtrader XAUUSD,H1: Failed modifying USDMXN
0	15:17:28.620	trend_dtrader XAUUSD,H1: Failed modifying USDZAR
0	15:17:29.620	trend_dtrader XAUUSD,H1: Failed modifying XAGUSD
0	15:17:30.616	trend_dtrader XAUUSD,H1: Failed modifying XAUUSD
0	15:17:31.617	trend_dtrader XAUUSD,H1: Failed modifying XBRUSD
0	15:17:32.614	trend_dtrader XAUUSD,H1: Failed modifying XNGUSD
0	15:17:33.614	trend_dtrader XAUUSD,H1: Failed modifying XRPUSD
0	15:17:34.618	trend_dtrader XAUUSD,H1: Failed modifying XTIUSD
0	15:17:35.621	trend_dtrader XAUUSD,H1: Failed modifying AAVEUSD
0	15:17:36.616	trend_dtrader XAUUSD,H1: Failed modifying ADAUSD
0	15:17:37.625	trend_dtrader XAUUSD,H1: Failed modifying ALGOUSD
0	15:17:38.617	trend_dtrader XAUUSD,H1: Failed modifying APTUSD
0	15:17:39.618	trend_dtrader XAUUSD,H1: Failed modifying ARBUSD
0	15:17:40.617	trend_dtrader XAUUSD,H1: Failed modifying ATOMUSD
0	15:17:41.616	trend_dtrader XAUUSD,H1: Failed modifying AUDUSD
0	15:17:42.618	trend_dtrader XAUUSD,H1: Failed modifying AVAXUSD
0	15:17:43.614	trend_dtrader XAUUSD,H1: Failed modifying AXSUSD
0	15:17:44.634	trend_dtrader XAUUSD,H1: Failed modifying BCHUSD
0	15:17:45.615	trend_dtrader XAUUSD,H1: Failed modifying BNBUSD
0	15:17:46.614	trend_dtrader XAUUSD,H1: Failed modifying BTCUSD
0	15:17:47.614	trend_dtrader XAUUSD,H1: Failed modifying DASHUSD
0	15:17:48.613	trend_dtrader XAUUSD,H1: Failed modifying DOGEUSD
0	15:17:49.617	trend_dtrader XAUUSD,H1: Failed modifying DOTUSD
0	15:17:50.614	trend_dtrader XAUUSD,H1: Failed modifying ETCUSD
0	15:17:51.625	trend_dtrader XAUUSD,H1: Failed modifying ETHUSD
0	15:17:52.614	trend_dtrader XAUUSD,H1: Failed modifying EURUSD
0	15:17:53.624	trend_dtrader XAUUSD,H1: Failed modifying FETUSD
0	15:17:54.617	trend_dtrader XAUUSD,H1: Failed modifying FILUSD
0	15:17:55.616	trend_dtrader XAUUSD,H1: Failed modifying FTMUSD
0	15:17:56.613	trend_dtrader XAUUSD,H1: Failed modifying GBPUSD
0	15:17:57.619	trend_dtrader XAUUSD,H1: Failed modifying GRTUSD
0	15:17:58.622	trend_dtrader XAUUSD,H1: Failed modifying ICPUSD
0	15:17:59.616	trend_dtrader XAUUSD,H1: Failed modifying IOTAUSD
0	15:18:00.620	trend_dtrader XAUUSD,H1: Failed modifying LINKUSD
0	15:18:01.632	trend_dtrader XAUUSD,H1: Failed modifying LRCUSD
0	15:18:02.616	trend_dtrader XAUUSD,H1: Failed modifying LTCUSD
0	15:18:03.611	trend_dtrader XAUUSD,H1: Failed modifying MANAUSD
0	15:18:04.617	trend_dtrader XAUUSD,H1: Failed modifying MATICUSD
0	15:18:05.615	trend_dtrader XAUUSD,H1: Failed modifying NEARUSD
0	15:18:06.620	trend_dtrader XAUUSD,H1: Failed modifying NZDUSD
0	15:18:07.619	trend_dtrader XAUUSD,H1: Failed modifying SOLUSD
0	15:18:08.619	trend_dtrader XAUUSD,H1: Failed modifying SUIUSD
0	15:18:09.640	trend_dtrader XAUUSD,H1: Failed modifying TRXUSD
0	15:18:10.612	trend_dtrader XAUUSD,H1: Failed modifying UNIUSD
0	15:18:11.617	trend_dtrader XAUUSD,H1: Failed modifying USDCAD
0	15:18:12.615	trend_dtrader XAUUSD,H1: Failed modifying USDCHF
0	15:18:13.615	trend_dtrader XAUUSD,H1: Failed modifying USDJPY
0	15:18:14.621	trend_dtrader XAUUSD,H1: Failed modifying USDMXN
0	15:18:15.615	trend_dtrader XAUUSD,H1: Failed modifying USDZAR
0	15:18:16.620	trend_dtrader XAUUSD,H1: Failed modifying XAGUSD
0	15:18:17.621	trend_dtrader XAUUSD,H1: Failed modifying XAUUSD
0	15:18:18.620	trend_dtrader XAUUSD,H1: Failed modifying XBRUSD
0	15:18:19.621	trend_dtrader XAUUSD,H1: Failed modifying XNGUSD
0	15:18:20.613	trend_dtrader XAUUSD,H1: Failed modifying XRPUSD
0	15:18:21.620	trend_dtrader XAUUSD,H1: Failed modifying XTIUSD
0	15:18:22.618	trend_dtrader XAUUSD,H1: Failed modifying AAVEUSD
0	15:18:23.636	trend_dtrader XAUUSD,H1: Failed modifying ADAUSD
0	15:18:24.615	trend_dtrader XAUUSD,H1: Failed modifying ALGOUSD
0	15:18:25.633	trend_dtrader XAUUSD,H1: Failed modifying APTUSD
0	15:18:26.615	trend_dtrader XAUUSD,H1: Failed modifying ARBUSD
0	15:18:27.618	trend_dtrader XAUUSD,H1: Failed modifying ATOMUSD
0	15:18:28.615	trend_dtrader XAUUSD,H1: Failed modifying AUDUSD
0	15:18:29.613	trend_dtrader XAUUSD,H1: Failed modifying AVAXUSD
0	15:18:30.617	trend_dtrader XAUUSD,H1: Failed modifying AXSUSD
0	15:18:31.617	trend_dtrader XAUUSD,H1: Failed modifying BCHUSD
0	15:18:32.618	trend_dtrader XAUUSD,H1: Failed modifying BNBUSD
0	15:18:33.616	trend_dtrader XAUUSD,H1: Failed modifying BTCUSD
0	15:18:34.616	trend_dtrader XAUUSD,H1: Failed modifying DASHUSD
0	15:18:35.615	trend_dtrader XAUUSD,H1: Failed modifying DOGEUSD
0	15:18:36.616	trend_dtrader XAUUSD,H1: Failed modifying DOTUSD
0	15:18:37.613	trend_dtrader XAUUSD,H1: Failed modifying ETCUSD
0	15:18:38.615	trend_dtrader XAUUSD,H1: Failed modifying ETHUSD
0	15:18:39.615	trend_dtrader XAUUSD,H1: Failed modifying EURUSD
0	15:18:40.620	trend_dtrader XAUUSD,H1: Failed modifying FETUSD
0	15:18:41.616	trend_dtrader XAUUSD,H1: Failed modifying FILUSD
0	15:18:42.615	trend_dtrader XAUUSD,H1: Failed modifying FTMUSD
0	15:18:43.613	trend_dtrader XAUUSD,H1: Failed modifying GBPUSD
0	15:18:44.615	trend_dtrader XAUUSD,H1: Failed modifying GRTUSD
0	15:18:45.617	trend_dtrader XAUUSD,H1: Failed modifying ICPUSD
0	15:18:46.620	trend_dtrader XAUUSD,H1: Failed modifying IOTAUSD
0	15:18:47.615	trend_dtrader XAUUSD,H1: Failed modifying LINKUSD
0	15:18:48.615	trend_dtrader XAUUSD,H1: Failed modifying LRCUSD
0	15:18:49.613	trend_dtrader XAUUSD,H1: Failed modifying LTCUSD
0	15:18:50.620	trend_dtrader XAUUSD,H1: Failed modifying MANAUSD
0	15:18:51.627	trend_dtrader XAUUSD,H1: Failed modifying MATICUSD
0	15:18:52.616	trend_dtrader XAUUSD,H1: Failed modifying NEARUSD
0	15:18:53.617	trend_dtrader XAUUSD,H1: Failed modifying NZDUSD
0	15:18:54.614	trend_dtrader XAUUSD,H1: Failed modifying SOLUSD
0	15:18:55.616	trend_dtrader XAUUSD,H1: Failed modifying SUIUSD
0	15:18:56.614	trend_dtrader XAUUSD,H1: Failed modifying TRXUSD
0	15:18:57.640	trend_dtrader XAUUSD,H1: Failed modifying UNIUSD
0	15:18:58.618	trend_dtrader XAUUSD,H1: Failed modifying USDCAD
0	15:18:59.618	trend_dtrader XAUUSD,H1: Failed modifying USDCHF
0	15:19:00.620	trend_dtrader XAUUSD,H1: Failed modifying USDJPY
0	15:19:01.618	trend_dtrader XAUUSD,H1: Failed modifying USDMXN
0	15:19:02.617	trend_dtrader XAUUSD,H1: Failed modifying USDZAR
0	15:19:03.618	trend_dtrader XAUUSD,H1: Failed modifying XAGUSD
0	15:19:04.623	trend_dtrader XAUUSD,H1: Failed modifying XAUUSD
0	15:19:05.620	trend_dtrader XAUUSD,H1: Failed modifying XBRUSD
0	15:19:06.618	trend_dtrader XAUUSD,H1: Failed modifying XNGUSD
0	15:19:07.616	trend_dtrader XAUUSD,H1: Failed modifying XRPUSD
0	15:19:08.620	trend_dtrader XAUUSD,H1: Failed modifying XTIUSD
0	15:19:09.618	trend_dtrader XAUUSD,H1: Failed modifying AAVEUSD
0	15:19:10.615	trend_dtrader XAUUSD,H1: Failed modifying ADAUSD
0	15:19:11.624	trend_dtrader XAUUSD,H1: Failed modifying ALGOUSD
0	15:19:12.621	trend_dtrader XAUUSD,H1: Failed modifying APTUSD
0	15:19:13.619	trend_dtrader XAUUSD,H1: Failed modifying ARBUSD
0	15:19:14.621	trend_dtrader XAUUSD,H1: Failed modifying ATOMUSD
0	15:19:15.616	trend_dtrader XAUUSD,H1: Failed modifying AUDUSD
0	15:19:16.612	trend_dtrader XAUUSD,H1: Failed modifying AVAXUSD
0	15:19:17.618	trend_dtrader XAUUSD,H1: Failed modifying AXSUSD
0	15:19:18.618	trend_dtrader XAUUSD,H1: Failed modifying BCHUSD
0	15:19:19.616	trend_dtrader XAUUSD,H1: Failed modifying BNBUSD
0	15:19:20.614	trend_dtrader XAUUSD,H1: Failed modifying BTCUSD
0	15:19:21.617	trend_dtrader XAUUSD,H1: Failed modifying DASHUSD
0	15:19:22.616	trend_dtrader XAUUSD,H1: Failed modifying DOGEUSD
0	15:19:23.615	trend_dtrader XAUUSD,H1: Failed modifying DOTUSD
0	15:19:24.616	trend_dtrader XAUUSD,H1: Failed modifying ETCUSD
0	15:19:25.615	trend_dtrader XAUUSD,H1: Failed modifying ETHUSD
0	15:19:26.633	trend_dtrader XAUUSD,H1: Failed modifying EURUSD
0	15:19:27.623	trend_dtrader XAUUSD,H1: Failed modifying FETUSD
0	15:19:28.617	trend_dtrader XAUUSD,H1: Failed modifying FILUSD
0	15:19:29.615	trend_dtrader XAUUSD,H1: Failed modifying FTMUSD
0	15:19:30.633	trend_dtrader XAUUSD,H1: Failed modifying GBPUSD
0	15:19:31.615	trend_dtrader XAUUSD,H1: Failed modifying GRTUSD
0	15:19:32.616	trend_dtrader XAUUSD,H1: Failed modifying ICPUSD
0	15:19:33.616	trend_dtrader XAUUSD,H1: Failed modifying IOTAUSD
0	15:19:34.616	trend_dtrader XAUUSD,H1: Failed modifying LINKUSD
0	15:19:35.612	trend_dtrader XAUUSD,H1: Failed modifying LRCUSD
0	15:19:36.612	trend_dtrader XAUUSD,H1: Failed modifying LTCUSD
0	15:19:37.622	trend_dtrader XAUUSD,H1: Failed modifying MANAUSD
0	15:19:38.618	trend_dtrader XAUUSD,H1: Failed modifying MATICUSD
0	15:19:39.616	trend_dtrader XAUUSD,H1: Failed modifying NEARUSD
0	15:19:40.616	trend_dtrader XAUUSD,H1: Failed modifying NZDUSD
0	15:19:41.616	trend_dtrader XAUUSD,H1: Failed modifying SOLUSD
0	15:19:42.617	trend_dtrader XAUUSD,H1: Failed modifying SUIUSD
0	15:19:43.614	trend_dtrader XAUUSD,H1: Failed modifying TRXUSD
0	15:19:44.612	trend_dtrader XAUUSD,H1: Failed modifying UNIUSD
0	15:19:45.613	trend_dtrader XAUUSD,H1: Failed modifying USDCAD
0	15:19:46.624	trend_dtrader XAUUSD,H1: Failed modifying USDCHF
0	15:19:47.613	trend_dtrader XAUUSD,H1: Failed modifying USDJPY
0	15:19:48.629	trend_dtrader XAUUSD,H1: Failed modifying USDMXN
0	15:19:49.622	trend_dtrader XAUUSD,H1: Failed modifying USDZAR
0	15:19:50.619	trend_dtrader XAUUSD,H1: Failed modifying XAGUSD
0	15:19:51.627	trend_dtrader XAUUSD,H1: Failed modifying XAUUSD
0	15:19:52.618	trend_dtrader XAUUSD,H1: Failed modifying XBRUSD
0	15:19:53.613	trend_dtrader XAUUSD,H1: Failed modifying XNGUSD
0	15:19:54.618	trend_dtrader XAUUSD,H1: Failed modifying XRPUSD
0	15:19:55.619	trend_dtrader XAUUSD,H1: Failed modifying XTIUSD
0	15:19:56.619	trend_dtrader XAUUSD,H1: Failed modifying AAVEUSD
0	15:19:57.617	trend_dtrader XAUUSD,H1: Failed modifying ADAUSD
0	15:19:58.625	trend_dtrader XAUUSD,H1: Failed modifying ALGOUSD
0	15:19:59.615	trend_dtrader XAUUSD,H1: Failed modifying APTUSD
0	15:20:00.618	trend_dtrader XAUUSD,H1: Failed modifying ARBUSD
0	15:20:01.620	trend_dtrader XAUUSD,H1: Failed modifying ATOMUSD
0	15:20:02.620	trend_dtrader XAUUSD,H1: Failed modifying AUDUSD
0	15:20:03.619	trend_dtrader XAUUSD,H1: Failed modifying AVAXUSD
0	15:20:04.622	trend_dtrader XAUUSD,H1: Failed modifying AXSUSD
0	15:20:05.618	trend_dtrader XAUUSD,H1: Failed modifying BCHUSD
0	15:20:06.617	trend_dtrader XAUUSD,H1: Failed modifying BNBUSD
0	15:20:07.617	trend_dtrader XAUUSD,H1: Failed modifying BTCUSD
0	15:20:08.619	trend_dtrader XAUUSD,H1: Failed modifying DASHUSD
0	15:20:09.618	trend_dtrader XAUUSD,H1: Failed modifying DOGEUSD
0	15:20:10.616	trend_dtrader XAUUSD,H1: Failed modifying DOTUSD
0	15:20:11.615	trend_dtrader XAUUSD,H1: Failed modifying ETCUSD
0	15:20:12.616	trend_dtrader XAUUSD,H1: Failed modifying ETHUSD
0	15:20:13.618	trend_dtrader XAUUSD,H1: Failed modifying EURUSD
0	15:20:14.624	trend_dtrader XAUUSD,H1: Failed modifying FETUSD
0	15:20:15.613	trend_dtrader XAUUSD,H1: Failed modifying FILUSD
0	15:20:16.618	trend_dtrader XAUUSD,H1: Failed modifying FTMUSD
0	15:20:17.614	trend_dtrader XAUUSD,H1: Failed modifying GBPUSD
0	15:20:18.620	trend_dtrader XAUUSD,H1: Failed modifying GRTUSD
0	15:20:19.619	trend_dtrader XAUUSD,H1: Failed modifying ICPUSD
0	15:20:20.614	trend_dtrader XAUUSD,H1: Failed modifying IOTAUSD
0	15:20:21.616	trend_dtrader XAUUSD,H1: Failed modifying LINKUSD
0	15:20:22.615	trend_dtrader XAUUSD,H1: Failed modifying LRCUSD
0	15:20:23.616	trend_dtrader XAUUSD,H1: Failed modifying LTCUSD
0	15:20:24.615	trend_dtrader XAUUSD,H1: Failed modifying MANAUSD
0	15:20:25.614	trend_dtrader XAUUSD,H1: Failed modifying MATICUSD
0	15:20:26.617	trend_dtrader XAUUSD,H1: Failed modifying NEARUSD
0	15:20:27.615	trend_dtrader XAUUSD,H1: Failed modifying NZDUSD
0	15:20:28.616	trend_dtrader XAUUSD,H1: Failed modifying SOLUSD
0	15:20:29.612	trend_dtrader XAUUSD,H1: Failed modifying SUIUSD
0	15:20:30.613	trend_dtrader XAUUSD,H1: Failed modifying TRXUSD
0	15:20:31.613	trend_dtrader XAUUSD,H1: Failed modifying UNIUSD
0	15:20:32.612	trend_dtrader XAUUSD,H1: Failed modifying USDCAD
0	15:20:33.613	trend_dtrader XAUUSD,H1: Failed modifying USDCHF
0	15:20:34.614	trend_dtrader XAUUSD,H1: Failed modifying USDJPY
0	15:20:35.617	trend_dtrader XAUUSD,H1: Failed modifying USDMXN
0	15:20:35.617	trend_dtrader XAUUSD,H1: Failed modifying USDMXN
0	15:20:36.617	trend_dtrader XAUUSD,H1: Failed modifying USDZAR
0	15:20:36.617	trend_dtrader XAUUSD,H1: Failed modifying USDZAR
0	15:20:37.613	trend_dtrader XAUUSD,H1: Failed modifying XAGUSD
0	15:20:37.613	trend_dtrader XAUUSD,H1: Failed modifying XAGUSD
0	15:20:38.626	trend_dtrader XAUUSD,H1: Failed modifying XAUUSD
0	15:20:38.626	trend_dtrader XAUUSD,H1: Failed modifying XAUUSD
0	15:20:39.624	trend_dtrader XAUUSD,H1: Failed modifying XBRUSD
0	15:20:39.624	trend_dtrader XAUUSD,H1: Failed modifying XBRUSD
0	15:20:40.617	trend_dtrader XAUUSD,H1: Failed modifying XNGUSD
0	15:20:40.617	trend_dtrader XAUUSD,H1: Failed modifying XNGUSD
0	15:20:41.617	trend_dtrader XAUUSD,H1: Failed modifying XRPUSD
0	15:20:41.617	trend_dtrader XAUUSD,H1: Failed modifying XRPUSD
0	15:20:42.617	trend_dtrader XAUUSD,H1: Failed modifying XTIUSD
0	15:20:42.617	trend_dtrader XAUUSD,H1: Failed modifying XTIUSD
0	15:20:43.617	trend_dtrader XAUUSD,H1: Failed modifying AAVEUSD
0	15:20:43.617	trend_dtrader XAUUSD,H1: Failed modifying AAVEUSD
0	15:20:44.615	trend_dtrader XAUUSD,H1: Failed modifying ADAUSD
0	15:20:44.615	trend_dtrader XAUUSD,H1: Failed modifying ADAUSD
0	15:20:45.617	trend_dtrader XAUUSD,H1: Failed modifying ALGOUSD
0	15:20:45.617	trend_dtrader XAUUSD,H1: Failed modifying ALGOUSD
0	15:20:46.628	trend_dtrader XAUUSD,H1: Failed modifying APTUSD
0	15:20:46.628	trend_dtrader XAUUSD,H1: Failed modifying APTUSD
0	15:20:47.623	trend_dtrader XAUUSD,H1: Failed modifying ARBUSD
0	15:20:47.623	trend_dtrader XAUUSD,H1: Failed modifying ARBUSD
0	15:20:48.619	trend_dtrader XAUUSD,H1: Failed modifying ATOMUSD
0	15:20:49.628	trend_dtrader XAUUSD,H1: Failed modifying AUDUSD
0	15:20:49.628	trend_dtrader XAUUSD,H1: Failed modifying AUDUSD
0	15:20:50.619	trend_dtrader XAUUSD,H1: Failed modifying AVAXUSD
0	15:20:50.619	trend_dtrader XAUUSD,H1: Failed modifying AVAXUSD
0	15:20:51.616	trend_dtrader XAUUSD,H1: Failed modifying AXSUSD
0	15:20:51.616	trend_dtrader XAUUSD,H1: Failed modifying AXSUSD
0	15:20:52.628	trend_dtrader XAUUSD,H1: Failed modifying BCHUSD
0	15:20:52.628	trend_dtrader XAUUSD,H1: Failed modifying BCHUSD
0	15:20:53.627	trend_dtrader XAUUSD,H1: Failed modifying BNBUSD
0	15:20:53.627	trend_dtrader XAUUSD,H1: Failed modifying BNBUSD
0	15:20:54.633	trend_dtrader XAUUSD,H1: Failed modifying BTCUSD
0	15:20:54.633	trend_dtrader XAUUSD,H1: Failed modifying BTCUSD
0	15:20:55.618	trend_dtrader XAUUSD,H1: Failed modifying DASHUSD
0	15:20:55.618	trend_dtrader XAUUSD,H1: Failed modifying DASHUSD
0	15:20:56.619	trend_dtrader XAUUSD,H1: Failed modifying DOGEUSD
0	15:20:56.619	trend_dtrader XAUUSD,H1: Failed modifying DOGEUSD
0	15:20:57.614	trend_dtrader XAUUSD,H1: Failed modifying DOTUSD
0	15:20:57.614	trend_dtrader XAUUSD,H1: Failed modifying DOTUSD
0	15:20:58.616	trend_dtrader XAUUSD,H1: Failed modifying ETCUSD
0	15:20:58.616	trend_dtrader XAUUSD,H1: Failed modifying ETCUSD
0	15:20:59.621	trend_dtrader XAUUSD,H1: Failed modifying ETHUSD
0	15:20:59.621	trend_dtrader XAUUSD,H1: Failed modifying ETHUSD
0	15:21:00.617	trend_dtrader XAUUSD,H1: Failed modifying EURUSD
0	15:21:01.616	trend_dtrader XAUUSD,H1: Failed modifying FETUSD
0	15:21:02.618	trend_dtrader XAUUSD,H1: Failed modifying FILUSD
0	15:21:02.618	trend_dtrader XAUUSD,H1: Failed modifying FILUSD
0	15:21:03.616	trend_dtrader XAUUSD,H1: Failed modifying FTMUSD
0	15:21:03.616	trend_dtrader XAUUSD,H1: Failed modifying FTMUSD
0	15:21:04.616	trend_dtrader XAUUSD,H1: Failed modifying GBPUSD
0	15:21:04.616	trend_dtrader XAUUSD,H1: Failed modifying GBPUSD
0	15:21:05.617	trend_dtrader XAUUSD,H1: Failed modifying GRTUSD
0	15:21:05.617	trend_dtrader XAUUSD,H1: Failed modifying GRTUSD
0	15:21:06.614	trend_dtrader XAUUSD,H1: Failed modifying ICPUSD
0	15:21:06.614	trend_dtrader XAUUSD,H1: Failed modifying ICPUSD
0	15:21:07.616	trend_dtrader XAUUSD,H1: Failed modifying IOTAUSD
0	15:21:07.616	trend_dtrader XAUUSD,H1: Failed modifying IOTAUSD
0	15:21:08.620	trend_dtrader XAUUSD,H1: Failed modifying LINKUSD
0	15:21:08.620	trend_dtrader XAUUSD,H1: Failed modifying LINKUSD
0	15:21:09.617	trend_dtrader XAUUSD,H1: Failed modifying LRCUSD
0	15:21:09.617	trend_dtrader XAUUSD,H1: Failed modifying LRCUSD
0	15:21:10.629	trend_dtrader XAUUSD,H1: Failed modifying LTCUSD
0	15:21:10.629	trend_dtrader XAUUSD,H1: Failed modifying LTCUSD
0	15:21:11.619	trend_dtrader XAUUSD,H1: Failed modifying MANAUSD
0	15:21:11.619	trend_dtrader XAUUSD,H1: Failed modifying MANAUSD
0	15:21:12.616	trend_dtrader XAUUSD,H1: Failed modifying MATICUSD
0	15:21:12.616	trend_dtrader XAUUSD,H1: Failed modifying MATICUSD
0	15:21:12.616	trend_dtrader XAUUSD,H1: Failed modifying MATICUSD
0	15:21:13.631	trend_dtrader XAUUSD,H1: Failed modifying NEARUSD
0	15:21:13.631	trend_dtrader XAUUSD,H1: Failed modifying NEARUSD
0	15:21:13.631	trend_dtrader XAUUSD,H1: Failed modifying NEARUSD
0	15:21:14.614	trend_dtrader XAUUSD,H1: Failed modifying NZDUSD
0	15:21:14.614	trend_dtrader XAUUSD,H1: Failed modifying NZDUSD
0	15:21:15.617	trend_dtrader XAUUSD,H1: Failed modifying SOLUSD
0	15:21:15.617	trend_dtrader XAUUSD,H1: Failed modifying SOLUSD
0	15:21:16.618	trend_dtrader XAUUSD,H1: Failed modifying SUIUSD
0	15:21:16.618	trend_dtrader XAUUSD,H1: Failed modifying SUIUSD
0	15:21:17.614	trend_dtrader XAUUSD,H1: Failed modifying TRXUSD
0	15:21:17.614	trend_dtrader XAUUSD,H1: Failed modifying TRXUSD
0	15:21:18.615	trend_dtrader XAUUSD,H1: Failed modifying UNIUSD
0	15:21:18.615	trend_dtrader XAUUSD,H1: Failed modifying UNIUSD
0	15:21:19.614	trend_dtrader XAUUSD,H1: Failed modifying USDCAD
0	15:21:19.614	trend_dtrader XAUUSD,H1: Failed modifying USDCAD
0	15:21:20.627	trend_dtrader XAUUSD,H1: Failed modifying USDCHF
0	15:21:20.627	trend_dtrader XAUUSD,H1: Failed modifying USDCHF
0	15:21:21.613	trend_dtrader XAUUSD,H1: Failed modifying USDJPY
0	15:21:22.618	trend_dtrader XAUUSD,H1: Failed modifying USDMXN
0	15:21:23.614	trend_dtrader XAUUSD,H1: Failed modifying USDZAR
0	15:21:23.614	trend_dtrader XAUUSD,H1: Failed modifying USDZAR
0	15:21:24.616	trend_dtrader XAUUSD,H1: Failed modifying XAGUSD
0	15:21:24.616	trend_dtrader XAUUSD,H1: Failed modifying XAGUSD
0	15:21:25.620	trend_dtrader XAUUSD,H1: Failed modifying XAUUSD
0	15:21:26.616	trend_dtrader XAUUSD,H1: Failed modifying XBRUSD
0	15:21:27.616	trend_dtrader XAUUSD,H1: Failed modifying XNGUSD
0	15:21:28.611	trend_dtrader XAUUSD,H1: Failed modifying XRPUSD
0	15:21:29.625	trend_dtrader XAUUSD,H1: Failed modifying XTIUSD
0	15:21:30.616	trend_dtrader XAUUSD,H1: Failed modifying AAVEUSD
0	15:21:31.613	trend_dtrader XAUUSD,H1: Failed modifying ADAUSD
0	15:21:32.614	trend_dtrader XAUUSD,H1: Failed modifying ALGOUSD
0	15:21:33.615	trend_dtrader XAUUSD,H1: Failed modifying APTUSD
0	15:21:34.613	trend_dtrader XAUUSD,H1: Failed modifying ARBUSD
0	15:21:35.617	trend_dtrader XAUUSD,H1: Failed modifying ATOMUSD
0	15:21:36.628	trend_dtrader XAUUSD,H1: Failed modifying AUDUSD
0	15:21:37.619	trend_dtrader XAUUSD,H1: Failed modifying AVAXUSD
0	15:21:38.618	trend_dtrader XAUUSD,H1: Failed modifying AXSUSD
0	15:21:39.624	trend_dtrader XAUUSD,H1: Failed modifying BCHUSD
0	15:21:40.624	trend_dtrader XAUUSD,H1: Failed modifying BNBUSD
0	15:21:41.612	trend_dtrader XAUUSD,H1: Failed modifying BTCUSD
0	15:21:42.620	trend_dtrader XAUUSD,H1: Failed modifying DASHUSD
0	15:21:43.616	trend_dtrader XAUUSD,H1: Failed modifying DOGEUSD
0	15:21:44.628	trend_dtrader XAUUSD,H1: Failed modifying DOTUSD
0	15:21:45.611	trend_dtrader XAUUSD,H1: Failed modifying ETCUSD
0	15:21:46.622	trend_dtrader XAUUSD,H1: Failed modifying ETHUSD
0	15:21:47.620	trend_dtrader XAUUSD,H1: Failed modifying EURUSD
0	15:21:48.619	trend_dtrader XAUUSD,H1: Failed modifying FETUSD
0	15:21:49.617	trend_dtrader XAUUSD,H1: Failed modifying FILUSD
0	15:21:50.619	trend_dtrader XAUUSD,H1: Failed modifying FTMUSD
0	15:21:51.618	trend_dtrader XAUUSD,H1: Failed modifying GBPUSD
0	15:21:52.618	trend_dtrader XAUUSD,H1: Failed modifying GRTUSD
0	15:21:53.616	trend_dtrader XAUUSD,H1: Failed modifying ICPUSD
0	15:21:54.617	trend_dtrader XAUUSD,H1: Failed modifying IOTAUSD
0	15:21:55.618	trend_dtrader XAUUSD,H1: Failed modifying LINKUSD
0	15:21:56.616	trend_dtrader XAUUSD,H1: Failed modifying LRCUSD
0	15:21:57.616	trend_dtrader XAUUSD,H1: Failed modifying LTCUSD
0	15:21:58.615	trend_dtrader XAUUSD,H1: Failed modifying MANAUSD
0	15:21:59.617	trend_dtrader XAUUSD,H1: Failed modifying MATICUSD
0	15:22:00.616	trend_dtrader XAUUSD,H1: Failed modifying NEARUSD
0	15:22:01.619	trend_dtrader XAUUSD,H1: Failed modifying NZDUSD
0	15:22:02.620	trend_dtrader XAUUSD,H1: Failed modifying SOLUSD
0	15:22:03.640	trend_dtrader XAUUSD,H1: Failed modifying SUIUSD
0	15:22:04.613	trend_dtrader XAUUSD,H1: Failed modifying TRXUSD
0	15:22:05.620	trend_dtrader XAUUSD,H1: Failed modifying UNIUSD
0	15:22:06.613	trend_dtrader XAUUSD,H1: Failed modifying USDCAD
0	15:22:07.615	trend_dtrader XAUUSD,H1: Failed modifying USDCHF
0	15:22:08.625	trend_dtrader XAUUSD,H1: Failed modifying USDJPY
0	15:22:09.620	trend_dtrader XAUUSD,H1: Failed modifying USDMXN
0	15:22:10.618	trend_dtrader XAUUSD,H1: Failed modifying USDZAR
0	15:22:11.619	trend_dtrader XAUUSD,H1: Failed modifying XAGUSD
0	15:22:12.629	trend_dtrader XAUUSD,H1: Failed modifying XAUUSD
0	15:22:13.615	trend_dtrader XAUUSD,H1: Failed modifying XBRUSD
0	15:22:14.615	trend_dtrader XAUUSD,H1: Failed modifying XNGUSD
0	15:22:15.616	trend_dtrader XAUUSD,H1: Failed modifying XRPUSD
0	15:22:16.618	trend_dtrader XAUUSD,H1: Failed modifying XTIUSD
0	15:22:17.616	trend_dtrader XAUUSD,H1: Failed modifying AAVEUSD
0	15:22:18.615	trend_dtrader XAUUSD,H1: Failed modifying ADAUSD
0	15:22:19.615	trend_dtrader XAUUSD,H1: Failed modifying ALGOUSD
0	15:22:20.619	trend_dtrader XAUUSD,H1: Failed modifying APTUSD
0	15:22:21.613	trend_dtrader XAUUSD,H1: Failed modifying ARBUSD
0	15:22:22.616	trend_dtrader XAUUSD,H1: Failed modifying ATOMUSD
0	15:22:23.613	trend_dtrader XAUUSD,H1: Failed modifying AUDUSD
0	15:22:24.620	trend_dtrader XAUUSD,H1: Failed modifying AVAXUSD
0	15:22:25.613	trend_dtrader XAUUSD,H1: Failed modifying AXSUSD
0	15:22:26.620	trend_dtrader XAUUSD,H1: Failed modifying BCHUSD
0	15:22:27.622	trend_dtrader XAUUSD,H1: Failed modifying BNBUSD
0	15:22:28.618	trend_dtrader XAUUSD,H1: Failed modifying BTCUSD
0	15:22:29.615	trend_dtrader XAUUSD,H1: Failed modifying DASHUSD
0	15:22:30.614	trend_dtrader XAUUSD,H1: Failed modifying DOGEUSD
0	15:22:31.622	trend_dtrader XAUUSD,H1: Failed modifying DOTUSD
0	15:22:32.617	trend_dtrader XAUUSD,H1: Failed modifying ETCUSD
0	15:22:33.619	trend_dtrader XAUUSD,H1: Failed modifying ETHUSD
0	15:22:34.622	trend_dtrader XAUUSD,H1: Failed modifying EURUSD
0	15:22:35.620	trend_dtrader XAUUSD,H1: Failed modifying FETUSD
0	15:22:36.616	trend_dtrader XAUUSD,H1: Failed modifying FILUSD
0	15:22:37.626	trend_dtrader XAUUSD,H1: Failed modifying FTMUSD
0	15:22:38.613	trend_dtrader XAUUSD,H1: Failed modifying GBPUSD
0	15:22:39.617	trend_dtrader XAUUSD,H1: Failed modifying GRTUSD
0	15:22:40.621	trend_dtrader XAUUSD,H1: Failed modifying ICPUSD
0	15:22:41.614	trend_dtrader XAUUSD,H1: Failed modifying IOTAUSD
0	15:22:42.619	trend_dtrader XAUUSD,H1: Failed modifying LINKUSD
0	15:22:43.617	trend_dtrader XAUUSD,H1: Failed modifying LRCUSD
0	15:22:44.617	trend_dtrader XAUUSD,H1: Failed modifying LTCUSD
0	15:22:45.614	trend_dtrader XAUUSD,H1: Failed modifying MANAUSD
0	15:22:46.628	trend_dtrader XAUUSD,H1: Failed modifying MATICUSD
0	15:22:47.621	trend_dtrader XAUUSD,H1: Failed modifying NEARUSD
0	15:22:48.614	trend_dtrader XAUUSD,H1: Failed modifying NZDUSD
0	15:22:49.618	trend_dtrader XAUUSD,H1: Failed modifying SOLUSD
0	15:22:50.615	trend_dtrader XAUUSD,H1: Failed modifying SUIUSD
0	15:22:51.616	trend_dtrader XAUUSD,H1: Failed modifying TRXUSD
0	15:22:52.629	trend_dtrader XAUUSD,H1: Failed modifying UNIUSD
0	15:22:53.615	trend_dtrader XAUUSD,H1: Failed modifying USDCAD
0	15:22:54.627	trend_dtrader XAUUSD,H1: Failed modifying USDCHF
0	15:22:55.614	trend_dtrader XAUUSD,H1: Failed modifying USDJPY
0	15:22:56.620	trend_dtrader XAUUSD,H1: Failed modifying USDMXN
0	15:22:57.613	trend_dtrader XAUUSD,H1: Failed modifying USDZAR
0	15:22:58.616	trend_dtrader XAUUSD,H1: Failed modifying XAGUSD
0	15:22:59.620	trend_dtrader XAUUSD,H1: Failed modifying XAUUSD
0	15:23:00.619	trend_dtrader XAUUSD,H1: Failed modifying XBRUSD
0	15:23:01.616	trend_dtrader XAUUSD,H1: Failed modifying XNGUSD
0	15:23:02.625	trend_dtrader XAUUSD,H1: Failed modifying XRPUSD
0	15:23:03.629	trend_dtrader XAUUSD,H1: Failed modifying XTIUSD
0	15:23:04.617	trend_dtrader XAUUSD,H1: Failed modifying AAVEUSD
0	15:23:05.615	trend_dtrader XAUUSD,H1: Failed modifying ADAUSD
0	15:23:06.620	trend_dtrader XAUUSD,H1: Failed modifying ALGOUSD
0	15:23:07.621	trend_dtrader XAUUSD,H1: Failed modifying APTUSD
0	15:23:08.615	trend_dtrader XAUUSD,H1: Failed modifying ARBUSD
0	15:23:09.616	trend_dtrader XAUUSD,H1: Failed modifying ATOMUSD
0	15:23:10.614	trend_dtrader XAUUSD,H1: Failed modifying AUDUSD
0	15:23:11.615	trend_dtrader XAUUSD,H1: Failed modifying AVAXUSD
0	15:23:12.614	trend_dtrader XAUUSD,H1: Failed modifying AXSUSD
0	15:23:13.617	trend_dtrader XAUUSD,H1: Failed modifying BCHUSD
0	15:23:14.614	trend_dtrader XAUUSD,H1: Failed modifying BNBUSD
0	15:23:15.625	trend_dtrader XAUUSD,H1: Failed modifying BTCUSD
0	15:23:16.614	trend_dtrader XAUUSD,H1: Failed modifying DASHUSD
0	15:23:17.617	trend_dtrader XAUUSD,H1: Failed modifying DOGEUSD
0	15:23:18.614	trend_dtrader XAUUSD,H1: Failed modifying DOTUSD
0	15:23:19.614	trend_dtrader XAUUSD,H1: Failed modifying ETCUSD
0	15:23:20.615	trend_dtrader XAUUSD,H1: Failed modifying ETHUSD
0	15:23:21.617	trend_dtrader XAUUSD,H1: Failed modifying EURUSD
0	15:23:22.652	trend_dtrader XAUUSD,H1: Failed modifying FETUSD
0	15:23:23.614	trend_dtrader XAUUSD,H1: Failed modifying FILUSD
0	15:23:24.621	trend_dtrader XAUUSD,H1: Failed modifying FTMUSD
0	15:23:25.612	trend_dtrader XAUUSD,H1: Failed modifying GBPUSD
0	15:23:26.618	trend_dtrader XAUUSD,H1: Failed modifying GRTUSD
0	15:23:27.621	trend_dtrader XAUUSD,H1: Failed modifying ICPUSD
0	15:23:28.618	trend_dtrader XAUUSD,H1: Failed modifying IOTAUSD
0	15:23:29.619	trend_dtrader XAUUSD,H1: Failed modifying LINKUSD
0	15:23:30.618	trend_dtrader XAUUSD,H1: Failed modifying LRCUSD
0	15:23:31.619	trend_dtrader XAUUSD,H1: Failed modifying LTCUSD
0	15:23:32.617	trend_dtrader XAUUSD,H1: Failed modifying MANAUSD
0	15:23:33.623	trend_dtrader XAUUSD,H1: Failed modifying MATICUSD
0	15:23:34.616	trend_dtrader XAUUSD,H1: Failed modifying NEARUSD
0	15:23:35.624	trend_dtrader XAUUSD,H1: Failed modifying NZDUSD
0	15:23:36.619	trend_dtrader XAUUSD,H1: Failed modifying SOLUSD
0	15:23:37.614	trend_dtrader XAUUSD,H1: Failed modifying SUIUSD
0	15:23:38.620	trend_dtrader XAUUSD,H1: Failed modifying TRXUSD
0	15:23:39.617	trend_dtrader XAUUSD,H1: Failed modifying UNIUSD
0	15:23:40.617	trend_dtrader XAUUSD,H1: Failed modifying USDCAD
0	15:23:41.617	trend_dtrader XAUUSD,H1: Failed modifying USDCHF
0	15:23:42.614	trend_dtrader XAUUSD,H1: Failed modifying USDJPY
0	15:23:43.620	trend_dtrader XAUUSD,H1: Failed modifying USDMXN
0	15:23:44.624	trend_dtrader XAUUSD,H1: Failed modifying USDZAR
0	15:23:45.615	trend_dtrader XAUUSD,H1: Failed modifying XAGUSD
0	15:23:46.636	trend_dtrader XAUUSD,H1: Failed modifying XAUUSD
0	15:23:47.622	trend_dtrader XAUUSD,H1: Failed modifying XBRUSD
0	15:23:48.638	trend_dtrader XAUUSD,H1: Failed modifying XNGUSD
0	15:23:49.615	trend_dtrader XAUUSD,H1: Failed modifying XRPUSD
0	15:23:50.619	trend_dtrader XAUUSD,H1: Failed modifying XTIUSD
0	15:23:51.619	trend_dtrader XAUUSD,H1: Failed modifying AAVEUSD
0	15:23:52.618	trend_dtrader XAUUSD,H1: Failed modifying ADAUSD
0	15:28:27.954	trend_dtrader XAUUSD,H1: Alert: Failed XAGUSD
0	15:29:14.907	trend_dtrader XAUUSD,H1: Alert: Failed XAGUSD
0	15:30:01.917	trend_dtrader XAUUSD,H1: Alert: Failed XAGUSD
0	15:31:35.816	trend_dtrader XAUUSD,H1: Alert: Failed XAGUSD
0	15:32:22.910	trend_dtrader XAUUSD,H1: Alert: Failed XAGUSD
0	15:33:09.904	trend_dtrader XAUUSD,H1: Alert: Failed XAGUSD
0	15:33:56.830	trend_dtrader XAUUSD,H1: Alert: Failed XAGUSD
0	15:34:43.910	trend_dtrader XAUUSD,H1: Alert: Failed XAGUSD
0	15:35:30.902	trend_dtrader XAUUSD,H1: Alert: Failed XAGUSD
0	15:36:17.863	trend_dtrader XAUUSD,H1: Alert: Failed XAGUSD
0	15:37:04.882	trend_dtrader XAUUSD,H1: Alert: Failed XAGUSD
0	15:45:05.617	trend_dtrader XAUUSD,H1: Failed modifying ATOMUSD
0	15:45:06.617	trend_dtrader XAUUSD,H1: Failed modifying AUDUSD
0	15:45:07.617	trend_dtrader XAUUSD,H1: Failed modifying AVAXUSD
0	15:45:08.615	trend_dtrader XAUUSD,H1: Failed modifying AXSUSD
0	15:45:09.621	trend_dtrader XAUUSD,H1: Failed modifying BCHUSD
0	15:45:10.617	trend_dtrader XAUUSD,H1: Failed modifying BNBUSD
0	15:45:11.618	trend_dtrader XAUUSD,H1: Failed modifying BTCUSD
0	15:45:12.615	trend_dtrader XAUUSD,H1: Failed modifying DASHUSD
0	15:45:13.683	trend_dtrader XAUUSD,H1: Failed modifying DOGEUSD
0	15:45:14.618	trend_dtrader XAUUSD,H1: Failed modifying DOTUSD
0	15:45:15.621	trend_dtrader XAUUSD,H1: Failed modifying ETCUSD
0	15:45:16.619	trend_dtrader XAUUSD,H1: Failed modifying ETHUSD
0	15:45:17.628	trend_dtrader XAUUSD,H1: Failed modifying EURUSD
0	15:45:18.616	trend_dtrader XAUUSD,H1: Failed modifying FETUSD
0	15:45:19.618	trend_dtrader XAUUSD,H1: Failed modifying FILUSD
0	15:45:20.616	trend_dtrader XAUUSD,H1: Failed modifying FTMUSD
0	15:45:21.635	trend_dtrader XAUUSD,H1: Failed modifying GBPUSD
0	15:45:22.621	trend_dtrader XAUUSD,H1: Failed modifying GRTUSD
0	15:45:23.620	trend_dtrader XAUUSD,H1: Failed modifying ICPUSD
0	15:45:24.624	trend_dtrader XAUUSD,H1: Failed modifying IOTAUSD
0	15:45:25.619	trend_dtrader XAUUSD,H1: Failed modifying LINKUSD
0	15:45:29.622	trend_dtrader XAUUSD,H1: Failed modifying MATICUSD
0	15:45:46.619	trend_dtrader XAUUSD,H1: Failed modifying XTIUSD
0	15:45:48.617	trend_dtrader XAUUSD,H1: Failed modifying ADAUSD
0	15:45:49.617	trend_dtrader XAUUSD,H1: Failed modifying ALGOUSD
0	15:45:50.616	trend_dtrader XAUUSD,H1: Failed modifying APTUSD
0	15:45:51.626	trend_dtrader XAUUSD,H1: Failed modifying ARBUSD
0	15:45:52.615	trend_dtrader XAUUSD,H1: Failed modifying ATOMUSD
0	15:45:53.615	trend_dtrader XAUUSD,H1: Failed modifying AUDUSD
0	15:45:54.616	trend_dtrader XAUUSD,H1: Failed modifying AVAXUSD
0	15:45:56.628	trend_dtrader XAUUSD,H1: Failed modifying BCHUSD
0	15:45:57.614	trend_dtrader XAUUSD,H1: Failed modifying BNBUSD
0	15:45:58.625	trend_dtrader XAUUSD,H1: Failed modifying BTCUSD
0	15:45:59.614	trend_dtrader XAUUSD,H1: Failed modifying DASHUSD
0	15:46:00.618	trend_dtrader XAUUSD,H1: Failed modifying DOGEUSD
0	15:46:01.622	trend_dtrader XAUUSD,H1: Failed modifying DOTUSD
0	15:46:02.643	trend_dtrader XAUUSD,H1: Failed modifying ETCUSD
0	15:46:03.614	trend_dtrader XAUUSD,H1: Failed modifying ETHUSD
0	15:46:04.621	trend_dtrader XAUUSD,H1: Failed modifying EURUSD
0	15:46:05.617	trend_dtrader XAUUSD,H1: Failed modifying FETUSD
0	15:46:06.652	trend_dtrader XAUUSD,H1: Failed modifying FILUSD
0	15:46:07.614	trend_dtrader XAUUSD,H1: Failed modifying FTMUSD
0	15:46:08.612	trend_dtrader XAUUSD,H1: Failed modifying GBPUSD
0	15:46:09.621	trend_dtrader XAUUSD,H1: Failed modifying GRTUSD
0	15:46:10.618	trend_dtrader XAUUSD,H1: Failed modifying ICPUSD
0	15:46:11.619	trend_dtrader XAUUSD,H1: Failed modifying IOTAUSD
0	15:46:12.618	trend_dtrader XAUUSD,H1: Failed modifying LINKUSD
0	15:46:13.620	trend_dtrader XAUUSD,H1: Failed modifying LRCUSD
0	15:46:14.625	trend_dtrader XAUUSD,H1: Failed modifying LTCUSD
0	15:46:15.626	trend_dtrader XAUUSD,H1: Failed modifying MANAUSD
0	15:46:16.659	trend_dtrader XAUUSD,H1: Failed modifying MATICUSD
0	15:46:17.631	trend_dtrader XAUUSD,H1: Failed modifying NEARUSD
0	15:46:18.619	trend_dtrader XAUUSD,H1: Failed modifying NZDUSD
0	15:46:19.619	trend_dtrader XAUUSD,H1: Failed modifying SOLUSD
0	15:46:20.622	trend_dtrader XAUUSD,H1: Failed modifying SUIUSD
0	15:46:21.618	trend_dtrader XAUUSD,H1: Failed modifying TRXUSD
0	15:46:22.683	trend_dtrader XAUUSD,H1: Failed modifying UNIUSD
0	15:46:23.619	trend_dtrader XAUUSD,H1: Failed modifying USDCAD
0	15:46:24.616	trend_dtrader XAUUSD,H1: Failed modifying USDCHF
0	15:46:25.628	trend_dtrader XAUUSD,H1: Failed modifying USDJPY
0	15:46:26.615	trend_dtrader XAUUSD,H1: Failed modifying USDMXN
0	15:46:27.618	trend_dtrader XAUUSD,H1: Failed modifying USDZAR
0	15:46:28.616	trend_dtrader XAUUSD,H1: Failed modifying XAGUSD
0	15:46:29.614	trend_dtrader XAUUSD,H1: Failed modifying XAUUSD
0	15:46:30.616	trend_dtrader XAUUSD,H1: Failed modifying XBRUSD
0	15:46:31.613	trend_dtrader XAUUSD,H1: Failed modifying XNGUSD
0	15:46:32.616	trend_dtrader XAUUSD,H1: Failed modifying XRPUSD
0	15:46:33.624	trend_dtrader XAUUSD,H1: Failed modifying XTIUSD
0	15:46:34.617	trend_dtrader XAUUSD,H1: Failed modifying AAVEUSD
0	15:46:35.616	trend_dtrader XAUUSD,H1: Failed modifying ADAUSD
0	15:46:36.617	trend_dtrader XAUUSD,H1: Failed modifying ALGOUSD
0	15:47:11.613	trend_dtrader XAUUSD,H1: Failed modifying USDCHF
0	15:47:12.629	trend_dtrader XAUUSD,H1: Failed modifying USDJPY
0	15:47:13.623	trend_dtrader XAUUSD,H1: Failed modifying USDMXN
0	15:47:14.619	trend_dtrader XAUUSD,H1: Failed modifying USDZAR
0	15:47:15.618	trend_dtrader XAUUSD,H1: Failed modifying XAGUSD
0	15:47:16.729	trend_dtrader XAUUSD,H1: Failed modifying XAUUSD
0	15:47:17.616	trend_dtrader XAUUSD,H1: Failed modifying XBRUSD
0	15:47:18.624	trend_dtrader XAUUSD,H1: Failed modifying XNGUSD
0	15:47:19.619	trend_dtrader XAUUSD,H1: Failed modifying XRPUSD
0	15:47:51.616	trend_dtrader XAUUSD,H1: Failed modifying NEARUSD
0	15:47:52.615	trend_dtrader XAUUSD,H1: Failed modifying NZDUSD
0	15:47:53.616	trend_dtrader XAUUSD,H1: Failed modifying SOLUSD
0	15:47:54.613	trend_dtrader XAUUSD,H1: Failed modifying SUIUSD
0	15:47:55.613	trend_dtrader XAUUSD,H1: Failed modifying TRXUSD
0	15:47:56.617	trend_dtrader XAUUSD,H1: Failed modifying UNIUSD
0	15:47:57.612	trend_dtrader XAUUSD,H1: Failed modifying USDCAD
0	15:47:58.619	trend_dtrader XAUUSD,H1: Failed modifying USDCHF
0	15:47:59.621	trend_dtrader XAUUSD,H1: Failed modifying USDJPY
0	15:48:00.621	trend_dtrader XAUUSD,H1: Failed modifying USDMXN
0	15:48:01.622	trend_dtrader XAUUSD,H1: Failed modifying USDZAR
0	15:48:02.618	trend_dtrader XAUUSD,H1: Failed modifying XAGUSD
0	15:48:03.614	trend_dtrader XAUUSD,H1: Failed modifying XAUUSD
0	15:48:04.777	trend_dtrader XAUUSD,H1: Failed modifying XBRUSD
0	15:48:05.617	trend_dtrader XAUUSD,H1: Failed modifying XNGUSD
0	15:48:06.616	trend_dtrader XAUUSD,H1: Failed modifying XRPUSD
0	15:48:07.616	trend_dtrader XAUUSD,H1: Failed modifying XTIUSD
0	15:48:08.617	trend_dtrader XAUUSD,H1: Failed modifying AAVEUSD
0	15:48:09.618	trend_dtrader XAUUSD,H1: Failed modifying ADAUSD
0	15:48:10.619	trend_dtrader XAUUSD,H1: Failed modifying ALGOUSD
0	15:48:11.633	trend_dtrader XAUUSD,H1: Failed modifying APTUSD
0	15:48:12.613	trend_dtrader XAUUSD,H1: Failed modifying ARBUSD
0	15:48:13.619	trend_dtrader XAUUSD,H1: Failed modifying ATOMUSD
0	15:48:14.621	trend_dtrader XAUUSD,H1: Failed modifying AUDUSD
0	15:48:15.617	trend_dtrader XAUUSD,H1: Failed modifying AVAXUSD
0	15:48:16.618	trend_dtrader XAUUSD,H1: Failed modifying AXSUSD
0	15:48:17.617	trend_dtrader XAUUSD,H1: Failed modifying BCHUSD
0	15:48:18.631	trend_dtrader XAUUSD,H1: Failed modifying BNBUSD
0	15:49:56.615	trend_dtrader XAUUSD,H1: Alert: Please check your internet connection
0	15:49:57.617	trend_dtrader XAUUSD,H1: Alert: Please check your internet connection
0	15:49:58.612	trend_dtrader XAUUSD,H1: Alert: Please check your internet connection
0	15:49:59.611	trend_dtrader XAUUSD,H1: Alert: Please check your internet connection
0	15:50:00.616	trend_dtrader XAUUSD,H1: Alert: Please check your internet connection
0	15:50:01.615	trend_dtrader XAUUSD,H1: Alert: Please check your internet connection
0	15:50:02.616	trend_dtrader XAUUSD,H1: Alert: Please check your internet connection
0	15:50:03.616	trend_dtrader XAUUSD,H1: Alert: Please check your internet connection
0	15:50:04.616	trend_dtrader XAUUSD,H1: Alert: Please check your internet connection
0	15:50:05.614	trend_dtrader XAUUSD,H1: Alert: Please check your internet connection
0	15:50:06.616	trend_dtrader XAUUSD,H1: Alert: Please check your internet connection
0	15:50:07.616	trend_dtrader XAUUSD,H1: Alert: Please check your internet connection
0	15:50:08.616	trend_dtrader XAUUSD,H1: Alert: Please check your internet connection
0	15:50:09.615	trend_dtrader XAUUSD,H1: Alert: Please check your internet connection
0	15:50:10.615	trend_dtrader XAUUSD,H1: Alert: Please check your internet connection
0	15:50:11.614	trend_dtrader XAUUSD,H1: Alert: Please check your internet connection
0	15:50:12.616	trend_dtrader XAUUSD,H1: Alert: Please check your internet connection
0	15:50:13.612	trend_dtrader XAUUSD,H1: Alert: Please check your internet connection
0	15:50:14.614	trend_dtrader XAUUSD,H1: Alert: Please check your internet connection
0	15:50:15.614	trend_dtrader XAUUSD,H1: Alert: Please check your internet connection
0	15:50:16.613	trend_dtrader XAUUSD,H1: Alert: Please check your internet connection
0	15:50:17.614	trend_dtrader XAUUSD,H1: Alert: Please check your internet connection
0	15:50:18.614	trend_dtrader XAUUSD,H1: Alert: Please check your internet connection
0	15:50:19.614	trend_dtrader XAUUSD,H1: Alert: Please check your internet connection
0	15:50:20.613	trend_dtrader XAUUSD,H1: Alert: Please check your internet connection
0	15:50:21.614	trend_dtrader XAUUSD,H1: Alert: Please check your internet connection
0	15:50:22.614	trend_dtrader XAUUSD,H1: Alert: Please check your internet connection
0	15:50:23.613	trend_dtrader XAUUSD,H1: Alert: Please check your internet connection
0	15:50:24.613	trend_dtrader XAUUSD,H1: Alert: Please check your internet connection
0	15:50:25.613	trend_dtrader XAUUSD,H1: Alert: Please check your internet connection
0	15:50:26.614	trend_dtrader XAUUSD,H1: Alert: Please check your internet connection
0	15:50:27.613	trend_dtrader XAUUSD,H1: Alert: Please check your internet connection
0	15:50:28.611	trend_dtrader XAUUSD,H1: Alert: Please check your internet connection
0	15:50:29.612	trend_dtrader XAUUSD,H1: Alert: Please check your internet connection
0	15:50:30.613	trend_dtrader XAUUSD,H1: Alert: Please check your internet connection
0	15:50:31.611	trend_dtrader XAUUSD,H1: Alert: Please check your internet connection
0	15:50:32.612	trend_dtrader XAUUSD,H1: Alert: Please check your internet connection
0	15:50:33.612	trend_dtrader XAUUSD,H1: Alert: Please check your internet connection
0	15:50:34.612	trend_dtrader XAUUSD,H1: Alert: Please check your internet connection
0	15:50:35.612	trend_dtrader XAUUSD,H1: Alert: Please check your internet connection
0	15:50:36.611	trend_dtrader XAUUSD,H1: Alert: Please check your internet connection
0	15:50:37.612	trend_dtrader XAUUSD,H1: Alert: Please check your internet connection
0	15:50:38.611	trend_dtrader XAUUSD,H1: Alert: Please check your internet connection
0	15:50:39.612	trend_dtrader XAUUSD,H1: Alert: Please check your internet connection
0	15:50:40.612	trend_dtrader XAUUSD,H1: Alert: Please check your internet connection
0	15:50:41.613	trend_dtrader XAUUSD,H1: Alert: Please check your internet connection
0	15:50:42.614	trend_dtrader XAUUSD,H1: Alert: Please check your internet connection
0	15:50:43.614	trend_dtrader XAUUSD,H1: Alert: Please check your internet connection
0	15:50:44.617	trend_dtrader XAUUSD,H1: Alert: Please check your internet connection
0	15:50:45.617	trend_dtrader XAUUSD,H1: Alert: Please check your internet connection
0	15:50:46.612	trend_dtrader XAUUSD,H1: Alert: Please check your internet connection
0	15:50:47.614	trend_dtrader XAUUSD,H1: Alert: Please check your internet connection
0	15:50:48.617	trend_dtrader XAUUSD,H1: Alert: Please check your internet connection
0	15:50:49.616	trend_dtrader XAUUSD,H1: Alert: Please check your internet connection
0	15:50:50.617	trend_dtrader XAUUSD,H1: Alert: Please check your internet connection
0	15:50:51.614	trend_dtrader XAUUSD,H1: Alert: Please check your internet connection
0	15:50:52.617	trend_dtrader XAUUSD,H1: Alert: Please check your internet connection
0	15:50:53.616	trend_dtrader XAUUSD,H1: Alert: Please check your internet connection
0	15:50:54.613	trend_dtrader XAUUSD,H1: Alert: Please check your internet connection
0	15:50:55.617	trend_dtrader XAUUSD,H1: Alert: Please check your internet connection
0	15:50:56.616	trend_dtrader XAUUSD,H1: Alert: Please check your internet connection
0	15:50:57.615	trend_dtrader XAUUSD,H1: Alert: Please check your internet connection
0	15:50:58.615	trend_dtrader XAUUSD,H1: Alert: Please check your internet connection
0	15:50:59.615	trend_dtrader XAUUSD,H1: Alert: Please check your internet connection
0	15:51:00.616	trend_dtrader XAUUSD,H1: Alert: Please check your internet connection
0	15:51:01.615	trend_dtrader XAUUSD,H1: Alert: Please check your internet connection
0	15:51:02.615	trend_dtrader XAUUSD,H1: Alert: Please check your internet connection
0	15:51:20.614	trend_dtrader XAUUSD,H1: Alert: Please check your internet connection
0	15:51:21.613	trend_dtrader XAUUSD,H1: Alert: Please check your internet connection
0	15:51:22.613	trend_dtrader XAUUSD,H1: Alert: Please check your internet connection
0	15:51:23.612	trend_dtrader XAUUSD,H1: Alert: Please check your internet connection
0	15:51:24.613	trend_dtrader XAUUSD,H1: Alert: Please check your internet connection
0	15:51:25.613	trend_dtrader XAUUSD,H1: Alert: Please check your internet connection
0	15:51:26.613	trend_dtrader XAUUSD,H1: Alert: Please check your internet connection
0	15:51:27.612	trend_dtrader XAUUSD,H1: Alert: Please check your internet connection
0	15:51:28.611	trend_dtrader XAUUSD,H1: Alert: Please check your internet connection
0	15:51:29.613	trend_dtrader XAUUSD,H1: Alert: Please check your internet connection
0	15:51:30.611	trend_dtrader XAUUSD,H1: Alert: Please check your internet connection
0	15:51:31.611	trend_dtrader XAUUSD,H1: Alert: Please check your internet connection
0	15:51:32.612	trend_dtrader XAUUSD,H1: Alert: Please check your internet connection
0	15:51:33.612	trend_dtrader XAUUSD,H1: Alert: Please check your internet connection
0	15:51:34.612	trend_dtrader XAUUSD,H1: Alert: Please check your internet connection
0	15:51:35.612	trend_dtrader XAUUSD,H1: Alert: Please check your internet connection
0	15:51:36.619	trend_dtrader XAUUSD,H1: Alert: Please check your internet connection
0	15:51:37.612	trend_dtrader XAUUSD,H1: Alert: Please check your internet connection
0	15:51:46.632	trend_dtrader XAUUSD,H1: Failed modifying USDMXN
0	15:51:47.615	trend_dtrader XAUUSD,H1: Failed modifying USDZAR
0	15:51:48.888	trend_dtrader XAUUSD,H1: Alert: Failed XAGUSD
0	15:51:48.888	trend_dtrader XAUUSD,H1: Failed modifying XAGUSD
0	15:51:49.621	trend_dtrader XAUUSD,H1: Failed modifying XAUUSD
0	15:51:50.612	trend_dtrader XAUUSD,H1: Failed modifying XBRUSD
0	15:51:51.617	trend_dtrader XAUUSD,H1: Failed modifying XNGUSD
0	15:51:52.629	trend_dtrader XAUUSD,H1: Failed modifying XRPUSD
0	15:51:53.618	trend_dtrader XAUUSD,H1: Failed modifying XTIUSD
0	15:51:55.640	trend_dtrader XAUUSD,H1: Failed modifying ADAUSD
0	15:51:56.619	trend_dtrader XAUUSD,H1: Failed modifying ALGOUSD
0	15:51:57.630	trend_dtrader XAUUSD,H1: Failed modifying APTUSD
0	15:51:58.637	trend_dtrader XAUUSD,H1: Failed modifying ARBUSD
0	15:51:59.621	trend_dtrader XAUUSD,H1: Failed modifying ATOMUSD
0	15:52:00.625	trend_dtrader XAUUSD,H1: Failed modifying AUDUSD
0	15:52:01.616	trend_dtrader XAUUSD,H1: Failed modifying AVAXUSD
0	15:52:02.617	trend_dtrader XAUUSD,H1: Failed modifying AXSUSD
0	15:52:03.616	trend_dtrader XAUUSD,H1: Failed modifying BCHUSD
0	15:52:04.617	trend_dtrader XAUUSD,H1: Failed modifying BNBUSD
0	15:52:05.623	trend_dtrader XAUUSD,H1: Failed modifying BTCUSD
0	15:52:06.616	trend_dtrader XAUUSD,H1: Failed modifying DASHUSD
0	15:52:07.616	trend_dtrader XAUUSD,H1: Failed modifying DOGEUSD
0	15:52:08.617	trend_dtrader XAUUSD,H1: Failed modifying DOTUSD
0	15:52:09.615	trend_dtrader XAUUSD,H1: Failed modifying ETCUSD
0	15:52:10.614	trend_dtrader XAUUSD,H1: Failed modifying ETHUSD
0	15:53:08.617	trend_dtrader XAUUSD,H1: Failed modifying LTCUSD
0	15:53:09.615	trend_dtrader XAUUSD,H1: Failed modifying MANAUSD
0	15:53:10.618	trend_dtrader XAUUSD,H1: Failed modifying MATICUSD
0	15:53:11.614	trend_dtrader XAUUSD,H1: Failed modifying NEARUSD
0	15:53:12.628	trend_dtrader XAUUSD,H1: Failed modifying NZDUSD
0	15:53:13.618	trend_dtrader XAUUSD,H1: Failed modifying SOLUSD
0	15:53:14.614	trend_dtrader XAUUSD,H1: Failed modifying SUIUSD
0	15:53:15.614	trend_dtrader XAUUSD,H1: Failed modifying TRXUSD
0	15:53:16.616	trend_dtrader XAUUSD,H1: Failed modifying UNIUSD
0	15:53:17.612	trend_dtrader XAUUSD,H1: Failed modifying USDCAD
0	15:53:18.613	trend_dtrader XAUUSD,H1: Failed modifying USDCHF
0	15:53:19.614	trend_dtrader XAUUSD,H1: Failed modifying USDJPY
0	15:53:20.614	trend_dtrader XAUUSD,H1: Failed modifying USDMXN
0	15:53:21.614	trend_dtrader XAUUSD,H1: Failed modifying USDZAR
0	15:53:22.613	trend_dtrader XAUUSD,H1: Failed modifying XAGUSD
0	15:53:23.618	trend_dtrader XAUUSD,H1: Failed modifying XAUUSD
0	15:53:24.613	trend_dtrader XAUUSD,H1: Failed modifying XBRUSD
0	15:53:25.630	trend_dtrader XAUUSD,H1: Failed modifying XNGUSD
0	15:53:26.621	trend_dtrader XAUUSD,H1: Failed modifying XRPUSD
0	15:53:27.613	trend_dtrader XAUUSD,H1: Failed modifying XTIUSD
0	15:53:28.619	trend_dtrader XAUUSD,H1: Failed modifying AAVEUSD
0	15:53:29.623	trend_dtrader XAUUSD,H1: Failed modifying ADAUSD
0	15:53:30.621	trend_dtrader XAUUSD,H1: Failed modifying ALGOUSD
0	15:53:31.623	trend_dtrader XAUUSD,H1: Failed modifying APTUSD
0	15:53:32.624	trend_dtrader XAUUSD,H1: Failed modifying ARBUSD
0	15:53:33.666	trend_dtrader XAUUSD,H1: Failed modifying ATOMUSD
0	15:53:34.619	trend_dtrader XAUUSD,H1: Failed modifying AUDUSD
0	15:53:35.617	trend_dtrader XAUUSD,H1: Failed modifying AVAXUSD
0	15:53:36.616	trend_dtrader XAUUSD,H1: Failed modifying AXSUSD
0	15:53:37.620	trend_dtrader XAUUSD,H1: Failed modifying BCHUSD
0	15:53:38.619	trend_dtrader XAUUSD,H1: Failed modifying BNBUSD
0	15:53:39.628	trend_dtrader XAUUSD,H1: Failed modifying BTCUSD
0	15:53:40.611	trend_dtrader XAUUSD,H1: Failed modifying DASHUSD
0	15:53:41.618	trend_dtrader XAUUSD,H1: Failed modifying DOGEUSD
0	15:53:42.619	trend_dtrader XAUUSD,H1: Failed modifying DOTUSD
0	15:53:43.618	trend_dtrader XAUUSD,H1: Failed modifying ETCUSD
0	15:53:44.612	trend_dtrader XAUUSD,H1: Failed modifying ETHUSD
0	15:53:45.617	trend_dtrader XAUUSD,H1: Failed modifying EURUSD
0	15:53:46.622	trend_dtrader XAUUSD,H1: Failed modifying FETUSD
0	15:53:47.615	trend_dtrader XAUUSD,H1: Failed modifying FILUSD
0	15:53:48.617	trend_dtrader XAUUSD,H1: Failed modifying FTMUSD
0	15:53:49.616	trend_dtrader XAUUSD,H1: Failed modifying GBPUSD
0	15:53:50.614	trend_dtrader XAUUSD,H1: Failed modifying GRTUSD
0	15:53:51.620	trend_dtrader XAUUSD,H1: Failed modifying ICPUSD
0	15:53:52.619	trend_dtrader XAUUSD,H1: Failed modifying IOTAUSD
0	15:53:53.618	trend_dtrader XAUUSD,H1: Failed modifying LINKUSD
0	15:53:54.618	trend_dtrader XAUUSD,H1: Failed modifying LRCUSD
0	15:53:55.683	trend_dtrader XAUUSD,H1: Failed modifying LTCUSD
0	15:53:56.615	trend_dtrader XAUUSD,H1: Failed modifying MANAUSD
0	15:53:57.621	trend_dtrader XAUUSD,H1: Failed modifying MATICUSD
0	15:53:58.626	trend_dtrader XAUUSD,H1: Failed modifying NEARUSD
0	15:53:59.615	trend_dtrader XAUUSD,H1: Failed modifying NZDUSD
0	15:54:00.616	trend_dtrader XAUUSD,H1: Failed modifying SOLUSD
0	15:54:01.614	trend_dtrader XAUUSD,H1: Failed modifying SUIUSD
0	15:54:02.679	trend_dtrader XAUUSD,H1: Failed modifying TRXUSD
0	15:54:03.675	trend_dtrader XAUUSD,H1: Failed modifying UNIUSD
0	15:54:04.686	trend_dtrader XAUUSD,H1: Failed modifying USDCAD
0	15:54:05.614	trend_dtrader XAUUSD,H1: Failed modifying USDCHF
0	15:54:06.610	trend_dtrader XAUUSD,H1: Failed modifying USDJPY
0	15:54:07.642	trend_dtrader XAUUSD,H1: Failed modifying USDMXN
0	15:54:08.615	trend_dtrader XAUUSD,H1: Failed modifying USDZAR
0	15:54:10.354	trend_dtrader XAUUSD,H1: Alert: Failed XAGUSD
0	15:54:10.354	trend_dtrader XAUUSD,H1: Failed modifying XAGUSD
0	15:54:10.616	trend_dtrader XAUUSD,H1: Failed modifying XAUUSD
0	15:54:11.624	trend_dtrader XAUUSD,H1: Failed modifying XBRUSD
0	15:54:12.611	trend_dtrader XAUUSD,H1: Failed modifying XNGUSD
0	15:54:13.614	trend_dtrader XAUUSD,H1: Failed modifying XRPUSD
0	15:54:14.618	trend_dtrader XAUUSD,H1: Failed modifying XTIUSD
0	15:54:15.622	trend_dtrader XAUUSD,H1: Failed modifying AAVEUSD
0	15:54:16.613	trend_dtrader XAUUSD,H1: Failed modifying ADAUSD
0	15:54:17.616	trend_dtrader XAUUSD,H1: Failed modifying ALGOUSD
0	15:54:18.617	trend_dtrader XAUUSD,H1: Failed modifying APTUSD
0	15:54:19.615	trend_dtrader XAUUSD,H1: Failed modifying ARBUSD
0	15:54:20.616	trend_dtrader XAUUSD,H1: Failed modifying ATOMUSD
0	15:54:21.612	trend_dtrader XAUUSD,H1: Failed modifying AUDUSD
0	15:54:22.617	trend_dtrader XAUUSD,H1: Failed modifying AVAXUSD
0	15:54:23.613	trend_dtrader XAUUSD,H1: Failed modifying AXSUSD
0	15:54:24.614	trend_dtrader XAUUSD,H1: Failed modifying BCHUSD
0	15:54:25.616	trend_dtrader XAUUSD,H1: Failed modifying BNBUSD
0	15:54:26.613	trend_dtrader XAUUSD,H1: Failed modifying BTCUSD
0	15:54:27.619	trend_dtrader XAUUSD,H1: Failed modifying DASHUSD
0	15:54:28.623	trend_dtrader XAUUSD,H1: Failed modifying DOGEUSD
0	15:54:29.815	trend_dtrader XAUUSD,H1: Failed modifying DOTUSD
0	15:54:30.619	trend_dtrader XAUUSD,H1: Failed modifying ETCUSD
0	15:54:31.619	trend_dtrader XAUUSD,H1: Failed modifying ETHUSD
0	15:54:32.618	trend_dtrader XAUUSD,H1: Failed modifying EURUSD
0	15:54:33.620	trend_dtrader XAUUSD,H1: Failed modifying FETUSD
0	15:54:34.617	trend_dtrader XAUUSD,H1: Failed modifying FILUSD
0	15:54:35.619	trend_dtrader XAUUSD,H1: Failed modifying FTMUSD
0	15:54:36.616	trend_dtrader XAUUSD,H1: Failed modifying GBPUSD
0	15:54:37.618	trend_dtrader XAUUSD,H1: Failed modifying GRTUSD
0	15:54:38.643	trend_dtrader XAUUSD,H1: Failed modifying ICPUSD
0	15:54:39.620	trend_dtrader XAUUSD,H1: Failed modifying IOTAUSD
0	15:54:40.620	trend_dtrader XAUUSD,H1: Failed modifying LINKUSD
0	15:54:41.676	trend_dtrader XAUUSD,H1: Failed modifying LRCUSD
0	15:54:42.618	trend_dtrader XAUUSD,H1: Failed modifying LTCUSD
0	15:54:43.615	trend_dtrader XAUUSD,H1: Failed modifying MANAUSD
0	15:54:44.618	trend_dtrader XAUUSD,H1: Failed modifying MATICUSD
0	15:54:45.621	trend_dtrader XAUUSD,H1: Failed modifying NEARUSD
0	15:54:46.786	trend_dtrader XAUUSD,H1: Failed modifying NZDUSD
0	15:54:47.617	trend_dtrader XAUUSD,H1: Failed modifying SOLUSD
0	15:54:48.615	trend_dtrader XAUUSD,H1: Failed modifying SUIUSD
0	15:54:49.616	trend_dtrader XAUUSD,H1: Failed modifying TRXUSD
0	15:54:50.617	trend_dtrader XAUUSD,H1: Failed modifying UNIUSD
0	15:54:51.615	trend_dtrader XAUUSD,H1: Failed modifying USDCAD
0	15:54:52.642	trend_dtrader XAUUSD,H1: Failed modifying USDCHF
0	15:54:53.615	trend_dtrader XAUUSD,H1: Failed modifying USDJPY
0	15:54:54.617	trend_dtrader XAUUSD,H1: Failed modifying USDMXN
0	15:54:55.669	trend_dtrader XAUUSD,H1: Failed modifying USDZAR
0	15:54:56.614	trend_dtrader XAUUSD,H1: Failed modifying XAGUSD
0	15:54:57.616	trend_dtrader XAUUSD,H1: Failed modifying XAUUSD
0	15:54:58.614	trend_dtrader XAUUSD,H1: Failed modifying XBRUSD
0	15:54:59.616	trend_dtrader XAUUSD,H1: Failed modifying XNGUSD
0	15:55:00.615	trend_dtrader XAUUSD,H1: Failed modifying XRPUSD
0	15:55:01.619	trend_dtrader XAUUSD,H1: Failed modifying XTIUSD
0	15:55:02.614	trend_dtrader XAUUSD,H1: Failed modifying AAVEUSD
0	15:55:03.615	trend_dtrader XAUUSD,H1: Failed modifying ADAUSD
0	15:55:04.619	trend_dtrader XAUUSD,H1: Failed modifying ALGOUSD
0	15:55:05.618	trend_dtrader XAUUSD,H1: Failed modifying APTUSD
0	15:55:06.619	trend_dtrader XAUUSD,H1: Failed modifying ARBUSD
0	15:55:07.615	trend_dtrader XAUUSD,H1: Failed modifying ATOMUSD
0	15:55:08.612	trend_dtrader XAUUSD,H1: Failed modifying AUDUSD
0	15:55:09.613	trend_dtrader XAUUSD,H1: Failed modifying AVAXUSD
0	15:55:10.614	trend_dtrader XAUUSD,H1: Failed modifying AXSUSD
0	15:55:11.612	trend_dtrader XAUUSD,H1: Failed modifying BCHUSD
0	15:55:12.614	trend_dtrader XAUUSD,H1: Failed modifying BNBUSD
0	15:55:13.612	trend_dtrader XAUUSD,H1: Failed modifying BTCUSD
0	15:55:14.614	trend_dtrader XAUUSD,H1: Failed modifying DASHUSD
0	15:55:15.614	trend_dtrader XAUUSD,H1: Failed modifying DOGEUSD
0	15:55:16.615	trend_dtrader XAUUSD,H1: Failed modifying DOTUSD
0	15:55:17.622	trend_dtrader XAUUSD,H1: Failed modifying ETCUSD
0	15:55:18.614	trend_dtrader XAUUSD,H1: Failed modifying ETHUSD
0	15:55:19.631	trend_dtrader XAUUSD,H1: Failed modifying EURUSD
0	15:55:20.618	trend_dtrader XAUUSD,H1: Failed modifying FETUSD
0	15:55:21.698	trend_dtrader XAUUSD,H1: Failed modifying FILUSD
0	15:55:22.618	trend_dtrader XAUUSD,H1: Failed modifying FTMUSD
0	15:55:23.621	trend_dtrader XAUUSD,H1: Failed modifying GBPUSD
0	15:55:24.614	trend_dtrader XAUUSD,H1: Failed modifying GRTUSD
0	15:55:25.622	trend_dtrader XAUUSD,H1: Failed modifying ICPUSD
0	15:55:26.626	trend_dtrader XAUUSD,H1: Failed modifying IOTAUSD
0	15:55:27.619	trend_dtrader XAUUSD,H1: Failed modifying LINKUSD
0	15:55:28.619	trend_dtrader XAUUSD,H1: Failed modifying LRCUSD
0	15:55:29.612	trend_dtrader XAUUSD,H1: Failed modifying LTCUSD
0	15:55:30.692	trend_dtrader XAUUSD,H1: Failed modifying MANAUSD
0	15:55:31.622	trend_dtrader XAUUSD,H1: Failed modifying MATICUSD
0	15:55:32.621	trend_dtrader XAUUSD,H1: Failed modifying NEARUSD
0	15:55:33.618	trend_dtrader XAUUSD,H1: Failed modifying NZDUSD
0	15:55:34.619	trend_dtrader XAUUSD,H1: Failed modifying SOLUSD
0	15:55:35.613	trend_dtrader XAUUSD,H1: Failed modifying SUIUSD
0	15:55:36.619	trend_dtrader XAUUSD,H1: Failed modifying TRXUSD
0	15:55:37.617	trend_dtrader XAUUSD,H1: Failed modifying UNIUSD
0	15:55:38.617	trend_dtrader XAUUSD,H1: Failed modifying USDCAD
0	15:55:39.660	trend_dtrader XAUUSD,H1: Failed modifying USDCHF
0	15:55:40.615	trend_dtrader XAUUSD,H1: Failed modifying USDJPY
0	15:55:41.617	trend_dtrader XAUUSD,H1: Failed modifying USDMXN
0	15:55:42.613	trend_dtrader XAUUSD,H1: Failed modifying USDZAR
0	15:55:43.617	trend_dtrader XAUUSD,H1: Failed modifying XAGUSD
0	15:55:44.619	trend_dtrader XAUUSD,H1: Failed modifying XAUUSD
0	15:55:45.615	trend_dtrader XAUUSD,H1: Failed modifying XBRUSD
0	15:55:46.617	trend_dtrader XAUUSD,H1: Failed modifying XNGUSD
0	15:55:47.613	trend_dtrader XAUUSD,H1: Failed modifying XRPUSD
0	15:55:48.617	trend_dtrader XAUUSD,H1: Failed modifying XTIUSD
0	15:55:49.635	trend_dtrader XAUUSD,H1: Failed modifying AAVEUSD
0	15:55:50.615	trend_dtrader XAUUSD,H1: Failed modifying ADAUSD
0	15:55:51.616	trend_dtrader XAUUSD,H1: Failed modifying ALGOUSD
0	15:55:52.617	trend_dtrader XAUUSD,H1: Failed modifying APTUSD
0	15:55:53.618	trend_dtrader XAUUSD,H1: Failed modifying ARBUSD
0	15:55:54.618	trend_dtrader XAUUSD,H1: Failed modifying ATOMUSD
0	15:55:55.615	trend_dtrader XAUUSD,H1: Failed modifying AUDUSD
0	15:55:56.619	trend_dtrader XAUUSD,H1: Failed modifying AVAXUSD
0	15:55:57.619	trend_dtrader XAUUSD,H1: Failed modifying AXSUSD
0	15:55:58.617	trend_dtrader XAUUSD,H1: Failed modifying BCHUSD
0	15:55:59.615	trend_dtrader XAUUSD,H1: Failed modifying BNBUSD
0	15:56:00.614	trend_dtrader XAUUSD,H1: Failed modifying BTCUSD
0	15:56:01.613	trend_dtrader XAUUSD,H1: Failed modifying DASHUSD
0	15:56:02.617	trend_dtrader XAUUSD,H1: Failed modifying DOGEUSD
0	15:56:03.618	trend_dtrader XAUUSD,H1: Failed modifying DOTUSD
0	15:56:04.614	trend_dtrader XAUUSD,H1: Failed modifying ETCUSD
0	15:56:05.614	trend_dtrader XAUUSD,H1: Failed modifying ETHUSD
0	15:56:06.617	trend_dtrader XAUUSD,H1: Failed modifying EURUSD
0	15:56:07.618	trend_dtrader XAUUSD,H1: Failed modifying FETUSD
0	15:56:08.612	trend_dtrader XAUUSD,H1: Failed modifying FILUSD
0	15:56:09.777	trend_dtrader XAUUSD,H1: Failed modifying FTMUSD
0	15:56:10.612	trend_dtrader XAUUSD,H1: Failed modifying GBPUSD
0	15:56:11.643	trend_dtrader XAUUSD,H1: Failed modifying GRTUSD
0	15:56:12.615	trend_dtrader XAUUSD,H1: Failed modifying ICPUSD
0	15:56:13.622	trend_dtrader XAUUSD,H1: Failed modifying IOTAUSD
0	15:56:14.626	trend_dtrader XAUUSD,H1: Failed modifying LINKUSD
0	15:56:15.615	trend_dtrader XAUUSD,H1: Failed modifying LRCUSD
0	15:56:16.620	trend_dtrader XAUUSD,H1: Failed modifying LTCUSD
0	15:56:17.613	trend_dtrader XAUUSD,H1: Failed modifying MANAUSD
0	15:56:18.651	trend_dtrader XAUUSD,H1: Failed modifying MATICUSD
0	15:56:19.624	trend_dtrader XAUUSD,H1: Failed modifying NEARUSD
0	15:56:20.614	trend_dtrader XAUUSD,H1: Failed modifying NZDUSD
0	15:56:21.617	trend_dtrader XAUUSD,H1: Failed modifying SOLUSD
0	15:56:22.617	trend_dtrader XAUUSD,H1: Failed modifying SUIUSD
0	15:56:23.650	trend_dtrader XAUUSD,H1: Failed modifying TRXUSD
0	15:56:24.648	trend_dtrader XAUUSD,H1: Failed modifying UNIUSD
0	15:56:25.617	trend_dtrader XAUUSD,H1: Failed modifying USDCAD
0	15:56:26.613	trend_dtrader XAUUSD,H1: Failed modifying USDCHF
0	15:56:27.617	trend_dtrader XAUUSD,H1: Failed modifying USDJPY
0	15:56:28.617	trend_dtrader XAUUSD,H1: Failed modifying USDMXN
0	15:56:29.617	trend_dtrader XAUUSD,H1: Failed modifying USDZAR
0	15:56:30.617	trend_dtrader XAUUSD,H1: Failed modifying XAGUSD
0	15:56:31.618	trend_dtrader XAUUSD,H1: Failed modifying XAUUSD
0	15:56:32.617	trend_dtrader XAUUSD,H1: Failed modifying XBRUSD
0	15:56:33.618	trend_dtrader XAUUSD,H1: Failed modifying XNGUSD
0	15:56:34.616	trend_dtrader XAUUSD,H1: Failed modifying XRPUSD
0	15:56:35.616	trend_dtrader XAUUSD,H1: Failed modifying XTIUSD
0	15:56:36.617	trend_dtrader XAUUSD,H1: Failed modifying AAVEUSD
0	15:56:37.617	trend_dtrader XAUUSD,H1: Failed modifying ADAUSD
0	15:56:38.617	trend_dtrader XAUUSD,H1: Failed modifying ALGOUSD
0	15:56:39.617	trend_dtrader XAUUSD,H1: Failed modifying APTUSD
0	15:56:40.617	trend_dtrader XAUUSD,H1: Failed modifying ARBUSD
0	15:56:41.612	trend_dtrader XAUUSD,H1: Failed modifying ATOMUSD
0	15:56:42.787	trend_dtrader XAUUSD,H1: Failed modifying AUDUSD
0	15:56:43.622	trend_dtrader XAUUSD,H1: Failed modifying AVAXUSD
0	15:56:44.614	trend_dtrader XAUUSD,H1: Failed modifying AXSUSD
0	15:56:45.616	trend_dtrader XAUUSD,H1: Failed modifying BCHUSD
0	15:56:46.613	trend_dtrader XAUUSD,H1: Failed modifying BNBUSD
0	15:56:47.614	trend_dtrader XAUUSD,H1: Failed modifying BTCUSD
0	15:56:48.615	trend_dtrader XAUUSD,H1: Failed modifying DASHUSD
0	15:56:49.615	trend_dtrader XAUUSD,H1: Failed modifying DOGEUSD
0	15:56:50.619	trend_dtrader XAUUSD,H1: Failed modifying DOTUSD
0	15:56:51.614	trend_dtrader XAUUSD,H1: Failed modifying ETCUSD
0	15:56:52.614	trend_dtrader XAUUSD,H1: Failed modifying ETHUSD
0	15:56:53.619	trend_dtrader XAUUSD,H1: Failed modifying EURUSD
0	15:56:54.616	trend_dtrader XAUUSD,H1: Failed modifying FETUSD
0	15:56:55.613	trend_dtrader XAUUSD,H1: Failed modifying FILUSD
0	15:56:56.616	trend_dtrader XAUUSD,H1: Failed modifying FTMUSD
0	15:56:57.616	trend_dtrader XAUUSD,H1: Failed modifying GBPUSD
0	15:56:58.614	trend_dtrader XAUUSD,H1: Failed modifying GRTUSD
0	15:56:59.615	trend_dtrader XAUUSD,H1: Failed modifying ICPUSD
0	15:57:00.616	trend_dtrader XAUUSD,H1: Failed modifying IOTAUSD
0	15:57:01.616	trend_dtrader XAUUSD,H1: Failed modifying LINKUSD
0	15:57:02.686	trend_dtrader XAUUSD,H1: Failed modifying LRCUSD
0	15:57:03.652	trend_dtrader XAUUSD,H1: Failed modifying LTCUSD
0	15:57:04.613	trend_dtrader XAUUSD,H1: Failed modifying MANAUSD
0	15:57:05.611	trend_dtrader XAUUSD,H1: Failed modifying MATICUSD
0	15:57:06.620	trend_dtrader XAUUSD,H1: Failed modifying NEARUSD
0	15:57:07.613	trend_dtrader XAUUSD,H1: Failed modifying NZDUSD
0	15:57:08.621	trend_dtrader XAUUSD,H1: Failed modifying SOLUSD
0	15:57:09.619	trend_dtrader XAUUSD,H1: Failed modifying SUIUSD
0	15:57:10.619	trend_dtrader XAUUSD,H1: Failed modifying TRXUSD
0	15:57:11.618	trend_dtrader XAUUSD,H1: Failed modifying UNIUSD
0	15:57:12.651	trend_dtrader XAUUSD,H1: Failed modifying USDCAD
0	15:57:13.612	trend_dtrader XAUUSD,H1: Failed modifying USDCHF
0	15:57:14.618	trend_dtrader XAUUSD,H1: Failed modifying USDJPY
0	15:57:15.613	trend_dtrader XAUUSD,H1: Failed modifying USDMXN
0	15:57:16.619	trend_dtrader XAUUSD,H1: Failed modifying USDZAR
0	15:57:17.620	trend_dtrader XAUUSD,H1: Failed modifying XAGUSD
0	15:57:18.616	trend_dtrader XAUUSD,H1: Failed modifying XAUUSD
0	15:57:19.620	trend_dtrader XAUUSD,H1: Failed modifying XBRUSD
0	15:57:20.646	trend_dtrader XAUUSD,H1: Failed modifying XNGUSD
0	15:57:21.614	trend_dtrader XAUUSD,H1: Failed modifying XRPUSD
0	15:57:22.621	trend_dtrader XAUUSD,H1: Failed modifying XTIUSD
0	15:57:23.619	trend_dtrader XAUUSD,H1: Failed modifying AAVEUSD
0	15:57:24.616	trend_dtrader XAUUSD,H1: Failed modifying ADAUSD
0	15:57:25.618	trend_dtrader XAUUSD,H1: Failed modifying ALGOUSD
0	15:57:26.617	trend_dtrader XAUUSD,H1: Failed modifying APTUSD
0	15:57:27.618	trend_dtrader XAUUSD,H1: Failed modifying ARBUSD
0	15:57:28.617	trend_dtrader XAUUSD,H1: Failed modifying ATOMUSD
0	15:57:29.641	trend_dtrader XAUUSD,H1: Failed modifying AUDUSD
0	15:57:30.619	trend_dtrader XAUUSD,H1: Failed modifying AVAXUSD
0	15:57:31.618	trend_dtrader XAUUSD,H1: Failed modifying AXSUSD
0	15:57:32.689	trend_dtrader XAUUSD,H1: Failed modifying BCHUSD
0	15:57:33.617	trend_dtrader XAUUSD,H1: Failed modifying BNBUSD
0	15:57:34.613	trend_dtrader XAUUSD,H1: Failed modifying BTCUSD
0	15:57:35.614	trend_dtrader XAUUSD,H1: Failed modifying DASHUSD
0	15:57:36.617	trend_dtrader XAUUSD,H1: Failed modifying DOGEUSD
0	15:57:37.649	trend_dtrader XAUUSD,H1: Failed modifying DOTUSD
0	15:57:38.639	trend_dtrader XAUUSD,H1: Failed modifying ETCUSD
0	15:57:39.639	trend_dtrader XAUUSD,H1: Failed modifying ETHUSD
0	15:57:40.726	trend_dtrader XAUUSD,H1: Failed modifying EURUSD
0	15:57:41.617	trend_dtrader XAUUSD,H1: Failed modifying FETUSD
0	15:57:42.614	trend_dtrader XAUUSD,H1: Failed modifying FILUSD
0	15:57:43.618	trend_dtrader XAUUSD,H1: Failed modifying FTMUSD
0	15:57:44.615	trend_dtrader XAUUSD,H1: Failed modifying GBPUSD
0	15:58:52.023	trend_dtrader XAUUSD,H1: Alert: Failed XAGUSD
0	15:59:02.630	trend_dtrader XAUUSD,H1: Failed modifying ATOMUSD
0	15:59:10.634	trend_dtrader XAUUSD,H1: Failed modifying DOGEUSD
0	15:59:11.618	trend_dtrader XAUUSD,H1: Failed modifying DOTUSD
0	15:59:12.613	trend_dtrader XAUUSD,H1: Failed modifying ETCUSD
0	15:59:14.622	trend_dtrader XAUUSD,H1: Failed modifying EURUSD
0	15:59:15.616	trend_dtrader XAUUSD,H1: Failed modifying FETUSD
0	15:59:16.613	trend_dtrader XAUUSD,H1: Failed modifying FILUSD
0	15:59:17.618	trend_dtrader XAUUSD,H1: Failed modifying FTMUSD
0	15:59:18.616	trend_dtrader XAUUSD,H1: Failed modifying GBPUSD
0	15:59:19.614	trend_dtrader XAUUSD,H1: Failed modifying GRTUSD
0	15:59:49.614	trend_dtrader XAUUSD,H1: Failed modifying ATOMUSD
0	15:59:50.614	trend_dtrader XAUUSD,H1: Failed modifying AUDUSD
0	15:59:51.614	trend_dtrader XAUUSD,H1: Failed modifying AVAXUSD
0	15:59:52.621	trend_dtrader XAUUSD,H1: Failed modifying AXSUSD
0	15:59:53.616	trend_dtrader XAUUSD,H1: Failed modifying BCHUSD
0	15:59:54.620	trend_dtrader XAUUSD,H1: Failed modifying BNBUSD
0	15:59:55.619	trend_dtrader XAUUSD,H1: Failed modifying BTCUSD
0	15:59:56.616	trend_dtrader XAUUSD,H1: Failed modifying DASHUSD
0	15:59:57.621	trend_dtrader XAUUSD,H1: Failed modifying DOGEUSD
0	15:59:58.615	trend_dtrader XAUUSD,H1: Failed modifying DOTUSD
0	15:59:59.617	trend_dtrader XAUUSD,H1: Failed modifying ETCUSD
0	16:00:00.616	trend_dtrader XAUUSD,H1: Failed modifying ETCUSD
0	16:00:01.645	trend_dtrader XAUUSD,H1: Failed modifying ETCUSD
0	16:00:02.615	trend_dtrader XAUUSD,H1: Failed modifying ETCUSD
0	16:00:03.616	trend_dtrader XAUUSD,H1: Failed modifying ETCUSD
0	16:00:04.616	trend_dtrader XAUUSD,H1: Failed modifying ETCUSD
0	16:00:05.616	trend_dtrader XAUUSD,H1: Failed modifying ETCUSD
0	16:00:06.615	trend_dtrader XAUUSD,H1: Failed modifying ETCUSD
0	16:00:07.634	trend_dtrader XAUUSD,H1: Failed modifying ETCUSD
0	16:00:08.616	trend_dtrader XAUUSD,H1: Failed modifying ETCUSD
0	16:00:11.634	trend_dtrader XAUUSD,H1: Failed modifying ETCUSD
0	16:00:12.621	trend_dtrader XAUUSD,H1: Failed modifying ETCUSD
0	16:00:13.615	trend_dtrader XAUUSD,H1: Failed modifying ETCUSD
0	16:00:14.614	trend_dtrader XAUUSD,H1: Failed modifying ETCUSD
0	16:00:15.629	trend_dtrader XAUUSD,H1: Failed modifying ETCUSD
0	16:00:16.631	trend_dtrader XAUUSD,H1: Failed modifying ETCUSD
0	16:00:17.651	trend_dtrader XAUUSD,H1: Failed modifying ETCUSD
0	16:00:18.614	trend_dtrader XAUUSD,H1: Failed modifying ETCUSD
0	16:00:19.612	trend_dtrader XAUUSD,H1: Failed modifying ETCUSD
0	16:00:20.614	trend_dtrader XAUUSD,H1: Failed modifying ETCUSD
0	16:00:21.614	trend_dtrader XAUUSD,H1: Failed modifying ETCUSD
0	16:00:22.614	trend_dtrader XAUUSD,H1: Failed modifying ETCUSD
0	16:00:23.613	trend_dtrader XAUUSD,H1: Failed modifying ETCUSD
0	16:00:24.653	trend_dtrader XAUUSD,H1: Failed modifying ETCUSD
0	16:00:25.611	trend_dtrader XAUUSD,H1: Failed modifying ETCUSD
0	16:00:26.613	trend_dtrader XAUUSD,H1: Failed modifying ETCUSD
0	16:00:27.612	trend_dtrader XAUUSD,H1: Failed modifying ETCUSD
0	16:00:28.611	trend_dtrader XAUUSD,H1: Failed modifying ETCUSD
0	16:00:29.611	trend_dtrader XAUUSD,H1: Failed modifying ETCUSD
0	16:00:30.612	trend_dtrader XAUUSD,H1: Failed modifying ETCUSD
0	16:00:31.612	trend_dtrader XAUUSD,H1: Failed modifying ETCUSD
0	16:00:32.613	trend_dtrader XAUUSD,H1: Failed modifying ETCUSD
0	16:00:33.613	trend_dtrader XAUUSD,H1: Failed modifying ETCUSD
0	16:00:34.612	trend_dtrader XAUUSD,H1: Failed modifying ETCUSD
0	16:00:35.612	trend_dtrader XAUUSD,H1: Failed modifying ETCUSD
0	16:00:36.680	trend_dtrader XAUUSD,H1: Failed modifying ETCUSD
0	16:00:37.611	trend_dtrader XAUUSD,H1: Failed modifying ETCUSD
0	16:00:38.617	trend_dtrader XAUUSD,H1: Failed modifying ETCUSD
0	16:00:39.612	trend_dtrader XAUUSD,H1: Failed modifying ETCUSD
0	16:00:40.612	trend_dtrader XAUUSD,H1: Failed modifying ETCUSD
0	16:00:41.610	trend_dtrader XAUUSD,H1: Failed modifying ETCUSD
0	16:00:42.611	trend_dtrader XAUUSD,H1: Failed modifying ETCUSD
0	16:00:43.611	trend_dtrader XAUUSD,H1: Failed modifying ETCUSD
0	16:00:44.611	trend_dtrader XAUUSD,H1: Failed modifying ETCUSD
0	16:00:45.610	trend_dtrader XAUUSD,H1: Failed modifying ETCUSD
0	16:00:46.610	trend_dtrader XAUUSD,H1: Failed modifying ETCUSD
0	16:00:47.613	trend_dtrader XAUUSD,H1: Failed modifying ETCUSD
0	16:00:48.611	trend_dtrader XAUUSD,H1: Failed modifying ETCUSD
0	16:00:49.617	trend_dtrader XAUUSD,H1: Failed modifying ETCUSD
0	16:00:50.624	trend_dtrader XAUUSD,H1: Failed modifying ETCUSD
0	16:00:51.619	trend_dtrader XAUUSD,H1: Failed modifying ETCUSD
0	16:00:52.617	trend_dtrader XAUUSD,H1: Failed modifying ETCUSD
0	16:00:53.626	trend_dtrader XAUUSD,H1: Failed modifying ETCUSD
0	16:00:54.615	trend_dtrader XAUUSD,H1: Failed modifying ETCUSD
0	16:00:55.616	trend_dtrader XAUUSD,H1: Failed modifying ETCUSD
0	16:00:56.616	trend_dtrader XAUUSD,H1: Failed modifying ETCUSD
0	16:00:57.629	trend_dtrader XAUUSD,H1: Failed modifying ETCUSD
0	16:00:58.618	trend_dtrader XAUUSD,H1: Failed modifying ETCUSD
0	16:00:59.645	trend_dtrader XAUUSD,H1: Failed modifying ETCUSD
0	16:01:00.640	trend_dtrader XAUUSD,H1: Failed modifying ETCUSD
0	16:01:01.641	trend_dtrader XAUUSD,H1: Failed modifying ETCUSD
0	16:01:02.615	trend_dtrader XAUUSD,H1: Failed modifying ETCUSD
0	16:01:03.614	trend_dtrader XAUUSD,H1: Failed modifying ETCUSD
0	16:01:04.637	trend_dtrader XAUUSD,H1: Failed modifying ETCUSD
0	16:01:05.615	trend_dtrader XAUUSD,H1: Failed modifying ETCUSD
0	16:01:06.615	trend_dtrader XAUUSD,H1: Failed modifying ETCUSD
0	16:01:07.615	trend_dtrader XAUUSD,H1: Failed modifying ETCUSD
0	16:01:08.615	trend_dtrader XAUUSD,H1: Failed modifying ETCUSD
0	16:01:09.614	trend_dtrader XAUUSD,H1: Failed modifying ETCUSD
0	16:01:10.614	trend_dtrader XAUUSD,H1: Failed modifying ETCUSD
0	16:01:11.615	trend_dtrader XAUUSD,H1: Failed modifying ETCUSD
0	16:01:12.615	trend_dtrader XAUUSD,H1: Failed modifying ETCUSD
0	16:01:13.614	trend_dtrader XAUUSD,H1: Failed modifying ETCUSD
0	16:01:14.615	trend_dtrader XAUUSD,H1: Failed modifying ETCUSD
0	16:01:15.614	trend_dtrader XAUUSD,H1: Failed modifying ETCUSD
0	16:01:16.613	trend_dtrader XAUUSD,H1: Failed modifying ETCUSD
0	16:01:17.613	trend_dtrader XAUUSD,H1: Failed modifying ETCUSD
0	16:01:18.634	trend_dtrader XAUUSD,H1: Failed modifying ETCUSD
0	16:01:19.613	trend_dtrader XAUUSD,H1: Failed modifying ETCUSD
0	16:01:20.613	trend_dtrader XAUUSD,H1: Failed modifying ETCUSD
0	16:01:21.613	trend_dtrader XAUUSD,H1: Failed modifying ETCUSD
0	16:01:22.613	trend_dtrader XAUUSD,H1: Failed modifying ETCUSD
0	16:01:23.612	trend_dtrader XAUUSD,H1: Failed modifying ETCUSD
0	16:01:24.612	trend_dtrader XAUUSD,H1: Failed modifying ETCUSD
0	16:01:25.612	trend_dtrader XAUUSD,H1: Failed modifying ETCUSD
0	16:01:26.613	trend_dtrader XAUUSD,H1: Failed modifying ETCUSD
0	16:01:27.611	trend_dtrader XAUUSD,H1: Failed modifying ETCUSD
0	16:01:28.612	trend_dtrader XAUUSD,H1: Failed modifying ETCUSD
0	16:01:29.612	trend_dtrader XAUUSD,H1: Failed modifying ETCUSD
0	16:01:30.611	trend_dtrader XAUUSD,H1: Failed modifying ETCUSD
0	16:01:31.611	trend_dtrader XAUUSD,H1: Failed modifying ETCUSD
0	16:01:32.612	trend_dtrader XAUUSD,H1: Failed modifying ETCUSD
0	16:01:33.611	trend_dtrader XAUUSD,H1: Failed modifying ETCUSD
0	16:01:34.611	trend_dtrader XAUUSD,H1: Failed modifying ETCUSD
0	16:01:35.612	trend_dtrader XAUUSD,H1: Failed modifying ETCUSD
0	16:01:36.612	trend_dtrader XAUUSD,H1: Failed modifying ETCUSD
0	16:01:37.611	trend_dtrader XAUUSD,H1: Failed modifying ETCUSD
0	16:01:38.627	trend_dtrader XAUUSD,H1: Failed modifying ETCUSD
0	16:01:39.610	trend_dtrader XAUUSD,H1: Failed modifying ETCUSD
0	16:01:40.611	trend_dtrader XAUUSD,H1: Failed modifying ETCUSD
0	16:01:41.610	trend_dtrader XAUUSD,H1: Failed modifying ETCUSD
0	16:01:42.617	trend_dtrader XAUUSD,H1: Failed modifying ETCUSD
0	16:01:43.616	trend_dtrader XAUUSD,H1: Failed modifying ETCUSD
0	16:01:44.617	trend_dtrader XAUUSD,H1: Failed modifying ETCUSD
0	16:01:45.618	trend_dtrader XAUUSD,H1: Failed modifying ETCUSD
0	16:01:46.629	trend_dtrader XAUUSD,H1: Failed modifying ETCUSD
0	16:01:47.612	trend_dtrader XAUUSD,H1: Failed modifying ETCUSD
0	16:01:48.617	trend_dtrader XAUUSD,H1: Failed modifying ETCUSD
0	16:01:49.610	trend_dtrader XAUUSD,H1: Failed modifying ETCUSD
0	16:01:50.616	trend_dtrader XAUUSD,H1: Failed modifying ETCUSD
0	16:01:51.612	trend_dtrader XAUUSD,H1: Failed modifying ETCUSD
0	16:01:52.615	trend_dtrader XAUUSD,H1: Failed modifying ETCUSD
0	16:01:53.611	trend_dtrader XAUUSD,H1: Failed modifying ETCUSD
0	16:01:54.666	trend_dtrader XAUUSD,H1: Failed modifying ETCUSD
0	16:01:55.616	trend_dtrader XAUUSD,H1: Failed modifying ETCUSD
0	16:01:56.653	trend_dtrader XAUUSD,H1: Failed modifying ETCUSD
0	16:01:57.615	trend_dtrader XAUUSD,H1: Failed modifying ETCUSD
0	16:01:58.613	trend_dtrader XAUUSD,H1: Failed modifying ETCUSD
0	16:01:59.612	trend_dtrader XAUUSD,H1: Failed modifying ETCUSD
0	16:02:00.615	trend_dtrader XAUUSD,H1: Failed modifying ETCUSD
0	16:02:01.611	trend_dtrader XAUUSD,H1: Failed modifying ETCUSD
0	16:02:02.670	trend_dtrader XAUUSD,H1: Failed modifying ETCUSD
0	16:02:03.614	trend_dtrader XAUUSD,H1: Failed modifying ETCUSD
0	16:02:04.619	trend_dtrader XAUUSD,H1: Failed modifying ETCUSD
0	16:02:05.614	trend_dtrader XAUUSD,H1: Failed modifying ETCUSD
0	16:02:06.614	trend_dtrader XAUUSD,H1: Failed modifying ETCUSD
0	16:02:07.615	trend_dtrader XAUUSD,H1: Failed modifying ETCUSD
0	16:02:08.614	trend_dtrader XAUUSD,H1: Failed modifying ETCUSD
0	16:02:09.614	trend_dtrader XAUUSD,H1: Failed modifying ETCUSD
0	16:02:10.623	trend_dtrader XAUUSD,H1: Failed modifying ETCUSD
0	16:02:11.614	trend_dtrader XAUUSD,H1: Failed modifying ETCUSD
0	16:02:12.613	trend_dtrader XAUUSD,H1: Failed modifying ETCUSD
0	16:02:13.612	trend_dtrader XAUUSD,H1: Failed modifying ETCUSD
0	16:02:14.636	trend_dtrader XAUUSD,H1: Failed modifying ETCUSD
0	16:02:15.613	trend_dtrader XAUUSD,H1: Failed modifying ETCUSD
0	16:02:16.638	trend_dtrader XAUUSD,H1: Failed modifying ETCUSD
0	16:02:17.613	trend_dtrader XAUUSD,H1: Failed modifying ETCUSD
0	16:02:18.685	trend_dtrader XAUUSD,H1: Failed modifying ETCUSD
0	16:02:19.622	trend_dtrader XAUUSD,H1: Failed modifying ETCUSD
0	16:02:20.613	trend_dtrader XAUUSD,H1: Failed modifying ETCUSD
0	16:02:21.611	trend_dtrader XAUUSD,H1: Failed modifying ETCUSD
0	16:02:22.613	trend_dtrader XAUUSD,H1: Failed modifying ETCUSD
0	16:02:23.611	trend_dtrader XAUUSD,H1: Failed modifying ETCUSD
0	16:02:24.611	trend_dtrader XAUUSD,H1: Failed modifying ETCUSD
0	16:02:25.612	trend_dtrader XAUUSD,H1: Failed modifying ETCUSD
0	16:02:26.612	trend_dtrader XAUUSD,H1: Failed modifying ETCUSD
0	16:02:27.613	trend_dtrader XAUUSD,H1: Failed modifying ETCUSD
0	16:02:28.612	trend_dtrader XAUUSD,H1: Failed modifying ETCUSD
0	16:02:29.616	trend_dtrader XAUUSD,H1: Failed modifying ETCUSD
0	16:02:30.611	trend_dtrader XAUUSD,H1: Failed modifying ETCUSD
0	16:02:31.611	trend_dtrader XAUUSD,H1: Failed modifying ETCUSD
0	16:02:32.655	trend_dtrader XAUUSD,H1: Failed modifying ETCUSD
0	16:02:33.610	trend_dtrader XAUUSD,H1: Failed modifying ETCUSD
0	16:02:34.617	trend_dtrader XAUUSD,H1: Failed modifying ETCUSD
0	16:02:35.614	trend_dtrader XAUUSD,H1: Failed modifying ETCUSD
0	16:02:36.610	trend_dtrader XAUUSD,H1: Failed modifying ETCUSD
0	16:02:37.611	trend_dtrader XAUUSD,H1: Failed modifying ETCUSD
0	16:02:38.615	trend_dtrader XAUUSD,H1: Failed modifying ETCUSD
0	16:02:39.612	trend_dtrader XAUUSD,H1: Failed modifying ETCUSD
0	16:02:40.632	trend_dtrader XAUUSD,H1: Failed modifying ETCUSD
0	16:02:41.612	trend_dtrader XAUUSD,H1: Failed modifying ETCUSD
0	16:02:42.616	trend_dtrader XAUUSD,H1: Failed modifying ETCUSD
0	16:02:43.616	trend_dtrader XAUUSD,H1: Failed modifying ETCUSD
0	16:02:44.672	trend_dtrader XAUUSD,H1: Failed modifying ETCUSD
0	16:02:45.617	trend_dtrader XAUUSD,H1: Failed modifying ETCUSD
0	16:02:46.645	trend_dtrader XAUUSD,H1: Failed modifying ETCUSD
0	16:02:47.610	trend_dtrader XAUUSD,H1: Failed modifying ETCUSD
0	16:02:48.615	trend_dtrader XAUUSD,H1: Failed modifying ETCUSD
0	16:02:49.626	trend_dtrader XAUUSD,H1: Failed modifying ETCUSD
0	16:02:50.623	trend_dtrader XAUUSD,H1: Failed modifying ETCUSD
0	16:02:51.612	trend_dtrader XAUUSD,H1: Failed modifying ETCUSD
0	16:02:52.615	trend_dtrader XAUUSD,H1: Failed modifying ETCUSD
0	16:02:53.615	trend_dtrader XAUUSD,H1: Failed modifying ETCUSD
0	16:02:54.614	trend_dtrader XAUUSD,H1: Failed modifying ETCUSD
0	16:02:55.611	trend_dtrader XAUUSD,H1: Failed modifying ETCUSD
0	16:02:56.614	trend_dtrader XAUUSD,H1: Failed modifying ETCUSD
0	16:02:57.646	trend_dtrader XAUUSD,H1: Failed modifying ETCUSD
0	16:02:58.614	trend_dtrader XAUUSD,H1: Failed modifying ETCUSD
0	16:02:59.616	trend_dtrader XAUUSD,H1: Failed modifying ETCUSD
0	16:03:00.614	trend_dtrader XAUUSD,H1: Failed modifying ETCUSD
0	16:03:01.613	trend_dtrader XAUUSD,H1: Failed modifying ETCUSD
0	16:03:02.629	trend_dtrader XAUUSD,H1: Failed modifying ETCUSD
0	16:03:03.614	trend_dtrader XAUUSD,H1: Failed modifying ETCUSD
0	16:03:04.613	trend_dtrader XAUUSD,H1: Failed modifying ETCUSD
0	16:03:05.614	trend_dtrader XAUUSD,H1: Failed modifying ETCUSD
0	16:03:06.613	trend_dtrader XAUUSD,H1: Failed modifying ETCUSD
0	16:03:07.613	trend_dtrader XAUUSD,H1: Failed modifying ETCUSD
0	16:03:08.614	trend_dtrader XAUUSD,H1: Failed modifying ETCUSD
0	16:03:09.613	trend_dtrader XAUUSD,H1: Failed modifying ETCUSD
0	16:03:10.613	trend_dtrader XAUUSD,H1: Failed modifying ETCUSD
0	16:03:11.615	trend_dtrader XAUUSD,H1: Failed modifying ETCUSD
0	16:03:12.612	trend_dtrader XAUUSD,H1: Failed modifying ETCUSD
0	16:03:13.612	trend_dtrader XAUUSD,H1: Failed modifying ETCUSD
0	16:03:14.615	trend_dtrader XAUUSD,H1: Failed modifying ETCUSD
0	16:03:15.612	trend_dtrader XAUUSD,H1: Failed modifying ETCUSD
0	16:03:16.612	trend_dtrader XAUUSD,H1: Failed modifying ETCUSD
0	16:03:17.613	trend_dtrader XAUUSD,H1: Failed modifying ETCUSD
0	16:03:18.618	trend_dtrader XAUUSD,H1: Failed modifying ETCUSD
0	16:03:19.612	trend_dtrader XAUUSD,H1: Failed modifying ETCUSD
0	16:03:20.612	trend_dtrader XAUUSD,H1: Failed modifying ETCUSD
0	16:03:21.611	trend_dtrader XAUUSD,H1: Failed modifying ETCUSD
0	16:03:22.612	trend_dtrader XAUUSD,H1: Failed modifying ETCUSD
0	16:03:23.612	trend_dtrader XAUUSD,H1: Failed modifying ETCUSD
0	16:03:24.611	trend_dtrader XAUUSD,H1: Failed modifying ETCUSD
0	16:03:25.611	trend_dtrader XAUUSD,H1: Failed modifying ETCUSD
0	16:03:26.611	trend_dtrader XAUUSD,H1: Failed modifying ETCUSD
0	16:03:27.632	trend_dtrader XAUUSD,H1: Failed modifying ETCUSD
0	16:03:28.626	trend_dtrader XAUUSD,H1: Failed modifying ETCUSD
0	16:03:29.610	trend_dtrader XAUUSD,H1: Failed modifying ETCUSD
0	16:03:30.618	trend_dtrader XAUUSD,H1: Failed modifying ETCUSD
0	16:03:31.617	trend_dtrader XAUUSD,H1: Failed modifying ETCUSD
0	16:03:32.612	trend_dtrader XAUUSD,H1: Failed modifying ETCUSD
0	16:03:33.616	trend_dtrader XAUUSD,H1: Failed modifying ETCUSD
0	16:03:34.617	trend_dtrader XAUUSD,H1: Failed modifying ETCUSD
0	16:03:35.617	trend_dtrader XAUUSD,H1: Failed modifying ETCUSD
0	16:03:36.615	trend_dtrader XAUUSD,H1: Failed modifying ETCUSD
0	16:03:37.613	trend_dtrader XAUUSD,H1: Failed modifying ETCUSD
0	16:03:38.613	trend_dtrader XAUUSD,H1: Failed modifying ETCUSD
0	16:03:39.611	trend_dtrader XAUUSD,H1: Failed modifying ETCUSD
0	16:03:40.616	trend_dtrader XAUUSD,H1: Failed modifying ETCUSD
0	16:03:41.786	trend_dtrader XAUUSD,H1: Failed modifying ETCUSD
0	16:03:42.628	trend_dtrader XAUUSD,H1: Failed modifying ETCUSD
0	16:03:43.616	trend_dtrader XAUUSD,H1: Failed modifying ETCUSD
0	16:03:44.613	trend_dtrader XAUUSD,H1: Failed modifying ETCUSD
0	16:03:45.613	trend_dtrader XAUUSD,H1: Failed modifying ETCUSD
0	16:03:46.615	trend_dtrader XAUUSD,H1: Failed modifying ETCUSD
0	16:03:47.615	trend_dtrader XAUUSD,H1: Failed modifying ETCUSD
0	16:03:48.688	trend_dtrader XAUUSD,H1: Failed modifying ETCUSD
0	16:03:49.615	trend_dtrader XAUUSD,H1: Failed modifying ETCUSD
0	16:03:50.616	trend_dtrader XAUUSD,H1: Failed modifying ETCUSD
0	16:03:51.624	trend_dtrader XAUUSD,H1: Failed modifying ETCUSD
0	16:03:52.615	trend_dtrader XAUUSD,H1: Failed modifying ETCUSD
0	16:03:53.639	trend_dtrader XAUUSD,H1: Failed modifying ETCUSD
0	16:03:54.626	trend_dtrader XAUUSD,H1: Failed modifying ETCUSD
0	16:03:55.613	trend_dtrader XAUUSD,H1: Failed modifying ETCUSD
0	16:03:56.612	trend_dtrader XAUUSD,H1: Failed modifying ETCUSD
0	16:03:57.614	trend_dtrader XAUUSD,H1: Failed modifying ETCUSD
0	16:03:58.613	trend_dtrader XAUUSD,H1: Failed modifying ETCUSD
0	16:03:59.614	trend_dtrader XAUUSD,H1: Failed modifying ETCUSD
0	16:04:00.632	trend_dtrader XAUUSD,H1: Failed modifying ETCUSD
0	16:04:01.614	trend_dtrader XAUUSD,H1: Failed modifying ETCUSD
0	16:04:02.614	trend_dtrader XAUUSD,H1: Failed modifying ETCUSD
0	16:04:03.623	trend_dtrader XAUUSD,H1: Failed modifying ETCUSD
0	16:04:04.611	trend_dtrader XAUUSD,H1: Failed modifying ETCUSD
0	16:04:05.613	trend_dtrader XAUUSD,H1: Failed modifying ETCUSD
0	16:04:06.612	trend_dtrader XAUUSD,H1: Failed modifying ETCUSD
0	16:04:07.614	trend_dtrader XAUUSD,H1: Failed modifying ETCUSD
0	16:04:08.656	trend_dtrader XAUUSD,H1: Failed modifying ETCUSD
0	16:04:09.614	trend_dtrader XAUUSD,H1: Failed modifying ETCUSD
0	16:04:10.613	trend_dtrader XAUUSD,H1: Failed modifying ETCUSD
0	16:04:11.613	trend_dtrader XAUUSD,H1: Failed modifying ETCUSD
0	16:04:12.613	trend_dtrader XAUUSD,H1: Failed modifying ETCUSD
0	16:04:13.612	trend_dtrader XAUUSD,H1: Failed modifying ETCUSD
0	16:04:14.618	trend_dtrader XAUUSD,H1: Failed modifying ETCUSD
0	16:04:15.657	trend_dtrader XAUUSD,H1: Failed modifying ETCUSD
0	16:04:16.612	trend_dtrader XAUUSD,H1: Failed modifying ETCUSD
0	16:04:17.611	trend_dtrader XAUUSD,H1: Failed modifying ETCUSD
0	16:04:18.611	trend_dtrader XAUUSD,H1: Failed modifying ETCUSD
0	16:04:19.612	trend_dtrader XAUUSD,H1: Failed modifying ETCUSD
0	16:04:20.613	trend_dtrader XAUUSD,H1: Failed modifying ETCUSD
0	16:04:21.612	trend_dtrader XAUUSD,H1: Failed modifying ETCUSD
0	16:04:22.626	trend_dtrader XAUUSD,H1: Failed modifying ETCUSD
0	16:04:23.617	trend_dtrader XAUUSD,H1: Failed modifying ETCUSD
0	16:04:24.616	trend_dtrader XAUUSD,H1: Failed modifying ETCUSD
0	16:04:25.612	trend_dtrader XAUUSD,H1: Failed modifying ETCUSD
0	16:04:26.610	trend_dtrader XAUUSD,H1: Failed modifying ETCUSD
0	16:04:27.617	trend_dtrader XAUUSD,H1: Failed modifying ETCUSD
0	16:04:28.617	trend_dtrader XAUUSD,H1: Failed modifying ETCUSD
0	16:04:29.643	trend_dtrader XAUUSD,H1: Failed modifying ETCUSD
0	16:04:30.616	trend_dtrader XAUUSD,H1: Failed modifying ETCUSD
0	16:04:31.615	trend_dtrader XAUUSD,H1: Failed modifying ETCUSD
0	16:04:32.611	trend_dtrader XAUUSD,H1: Failed modifying ETCUSD
0	16:04:33.616	trend_dtrader XAUUSD,H1: Failed modifying ETCUSD
0	16:04:34.656	trend_dtrader XAUUSD,H1: Failed modifying ETCUSD
0	16:04:35.616	trend_dtrader XAUUSD,H1: Failed modifying ETCUSD
0	16:04:36.614	trend_dtrader XAUUSD,H1: Failed modifying ETCUSD
0	16:04:37.611	trend_dtrader XAUUSD,H1: Failed modifying ETCUSD
0	16:04:38.641	trend_dtrader XAUUSD,H1: Failed modifying ETCUSD
0	16:04:39.616	trend_dtrader XAUUSD,H1: Failed modifying ETCUSD
0	16:04:40.616	trend_dtrader XAUUSD,H1: Failed modifying ETCUSD
0	16:04:41.615	trend_dtrader XAUUSD,H1: Failed modifying ETCUSD
0	16:04:42.611	trend_dtrader XAUUSD,H1: Failed modifying ETCUSD
0	16:04:43.615	trend_dtrader XAUUSD,H1: Failed modifying ETCUSD
0	16:04:44.615	trend_dtrader XAUUSD,H1: Failed modifying ETCUSD
0	16:04:45.612	trend_dtrader XAUUSD,H1: Failed modifying ETCUSD
0	16:04:46.642	trend_dtrader XAUUSD,H1: Failed modifying ETCUSD
0	16:04:47.615	trend_dtrader XAUUSD,H1: Failed modifying ETCUSD
0	16:04:48.614	trend_dtrader XAUUSD,H1: Failed modifying ETCUSD
0	16:04:49.628	trend_dtrader XAUUSD,H1: Failed modifying ETCUSD
0	16:04:50.614	trend_dtrader XAUUSD,H1: Failed modifying ETCUSD
0	16:04:51.614	trend_dtrader XAUUSD,H1: Failed modifying ETCUSD
0	16:04:52.625	trend_dtrader XAUUSD,H1: Failed modifying ETCUSD
0	16:04:53.613	trend_dtrader XAUUSD,H1: Failed modifying ETCUSD
0	16:04:54.614	trend_dtrader XAUUSD,H1: Failed modifying ETCUSD
0	16:04:55.614	trend_dtrader XAUUSD,H1: Failed modifying ETCUSD
0	16:04:56.613	trend_dtrader XAUUSD,H1: Failed modifying ETCUSD
0	16:04:57.613	trend_dtrader XAUUSD,H1: Failed modifying ETCUSD
0	16:04:58.613	trend_dtrader XAUUSD,H1: Failed modifying ETCUSD
0	16:04:59.614	trend_dtrader XAUUSD,H1: Failed modifying ETCUSD
0	16:05:00.612	trend_dtrader XAUUSD,H1: Failed modifying ETCUSD
0	16:05:01.702	trend_dtrader XAUUSD,H1: Failed modifying ETCUSD
0	16:05:02.613	trend_dtrader XAUUSD,H1: Failed modifying ETCUSD
0	16:05:03.613	trend_dtrader XAUUSD,H1: Failed modifying ETCUSD
0	16:05:04.611	trend_dtrader XAUUSD,H1: Failed modifying ETCUSD
0	16:05:05.612	trend_dtrader XAUUSD,H1: Failed modifying ETCUSD
0	16:05:06.612	trend_dtrader XAUUSD,H1: Failed modifying ETCUSD
0	16:05:07.612	trend_dtrader XAUUSD,H1: Failed modifying ETCUSD
0	16:05:08.611	trend_dtrader XAUUSD,H1: Failed modifying ETCUSD
0	16:05:09.612	trend_dtrader XAUUSD,H1: Failed modifying ETCUSD
0	16:05:10.611	trend_dtrader XAUUSD,H1: Failed modifying ETCUSD
0	16:05:11.612	trend_dtrader XAUUSD,H1: Failed modifying ETCUSD
0	16:05:12.659	trend_dtrader XAUUSD,H1: Failed modifying ETCUSD
0	16:05:13.612	trend_dtrader XAUUSD,H1: Failed modifying ETCUSD
0	16:05:14.610	trend_dtrader XAUUSD,H1: Failed modifying ETCUSD
0	16:05:15.611	trend_dtrader XAUUSD,H1: Failed modifying ETCUSD
0	16:05:16.610	trend_dtrader XAUUSD,H1: Failed modifying ETCUSD
0	16:05:17.610	trend_dtrader XAUUSD,H1: Failed modifying ETCUSD
0	16:05:18.613	trend_dtrader XAUUSD,H1: Failed modifying ETCUSD
0	16:05:19.610	trend_dtrader XAUUSD,H1: Failed modifying ETCUSD
0	16:05:20.616	trend_dtrader XAUUSD,H1: Failed modifying ETCUSD
0	16:05:21.617	trend_dtrader XAUUSD,H1: Failed modifying ETCUSD
0	16:05:22.618	trend_dtrader XAUUSD,H1: Failed modifying ETCUSD
0	16:05:23.616	trend_dtrader XAUUSD,H1: Failed modifying ETCUSD
0	16:05:24.648	trend_dtrader XAUUSD,H1: Failed modifying ETCUSD
0	16:05:25.617	trend_dtrader XAUUSD,H1: Failed modifying ETCUSD
0	16:05:26.613	trend_dtrader XAUUSD,H1: Failed modifying ETCUSD
0	16:05:27.611	trend_dtrader XAUUSD,H1: Failed modifying ETCUSD
0	16:05:28.615	trend_dtrader XAUUSD,H1: Failed modifying ETCUSD
0	16:05:29.610	trend_dtrader XAUUSD,H1: Failed modifying ETCUSD
0	16:05:30.617	trend_dtrader XAUUSD,H1: Failed modifying ETCUSD
0	16:05:31.615	trend_dtrader XAUUSD,H1: Failed modifying ETCUSD
0	16:05:32.613	trend_dtrader XAUUSD,H1: Failed modifying ETCUSD
0	16:05:33.659	trend_dtrader XAUUSD,H1: Failed modifying ETCUSD
0	16:05:34.616	trend_dtrader XAUUSD,H1: Failed modifying ETCUSD
0	16:05:35.612	trend_dtrader XAUUSD,H1: Failed modifying ETCUSD
0	16:05:36.615	trend_dtrader XAUUSD,H1: Failed modifying ETCUSD
0	16:05:37.616	trend_dtrader XAUUSD,H1: Failed modifying ETCUSD
0	16:05:38.612	trend_dtrader XAUUSD,H1: Failed modifying ETCUSD
0	16:05:39.614	trend_dtrader XAUUSD,H1: Failed modifying ETCUSD
0	16:05:40.614	trend_dtrader XAUUSD,H1: Failed modifying ETCUSD
0	16:05:41.614	trend_dtrader XAUUSD,H1: Failed modifying ETCUSD
0	16:05:42.614	trend_dtrader XAUUSD,H1: Failed modifying ETCUSD
0	16:05:43.615	trend_dtrader XAUUSD,H1: Failed modifying ETCUSD
0	16:05:44.615	trend_dtrader XAUUSD,H1: Failed modifying ETCUSD
0	16:05:45.613	trend_dtrader XAUUSD,H1: Failed modifying ETCUSD
0	16:05:46.610	trend_dtrader XAUUSD,H1: Failed modifying ETCUSD
0	16:05:47.611	trend_dtrader XAUUSD,H1: Failed modifying ETCUSD
0	16:05:48.614	trend_dtrader XAUUSD,H1: Failed modifying ETCUSD
0	16:05:49.614	trend_dtrader XAUUSD,H1: Failed modifying ETCUSD
0	16:05:50.613	trend_dtrader XAUUSD,H1: Failed modifying ETCUSD
0	16:05:51.614	trend_dtrader XAUUSD,H1: Failed modifying ETCUSD
0	16:05:52.613	trend_dtrader XAUUSD,H1: Failed modifying ETCUSD
0	16:05:53.613	trend_dtrader XAUUSD,H1: Failed modifying ETCUSD
0	16:05:54.612	trend_dtrader XAUUSD,H1: Failed modifying ETCUSD
0	16:05:55.613	trend_dtrader XAUUSD,H1: Failed modifying ETCUSD
0	16:05:56.613	trend_dtrader XAUUSD,H1: Failed modifying ETCUSD
0	16:05:57.613	trend_dtrader XAUUSD,H1: Failed modifying ETCUSD
0	16:05:58.611	trend_dtrader XAUUSD,H1: Failed modifying ETCUSD
0	16:05:59.680	trend_dtrader XAUUSD,H1: Failed modifying ETCUSD
0	16:06:00.612	trend_dtrader XAUUSD,H1: Failed modifying ETCUSD
0	16:06:01.612	trend_dtrader XAUUSD,H1: Failed modifying ETCUSD
0	16:06:02.612	trend_dtrader XAUUSD,H1: Failed modifying ETCUSD
0	16:06:03.611	trend_dtrader XAUUSD,H1: Failed modifying ETCUSD
0	16:06:04.612	trend_dtrader XAUUSD,H1: Failed modifying ETCUSD
0	16:06:05.611	trend_dtrader XAUUSD,H1: Failed modifying ETCUSD
0	16:06:06.611	trend_dtrader XAUUSD,H1: Failed modifying ETCUSD
0	16:06:07.636	trend_dtrader XAUUSD,H1: Failed modifying ETCUSD
0	16:06:08.611	trend_dtrader XAUUSD,H1: Failed modifying ETCUSD
0	16:06:09.611	trend_dtrader XAUUSD,H1: Failed modifying ETCUSD
0	16:06:10.619	trend_dtrader XAUUSD,H1: Failed modifying ETCUSD
0	16:06:11.611	trend_dtrader XAUUSD,H1: Failed modifying ETCUSD
0	16:06:12.610	trend_dtrader XAUUSD,H1: Failed modifying ETCUSD
0	16:06:13.618	trend_dtrader XAUUSD,H1: Failed modifying ETCUSD
0	16:06:14.613	trend_dtrader XAUUSD,H1: Failed modifying ETCUSD
0	16:06:15.617	trend_dtrader XAUUSD,H1: Failed modifying ETCUSD
0	16:06:16.617	trend_dtrader XAUUSD,H1: Failed modifying ETCUSD
0	16:06:17.612	trend_dtrader XAUUSD,H1: Failed modifying ETCUSD
0	16:06:18.617	trend_dtrader XAUUSD,H1: Failed modifying ETCUSD
0	16:06:19.617	trend_dtrader XAUUSD,H1: Failed modifying ETCUSD
0	16:06:20.612	trend_dtrader XAUUSD,H1: Failed modifying ETCUSD
0	16:06:21.611	trend_dtrader XAUUSD,H1: Failed modifying ETCUSD
0	16:06:22.617	trend_dtrader XAUUSD,H1: Failed modifying ETCUSD
0	16:06:23.615	trend_dtrader XAUUSD,H1: Failed modifying ETCUSD
0	16:06:24.611	trend_dtrader XAUUSD,H1: Failed modifying ETCUSD
0	16:06:25.615	trend_dtrader XAUUSD,H1: Failed modifying ETCUSD
0	16:06:26.616	trend_dtrader XAUUSD,H1: Failed modifying ETCUSD
0	16:06:27.612	trend_dtrader XAUUSD,H1: Failed modifying ETCUSD
0	16:06:28.615	trend_dtrader XAUUSD,H1: Failed modifying ETCUSD
0	16:06:29.615	trend_dtrader XAUUSD,H1: Failed modifying ETCUSD
0	16:06:30.615	trend_dtrader XAUUSD,H1: Failed modifying ETCUSD
0	16:06:31.615	trend_dtrader XAUUSD,H1: Failed modifying ETCUSD
0	16:06:32.642	trend_dtrader XAUUSD,H1: Failed modifying ETCUSD
0	16:06:33.615	trend_dtrader XAUUSD,H1: Failed modifying ETCUSD
0	16:06:34.612	trend_dtrader XAUUSD,H1: Failed modifying ETCUSD
0	16:06:35.610	trend_dtrader XAUUSD,H1: Failed modifying ETCUSD
0	16:06:36.643	trend_dtrader XAUUSD,H1: Failed modifying ETCUSD
0	16:06:37.615	trend_dtrader XAUUSD,H1: Failed modifying ETCUSD
0	16:06:38.612	trend_dtrader XAUUSD,H1: Failed modifying ETCUSD
0	16:06:39.660	trend_dtrader XAUUSD,H1: Failed modifying ETCUSD
0	16:06:40.611	trend_dtrader XAUUSD,H1: Failed modifying ETCUSD
0	16:06:41.613	trend_dtrader XAUUSD,H1: Failed modifying ETCUSD
0	16:06:42.612	trend_dtrader XAUUSD,H1: Failed modifying ETCUSD
0	16:06:43.610	trend_dtrader XAUUSD,H1: Failed modifying ETCUSD
0	16:06:44.613	trend_dtrader XAUUSD,H1: Failed modifying ETCUSD
0	16:06:45.611	trend_dtrader XAUUSD,H1: Failed modifying ETCUSD
0	16:06:46.613	trend_dtrader XAUUSD,H1: Failed modifying ETCUSD
0	16:06:47.643	trend_dtrader XAUUSD,H1: Failed modifying ETCUSD
0	16:06:48.615	trend_dtrader XAUUSD,H1: Failed modifying ETCUSD
0	16:06:49.716	trend_dtrader XAUUSD,H1: Failed modifying ETCUSD
0	16:06:50.612	trend_dtrader XAUUSD,H1: Failed modifying ETCUSD
0	16:06:51.612	trend_dtrader XAUUSD,H1: Failed modifying ETCUSD
0	16:06:52.612	trend_dtrader XAUUSD,H1: Failed modifying ETCUSD
0	16:06:53.612	trend_dtrader XAUUSD,H1: Failed modifying ETCUSD
0	16:06:54.643	trend_dtrader XAUUSD,H1: Failed modifying ETCUSD
0	16:06:55.611	trend_dtrader XAUUSD,H1: Failed modifying ETCUSD
0	16:06:56.612	trend_dtrader XAUUSD,H1: Failed modifying ETCUSD
0	16:06:57.612	trend_dtrader XAUUSD,H1: Failed modifying ETCUSD
0	16:06:58.611	trend_dtrader XAUUSD,H1: Failed modifying ETCUSD
0	16:06:59.611	trend_dtrader XAUUSD,H1: Failed modifying ETCUSD
0	16:07:00.612	trend_dtrader XAUUSD,H1: Failed modifying ETCUSD
0	16:07:01.611	trend_dtrader XAUUSD,H1: Failed modifying ETCUSD
0	16:07:02.611	trend_dtrader XAUUSD,H1: Failed modifying ETCUSD
0	16:07:03.611	trend_dtrader XAUUSD,H1: Failed modifying ETCUSD
0	16:07:04.611	trend_dtrader XAUUSD,H1: Failed modifying ETCUSD
0	16:07:05.611	trend_dtrader XAUUSD,H1: Failed modifying ETCUSD
0	16:07:06.614	trend_dtrader XAUUSD,H1: Failed modifying ETCUSD
0	16:07:07.610	trend_dtrader XAUUSD,H1: Failed modifying ETCUSD
0	16:07:08.610	trend_dtrader XAUUSD,H1: Failed modifying ETCUSD
0	16:07:09.611	trend_dtrader XAUUSD,H1: Failed modifying ETCUSD
0	16:07:10.629	trend_dtrader XAUUSD,H1: Failed modifying ETCUSD
0	16:07:11.618	trend_dtrader XAUUSD,H1: Failed modifying ETCUSD
0	16:07:12.612	trend_dtrader XAUUSD,H1: Failed modifying ETCUSD
0	16:07:13.615	trend_dtrader XAUUSD,H1: Failed modifying ETCUSD
0	16:07:14.616	trend_dtrader XAUUSD,H1: Failed modifying ETCUSD
0	16:07:15.616	trend_dtrader XAUUSD,H1: Failed modifying ETCUSD
0	16:07:16.613	trend_dtrader XAUUSD,H1: Failed modifying ETCUSD
0	16:07:17.623	trend_dtrader XAUUSD,H1: Failed modifying ETCUSD
0	16:07:18.616	trend_dtrader XAUUSD,H1: Failed modifying ETCUSD
0	16:07:19.634	trend_dtrader XAUUSD,H1: Failed modifying ETCUSD
0	16:07:20.616	trend_dtrader XAUUSD,H1: Failed modifying ETCUSD
0	16:07:21.616	trend_dtrader XAUUSD,H1: Failed modifying ETCUSD
0	16:07:22.612	trend_dtrader XAUUSD,H1: Failed modifying ETCUSD
0	16:07:23.616	trend_dtrader XAUUSD,H1: Failed modifying ETCUSD
0	16:07:24.612	trend_dtrader XAUUSD,H1: Failed modifying ETCUSD
0	16:07:25.616	trend_dtrader XAUUSD,H1: Failed modifying ETCUSD
0	16:07:26.613	trend_dtrader XAUUSD,H1: Failed modifying ETCUSD
0	16:07:27.615	trend_dtrader XAUUSD,H1: Failed modifying ETCUSD
0	16:07:28.615	trend_dtrader XAUUSD,H1: Failed modifying ETCUSD
0	16:07:29.615	trend_dtrader XAUUSD,H1: Failed modifying ETCUSD
0	16:07:30.611	trend_dtrader XAUUSD,H1: Failed modifying ETCUSD
0	16:07:31.615	trend_dtrader XAUUSD,H1: Failed modifying ETCUSD
0	16:07:32.615	trend_dtrader XAUUSD,H1: Failed modifying ETCUSD
0	16:07:33.615	trend_dtrader XAUUSD,H1: Failed modifying ETCUSD
0	16:07:34.614	trend_dtrader XAUUSD,H1: Failed modifying ETCUSD
0	16:07:35.611	trend_dtrader XAUUSD,H1: Failed modifying ETCUSD
0	16:07:36.614	trend_dtrader XAUUSD,H1: Failed modifying ETCUSD
0	16:07:37.631	trend_dtrader XAUUSD,H1: Failed modifying ETCUSD
0	16:07:38.613	trend_dtrader XAUUSD,H1: Failed modifying ETCUSD
0	16:07:39.614	trend_dtrader XAUUSD,H1: Failed modifying ETCUSD
0	16:07:40.612	trend_dtrader XAUUSD,H1: Failed modifying ETCUSD
0	16:07:41.657	trend_dtrader XAUUSD,H1: Failed modifying ETCUSD
0	16:07:42.613	trend_dtrader XAUUSD,H1: Failed modifying ETCUSD
0	16:07:43.612	trend_dtrader XAUUSD,H1: Failed modifying ETCUSD
0	16:07:44.614	trend_dtrader XAUUSD,H1: Failed modifying ETCUSD
0	16:07:45.611	trend_dtrader XAUUSD,H1: Failed modifying ETCUSD
0	16:07:46.613	trend_dtrader XAUUSD,H1: Failed modifying ETCUSD
0	16:07:47.612	trend_dtrader XAUUSD,H1: Failed modifying ETCUSD
0	16:07:48.614	trend_dtrader XAUUSD,H1: Failed modifying ETCUSD
0	16:07:49.612	trend_dtrader XAUUSD,H1: Failed modifying ETCUSD
0	16:07:50.613	trend_dtrader XAUUSD,H1: Failed modifying ETCUSD
0	16:07:51.612	trend_dtrader XAUUSD,H1: Failed modifying ETCUSD
0	16:07:52.613	trend_dtrader XAUUSD,H1: Failed modifying ETCUSD
0	16:07:53.612	trend_dtrader XAUUSD,H1: Failed modifying ETCUSD
0	16:07:54.611	trend_dtrader XAUUSD,H1: Failed modifying ETCUSD
0	16:07:55.631	trend_dtrader XAUUSD,H1: Failed modifying ETCUSD
0	16:07:56.611	trend_dtrader XAUUSD,H1: Failed modifying ETCUSD
0	16:07:57.611	trend_dtrader XAUUSD,H1: Failed modifying ETCUSD
0	16:07:58.611	trend_dtrader XAUUSD,H1: Failed modifying ETCUSD
0	16:07:59.611	trend_dtrader XAUUSD,H1: Failed modifying ETCUSD
0	16:08:00.611	trend_dtrader XAUUSD,H1: Failed modifying ETCUSD
0	16:08:01.654	trend_dtrader XAUUSD,H1: Failed modifying ETCUSD
0	16:08:02.616	trend_dtrader XAUUSD,H1: Failed modifying ETCUSD
0	16:08:03.611	trend_dtrader XAUUSD,H1: Failed modifying ETCUSD
0	16:08:04.617	trend_dtrader XAUUSD,H1: Failed modifying ETCUSD
0	16:08:05.610	trend_dtrader XAUUSD,H1: Failed modifying ETCUSD
0	16:08:06.610	trend_dtrader XAUUSD,H1: Failed modifying ETCUSD
0	16:08:07.612	trend_dtrader XAUUSD,H1: Failed modifying ETCUSD
0	16:08:08.617	trend_dtrader XAUUSD,H1: Failed modifying ETCUSD
0	16:08:09.614	trend_dtrader XAUUSD,H1: Failed modifying ETCUSD
0	16:08:10.611	trend_dtrader XAUUSD,H1: Failed modifying ETCUSD
0	16:08:11.617	trend_dtrader XAUUSD,H1: Failed modifying ETCUSD
0	16:08:12.616	trend_dtrader XAUUSD,H1: Failed modifying ETCUSD
0	16:08:13.611	trend_dtrader XAUUSD,H1: Failed modifying ETCUSD
0	16:08:14.616	trend_dtrader XAUUSD,H1: Failed modifying ETCUSD
0	16:08:15.674	trend_dtrader XAUUSD,H1: Failed modifying ETCUSD
0	16:08:16.610	trend_dtrader XAUUSD,H1: Failed modifying ETCUSD
0	16:08:17.627	trend_dtrader XAUUSD,H1: Failed modifying ETCUSD
0	16:08:18.612	trend_dtrader XAUUSD,H1: Failed modifying ETCUSD
0	16:08:19.616	trend_dtrader XAUUSD,H1: Failed modifying ETCUSD
0	16:08:20.611	trend_dtrader XAUUSD,H1: Failed modifying ETCUSD
0	16:08:21.615	trend_dtrader XAUUSD,H1: Failed modifying ETCUSD
0	16:08:22.616	trend_dtrader XAUUSD,H1: Failed modifying ETCUSD
0	16:08:23.615	trend_dtrader XAUUSD,H1: Failed modifying ETCUSD
0	16:08:24.611	trend_dtrader XAUUSD,H1: Failed modifying ETCUSD
0	16:08:25.721	trend_dtrader XAUUSD,H1: Failed modifying ETCUSD
0	16:08:26.614	trend_dtrader XAUUSD,H1: Failed modifying ETCUSD
0	16:08:27.613	trend_dtrader XAUUSD,H1: Failed modifying ETCUSD
0	16:08:28.615	trend_dtrader XAUUSD,H1: Failed modifying ETCUSD
0	16:08:29.614	trend_dtrader XAUUSD,H1: Failed modifying ETCUSD
0	16:08:30.612	trend_dtrader XAUUSD,H1: Failed modifying ETCUSD
0	16:08:31.614	trend_dtrader XAUUSD,H1: Failed modifying ETCUSD
0	16:08:32.613	trend_dtrader XAUUSD,H1: Failed modifying ETCUSD
0	16:08:33.670	trend_dtrader XAUUSD,H1: Failed modifying ETCUSD
0	16:08:34.611	trend_dtrader XAUUSD,H1: Failed modifying ETCUSD
0	16:08:35.612	trend_dtrader XAUUSD,H1: Failed modifying ETCUSD
0	16:08:36.614	trend_dtrader XAUUSD,H1: Failed modifying ETCUSD
0	16:08:37.613	trend_dtrader XAUUSD,H1: Failed modifying ETCUSD
0	16:08:38.613	trend_dtrader XAUUSD,H1: Failed modifying ETCUSD
0	16:08:39.626	trend_dtrader XAUUSD,H1: Failed modifying ETCUSD
0	16:08:40.613	trend_dtrader XAUUSD,H1: Failed modifying ETCUSD
0	16:08:41.613	trend_dtrader XAUUSD,H1: Failed modifying ETCUSD
0	16:08:42.613	trend_dtrader XAUUSD,H1: Failed modifying ETCUSD
0	16:08:43.612	trend_dtrader XAUUSD,H1: Failed modifying ETCUSD
0	16:08:44.612	trend_dtrader XAUUSD,H1: Failed modifying ETCUSD
0	16:08:45.647	trend_dtrader XAUUSD,H1: Failed modifying ETCUSD
0	16:08:46.611	trend_dtrader XAUUSD,H1: Failed modifying ETCUSD
0	16:08:47.613	trend_dtrader XAUUSD,H1: Failed modifying ETCUSD
0	16:08:48.612	trend_dtrader XAUUSD,H1: Failed modifying ETCUSD
0	16:08:49.612	trend_dtrader XAUUSD,H1: Failed modifying ETCUSD
0	16:08:50.612	trend_dtrader XAUUSD,H1: Failed modifying ETCUSD
0	16:08:51.611	trend_dtrader XAUUSD,H1: Failed modifying ETCUSD
0	16:08:52.612	trend_dtrader XAUUSD,H1: Failed modifying ETCUSD
0	16:08:53.612	trend_dtrader XAUUSD,H1: Failed modifying ETCUSD
0	16:08:54.611	trend_dtrader XAUUSD,H1: Failed modifying ETCUSD
0	16:08:55.613	trend_dtrader XAUUSD,H1: Failed modifying ETCUSD
0	16:08:56.612	trend_dtrader XAUUSD,H1: Failed modifying ETCUSD
0	16:08:57.615	trend_dtrader XAUUSD,H1: Failed modifying ETCUSD
0	16:08:58.612	trend_dtrader XAUUSD,H1: Failed modifying ETCUSD
0	16:08:59.611	trend_dtrader XAUUSD,H1: Failed modifying ETCUSD
0	16:09:00.615	trend_dtrader XAUUSD,H1: Failed modifying ETCUSD
0	16:09:01.611	trend_dtrader XAUUSD,H1: Failed modifying ETCUSD
0	16:09:02.616	trend_dtrader XAUUSD,H1: Failed modifying ETCUSD
0	16:09:03.610	trend_dtrader XAUUSD,H1: Failed modifying ETCUSD
0	16:09:04.616	trend_dtrader XAUUSD,H1: Failed modifying ETCUSD
0	16:09:05.613	trend_dtrader XAUUSD,H1: Failed modifying ETCUSD
0	16:09:06.611	trend_dtrader XAUUSD,H1: Failed modifying ETCUSD
0	16:09:07.617	trend_dtrader XAUUSD,H1: Failed modifying ETCUSD
0	16:09:08.616	trend_dtrader XAUUSD,H1: Failed modifying ETCUSD
0	16:09:09.613	trend_dtrader XAUUSD,H1: Failed modifying ETCUSD
0	16:09:10.612	trend_dtrader XAUUSD,H1: Failed modifying ETCUSD
0	16:09:11.617	trend_dtrader XAUUSD,H1: Failed modifying ETCUSD
0	16:09:12.615	trend_dtrader XAUUSD,H1: Failed modifying ETCUSD
0	16:09:13.615	trend_dtrader XAUUSD,H1: Failed modifying ETCUSD
0	16:09:14.628	trend_dtrader XAUUSD,H1: Failed modifying ETCUSD
0	16:09:15.612	trend_dtrader XAUUSD,H1: Failed modifying ETCUSD
0	16:09:16.615	trend_dtrader XAUUSD,H1: Failed modifying ETCUSD
0	16:09:17.616	trend_dtrader XAUUSD,H1: Failed modifying ETCUSD
0	16:09:18.612	trend_dtrader XAUUSD,H1: Failed modifying ETCUSD
0	16:10:41.612	trend_dtrader XAUUSD,H1: Failed modifying ETCUSD
0	16:10:42.611	trend_dtrader XAUUSD,H1: Failed modifying ETCUSD
0	16:10:43.611	trend_dtrader XAUUSD,H1: Failed modifying ETCUSD
0	16:10:44.611	trend_dtrader XAUUSD,H1: Failed modifying ETCUSD
0	16:10:45.610	trend_dtrader XAUUSD,H1: Failed modifying ETCUSD
0	16:10:46.613	trend_dtrader XAUUSD,H1: Failed modifying ETCUSD
0	16:10:47.612	trend_dtrader XAUUSD,H1: Failed modifying ETCUSD
0	16:10:48.617	trend_dtrader XAUUSD,H1: Failed modifying ETCUSD
0	16:10:49.610	trend_dtrader XAUUSD,H1: Failed modifying ETCUSD
0	16:10:50.615	trend_dtrader XAUUSD,H1: Failed modifying ETCUSD
0	16:10:51.666	trend_dtrader XAUUSD,H1: Failed modifying ETCUSD
0	16:10:52.610	trend_dtrader XAUUSD,H1: Failed modifying ETCUSD
0	16:10:53.618	trend_dtrader XAUUSD,H1: Failed modifying ETCUSD
0	16:10:54.616	trend_dtrader XAUUSD,H1: Failed modifying ETCUSD
0	16:10:55.613	trend_dtrader XAUUSD,H1: Failed modifying ETCUSD
0	16:10:56.617	trend_dtrader XAUUSD,H1: Failed modifying ETCUSD
0	16:10:57.616	trend_dtrader XAUUSD,H1: Failed modifying ETCUSD
0	16:10:58.616	trend_dtrader XAUUSD,H1: Failed modifying ETCUSD
0	16:10:59.613	trend_dtrader XAUUSD,H1: Failed modifying ETCUSD
0	16:11:00.612	trend_dtrader XAUUSD,H1: Failed modifying ETCUSD
0	16:11:01.615	trend_dtrader XAUUSD,H1: Failed modifying ETCUSD
0	16:11:02.615	trend_dtrader XAUUSD,H1: Failed modifying ETCUSD
0	16:11:03.611	trend_dtrader XAUUSD,H1: Failed modifying ETCUSD
0	16:11:04.614	trend_dtrader XAUUSD,H1: Failed modifying ETCUSD
0	16:11:05.616	trend_dtrader XAUUSD,H1: Failed modifying ETCUSD
0	16:11:06.612	trend_dtrader XAUUSD,H1: Failed modifying ETCUSD
0	16:11:07.612	trend_dtrader XAUUSD,H1: Failed modifying ETCUSD
0	16:11:08.615	trend_dtrader XAUUSD,H1: Failed modifying ETCUSD
0	16:11:09.613	trend_dtrader XAUUSD,H1: Failed modifying ETCUSD
0	16:11:10.614	trend_dtrader XAUUSD,H1: Failed modifying ETCUSD
0	16:11:11.611	trend_dtrader XAUUSD,H1: Failed modifying ETCUSD
0	16:11:12.614	trend_dtrader XAUUSD,H1: Failed modifying ETCUSD
0	16:11:13.663	trend_dtrader XAUUSD,H1: Failed modifying ETCUSD
0	16:11:14.614	trend_dtrader XAUUSD,H1: Failed modifying ETCUSD
0	16:11:15.614	trend_dtrader XAUUSD,H1: Failed modifying ETCUSD
0	16:11:16.613	trend_dtrader XAUUSD,H1: Failed modifying ETCUSD
0	16:11:17.611	trend_dtrader XAUUSD,H1: Failed modifying ETCUSD
0	16:11:18.611	trend_dtrader XAUUSD,H1: Failed modifying ETCUSD
0	16:11:19.613	trend_dtrader XAUUSD,H1: Failed modifying ETCUSD
0	16:11:20.613	trend_dtrader XAUUSD,H1: Failed modifying ETCUSD
0	16:11:21.614	trend_dtrader XAUUSD,H1: Failed modifying ETCUSD
0	16:11:22.613	trend_dtrader XAUUSD,H1: Failed modifying ETCUSD
0	16:11:23.612	trend_dtrader XAUUSD,H1: Failed modifying ETCUSD
0	16:11:24.612	trend_dtrader XAUUSD,H1: Failed modifying ETCUSD
0	16:11:25.613	trend_dtrader XAUUSD,H1: Failed modifying ETCUSD
0	16:11:26.612	trend_dtrader XAUUSD,H1: Failed modifying ETCUSD
0	16:11:27.612	trend_dtrader XAUUSD,H1: Failed modifying ETCUSD
0	16:11:28.612	trend_dtrader XAUUSD,H1: Failed modifying ETCUSD
0	16:11:29.613	trend_dtrader XAUUSD,H1: Failed modifying ETCUSD
0	16:11:30.612	trend_dtrader XAUUSD,H1: Failed modifying ETCUSD
0	16:11:31.610	trend_dtrader XAUUSD,H1: Failed modifying ETCUSD
0	16:11:32.637	trend_dtrader XAUUSD,H1: Failed modifying ETCUSD
0	16:11:33.612	trend_dtrader XAUUSD,H1: Failed modifying ETCUSD
0	16:11:34.612	trend_dtrader XAUUSD,H1: Failed modifying ETCUSD
0	16:11:35.612	trend_dtrader XAUUSD,H1: Failed modifying ETCUSD
0	16:11:36.611	trend_dtrader XAUUSD,H1: Failed modifying ETCUSD
0	16:11:37.611	trend_dtrader XAUUSD,H1: Failed modifying ETCUSD
0	16:11:38.611	trend_dtrader XAUUSD,H1: Failed modifying ETCUSD
0	16:11:39.621	trend_dtrader XAUUSD,H1: Failed modifying ETCUSD
0	16:11:40.618	trend_dtrader XAUUSD,H1: Failed modifying ETCUSD
0	16:11:41.618	trend_dtrader XAUUSD,H1: Failed modifying ETCUSD
0	16:11:42.618	trend_dtrader XAUUSD,H1: Failed modifying ETCUSD
0	16:11:43.615	trend_dtrader XAUUSD,H1: Failed modifying ETCUSD
0	16:11:44.612	trend_dtrader XAUUSD,H1: Failed modifying ETCUSD
0	16:11:45.618	trend_dtrader XAUUSD,H1: Failed modifying ETCUSD
0	16:11:46.617	trend_dtrader XAUUSD,H1: Failed modifying ETCUSD
0	16:11:47.611	trend_dtrader XAUUSD,H1: Failed modifying ETCUSD
0	16:11:48.616	trend_dtrader XAUUSD,H1: Failed modifying ETCUSD
0	16:11:49.616	trend_dtrader XAUUSD,H1: Failed modifying ETCUSD
0	16:11:50.617	trend_dtrader XAUUSD,H1: Failed modifying ETCUSD
0	16:11:51.614	trend_dtrader XAUUSD,H1: Failed modifying ETCUSD
0	16:11:52.612	trend_dtrader XAUUSD,H1: Failed modifying ETCUSD
0	16:11:53.617	trend_dtrader XAUUSD,H1: Failed modifying ETCUSD
0	16:11:54.616	trend_dtrader XAUUSD,H1: Failed modifying ETCUSD
0	16:11:55.611	trend_dtrader XAUUSD,H1: Failed modifying ETCUSD
0	16:11:56.615	trend_dtrader XAUUSD,H1: Failed modifying ETCUSD
0	16:11:57.615	trend_dtrader XAUUSD,H1: Failed modifying ETCUSD
0	16:11:58.616	trend_dtrader XAUUSD,H1: Failed modifying ETCUSD
0	16:11:59.614	trend_dtrader XAUUSD,H1: Failed modifying ETCUSD
0	16:12:00.613	trend_dtrader XAUUSD,H1: Failed modifying ETCUSD
0	16:12:01.660	trend_dtrader XAUUSD,H1: Failed modifying ETCUSD
0	16:12:02.611	trend_dtrader XAUUSD,H1: Failed modifying ETCUSD
0	16:12:03.615	trend_dtrader XAUUSD,H1: Failed modifying ETCUSD
0	16:12:04.632	trend_dtrader XAUUSD,H1: Failed modifying ETCUSD
0	16:12:05.613	trend_dtrader XAUUSD,H1: Failed modifying ETCUSD
0	16:12:06.614	trend_dtrader XAUUSD,H1: Failed modifying ETCUSD
0	16:12:07.614	trend_dtrader XAUUSD,H1: Failed modifying ETCUSD
0	16:12:08.613	trend_dtrader XAUUSD,H1: Failed modifying ETCUSD
0	16:12:09.612	trend_dtrader XAUUSD,H1: Failed modifying ETCUSD
0	16:12:10.614	trend_dtrader XAUUSD,H1: Failed modifying ETCUSD
0	16:12:11.613	trend_dtrader XAUUSD,H1: Failed modifying ETCUSD
0	16:12:12.614	trend_dtrader XAUUSD,H1: Failed modifying ETCUSD
0	16:12:13.614	trend_dtrader XAUUSD,H1: Failed modifying ETCUSD
0	16:12:14.612	trend_dtrader XAUUSD,H1: Failed modifying ETCUSD
0	16:12:15.612	trend_dtrader XAUUSD,H1: Failed modifying ETCUSD
0	16:12:16.613	trend_dtrader XAUUSD,H1: Failed modifying ETCUSD
0	16:12:17.613	trend_dtrader XAUUSD,H1: Failed modifying ETCUSD
0	16:12:18.612	trend_dtrader XAUUSD,H1: Failed modifying ETCUSD
0	16:12:19.613	trend_dtrader XAUUSD,H1: Failed modifying ETCUSD
0	16:12:20.613	trend_dtrader XAUUSD,H1: Failed modifying ETCUSD
0	16:12:21.613	trend_dtrader XAUUSD,H1: Failed modifying ETCUSD
0	16:12:22.613	trend_dtrader XAUUSD,H1: Failed modifying ETCUSD
0	16:12:23.613	trend_dtrader XAUUSD,H1: Failed modifying ETCUSD
0	16:12:24.612	trend_dtrader XAUUSD,H1: Failed modifying ETCUSD
0	16:12:25.613	trend_dtrader XAUUSD,H1: Failed modifying ETCUSD
0	16:12:26.612	trend_dtrader XAUUSD,H1: Failed modifying ETCUSD
0	16:12:27.612	trend_dtrader XAUUSD,H1: Failed modifying ETCUSD
0	16:12:28.612	trend_dtrader XAUUSD,H1: Failed modifying ETCUSD
0	16:12:29.611	trend_dtrader XAUUSD,H1: Failed modifying ETCUSD
0	16:12:30.611	trend_dtrader XAUUSD,H1: Failed modifying ETCUSD
0	16:12:31.612	trend_dtrader XAUUSD,H1: Failed modifying ETCUSD
0	16:12:32.747	trend_dtrader XAUUSD,H1: Failed modifying ETCUSD
0	16:12:33.611	trend_dtrader XAUUSD,H1: Failed modifying ETCUSD
0	16:12:34.618	trend_dtrader XAUUSD,H1: Failed modifying ETCUSD
0	16:12:35.610	trend_dtrader XAUUSD,H1: Failed modifying ETCUSD
0	16:12:36.613	trend_dtrader XAUUSD,H1: Failed modifying ETCUSD
0	16:12:37.618	trend_dtrader XAUUSD,H1: Failed modifying ETCUSD
0	16:12:38.615	trend_dtrader XAUUSD,H1: Failed modifying ETCUSD
0	16:12:39.617	trend_dtrader XAUUSD,H1: Failed modifying ETCUSD
0	16:12:40.615	trend_dtrader XAUUSD,H1: Failed modifying ETCUSD
0	16:12:41.618	trend_dtrader XAUUSD,H1: Failed modifying ETCUSD
0	16:12:42.611	trend_dtrader XAUUSD,H1: Failed modifying ETCUSD
0	16:12:43.617	trend_dtrader XAUUSD,H1: Failed modifying ETCUSD
0	16:12:44.702	trend_dtrader XAUUSD,H1: Failed modifying ETCUSD
0	16:12:45.617	trend_dtrader XAUUSD,H1: Failed modifying ETCUSD
0	16:12:46.684	trend_dtrader XAUUSD,H1: Failed modifying ETCUSD
0	16:12:47.623	trend_dtrader XAUUSD,H1: Failed modifying ETCUSD
0	16:12:48.616	trend_dtrader XAUUSD,H1: Failed modifying ETCUSD
0	16:12:49.617	trend_dtrader XAUUSD,H1: Failed modifying ETCUSD
0	16:12:50.611	trend_dtrader XAUUSD,H1: Failed modifying ETCUSD
0	16:12:51.670	trend_dtrader XAUUSD,H1: Failed modifying ETCUSD
0	16:12:52.614	trend_dtrader XAUUSD,H1: Failed modifying ETCUSD
0	16:12:53.616	trend_dtrader XAUUSD,H1: Failed modifying ETCUSD
0	16:12:54.615	trend_dtrader XAUUSD,H1: Failed modifying ETCUSD
0	16:12:55.614	trend_dtrader XAUUSD,H1: Failed modifying ETCUSD
0	16:12:56.615	trend_dtrader XAUUSD,H1: Failed modifying ETCUSD
0	16:12:57.615	trend_dtrader XAUUSD,H1: Failed modifying ETCUSD
0	16:12:58.614	trend_dtrader XAUUSD,H1: Failed modifying ETCUSD
0	16:12:59.615	trend_dtrader XAUUSD,H1: Failed modifying ETCUSD
0	16:13:00.614	trend_dtrader XAUUSD,H1: Failed modifying ETCUSD
0	16:13:01.620	trend_dtrader XAUUSD,H1: Failed modifying ETCUSD
0	16:13:02.615	trend_dtrader XAUUSD,H1: Failed modifying ETCUSD
0	16:13:03.614	trend_dtrader XAUUSD,H1: Failed modifying ETCUSD
0	16:13:04.647	trend_dtrader XAUUSD,H1: Failed modifying ETCUSD
0	16:13:05.614	trend_dtrader XAUUSD,H1: Failed modifying ETCUSD
0	16:13:06.617	trend_dtrader XAUUSD,H1: Failed modifying ETCUSD
0	16:13:07.614	trend_dtrader XAUUSD,H1: Failed modifying ETCUSD
0	16:13:08.612	trend_dtrader XAUUSD,H1: Failed modifying ETCUSD
0	16:13:09.614	trend_dtrader XAUUSD,H1: Failed modifying ETCUSD
0	16:13:10.648	trend_dtrader XAUUSD,H1: Failed modifying ETCUSD
0	16:13:11.611	trend_dtrader XAUUSD,H1: Failed modifying ETCUSD
0	16:13:12.612	trend_dtrader XAUUSD,H1: Failed modifying ETCUSD
0	16:13:13.614	trend_dtrader XAUUSD,H1: Failed modifying ETCUSD
0	16:13:14.613	trend_dtrader XAUUSD,H1: Failed modifying ETCUSD
0	16:13:15.613	trend_dtrader XAUUSD,H1: Failed modifying ETCUSD
0	16:13:16.613	trend_dtrader XAUUSD,H1: Failed modifying ETCUSD
0	16:13:17.632	trend_dtrader XAUUSD,H1: Failed modifying ETCUSD
0	16:13:18.612	trend_dtrader XAUUSD,H1: Failed modifying ETCUSD
0	16:13:19.612	trend_dtrader XAUUSD,H1: Failed modifying ETCUSD
0	16:13:20.612	trend_dtrader XAUUSD,H1: Failed modifying ETCUSD
0	16:13:21.611	trend_dtrader XAUUSD,H1: Failed modifying ETCUSD
0	16:13:22.612	trend_dtrader XAUUSD,H1: Failed modifying ETCUSD
0	16:13:23.612	trend_dtrader XAUUSD,H1: Failed modifying ETCUSD
0	16:13:24.612	trend_dtrader XAUUSD,H1: Failed modifying ETCUSD
0	16:13:25.610	trend_dtrader XAUUSD,H1: Failed modifying ETCUSD
0	16:13:26.611	trend_dtrader XAUUSD,H1: Failed modifying ETCUSD
0	16:13:27.611	trend_dtrader XAUUSD,H1: Failed modifying ETCUSD
0	16:13:28.612	trend_dtrader XAUUSD,H1: Failed modifying ETCUSD
0	16:13:29.611	trend_dtrader XAUUSD,H1: Failed modifying ETCUSD
0	16:13:30.639	trend_dtrader XAUUSD,H1: Failed modifying ETCUSD
0	16:13:31.610	trend_dtrader XAUUSD,H1: Failed modifying ETCUSD
0	16:13:32.649	trend_dtrader XAUUSD,H1: Failed modifying ETCUSD
0	16:13:33.618	trend_dtrader XAUUSD,H1: Failed modifying ETCUSD
0	16:13:34.618	trend_dtrader XAUUSD,H1: Failed modifying ETCUSD
0	16:13:35.612	trend_dtrader XAUUSD,H1: Failed modifying ETCUSD
0	16:13:36.613	trend_dtrader XAUUSD,H1: Failed modifying ETCUSD
0	16:13:37.611	trend_dtrader XAUUSD,H1: Failed modifying ETCUSD
0	16:13:38.727	trend_dtrader XAUUSD,H1: Failed modifying ETCUSD
0	16:13:39.612	trend_dtrader XAUUSD,H1: Failed modifying ETCUSD
0	16:13:40.617	trend_dtrader XAUUSD,H1: Failed modifying ETCUSD
0	16:13:41.612	trend_dtrader XAUUSD,H1: Failed modifying ETCUSD
0	16:13:42.612	trend_dtrader XAUUSD,H1: Failed modifying ETCUSD
0	16:13:43.615	trend_dtrader XAUUSD,H1: Failed modifying ETCUSD
0	16:13:44.617	trend_dtrader XAUUSD,H1: Failed modifying ETCUSD
0	16:13:45.613	trend_dtrader XAUUSD,H1: Failed modifying ETCUSD
0	16:13:46.616	trend_dtrader XAUUSD,H1: Failed modifying ETCUSD
0	16:13:47.616	trend_dtrader XAUUSD,H1: Failed modifying ETCUSD
0	16:13:48.614	trend_dtrader XAUUSD,H1: Failed modifying ETCUSD
0	16:13:49.612	trend_dtrader XAUUSD,H1: Failed modifying ETCUSD
0	16:13:50.615	trend_dtrader XAUUSD,H1: Failed modifying ETCUSD
0	16:13:51.615	trend_dtrader XAUUSD,H1: Failed modifying ETCUSD
0	16:13:52.667	trend_dtrader XAUUSD,H1: Failed modifying ETCUSD
0	16:13:53.612	trend_dtrader XAUUSD,H1: Failed modifying ETCUSD
0	16:13:54.615	trend_dtrader XAUUSD,H1: Failed modifying ETCUSD
0	16:13:55.614	trend_dtrader XAUUSD,H1: Failed modifying ETCUSD
0	16:13:56.613	trend_dtrader XAUUSD,H1: Failed modifying ETCUSD
0	16:13:57.614	trend_dtrader XAUUSD,H1: Failed modifying ETCUSD
0	16:13:58.611	trend_dtrader XAUUSD,H1: Failed modifying ETCUSD
0	16:13:59.613	trend_dtrader XAUUSD,H1: Failed modifying ETCUSD
0	16:14:00.709	trend_dtrader XAUUSD,H1: Failed modifying ETCUSD
0	16:14:01.612	trend_dtrader XAUUSD,H1: Failed modifying ETCUSD
0	16:14:02.614	trend_dtrader XAUUSD,H1: Failed modifying ETCUSD
0	16:14:03.614	trend_dtrader XAUUSD,H1: Failed modifying ETCUSD
0	16:14:04.673	trend_dtrader XAUUSD,H1: Failed modifying ETCUSD
0	16:14:05.614	trend_dtrader XAUUSD,H1: Failed modifying ETCUSD
0	16:14:06.612	trend_dtrader XAUUSD,H1: Failed modifying ETCUSD
0	16:14:07.613	trend_dtrader XAUUSD,H1: Failed modifying ETCUSD
0	16:14:08.613	trend_dtrader XAUUSD,H1: Failed modifying ETCUSD
0	16:14:09.613	trend_dtrader XAUUSD,H1: Failed modifying ETCUSD
0	16:14:10.611	trend_dtrader XAUUSD,H1: Failed modifying ETCUSD
0	16:14:11.612	trend_dtrader XAUUSD,H1: Failed modifying ETCUSD
0	16:14:12.613	trend_dtrader XAUUSD,H1: Failed modifying ETCUSD
0	16:14:13.657	trend_dtrader XAUUSD,H1: Failed modifying ETCUSD
0	16:14:14.612	trend_dtrader XAUUSD,H1: Failed modifying ETCUSD
0	16:14:15.612	trend_dtrader XAUUSD,H1: Failed modifying ETCUSD
0	16:14:16.612	trend_dtrader XAUUSD,H1: Failed modifying ETCUSD
0	16:14:17.611	trend_dtrader XAUUSD,H1: Failed modifying ETCUSD
0	16:14:18.612	trend_dtrader XAUUSD,H1: Failed modifying ETCUSD
0	16:14:19.612	trend_dtrader XAUUSD,H1: Failed modifying ETCUSD
0	16:14:20.611	trend_dtrader XAUUSD,H1: Failed modifying ETCUSD
0	16:14:21.635	trend_dtrader XAUUSD,H1: Failed modifying ETCUSD
0	16:14:22.612	trend_dtrader XAUUSD,H1: Failed modifying ETCUSD
0	16:14:23.611	trend_dtrader XAUUSD,H1: Failed modifying ETCUSD
0	16:14:24.618	trend_dtrader XAUUSD,H1: Failed modifying ETCUSD
0	16:14:25.611	trend_dtrader XAUUSD,H1: Failed modifying ETCUSD
0	16:14:26.612	trend_dtrader XAUUSD,H1: Failed modifying ETCUSD
0	16:14:27.610	trend_dtrader XAUUSD,H1: Failed modifying ETCUSD
0	16:14:28.617	trend_dtrader XAUUSD,H1: Failed modifying ETCUSD
0	16:14:29.616	trend_dtrader XAUUSD,H1: Failed modifying ETCUSD
0	16:14:30.612	trend_dtrader XAUUSD,H1: Failed modifying ETCUSD
0	16:14:31.616	trend_dtrader XAUUSD,H1: Failed modifying ETCUSD
0	16:14:32.615	trend_dtrader XAUUSD,H1: Failed modifying ETCUSD
0	16:14:33.612	trend_dtrader XAUUSD,H1: Failed modifying ETCUSD
0	16:14:34.616	trend_dtrader XAUUSD,H1: Failed modifying ETCUSD
0	16:14:35.615	trend_dtrader XAUUSD,H1: Failed modifying ETCUSD
0	16:14:36.615	trend_dtrader XAUUSD,H1: Failed modifying ETCUSD
0	16:14:37.617	trend_dtrader XAUUSD,H1: Failed modifying ETCUSD
0	16:14:38.612	trend_dtrader XAUUSD,H1: Failed modifying ETCUSD
0	16:14:39.612	trend_dtrader XAUUSD,H1: Failed modifying ETCUSD
0	16:14:40.638	trend_dtrader XAUUSD,H1: Failed modifying ETCUSD
0	16:14:41.617	trend_dtrader XAUUSD,H1: Failed modifying ETCUSD
0	16:14:42.611	trend_dtrader XAUUSD,H1: Failed modifying ETCUSD
0	16:14:43.615	trend_dtrader XAUUSD,H1: Failed modifying ETCUSD
0	16:14:44.614	trend_dtrader XAUUSD,H1: Failed modifying ETCUSD
0	16:14:45.611	trend_dtrader XAUUSD,H1: Failed modifying ETCUSD
0	16:14:46.620	trend_dtrader XAUUSD,H1: Failed modifying ETCUSD
0	16:14:47.616	trend_dtrader XAUUSD,H1: Failed modifying ETCUSD
0	16:14:48.611	trend_dtrader XAUUSD,H1: Failed modifying ETCUSD
0	16:14:49.615	trend_dtrader XAUUSD,H1: Failed modifying ETCUSD
0	16:14:50.614	trend_dtrader XAUUSD,H1: Failed modifying ETCUSD
0	16:14:51.634	trend_dtrader XAUUSD,H1: Failed modifying ETCUSD
0	16:14:52.614	trend_dtrader XAUUSD,H1: Failed modifying ETCUSD
0	16:14:53.613	trend_dtrader XAUUSD,H1: Failed modifying ETCUSD
0	16:14:54.614	trend_dtrader XAUUSD,H1: Failed modifying ETCUSD
0	16:14:55.611	trend_dtrader XAUUSD,H1: Failed modifying ETCUSD
0	16:14:56.614	trend_dtrader XAUUSD,H1: Failed modifying ETCUSD
0	16:14:57.614	trend_dtrader XAUUSD,H1: Failed modifying ETCUSD
0	16:14:58.611	trend_dtrader XAUUSD,H1: Failed modifying ETCUSD
0	16:14:59.613	trend_dtrader XAUUSD,H1: Failed modifying ETCUSD
0	16:15:00.611	trend_dtrader XAUUSD,H1: Failed modifying ETCUSD
0	16:15:01.613	trend_dtrader XAUUSD,H1: Failed modifying ETCUSD
0	16:15:02.613	trend_dtrader XAUUSD,H1: Failed modifying ETCUSD
0	16:15:03.611	trend_dtrader XAUUSD,H1: Failed modifying ETCUSD
0	16:15:04.611	trend_dtrader XAUUSD,H1: Failed modifying ETCUSD
0	16:15:05.612	trend_dtrader XAUUSD,H1: Failed modifying ETCUSD
0	16:15:06.613	trend_dtrader XAUUSD,H1: Failed modifying ETCUSD
0	16:15:07.612	trend_dtrader XAUUSD,H1: Failed modifying ETCUSD
0	16:15:08.612	trend_dtrader XAUUSD,H1: Failed modifying ETCUSD
0	16:15:09.648	trend_dtrader XAUUSD,H1: Failed modifying ETCUSD
0	16:15:10.613	trend_dtrader XAUUSD,H1: Failed modifying ETCUSD
0	16:15:11.612	trend_dtrader XAUUSD,H1: Failed modifying ETCUSD
0	16:15:12.611	trend_dtrader XAUUSD,H1: Failed modifying ETCUSD
0	16:15:13.611	trend_dtrader XAUUSD,H1: Failed modifying ETCUSD
0	16:15:14.611	trend_dtrader XAUUSD,H1: Failed modifying ETCUSD
0	16:15:15.611	trend_dtrader XAUUSD,H1: Failed modifying ETCUSD
0	16:15:16.612	trend_dtrader XAUUSD,H1: Failed modifying ETCUSD
0	16:15:17.610	trend_dtrader XAUUSD,H1: Failed modifying ETCUSD
0	16:15:24.613	trend_dtrader XAUUSD,H1: Failed modifying ETCUSD
0	16:15:25.617	trend_dtrader XAUUSD,H1: Failed modifying ETCUSD
0	16:15:26.615	trend_dtrader XAUUSD,H1: Failed modifying ETCUSD
0	16:15:27.614	trend_dtrader XAUUSD,H1: Failed modifying ETCUSD
0	16:15:28.612	trend_dtrader XAUUSD,H1: Failed modifying ETCUSD
0	16:15:29.616	trend_dtrader XAUUSD,H1: Failed modifying ETCUSD
0	16:15:30.616	trend_dtrader XAUUSD,H1: Failed modifying ETCUSD
0	16:16:02.621	trend_dtrader XAUUSD,H1: Failed modifying ETCUSD
0	16:16:03.613	trend_dtrader XAUUSD,H1: Failed modifying ETCUSD
0	16:16:04.613	trend_dtrader XAUUSD,H1: Failed modifying ETCUSD
0	16:16:05.611	trend_dtrader XAUUSD,H1: Failed modifying ETCUSD
0	16:16:06.611	trend_dtrader XAUUSD,H1: Failed modifying ETCUSD
0	16:16:07.612	trend_dtrader XAUUSD,H1: Failed modifying ETCUSD
0	16:16:08.612	trend_dtrader XAUUSD,H1: Failed modifying ETCUSD
0	16:16:09.611	trend_dtrader XAUUSD,H1: Failed modifying ETCUSD
0	16:31:30.613	trend_dtrader XAUUSD,H1: Failed modifying ETCUSD
0	16:31:31.613	trend_dtrader XAUUSD,H1: Failed modifying ETCUSD
0	16:31:32.612	trend_dtrader XAUUSD,H1: Failed modifying ETCUSD
0	16:31:33.612	trend_dtrader XAUUSD,H1: Failed modifying ETCUSD
0	16:31:34.612	trend_dtrader XAUUSD,H1: Failed modifying ETCUSD
0	16:31:35.613	trend_dtrader XAUUSD,H1: Failed modifying ETCUSD
0	16:31:36.612	trend_dtrader XAUUSD,H1: Failed modifying ETCUSD
0	16:31:37.611	trend_dtrader XAUUSD,H1: Failed modifying ETCUSD
0	16:31:38.612	trend_dtrader XAUUSD,H1: Failed modifying ETCUSD
0	16:31:39.611	trend_dtrader XAUUSD,H1: Failed modifying ETCUSD
0	16:31:40.611	trend_dtrader XAUUSD,H1: Failed modifying ETCUSD
0	16:31:41.612	trend_dtrader XAUUSD,H1: Failed modifying ETCUSD
0	16:31:42.611	trend_dtrader XAUUSD,H1: Failed modifying ETCUSD
0	16:31:43.611	trend_dtrader XAUUSD,H1: Failed modifying ETCUSD
0	16:31:44.611	trend_dtrader XAUUSD,H1: Failed modifying ETCUSD
0	16:31:45.614	trend_dtrader XAUUSD,H1: Failed modifying ETCUSD
0	16:31:46.617	trend_dtrader XAUUSD,H1: Failed modifying ETCUSD
0	16:31:47.634	trend_dtrader XAUUSD,H1: Failed modifying ETCUSD
0	16:31:48.611	trend_dtrader XAUUSD,H1: Failed modifying ETCUSD
0	16:31:49.617	trend_dtrader XAUUSD,H1: Failed modifying ETCUSD
0	16:31:50.615	trend_dtrader XAUUSD,H1: Failed modifying ETCUSD
0	16:31:51.613	trend_dtrader XAUUSD,H1: Failed modifying ETCUSD
0	16:31:52.614	trend_dtrader XAUUSD,H1: Failed modifying ETCUSD
0	16:31:53.614	trend_dtrader XAUUSD,H1: Failed modifying ETCUSD
0	16:31:54.617	trend_dtrader XAUUSD,H1: Failed modifying ETCUSD
0	16:31:55.615	trend_dtrader XAUUSD,H1: Failed modifying ETCUSD
0	16:31:56.617	trend_dtrader XAUUSD,H1: Failed modifying ETCUSD
0	16:31:57.684	trend_dtrader XAUUSD,H1: Failed modifying ETCUSD
0	16:31:58.616	trend_dtrader XAUUSD,H1: Failed modifying ETCUSD
0	16:31:59.614	trend_dtrader XAUUSD,H1: Failed modifying ETCUSD
0	16:32:00.611	trend_dtrader XAUUSD,H1: Failed modifying ETCUSD
0	16:32:01.616	trend_dtrader XAUUSD,H1: Failed modifying ETCUSD
0	16:32:02.653	trend_dtrader XAUUSD,H1: Failed modifying ETCUSD
0	16:32:03.612	trend_dtrader XAUUSD,H1: Failed modifying ETCUSD
0	16:32:04.615	trend_dtrader XAUUSD,H1: Failed modifying ETCUSD
0	16:32:05.614	trend_dtrader XAUUSD,H1: Failed modifying ETCUSD
0	16:32:06.611	trend_dtrader XAUUSD,H1: Failed modifying ETCUSD
0	16:32:07.615	trend_dtrader XAUUSD,H1: Failed modifying ETCUSD
0	16:32:08.615	trend_dtrader XAUUSD,H1: Failed modifying ETCUSD
0	16:32:09.611	trend_dtrader XAUUSD,H1: Failed modifying ETCUSD
0	16:32:10.614	trend_dtrader XAUUSD,H1: Failed modifying ETCUSD
0	16:32:11.611	trend_dtrader XAUUSD,H1: Failed modifying ETCUSD
0	16:32:12.614	trend_dtrader XAUUSD,H1: Failed modifying ETCUSD
0	16:32:13.611	trend_dtrader XAUUSD,H1: Failed modifying ETCUSD
0	16:32:14.614	trend_dtrader XAUUSD,H1: Failed modifying ETCUSD
0	16:32:15.615	trend_dtrader XAUUSD,H1: Failed modifying ETCUSD
0	16:32:16.613	trend_dtrader XAUUSD,H1: Failed modifying ETCUSD
0	16:32:17.614	trend_dtrader XAUUSD,H1: Failed modifying ETCUSD
0	16:32:18.613	trend_dtrader XAUUSD,H1: Failed modifying ETCUSD
0	16:32:19.613	trend_dtrader XAUUSD,H1: Failed modifying ETCUSD
0	16:32:20.612	trend_dtrader XAUUSD,H1: Failed modifying ETCUSD
0	16:32:21.612	trend_dtrader XAUUSD,H1: Failed modifying ETCUSD
0	16:32:22.613	trend_dtrader XAUUSD,H1: Failed modifying ETCUSD
0	16:32:23.613	trend_dtrader XAUUSD,H1: Failed modifying ETCUSD
0	16:32:24.613	trend_dtrader XAUUSD,H1: Failed modifying ETCUSD
0	16:32:25.613	trend_dtrader XAUUSD,H1: Failed modifying ETCUSD
0	16:32:26.611	trend_dtrader XAUUSD,H1: Failed modifying ETCUSD
0	16:32:27.612	trend_dtrader XAUUSD,H1: Failed modifying ETCUSD
0	16:32:28.613	trend_dtrader XAUUSD,H1: Failed modifying ETCUSD
0	16:32:29.611	trend_dtrader XAUUSD,H1: Failed modifying ETCUSD
0	16:32:30.612	trend_dtrader XAUUSD,H1: Failed modifying ETCUSD
0	16:32:31.612	trend_dtrader XAUUSD,H1: Failed modifying ETCUSD
0	16:32:32.612	trend_dtrader XAUUSD,H1: Failed modifying ETCUSD
0	16:32:33.612	trend_dtrader XAUUSD,H1: Failed modifying ETCUSD
0	16:32:34.612	trend_dtrader XAUUSD,H1: Failed modifying ETCUSD
0	16:32:35.611	trend_dtrader XAUUSD,H1: Failed modifying ETCUSD
0	16:32:36.611	trend_dtrader XAUUSD,H1: Failed modifying ETCUSD
0	16:32:37.611	trend_dtrader XAUUSD,H1: Failed modifying ETCUSD
0	16:32:38.615	trend_dtrader XAUUSD,H1: Failed modifying ETCUSD
0	16:32:39.618	trend_dtrader XAUUSD,H1: Failed modifying ETCUSD
0	16:32:40.613	trend_dtrader XAUUSD,H1: Failed modifying ETCUSD
0	16:32:41.610	trend_dtrader XAUUSD,H1: Failed modifying ETCUSD
0	16:32:42.612	trend_dtrader XAUUSD,H1: Failed modifying ETCUSD
0	16:32:43.617	trend_dtrader XAUUSD,H1: Failed modifying ETCUSD
0	16:32:44.683	trend_dtrader XAUUSD,H1: Failed modifying ETCUSD
0	16:32:45.613	trend_dtrader XAUUSD,H1: Failed modifying ETCUSD
0	16:32:46.616	trend_dtrader XAUUSD,H1: Failed modifying ETCUSD
0	16:32:47.614	trend_dtrader XAUUSD,H1: Failed modifying ETCUSD
0	16:32:48.616	trend_dtrader XAUUSD,H1: Failed modifying ETCUSD
0	16:32:49.617	trend_dtrader XAUUSD,H1: Failed modifying ETCUSD
0	16:32:50.613	trend_dtrader XAUUSD,H1: Failed modifying ETCUSD
0	16:32:51.611	trend_dtrader XAUUSD,H1: Failed modifying ETCUSD
0	16:32:52.614	trend_dtrader XAUUSD,H1: Failed modifying ETCUSD
0	16:32:53.615	trend_dtrader XAUUSD,H1: Failed modifying ETCUSD
0	16:32:54.615	trend_dtrader XAUUSD,H1: Failed modifying ETCUSD
0	16:32:55.616	trend_dtrader XAUUSD,H1: Failed modifying ETCUSD
0	16:32:56.612	trend_dtrader XAUUSD,H1: Failed modifying ETCUSD
0	16:32:57.616	trend_dtrader XAUUSD,H1: Failed modifying ETCUSD
0	16:32:58.613	trend_dtrader XAUUSD,H1: Failed modifying ETCUSD
0	16:32:59.613	trend_dtrader XAUUSD,H1: Failed modifying ETCUSD
0	16:33:00.615	trend_dtrader XAUUSD,H1: Failed modifying ETCUSD
0	16:33:01.615	trend_dtrader XAUUSD,H1: Failed modifying ETCUSD
0	16:33:02.612	trend_dtrader XAUUSD,H1: Failed modifying ETCUSD
0	16:33:03.614	trend_dtrader XAUUSD,H1: Failed modifying ETCUSD
0	16:33:04.614	trend_dtrader XAUUSD,H1: Failed modifying ETCUSD
0	16:33:05.611	trend_dtrader XAUUSD,H1: Failed modifying ETCUSD
0	16:33:06.615	trend_dtrader XAUUSD,H1: Failed modifying ETCUSD
0	16:33:07.614	trend_dtrader XAUUSD,H1: Failed modifying ETCUSD
0	16:33:08.611	trend_dtrader XAUUSD,H1: Failed modifying ETCUSD
0	16:33:09.614	trend_dtrader XAUUSD,H1: Failed modifying ETCUSD
0	16:33:10.614	trend_dtrader XAUUSD,H1: Failed modifying ETCUSD
0	16:33:11.613	trend_dtrader XAUUSD,H1: Failed modifying ETCUSD
0	16:33:12.611	trend_dtrader XAUUSD,H1: Failed modifying ETCUSD
0	16:33:13.613	trend_dtrader XAUUSD,H1: Failed modifying ETCUSD
0	16:33:14.611	trend_dtrader XAUUSD,H1: Failed modifying ETCUSD
0	16:33:15.613	trend_dtrader XAUUSD,H1: Failed modifying ETCUSD
0	16:33:16.616	trend_dtrader XAUUSD,H1: Failed modifying ETCUSD
0	16:33:17.613	trend_dtrader XAUUSD,H1: Failed modifying ETCUSD
0	16:33:18.613	trend_dtrader XAUUSD,H1: Failed modifying ETCUSD
0	16:33:19.612	trend_dtrader XAUUSD,H1: Failed modifying ETCUSD
0	16:33:20.611	trend_dtrader XAUUSD,H1: Failed modifying ETCUSD
0	16:33:21.613	trend_dtrader XAUUSD,H1: Failed modifying ETCUSD
0	16:33:22.613	trend_dtrader XAUUSD,H1: Failed modifying ETCUSD
0	16:33:23.612	trend_dtrader XAUUSD,H1: Failed modifying ETCUSD
0	16:33:24.613	trend_dtrader XAUUSD,H1: Failed modifying ETCUSD
0	16:33:25.611	trend_dtrader XAUUSD,H1: Failed modifying ETCUSD
0	16:33:26.611	trend_dtrader XAUUSD,H1: Failed modifying ETCUSD
0	16:33:27.612	trend_dtrader XAUUSD,H1: Failed modifying ETCUSD
0	16:33:28.618	trend_dtrader XAUUSD,H1: Failed modifying ETCUSD
0	16:33:29.611	trend_dtrader XAUUSD,H1: Failed modifying ETCUSD
0	16:33:30.612	trend_dtrader XAUUSD,H1: Failed modifying ETCUSD
0	16:33:31.611	trend_dtrader XAUUSD,H1: Failed modifying ETCUSD
0	16:33:32.611	trend_dtrader XAUUSD,H1: Failed modifying ETCUSD
0	16:33:33.611	trend_dtrader XAUUSD,H1: Failed modifying ETCUSD
0	16:33:34.617	trend_dtrader XAUUSD,H1: Failed modifying ETCUSD
0	16:33:35.614	trend_dtrader XAUUSD,H1: Failed modifying ETCUSD
0	16:33:36.614	trend_dtrader XAUUSD,H1: Failed modifying ETCUSD
0	16:33:37.653	trend_dtrader XAUUSD,H1: Failed modifying ETCUSD
0	16:33:38.614	trend_dtrader XAUUSD,H1: Failed modifying ETCUSD
0	16:33:39.612	trend_dtrader XAUUSD,H1: Failed modifying ETCUSD
0	16:33:40.617	trend_dtrader XAUUSD,H1: Failed modifying ETCUSD
0	16:33:41.615	trend_dtrader XAUUSD,H1: Failed modifying ETCUSD
0	16:33:42.617	trend_dtrader XAUUSD,H1: Failed modifying ETCUSD
0	16:33:43.614	trend_dtrader XAUUSD,H1: Failed modifying ETCUSD
0	16:33:44.611	trend_dtrader XAUUSD,H1: Failed modifying ETCUSD
0	16:33:45.616	trend_dtrader XAUUSD,H1: Failed modifying ETCUSD
0	16:33:46.612	trend_dtrader XAUUSD,H1: Failed modifying ETCUSD
0	16:33:47.616	trend_dtrader XAUUSD,H1: Failed modifying ETCUSD
0	16:33:48.612	trend_dtrader XAUUSD,H1: Failed modifying ETCUSD
0	16:33:49.616	trend_dtrader XAUUSD,H1: Failed modifying ETCUSD
0	16:33:50.615	trend_dtrader XAUUSD,H1: Failed modifying ETCUSD
0	16:33:51.611	trend_dtrader XAUUSD,H1: Failed modifying ETCUSD
0	16:33:52.616	trend_dtrader XAUUSD,H1: Failed modifying ETCUSD
0	16:33:53.615	trend_dtrader XAUUSD,H1: Failed modifying ETCUSD
0	16:33:54.611	trend_dtrader XAUUSD,H1: Failed modifying ETCUSD
0	16:33:55.616	trend_dtrader XAUUSD,H1: Failed modifying ETCUSD
0	16:33:56.612	trend_dtrader XAUUSD,H1: Failed modifying ETCUSD
0	16:33:57.615	trend_dtrader XAUUSD,H1: Failed modifying ETCUSD
0	16:33:58.614	trend_dtrader XAUUSD,H1: Failed modifying ETCUSD
0	16:33:59.612	trend_dtrader XAUUSD,H1: Failed modifying ETCUSD
0	16:34:00.615	trend_dtrader XAUUSD,H1: Failed modifying ETCUSD
0	16:34:01.611	trend_dtrader XAUUSD,H1: Failed modifying ETCUSD
0	16:34:02.612	trend_dtrader XAUUSD,H1: Failed modifying ETCUSD
0	16:34:03.613	trend_dtrader XAUUSD,H1: Failed modifying ETCUSD
0	16:34:04.620	trend_dtrader XAUUSD,H1: Failed modifying ETCUSD
0	16:34:05.612	trend_dtrader XAUUSD,H1: Failed modifying ETCUSD
0	16:34:06.613	trend_dtrader XAUUSD,H1: Failed modifying ETCUSD
0	16:34:07.613	trend_dtrader XAUUSD,H1: Failed modifying ETCUSD
0	16:34:08.611	trend_dtrader XAUUSD,H1: Failed modifying ETCUSD
0	16:34:09.613	trend_dtrader XAUUSD,H1: Failed modifying ETCUSD
0	16:34:10.612	trend_dtrader XAUUSD,H1: Failed modifying ETCUSD
0	16:34:11.613	trend_dtrader XAUUSD,H1: Failed modifying ETCUSD
0	16:34:12.613	trend_dtrader XAUUSD,H1: Failed modifying ETCUSD
0	16:34:13.612	trend_dtrader XAUUSD,H1: Failed modifying ETCUSD
0	16:34:14.612	trend_dtrader XAUUSD,H1: Failed modifying ETCUSD
0	16:34:15.613	trend_dtrader XAUUSD,H1: Failed modifying ETCUSD
0	16:34:16.613	trend_dtrader XAUUSD,H1: Failed modifying ETCUSD
0	16:34:17.611	trend_dtrader XAUUSD,H1: Failed modifying ETCUSD
0	16:34:18.612	trend_dtrader XAUUSD,H1: Failed modifying ETCUSD
0	16:34:19.611	trend_dtrader XAUUSD,H1: Failed modifying ETCUSD
0	16:34:20.612	trend_dtrader XAUUSD,H1: Failed modifying ETCUSD
0	16:34:21.612	trend_dtrader XAUUSD,H1: Failed modifying ETCUSD
0	16:34:22.637	trend_dtrader XAUUSD,H1: Failed modifying ETCUSD
0	16:34:23.611	trend_dtrader XAUUSD,H1: Failed modifying ETCUSD
0	16:34:24.612	trend_dtrader XAUUSD,H1: Failed modifying ETCUSD
0	16:34:25.611	trend_dtrader XAUUSD,H1: Failed modifying ETCUSD
0	16:34:26.653	trend_dtrader XAUUSD,H1: Failed modifying ETCUSD
0	16:34:27.643	trend_dtrader XAUUSD,H1: Failed modifying ETCUSD
0	16:34:28.611	trend_dtrader XAUUSD,H1: Failed modifying ETCUSD
0	16:34:29.615	trend_dtrader XAUUSD,H1: Failed modifying ETCUSD
0	16:34:30.613	trend_dtrader XAUUSD,H1: Failed modifying ETCUSD
0	16:34:31.618	trend_dtrader XAUUSD,H1: Failed modifying ETCUSD
0	16:34:32.612	trend_dtrader XAUUSD,H1: Failed modifying ETCUSD
0	16:34:33.617	trend_dtrader XAUUSD,H1: Failed modifying ETCUSD
0	16:34:34.613	trend_dtrader XAUUSD,H1: Failed modifying ETCUSD
0	16:34:35.657	trend_dtrader XAUUSD,H1: Failed modifying ETCUSD
0	16:34:36.613	trend_dtrader XAUUSD,H1: Failed modifying ETCUSD
0	16:34:37.617	trend_dtrader XAUUSD,H1: Failed modifying ETCUSD
0	16:34:38.615	trend_dtrader XAUUSD,H1: Failed modifying ETCUSD
0	16:34:39.611	trend_dtrader XAUUSD,H1: Failed modifying ETCUSD
0	16:34:40.617	trend_dtrader XAUUSD,H1: Failed modifying ETCUSD
0	16:34:41.615	trend_dtrader XAUUSD,H1: Failed modifying ETCUSD
0	16:34:42.616	trend_dtrader XAUUSD,H1: Failed modifying ETCUSD
0	16:34:43.616	trend_dtrader XAUUSD,H1: Failed modifying ETCUSD
0	16:34:44.611	trend_dtrader XAUUSD,H1: Failed modifying ETCUSD
0	16:34:45.615	trend_dtrader XAUUSD,H1: Failed modifying ETCUSD
0	16:34:46.615	trend_dtrader XAUUSD,H1: Failed modifying ETCUSD
0	16:34:47.611	trend_dtrader XAUUSD,H1: Failed modifying ETCUSD
0	16:34:48.615	trend_dtrader XAUUSD,H1: Failed modifying ETCUSD
0	16:34:49.611	trend_dtrader XAUUSD,H1: Failed modifying ETCUSD
0	16:34:50.614	trend_dtrader XAUUSD,H1: Failed modifying ETCUSD
0	16:34:51.625	trend_dtrader XAUUSD,H1: Failed modifying ETCUSD
0	16:34:52.612	trend_dtrader XAUUSD,H1: Failed modifying ETCUSD
0	16:34:53.616	trend_dtrader XAUUSD,H1: Failed modifying ETCUSD
0	16:34:54.614	trend_dtrader XAUUSD,H1: Failed modifying ETCUSD
0	16:34:55.615	trend_dtrader XAUUSD,H1: Failed modifying ETCUSD
0	16:34:56.635	trend_dtrader XAUUSD,H1: Failed modifying ETCUSD
0	16:34:57.614	trend_dtrader XAUUSD,H1: Failed modifying ETCUSD
0	16:34:58.614	trend_dtrader XAUUSD,H1: Failed modifying ETCUSD
0	16:34:59.613	trend_dtrader XAUUSD,H1: Failed modifying ETCUSD
0	16:35:00.641	trend_dtrader XAUUSD,H1: Failed modifying ETCUSD
0	16:35:01.613	trend_dtrader XAUUSD,H1: Failed modifying ETCUSD
0	16:35:02.614	trend_dtrader XAUUSD,H1: Failed modifying ETCUSD
0	16:35:03.615	trend_dtrader XAUUSD,H1: Failed modifying ETCUSD
0	16:35:04.624	trend_dtrader XAUUSD,H1: Failed modifying ETCUSD
0	16:35:05.613	trend_dtrader XAUUSD,H1: Failed modifying ETCUSD
0	16:35:06.613	trend_dtrader XAUUSD,H1: Failed modifying ETCUSD
0	16:35:07.613	trend_dtrader XAUUSD,H1: Failed modifying ETCUSD
0	16:35:08.613	trend_dtrader XAUUSD,H1: Failed modifying ETCUSD
0	16:35:09.613	trend_dtrader XAUUSD,H1: Failed modifying ETCUSD
0	16:35:10.612	trend_dtrader XAUUSD,H1: Failed modifying ETCUSD
0	16:35:11.611	trend_dtrader XAUUSD,H1: Failed modifying ETCUSD
0	16:35:12.613	trend_dtrader XAUUSD,H1: Failed modifying ETCUSD
0	16:35:13.612	trend_dtrader XAUUSD,H1: Failed modifying ETCUSD
0	16:35:14.612	trend_dtrader XAUUSD,H1: Failed modifying ETCUSD
0	16:35:15.612	trend_dtrader XAUUSD,H1: Failed modifying ETCUSD
0	16:35:16.612	trend_dtrader XAUUSD,H1: Failed modifying ETCUSD
0	16:35:17.612	trend_dtrader XAUUSD,H1: Failed modifying ETCUSD
0	16:35:18.611	trend_dtrader XAUUSD,H1: Failed modifying ETCUSD
0	16:35:19.669	trend_dtrader XAUUSD,H1: Failed modifying ETCUSD
0	16:35:20.611	trend_dtrader XAUUSD,H1: Failed modifying ETCUSD
0	16:35:21.612	trend_dtrader XAUUSD,H1: Failed modifying ETCUSD
0	16:35:22.611	trend_dtrader XAUUSD,H1: Failed modifying ETCUSD
0	16:35:23.612	trend_dtrader XAUUSD,H1: Failed modifying ETCUSD
0	16:35:24.611	trend_dtrader XAUUSD,H1: Failed modifying ETCUSD
0	16:35:25.643	trend_dtrader XAUUSD,H1: Failed modifying ETCUSD
0	16:35:26.611	trend_dtrader XAUUSD,H1: Failed modifying ETCUSD
0	16:35:27.613	trend_dtrader XAUUSD,H1: Failed modifying ETCUSD
0	16:35:28.611	trend_dtrader XAUUSD,H1: Failed modifying ETCUSD
0	16:35:29.617	trend_dtrader XAUUSD,H1: Failed modifying ETCUSD
0	16:35:30.617	trend_dtrader XAUUSD,H1: Failed modifying ETCUSD
0	16:35:31.613	trend_dtrader XAUUSD,H1: Failed modifying ETCUSD
0	16:35:32.611	trend_dtrader XAUUSD,H1: Failed modifying ETCUSD
0	16:35:33.616	trend_dtrader XAUUSD,H1: Failed modifying ETCUSD
0	16:35:34.614	trend_dtrader XAUUSD,H1: Failed modifying ETCUSD
0	16:35:35.612	trend_dtrader XAUUSD,H1: Failed modifying ETCUSD
0	16:35:36.617	trend_dtrader XAUUSD,H1: Failed modifying ETCUSD
0	16:35:37.615	trend_dtrader XAUUSD,H1: Failed modifying ETCUSD
0	16:35:38.616	trend_dtrader XAUUSD,H1: Failed modifying ETCUSD
0	16:35:39.616	trend_dtrader XAUUSD,H1: Failed modifying ETCUSD
0	16:35:40.612	trend_dtrader XAUUSD,H1: Failed modifying ETCUSD
0	16:35:41.611	trend_dtrader XAUUSD,H1: Failed modifying ETCUSD
0	16:35:42.615	trend_dtrader XAUUSD,H1: Failed modifying ETCUSD
0	16:35:43.615	trend_dtrader XAUUSD,H1: Failed modifying ETCUSD
0	16:35:44.612	trend_dtrader XAUUSD,H1: Failed modifying ETCUSD
0	16:35:45.616	trend_dtrader XAUUSD,H1: Failed modifying ETCUSD
0	16:35:46.615	trend_dtrader XAUUSD,H1: Failed modifying ETCUSD
0	16:35:47.613	trend_dtrader XAUUSD,H1: Failed modifying ETCUSD
0	16:35:48.615	trend_dtrader XAUUSD,H1: Failed modifying ETCUSD
0	16:35:49.613	trend_dtrader XAUUSD,H1: Failed modifying ETCUSD
0	16:35:50.615	trend_dtrader XAUUSD,H1: Failed modifying ETCUSD
0	16:35:51.614	trend_dtrader XAUUSD,H1: Failed modifying ETCUSD
0	16:35:52.614	trend_dtrader XAUUSD,H1: Failed modifying ETCUSD
0	16:35:53.612	trend_dtrader XAUUSD,H1: Failed modifying ETCUSD
0	16:35:54.614	trend_dtrader XAUUSD,H1: Failed modifying ETCUSD
0	16:35:55.614	trend_dtrader XAUUSD,H1: Failed modifying ETCUSD
0	16:35:56.613	trend_dtrader XAUUSD,H1: Failed modifying ETCUSD
0	16:35:57.614	trend_dtrader XAUUSD,H1: Failed modifying ETCUSD
0	16:35:58.612	trend_dtrader XAUUSD,H1: Failed modifying ETCUSD
0	16:35:59.613	trend_dtrader XAUUSD,H1: Failed modifying ETCUSD
0	16:36:00.611	trend_dtrader XAUUSD,H1: Failed modifying ETCUSD
0	16:36:01.613	trend_dtrader XAUUSD,H1: Failed modifying ETCUSD
0	16:36:02.611	trend_dtrader XAUUSD,H1: Failed modifying ETCUSD
0	16:36:03.612	trend_dtrader XAUUSD,H1: Failed modifying ETCUSD
0	16:36:04.613	trend_dtrader XAUUSD,H1: Failed modifying ETCUSD
0	16:36:05.611	trend_dtrader XAUUSD,H1: Failed modifying ETCUSD
0	16:36:06.612	trend_dtrader XAUUSD,H1: Failed modifying ETCUSD
0	16:36:07.612	trend_dtrader XAUUSD,H1: Failed modifying ETCUSD
0	16:36:08.613	trend_dtrader XAUUSD,H1: Alert: Please check your internet connection
0	16:36:09.611	trend_dtrader XAUUSD,H1: Alert: Please check your internet connection
0	16:36:10.612	trend_dtrader XAUUSD,H1: Alert: Please check your internet connection
0	16:36:11.612	trend_dtrader XAUUSD,H1: Alert: Please check your internet connection
0	16:36:12.611	trend_dtrader XAUUSD,H1: Alert: Please check your internet connection
0	16:36:13.612	trend_dtrader XAUUSD,H1: Alert: Please check your internet connection
0	16:36:14.611	trend_dtrader XAUUSD,H1: Alert: Please check your internet connection
0	16:36:15.611	trend_dtrader XAUUSD,H1: Alert: Please check your internet connection
0	16:36:16.613	trend_dtrader XAUUSD,H1: Alert: Please check your internet connection
0	16:36:17.613	trend_dtrader XAUUSD,H1: Alert: Please check your internet connection
0	16:36:18.618	trend_dtrader XAUUSD,H1: Alert: Please check your internet connection
0	16:36:19.612	trend_dtrader XAUUSD,H1: Alert: Please check your internet connection
0	16:36:20.617	trend_dtrader XAUUSD,H1: Alert: Please check your internet connection
0	16:36:21.615	trend_dtrader XAUUSD,H1: Alert: Please check your internet connection
0	16:36:22.617	trend_dtrader XAUUSD,H1: Alert: Please check your internet connection
0	16:36:23.611	trend_dtrader XAUUSD,H1: Alert: Please check your internet connection
0	16:36:24.614	trend_dtrader XAUUSD,H1: Alert: Please check your internet connection
0	16:36:25.617	trend_dtrader XAUUSD,H1: Alert: Please check your internet connection
0	16:36:26.616	trend_dtrader XAUUSD,H1: Alert: Please check your internet connection
0	16:36:27.614	trend_dtrader XAUUSD,H1: Alert: Please check your internet connection
0	16:36:28.611	trend_dtrader XAUUSD,H1: Alert: Please check your internet connection
0	16:36:29.617	trend_dtrader XAUUSD,H1: Alert: Please check your internet connection
0	16:36:30.617	trend_dtrader XAUUSD,H1: Alert: Please check your internet connection
0	16:36:31.614	trend_dtrader XAUUSD,H1: Alert: Please check your internet connection
0	16:36:32.617	trend_dtrader XAUUSD,H1: Alert: Please check your internet connection
0	16:36:33.617	trend_dtrader XAUUSD,H1: Alert: Please check your internet connection
0	16:36:34.611	trend_dtrader XAUUSD,H1: Alert: Please check your internet connection
0	16:36:35.616	trend_dtrader XAUUSD,H1: Alert: Please check your internet connection
0	16:36:36.614	trend_dtrader XAUUSD,H1: Alert: Please check your internet connection
0	16:36:37.614	trend_dtrader XAUUSD,H1: Alert: Please check your internet connection
0	16:36:38.611	trend_dtrader XAUUSD,H1: Alert: Please check your internet connection
0	16:36:39.616	trend_dtrader XAUUSD,H1: Alert: Please check your internet connection
0	16:36:40.613	trend_dtrader XAUUSD,H1: Alert: Please check your internet connection
0	16:36:41.616	trend_dtrader XAUUSD,H1: Alert: Please check your internet connection
0	16:36:42.616	trend_dtrader XAUUSD,H1: Alert: Please check your internet connection
0	16:36:43.613	trend_dtrader XAUUSD,H1: Alert: Please check your internet connection
0	16:36:44.614	trend_dtrader XAUUSD,H1: Alert: Please check your internet connection
0	16:36:45.614	trend_dtrader XAUUSD,H1: Alert: Please check your internet connection
0	16:36:46.614	trend_dtrader XAUUSD,H1: Alert: Please check your internet connection
0	16:36:47.615	trend_dtrader XAUUSD,H1: Alert: Please check your internet connection
0	16:36:48.612	trend_dtrader XAUUSD,H1: Alert: Please check your internet connection
0	16:36:49.614	trend_dtrader XAUUSD,H1: Alert: Please check your internet connection
0	16:36:50.614	trend_dtrader XAUUSD,H1: Alert: Please check your internet connection
0	16:36:51.614	trend_dtrader XAUUSD,H1: Alert: Please check your internet connection
0	16:36:52.614	trend_dtrader XAUUSD,H1: Alert: Please check your internet connection
0	16:36:53.613	trend_dtrader XAUUSD,H1: Alert: Please check your internet connection
0	16:36:54.614	trend_dtrader XAUUSD,H1: Alert: Please check your internet connection
0	16:36:55.613	trend_dtrader XAUUSD,H1: Alert: Please check your internet connection
0	16:36:56.613	trend_dtrader XAUUSD,H1: Alert: Please check your internet connection
0	16:36:57.614	trend_dtrader XAUUSD,H1: Alert: Please check your internet connection
0	16:36:58.613	trend_dtrader XAUUSD,H1: Alert: Please check your internet connection
0	16:36:59.614	trend_dtrader XAUUSD,H1: Alert: Please check your internet connection
0	16:37:00.611	trend_dtrader XAUUSD,H1: Alert: Please check your internet connection
0	16:37:01.612	trend_dtrader XAUUSD,H1: Alert: Please check your internet connection
0	16:37:02.613	trend_dtrader XAUUSD,H1: Alert: Please check your internet connection
0	16:37:03.613	trend_dtrader XAUUSD,H1: Alert: Please check your internet connection
0	16:37:04.612	trend_dtrader XAUUSD,H1: Alert: Please check your internet connection
0	16:37:05.611	trend_dtrader XAUUSD,H1: Alert: Please check your internet connection
0	16:37:06.611	trend_dtrader XAUUSD,H1: Alert: Please check your internet connection
0	16:37:07.611	trend_dtrader XAUUSD,H1: Alert: Please check your internet connection
0	16:37:08.611	trend_dtrader XAUUSD,H1: Alert: Please check your internet connection
0	16:37:09.612	trend_dtrader XAUUSD,H1: Alert: Please check your internet connection
0	16:37:10.611	trend_dtrader XAUUSD,H1: Alert: Please check your internet connection
0	16:37:11.612	trend_dtrader XAUUSD,H1: Alert: Please check your internet connection
0	16:37:12.611	trend_dtrader XAUUSD,H1: Alert: Please check your internet connection
0	16:37:13.618	trend_dtrader XAUUSD,H1: Alert: Please check your internet connection
0	16:37:14.613	trend_dtrader XAUUSD,H1: Alert: Please check your internet connection
0	16:37:15.618	trend_dtrader XAUUSD,H1: Alert: Please check your internet connection
0	16:37:16.614	trend_dtrader XAUUSD,H1: Alert: Please check your internet connection
0	16:37:17.618	trend_dtrader XAUUSD,H1: Alert: Please check your internet connection
0	16:37:18.618	trend_dtrader XAUUSD,H1: Alert: Please check your internet connection
0	16:37:19.612	trend_dtrader XAUUSD,H1: Alert: Please check your internet connection
0	16:37:20.616	trend_dtrader XAUUSD,H1: Alert: Please check your internet connection
0	16:37:21.612	trend_dtrader XAUUSD,H1: Alert: Please check your internet connection
0	16:37:22.617	trend_dtrader XAUUSD,H1: Alert: Please check your internet connection
0	16:37:23.617	trend_dtrader XAUUSD,H1: Alert: Please check your internet connection
0	16:37:24.612	trend_dtrader XAUUSD,H1: Alert: Please check your internet connection
0	16:37:25.617	trend_dtrader XAUUSD,H1: Alert: Please check your internet connection
0	16:37:26.615	trend_dtrader XAUUSD,H1: Alert: Please check your internet connection
0	16:37:27.611	trend_dtrader XAUUSD,H1: Alert: Please check your internet connection
0	16:37:28.616	trend_dtrader XAUUSD,H1: Alert: Please check your internet connection
0	16:37:29.613	trend_dtrader XAUUSD,H1: Alert: Please check your internet connection
0	16:37:30.611	trend_dtrader XAUUSD,H1: Alert: Please check your internet connection
0	16:37:31.616	trend_dtrader XAUUSD,H1: Alert: Please check your internet connection
0	16:37:32.615	trend_dtrader XAUUSD,H1: Alert: Please check your internet connection
0	16:37:33.616	trend_dtrader XAUUSD,H1: Alert: Please check your internet connection
0	16:37:34.615	trend_dtrader XAUUSD,H1: Alert: Please check your internet connection
0	16:37:35.615	trend_dtrader XAUUSD,H1: Alert: Please check your internet connection
0	16:37:36.614	trend_dtrader XAUUSD,H1: Alert: Please check your internet connection
0	16:37:37.613	trend_dtrader XAUUSD,H1: Alert: Please check your internet connection
0	16:37:38.615	trend_dtrader XAUUSD,H1: Alert: Please check your internet connection
0	16:37:39.611	trend_dtrader XAUUSD,H1: Alert: Please check your internet connection
0	16:37:40.615	trend_dtrader XAUUSD,H1: Alert: Please check your internet connection
0	16:37:41.613	trend_dtrader XAUUSD,H1: Alert: Please check your internet connection
0	16:37:42.612	trend_dtrader XAUUSD,H1: Alert: Please check your internet connection
0	16:37:43.614	trend_dtrader XAUUSD,H1: Alert: Please check your internet connection
0	16:37:44.615	trend_dtrader XAUUSD,H1: Alert: Please check your internet connection
0	16:37:45.615	trend_dtrader XAUUSD,H1: Alert: Please check your internet connection
0	16:37:46.615	trend_dtrader XAUUSD,H1: Alert: Please check your internet connection
0	16:37:47.611	trend_dtrader XAUUSD,H1: Alert: Please check your internet connection
0	16:37:48.613	trend_dtrader XAUUSD,H1: Alert: Please check your internet connection
0	16:37:49.611	trend_dtrader XAUUSD,H1: Alert: Please check your internet connection
0	16:37:50.613	trend_dtrader XAUUSD,H1: Alert: Please check your internet connection
0	16:37:51.613	trend_dtrader XAUUSD,H1: Alert: Please check your internet connection
0	16:37:52.613	trend_dtrader XAUUSD,H1: Alert: Please check your internet connection
0	16:37:53.613	trend_dtrader XAUUSD,H1: Alert: Please check your internet connection
0	16:37:54.613	trend_dtrader XAUUSD,H1: Alert: Please check your internet connection
0	16:37:55.613	trend_dtrader XAUUSD,H1: Alert: Please check your internet connection
0	16:37:56.612	trend_dtrader XAUUSD,H1: Alert: Please check your internet connection
0	16:37:57.612	trend_dtrader XAUUSD,H1: Alert: Please check your internet connection
0	16:37:58.612	trend_dtrader XAUUSD,H1: Alert: Please check your internet connection
0	16:37:59.612	trend_dtrader XAUUSD,H1: Alert: Please check your internet connection
0	16:38:00.612	trend_dtrader XAUUSD,H1: Alert: Please check your internet connection
0	16:38:01.611	trend_dtrader XAUUSD,H1: Alert: Please check your internet connection
0	16:38:02.611	trend_dtrader XAUUSD,H1: Alert: Please check your internet connection
0	16:38:03.611	trend_dtrader XAUUSD,H1: Alert: Please check your internet connection
0	16:38:04.612	trend_dtrader XAUUSD,H1: Alert: Please check your internet connection
0	16:38:05.612	trend_dtrader XAUUSD,H1: Alert: Please check your internet connection
0	16:38:06.611	trend_dtrader XAUUSD,H1: Alert: Please check your internet connection
0	16:38:07.612	trend_dtrader XAUUSD,H1: Alert: Please check your internet connection
0	16:38:08.611	trend_dtrader XAUUSD,H1: Alert: Please check your internet connection
0	16:38:09.617	trend_dtrader XAUUSD,H1: Alert: Please check your internet connection
0	16:38:10.612	trend_dtrader XAUUSD,H1: Alert: Please check your internet connection
0	16:38:11.617	trend_dtrader XAUUSD,H1: Alert: Please check your internet connection
0	16:38:12.616	trend_dtrader XAUUSD,H1: Alert: Please check your internet connection
0	16:38:13.616	trend_dtrader XAUUSD,H1: Alert: Please check your internet connection
0	16:38:14.621	trend_dtrader XAUUSD,H1: Alert: Please check your internet connection
0	16:38:15.617	trend_dtrader XAUUSD,H1: Alert: Please check your internet connection
0	16:38:16.615	trend_dtrader XAUUSD,H1: Alert: Please check your internet connection
0	16:38:17.617	trend_dtrader XAUUSD,H1: Alert: Please check your internet connection
0	16:38:18.611	trend_dtrader XAUUSD,H1: Alert: Please check your internet connection
0	16:38:19.616	trend_dtrader XAUUSD,H1: Alert: Please check your internet connection
0	16:38:20.612	trend_dtrader XAUUSD,H1: Alert: Please check your internet connection
0	16:38:21.617	trend_dtrader XAUUSD,H1: Alert: Please check your internet connection
0	16:38:22.611	trend_dtrader XAUUSD,H1: Alert: Please check your internet connection
0	16:38:23.614	trend_dtrader XAUUSD,H1: Alert: Please check your internet connection
0	16:38:24.614	trend_dtrader XAUUSD,H1: Alert: Please check your internet connection
0	16:38:25.616	trend_dtrader XAUUSD,H1: Alert: Please check your internet connection
0	16:38:26.615	trend_dtrader XAUUSD,H1: Alert: Please check your internet connection
0	16:38:27.611	trend_dtrader XAUUSD,H1: Alert: Please check your internet connection
0	16:38:28.616	trend_dtrader XAUUSD,H1: Alert: Please check your internet connection
0	16:38:29.614	trend_dtrader XAUUSD,H1: Alert: Please check your internet connection
0	16:38:30.613	trend_dtrader XAUUSD,H1: Alert: Please check your internet connection
0	16:38:31.614	trend_dtrader XAUUSD,H1: Alert: Please check your internet connection
0	16:38:32.615	trend_dtrader XAUUSD,H1: Alert: Please check your internet connection
0	16:38:33.612	trend_dtrader XAUUSD,H1: Alert: Please check your internet connection
0	16:38:34.615	trend_dtrader XAUUSD,H1: Alert: Please check your internet connection
0	16:38:35.611	trend_dtrader XAUUSD,H1: Alert: Please check your internet connection
0	16:38:36.612	trend_dtrader XAUUSD,H1: Alert: Please check your internet connection
0	16:38:37.614	trend_dtrader XAUUSD,H1: Alert: Please check your internet connection
0	16:38:38.613	trend_dtrader XAUUSD,H1: Alert: Please check your internet connection
0	16:38:39.614	trend_dtrader XAUUSD,H1: Alert: Please check your internet connection
0	16:38:40.614	trend_dtrader XAUUSD,H1: Alert: Please check your internet connection
0	16:38:41.613	trend_dtrader XAUUSD,H1: Alert: Please check your internet connection
0	16:38:42.614	trend_dtrader XAUUSD,H1: Alert: Please check your internet connection
0	16:38:43.612	trend_dtrader XAUUSD,H1: Alert: Please check your internet connection
0	16:38:44.613	trend_dtrader XAUUSD,H1: Alert: Please check your internet connection
0	16:38:45.615	trend_dtrader XAUUSD,H1: Alert: Please check your internet connection
0	16:38:46.613	trend_dtrader XAUUSD,H1: Alert: Please check your internet connection
0	16:38:47.613	trend_dtrader XAUUSD,H1: Alert: Please check your internet connection
0	16:38:48.613	trend_dtrader XAUUSD,H1: Alert: Please check your internet connection
0	16:38:49.611	trend_dtrader XAUUSD,H1: Alert: Please check your internet connection
0	16:38:50.611	trend_dtrader XAUUSD,H1: Alert: Please check your internet connection
0	16:38:51.612	trend_dtrader XAUUSD,H1: Alert: Please check your internet connection
0	16:38:52.611	trend_dtrader XAUUSD,H1: Alert: Please check your internet connection
0	16:38:53.613	trend_dtrader XAUUSD,H1: Alert: Please check your internet connection
0	16:38:54.613	trend_dtrader XAUUSD,H1: Alert: Please check your internet connection
0	16:38:55.611	trend_dtrader XAUUSD,H1: Alert: Please check your internet connection
0	16:38:56.612	trend_dtrader XAUUSD,H1: Alert: Please check your internet connection
0	16:38:57.612	trend_dtrader XAUUSD,H1: Alert: Please check your internet connection
0	16:38:58.612	trend_dtrader XAUUSD,H1: Alert: Please check your internet connection
0	16:38:59.612	trend_dtrader XAUUSD,H1: Alert: Please check your internet connection
0	16:39:00.619	trend_dtrader XAUUSD,H1: Alert: Please check your internet connection
0	16:39:01.611	trend_dtrader XAUUSD,H1: Alert: Please check your internet connection
0	16:39:02.612	trend_dtrader XAUUSD,H1: Alert: Please check your internet connection
0	16:39:03.618	trend_dtrader XAUUSD,H1: Alert: Please check your internet connection
0	16:39:04.611	trend_dtrader XAUUSD,H1: Alert: Please check your internet connection
0	16:39:05.617	trend_dtrader XAUUSD,H1: Alert: Please check your internet connection
0	16:39:06.615	trend_dtrader XAUUSD,H1: Alert: Please check your internet connection
0	16:39:07.617	trend_dtrader XAUUSD,H1: Alert: Please check your internet connection
0	16:39:08.617	trend_dtrader XAUUSD,H1: Alert: Please check your internet connection
0	16:39:09.612	trend_dtrader XAUUSD,H1: Alert: Please check your internet connection
0	16:39:10.617	trend_dtrader XAUUSD,H1: Alert: Please check your internet connection
0	16:39:11.615	trend_dtrader XAUUSD,H1: Alert: Please check your internet connection
0	16:39:12.611	trend_dtrader XAUUSD,H1: Alert: Please check your internet connection
0	16:39:13.618	trend_dtrader XAUUSD,H1: Alert: Please check your internet connection
0	16:39:14.612	trend_dtrader XAUUSD,H1: Alert: Please check your internet connection
0	16:39:15.616	trend_dtrader XAUUSD,H1: Alert: Please check your internet connection
0	16:39:16.615	trend_dtrader XAUUSD,H1: Alert: Please check your internet connection
0	16:39:17.613	trend_dtrader XAUUSD,H1: Alert: Please check your internet connection
0	16:39:18.616	trend_dtrader XAUUSD,H1: Alert: Please check your internet connection
0	16:39:19.613	trend_dtrader XAUUSD,H1: Alert: Please check your internet connection
0	16:39:20.616	trend_dtrader XAUUSD,H1: Alert: Please check your internet connection
0	16:39:21.615	trend_dtrader XAUUSD,H1: Alert: Please check your internet connection
0	16:39:22.614	trend_dtrader XAUUSD,H1: Alert: Please check your internet connection
0	16:39:23.611	trend_dtrader XAUUSD,H1: Alert: Please check your internet connection
0	16:39:24.614	trend_dtrader XAUUSD,H1: Alert: Please check your internet connection
0	16:39:25.614	trend_dtrader XAUUSD,H1: Alert: Please check your internet connection
0	16:39:26.612	trend_dtrader XAUUSD,H1: Alert: Please check your internet connection
0	16:39:27.614	trend_dtrader XAUUSD,H1: Alert: Please check your internet connection
0	16:39:28.615	trend_dtrader XAUUSD,H1: Alert: Please check your internet connection
0	16:39:29.613	trend_dtrader XAUUSD,H1: Alert: Please check your internet connection
0	16:39:30.614	trend_dtrader XAUUSD,H1: Alert: Please check your internet connection
0	16:39:31.613	trend_dtrader XAUUSD,H1: Alert: Please check your internet connection
0	16:39:32.611	trend_dtrader XAUUSD,H1: Alert: Please check your internet connection
0	16:39:33.613	trend_dtrader XAUUSD,H1: Alert: Please check your internet connection
0	16:39:34.614	trend_dtrader XAUUSD,H1: Alert: Please check your internet connection
0	16:39:35.613	trend_dtrader XAUUSD,H1: Alert: Please check your internet connection
0	16:39:36.611	trend_dtrader XAUUSD,H1: Alert: Please check your internet connection
0	16:39:37.612	trend_dtrader XAUUSD,H1: Alert: Please check your internet connection
0	16:39:38.613	trend_dtrader XAUUSD,H1: Alert: Please check your internet connection
0	16:39:39.612	trend_dtrader XAUUSD,H1: Alert: Please check your internet connection
0	16:39:40.612	trend_dtrader XAUUSD,H1: Alert: Please check your internet connection
0	16:39:41.611	trend_dtrader XAUUSD,H1: Alert: Please check your internet connection
0	16:39:42.612	trend_dtrader XAUUSD,H1: Alert: Please check your internet connection
0	16:39:43.612	trend_dtrader XAUUSD,H1: Alert: Please check your internet connection
0	16:39:44.613	trend_dtrader XAUUSD,H1: Alert: Please check your internet connection
0	16:39:45.612	trend_dtrader XAUUSD,H1: Alert: Please check your internet connection
0	16:39:46.611	trend_dtrader XAUUSD,H1: Alert: Please check your internet connection
0	16:39:47.611	trend_dtrader XAUUSD,H1: Alert: Please check your internet connection
0	16:39:48.612	trend_dtrader XAUUSD,H1: Alert: Please check your internet connection
0	16:39:49.611	trend_dtrader XAUUSD,H1: Alert: Please check your internet connection
0	16:39:50.634	trend_dtrader XAUUSD,H1: Alert: Please check your internet connection
0	16:39:51.611	trend_dtrader XAUUSD,H1: Alert: Please check your internet connection
0	16:39:52.611	trend_dtrader XAUUSD,H1: Alert: Please check your internet connection
0	16:39:53.611	trend_dtrader XAUUSD,H1: Alert: Please check your internet connection
0	16:39:54.611	trend_dtrader XAUUSD,H1: Alert: Please check your internet connection
0	16:39:55.615	trend_dtrader XAUUSD,H1: Alert: Please check your internet connection
0	16:39:56.611	trend_dtrader XAUUSD,H1: Alert: Please check your internet connection
0	16:39:57.611	trend_dtrader XAUUSD,H1: Alert: Please check your internet connection
0	16:39:58.617	trend_dtrader XAUUSD,H1: Alert: Please check your internet connection
0	16:39:59.617	trend_dtrader XAUUSD,H1: Alert: Please check your internet connection
0	16:40:00.617	trend_dtrader XAUUSD,H1: Alert: Please check your internet connection
0	16:40:01.616	trend_dtrader XAUUSD,H1: Alert: Please check your internet connection
0	16:40:02.611	trend_dtrader XAUUSD,H1: Alert: Please check your internet connection
0	16:40:03.616	trend_dtrader XAUUSD,H1: Alert: Please check your internet connection
0	16:40:04.612	trend_dtrader XAUUSD,H1: Alert: Please check your internet connection
0	16:40:05.616	trend_dtrader XAUUSD,H1: Alert: Please check your internet connection
0	16:40:06.615	trend_dtrader XAUUSD,H1: Alert: Please check your internet connection
0	16:40:07.616	trend_dtrader XAUUSD,H1: Alert: Please check your internet connection
0	16:40:08.611	trend_dtrader XAUUSD,H1: Alert: Please check your internet connection
0	16:40:09.616	trend_dtrader XAUUSD,H1: Alert: Please check your internet connection
0	16:40:10.613	trend_dtrader XAUUSD,H1: Alert: Please check your internet connection
0	16:40:11.615	trend_dtrader XAUUSD,H1: Alert: Please check your internet connection
0	16:40:12.612	trend_dtrader XAUUSD,H1: Alert: Please check your internet connection
0	16:40:13.615	trend_dtrader XAUUSD,H1: Alert: Please check your internet connection
0	16:40:14.611	trend_dtrader XAUUSD,H1: Alert: Please check your internet connection
0	16:40:15.615	trend_dtrader XAUUSD,H1: Alert: Please check your internet connection
0	16:40:16.613	trend_dtrader XAUUSD,H1: Alert: Please check your internet connection
0	16:40:17.614	trend_dtrader XAUUSD,H1: Alert: Please check your internet connection
0	16:40:18.614	trend_dtrader XAUUSD,H1: Alert: Please check your internet connection
0	16:40:19.614	trend_dtrader XAUUSD,H1: Alert: Please check your internet connection
0	16:40:20.615	trend_dtrader XAUUSD,H1: Alert: Please check your internet connection
0	16:40:21.615	trend_dtrader XAUUSD,H1: Alert: Please check your internet connection
0	16:40:22.614	trend_dtrader XAUUSD,H1: Alert: Please check your internet connection
0	16:40:23.611	trend_dtrader XAUUSD,H1: Alert: Please check your internet connection
0	16:40:24.614	trend_dtrader XAUUSD,H1: Alert: Please check your internet connection
0	16:40:25.612	trend_dtrader XAUUSD,H1: Alert: Please check your internet connection
0	16:40:26.628	trend_dtrader XAUUSD,H1: Alert: Please check your internet connection
0	16:40:27.613	trend_dtrader XAUUSD,H1: Alert: Please check your internet connection
0	16:40:28.613	trend_dtrader XAUUSD,H1: Alert: Please check your internet connection
0	16:40:29.613	trend_dtrader XAUUSD,H1: Alert: Please check your internet connection
0	16:40:30.612	trend_dtrader XAUUSD,H1: Alert: Please check your internet connection
0	16:40:31.613	trend_dtrader XAUUSD,H1: Alert: Please check your internet connection
0	16:40:32.613	trend_dtrader XAUUSD,H1: Alert: Please check your internet connection
0	16:40:33.613	trend_dtrader XAUUSD,H1: Alert: Please check your internet connection
0	16:40:34.613	trend_dtrader XAUUSD,H1: Alert: Please check your internet connection
0	16:40:35.612	trend_dtrader XAUUSD,H1: Alert: Please check your internet connection
0	16:40:36.613	trend_dtrader XAUUSD,H1: Alert: Please check your internet connection
0	16:40:37.612	trend_dtrader XAUUSD,H1: Alert: Please check your internet connection
0	16:40:38.612	trend_dtrader XAUUSD,H1: Alert: Please check your internet connection
0	16:40:39.612	trend_dtrader XAUUSD,H1: Alert: Please check your internet connection
0	16:40:40.612	trend_dtrader XAUUSD,H1: Alert: Please check your internet connection
0	16:40:41.612	trend_dtrader XAUUSD,H1: Alert: Please check your internet connection
0	16:40:42.611	trend_dtrader XAUUSD,H1: Alert: Please check your internet connection
0	16:40:43.611	trend_dtrader XAUUSD,H1: Alert: Please check your internet connection
0	16:40:44.611	trend_dtrader XAUUSD,H1: Alert: Please check your internet connection
0	16:40:45.611	trend_dtrader XAUUSD,H1: Alert: Please check your internet connection
0	16:40:46.612	trend_dtrader XAUUSD,H1: Alert: Please check your internet connection
0	16:40:47.611	trend_dtrader XAUUSD,H1: Alert: Please check your internet connection
0	16:40:48.611	trend_dtrader XAUUSD,H1: Alert: Please check your internet connection
0	16:40:49.611	trend_dtrader XAUUSD,H1: Alert: Please check your internet connection
0	16:40:50.617	trend_dtrader XAUUSD,H1: Alert: Please check your internet connection
0	16:40:51.617	trend_dtrader XAUUSD,H1: Alert: Please check your internet connection
0	16:40:52.613	trend_dtrader XAUUSD,H1: Alert: Please check your internet connection
0	16:40:53.617	trend_dtrader XAUUSD,H1: Alert: Please check your internet connection
0	16:40:54.617	trend_dtrader XAUUSD,H1: Alert: Please check your internet connection
0	16:40:55.615	trend_dtrader XAUUSD,H1: Alert: Please check your internet connection
0	16:40:56.617	trend_dtrader XAUUSD,H1: Alert: Please check your internet connection
0	16:40:57.616	trend_dtrader XAUUSD,H1: Alert: Please check your internet connection
0	16:40:58.616	trend_dtrader XAUUSD,H1: Alert: Please check your internet connection
0	16:40:59.611	trend_dtrader XAUUSD,H1: Alert: Please check your internet connection
0	16:41:00.616	trend_dtrader XAUUSD,H1: Alert: Please check your internet connection
0	16:41:01.613	trend_dtrader XAUUSD,H1: Alert: Please check your internet connection
0	16:41:02.616	trend_dtrader XAUUSD,H1: Alert: Please check your internet connection
0	16:41:03.615	trend_dtrader XAUUSD,H1: Alert: Please check your internet connection
0	16:41:04.615	trend_dtrader XAUUSD,H1: Alert: Please check your internet connection
0	16:41:05.613	trend_dtrader XAUUSD,H1: Alert: Please check your internet connection
0	16:41:06.615	trend_dtrader XAUUSD,H1: Alert: Please check your internet connection
0	16:41:07.612	trend_dtrader XAUUSD,H1: Alert: Please check your internet connection
0	16:41:08.615	trend_dtrader XAUUSD,H1: Alert: Please check your internet connection
0	16:41:09.616	trend_dtrader XAUUSD,H1: Alert: Please check your internet connection
0	16:41:10.614	trend_dtrader XAUUSD,H1: Alert: Please check your internet connection
0	16:41:11.615	trend_dtrader XAUUSD,H1: Alert: Please check your internet connection
0	16:41:12.615	trend_dtrader XAUUSD,H1: Alert: Please check your internet connection
0	16:41:13.612	trend_dtrader XAUUSD,H1: Alert: Please check your internet connection
0	16:41:14.615	trend_dtrader XAUUSD,H1: Alert: Please check your internet connection
0	16:41:15.612	trend_dtrader XAUUSD,H1: Alert: Please check your internet connection
0	16:41:16.613	trend_dtrader XAUUSD,H1: Alert: Please check your internet connection
0	16:41:17.614	trend_dtrader XAUUSD,H1: Alert: Please check your internet connection
0	16:41:18.614	trend_dtrader XAUUSD,H1: Alert: Please check your internet connection
0	16:41:19.614	trend_dtrader XAUUSD,H1: Alert: Please check your internet connection
0	16:41:20.613	trend_dtrader XAUUSD,H1: Alert: Please check your internet connection
0	16:41:21.613	trend_dtrader XAUUSD,H1: Alert: Please check your internet connection
0	16:41:22.614	trend_dtrader XAUUSD,H1: Alert: Please check your internet connection
0	16:41:23.614	trend_dtrader XAUUSD,H1: Alert: Please check your internet connection
0	16:41:24.612	trend_dtrader XAUUSD,H1: Alert: Please check your internet connection
0	16:41:25.614	trend_dtrader XAUUSD,H1: Alert: Please check your internet connection
0	16:41:26.611	trend_dtrader XAUUSD,H1: Alert: Please check your internet connection
0	16:41:27.613	trend_dtrader XAUUSD,H1: Alert: Please check your internet connection
0	16:41:28.613	trend_dtrader XAUUSD,H1: Alert: Please check your internet connection
0	16:41:29.613	trend_dtrader XAUUSD,H1: Alert: Please check your internet connection
0	16:41:30.613	trend_dtrader XAUUSD,H1: Alert: Please check your internet connection
0	16:41:31.612	trend_dtrader XAUUSD,H1: Alert: Please check your internet connection
0	16:41:32.613	trend_dtrader XAUUSD,H1: Alert: Please check your internet connection
0	16:41:33.612	trend_dtrader XAUUSD,H1: Alert: Please check your internet connection
0	16:41:34.612	trend_dtrader XAUUSD,H1: Alert: Please check your internet connection
0	16:41:35.611	trend_dtrader XAUUSD,H1: Alert: Please check your internet connection
0	16:41:36.612	trend_dtrader XAUUSD,H1: Alert: Please check your internet connection
0	16:41:37.611	trend_dtrader XAUUSD,H1: Alert: Please check your internet connection
0	16:41:38.613	trend_dtrader XAUUSD,H1: Alert: Please check your internet connection
0	16:41:39.612	trend_dtrader XAUUSD,H1: Alert: Please check your internet connection
0	16:41:40.612	trend_dtrader XAUUSD,H1: Alert: Please check your internet connection
0	16:41:41.611	trend_dtrader XAUUSD,H1: Alert: Please check your internet connection
0	16:41:42.611	trend_dtrader XAUUSD,H1: Alert: Please check your internet connection
0	16:41:43.611	trend_dtrader XAUUSD,H1: Alert: Please check your internet connection
0	16:41:44.611	trend_dtrader XAUUSD,H1: Alert: Please check your internet connection
0	16:41:45.617	trend_dtrader XAUUSD,H1: Alert: Please check your internet connection
0	16:41:46.617	trend_dtrader XAUUSD,H1: Alert: Please check your internet connection
0	16:41:47.612	trend_dtrader XAUUSD,H1: Alert: Please check your internet connection
0	16:41:48.617	trend_dtrader XAUUSD,H1: Alert: Please check your internet connection
0	16:41:49.611	trend_dtrader XAUUSD,H1: Alert: Please check your internet connection
0	16:41:50.614	trend_dtrader XAUUSD,H1: Alert: Please check your internet connection
0	16:41:51.615	trend_dtrader XAUUSD,H1: Alert: Please check your internet connection
0	16:41:52.616	trend_dtrader XAUUSD,H1: Alert: Please check your internet connection
0	16:41:53.617	trend_dtrader XAUUSD,H1: Alert: Please check your internet connection
0	16:41:54.613	trend_dtrader XAUUSD,H1: Alert: Please check your internet connection
0	16:41:55.616	trend_dtrader XAUUSD,H1: Alert: Please check your internet connection
0	16:41:56.614	trend_dtrader XAUUSD,H1: Alert: Please check your internet connection
0	16:41:57.616	trend_dtrader XAUUSD,H1: Alert: Please check your internet connection
0	16:41:58.617	trend_dtrader XAUUSD,H1: Alert: Please check your internet connection
0	16:41:59.616	trend_dtrader XAUUSD,H1: Alert: Please check your internet connection
0	16:42:00.612	trend_dtrader XAUUSD,H1: Alert: Please check your internet connection
0	16:42:01.615	trend_dtrader XAUUSD,H1: Alert: Please check your internet connection
0	16:42:02.611	trend_dtrader XAUUSD,H1: Alert: Please check your internet connection
0	16:42:03.611	trend_dtrader XAUUSD,H1: Alert: Please check your internet connection
0	16:42:04.615	trend_dtrader XAUUSD,H1: Alert: Please check your internet connection
0	16:42:05.614	trend_dtrader XAUUSD,H1: Alert: Please check your internet connection
0	16:42:06.612	trend_dtrader XAUUSD,H1: Alert: Please check your internet connection
0	16:42:07.614	trend_dtrader XAUUSD,H1: Alert: Please check your internet connection
0	16:42:08.614	trend_dtrader XAUUSD,H1: Alert: Please check your internet connection
0	16:42:09.615	trend_dtrader XAUUSD,H1: Alert: Please check your internet connection
0	16:42:10.615	trend_dtrader XAUUSD,H1: Alert: Please check your internet connection
0	16:42:11.614	trend_dtrader XAUUSD,H1: Alert: Please check your internet connection
0	16:42:12.613	trend_dtrader XAUUSD,H1: Alert: Please check your internet connection
0	16:42:13.613	trend_dtrader XAUUSD,H1: Alert: Please check your internet connection
0	16:42:14.614	trend_dtrader XAUUSD,H1: Alert: Please check your internet connection
0	16:42:15.613	trend_dtrader XAUUSD,H1: Alert: Please check your internet connection
0	16:42:16.613	trend_dtrader XAUUSD,H1: Alert: Please check your internet connection
0	16:42:17.613	trend_dtrader XAUUSD,H1: Alert: Please check your internet connection
0	16:42:18.614	trend_dtrader XAUUSD,H1: Alert: Please check your internet connection
0	16:42:19.614	trend_dtrader XAUUSD,H1: Alert: Please check your internet connection
0	16:42:20.613	trend_dtrader XAUUSD,H1: Alert: Please check your internet connection
0	16:42:21.613	trend_dtrader XAUUSD,H1: Alert: Please check your internet connection
0	16:42:22.612	trend_dtrader XAUUSD,H1: Alert: Please check your internet connection
0	16:42:23.613	trend_dtrader XAUUSD,H1: Alert: Please check your internet connection
0	16:42:24.613	trend_dtrader XAUUSD,H1: Alert: Please check your internet connection
0	16:42:25.614	trend_dtrader XAUUSD,H1: Alert: Please check your internet connection
0	16:42:26.613	trend_dtrader XAUUSD,H1: Alert: Please check your internet connection
0	16:42:27.612	trend_dtrader XAUUSD,H1: Alert: Please check your internet connection
0	16:42:28.612	trend_dtrader XAUUSD,H1: Alert: Please check your internet connection
0	16:42:29.612	trend_dtrader XAUUSD,H1: Alert: Please check your internet connection
0	16:42:30.612	trend_dtrader XAUUSD,H1: Alert: Please check your internet connection
0	16:42:31.611	trend_dtrader XAUUSD,H1: Alert: Please check your internet connection
0	16:42:32.612	trend_dtrader XAUUSD,H1: Alert: Please check your internet connection
0	16:42:33.613	trend_dtrader XAUUSD,H1: Alert: Please check your internet connection
0	16:42:34.613	trend_dtrader XAUUSD,H1: Alert: Please check your internet connection
0	16:42:35.612	trend_dtrader XAUUSD,H1: Alert: Please check your internet connection
0	16:42:36.611	trend_dtrader XAUUSD,H1: Alert: Please check your internet connection
0	16:42:37.611	trend_dtrader XAUUSD,H1: Alert: Please check your internet connection
0	16:42:38.612	trend_dtrader XAUUSD,H1: Alert: Please check your internet connection
0	16:42:39.612	trend_dtrader XAUUSD,H1: Alert: Please check your internet connection
0	16:42:40.614	trend_dtrader XAUUSD,H1: Alert: Please check your internet connection
0	16:42:41.618	trend_dtrader XAUUSD,H1: Alert: Please check your internet connection
0	16:42:42.617	trend_dtrader XAUUSD,H1: Alert: Please check your internet connection
0	16:42:43.613	trend_dtrader XAUUSD,H1: Alert: Please check your internet connection
0	16:42:44.617	trend_dtrader XAUUSD,H1: Alert: Please check your internet connection
0	16:42:45.616	trend_dtrader XAUUSD,H1: Alert: Please check your internet connection
0	16:42:46.613	trend_dtrader XAUUSD,H1: Alert: Please check your internet connection
0	16:42:47.617	trend_dtrader XAUUSD,H1: Alert: Please check your internet connection
0	16:42:48.611	trend_dtrader XAUUSD,H1: Alert: Please check your internet connection
0	16:42:49.616	trend_dtrader XAUUSD,H1: Alert: Please check your internet connection
0	16:42:50.611	trend_dtrader XAUUSD,H1: Alert: Please check your internet connection
0	16:42:51.615	trend_dtrader XAUUSD,H1: Alert: Please check your internet connection
0	16:42:52.616	trend_dtrader XAUUSD,H1: Alert: Please check your internet connection
0	16:42:53.615	trend_dtrader XAUUSD,H1: Alert: Please check your internet connection
0	16:42:54.615	trend_dtrader XAUUSD,H1: Alert: Please check your internet connection
0	16:42:55.614	trend_dtrader XAUUSD,H1: Alert: Please check your internet connection
0	16:42:56.616	trend_dtrader XAUUSD,H1: Alert: Please check your internet connection
0	16:42:57.615	trend_dtrader XAUUSD,H1: Alert: Please check your internet connection
0	16:42:58.611	trend_dtrader XAUUSD,H1: Alert: Please check your internet connection
0	16:42:59.615	trend_dtrader XAUUSD,H1: Alert: Please check your internet connection
0	16:43:00.611	trend_dtrader XAUUSD,H1: Alert: Please check your internet connection
0	16:43:01.614	trend_dtrader XAUUSD,H1: Alert: Please check your internet connection
0	16:43:02.615	trend_dtrader XAUUSD,H1: Alert: Please check your internet connection
0	16:43:03.615	trend_dtrader XAUUSD,H1: Alert: Please check your internet connection
0	16:43:04.614	trend_dtrader XAUUSD,H1: Alert: Please check your internet connection
0	16:43:05.614	trend_dtrader XAUUSD,H1: Alert: Please check your internet connection
0	16:43:06.612	trend_dtrader XAUUSD,H1: Alert: Please check your internet connection
0	16:43:07.614	trend_dtrader XAUUSD,H1: Alert: Please check your internet connection
0	16:43:08.615	trend_dtrader XAUUSD,H1: Alert: Please check your internet connection
0	16:43:09.613	trend_dtrader XAUUSD,H1: Alert: Please check your internet connection
0	16:43:10.613	trend_dtrader XAUUSD,H1: Alert: Please check your internet connection
0	16:43:11.614	trend_dtrader XAUUSD,H1: Alert: Please check your internet connection
0	16:43:12.615	trend_dtrader XAUUSD,H1: Alert: Please check your internet connection
0	16:43:13.613	trend_dtrader XAUUSD,H1: Alert: Please check your internet connection
0	16:43:14.614	trend_dtrader XAUUSD,H1: Alert: Please check your internet connection
0	16:43:15.614	trend_dtrader XAUUSD,H1: Alert: Please check your internet connection
0	16:43:16.611	trend_dtrader XAUUSD,H1: Alert: Please check your internet connection
0	16:43:17.614	trend_dtrader XAUUSD,H1: Alert: Please check your internet connection
0	16:43:18.614	trend_dtrader XAUUSD,H1: Alert: Please check your internet connection
0	16:43:19.613	trend_dtrader XAUUSD,H1: Alert: Please check your internet connection
0	16:43:20.612	trend_dtrader XAUUSD,H1: Alert: Please check your internet connection
0	16:43:21.611	trend_dtrader XAUUSD,H1: Alert: Please check your internet connection
0	16:43:22.611	trend_dtrader XAUUSD,H1: Alert: Please check your internet connection
0	16:43:23.612	trend_dtrader XAUUSD,H1: Alert: Please check your internet connection
0	16:43:24.612	trend_dtrader XAUUSD,H1: Alert: Please check your internet connection
0	16:43:25.611	trend_dtrader XAUUSD,H1: Alert: Please check your internet connection
0	16:43:26.611	trend_dtrader XAUUSD,H1: Alert: Please check your internet connection
0	16:43:27.612	trend_dtrader XAUUSD,H1: Alert: Please check your internet connection
0	16:43:28.611	trend_dtrader XAUUSD,H1: Alert: Please check your internet connection
0	16:43:29.611	trend_dtrader XAUUSD,H1: Alert: Please check your internet connection
0	16:43:30.611	trend_dtrader XAUUSD,H1: Alert: Please check your internet connection
0	16:43:31.611	trend_dtrader XAUUSD,H1: Alert: Please check your internet connection
0	16:43:32.611	trend_dtrader XAUUSD,H1: Alert: Please check your internet connection
0	16:43:33.615	trend_dtrader XAUUSD,H1: Alert: Please check your internet connection
0	16:43:34.617	trend_dtrader XAUUSD,H1: Alert: Please check your internet connection
0	16:43:35.618	trend_dtrader XAUUSD,H1: Alert: Please check your internet connection
0	16:43:36.615	trend_dtrader XAUUSD,H1: Alert: Please check your internet connection
0	16:43:37.611	trend_dtrader XAUUSD,H1: Alert: Please check your internet connection
0	16:43:38.617	trend_dtrader XAUUSD,H1: Alert: Please check your internet connection
0	16:43:39.616	trend_dtrader XAUUSD,H1: Alert: Please check your internet connection
0	16:43:40.616	trend_dtrader XAUUSD,H1: Alert: Please check your internet connection
0	16:43:41.616	trend_dtrader XAUUSD,H1: Alert: Please check your internet connection
0	16:43:42.615	trend_dtrader XAUUSD,H1: Alert: Please check your internet connection
0	16:43:43.611	trend_dtrader XAUUSD,H1: Alert: Please check your internet connection
0	16:43:44.617	trend_dtrader XAUUSD,H1: Alert: Please check your internet connection
0	16:43:45.616	trend_dtrader XAUUSD,H1: Alert: Please check your internet connection
0	16:43:46.613	trend_dtrader XAUUSD,H1: Alert: Please check your internet connection
0	16:43:47.616	trend_dtrader XAUUSD,H1: Alert: Please check your internet connection
0	16:43:48.617	trend_dtrader XAUUSD,H1: Alert: Please check your internet connection
0	16:43:49.616	trend_dtrader XAUUSD,H1: Alert: Please check your internet connection
0	16:43:50.616	trend_dtrader XAUUSD,H1: Alert: Please check your internet connection
0	16:43:51.613	trend_dtrader XAUUSD,H1: Alert: Please check your internet connection
0	16:43:52.616	trend_dtrader XAUUSD,H1: Alert: Please check your internet connection
0	16:43:53.616	trend_dtrader XAUUSD,H1: Alert: Please check your internet connection
0	16:43:54.616	trend_dtrader XAUUSD,H1: Alert: Please check your internet connection
0	16:43:55.612	trend_dtrader XAUUSD,H1: Alert: Please check your internet connection
0	16:43:56.615	trend_dtrader XAUUSD,H1: Alert: Please check your internet connection
0	16:43:57.616	trend_dtrader XAUUSD,H1: Alert: Please check your internet connection
0	16:43:58.614	trend_dtrader XAUUSD,H1: Alert: Please check your internet connection
0	16:43:59.614	trend_dtrader XAUUSD,H1: Alert: Please check your internet connection
0	16:44:00.611	trend_dtrader XAUUSD,H1: Alert: Please check your internet connection
0	16:44:01.614	trend_dtrader XAUUSD,H1: Alert: Please check your internet connection
0	16:44:02.614	trend_dtrader XAUUSD,H1: Alert: Please check your internet connection
0	16:44:03.614	trend_dtrader XAUUSD,H1: Alert: Please check your internet connection
0	16:44:04.612	trend_dtrader XAUUSD,H1: Alert: Please check your internet connection
0	16:44:05.613	trend_dtrader XAUUSD,H1: Alert: Please check your internet connection
0	16:44:06.613	trend_dtrader XAUUSD,H1: Alert: Please check your internet connection
0	16:44:07.613	trend_dtrader XAUUSD,H1: Alert: Please check your internet connection
0	16:44:08.613	trend_dtrader XAUUSD,H1: Alert: Please check your internet connection
0	16:44:09.614	trend_dtrader XAUUSD,H1: Alert: Please check your internet connection
0	16:44:10.614	trend_dtrader XAUUSD,H1: Alert: Please check your internet connection
0	16:44:11.614	trend_dtrader XAUUSD,H1: Alert: Please check your internet connection
0	16:44:12.612	trend_dtrader XAUUSD,H1: Alert: Please check your internet connection
0	16:44:13.614	trend_dtrader XAUUSD,H1: Alert: Please check your internet connection
0	16:44:14.613	trend_dtrader XAUUSD,H1: Alert: Please check your internet connection
0	16:44:15.612	trend_dtrader XAUUSD,H1: Alert: Please check your internet connection
0	16:44:16.612	trend_dtrader XAUUSD,H1: Alert: Please check your internet connection
0	16:44:17.611	trend_dtrader XAUUSD,H1: Alert: Please check your internet connection
0	16:44:18.613	trend_dtrader XAUUSD,H1: Alert: Please check your internet connection
0	16:44:19.611	trend_dtrader XAUUSD,H1: Alert: Please check your internet connection
0	16:44:20.612	trend_dtrader XAUUSD,H1: Alert: Please check your internet connection
0	16:44:21.611	trend_dtrader XAUUSD,H1: Alert: Please check your internet connection
0	16:44:22.611	trend_dtrader XAUUSD,H1: Alert: Please check your internet connection
0	16:44:23.612	trend_dtrader XAUUSD,H1: Alert: Please check your internet connection
0	16:44:24.611	trend_dtrader XAUUSD,H1: Alert: Please check your internet connection
0	16:44:25.611	trend_dtrader XAUUSD,H1: Alert: Please check your internet connection
0	16:44:26.610	trend_dtrader XAUUSD,H1: Alert: Please check your internet connection
0	16:44:27.612	trend_dtrader XAUUSD,H1: Alert: Please check your internet connection
0	16:44:28.610	trend_dtrader XAUUSD,H1: Alert: Please check your internet connection
0	16:44:29.611	trend_dtrader XAUUSD,H1: Alert: Please check your internet connection
0	16:44:30.613	trend_dtrader XAUUSD,H1: Alert: Please check your internet connection
0	16:44:31.611	trend_dtrader XAUUSD,H1: Alert: Please check your internet connection
0	16:44:32.618	trend_dtrader XAUUSD,H1: Alert: Please check your internet connection
0	16:44:33.617	trend_dtrader XAUUSD,H1: Alert: Please check your internet connection
0	16:44:34.616	trend_dtrader XAUUSD,H1: Alert: Please check your internet connection
0	16:44:35.615	trend_dtrader XAUUSD,H1: Alert: Please check your internet connection
0	16:44:36.611	trend_dtrader XAUUSD,H1: Alert: Please check your internet connection
0	16:44:37.616	trend_dtrader XAUUSD,H1: Alert: Please check your internet connection
0	16:44:38.614	trend_dtrader XAUUSD,H1: Alert: Please check your internet connection
0	16:44:39.614	trend_dtrader XAUUSD,H1: Alert: Please check your internet connection
0	16:44:40.616	trend_dtrader XAUUSD,H1: Alert: Please check your internet connection
0	16:44:41.616	trend_dtrader XAUUSD,H1: Alert: Please check your internet connection
0	16:44:42.610	trend_dtrader XAUUSD,H1: Alert: Please check your internet connection
0	16:44:43.615	trend_dtrader XAUUSD,H1: Alert: Please check your internet connection
0	16:44:44.616	trend_dtrader XAUUSD,H1: Alert: Please check your internet connection
0	16:44:45.616	trend_dtrader XAUUSD,H1: Alert: Please check your internet connection
0	16:44:46.615	trend_dtrader XAUUSD,H1: Alert: Please check your internet connection
0	16:44:47.615	trend_dtrader XAUUSD,H1: Alert: Please check your internet connection
0	16:44:48.615	trend_dtrader XAUUSD,H1: Alert: Please check your internet connection
0	16:44:49.612	trend_dtrader XAUUSD,H1: Alert: Please check your internet connection
0	16:44:50.615	trend_dtrader XAUUSD,H1: Alert: Please check your internet connection
0	16:44:51.612	trend_dtrader XAUUSD,H1: Alert: Please check your internet connection
0	16:44:52.639	trend_dtrader XAUUSD,H1: Alert: Please check your internet connection
0	16:44:53.612	trend_dtrader XAUUSD,H1: Alert: Please check your internet connection
0	16:44:54.611	trend_dtrader XAUUSD,H1: Alert: Please check your internet connection
0	16:44:55.615	trend_dtrader XAUUSD,H1: Alert: Please check your internet connection
0	16:44:56.612	trend_dtrader XAUUSD,H1: Alert: Please check your internet connection
0	16:44:57.614	trend_dtrader XAUUSD,H1: Alert: Please check your internet connection
0	16:44:58.613	trend_dtrader XAUUSD,H1: Alert: Please check your internet connection
0	16:44:59.612	trend_dtrader XAUUSD,H1: Alert: Please check your internet connection
0	16:45:00.614	trend_dtrader XAUUSD,H1: Alert: Please check your internet connection
0	16:45:01.612	trend_dtrader XAUUSD,H1: Alert: Please check your internet connection
0	16:45:02.613	trend_dtrader XAUUSD,H1: Alert: Please check your internet connection
0	16:45:03.613	trend_dtrader XAUUSD,H1: Alert: Please check your internet connection
0	16:45:04.613	trend_dtrader XAUUSD,H1: Alert: Please check your internet connection
0	16:45:05.613	trend_dtrader XAUUSD,H1: Alert: Please check your internet connection
0	16:45:06.614	trend_dtrader XAUUSD,H1: Alert: Please check your internet connection
0	16:45:07.613	trend_dtrader XAUUSD,H1: Alert: Please check your internet connection
0	16:45:08.613	trend_dtrader XAUUSD,H1: Alert: Please check your internet connection
0	16:45:09.613	trend_dtrader XAUUSD,H1: Alert: Please check your internet connection
0	16:45:10.613	trend_dtrader XAUUSD,H1: Alert: Please check your internet connection
0	16:45:11.612	trend_dtrader XAUUSD,H1: Alert: Please check your internet connection
0	16:45:12.611	trend_dtrader XAUUSD,H1: Alert: Please check your internet connection
0	16:45:13.612	trend_dtrader XAUUSD,H1: Alert: Please check your internet connection
0	16:45:14.613	trend_dtrader XAUUSD,H1: Alert: Please check your internet connection
0	16:45:15.612	trend_dtrader XAUUSD,H1: Alert: Please check your internet connection
0	16:45:16.611	trend_dtrader XAUUSD,H1: Alert: Please check your internet connection
0	16:45:17.612	trend_dtrader XAUUSD,H1: Alert: Please check your internet connection
0	16:45:18.612	trend_dtrader XAUUSD,H1: Alert: Please check your internet connection
0	16:45:19.612	trend_dtrader XAUUSD,H1: Alert: Please check your internet connection
0	16:45:20.611	trend_dtrader XAUUSD,H1: Alert: Please check your internet connection
0	16:45:21.612	trend_dtrader XAUUSD,H1: Alert: Please check your internet connection
0	16:45:22.611	trend_dtrader XAUUSD,H1: Alert: Please check your internet connection
0	16:45:23.612	trend_dtrader XAUUSD,H1: Alert: Please check your internet connection
0	16:45:24.618	trend_dtrader XAUUSD,H1: Alert: Please check your internet connection
0	16:45:25.610	trend_dtrader XAUUSD,H1: Alert: Please check your internet connection
0	16:45:26.614	trend_dtrader XAUUSD,H1: Alert: Please check your internet connection
0	16:45:27.612	trend_dtrader XAUUSD,H1: Alert: Please check your internet connection
0	16:45:28.616	trend_dtrader XAUUSD,H1: Alert: Please check your internet connection
0	16:45:29.616	trend_dtrader XAUUSD,H1: Alert: Please check your internet connection
0	16:45:30.611	trend_dtrader XAUUSD,H1: Alert: Please check your internet connection
0	16:45:31.616	trend_dtrader XAUUSD,H1: Alert: Please check your internet connection
0	16:45:32.617	trend_dtrader XAUUSD,H1: Alert: Please check your internet connection
0	16:45:33.612	trend_dtrader XAUUSD,H1: Alert: Please check your internet connection
0	16:45:34.616	trend_dtrader XAUUSD,H1: Alert: Please check your internet connection
0	16:45:35.616	trend_dtrader XAUUSD,H1: Alert: Please check your internet connection
0	16:45:36.614	trend_dtrader XAUUSD,H1: Alert: Please check your internet connection
0	16:45:37.616	trend_dtrader XAUUSD,H1: Alert: Please check your internet connection
0	16:45:38.614	trend_dtrader XAUUSD,H1: Alert: Please check your internet connection
0	16:45:39.615	trend_dtrader XAUUSD,H1: Alert: Please check your internet connection
0	16:45:40.616	trend_dtrader XAUUSD,H1: Alert: Please check your internet connection
0	16:45:41.615	trend_dtrader XAUUSD,H1: Alert: Please check your internet connection
0	16:45:42.612	trend_dtrader XAUUSD,H1: Alert: Please check your internet connection
0	16:45:43.615	trend_dtrader XAUUSD,H1: Alert: Please check your internet connection
0	16:45:44.615	trend_dtrader XAUUSD,H1: Alert: Please check your internet connection
0	16:45:45.611	trend_dtrader XAUUSD,H1: Alert: Please check your internet connection
0	16:45:46.615	trend_dtrader XAUUSD,H1: Alert: Please check your internet connection
0	16:45:47.615	trend_dtrader XAUUSD,H1: Alert: Please check your internet connection
0	16:45:48.613	trend_dtrader XAUUSD,H1: Alert: Please check your internet connection
0	16:45:49.612	trend_dtrader XAUUSD,H1: Alert: Please check your internet connection
0	16:45:50.615	trend_dtrader XAUUSD,H1: Alert: Please check your internet connection
0	16:45:51.614	trend_dtrader XAUUSD,H1: Alert: Please check your internet connection
0	16:45:52.614	trend_dtrader XAUUSD,H1: Alert: Please check your internet connection
0	16:45:53.612	trend_dtrader XAUUSD,H1: Alert: Please check your internet connection
0	16:45:54.614	trend_dtrader XAUUSD,H1: Alert: Please check your internet connection
0	16:45:55.614	trend_dtrader XAUUSD,H1: Alert: Please check your internet connection
0	16:45:56.614	trend_dtrader XAUUSD,H1: Alert: Please check your internet connection
0	16:45:57.612	trend_dtrader XAUUSD,H1: Alert: Please check your internet connection
0	16:45:58.610	trend_dtrader XAUUSD,H1: Alert: Please check your internet connection
0	16:45:59.613	trend_dtrader XAUUSD,H1: Alert: Please check your internet connection
0	16:46:00.614	trend_dtrader XAUUSD,H1: Alert: Please check your internet connection
0	16:46:01.612	trend_dtrader XAUUSD,H1: Alert: Please check your internet connection
0	16:46:02.613	trend_dtrader XAUUSD,H1: Alert: Please check your internet connection
0	16:46:03.612	trend_dtrader XAUUSD,H1: Alert: Please check your internet connection
0	16:46:04.614	trend_dtrader XAUUSD,H1: Alert: Please check your internet connection
0	16:46:05.613	trend_dtrader XAUUSD,H1: Alert: Please check your internet connection
0	16:46:06.612	trend_dtrader XAUUSD,H1: Alert: Please check your internet connection
0	16:46:07.611	trend_dtrader XAUUSD,H1: Alert: Please check your internet connection
0	16:46:08.611	trend_dtrader XAUUSD,H1: Alert: Please check your internet connection
0	16:46:09.611	trend_dtrader XAUUSD,H1: Alert: Please check your internet connection
0	16:46:10.611	trend_dtrader XAUUSD,H1: Alert: Please check your internet connection
0	16:46:11.612	trend_dtrader XAUUSD,H1: Alert: Please check your internet connection
0	16:46:12.611	trend_dtrader XAUUSD,H1: Alert: Please check your internet connection
0	16:46:13.612	trend_dtrader XAUUSD,H1: Alert: Please check your internet connection
0	16:46:14.611	trend_dtrader XAUUSD,H1: Alert: Please check your internet connection
0	16:46:15.612	trend_dtrader XAUUSD,H1: Alert: Please check your internet connection
0	16:46:16.613	trend_dtrader XAUUSD,H1: Alert: Please check your internet connection
0	16:46:17.612	trend_dtrader XAUUSD,H1: Alert: Please check your internet connection
0	16:46:18.611	trend_dtrader XAUUSD,H1: Alert: Please check your internet connection
0	16:46:19.617	trend_dtrader XAUUSD,H1: Alert: Please check your internet connection
0	16:46:20.615	trend_dtrader XAUUSD,H1: Alert: Please check your internet connection
0	16:46:21.617	trend_dtrader XAUUSD,H1: Alert: Please check your internet connection
0	16:46:22.617	trend_dtrader XAUUSD,H1: Alert: Please check your internet connection
0	16:46:23.615	trend_dtrader XAUUSD,H1: Alert: Please check your internet connection
0	16:46:24.617	trend_dtrader XAUUSD,H1: Alert: Please check your internet connection
0	16:46:25.614	trend_dtrader XAUUSD,H1: Alert: Please check your internet connection
0	16:46:26.613	trend_dtrader XAUUSD,H1: Alert: Please check your internet connection
0	16:46:27.616	trend_dtrader XAUUSD,H1: Alert: Please check your internet connection
0	16:46:28.613	trend_dtrader XAUUSD,H1: Alert: Please check your internet connection
0	16:46:29.617	trend_dtrader XAUUSD,H1: Alert: Please check your internet connection
0	16:46:30.616	trend_dtrader XAUUSD,H1: Alert: Please check your internet connection
0	16:46:31.612	trend_dtrader XAUUSD,H1: Alert: Please check your internet connection
0	16:46:32.615	trend_dtrader XAUUSD,H1: Alert: Please check your internet connection
0	16:46:33.616	trend_dtrader XAUUSD,H1: Alert: Please check your internet connection
0	16:46:34.616	trend_dtrader XAUUSD,H1: Alert: Please check your internet connection
0	16:46:35.613	trend_dtrader XAUUSD,H1: Alert: Please check your internet connection
0	16:46:36.616	trend_dtrader XAUUSD,H1: Alert: Please check your internet connection
0	16:46:37.614	trend_dtrader XAUUSD,H1: Alert: Please check your internet connection
0	16:46:38.616	trend_dtrader XAUUSD,H1: Alert: Please check your internet connection
0	16:46:39.615	trend_dtrader XAUUSD,H1: Alert: Please check your internet connection
0	16:46:40.611	trend_dtrader XAUUSD,H1: Alert: Please check your internet connection
0	16:46:41.614	trend_dtrader XAUUSD,H1: Alert: Please check your internet connection
0	16:46:42.614	trend_dtrader XAUUSD,H1: Alert: Please check your internet connection
0	16:46:43.612	trend_dtrader XAUUSD,H1: Alert: Please check your internet connection
0	16:46:44.614	trend_dtrader XAUUSD,H1: Alert: Please check your internet connection
0	16:46:45.614	trend_dtrader XAUUSD,H1: Alert: Please check your internet connection
0	16:46:46.614	trend_dtrader XAUUSD,H1: Alert: Please check your internet connection
0	16:46:47.611	trend_dtrader XAUUSD,H1: Alert: Please check your internet connection
0	16:46:48.614	trend_dtrader XAUUSD,H1: Alert: Please check your internet connection
0	16:46:49.612	trend_dtrader XAUUSD,H1: Alert: Please check your internet connection
0	16:46:50.614	trend_dtrader XAUUSD,H1: Alert: Please check your internet connection
0	16:46:51.612	trend_dtrader XAUUSD,H1: Alert: Please check your internet connection
0	16:46:52.614	trend_dtrader XAUUSD,H1: Alert: Please check your internet connection
0	16:46:53.613	trend_dtrader XAUUSD,H1: Alert: Please check your internet connection
0	16:46:54.613	trend_dtrader XAUUSD,H1: Alert: Please check your internet connection
0	16:46:55.612	trend_dtrader XAUUSD,H1: Alert: Please check your internet connection
0	16:46:56.612	trend_dtrader XAUUSD,H1: Alert: Please check your internet connection
0	16:46:57.612	trend_dtrader XAUUSD,H1: Alert: Please check your internet connection
0	16:46:58.612	trend_dtrader XAUUSD,H1: Alert: Please check your internet connection
0	16:46:59.613	trend_dtrader XAUUSD,H1: Alert: Please check your internet connection
0	16:47:00.613	trend_dtrader XAUUSD,H1: Alert: Please check your internet connection
0	16:47:01.612	trend_dtrader XAUUSD,H1: Alert: Please check your internet connection
0	16:47:02.612	trend_dtrader XAUUSD,H1: Alert: Please check your internet connection
0	16:47:03.613	trend_dtrader XAUUSD,H1: Alert: Please check your internet connection
0	16:47:04.613	trend_dtrader XAUUSD,H1: Alert: Please check your internet connection
0	16:47:05.612	trend_dtrader XAUUSD,H1: Alert: Please check your internet connection
0	16:47:06.611	trend_dtrader XAUUSD,H1: Alert: Please check your internet connection
0	16:47:07.611	trend_dtrader XAUUSD,H1: Alert: Please check your internet connection
0	16:47:08.611	trend_dtrader XAUUSD,H1: Alert: Please check your internet connection
0	16:47:09.611	trend_dtrader XAUUSD,H1: Alert: Please check your internet connection
0	16:47:10.612	trend_dtrader XAUUSD,H1: Alert: Please check your internet connection
0	16:47:11.613	trend_dtrader XAUUSD,H1: Alert: Please check your internet connection
0	16:47:12.611	trend_dtrader XAUUSD,H1: Alert: Please check your internet connection
0	16:47:13.612	trend_dtrader XAUUSD,H1: Alert: Please check your internet connection
0	16:47:14.618	trend_dtrader XAUUSD,H1: Alert: Please check your internet connection
0	16:47:15.616	trend_dtrader XAUUSD,H1: Alert: Please check your internet connection
0	16:47:16.612	trend_dtrader XAUUSD,H1: Alert: Please check your internet connection
0	16:47:17.613	trend_dtrader XAUUSD,H1: Alert: Please check your internet connection
0	16:47:18.617	trend_dtrader XAUUSD,H1: Alert: Please check your internet connection
0	16:47:19.613	trend_dtrader XAUUSD,H1: Alert: Please check your internet connection
0	16:47:20.616	trend_dtrader XAUUSD,H1: Alert: Please check your internet connection
0	16:47:21.612	trend_dtrader XAUUSD,H1: Alert: Please check your internet connection
0	16:47:22.618	trend_dtrader XAUUSD,H1: Alert: Please check your internet connection
0	16:47:23.617	trend_dtrader XAUUSD,H1: Alert: Please check your internet connection
0	16:47:24.612	trend_dtrader XAUUSD,H1: Alert: Please check your internet connection
0	16:47:25.616	trend_dtrader XAUUSD,H1: Alert: Please check your internet connection
0	16:47:26.615	trend_dtrader XAUUSD,H1: Alert: Please check your internet connection
0	16:47:27.617	trend_dtrader XAUUSD,H1: Alert: Please check your internet connection
0	16:47:28.615	trend_dtrader XAUUSD,H1: Alert: Please check your internet connection
0	16:47:29.613	trend_dtrader XAUUSD,H1: Alert: Please check your internet connection
0	16:47:30.617	trend_dtrader XAUUSD,H1: Alert: Please check your internet connection
0	16:47:31.612	trend_dtrader XAUUSD,H1: Alert: Please check your internet connection
0	16:47:32.615	trend_dtrader XAUUSD,H1: Alert: Please check your internet connection
0	16:47:33.614	trend_dtrader XAUUSD,H1: Alert: Please check your internet connection
0	16:47:34.613	trend_dtrader XAUUSD,H1: Alert: Please check your internet connection
0	16:47:35.614	trend_dtrader XAUUSD,H1: Alert: Please check your internet connection
0	16:47:36.614	trend_dtrader XAUUSD,H1: Alert: Please check your internet connection
0	16:47:37.615	trend_dtrader XAUUSD,H1: Alert: Please check your internet connection
0	16:47:38.611	trend_dtrader XAUUSD,H1: Alert: Please check your internet connection
0	16:47:39.614	trend_dtrader XAUUSD,H1: Alert: Please check your internet connection
0	16:47:40.612	trend_dtrader XAUUSD,H1: Alert: Please check your internet connection
0	16:47:41.614	trend_dtrader XAUUSD,H1: Alert: Please check your internet connection
0	16:47:42.614	trend_dtrader XAUUSD,H1: Alert: Please check your internet connection
0	16:47:43.613	trend_dtrader XAUUSD,H1: Alert: Please check your internet connection
0	16:47:44.613	trend_dtrader XAUUSD,H1: Alert: Please check your internet connection
0	16:47:45.614	trend_dtrader XAUUSD,H1: Alert: Please check your internet connection
0	16:47:46.614	trend_dtrader XAUUSD,H1: Alert: Please check your internet connection
0	16:47:47.615	trend_dtrader XAUUSD,H1: Alert: Please check your internet connection
0	16:47:48.614	trend_dtrader XAUUSD,H1: Alert: Please check your internet connection
0	16:47:49.613	trend_dtrader XAUUSD,H1: Alert: Please check your internet connection
0	16:47:50.613	trend_dtrader XAUUSD,H1: Alert: Please check your internet connection
0	16:47:51.611	trend_dtrader XAUUSD,H1: Alert: Please check your internet connection
0	16:47:52.611	trend_dtrader XAUUSD,H1: Alert: Please check your internet connection
0	16:47:53.613	trend_dtrader XAUUSD,H1: Alert: Please check your internet connection
0	16:47:54.612	trend_dtrader XAUUSD,H1: Alert: Please check your internet connection
0	16:47:55.613	trend_dtrader XAUUSD,H1: Alert: Please check your internet connection
0	16:47:56.612	trend_dtrader XAUUSD,H1: Alert: Please check your internet connection
0	16:47:57.611	trend_dtrader XAUUSD,H1: Alert: Please check your internet connection
0	16:47:58.612	trend_dtrader XAUUSD,H1: Alert: Please check your internet connection
0	16:47:59.612	trend_dtrader XAUUSD,H1: Alert: Please check your internet connection
0	16:48:00.611	trend_dtrader XAUUSD,H1: Alert: Please check your internet connection
0	16:48:01.611	trend_dtrader XAUUSD,H1: Alert: Please check your internet connection
0	16:48:02.612	trend_dtrader XAUUSD,H1: Alert: Please check your internet connection
0	16:48:03.611	trend_dtrader XAUUSD,H1: Alert: Please check your internet connection
0	16:48:04.613	trend_dtrader XAUUSD,H1: Alert: Please check your internet connection
0	16:48:05.612	trend_dtrader XAUUSD,H1: Alert: Please check your internet connection
0	16:48:06.613	trend_dtrader XAUUSD,H1: Alert: Please check your internet connection
0	16:48:07.610	trend_dtrader XAUUSD,H1: Alert: Please check your internet connection
0	16:48:08.613	trend_dtrader XAUUSD,H1: Alert: Please check your internet connection
0	16:48:09.613	trend_dtrader XAUUSD,H1: Alert: Please check your internet connection
0	16:48:10.611	trend_dtrader XAUUSD,H1: Alert: Please check your internet connection
0	16:48:11.617	trend_dtrader XAUUSD,H1: Alert: Please check your internet connection
0	16:48:12.610	trend_dtrader XAUUSD,H1: Alert: Please check your internet connection
0	16:48:13.612	trend_dtrader XAUUSD,H1: Alert: Please check your internet connection
0	16:48:14.618	trend_dtrader XAUUSD,H1: Alert: Please check your internet connection
0	16:48:15.613	trend_dtrader XAUUSD,H1: Alert: Please check your internet connection
0	16:48:16.617	trend_dtrader XAUUSD,H1: Alert: Please check your internet connection
0	16:48:17.614	trend_dtrader XAUUSD,H1: Alert: Please check your internet connection
0	16:48:18.616	trend_dtrader XAUUSD,H1: Alert: Please check your internet connection
0	16:48:19.616	trend_dtrader XAUUSD,H1: Alert: Please check your internet connection
0	16:48:20.616	trend_dtrader XAUUSD,H1: Alert: Please check your internet connection
0	16:48:21.612	trend_dtrader XAUUSD,H1: Alert: Please check your internet connection
0	16:48:22.612	trend_dtrader XAUUSD,H1: Alert: Please check your internet connection
0	16:48:23.615	trend_dtrader XAUUSD,H1: Alert: Please check your internet connection
0	16:48:24.612	trend_dtrader XAUUSD,H1: Alert: Please check your internet connection
0	16:48:25.611	trend_dtrader XAUUSD,H1: Alert: Please check your internet connection
0	16:48:26.615	trend_dtrader XAUUSD,H1: Alert: Please check your internet connection
0	16:48:27.614	trend_dtrader XAUUSD,H1: Alert: Please check your internet connection
0	16:48:28.610	trend_dtrader XAUUSD,H1: Alert: Please check your internet connection
0	16:48:29.614	trend_dtrader XAUUSD,H1: Alert: Please check your internet connection
0	16:48:30.614	trend_dtrader XAUUSD,H1: Alert: Please check your internet connection
0	16:48:31.614	trend_dtrader XAUUSD,H1: Alert: Please check your internet connection
0	16:48:32.614	trend_dtrader XAUUSD,H1: Alert: Please check your internet connection
0	16:48:33.613	trend_dtrader XAUUSD,H1: Alert: Please check your internet connection
0	16:48:34.611	trend_dtrader XAUUSD,H1: Alert: Please check your internet connection
0	16:48:35.614	trend_dtrader XAUUSD,H1: Alert: Please check your internet connection
0	16:48:36.615	trend_dtrader XAUUSD,H1: Alert: Please check your internet connection
0	16:48:37.614	trend_dtrader XAUUSD,H1: Alert: Please check your internet connection
0	16:48:38.615	trend_dtrader XAUUSD,H1: Alert: Please check your internet connection
0	16:48:39.612	trend_dtrader XAUUSD,H1: Alert: Please check your internet connection
0	16:48:40.613	trend_dtrader XAUUSD,H1: Alert: Please check your internet connection
0	16:48:41.612	trend_dtrader XAUUSD,H1: Alert: Please check your internet connection
0	16:48:42.613	trend_dtrader XAUUSD,H1: Alert: Please check your internet connection
0	16:48:43.611	trend_dtrader XAUUSD,H1: Alert: Please check your internet connection
0	16:48:44.612	trend_dtrader XAUUSD,H1: Alert: Please check your internet connection
0	16:48:45.613	trend_dtrader XAUUSD,H1: Alert: Please check your internet connection
0	16:48:46.612	trend_dtrader XAUUSD,H1: Alert: Please check your internet connection
0	16:48:47.612	trend_dtrader XAUUSD,H1: Alert: Please check your internet connection
0	16:48:48.613	trend_dtrader XAUUSD,H1: Alert: Please check your internet connection
0	16:48:49.614	trend_dtrader XAUUSD,H1: Alert: Please check your internet connection
0	16:48:50.613	trend_dtrader XAUUSD,H1: Alert: Please check your internet connection
0	16:48:51.613	trend_dtrader XAUUSD,H1: Alert: Please check your internet connection
0	16:48:52.612	trend_dtrader XAUUSD,H1: Alert: Please check your internet connection
0	16:48:53.612	trend_dtrader XAUUSD,H1: Alert: Please check your internet connection
0	16:48:54.612	trend_dtrader XAUUSD,H1: Alert: Please check your internet connection
0	16:48:55.613	trend_dtrader XAUUSD,H1: Alert: Please check your internet connection
0	16:48:56.612	trend_dtrader XAUUSD,H1: Alert: Please check your internet connection
0	16:48:57.721	trend_dtrader XAUUSD,H1: Failed modifying ETCUSD
0	16:48:58.612	trend_dtrader XAUUSD,H1: Failed modifying ETCUSD
0	16:48:59.633	trend_dtrader XAUUSD,H1: Failed modifying ETCUSD
0	16:49:00.611	trend_dtrader XAUUSD,H1: Failed modifying ETCUSD
0	16:49:01.613	trend_dtrader XAUUSD,H1: Alert: Please check your internet connection
0	16:49:02.617	trend_dtrader XAUUSD,H1: Alert: Please check your internet connection
0	16:49:03.618	trend_dtrader XAUUSD,H1: Failed modifying ETCUSD
0	16:49:04.612	trend_dtrader XAUUSD,H1: Failed modifying ETCUSD
0	16:49:05.612	trend_dtrader XAUUSD,H1: Failed modifying ETCUSD
0	16:49:06.616	trend_dtrader XAUUSD,H1: Failed modifying ETCUSD
0	16:49:07.611	trend_dtrader XAUUSD,H1: Failed modifying ETCUSD
0	16:49:08.612	trend_dtrader XAUUSD,H1: Failed modifying ETCUSD
0	16:49:09.617	trend_dtrader XAUUSD,H1: Failed modifying ETCUSD
0	16:49:10.616	trend_dtrader XAUUSD,H1: Failed modifying ETCUSD
0	16:49:11.611	trend_dtrader XAUUSD,H1: Failed modifying ETCUSD
0	16:49:12.615	trend_dtrader XAUUSD,H1: Failed modifying ETCUSD
0	16:49:13.612	trend_dtrader XAUUSD,H1: Failed modifying ETCUSD
0	16:49:14.614	trend_dtrader XAUUSD,H1: Failed modifying ETCUSD
0	16:49:15.616	trend_dtrader XAUUSD,H1: Failed modifying ETCUSD
0	16:49:16.642	trend_dtrader XAUUSD,H1: Failed modifying ETCUSD
0	16:49:17.615	trend_dtrader XAUUSD,H1: Failed modifying ETCUSD
0	16:49:18.615	trend_dtrader XAUUSD,H1: Failed modifying ETCUSD
0	16:49:19.616	trend_dtrader XAUUSD,H1: Failed modifying ETCUSD
0	16:49:20.615	trend_dtrader XAUUSD,H1: Failed modifying ETCUSD
0	16:49:21.615	trend_dtrader XAUUSD,H1: Failed modifying ETCUSD
0	16:49:22.612	trend_dtrader XAUUSD,H1: Failed modifying ETCUSD
0	16:49:23.615	trend_dtrader XAUUSD,H1: Failed modifying ETCUSD
0	16:49:24.612	trend_dtrader XAUUSD,H1: Failed modifying ETCUSD
0	16:49:25.611	trend_dtrader XAUUSD,H1: Failed modifying ETCUSD
0	16:49:26.615	trend_dtrader XAUUSD,H1: Failed modifying ETCUSD
0	16:49:27.612	trend_dtrader XAUUSD,H1: Failed modifying ETCUSD
0	16:49:28.615	trend_dtrader XAUUSD,H1: Failed modifying ETCUSD
0	16:49:29.643	trend_dtrader XAUUSD,H1: Failed modifying ETCUSD
0	16:49:30.615	trend_dtrader XAUUSD,H1: Failed modifying ETCUSD
0	16:49:31.614	trend_dtrader XAUUSD,H1: Failed modifying ETCUSD
0	16:49:32.614	trend_dtrader XAUUSD,H1: Failed modifying ETCUSD
0	16:49:33.613	trend_dtrader XAUUSD,H1: Failed modifying ETCUSD
0	16:49:34.613	trend_dtrader XAUUSD,H1: Failed modifying ETCUSD
0	16:49:35.613	trend_dtrader XAUUSD,H1: Failed modifying ETCUSD
0	16:49:36.616	trend_dtrader XAUUSD,H1: Failed modifying ETCUSD
0	16:49:37.614	trend_dtrader XAUUSD,H1: Failed modifying ETCUSD
0	16:49:38.612	trend_dtrader XAUUSD,H1: Failed modifying ETCUSD
0	16:49:39.613	trend_dtrader XAUUSD,H1: Failed modifying ETCUSD
0	16:49:40.613	trend_dtrader XAUUSD,H1: Failed modifying ETCUSD
0	16:49:41.614	trend_dtrader XAUUSD,H1: Failed modifying ETCUSD
0	16:49:42.619	trend_dtrader XAUUSD,H1: Failed modifying ETCUSD
0	16:49:43.617	trend_dtrader XAUUSD,H1: Failed modifying ETCUSD
0	16:49:44.611	trend_dtrader XAUUSD,H1: Failed modifying ETCUSD
0	16:49:45.611	trend_dtrader XAUUSD,H1: Failed modifying ETCUSD
0	16:49:46.612	trend_dtrader XAUUSD,H1: Failed modifying ETCUSD
0	16:49:47.613	trend_dtrader XAUUSD,H1: Failed modifying ETCUSD
0	16:49:48.612	trend_dtrader XAUUSD,H1: Failed modifying ETCUSD
0	16:49:49.612	trend_dtrader XAUUSD,H1: Failed modifying ETCUSD
0	16:49:50.631	trend_dtrader XAUUSD,H1: Failed modifying ETCUSD
0	16:49:51.613	trend_dtrader XAUUSD,H1: Failed modifying ETCUSD
0	16:49:52.612	trend_dtrader XAUUSD,H1: Failed modifying ETCUSD
0	16:49:53.621	trend_dtrader XAUUSD,H1: Failed modifying ETCUSD
0	16:49:54.612	trend_dtrader XAUUSD,H1: Failed modifying ETCUSD
0	16:49:55.611	trend_dtrader XAUUSD,H1: Failed modifying ETCUSD
0	16:49:56.623	trend_dtrader XAUUSD,H1: Failed modifying ETCUSD
0	16:49:57.612	trend_dtrader XAUUSD,H1: Failed modifying ETCUSD
0	16:49:58.610	trend_dtrader XAUUSD,H1: Failed modifying ETCUSD
0	16:49:59.617	trend_dtrader XAUUSD,H1: Failed modifying ETCUSD
0	16:50:00.668	trend_dtrader XAUUSD,H1: Failed modifying ETCUSD
0	16:50:01.615	trend_dtrader XAUUSD,H1: Failed modifying ETCUSD
0	16:50:02.617	trend_dtrader XAUUSD,H1: Failed modifying ETCUSD
0	16:50:03.620	trend_dtrader XAUUSD,H1: Failed modifying ETCUSD
0	16:50:04.668	trend_dtrader XAUUSD,H1: Failed modifying ETCUSD
0	16:50:05.615	trend_dtrader XAUUSD,H1: Failed modifying ETCUSD
0	16:50:06.613	trend_dtrader XAUUSD,H1: Failed modifying ETCUSD
0	16:50:07.612	trend_dtrader XAUUSD,H1: Failed modifying ETCUSD
0	16:50:08.642	trend_dtrader XAUUSD,H1: Failed modifying ETCUSD
0	16:50:09.613	trend_dtrader XAUUSD,H1: Failed modifying ETCUSD
0	16:50:10.616	trend_dtrader XAUUSD,H1: Failed modifying ETCUSD
0	16:50:11.614	trend_dtrader XAUUSD,H1: Failed modifying ETCUSD
0	16:50:12.622	trend_dtrader XAUUSD,H1: Failed modifying ETCUSD
0	16:50:13.625	trend_dtrader XAUUSD,H1: Failed modifying ETCUSD
0	16:50:14.621	trend_dtrader XAUUSD,H1: Failed modifying ETCUSD
0	16:50:15.615	trend_dtrader XAUUSD,H1: Failed modifying ETCUSD
0	16:50:16.632	trend_dtrader XAUUSD,H1: Failed modifying ETCUSD
0	16:50:17.612	trend_dtrader XAUUSD,H1: Failed modifying ETCUSD
0	16:50:18.615	trend_dtrader XAUUSD,H1: Failed modifying ETCUSD
0	16:50:19.616	trend_dtrader XAUUSD,H1: Failed modifying ETCUSD
0	16:50:20.650	trend_dtrader XAUUSD,H1: Failed modifying ETCUSD
0	16:50:21.622	trend_dtrader XAUUSD,H1: Failed modifying ETCUSD
0	16:50:22.630	trend_dtrader XAUUSD,H1: Failed modifying ETCUSD
0	16:50:23.655	trend_dtrader XAUUSD,H1: Failed modifying ETCUSD
0	16:50:24.611	trend_dtrader XAUUSD,H1: Failed modifying ETCUSD
0	16:50:25.640	trend_dtrader XAUUSD,H1: Failed modifying ETCUSD
0	16:50:26.685	trend_dtrader XAUUSD,H1: Failed modifying ETCUSD
0	16:50:27.632	trend_dtrader XAUUSD,H1: Failed modifying ETCUSD
0	16:50:28.614	trend_dtrader XAUUSD,H1: Failed modifying ETCUSD
0	16:50:29.639	trend_dtrader XAUUSD,H1: Failed modifying ETCUSD
0	16:50:30.616	trend_dtrader XAUUSD,H1: Failed modifying ETCUSD
0	16:50:31.614	trend_dtrader XAUUSD,H1: Failed modifying ETCUSD
0	16:50:32.615	trend_dtrader XAUUSD,H1: Failed modifying ETCUSD
0	16:50:33.613	trend_dtrader XAUUSD,H1: Failed modifying ETCUSD
0	16:50:34.613	trend_dtrader XAUUSD,H1: Failed modifying ETCUSD
0	16:50:35.614	trend_dtrader XAUUSD,H1: Failed modifying ETCUSD
0	16:50:36.612	trend_dtrader XAUUSD,H1: Failed modifying ETCUSD
0	16:50:37.611	trend_dtrader XAUUSD,H1: Failed modifying ETCUSD
0	16:50:38.661	trend_dtrader XAUUSD,H1: Failed modifying ETCUSD
0	16:50:39.667	trend_dtrader XAUUSD,H1: Failed modifying ETCUSD
0	16:50:40.612	trend_dtrader XAUUSD,H1: Failed modifying ETCUSD
0	16:50:41.613	trend_dtrader XAUUSD,H1: Failed modifying ETCUSD
0	16:50:42.613	trend_dtrader XAUUSD,H1: Failed modifying ETCUSD
0	16:50:43.612	trend_dtrader XAUUSD,H1: Failed modifying ETCUSD
0	16:50:44.612	trend_dtrader XAUUSD,H1: Failed modifying ETCUSD
0	16:50:45.611	trend_dtrader XAUUSD,H1: Failed modifying ETCUSD
0	16:50:46.611	trend_dtrader XAUUSD,H1: Failed modifying ETCUSD
0	16:50:47.611	trend_dtrader XAUUSD,H1: Failed modifying ETCUSD
0	16:50:48.611	trend_dtrader XAUUSD,H1: Failed modifying ETCUSD
0	16:50:49.611	trend_dtrader XAUUSD,H1: Failed modifying ETCUSD
0	16:50:50.611	trend_dtrader XAUUSD,H1: Failed modifying ETCUSD
0	16:50:51.617	trend_dtrader XAUUSD,H1: Failed modifying ETCUSD
0	16:50:52.616	trend_dtrader XAUUSD,H1: Failed modifying ETCUSD
0	16:50:53.617	trend_dtrader XAUUSD,H1: Failed modifying ETCUSD
0	16:50:54.642	trend_dtrader XAUUSD,H1: Failed modifying ETCUSD
0	16:50:55.612	trend_dtrader XAUUSD,H1: Failed modifying ETCUSD
0	16:50:56.617	trend_dtrader XAUUSD,H1: Failed modifying ETCUSD
0	16:50:57.614	trend_dtrader XAUUSD,H1: Failed modifying ETCUSD
0	16:50:58.617	trend_dtrader XAUUSD,H1: Failed modifying ETCUSD
0	16:50:59.613	trend_dtrader XAUUSD,H1: Failed modifying ETCUSD
0	16:51:00.614	trend_dtrader XAUUSD,H1: Failed modifying ETCUSD
0	16:51:01.620	trend_dtrader XAUUSD,H1: Failed modifying ETCUSD
0	16:51:02.633	trend_dtrader XAUUSD,H1: Failed modifying ETCUSD
0	16:51:03.616	trend_dtrader XAUUSD,H1: Failed modifying ETCUSD
0	16:51:04.611	trend_dtrader XAUUSD,H1: Failed modifying ETCUSD
0	16:51:05.616	trend_dtrader XAUUSD,H1: Failed modifying ETCUSD
0	16:51:06.612	trend_dtrader XAUUSD,H1: Failed modifying ETCUSD
0	16:51:07.616	trend_dtrader XAUUSD,H1: Failed modifying ETCUSD
0	16:51:08.634	trend_dtrader XAUUSD,H1: Failed modifying ETCUSD
0	16:51:09.616	trend_dtrader XAUUSD,H1: Failed modifying ETCUSD
0	16:51:10.620	trend_dtrader XAUUSD,H1: Failed modifying ETCUSD
0	16:51:11.615	trend_dtrader XAUUSD,H1: Failed modifying ETCUSD
0	16:51:12.616	trend_dtrader XAUUSD,H1: Failed modifying ETCUSD
0	16:51:13.611	trend_dtrader XAUUSD,H1: Failed modifying ETCUSD
0	16:51:14.614	trend_dtrader XAUUSD,H1: Failed modifying ETCUSD
0	16:51:15.615	trend_dtrader XAUUSD,H1: Failed modifying ETCUSD
0	16:51:16.617	trend_dtrader XAUUSD,H1: Failed modifying ETCUSD
0	16:51:17.614	trend_dtrader XAUUSD,H1: Failed modifying ETCUSD
0	16:51:18.630	trend_dtrader XAUUSD,H1: Failed modifying ETCUSD
0	16:51:19.617	trend_dtrader XAUUSD,H1: Failed modifying ETCUSD
0	16:51:20.612	trend_dtrader XAUUSD,H1: Failed modifying ETCUSD
0	16:51:21.617	trend_dtrader XAUUSD,H1: Failed modifying ETCUSD
0	16:51:22.622	trend_dtrader XAUUSD,H1: Failed modifying ETCUSD
0	16:51:23.614	trend_dtrader XAUUSD,H1: Failed modifying ETCUSD
0	16:51:24.613	trend_dtrader XAUUSD,H1: Failed modifying ETCUSD
0	16:51:25.616	trend_dtrader XAUUSD,H1: Failed modifying ETCUSD
0	16:51:26.614	trend_dtrader XAUUSD,H1: Failed modifying ETCUSD
0	16:51:27.614	trend_dtrader XAUUSD,H1: Failed modifying ETCUSD
0	16:51:28.624	trend_dtrader XAUUSD,H1: Failed modifying ETCUSD
0	16:51:29.613	trend_dtrader XAUUSD,H1: Failed modifying ETCUSD
0	16:51:30.614	trend_dtrader XAUUSD,H1: Failed modifying ETCUSD
0	16:51:31.613	trend_dtrader XAUUSD,H1: Failed modifying ETCUSD
0	16:51:32.637	trend_dtrader XAUUSD,H1: Failed modifying ETCUSD
0	16:51:33.613	trend_dtrader XAUUSD,H1: Failed modifying ETCUSD
0	16:51:34.613	trend_dtrader XAUUSD,H1: Failed modifying ETCUSD
0	16:51:35.614	trend_dtrader XAUUSD,H1: Failed modifying ETCUSD
0	16:51:36.612	trend_dtrader XAUUSD,H1: Failed modifying ETCUSD
0	16:51:37.612	trend_dtrader XAUUSD,H1: Failed modifying ETCUSD
0	16:51:38.612	trend_dtrader XAUUSD,H1: Failed modifying ETCUSD
0	16:51:39.620	trend_dtrader XAUUSD,H1: Failed modifying ETCUSD
0	16:51:40.611	trend_dtrader XAUUSD,H1: Failed modifying ETCUSD
0	16:51:41.611	trend_dtrader XAUUSD,H1: Failed modifying ETCUSD
0	16:51:42.629	trend_dtrader XAUUSD,H1: Failed modifying ETCUSD
0	16:51:43.659	trend_dtrader XAUUSD,H1: Failed modifying ETCUSD
0	16:51:44.614	trend_dtrader XAUUSD,H1: Failed modifying ETCUSD
0	16:51:45.612	trend_dtrader XAUUSD,H1: Failed modifying ETCUSD
0	16:51:46.611	trend_dtrader XAUUSD,H1: Failed modifying ETCUSD
0	16:51:47.612	trend_dtrader XAUUSD,H1: Failed modifying ETCUSD
0	16:51:48.646	trend_dtrader XAUUSD,H1: Failed modifying ETCUSD
0	16:51:49.618	trend_dtrader XAUUSD,H1: Failed modifying ETCUSD
0	16:51:50.618	trend_dtrader XAUUSD,H1: Failed modifying ETCUSD
0	16:51:51.612	trend_dtrader XAUUSD,H1: Failed modifying ETCUSD
0	16:51:52.629	trend_dtrader XAUUSD,H1: Failed modifying ETCUSD
0	16:51:53.610	trend_dtrader XAUUSD,H1: Failed modifying ETCUSD
0	16:51:54.617	trend_dtrader XAUUSD,H1: Failed modifying ETCUSD
0	16:51:55.613	trend_dtrader XAUUSD,H1: Failed modifying ETCUSD
0	16:51:56.616	trend_dtrader XAUUSD,H1: Failed modifying ETCUSD
0	16:51:57.611	trend_dtrader XAUUSD,H1: Failed modifying ETCUSD
0	16:51:58.616	trend_dtrader XAUUSD,H1: Failed modifying ETCUSD
0	16:51:59.637	trend_dtrader XAUUSD,H1: Failed modifying ETCUSD
0	16:52:00.617	trend_dtrader XAUUSD,H1: Failed modifying ETCUSD
0	16:52:01.613	trend_dtrader XAUUSD,H1: Failed modifying ETCUSD
0	16:52:02.616	trend_dtrader XAUUSD,H1: Failed modifying ETCUSD
0	16:52:03.612	trend_dtrader XAUUSD,H1: Failed modifying ETCUSD
0	16:52:04.616	trend_dtrader XAUUSD,H1: Failed modifying ETCUSD
0	16:52:05.613	trend_dtrader XAUUSD,H1: Failed modifying ETCUSD
0	16:52:06.614	trend_dtrader XAUUSD,H1: Failed modifying ETCUSD
0	16:52:07.620	trend_dtrader XAUUSD,H1: Failed modifying ETCUSD
0	16:52:08.615	trend_dtrader XAUUSD,H1: Failed modifying ETCUSD
0	16:52:09.612	trend_dtrader XAUUSD,H1: Failed modifying ETCUSD
0	16:52:10.618	trend_dtrader XAUUSD,H1: Failed modifying ETCUSD
0	16:52:11.614	trend_dtrader XAUUSD,H1: Failed modifying ETCUSD
0	16:52:12.615	trend_dtrader XAUUSD,H1: Failed modifying ETCUSD
0	16:52:13.615	trend_dtrader XAUUSD,H1: Failed modifying ETCUSD
0	16:52:14.622	trend_dtrader XAUUSD,H1: Failed modifying ETCUSD
0	16:52:15.614	trend_dtrader XAUUSD,H1: Failed modifying ETCUSD
0	16:52:16.615	trend_dtrader XAUUSD,H1: Failed modifying ETCUSD
0	16:52:17.613	trend_dtrader XAUUSD,H1: Failed modifying ETCUSD
0	16:52:18.614	trend_dtrader XAUUSD,H1: Failed modifying ETCUSD
0	16:52:19.646	trend_dtrader XAUUSD,H1: Failed modifying ETCUSD
0	16:52:20.633	trend_dtrader XAUUSD,H1: Failed modifying ETCUSD
0	16:52:21.617	trend_dtrader XAUUSD,H1: Failed modifying ETCUSD
0	16:52:22.611	trend_dtrader XAUUSD,H1: Failed modifying ETCUSD
0	16:52:23.613	trend_dtrader XAUUSD,H1: Failed modifying ETCUSD
0	16:52:24.657	trend_dtrader XAUUSD,H1: Failed modifying ETCUSD
0	16:52:25.610	trend_dtrader XAUUSD,H1: Failed modifying ETCUSD
0	16:52:26.623	trend_dtrader XAUUSD,H1: Failed modifying ETCUSD
0	16:52:27.611	trend_dtrader XAUUSD,H1: Failed modifying ETCUSD
0	16:52:28.611	trend_dtrader XAUUSD,H1: Failed modifying ETCUSD
0	16:52:29.612	trend_dtrader XAUUSD,H1: Failed modifying ETCUSD
0	16:52:30.625	trend_dtrader XAUUSD,H1: Failed modifying ETCUSD
0	16:52:31.641	trend_dtrader XAUUSD,H1: Failed modifying ETCUSD
0	16:52:32.612	trend_dtrader XAUUSD,H1: Failed modifying ETCUSD
0	16:52:33.612	trend_dtrader XAUUSD,H1: Failed modifying ETCUSD
0	16:52:34.612	trend_dtrader XAUUSD,H1: Failed modifying ETCUSD
0	16:52:35.613	trend_dtrader XAUUSD,H1: Failed modifying ETCUSD
0	16:52:36.610	trend_dtrader XAUUSD,H1: Failed modifying ETCUSD
0	16:52:37.611	trend_dtrader XAUUSD,H1: Failed modifying ETCUSD
0	16:52:38.611	trend_dtrader XAUUSD,H1: Failed modifying ETCUSD
0	16:52:39.611	trend_dtrader XAUUSD,H1: Failed modifying ETCUSD
0	16:52:40.626	trend_dtrader XAUUSD,H1: Failed modifying ETCUSD
0	16:52:41.612	trend_dtrader XAUUSD,H1: Failed modifying ETCUSD
0	16:52:42.618	trend_dtrader XAUUSD,H1: Failed modifying ETCUSD
0	16:52:43.616	trend_dtrader XAUUSD,H1: Failed modifying ETCUSD
0	16:52:44.617	trend_dtrader XAUUSD,H1: Failed modifying ETCUSD
0	16:52:45.617	trend_dtrader XAUUSD,H1: Failed modifying ETCUSD
0	16:52:46.614	trend_dtrader XAUUSD,H1: Failed modifying ETCUSD
0	16:52:47.617	trend_dtrader XAUUSD,H1: Failed modifying ETCUSD
0	16:52:48.612	trend_dtrader XAUUSD,H1: Failed modifying ETCUSD
0	16:52:49.617	trend_dtrader XAUUSD,H1: Failed modifying ETCUSD
0	16:52:50.618	trend_dtrader XAUUSD,H1: Failed modifying ETCUSD
0	16:52:51.616	trend_dtrader XAUUSD,H1: Failed modifying ETCUSD
0	16:52:52.617	trend_dtrader XAUUSD,H1: Failed modifying ETCUSD
0	16:52:53.624	trend_dtrader XAUUSD,H1: Failed modifying ETCUSD
0	16:52:54.611	trend_dtrader XAUUSD,H1: Failed modifying ETCUSD
0	16:52:55.644	trend_dtrader XAUUSD,H1: Failed modifying ETCUSD
0	16:52:56.611	trend_dtrader XAUUSD,H1: Failed modifying ETCUSD
0	16:52:57.616	trend_dtrader XAUUSD,H1: Failed modifying ETCUSD
0	16:52:58.614	trend_dtrader XAUUSD,H1: Failed modifying ETCUSD
0	16:52:59.619	trend_dtrader XAUUSD,H1: Failed modifying ETCUSD
0	16:53:00.615	trend_dtrader XAUUSD,H1: Failed modifying ETCUSD
0	16:53:01.617	trend_dtrader XAUUSD,H1: Failed modifying ETCUSD
0	16:53:02.615	trend_dtrader XAUUSD,H1: Failed modifying ETCUSD
0	16:53:03.615	trend_dtrader XAUUSD,H1: Failed modifying ETCUSD
0	16:53:04.612	trend_dtrader XAUUSD,H1: Failed modifying ETCUSD
0	16:53:05.615	trend_dtrader XAUUSD,H1: Failed modifying ETCUSD
0	16:53:06.612	trend_dtrader XAUUSD,H1: Failed modifying ETCUSD
0	16:53:07.612	trend_dtrader XAUUSD,H1: Failed modifying ETCUSD
0	16:53:08.632	trend_dtrader XAUUSD,H1: Failed modifying ETCUSD
0	16:53:09.616	trend_dtrader XAUUSD,H1: Failed modifying ETCUSD
0	16:53:10.615	trend_dtrader XAUUSD,H1: Failed modifying ETCUSD
0	16:53:11.614	trend_dtrader XAUUSD,H1: Failed modifying ETCUSD
0	16:53:12.620	trend_dtrader XAUUSD,H1: Failed modifying ETCUSD
0	16:53:13.614	trend_dtrader XAUUSD,H1: Failed modifying ETCUSD
0	16:53:14.650	trend_dtrader XAUUSD,H1: Failed modifying ETCUSD
0	16:53:15.613	trend_dtrader XAUUSD,H1: Failed modifying ETCUSD
0	16:53:16.614	trend_dtrader XAUUSD,H1: Failed modifying ETCUSD
0	16:53:17.621	trend_dtrader XAUUSD,H1: Failed modifying ETCUSD
0	16:53:18.612	trend_dtrader XAUUSD,H1: Failed modifying ETCUSD
0	16:53:19.614	trend_dtrader XAUUSD,H1: Failed modifying ETCUSD
0	16:53:20.613	trend_dtrader XAUUSD,H1: Failed modifying ETCUSD
0	16:53:21.623	trend_dtrader XAUUSD,H1: Failed modifying ETCUSD
0	16:53:22.611	trend_dtrader XAUUSD,H1: Failed modifying ETCUSD
0	16:53:23.612	trend_dtrader XAUUSD,H1: Failed modifying ETCUSD
0	16:53:24.612	trend_dtrader XAUUSD,H1: Failed modifying ETCUSD
0	16:53:25.613	trend_dtrader XAUUSD,H1: Failed modifying ETCUSD
0	16:53:26.637	trend_dtrader XAUUSD,H1: Failed modifying ETCUSD
0	16:53:27.612	trend_dtrader XAUUSD,H1: Failed modifying ETCUSD
0	16:53:28.612	trend_dtrader XAUUSD,H1: Failed modifying ETCUSD
0	16:53:29.617	trend_dtrader XAUUSD,H1: Failed modifying ETCUSD
0	16:53:30.611	trend_dtrader XAUUSD,H1: Failed modifying ETCUSD
0	16:53:31.629	trend_dtrader XAUUSD,H1: Failed modifying ETCUSD
0	16:53:32.611	trend_dtrader XAUUSD,H1: Failed modifying ETCUSD
0	16:53:33.619	trend_dtrader XAUUSD,H1: Failed modifying ETCUSD
0	16:53:34.611	trend_dtrader XAUUSD,H1: Failed modifying ETCUSD
0	16:53:35.610	trend_dtrader XAUUSD,H1: Failed modifying ETCUSD
0	16:53:36.611	trend_dtrader XAUUSD,H1: Failed modifying ETCUSD
0	16:53:37.627	trend_dtrader XAUUSD,H1: Failed modifying ETCUSD
0	16:53:38.611	trend_dtrader XAUUSD,H1: Failed modifying ETCUSD
0	16:53:39.651	trend_dtrader XAUUSD,H1: Failed modifying ETCUSD
0	16:53:40.652	trend_dtrader XAUUSD,H1: Failed modifying ETCUSD
0	16:53:41.613	trend_dtrader XAUUSD,H1: Failed modifying ETCUSD
0	16:53:42.618	trend_dtrader XAUUSD,H1: Failed modifying ETCUSD
0	16:53:43.616	trend_dtrader XAUUSD,H1: Failed modifying ETCUSD
0	16:53:44.617	trend_dtrader XAUUSD,H1: Failed modifying ETCUSD
0	16:53:45.616	trend_dtrader XAUUSD,H1: Failed modifying ETCUSD
0	16:53:46.613	trend_dtrader XAUUSD,H1: Failed modifying ETCUSD
0	16:53:47.612	trend_dtrader XAUUSD,H1: Failed modifying ETCUSD
0	16:53:48.616	trend_dtrader XAUUSD,H1: Failed modifying ETCUSD
0	16:53:49.633	trend_dtrader XAUUSD,H1: Failed modifying ETCUSD
0	16:53:50.616	trend_dtrader XAUUSD,H1: Failed modifying ETCUSD
0	16:53:51.620	trend_dtrader XAUUSD,H1: Failed modifying ETCUSD
0	16:53:52.612	trend_dtrader XAUUSD,H1: Failed modifying ETCUSD
0	16:53:53.616	trend_dtrader XAUUSD,H1: Failed modifying ETCUSD
0	16:53:54.616	trend_dtrader XAUUSD,H1: Failed modifying ETCUSD
0	16:53:55.666	trend_dtrader XAUUSD,H1: Failed modifying ETCUSD
0	16:53:56.616	trend_dtrader XAUUSD,H1: Failed modifying ETCUSD
0	16:53:57.615	trend_dtrader XAUUSD,H1: Failed modifying ETCUSD
0	16:53:58.614	trend_dtrader XAUUSD,H1: Failed modifying ETCUSD
0	16:53:59.611	trend_dtrader XAUUSD,H1: Failed modifying ETCUSD
0	16:54:00.622	trend_dtrader XAUUSD,H1: Failed modifying ETCUSD
0	16:54:01.614	trend_dtrader XAUUSD,H1: Failed modifying ETCUSD
0	16:54:02.610	trend_dtrader XAUUSD,H1: Failed modifying ETCUSD
0	16:54:03.614	trend_dtrader XAUUSD,H1: Failed modifying ETCUSD
0	16:54:04.614	trend_dtrader XAUUSD,H1: Failed modifying ETCUSD
0	16:54:05.612	trend_dtrader XAUUSD,H1: Failed modifying ETCUSD
0	16:54:06.622	trend_dtrader XAUUSD,H1: Failed modifying ETCUSD
0	16:54:07.616	trend_dtrader XAUUSD,H1: Failed modifying ETCUSD
0	16:54:08.635	trend_dtrader XAUUSD,H1: Failed modifying ETCUSD
0	16:54:09.614	trend_dtrader XAUUSD,H1: Failed modifying ETCUSD
0	16:54:10.614	trend_dtrader XAUUSD,H1: Failed modifying ETCUSD
0	16:54:11.641	trend_dtrader XAUUSD,H1: Failed modifying ETCUSD
0	16:54:12.613	trend_dtrader XAUUSD,H1: Failed modifying ETCUSD
0	16:54:13.613	trend_dtrader XAUUSD,H1: Failed modifying ETCUSD
0	16:54:14.637	trend_dtrader XAUUSD,H1: Failed modifying ETCUSD
0	16:54:15.612	trend_dtrader XAUUSD,H1: Failed modifying ETCUSD
0	16:54:16.612	trend_dtrader XAUUSD,H1: Failed modifying ETCUSD
0	16:54:17.613	trend_dtrader XAUUSD,H1: Failed modifying ETCUSD
0	16:54:18.612	trend_dtrader XAUUSD,H1: Failed modifying ETCUSD
0	16:54:19.612	trend_dtrader XAUUSD,H1: Failed modifying ETCUSD
0	16:54:20.613	trend_dtrader XAUUSD,H1: Failed modifying ETCUSD
0	16:54:21.627	trend_dtrader XAUUSD,H1: Failed modifying ETCUSD
0	16:54:22.613	trend_dtrader XAUUSD,H1: Failed modifying ETCUSD
0	16:54:23.612	trend_dtrader XAUUSD,H1: Failed modifying ETCUSD
0	16:54:24.610	trend_dtrader XAUUSD,H1: Failed modifying ETCUSD
0	16:54:25.611	trend_dtrader XAUUSD,H1: Failed modifying ETCUSD
0	16:54:26.644	trend_dtrader XAUUSD,H1: Failed modifying ETCUSD
0	16:54:27.623	trend_dtrader XAUUSD,H1: Failed modifying ETCUSD
0	16:54:28.611	trend_dtrader XAUUSD,H1: Failed modifying ETCUSD
0	16:54:29.612	trend_dtrader XAUUSD,H1: Failed modifying ETCUSD
0	16:54:30.611	trend_dtrader XAUUSD,H1: Failed modifying ETCUSD
0	16:54:31.665	trend_dtrader XAUUSD,H1: Failed modifying ETCUSD
0	16:54:32.618	trend_dtrader XAUUSD,H1: Failed modifying ETCUSD
0	16:54:33.610	trend_dtrader XAUUSD,H1: Failed modifying ETCUSD
0	16:54:34.648	trend_dtrader XAUUSD,H1: Failed modifying ETCUSD
0	16:54:35.617	trend_dtrader XAUUSD,H1: Failed modifying ETCUSD
0	16:54:36.612	trend_dtrader XAUUSD,H1: Failed modifying ETCUSD
0	16:54:37.617	trend_dtrader XAUUSD,H1: Failed modifying ETCUSD
0	16:54:38.612	trend_dtrader XAUUSD,H1: Failed modifying ETCUSD
0	16:54:39.616	trend_dtrader XAUUSD,H1: Failed modifying ETCUSD
0	16:54:40.617	trend_dtrader XAUUSD,H1: Failed modifying ETCUSD
0	16:54:41.616	trend_dtrader XAUUSD,H1: Failed modifying ETCUSD
0	16:54:42.645	trend_dtrader XAUUSD,H1: Failed modifying ETCUSD
0	16:54:43.611	trend_dtrader XAUUSD,H1: Failed modifying ETCUSD
0	16:54:44.610	trend_dtrader XAUUSD,H1: Failed modifying ETCUSD
0	16:54:45.616	trend_dtrader XAUUSD,H1: Failed modifying ETCUSD
0	16:54:46.611	trend_dtrader XAUUSD,H1: Failed modifying ETCUSD
0	16:54:47.615	trend_dtrader XAUUSD,H1: Failed modifying ETCUSD
0	16:54:48.612	trend_dtrader XAUUSD,H1: Failed modifying ETCUSD
0	16:54:49.615	trend_dtrader XAUUSD,H1: Failed modifying ETCUSD
0	16:54:50.615	trend_dtrader XAUUSD,H1: Failed modifying ETCUSD
0	16:54:51.615	trend_dtrader XAUUSD,H1: Failed modifying ETCUSD
0	16:54:52.615	trend_dtrader XAUUSD,H1: Failed modifying ETCUSD
0	16:54:53.619	trend_dtrader XAUUSD,H1: Failed modifying ETCUSD
0	16:54:54.617	trend_dtrader XAUUSD,H1: Failed modifying ETCUSD
0	16:54:55.615	trend_dtrader XAUUSD,H1: Failed modifying ETCUSD
0	16:54:56.610	trend_dtrader XAUUSD,H1: Failed modifying ETCUSD
0	16:54:57.613	trend_dtrader XAUUSD,H1: Failed modifying ETCUSD
0	16:54:58.613	trend_dtrader XAUUSD,H1: Failed modifying ETCUSD
0	16:54:59.612	trend_dtrader XAUUSD,H1: Failed modifying ETCUSD
0	16:55:00.615	trend_dtrader XAUUSD,H1: Failed modifying ETCUSD
0	16:55:01.613	trend_dtrader XAUUSD,H1: Failed modifying ETCUSD
0	16:55:02.642	trend_dtrader XAUUSD,H1: Failed modifying ETCUSD
0	16:55:03.613	trend_dtrader XAUUSD,H1: Failed modifying ETCUSD
0	16:55:04.613	trend_dtrader XAUUSD,H1: Failed modifying ETCUSD
0	16:55:05.623	trend_dtrader XAUUSD,H1: Failed modifying ETCUSD
0	16:55:06.625	trend_dtrader XAUUSD,H1: Failed modifying ETCUSD
0	16:55:07.611	trend_dtrader XAUUSD,H1: Failed modifying ETCUSD
0	16:55:08.613	trend_dtrader XAUUSD,H1: Failed modifying ETCUSD
0	16:55:09.613	trend_dtrader XAUUSD,H1: Failed modifying ETCUSD
0	16:55:10.613	trend_dtrader XAUUSD,H1: Failed modifying ETCUSD
0	16:55:11.618	trend_dtrader XAUUSD,H1: Failed modifying ETCUSD
0	16:55:12.613	trend_dtrader XAUUSD,H1: Failed modifying ETCUSD
0	16:55:13.612	trend_dtrader XAUUSD,H1: Failed modifying ETCUSD
0	16:55:14.612	trend_dtrader XAUUSD,H1: Failed modifying ETCUSD
0	16:55:15.612	trend_dtrader XAUUSD,H1: Failed modifying ETCUSD
0	16:55:16.612	trend_dtrader XAUUSD,H1: Failed modifying ETCUSD
0	16:55:17.611	trend_dtrader XAUUSD,H1: Failed modifying ETCUSD
0	16:55:18.612	trend_dtrader XAUUSD,H1: Failed modifying ETCUSD
0	16:55:19.611	trend_dtrader XAUUSD,H1: Failed modifying ETCUSD
0	16:55:20.620	trend_dtrader XAUUSD,H1: Failed modifying ETCUSD
0	16:55:21.610	trend_dtrader XAUUSD,H1: Failed modifying ETCUSD
0	16:55:22.611	trend_dtrader XAUUSD,H1: Failed modifying ETCUSD
0	16:55:23.611	trend_dtrader XAUUSD,H1: Failed modifying ETCUSD
0	16:55:24.613	trend_dtrader XAUUSD,H1: Failed modifying ETCUSD
0	16:55:25.615	trend_dtrader XAUUSD,H1: Failed modifying ETCUSD
0	16:55:26.611	trend_dtrader XAUUSD,H1: Failed modifying ETCUSD
0	16:55:27.618	trend_dtrader XAUUSD,H1: Failed modifying ETCUSD
0	16:55:28.617	trend_dtrader XAUUSD,H1: Failed modifying ETCUSD
0	16:55:29.614	trend_dtrader XAUUSD,H1: Failed modifying ETCUSD
0	16:55:30.615	trend_dtrader XAUUSD,H1: Failed modifying ETCUSD
0	16:55:31.611	trend_dtrader XAUUSD,H1: Failed modifying ETCUSD
0	16:55:32.617	trend_dtrader XAUUSD,H1: Failed modifying ETCUSD
0	16:55:33.614	trend_dtrader XAUUSD,H1: Failed modifying ETCUSD
0	16:55:34.626	trend_dtrader XAUUSD,H1: Failed modifying ETCUSD
0	16:55:35.611	trend_dtrader XAUUSD,H1: Failed modifying ETCUSD
0	16:55:36.616	trend_dtrader XAUUSD,H1: Failed modifying ETCUSD
0	16:55:37.615	trend_dtrader XAUUSD,H1: Failed modifying ETCUSD
0	16:55:38.613	trend_dtrader XAUUSD,H1: Failed modifying ETCUSD
0	16:55:39.615	trend_dtrader XAUUSD,H1: Failed modifying ETCUSD
0	16:55:40.615	trend_dtrader XAUUSD,H1: Failed modifying ETCUSD
0	16:55:41.616	trend_dtrader XAUUSD,H1: Failed modifying ETCUSD
0	16:55:42.615	trend_dtrader XAUUSD,H1: Failed modifying ETCUSD
0	16:55:43.610	trend_dtrader XAUUSD,H1: Failed modifying ETCUSD
0	16:55:44.632	trend_dtrader XAUUSD,H1: Failed modifying ETCUSD
0	16:55:45.615	trend_dtrader XAUUSD,H1: Failed modifying ETCUSD
0	16:55:46.615	trend_dtrader XAUUSD,H1: Failed modifying ETCUSD
0	16:55:47.610	trend_dtrader XAUUSD,H1: Failed modifying ETCUSD
0	16:55:48.615	trend_dtrader XAUUSD,H1: Failed modifying ETCUSD
0	16:55:49.613	trend_dtrader XAUUSD,H1: Failed modifying ETCUSD
0	16:55:50.615	trend_dtrader XAUUSD,H1: Failed modifying ETCUSD
0	16:55:51.615	trend_dtrader XAUUSD,H1: Failed modifying ETCUSD
0	16:55:52.611	trend_dtrader XAUUSD,H1: Failed modifying ETCUSD
0	16:55:53.613	trend_dtrader XAUUSD,H1: Failed modifying ETCUSD
0	16:55:54.613	trend_dtrader XAUUSD,H1: Failed modifying ETCUSD
0	16:55:55.612	trend_dtrader XAUUSD,H1: Failed modifying ETCUSD
0	16:55:56.613	trend_dtrader XAUUSD,H1: Failed modifying ETCUSD
0	16:55:57.613	trend_dtrader XAUUSD,H1: Failed modifying ETCUSD
0	16:55:58.613	trend_dtrader XAUUSD,H1: Failed modifying ETCUSD
0	16:55:59.611	trend_dtrader XAUUSD,H1: Failed modifying ETCUSD
0	16:56:00.618	trend_dtrader XAUUSD,H1: Failed modifying ETCUSD
0	16:56:01.613	trend_dtrader XAUUSD,H1: Failed modifying ETCUSD
0	16:56:02.616	trend_dtrader XAUUSD,H1: Failed modifying ETCUSD
0	16:56:03.613	trend_dtrader XAUUSD,H1: Failed modifying ETCUSD
0	16:56:04.611	trend_dtrader XAUUSD,H1: Failed modifying ETCUSD
0	16:56:05.612	trend_dtrader XAUUSD,H1: Failed modifying ETCUSD
0	16:56:06.612	trend_dtrader XAUUSD,H1: Failed modifying ETCUSD
0	16:56:07.613	trend_dtrader XAUUSD,H1: Failed modifying ETCUSD
0	16:56:08.611	trend_dtrader XAUUSD,H1: Failed modifying ETCUSD
0	16:56:09.612	trend_dtrader XAUUSD,H1: Failed modifying ETCUSD
0	16:56:10.612	trend_dtrader XAUUSD,H1: Failed modifying ETCUSD
0	16:56:11.611	trend_dtrader XAUUSD,H1: Failed modifying ETCUSD
0	16:56:12.611	trend_dtrader XAUUSD,H1: Failed modifying ETCUSD
0	16:56:13.611	trend_dtrader XAUUSD,H1: Failed modifying ETCUSD
0	16:56:14.611	trend_dtrader XAUUSD,H1: Failed modifying ETCUSD
0	16:56:15.612	trend_dtrader XAUUSD,H1: Failed modifying ETCUSD
0	16:56:16.610	trend_dtrader XAUUSD,H1: Failed modifying ETCUSD
0	16:56:17.610	trend_dtrader XAUUSD,H1: Failed modifying ETCUSD
0	16:56:18.610	trend_dtrader XAUUSD,H1: Failed modifying ETCUSD
0	16:56:19.616	trend_dtrader XAUUSD,H1: Failed modifying ETCUSD
0	16:56:20.611	trend_dtrader XAUUSD,H1: Failed modifying ETCUSD
0	16:56:21.618	trend_dtrader XAUUSD,H1: Failed modifying ETCUSD
0	16:56:22.611	trend_dtrader XAUUSD,H1: Failed modifying ETCUSD
0	16:56:23.618	trend_dtrader XAUUSD,H1: Failed modifying ETCUSD
0	16:56:24.611	trend_dtrader XAUUSD,H1: Failed modifying ETCUSD
0	16:56:25.617	trend_dtrader XAUUSD,H1: Failed modifying ETCUSD
0	16:56:26.615	trend_dtrader XAUUSD,H1: Failed modifying ETCUSD
0	16:56:27.613	trend_dtrader XAUUSD,H1: Failed modifying ETCUSD
0	16:56:28.616	trend_dtrader XAUUSD,H1: Failed modifying ETCUSD
0	16:56:29.612	trend_dtrader XAUUSD,H1: Failed modifying ETCUSD
0	16:56:30.616	trend_dtrader XAUUSD,H1: Failed modifying ETCUSD
0	16:56:31.613	trend_dtrader XAUUSD,H1: Failed modifying ETCUSD
0	16:56:32.616	trend_dtrader XAUUSD,H1: Failed modifying ETCUSD
0	16:56:33.612	trend_dtrader XAUUSD,H1: Failed modifying ETCUSD
0	16:56:34.627	trend_dtrader XAUUSD,H1: Failed modifying ETCUSD
0	16:56:35.611	trend_dtrader XAUUSD,H1: Failed modifying ETCUSD
0	16:56:36.616	trend_dtrader XAUUSD,H1: Failed modifying ETCUSD
0	16:56:37.613	trend_dtrader XAUUSD,H1: Failed modifying ETCUSD
0	16:56:38.615	trend_dtrader XAUUSD,H1: Failed modifying ETCUSD
0	16:56:39.612	trend_dtrader XAUUSD,H1: Failed modifying ETCUSD
0	16:56:40.610	trend_dtrader XAUUSD,H1: Failed modifying ETCUSD
0	16:56:41.615	trend_dtrader XAUUSD,H1: Failed modifying ETCUSD
0	16:56:42.610	trend_dtrader XAUUSD,H1: Failed modifying ETCUSD
0	16:56:43.615	trend_dtrader XAUUSD,H1: Failed modifying ETCUSD
0	16:56:44.638	trend_dtrader XAUUSD,H1: Failed modifying ETCUSD
0	16:56:45.614	trend_dtrader XAUUSD,H1: Failed modifying ETCUSD
0	16:56:46.615	trend_dtrader XAUUSD,H1: Failed modifying ETCUSD
0	16:56:47.614	trend_dtrader XAUUSD,H1: Failed modifying ETCUSD
0	16:56:48.610	trend_dtrader XAUUSD,H1: Failed modifying ETCUSD
0	16:56:49.631	trend_dtrader XAUUSD,H1: Failed modifying ETCUSD
0	16:56:50.670	trend_dtrader XAUUSD,H1: Failed modifying ETCUSD
0	16:56:51.614	trend_dtrader XAUUSD,H1: Failed modifying ETCUSD
0	16:56:52.614	trend_dtrader XAUUSD,H1: Failed modifying ETCUSD
0	16:56:53.624	trend_dtrader XAUUSD,H1: Failed modifying ETCUSD
0	16:56:54.614	trend_dtrader XAUUSD,H1: Failed modifying ETCUSD
0	16:56:55.619	trend_dtrader XAUUSD,H1: Failed modifying ETCUSD
0	16:56:56.636	trend_dtrader XAUUSD,H1: Failed modifying ETCUSD
0	16:56:57.613	trend_dtrader XAUUSD,H1: Failed modifying ETCUSD
0	16:56:58.612	trend_dtrader XAUUSD,H1: Failed modifying ETCUSD
0	16:56:59.655	trend_dtrader XAUUSD,H1: Failed modifying ETCUSD
0	16:57:00.612	trend_dtrader XAUUSD,H1: Failed modifying ETCUSD
0	16:57:01.611	trend_dtrader XAUUSD,H1: Failed modifying ETCUSD
0	16:57:02.617	trend_dtrader XAUUSD,H1: Failed modifying ETCUSD
0	16:57:03.612	trend_dtrader XAUUSD,H1: Failed modifying ETCUSD
0	16:57:04.613	trend_dtrader XAUUSD,H1: Failed modifying ETCUSD
0	16:57:05.633	trend_dtrader XAUUSD,H1: Failed modifying ETCUSD
0	16:57:06.613	trend_dtrader XAUUSD,H1: Failed modifying ETCUSD
0	16:57:07.612	trend_dtrader XAUUSD,H1: Failed modifying ETCUSD
0	16:57:08.611	trend_dtrader XAUUSD,H1: Failed modifying ETCUSD
0	16:57:09.647	trend_dtrader XAUUSD,H1: Failed modifying ETCUSD
0	16:57:10.634	trend_dtrader XAUUSD,H1: Failed modifying ETCUSD
0	16:57:11.611	trend_dtrader XAUUSD,H1: Failed modifying ETCUSD
0	16:57:12.650	trend_dtrader XAUUSD,H1: Failed modifying ETCUSD
0	16:57:13.612	trend_dtrader XAUUSD,H1: Failed modifying ETCUSD
0	16:57:14.618	trend_dtrader XAUUSD,H1: Failed modifying ETCUSD
0	16:57:15.617	trend_dtrader XAUUSD,H1: Failed modifying ETCUSD
0	16:57:16.612	trend_dtrader XAUUSD,H1: Failed modifying ETCUSD
0	16:57:17.614	trend_dtrader XAUUSD,H1: Failed modifying ETCUSD
0	16:57:18.611	trend_dtrader XAUUSD,H1: Failed modifying ETCUSD
0	16:57:19.612	trend_dtrader XAUUSD,H1: Failed modifying ETCUSD
0	16:57:20.611	trend_dtrader XAUUSD,H1: Failed modifying ETCUSD
0	16:57:21.617	trend_dtrader XAUUSD,H1: Failed modifying ETCUSD
0	16:57:22.610	trend_dtrader XAUUSD,H1: Failed modifying ETCUSD
0	16:57:23.625	trend_dtrader XAUUSD,H1: Failed modifying ETCUSD
0	16:57:24.616	trend_dtrader XAUUSD,H1: Failed modifying ETCUSD
0	16:57:25.657	trend_dtrader XAUUSD,H1: Failed modifying ETCUSD
0	16:57:26.611	trend_dtrader XAUUSD,H1: Failed modifying ETCUSD
0	16:57:27.617	trend_dtrader XAUUSD,H1: Failed modifying ETCUSD
0	16:57:28.614	trend_dtrader XAUUSD,H1: Failed modifying ETCUSD
0	16:57:29.616	trend_dtrader XAUUSD,H1: Failed modifying ETCUSD
0	16:57:30.612	trend_dtrader XAUUSD,H1: Failed modifying ETCUSD
0	16:57:31.617	trend_dtrader XAUUSD,H1: Failed modifying ETCUSD
0	16:57:32.615	trend_dtrader XAUUSD,H1: Failed modifying ETCUSD
0	16:57:33.613	trend_dtrader XAUUSD,H1: Failed modifying ETCUSD
0	16:57:34.613	trend_dtrader XAUUSD,H1: Failed modifying ETCUSD
0	16:57:35.615	trend_dtrader XAUUSD,H1: Failed modifying ETCUSD
0	16:57:36.640	trend_dtrader XAUUSD,H1: Failed modifying ETCUSD
0	16:57:37.615	trend_dtrader XAUUSD,H1: Failed modifying ETCUSD
0	16:57:38.611	trend_dtrader XAUUSD,H1: Failed modifying ETCUSD
0	16:57:39.615	trend_dtrader XAUUSD,H1: Failed modifying ETCUSD
0	16:57:40.610	trend_dtrader XAUUSD,H1: Failed modifying ETCUSD
0	16:57:41.613	trend_dtrader XAUUSD,H1: Failed modifying ETCUSD
0	16:57:42.615	trend_dtrader XAUUSD,H1: Failed modifying ETCUSD
0	16:57:43.615	trend_dtrader XAUUSD,H1: Failed modifying ETCUSD
0	16:57:44.615	trend_dtrader XAUUSD,H1: Failed modifying ETCUSD
0	16:57:45.625	trend_dtrader XAUUSD,H1: Failed modifying ETCUSD
0	16:57:46.624	trend_dtrader XAUUSD,H1: Failed modifying ETCUSD
0	16:57:47.613	trend_dtrader XAUUSD,H1: Failed modifying ETCUSD
0	16:57:48.613	trend_dtrader XAUUSD,H1: Failed modifying ETCUSD
0	16:57:49.613	trend_dtrader XAUUSD,H1: Failed modifying ETCUSD
0	16:57:50.614	trend_dtrader XAUUSD,H1: Failed modifying ETCUSD
0	16:57:51.673	trend_dtrader XAUUSD,H1: Failed modifying ETCUSD
0	16:57:52.613	trend_dtrader XAUUSD,H1: Failed modifying ETCUSD
0	16:57:53.613	trend_dtrader XAUUSD,H1: Failed modifying ETCUSD
0	16:57:54.641	trend_dtrader XAUUSD,H1: Failed modifying ETCUSD
0	16:57:55.610	trend_dtrader XAUUSD,H1: Failed modifying ETCUSD
0	16:57:56.611	trend_dtrader XAUUSD,H1: Failed modifying ETCUSD
0	16:57:57.612	trend_dtrader XAUUSD,H1: Failed modifying ETCUSD
0	16:57:58.611	trend_dtrader XAUUSD,H1: Failed modifying ETCUSD
0	16:57:59.613	trend_dtrader XAUUSD,H1: Failed modifying ETCUSD
0	16:58:00.666	trend_dtrader XAUUSD,H1: Failed modifying ETCUSD
0	16:58:01.611	trend_dtrader XAUUSD,H1: Failed modifying ETCUSD
0	16:58:02.611	trend_dtrader XAUUSD,H1: Failed modifying ETCUSD
0	16:58:03.612	trend_dtrader XAUUSD,H1: Failed modifying ETCUSD
0	16:58:04.613	trend_dtrader XAUUSD,H1: Failed modifying ETCUSD
0	16:58:05.629	trend_dtrader XAUUSD,H1: Failed modifying ETCUSD
0	16:58:06.612	trend_dtrader XAUUSD,H1: Failed modifying ETCUSD
0	16:58:07.611	trend_dtrader XAUUSD,H1: Failed modifying ETCUSD
0	16:58:08.612	trend_dtrader XAUUSD,H1: Failed modifying ETCUSD
0	16:58:09.610	trend_dtrader XAUUSD,H1: Failed modifying ETCUSD
0	16:58:10.617	trend_dtrader XAUUSD,H1: Failed modifying ETCUSD
0	16:58:11.618	trend_dtrader XAUUSD,H1: Failed modifying ETCUSD
0	16:58:12.611	trend_dtrader XAUUSD,H1: Failed modifying ETCUSD
0	16:58:13.618	trend_dtrader XAUUSD,H1: Failed modifying ETCUSD
0	16:58:14.637	trend_dtrader XAUUSD,H1: Failed modifying ETCUSD
0	16:58:15.615	trend_dtrader XAUUSD,H1: Failed modifying ETCUSD
0	16:58:16.611	trend_dtrader XAUUSD,H1: Failed modifying ETCUSD
0	16:58:17.617	trend_dtrader XAUUSD,H1: Failed modifying ETCUSD
0	16:58:18.616	trend_dtrader XAUUSD,H1: Failed modifying ETCUSD
0	16:58:19.614	trend_dtrader XAUUSD,H1: Failed modifying ETCUSD
0	16:58:20.617	trend_dtrader XAUUSD,H1: Failed modifying ETCUSD
0	16:58:21.616	trend_dtrader XAUUSD,H1: Failed modifying ETCUSD
0	16:58:22.616	trend_dtrader XAUUSD,H1: Failed modifying ETCUSD
0	16:58:23.615	trend_dtrader XAUUSD,H1: Failed modifying ETCUSD
0	16:58:24.641	trend_dtrader XAUUSD,H1: Failed modifying ETCUSD
0	16:58:25.615	trend_dtrader XAUUSD,H1: Failed modifying ETCUSD
0	16:58:26.628	trend_dtrader XAUUSD,H1: Failed modifying ETCUSD
0	16:58:27.631	trend_dtrader XAUUSD,H1: Failed modifying ETCUSD
0	16:58:28.614	trend_dtrader XAUUSD,H1: Failed modifying ETCUSD
0	16:58:29.615	trend_dtrader XAUUSD,H1: Failed modifying ETCUSD
0	16:58:30.612	trend_dtrader XAUUSD,H1: Failed modifying ETCUSD
0	16:58:31.615	trend_dtrader XAUUSD,H1: Failed modifying ETCUSD
0	16:58:32.624	trend_dtrader XAUUSD,H1: Failed modifying ETCUSD
0	16:58:33.614	trend_dtrader XAUUSD,H1: Failed modifying ETCUSD
0	16:58:34.615	trend_dtrader XAUUSD,H1: Failed modifying ETCUSD
0	16:58:35.612	trend_dtrader XAUUSD,H1: Failed modifying ETCUSD
0	16:58:36.614	trend_dtrader XAUUSD,H1: Failed modifying ETCUSD
0	16:58:37.610	trend_dtrader XAUUSD,H1: Failed modifying ETCUSD
0	16:58:38.614	trend_dtrader XAUUSD,H1: Failed modifying ETCUSD
0	16:58:39.614	trend_dtrader XAUUSD,H1: Failed modifying ETCUSD
0	16:58:40.614	trend_dtrader XAUUSD,H1: Failed modifying ETCUSD
0	16:58:41.614	trend_dtrader XAUUSD,H1: Failed modifying ETCUSD
0	16:58:42.611	trend_dtrader XAUUSD,H1: Failed modifying ETCUSD
0	16:58:43.614	trend_dtrader XAUUSD,H1: Failed modifying ETCUSD
0	16:58:44.614	trend_dtrader XAUUSD,H1: Failed modifying ETCUSD
0	16:58:45.613	trend_dtrader XAUUSD,H1: Failed modifying ETCUSD
0	16:58:46.613	trend_dtrader XAUUSD,H1: Failed modifying ETCUSD
0	16:58:47.613	trend_dtrader XAUUSD,H1: Failed modifying ETCUSD
0	16:58:48.611	trend_dtrader XAUUSD,H1: Failed modifying ETCUSD
0	16:58:49.612	trend_dtrader XAUUSD,H1: Failed modifying ETCUSD
0	16:58:50.613	trend_dtrader XAUUSD,H1: Failed modifying ETCUSD
0	16:58:51.612	trend_dtrader XAUUSD,H1: Failed modifying ETCUSD
0	16:58:52.613	trend_dtrader XAUUSD,H1: Failed modifying ETCUSD
0	16:58:53.665	trend_dtrader XAUUSD,H1: Failed modifying ETCUSD
0	16:58:54.612	trend_dtrader XAUUSD,H1: Failed modifying ETCUSD
0	16:58:55.611	trend_dtrader XAUUSD,H1: Failed modifying ETCUSD
0	16:58:56.612	trend_dtrader XAUUSD,H1: Failed modifying ETCUSD
0	16:58:57.612	trend_dtrader XAUUSD,H1: Failed modifying ETCUSD
0	16:58:58.612	trend_dtrader XAUUSD,H1: Failed modifying ETCUSD
0	16:58:59.612	trend_dtrader XAUUSD,H1: Failed modifying ETCUSD
0	16:59:00.611	trend_dtrader XAUUSD,H1: Failed modifying ETCUSD
0	16:59:01.611	trend_dtrader XAUUSD,H1: Failed modifying ETCUSD
0	16:59:02.612	trend_dtrader XAUUSD,H1: Failed modifying ETCUSD
0	16:59:03.611	trend_dtrader XAUUSD,H1: Failed modifying ETCUSD
0	16:59:04.611	trend_dtrader XAUUSD,H1: Failed modifying ETCUSD
0	16:59:05.616	trend_dtrader XAUUSD,H1: Failed modifying ETCUSD
0	16:59:06.610	trend_dtrader XAUUSD,H1: Failed modifying ETCUSD
0	16:59:07.614	trend_dtrader XAUUSD,H1: Failed modifying ETCUSD
0	16:59:08.617	trend_dtrader XAUUSD,H1: Failed modifying ETCUSD
0	16:59:09.615	trend_dtrader XAUUSD,H1: Failed modifying ETCUSD
0	16:59:10.617	trend_dtrader XAUUSD,H1: Failed modifying ETCUSD
0	16:59:11.611	trend_dtrader XAUUSD,H1: Failed modifying ETCUSD
0	16:59:12.620	trend_dtrader XAUUSD,H1: Failed modifying ETCUSD
0	16:59:13.612	trend_dtrader XAUUSD,H1: Failed modifying ETCUSD
0	16:59:14.616	trend_dtrader XAUUSD,H1: Failed modifying ETCUSD
0	16:59:15.616	trend_dtrader XAUUSD,H1: Failed modifying ETCUSD
0	16:59:16.616	trend_dtrader XAUUSD,H1: Failed modifying ETCUSD
0	16:59:17.613	trend_dtrader XAUUSD,H1: Failed modifying ETCUSD
0	16:59:18.615	trend_dtrader XAUUSD,H1: Failed modifying ETCUSD
0	16:59:19.618	trend_dtrader XAUUSD,H1: Failed modifying ETCUSD
0	16:59:20.615	trend_dtrader XAUUSD,H1: Failed modifying ETCUSD
0	16:59:21.615	trend_dtrader XAUUSD,H1: Failed modifying ETCUSD
0	16:59:22.611	trend_dtrader XAUUSD,H1: Failed modifying ETCUSD
0	16:59:23.615	trend_dtrader XAUUSD,H1: Failed modifying ETCUSD
0	16:59:24.611	trend_dtrader XAUUSD,H1: Failed modifying ETCUSD
0	16:59:25.615	trend_dtrader XAUUSD,H1: Failed modifying ETCUSD
0	16:59:26.610	trend_dtrader XAUUSD,H1: Failed modifying ETCUSD
0	16:59:27.616	trend_dtrader XAUUSD,H1: Failed modifying ETCUSD
0	16:59:28.612	trend_dtrader XAUUSD,H1: Failed modifying ETCUSD
0	16:59:29.613	trend_dtrader XAUUSD,H1: Failed modifying ETCUSD
0	16:59:30.614	trend_dtrader XAUUSD,H1: Failed modifying ETCUSD
0	16:59:31.611	trend_dtrader XAUUSD,H1: Failed modifying ETCUSD
0	16:59:32.668	trend_dtrader XAUUSD,H1: Failed modifying ETCUSD
0	16:59:33.611	trend_dtrader XAUUSD,H1: Failed modifying ETCUSD
0	16:59:34.620	trend_dtrader XAUUSD,H1: Failed modifying ETCUSD
0	16:59:35.613	trend_dtrader XAUUSD,H1: Failed modifying ETCUSD
0	16:59:36.614	trend_dtrader XAUUSD,H1: Failed modifying ETCUSD
0	16:59:37.640	trend_dtrader XAUUSD,H1: Failed modifying ETCUSD
0	16:59:38.630	trend_dtrader XAUUSD,H1: Failed modifying ETCUSD
0	16:59:39.614	trend_dtrader XAUUSD,H1: Failed modifying ETCUSD
0	16:59:40.613	trend_dtrader XAUUSD,H1: Failed modifying ETCUSD
0	16:59:41.625	trend_dtrader XAUUSD,H1: Failed modifying ETCUSD
0	16:59:42.610	trend_dtrader XAUUSD,H1: Failed modifying ETCUSD
0	16:59:43.612	trend_dtrader XAUUSD,H1: Failed modifying ETCUSD
0	16:59:44.623	trend_dtrader XAUUSD,H1: Failed modifying ETCUSD
0	16:59:45.612	trend_dtrader XAUUSD,H1: Failed modifying ETCUSD
0	16:59:46.612	trend_dtrader XAUUSD,H1: Failed modifying ETCUSD
0	16:59:47.611	trend_dtrader XAUUSD,H1: Failed modifying ETCUSD
0	16:59:48.613	trend_dtrader XAUUSD,H1: Failed modifying ETCUSD
0	16:59:49.659	trend_dtrader XAUUSD,H1: Failed modifying ETCUSD
0	16:59:50.612	trend_dtrader XAUUSD,H1: Failed modifying ETCUSD
0	16:59:51.612	trend_dtrader XAUUSD,H1: Failed modifying ETCUSD
0	16:59:52.611	trend_dtrader XAUUSD,H1: Failed modifying ETCUSD
0	16:59:53.612	trend_dtrader XAUUSD,H1: Failed modifying ETCUSD
0	16:59:54.611	trend_dtrader XAUUSD,H1: Failed modifying ETCUSD
0	16:59:55.611	trend_dtrader XAUUSD,H1: Failed modifying ETCUSD
0	16:59:56.610	trend_dtrader XAUUSD,H1: Failed modifying ETCUSD
0	16:59:57.612	trend_dtrader XAUUSD,H1: Failed modifying ETCUSD
0	16:59:58.618	trend_dtrader XAUUSD,H1: Failed modifying ETCUSD
0	16:59:59.617	trend_dtrader XAUUSD,H1: Failed modifying ETCUSD
0	17:00:00.610	trend_dtrader XAUUSD,H1: Failed modifying ETCUSD
0	17:00:01.617	trend_dtrader XAUUSD,H1: Failed modifying ETCUSD
0	17:00:02.615	trend_dtrader XAUUSD,H1: Failed modifying ETCUSD
0	17:00:03.611	trend_dtrader XAUUSD,H1: Failed modifying ETCUSD
0	17:00:04.617	trend_dtrader XAUUSD,H1: Failed modifying ETCUSD
0	17:00:05.610	trend_dtrader XAUUSD,H1: Failed modifying ETCUSD
0	17:00:06.617	trend_dtrader XAUUSD,H1: Failed modifying ETCUSD
0	17:00:07.615	trend_dtrader XAUUSD,H1: Failed modifying ETCUSD
0	17:00:08.618	trend_dtrader XAUUSD,H1: Failed modifying ETCUSD
0	17:00:09.615	trend_dtrader XAUUSD,H1: Failed modifying ETCUSD
0	17:00:10.616	trend_dtrader XAUUSD,H1: Failed modifying ETCUSD
0	17:00:11.615	trend_dtrader XAUUSD,H1: Failed modifying ETCUSD
0	17:00:12.616	trend_dtrader XAUUSD,H1: Failed modifying ETCUSD
0	17:00:13.615	trend_dtrader XAUUSD,H1: Failed modifying ETCUSD
0	17:00:14.611	trend_dtrader XAUUSD,H1: Failed modifying ETCUSD
0	17:00:15.616	trend_dtrader XAUUSD,H1: Failed modifying ETCUSD
0	17:00:16.612	trend_dtrader XAUUSD,H1: Failed modifying ETCUSD
0	17:00:17.616	trend_dtrader XAUUSD,H1: Failed modifying ETCUSD
0	17:00:18.611	trend_dtrader XAUUSD,H1: Failed modifying ETCUSD
0	17:00:19.616	trend_dtrader XAUUSD,H1: Failed modifying ETCUSD
0	17:00:20.610	trend_dtrader XAUUSD,H1: Failed modifying ETCUSD
0	17:00:21.615	trend_dtrader XAUUSD,H1: Failed modifying ETCUSD
0	17:00:22.624	trend_dtrader XAUUSD,H1: Failed modifying ETCUSD
0	17:00:23.614	trend_dtrader XAUUSD,H1: Failed modifying ETCUSD
0	17:00:24.614	trend_dtrader XAUUSD,H1: Failed modifying ETCUSD
0	17:00:25.647	trend_dtrader XAUUSD,H1: Failed modifying ETCUSD
0	17:00:26.615	trend_dtrader XAUUSD,H1: Failed modifying ETCUSD
0	17:00:27.614	trend_dtrader XAUUSD,H1: Failed modifying ETCUSD
0	17:00:28.650	trend_dtrader XAUUSD,H1: Failed modifying ETCUSD
0	17:00:29.611	trend_dtrader XAUUSD,H1: Failed modifying ETCUSD
0	17:00:30.611	trend_dtrader XAUUSD,H1: Failed modifying ETCUSD
0	17:00:31.614	trend_dtrader XAUUSD,H1: Failed modifying ETCUSD
0	17:00:32.614	trend_dtrader XAUUSD,H1: Failed modifying ETCUSD
0	17:00:33.613	trend_dtrader XAUUSD,H1: Failed modifying ETCUSD
0	17:00:34.613	trend_dtrader XAUUSD,H1: Failed modifying ETCUSD
0	17:00:35.612	trend_dtrader XAUUSD,H1: Failed modifying ETCUSD
0	17:00:36.613	trend_dtrader XAUUSD,H1: Failed modifying ETCUSD
0	17:00:37.612	trend_dtrader XAUUSD,H1: Failed modifying ETCUSD
0	17:00:38.612	trend_dtrader XAUUSD,H1: Failed modifying ETCUSD
0	17:00:39.613	trend_dtrader XAUUSD,H1: Failed modifying ETCUSD
0	17:00:40.611	trend_dtrader XAUUSD,H1: Failed modifying ETCUSD
0	17:00:41.653	trend_dtrader XAUUSD,H1: Failed modifying ETCUSD
0	17:00:42.657	trend_dtrader XAUUSD,H1: Failed modifying ETCUSD
0	17:00:43.659	trend_dtrader XAUUSD,H1: Failed modifying ETCUSD
0	17:00:44.611	trend_dtrader XAUUSD,H1: Failed modifying ETCUSD
0	17:00:45.612	trend_dtrader XAUUSD,H1: Failed modifying ETCUSD
0	17:00:46.612	trend_dtrader XAUUSD,H1: Failed modifying ETCUSD
0	17:00:47.612	trend_dtrader XAUUSD,H1: Failed modifying ETCUSD
0	17:00:48.612	trend_dtrader XAUUSD,H1: Failed modifying ETCUSD
0	17:00:49.611	trend_dtrader XAUUSD,H1: Failed modifying ETCUSD
0	17:00:50.610	trend_dtrader XAUUSD,H1: Failed modifying ETCUSD
0	17:00:51.612	trend_dtrader XAUUSD,H1: Failed modifying ETCUSD
0	17:00:52.615	trend_dtrader XAUUSD,H1: Failed modifying ETCUSD
0	17:00:53.619	trend_dtrader XAUUSD,H1: Failed modifying ETCUSD
0	17:00:54.615	trend_dtrader XAUUSD,H1: Failed modifying ETCUSD
0	17:00:55.610	trend_dtrader XAUUSD,H1: Failed modifying ETCUSD
0	17:00:56.620	trend_dtrader XAUUSD,H1: Failed modifying ETCUSD
0	17:00:57.610	trend_dtrader XAUUSD,H1: Failed modifying ETCUSD
0	17:00:58.642	trend_dtrader XAUUSD,H1: Failed modifying ETCUSD
0	17:00:59.614	trend_dtrader XAUUSD,H1: Failed modifying ETCUSD
0	17:01:00.617	trend_dtrader XAUUSD,H1: Failed modifying ETCUSD
0	17:01:01.612	trend_dtrader XAUUSD,H1: Failed modifying ETCUSD
0	17:01:02.612	trend_dtrader XAUUSD,H1: Failed modifying ETCUSD
0	17:01:03.616	trend_dtrader XAUUSD,H1: Failed modifying ETCUSD
0	17:01:04.623	trend_dtrader XAUUSD,H1: Failed modifying ETCUSD
0	17:01:05.616	trend_dtrader XAUUSD,H1: Failed modifying ETCUSD
0	17:01:06.637	trend_dtrader XAUUSD,H1: Failed modifying ETCUSD
0	17:01:07.616	trend_dtrader XAUUSD,H1: Failed modifying ETCUSD
0	17:01:08.616	trend_dtrader XAUUSD,H1: Failed modifying ETCUSD
0	17:01:09.613	trend_dtrader XAUUSD,H1: Failed modifying ETCUSD
0	17:01:10.616	trend_dtrader XAUUSD,H1: Failed modifying ETCUSD
0	17:01:11.612	trend_dtrader XAUUSD,H1: Failed modifying ETCUSD
0	17:01:12.671	trend_dtrader XAUUSD,H1: Failed modifying ETCUSD
0	17:01:13.615	trend_dtrader XAUUSD,H1: Failed modifying ETCUSD
0	17:01:14.615	trend_dtrader XAUUSD,H1: Failed modifying ETCUSD
0	17:01:15.614	trend_dtrader XAUUSD,H1: Failed modifying ETCUSD
0	17:01:16.614	trend_dtrader XAUUSD,H1: Failed modifying ETCUSD
0	17:01:17.615	trend_dtrader XAUUSD,H1: Failed modifying ETCUSD
0	17:01:18.612	trend_dtrader XAUUSD,H1: Failed modifying ETCUSD
0	17:01:19.614	trend_dtrader XAUUSD,H1: Failed modifying ETCUSD
0	17:01:20.614	trend_dtrader XAUUSD,H1: Failed modifying ETCUSD
0	17:01:21.614	trend_dtrader XAUUSD,H1: Failed modifying ETCUSD
0	17:01:22.614	trend_dtrader XAUUSD,H1: Failed modifying ETCUSD
0	17:01:23.614	trend_dtrader XAUUSD,H1: Failed modifying ETCUSD
0	17:01:24.614	trend_dtrader XAUUSD,H1: Failed modifying ETCUSD
0	17:01:25.610	trend_dtrader XAUUSD,H1: Failed modifying ETCUSD
0	17:01:26.614	trend_dtrader XAUUSD,H1: Failed modifying ETCUSD
0	17:01:27.614	trend_dtrader XAUUSD,H1: Failed modifying ETCUSD
0	17:01:28.613	trend_dtrader XAUUSD,H1: Failed modifying ETCUSD
0	17:01:29.612	trend_dtrader XAUUSD,H1: Failed modifying ETCUSD
0	17:01:30.613	trend_dtrader XAUUSD,H1: Failed modifying ETCUSD
0	17:01:31.614	trend_dtrader XAUUSD,H1: Failed modifying ETCUSD
0	17:01:32.612	trend_dtrader XAUUSD,H1: Failed modifying ETCUSD
0	17:01:33.613	trend_dtrader XAUUSD,H1: Failed modifying ETCUSD
0	17:01:34.613	trend_dtrader XAUUSD,H1: Failed modifying ETCUSD
0	17:01:35.612	trend_dtrader XAUUSD,H1: Failed modifying ETCUSD
0	17:01:36.612	trend_dtrader XAUUSD,H1: Failed modifying ETCUSD
0	17:01:37.611	trend_dtrader XAUUSD,H1: Failed modifying ETCUSD
0	17:01:38.612	trend_dtrader XAUUSD,H1: Failed modifying ETCUSD
0	17:01:39.612	trend_dtrader XAUUSD,H1: Failed modifying ETCUSD
0	17:01:40.611	trend_dtrader XAUUSD,H1: Failed modifying ETCUSD
0	17:01:41.612	trend_dtrader XAUUSD,H1: Failed modifying ETCUSD
0	17:01:42.611	trend_dtrader XAUUSD,H1: Failed modifying ETCUSD
0	17:01:43.645	trend_dtrader XAUUSD,H1: Failed modifying ETCUSD
0	17:01:44.612	trend_dtrader XAUUSD,H1: Failed modifying ETCUSD
0	17:01:45.611	trend_dtrader XAUUSD,H1: Failed modifying ETCUSD
0	17:01:46.629	trend_dtrader XAUUSD,H1: Failed modifying ETCUSD
0	17:01:47.611	trend_dtrader XAUUSD,H1: Failed modifying ETCUSD
0	17:01:48.611	trend_dtrader XAUUSD,H1: Failed modifying ETCUSD
0	17:01:49.615	trend_dtrader XAUUSD,H1: Failed modifying ETCUSD
0	17:01:50.617	trend_dtrader XAUUSD,H1: Failed modifying ETCUSD
0	17:01:51.618	trend_dtrader XAUUSD,H1: Failed modifying ETCUSD
0	17:01:52.612	trend_dtrader XAUUSD,H1: Failed modifying ETCUSD
0	17:01:53.649	trend_dtrader XAUUSD,H1: Failed modifying ETCUSD
0	17:01:54.612	trend_dtrader XAUUSD,H1: Failed modifying ETCUSD
0	17:01:55.621	trend_dtrader XAUUSD,H1: Failed modifying ETCUSD
0	17:01:56.617	trend_dtrader XAUUSD,H1: Failed modifying ETCUSD
0	17:01:57.614	trend_dtrader XAUUSD,H1: Failed modifying ETCUSD
0	17:01:58.612	trend_dtrader XAUUSD,H1: Failed modifying ETCUSD
0	17:01:59.617	trend_dtrader XAUUSD,H1: Failed modifying ETCUSD
0	17:02:00.611	trend_dtrader XAUUSD,H1: Failed modifying ETCUSD
0	17:02:01.616	trend_dtrader XAUUSD,H1: Failed modifying ETCUSD
0	17:02:02.617	trend_dtrader XAUUSD,H1: Failed modifying ETCUSD
0	17:02:03.630	trend_dtrader XAUUSD,H1: Failed modifying ETCUSD
0	17:02:04.612	trend_dtrader XAUUSD,H1: Failed modifying ETCUSD
0	17:02:05.616	trend_dtrader XAUUSD,H1: Failed modifying ETCUSD
0	17:02:06.612	trend_dtrader XAUUSD,H1: Failed modifying ETCUSD
0	17:02:07.611	trend_dtrader XAUUSD,H1: Failed modifying ETCUSD
0	17:02:08.615	trend_dtrader XAUUSD,H1: Failed modifying ETCUSD
0	17:02:09.615	trend_dtrader XAUUSD,H1: Failed modifying ETCUSD
0	17:02:10.612	trend_dtrader XAUUSD,H1: Failed modifying ETCUSD
0	17:02:11.615	trend_dtrader XAUUSD,H1: Failed modifying ETCUSD
0	17:02:12.610	trend_dtrader XAUUSD,H1: Failed modifying ETCUSD
0	17:02:13.613	trend_dtrader XAUUSD,H1: Failed modifying ETCUSD
0	17:02:14.624	trend_dtrader XAUUSD,H1: Failed modifying ETCUSD
0	17:02:15.612	trend_dtrader XAUUSD,H1: Failed modifying ETCUSD
0	17:02:16.624	trend_dtrader XAUUSD,H1: Failed modifying ETCUSD
0	17:02:17.614	trend_dtrader XAUUSD,H1: Failed modifying ETCUSD
0	17:02:18.639	trend_dtrader XAUUSD,H1: Failed modifying ETCUSD
0	17:02:19.614	trend_dtrader XAUUSD,H1: Failed modifying ETCUSD
0	17:02:20.641	trend_dtrader XAUUSD,H1: Failed modifying ETCUSD
0	17:02:21.613	trend_dtrader XAUUSD,H1: Failed modifying ETCUSD
0	17:02:22.614	trend_dtrader XAUUSD,H1: Failed modifying ETCUSD
0	17:02:23.614	trend_dtrader XAUUSD,H1: Failed modifying ETCUSD
0	17:02:24.612	trend_dtrader XAUUSD,H1: Failed modifying ETCUSD
0	17:02:25.613	trend_dtrader XAUUSD,H1: Failed modifying ETCUSD
0	17:02:26.610	trend_dtrader XAUUSD,H1: Failed modifying ETCUSD
0	17:02:27.613	trend_dtrader XAUUSD,H1: Failed modifying ETCUSD
0	17:02:28.613	trend_dtrader XAUUSD,H1: Failed modifying ETCUSD
0	17:02:29.612	trend_dtrader XAUUSD,H1: Failed modifying ETCUSD
0	17:02:30.613	trend_dtrader XAUUSD,H1: Failed modifying ETCUSD
0	17:02:31.613	trend_dtrader XAUUSD,H1: Failed modifying ETCUSD
0	17:02:32.612	trend_dtrader XAUUSD,H1: Failed modifying ETCUSD
0	17:02:33.613	trend_dtrader XAUUSD,H1: Failed modifying ETCUSD
0	17:02:34.611	trend_dtrader XAUUSD,H1: Failed modifying ETCUSD
0	17:02:35.611	trend_dtrader XAUUSD,H1: Failed modifying ETCUSD
0	17:02:36.612	trend_dtrader XAUUSD,H1: Failed modifying ETCUSD
0	17:02:37.612	trend_dtrader XAUUSD,H1: Failed modifying ETCUSD
0	17:02:38.612	trend_dtrader XAUUSD,H1: Failed modifying ETCUSD
0	17:02:39.610	trend_dtrader XAUUSD,H1: Failed modifying ETCUSD
0	17:02:40.612	trend_dtrader XAUUSD,H1: Failed modifying ETCUSD
0	17:02:41.612	trend_dtrader XAUUSD,H1: Failed modifying ETCUSD
0	17:02:42.658	trend_dtrader XAUUSD,H1: Failed modifying ETCUSD
0	17:02:43.612	trend_dtrader XAUUSD,H1: Failed modifying ETCUSD
0	17:02:44.639	trend_dtrader XAUUSD,H1: Failed modifying ETCUSD
0	17:02:45.610	trend_dtrader XAUUSD,H1: Failed modifying ETCUSD
0	17:02:46.611	trend_dtrader XAUUSD,H1: Failed modifying ETCUSD
0	17:02:47.615	trend_dtrader XAUUSD,H1: Failed modifying ETCUSD
0	17:02:48.613	trend_dtrader XAUUSD,H1: Failed modifying ETCUSD
0	17:02:49.610	trend_dtrader XAUUSD,H1: Failed modifying ETCUSD
0	17:02:50.663	trend_dtrader XAUUSD,H1: Failed modifying ETCUSD
0	17:02:51.612	trend_dtrader XAUUSD,H1: Failed modifying ETCUSD
0	17:02:52.624	trend_dtrader XAUUSD,H1: Failed modifying ETCUSD
0	17:02:53.611	trend_dtrader XAUUSD,H1: Failed modifying ETCUSD
0	17:02:54.617	trend_dtrader XAUUSD,H1: Failed modifying ETCUSD
0	17:02:55.612	trend_dtrader XAUUSD,H1: Failed modifying ETCUSD
0	17:02:56.616	trend_dtrader XAUUSD,H1: Failed modifying ETCUSD
0	17:02:57.613	trend_dtrader XAUUSD,H1: Failed modifying ETCUSD
0	17:02:58.615	trend_dtrader XAUUSD,H1: Failed modifying ETCUSD
0	17:02:59.613	trend_dtrader XAUUSD,H1: Failed modifying ETCUSD
0	17:03:00.613	trend_dtrader XAUUSD,H1: Failed modifying ETCUSD
0	17:03:01.610	trend_dtrader XAUUSD,H1: Failed modifying ETCUSD
0	17:03:02.615	trend_dtrader XAUUSD,H1: Failed modifying ETCUSD
0	17:03:03.638	trend_dtrader XAUUSD,H1: Failed modifying ETCUSD
0	17:03:04.615	trend_dtrader XAUUSD,H1: Failed modifying ETCUSD
0	17:03:05.620	trend_dtrader XAUUSD,H1: Failed modifying ETCUSD
0	17:03:06.612	trend_dtrader XAUUSD,H1: Failed modifying ETCUSD
0	17:03:07.630	trend_dtrader XAUUSD,H1: Failed modifying ETCUSD
0	17:03:08.615	trend_dtrader XAUUSD,H1: Failed modifying ETCUSD
0	17:03:09.612	trend_dtrader XAUUSD,H1: Failed modifying ETCUSD
0	17:03:10.614	trend_dtrader XAUUSD,H1: Failed modifying ETCUSD
0	17:03:11.625	trend_dtrader XAUUSD,H1: Failed modifying ETCUSD
0	17:03:12.637	trend_dtrader XAUUSD,H1: Failed modifying ETCUSD
0	17:03:13.616	trend_dtrader XAUUSD,H1: Failed modifying ETCUSD
0	17:03:14.623	trend_dtrader XAUUSD,H1: Failed modifying ETCUSD
0	17:03:15.614	trend_dtrader XAUUSD,H1: Failed modifying ETCUSD
0	17:03:16.611	trend_dtrader XAUUSD,H1: Failed modifying ETCUSD
0	17:03:17.648	trend_dtrader XAUUSD,H1: Failed modifying ETCUSD
0	17:03:18.612	trend_dtrader XAUUSD,H1: Failed modifying ETCUSD
0	17:03:19.641	trend_dtrader XAUUSD,H1: Failed modifying ETCUSD
0	17:03:20.638	trend_dtrader XAUUSD,H1: Failed modifying ETCUSD
0	17:03:21.616	trend_dtrader XAUUSD,H1: Failed modifying ETCUSD
0	17:03:22.613	trend_dtrader XAUUSD,H1: Failed modifying ETCUSD
0	17:03:23.617	trend_dtrader XAUUSD,H1: Failed modifying ETCUSD
0	17:03:24.612	trend_dtrader XAUUSD,H1: Failed modifying ETCUSD
0	17:03:25.612	trend_dtrader XAUUSD,H1: Failed modifying ETCUSD
0	17:03:26.626	trend_dtrader XAUUSD,H1: Failed modifying ETCUSD
0	17:03:27.612	trend_dtrader XAUUSD,H1: Failed modifying ETCUSD
0	17:03:28.638	trend_dtrader XAUUSD,H1: Failed modifying ETCUSD
0	17:03:29.613	trend_dtrader XAUUSD,H1: Failed modifying ETCUSD
0	17:03:30.611	trend_dtrader XAUUSD,H1: Failed modifying ETCUSD
0	17:03:31.611	trend_dtrader XAUUSD,H1: Failed modifying ETCUSD
0	17:03:32.618	trend_dtrader XAUUSD,H1: Failed modifying ETCUSD
0	17:03:33.661	trend_dtrader XAUUSD,H1: Failed modifying ETCUSD
0	17:03:34.612	trend_dtrader XAUUSD,H1: Failed modifying ETCUSD
0	17:03:35.611	trend_dtrader XAUUSD,H1: Failed modifying ETCUSD
0	17:03:36.611	trend_dtrader XAUUSD,H1: Failed modifying ETCUSD
0	17:03:37.628	trend_dtrader XAUUSD,H1: Failed modifying ETCUSD
0	17:03:38.618	trend_dtrader XAUUSD,H1: Failed modifying ETCUSD
0	17:03:39.617	trend_dtrader XAUUSD,H1: Failed modifying ETCUSD
0	17:03:40.623	trend_dtrader XAUUSD,H1: Failed modifying ETCUSD
0	17:03:41.618	trend_dtrader XAUUSD,H1: Failed modifying ETCUSD
0	17:03:42.610	trend_dtrader XAUUSD,H1: Failed modifying ETCUSD
0	17:03:43.617	trend_dtrader XAUUSD,H1: Failed modifying ETCUSD
0	17:03:44.648	trend_dtrader XAUUSD,H1: Failed modifying ETCUSD
0	17:03:45.617	trend_dtrader XAUUSD,H1: Failed modifying ETCUSD
0	17:03:46.617	trend_dtrader XAUUSD,H1: Failed modifying ETCUSD
0	17:03:47.613	trend_dtrader XAUUSD,H1: Failed modifying ETCUSD
0	17:03:48.644	trend_dtrader XAUUSD,H1: Failed modifying ETCUSD
0	17:03:49.615	trend_dtrader XAUUSD,H1: Failed modifying ETCUSD
0	17:03:50.616	trend_dtrader XAUUSD,H1: Failed modifying ETCUSD
0	17:03:51.612	trend_dtrader XAUUSD,H1: Failed modifying ETCUSD
0	17:03:52.612	trend_dtrader XAUUSD,H1: Failed modifying ETCUSD
0	17:03:53.615	trend_dtrader XAUUSD,H1: Failed modifying ETCUSD
0	17:03:54.632	trend_dtrader XAUUSD,H1: Failed modifying ETCUSD
0	17:03:55.615	trend_dtrader XAUUSD,H1: Failed modifying ETCUSD
0	17:03:56.616	trend_dtrader XAUUSD,H1: Failed modifying ETCUSD
0	17:03:57.610	trend_dtrader XAUUSD,H1: Failed modifying ETCUSD
0	17:03:58.637	trend_dtrader XAUUSD,H1: Failed modifying ETCUSD
0	17:03:59.613	trend_dtrader XAUUSD,H1: Failed modifying ETCUSD
0	17:04:00.615	trend_dtrader XAUUSD,H1: Failed modifying ETCUSD
0	17:04:01.615	trend_dtrader XAUUSD,H1: Failed modifying ETCUSD
0	17:04:02.612	trend_dtrader XAUUSD,H1: Failed modifying ETCUSD
0	17:04:03.615	trend_dtrader XAUUSD,H1: Failed modifying ETCUSD
0	17:04:04.614	trend_dtrader XAUUSD,H1: Failed modifying ETCUSD
0	17:04:05.610	trend_dtrader XAUUSD,H1: Failed modifying ETCUSD
0	17:04:06.626	trend_dtrader XAUUSD,H1: Failed modifying ETCUSD
0	17:04:07.614	trend_dtrader XAUUSD,H1: Failed modifying ETCUSD
0	17:04:08.611	trend_dtrader XAUUSD,H1: Failed modifying ETCUSD
0	17:04:09.613	trend_dtrader XAUUSD,H1: Failed modifying ETCUSD
0	17:04:10.612	trend_dtrader XAUUSD,H1: Failed modifying ETCUSD
0	17:04:11.610	trend_dtrader XAUUSD,H1: Failed modifying ETCUSD
0	17:04:12.614	trend_dtrader XAUUSD,H1: Failed modifying ETCUSD
0	17:04:13.638	trend_dtrader XAUUSD,H1: Failed modifying ETCUSD
0	17:04:14.614	trend_dtrader XAUUSD,H1: Failed modifying ETCUSD
0	17:04:15.612	trend_dtrader XAUUSD,H1: Failed modifying ETCUSD
0	17:04:16.613	trend_dtrader XAUUSD,H1: Failed modifying ETCUSD
0	17:04:17.613	trend_dtrader XAUUSD,H1: Failed modifying ETCUSD
0	17:04:18.612	trend_dtrader XAUUSD,H1: Failed modifying ETCUSD
0	17:04:19.612	trend_dtrader XAUUSD,H1: Failed modifying ETCUSD
0	17:04:20.620	trend_dtrader XAUUSD,H1: Failed modifying ETCUSD
0	17:04:21.612	trend_dtrader XAUUSD,H1: Failed modifying ETCUSD
0	17:04:22.613	trend_dtrader XAUUSD,H1: Failed modifying ETCUSD
0	17:04:23.612	trend_dtrader XAUUSD,H1: Failed modifying ETCUSD
0	17:04:24.612	trend_dtrader XAUUSD,H1: Failed modifying ETCUSD
0	17:04:25.612	trend_dtrader XAUUSD,H1: Failed modifying ETCUSD
0	17:04:26.643	trend_dtrader XAUUSD,H1: Failed modifying ETCUSD
0	17:04:27.614	trend_dtrader XAUUSD,H1: Failed modifying ETCUSD
0	17:04:28.611	trend_dtrader XAUUSD,H1: Failed modifying ETCUSD
0	17:04:29.614	trend_dtrader XAUUSD,H1: Failed modifying ETCUSD
0	17:04:30.612	trend_dtrader XAUUSD,H1: Failed modifying ETCUSD
0	17:04:31.611	trend_dtrader XAUUSD,H1: Failed modifying ETCUSD
0	17:04:32.610	trend_dtrader XAUUSD,H1: Failed modifying ETCUSD
0	17:04:33.611	trend_dtrader XAUUSD,H1: Failed modifying ETCUSD
0	17:04:34.618	trend_dtrader XAUUSD,H1: Failed modifying ETCUSD
0	17:04:35.621	trend_dtrader XAUUSD,H1: Failed modifying ETCUSD
0	17:04:36.612	trend_dtrader XAUUSD,H1: Failed modifying ETCUSD
0	17:04:37.616	trend_dtrader XAUUSD,H1: Failed modifying ETCUSD
0	17:04:38.616	trend_dtrader XAUUSD,H1: Failed modifying ETCUSD
0	17:04:39.616	trend_dtrader XAUUSD,H1: Failed modifying ETCUSD
0	17:04:40.618	trend_dtrader XAUUSD,H1: Failed modifying ETCUSD
0	17:04:41.615	trend_dtrader XAUUSD,H1: Failed modifying ETCUSD
0	17:04:42.635	trend_dtrader XAUUSD,H1: Failed modifying ETCUSD
0	17:04:43.616	trend_dtrader XAUUSD,H1: Failed modifying ETCUSD
0	17:04:44.617	trend_dtrader XAUUSD,H1: Failed modifying ETCUSD
0	17:04:45.615	trend_dtrader XAUUSD,H1: Failed modifying ETCUSD
0	17:04:46.627	trend_dtrader XAUUSD,H1: Failed modifying ETCUSD
0	17:04:47.612	trend_dtrader XAUUSD,H1: Failed modifying ETCUSD
0	17:04:48.648	trend_dtrader XAUUSD,H1: Failed modifying ETCUSD
0	17:04:49.616	trend_dtrader XAUUSD,H1: Failed modifying ETCUSD
0	17:04:50.615	trend_dtrader XAUUSD,H1: Failed modifying ETCUSD
0	17:04:51.610	trend_dtrader XAUUSD,H1: Failed modifying ETCUSD
0	17:04:52.613	trend_dtrader XAUUSD,H1: Failed modifying ETCUSD
0	17:04:53.615	trend_dtrader XAUUSD,H1: Failed modifying ETCUSD
0	17:04:54.612	trend_dtrader XAUUSD,H1: Failed modifying ETCUSD
0	17:04:55.615	trend_dtrader XAUUSD,H1: Failed modifying ETCUSD
0	17:04:56.620	trend_dtrader XAUUSD,H1: Failed modifying ETCUSD
0	17:04:57.617	trend_dtrader XAUUSD,H1: Failed modifying ETCUSD
0	17:04:58.614	trend_dtrader XAUUSD,H1: Failed modifying ETCUSD
0	17:04:59.614	trend_dtrader XAUUSD,H1: Failed modifying ETCUSD
0	17:05:00.636	trend_dtrader XAUUSD,H1: Failed modifying ETCUSD
0	17:05:01.625	trend_dtrader XAUUSD,H1: Failed modifying ETCUSD
0	17:05:02.613	trend_dtrader XAUUSD,H1: Failed modifying ETCUSD
0	17:05:03.613	trend_dtrader XAUUSD,H1: Failed modifying ETCUSD
0	17:05:04.620	trend_dtrader XAUUSD,H1: Failed modifying ETCUSD
0	17:05:05.614	trend_dtrader XAUUSD,H1: Failed modifying ETCUSD
0	17:05:06.614	trend_dtrader XAUUSD,H1: Failed modifying ETCUSD
0	17:05:07.613	trend_dtrader XAUUSD,H1: Failed modifying ETCUSD
0	17:05:08.613	trend_dtrader XAUUSD,H1: Failed modifying ETCUSD
0	17:05:09.612	trend_dtrader XAUUSD,H1: Failed modifying ETCUSD
0	17:05:10.613	trend_dtrader XAUUSD,H1: Failed modifying ETCUSD
0	17:05:11.613	trend_dtrader XAUUSD,H1: Failed modifying ETCUSD
0	17:05:12.612	trend_dtrader XAUUSD,H1: Failed modifying ETCUSD
0	17:05:13.613	trend_dtrader XAUUSD,H1: Failed modifying ETCUSD
0	17:05:14.613	trend_dtrader XAUUSD,H1: Failed modifying ETCUSD
0	17:05:15.636	trend_dtrader XAUUSD,H1: Failed modifying ETCUSD
0	17:05:16.611	trend_dtrader XAUUSD,H1: Failed modifying ETCUSD
0	17:05:17.612	trend_dtrader XAUUSD,H1: Failed modifying ETCUSD
0	17:05:18.612	trend_dtrader XAUUSD,H1: Failed modifying ETCUSD
0	17:05:19.612	trend_dtrader XAUUSD,H1: Failed modifying ETCUSD
0	17:05:20.610	trend_dtrader XAUUSD,H1: Failed modifying ETCUSD
0	17:05:21.611	trend_dtrader XAUUSD,H1: Failed modifying ETCUSD
0	17:05:22.612	trend_dtrader XAUUSD,H1: Failed modifying ETCUSD
0	17:05:23.662	trend_dtrader XAUUSD,H1: Failed modifying ETCUSD
0	17:05:24.618	trend_dtrader XAUUSD,H1: Failed modifying ETCUSD
0	17:05:25.611	trend_dtrader XAUUSD,H1: Failed modifying ETCUSD
0	17:05:26.610	trend_dtrader XAUUSD,H1: Failed modifying ETCUSD
0	17:05:27.618	trend_dtrader XAUUSD,H1: Failed modifying ETCUSD
0	17:05:28.640	trend_dtrader XAUUSD,H1: Failed modifying ETCUSD
0	17:05:29.644	trend_dtrader XAUUSD,H1: Failed modifying ETCUSD
0	17:05:30.628	trend_dtrader XAUUSD,H1: Failed modifying ETCUSD
0	17:05:31.613	trend_dtrader XAUUSD,H1: Failed modifying ETCUSD
0	17:05:32.616	trend_dtrader XAUUSD,H1: Failed modifying ETCUSD
0	17:05:33.611	trend_dtrader XAUUSD,H1: Failed modifying ETCUSD
0	17:05:34.611	trend_dtrader XAUUSD,H1: Failed modifying ETCUSD
0	17:05:35.652	trend_dtrader XAUUSD,H1: Failed modifying ETCUSD
0	17:05:36.617	trend_dtrader XAUUSD,H1: Failed modifying ETCUSD
0	17:05:37.617	trend_dtrader XAUUSD,H1: Failed modifying ETCUSD
0	17:05:38.611	trend_dtrader XAUUSD,H1: Failed modifying ETCUSD
0	17:05:39.613	trend_dtrader XAUUSD,H1: Failed modifying ETCUSD
0	17:05:40.616	trend_dtrader XAUUSD,H1: Failed modifying ETCUSD
0	17:05:41.629	trend_dtrader XAUUSD,H1: Failed modifying ETCUSD
0	17:05:42.616	trend_dtrader XAUUSD,H1: Failed modifying ETCUSD
0	17:05:43.616	trend_dtrader XAUUSD,H1: Failed modifying ETCUSD
0	17:05:44.615	trend_dtrader XAUUSD,H1: Failed modifying ETCUSD
0	17:05:45.615	trend_dtrader XAUUSD,H1: Failed modifying ETCUSD
0	17:05:46.615	trend_dtrader XAUUSD,H1: Failed modifying ETCUSD
0	17:05:47.615	trend_dtrader XAUUSD,H1: Failed modifying ETCUSD
0	17:05:48.611	trend_dtrader XAUUSD,H1: Failed modifying ETCUSD
0	17:05:49.613	trend_dtrader XAUUSD,H1: Failed modifying ETCUSD
0	17:05:50.615	trend_dtrader XAUUSD,H1: Failed modifying ETCUSD
0	17:05:51.634	trend_dtrader XAUUSD,H1: Failed modifying ETCUSD
0	17:05:52.615	trend_dtrader XAUUSD,H1: Failed modifying ETCUSD
0	17:05:53.615	trend_dtrader XAUUSD,H1: Failed modifying ETCUSD
0	17:05:54.614	trend_dtrader XAUUSD,H1: Failed modifying ETCUSD
0	17:05:54.614	trend_dtrader XAUUSD,H1: Failed modifying ETCUSD
0	17:05:55.616	trend_dtrader XAUUSD,H1: Failed modifying ETCUSD
0	17:05:55.616	trend_dtrader XAUUSD,H1: Failed modifying ETCUSD
0	17:05:56.614	trend_dtrader XAUUSD,H1: Failed modifying ETCUSD
0	17:05:56.614	trend_dtrader XAUUSD,H1: Failed modifying ETCUSD
0	17:05:57.614	trend_dtrader XAUUSD,H1: Failed modifying ETCUSD
0	17:05:57.614	trend_dtrader XAUUSD,H1: Failed modifying ETCUSD
0	17:05:58.619	trend_dtrader XAUUSD,H1: Failed modifying ETCUSD
0	17:05:58.619	trend_dtrader XAUUSD,H1: Failed modifying ETCUSD
0	17:05:59.612	trend_dtrader XAUUSD,H1: Failed modifying ETCUSD
0	17:05:59.612	trend_dtrader XAUUSD,H1: Failed modifying ETCUSD
0	17:06:00.610	trend_dtrader XAUUSD,H1: Failed modifying ETCUSD
0	17:06:00.610	trend_dtrader XAUUSD,H1: Failed modifying ETCUSD
0	17:06:01.612	trend_dtrader XAUUSD,H1: Failed modifying ETCUSD
0	17:06:01.612	trend_dtrader XAUUSD,H1: Failed modifying ETCUSD
0	17:06:02.614	trend_dtrader XAUUSD,H1: Failed modifying ETCUSD
0	17:06:02.614	trend_dtrader XAUUSD,H1: Failed modifying ETCUSD
0	17:06:03.613	trend_dtrader XAUUSD,H1: Failed modifying ETCUSD
0	17:06:03.613	trend_dtrader XAUUSD,H1: Failed modifying ETCUSD
0	17:06:04.610	trend_dtrader XAUUSD,H1: Failed modifying ETCUSD
0	17:06:04.610	trend_dtrader XAUUSD,H1: Failed modifying ETCUSD
0	17:06:05.613	trend_dtrader XAUUSD,H1: Failed modifying ETCUSD
0	17:06:05.613	trend_dtrader XAUUSD,H1: Failed modifying ETCUSD
0	17:06:06.612	trend_dtrader XAUUSD,H1: Failed modifying ETCUSD
0	17:06:06.612	trend_dtrader XAUUSD,H1: Failed modifying ETCUSD
0	17:06:07.613	trend_dtrader XAUUSD,H1: Failed modifying ETCUSD
0	17:06:07.613	trend_dtrader XAUUSD,H1: Failed modifying ETCUSD
0	17:06:08.621	trend_dtrader XAUUSD,H1: Failed modifying ETCUSD
0	17:06:08.621	trend_dtrader XAUUSD,H1: Failed modifying ETCUSD
0	17:06:09.613	trend_dtrader XAUUSD,H1: Failed modifying ETCUSD
0	17:06:09.613	trend_dtrader XAUUSD,H1: Failed modifying ETCUSD
0	17:06:10.613	trend_dtrader XAUUSD,H1: Failed modifying ETCUSD
0	17:06:10.613	trend_dtrader XAUUSD,H1: Failed modifying ETCUSD
0	17:06:11.639	trend_dtrader XAUUSD,H1: Failed modifying ETCUSD
0	17:06:11.639	trend_dtrader XAUUSD,H1: Failed modifying ETCUSD
0	17:06:12.612	trend_dtrader XAUUSD,H1: Failed modifying ETCUSD
0	17:06:12.612	trend_dtrader XAUUSD,H1: Failed modifying ETCUSD
0	17:06:13.612	trend_dtrader XAUUSD,H1: Failed modifying ETCUSD
0	17:06:13.612	trend_dtrader XAUUSD,H1: Failed modifying ETCUSD
0	17:06:14.648	trend_dtrader XAUUSD,H1: Failed modifying ETCUSD
0	17:06:14.648	trend_dtrader XAUUSD,H1: Failed modifying ETCUSD
0	17:06:15.611	trend_dtrader XAUUSD,H1: Failed modifying ETCUSD
0	17:06:15.611	trend_dtrader XAUUSD,H1: Failed modifying ETCUSD
0	17:06:16.611	trend_dtrader XAUUSD,H1: Failed modifying ETCUSD
0	17:06:16.611	trend_dtrader XAUUSD,H1: Failed modifying ETCUSD
0	17:06:17.642	trend_dtrader XAUUSD,H1: Failed modifying ETCUSD
0	17:06:17.642	trend_dtrader XAUUSD,H1: Failed modifying ETCUSD
0	17:06:18.612	trend_dtrader XAUUSD,H1: Failed modifying ETCUSD
0	17:06:18.612	trend_dtrader XAUUSD,H1: Failed modifying ETCUSD
0	17:06:19.611	trend_dtrader XAUUSD,H1: Failed modifying ETCUSD
0	17:06:19.611	trend_dtrader XAUUSD,H1: Failed modifying ETCUSD
0	17:06:20.611	trend_dtrader XAUUSD,H1: Failed modifying ETCUSD
0	17:06:20.611	trend_dtrader XAUUSD,H1: Failed modifying ETCUSD
0	17:06:21.617	trend_dtrader XAUUSD,H1: Failed modifying ETCUSD
0	17:06:21.617	trend_dtrader XAUUSD,H1: Failed modifying ETCUSD
0	17:06:22.617	trend_dtrader XAUUSD,H1: Failed modifying ETCUSD
0	17:06:22.617	trend_dtrader XAUUSD,H1: Failed modifying ETCUSD
0	17:06:23.613	trend_dtrader XAUUSD,H1: Failed modifying ETCUSD
0	17:06:23.613	trend_dtrader XAUUSD,H1: Failed modifying ETCUSD
0	17:06:24.610	trend_dtrader XAUUSD,H1: Failed modifying ETCUSD
0	17:06:24.610	trend_dtrader XAUUSD,H1: Failed modifying ETCUSD
0	17:06:25.617	trend_dtrader XAUUSD,H1: Failed modifying ETCUSD
0	17:06:25.617	trend_dtrader XAUUSD,H1: Failed modifying ETCUSD
0	17:06:26.631	trend_dtrader XAUUSD,H1: Failed modifying ETCUSD
0	17:06:26.631	trend_dtrader XAUUSD,H1: Failed modifying ETCUSD
0	17:06:27.618	trend_dtrader XAUUSD,H1: Failed modifying ETCUSD
0	17:06:27.618	trend_dtrader XAUUSD,H1: Failed modifying ETCUSD
0	17:06:28.612	trend_dtrader XAUUSD,H1: Failed modifying ETCUSD
0	17:06:29.617	trend_dtrader XAUUSD,H1: Failed modifying ETCUSD
0	17:06:30.611	trend_dtrader XAUUSD,H1: Failed modifying ETCUSD
0	17:06:31.617	trend_dtrader XAUUSD,H1: Failed modifying ETCUSD
0	17:06:31.617	trend_dtrader XAUUSD,H1: Failed modifying ETCUSD
0	17:06:32.674	trend_dtrader XAUUSD,H1: Failed modifying ETCUSD
0	17:06:32.674	trend_dtrader XAUUSD,H1: Failed modifying ETCUSD
0	17:06:33.700	trend_dtrader XAUUSD,H1: Failed modifying ETCUSD
0	17:06:33.700	trend_dtrader XAUUSD,H1: Failed modifying ETCUSD
0	17:06:34.617	trend_dtrader XAUUSD,H1: Failed modifying ETCUSD
0	17:06:34.617	trend_dtrader XAUUSD,H1: Failed modifying ETCUSD
0	17:06:35.616	trend_dtrader XAUUSD,H1: Failed modifying ETCUSD
0	17:06:35.616	trend_dtrader XAUUSD,H1: Failed modifying ETCUSD
0	17:06:36.616	trend_dtrader XAUUSD,H1: Failed modifying ETCUSD
0	17:06:36.616	trend_dtrader XAUUSD,H1: Failed modifying ETCUSD
0	17:06:37.616	trend_dtrader XAUUSD,H1: Failed modifying ETCUSD
0	17:06:37.616	trend_dtrader XAUUSD,H1: Failed modifying ETCUSD
0	17:06:38.611	trend_dtrader XAUUSD,H1: Failed modifying ETCUSD
0	17:06:38.611	trend_dtrader XAUUSD,H1: Failed modifying ETCUSD
0	17:06:39.616	trend_dtrader XAUUSD,H1: Failed modifying ETCUSD
0	17:06:40.628	trend_dtrader XAUUSD,H1: Failed modifying ETCUSD
0	17:06:41.615	trend_dtrader XAUUSD,H1: Failed modifying ETCUSD
0	17:06:42.629	trend_dtrader XAUUSD,H1: Failed modifying ETCUSD
0	17:06:43.615	trend_dtrader XAUUSD,H1: Failed modifying ETCUSD
0	17:06:44.615	trend_dtrader XAUUSD,H1: Failed modifying ETCUSD
0	17:06:45.614	trend_dtrader XAUUSD,H1: Failed modifying ETCUSD
0	17:06:46.614	trend_dtrader XAUUSD,H1: Failed modifying ETCUSD
0	17:06:47.614	trend_dtrader XAUUSD,H1: Failed modifying ETCUSD
0	17:06:48.615	trend_dtrader XAUUSD,H1: Failed modifying ETCUSD
0	17:06:49.615	trend_dtrader XAUUSD,H1: Failed modifying ETCUSD
0	17:06:50.611	trend_dtrader XAUUSD,H1: Failed modifying ETCUSD
0	17:06:51.614	trend_dtrader XAUUSD,H1: Failed modifying ETCUSD
0	17:06:52.614	trend_dtrader XAUUSD,H1: Failed modifying ETCUSD
0	17:06:53.614	trend_dtrader XAUUSD,H1: Failed modifying ETCUSD
0	17:06:54.611	trend_dtrader XAUUSD,H1: Failed modifying ETCUSD
0	17:06:55.613	trend_dtrader XAUUSD,H1: Failed modifying ETCUSD
0	17:06:56.651	trend_dtrader XAUUSD,H1: Failed modifying ETCUSD
0	17:06:57.614	trend_dtrader XAUUSD,H1: Failed modifying ETCUSD
0	17:06:58.614	trend_dtrader XAUUSD,H1: Failed modifying ETCUSD
0	17:06:59.613	trend_dtrader XAUUSD,H1: Failed modifying ETCUSD
0	17:07:00.645	trend_dtrader XAUUSD,H1: Failed modifying ETCUSD
0	17:07:01.613	trend_dtrader XAUUSD,H1: Failed modifying ETCUSD
0	17:07:02.612	trend_dtrader XAUUSD,H1: Failed modifying ETCUSD
0	17:07:03.613	trend_dtrader XAUUSD,H1: Failed modifying ETCUSD
0	17:07:04.619	trend_dtrader XAUUSD,H1: Failed modifying ETCUSD
0	17:07:05.613	trend_dtrader XAUUSD,H1: Failed modifying ETCUSD
0	17:07:06.611	trend_dtrader XAUUSD,H1: Failed modifying ETCUSD
0	17:07:07.612	trend_dtrader XAUUSD,H1: Failed modifying ETCUSD
0	17:07:08.613	trend_dtrader XAUUSD,H1: Failed modifying ETCUSD
0	17:07:09.610	trend_dtrader XAUUSD,H1: Failed modifying ETCUSD
0	17:07:10.612	trend_dtrader XAUUSD,H1: Failed modifying ETCUSD
0	17:07:11.611	trend_dtrader XAUUSD,H1: Failed modifying ETCUSD
0	17:07:12.611	trend_dtrader XAUUSD,H1: Failed modifying ETCUSD
0	17:07:12.611	trend_dtrader XAUUSD,H1: Failed modifying ETCUSD
0	17:07:13.627	trend_dtrader XAUUSD,H1: Failed modifying ETCUSD
0	17:07:13.627	trend_dtrader XAUUSD,H1: Failed modifying ETCUSD
0	17:07:14.635	trend_dtrader XAUUSD,H1: Failed modifying ETCUSD
0	17:07:14.635	trend_dtrader XAUUSD,H1: Failed modifying ETCUSD
0	17:07:15.611	trend_dtrader XAUUSD,H1: Failed modifying ETCUSD
0	17:07:16.610	trend_dtrader XAUUSD,H1: Failed modifying ETCUSD
0	17:07:17.614	trend_dtrader XAUUSD,H1: Failed modifying ETCUSD
0	17:07:18.618	trend_dtrader XAUUSD,H1: Failed modifying ETCUSD
0	17:07:19.610	trend_dtrader XAUUSD,H1: Failed modifying ETCUSD
0	17:07:19.610	trend_dtrader XAUUSD,H1: Failed modifying ETCUSD
0	17:07:20.618	trend_dtrader XAUUSD,H1: Failed modifying ETCUSD
0	17:07:20.618	trend_dtrader XAUUSD,H1: Failed modifying ETCUSD
0	17:07:21.650	trend_dtrader XAUUSD,H1: Failed modifying ETCUSD
0	17:07:21.650	trend_dtrader XAUUSD,H1: Failed modifying ETCUSD
0	17:07:22.613	trend_dtrader XAUUSD,H1: Failed modifying ETCUSD
0	17:07:22.613	trend_dtrader XAUUSD,H1: Failed modifying ETCUSD
0	17:07:23.618	trend_dtrader XAUUSD,H1: Failed modifying ETCUSD
0	17:07:23.618	trend_dtrader XAUUSD,H1: Failed modifying ETCUSD
0	17:07:24.611	trend_dtrader XAUUSD,H1: Failed modifying ETCUSD
0	17:07:24.611	trend_dtrader XAUUSD,H1: Failed modifying ETCUSD
0	17:07:25.616	trend_dtrader XAUUSD,H1: Failed modifying ETCUSD
0	17:07:25.616	trend_dtrader XAUUSD,H1: Failed modifying ETCUSD
0	17:07:26.649	trend_dtrader XAUUSD,H1: Failed modifying ETCUSD
0	17:07:26.649	trend_dtrader XAUUSD,H1: Failed modifying ETCUSD
0	17:07:27.701	trend_dtrader XAUUSD,H1: Failed modifying ETCUSD
0	17:07:27.701	trend_dtrader XAUUSD,H1: Failed modifying ETCUSD
0	17:07:28.615	trend_dtrader XAUUSD,H1: Failed modifying ETCUSD
0	17:07:28.615	trend_dtrader XAUUSD,H1: Failed modifying ETCUSD
0	17:07:29.632	trend_dtrader XAUUSD,H1: Failed modifying ETCUSD
0	17:07:29.632	trend_dtrader XAUUSD,H1: Failed modifying ETCUSD
0	17:07:30.616	trend_dtrader XAUUSD,H1: Failed modifying ETCUSD
0	17:07:30.616	trend_dtrader XAUUSD,H1: Failed modifying ETCUSD
0	17:07:31.618	trend_dtrader XAUUSD,H1: Failed modifying ETCUSD
0	17:07:31.618	trend_dtrader XAUUSD,H1: Failed modifying ETCUSD
0	17:07:32.615	trend_dtrader XAUUSD,H1: Failed modifying ETCUSD
0	17:07:32.615	trend_dtrader XAUUSD,H1: Failed modifying ETCUSD
0	17:07:33.615	trend_dtrader XAUUSD,H1: Failed modifying ETCUSD
0	17:07:33.615	trend_dtrader XAUUSD,H1: Failed modifying ETCUSD
0	17:07:34.611	trend_dtrader XAUUSD,H1: Failed modifying ETCUSD
0	17:07:34.611	trend_dtrader XAUUSD,H1: Failed modifying ETCUSD
0	17:07:35.612	trend_dtrader XAUUSD,H1: Failed modifying ETCUSD
0	17:07:35.612	trend_dtrader XAUUSD,H1: Failed modifying ETCUSD
0	17:07:36.615	trend_dtrader XAUUSD,H1: Failed modifying ETCUSD
0	17:07:36.615	trend_dtrader XAUUSD,H1: Failed modifying ETCUSD
0	17:07:37.612	trend_dtrader XAUUSD,H1: Failed modifying ETCUSD
0	17:07:37.612	trend_dtrader XAUUSD,H1: Failed modifying ETCUSD
0	17:07:38.614	trend_dtrader XAUUSD,H1: Failed modifying ETCUSD
0	17:07:38.614	trend_dtrader XAUUSD,H1: Failed modifying ETCUSD
0	17:07:39.612	trend_dtrader XAUUSD,H1: Failed modifying ETCUSD
0	17:07:39.612	trend_dtrader XAUUSD,H1: Failed modifying ETCUSD
0	17:07:40.615	trend_dtrader XAUUSD,H1: Failed modifying ETCUSD
0	17:07:40.615	trend_dtrader XAUUSD,H1: Failed modifying ETCUSD
0	17:07:41.614	trend_dtrader XAUUSD,H1: Failed modifying ETCUSD
0	17:07:41.614	trend_dtrader XAUUSD,H1: Failed modifying ETCUSD
0	17:07:42.614	trend_dtrader XAUUSD,H1: Failed modifying ETCUSD
0	17:07:42.614	trend_dtrader XAUUSD,H1: Failed modifying ETCUSD
0	17:07:43.612	trend_dtrader XAUUSD,H1: Failed modifying ETCUSD
0	17:07:44.616	trend_dtrader XAUUSD,H1: Failed modifying ETCUSD
0	17:07:45.614	trend_dtrader XAUUSD,H1: Failed modifying ETCUSD
0	17:07:46.611	trend_dtrader XAUUSD,H1: Failed modifying ETCUSD
0	17:07:47.612	trend_dtrader XAUUSD,H1: Failed modifying ETCUSD
0	17:07:48.614	trend_dtrader XAUUSD,H1: Failed modifying ETCUSD
0	17:07:49.612	trend_dtrader XAUUSD,H1: Failed modifying ETCUSD
0	17:07:50.614	trend_dtrader XAUUSD,H1: Failed modifying ETCUSD
0	17:07:51.611	trend_dtrader XAUUSD,H1: Failed modifying ETCUSD
0	17:07:52.663	trend_dtrader XAUUSD,H1: Failed modifying ETCUSD
0	17:07:53.612	trend_dtrader XAUUSD,H1: Failed modifying ETCUSD
0	17:07:54.613	trend_dtrader XAUUSD,H1: Failed modifying ETCUSD
0	17:07:55.613	trend_dtrader XAUUSD,H1: Failed modifying ETCUSD
0	17:07:56.613	trend_dtrader XAUUSD,H1: Failed modifying ETCUSD
0	17:07:56.613	trend_dtrader XAUUSD,H1: Failed modifying ETCUSD
0	17:07:57.613	trend_dtrader XAUUSD,H1: Failed modifying ETCUSD
0	17:07:57.613	trend_dtrader XAUUSD,H1: Failed modifying ETCUSD
0	17:07:58.611	trend_dtrader XAUUSD,H1: Failed modifying ETCUSD
0	17:07:59.612	trend_dtrader XAUUSD,H1: Failed modifying ETCUSD
0	17:08:00.611	trend_dtrader XAUUSD,H1: Failed modifying ETCUSD
0	17:08:00.611	trend_dtrader XAUUSD,H1: Failed modifying ETCUSD
0	17:08:01.612	trend_dtrader XAUUSD,H1: Failed modifying ETCUSD
0	17:08:01.612	trend_dtrader XAUUSD,H1: Failed modifying ETCUSD
0	17:08:02.611	trend_dtrader XAUUSD,H1: Failed modifying ETCUSD
0	17:08:02.611	trend_dtrader XAUUSD,H1: Failed modifying ETCUSD
0	17:08:03.611	trend_dtrader XAUUSD,H1: Failed modifying ETCUSD
0	17:08:03.611	trend_dtrader XAUUSD,H1: Failed modifying ETCUSD
0	17:08:04.643	trend_dtrader XAUUSD,H1: Failed modifying ETCUSD
0	17:08:04.643	trend_dtrader XAUUSD,H1: Failed modifying ETCUSD
0	17:08:05.612	trend_dtrader XAUUSD,H1: Failed modifying ETCUSD
0	17:08:05.612	trend_dtrader XAUUSD,H1: Failed modifying ETCUSD
0	17:08:06.611	trend_dtrader XAUUSD,H1: Failed modifying ETCUSD
0	17:08:06.611	trend_dtrader XAUUSD,H1: Failed modifying ETCUSD
0	17:08:07.611	trend_dtrader XAUUSD,H1: Failed modifying ETCUSD
0	17:08:07.611	trend_dtrader XAUUSD,H1: Failed modifying ETCUSD
0	17:08:08.611	trend_dtrader XAUUSD,H1: Failed modifying ETCUSD
0	17:08:08.611	trend_dtrader XAUUSD,H1: Failed modifying ETCUSD
0	17:08:09.612	trend_dtrader XAUUSD,H1: Failed modifying ETCUSD
0	17:08:09.612	trend_dtrader XAUUSD,H1: Failed modifying ETCUSD
0	17:08:10.610	trend_dtrader XAUUSD,H1: Failed modifying ETCUSD
0	17:08:10.610	trend_dtrader XAUUSD,H1: Failed modifying ETCUSD
0	17:08:11.611	trend_dtrader XAUUSD,H1: Failed modifying ETCUSD
0	17:08:11.611	trend_dtrader XAUUSD,H1: Failed modifying ETCUSD
0	17:08:12.610	trend_dtrader XAUUSD,H1: Failed modifying ETCUSD
0	17:08:12.610	trend_dtrader XAUUSD,H1: Failed modifying ETCUSD
0	17:08:13.617	trend_dtrader XAUUSD,H1: Failed modifying ETCUSD
0	17:08:13.617	trend_dtrader XAUUSD,H1: Failed modifying ETCUSD
0	17:08:14.611	trend_dtrader XAUUSD,H1: Failed modifying ETCUSD
0	17:08:14.611	trend_dtrader XAUUSD,H1: Failed modifying ETCUSD
0	17:08:15.617	trend_dtrader XAUUSD,H1: Failed modifying ETCUSD
0	17:08:15.617	trend_dtrader XAUUSD,H1: Failed modifying ETCUSD
0	17:08:16.612	trend_dtrader XAUUSD,H1: Failed modifying ETCUSD
0	17:08:16.612	trend_dtrader XAUUSD,H1: Failed modifying ETCUSD
0	17:08:17.614	trend_dtrader XAUUSD,H1: Failed modifying ETCUSD
0	17:08:17.614	trend_dtrader XAUUSD,H1: Failed modifying ETCUSD
0	17:08:18.616	trend_dtrader XAUUSD,H1: Failed modifying ETCUSD
0	17:08:18.616	trend_dtrader XAUUSD,H1: Failed modifying ETCUSD
0	17:08:19.611	trend_dtrader XAUUSD,H1: Failed modifying ETCUSD
0	17:08:19.611	trend_dtrader XAUUSD,H1: Failed modifying ETCUSD
0	17:08:20.617	trend_dtrader XAUUSD,H1: Failed modifying ETCUSD
0	17:08:20.617	trend_dtrader XAUUSD,H1: Failed modifying ETCUSD
0	17:08:21.617	trend_dtrader XAUUSD,H1: Failed modifying ETCUSD
0	17:08:21.617	trend_dtrader XAUUSD,H1: Failed modifying ETCUSD
0	17:08:22.616	trend_dtrader XAUUSD,H1: Failed modifying ETCUSD
0	17:08:22.616	trend_dtrader XAUUSD,H1: Failed modifying ETCUSD
0	17:08:23.617	trend_dtrader XAUUSD,H1: Failed modifying ETCUSD
0	17:08:23.617	trend_dtrader XAUUSD,H1: Failed modifying ETCUSD
0	17:08:24.616	trend_dtrader XAUUSD,H1: Failed modifying ETCUSD
0	17:08:24.616	trend_dtrader XAUUSD,H1: Failed modifying ETCUSD
0	17:08:25.615	trend_dtrader XAUUSD,H1: Failed modifying ETCUSD
0	17:08:25.615	trend_dtrader XAUUSD,H1: Failed modifying ETCUSD
0	17:08:26.613	trend_dtrader XAUUSD,H1: Failed modifying ETCUSD
0	17:08:26.613	trend_dtrader XAUUSD,H1: Failed modifying ETCUSD
0	17:08:27.612	trend_dtrader XAUUSD,H1: Failed modifying ETCUSD
0	17:08:27.612	trend_dtrader XAUUSD,H1: Failed modifying ETCUSD
0	17:08:28.646	trend_dtrader XAUUSD,H1: Failed modifying ETCUSD
0	17:08:28.646	trend_dtrader XAUUSD,H1: Failed modifying ETCUSD
0	17:08:29.611	trend_dtrader XAUUSD,H1: Failed modifying ETCUSD
0	17:08:29.611	trend_dtrader XAUUSD,H1: Failed modifying ETCUSD
0	17:08:30.616	trend_dtrader XAUUSD,H1: Failed modifying ETCUSD
0	17:08:30.616	trend_dtrader XAUUSD,H1: Failed modifying ETCUSD
0	17:20:33.611	trend_dtrader XAUUSD,H1: Alert: Please check your internet connection
0	17:25:06.614	trend_dtrader XAUUSD,H1: Failed modifying ETCUSD
0	17:25:07.613	trend_dtrader XAUUSD,H1: Failed modifying ETCUSD
0	17:25:08.612	trend_dtrader XAUUSD,H1: Failed modifying ETCUSD
0	17:25:09.613	trend_dtrader XAUUSD,H1: Failed modifying ETCUSD
0	17:25:12.612	trend_dtrader XAUUSD,H1: Failed modifying ETCUSD
0	17:25:13.621	trend_dtrader XAUUSD,H1: Failed modifying ETCUSD
0	17:25:14.612	trend_dtrader XAUUSD,H1: Failed modifying ETCUSD
0	17:25:15.626	trend_dtrader XAUUSD,H1: Failed modifying ETCUSD
0	17:25:17.613	trend_dtrader XAUUSD,H1: Failed modifying ETCUSD
0	17:25:18.613	trend_dtrader XAUUSD,H1: Failed modifying ETCUSD
0	17:27:15.611	trend_dtrader XAUUSD,H1: Failed modifying ETCUSD
0	17:27:16.613	trend_dtrader XAUUSD,H1: Failed modifying ETCUSD
0	17:27:17.612	trend_dtrader XAUUSD,H1: Failed modifying ETCUSD
0	17:27:18.611	trend_dtrader XAUUSD,H1: Failed modifying ETCUSD
0	17:27:19.616	trend_dtrader XAUUSD,H1: Failed modifying ETCUSD
0	17:27:20.610	trend_dtrader XAUUSD,H1: Failed modifying ETCUSD
0	17:27:21.611	trend_dtrader XAUUSD,H1: Failed modifying ETCUSD
0	17:27:22.616	trend_dtrader XAUUSD,H1: Failed modifying ETCUSD
0	17:27:23.612	trend_dtrader XAUUSD,H1: Failed modifying ETCUSD
0	17:27:24.616	trend_dtrader XAUUSD,H1: Failed modifying ETCUSD
0	17:27:25.613	trend_dtrader XAUUSD,H1: Failed modifying ETCUSD
0	17:27:26.616	trend_dtrader XAUUSD,H1: Failed modifying ETCUSD
0	17:27:27.615	trend_dtrader XAUUSD,H1: Failed modifying ETCUSD
0	17:27:28.617	trend_dtrader XAUUSD,H1: Failed modifying ETCUSD
0	17:27:29.611	trend_dtrader XAUUSD,H1: Failed modifying ETCUSD
0	17:27:30.616	trend_dtrader XAUUSD,H1: Failed modifying ETCUSD
0	17:27:31.615	trend_dtrader XAUUSD,H1: Failed modifying ETCUSD
0	17:27:32.614	trend_dtrader XAUUSD,H1: Failed modifying ETCUSD
0	17:27:33.615	trend_dtrader XAUUSD,H1: Failed modifying ETCUSD
0	17:27:34.612	trend_dtrader XAUUSD,H1: Failed modifying ETCUSD
0	17:27:35.626	trend_dtrader XAUUSD,H1: Failed modifying ETCUSD
0	17:27:36.616	trend_dtrader XAUUSD,H1: Failed modifying ETCUSD
0	17:27:37.612	trend_dtrader XAUUSD,H1: Failed modifying ETCUSD
0	17:27:38.616	trend_dtrader XAUUSD,H1: Failed modifying ETCUSD
0	17:27:39.652	trend_dtrader XAUUSD,H1: Failed modifying ETCUSD
0	17:27:40.636	trend_dtrader XAUUSD,H1: Failed modifying ETCUSD
0	17:27:41.614	trend_dtrader XAUUSD,H1: Failed modifying ETCUSD
0	17:27:42.611	trend_dtrader XAUUSD,H1: Failed modifying ETCUSD
0	17:27:43.615	trend_dtrader XAUUSD,H1: Failed modifying ETCUSD
0	17:27:44.615	trend_dtrader XAUUSD,H1: Failed modifying ETCUSD
0	17:27:45.614	trend_dtrader XAUUSD,H1: Failed modifying ETCUSD
0	17:27:46.610	trend_dtrader XAUUSD,H1: Failed modifying ETCUSD
0	17:27:47.614	trend_dtrader XAUUSD,H1: Failed modifying ETCUSD
0	17:27:58.613	trend_dtrader XAUUSD,H1: Failed modifying ETCUSD
0	17:27:59.611	trend_dtrader XAUUSD,H1: Failed modifying ETCUSD
0	17:28:00.613	trend_dtrader XAUUSD,H1: Failed modifying ETCUSD
0	17:28:01.610	trend_dtrader XAUUSD,H1: Failed modifying ETCUSD
0	17:28:03.616	trend_dtrader XAUUSD,H1: Failed modifying ETCUSD
0	17:28:04.613	trend_dtrader XAUUSD,H1: Failed modifying ETCUSD
0	17:28:05.613	trend_dtrader XAUUSD,H1: Failed modifying ETCUSD
0	17:28:06.612	trend_dtrader XAUUSD,H1: Failed modifying ETCUSD
0	17:28:07.612	trend_dtrader XAUUSD,H1: Failed modifying ETCUSD
0	17:28:08.610	trend_dtrader XAUUSD,H1: Failed modifying ETCUSD
0	17:28:09.630	trend_dtrader XAUUSD,H1: Failed modifying ETCUSD
0	17:28:10.611	trend_dtrader XAUUSD,H1: Failed modifying ETCUSD
0	17:28:11.631	trend_dtrader XAUUSD,H1: Failed modifying ETCUSD
0	17:28:12.610	trend_dtrader XAUUSD,H1: Failed modifying ETCUSD
0	17:28:13.682	trend_dtrader XAUUSD,H1: Failed modifying ETCUSD
0	17:28:14.625	trend_dtrader XAUUSD,H1: Failed modifying ETCUSD
0	17:28:19.626	trend_dtrader XAUUSD,H1: Failed modifying ETCUSD
0	17:28:20.616	trend_dtrader XAUUSD,H1: Failed modifying ETCUSD
0	17:28:21.612	trend_dtrader XAUUSD,H1: Failed modifying ETCUSD
0	17:28:22.617	trend_dtrader XAUUSD,H1: Failed modifying ETCUSD
0	17:28:23.613	trend_dtrader XAUUSD,H1: Failed modifying ETCUSD
0	17:28:27.639	trend_dtrader XAUUSD,H1: Failed modifying ETCUSD
0	17:28:28.612	trend_dtrader XAUUSD,H1: Failed modifying ETCUSD
0	17:28:29.616	trend_dtrader XAUUSD,H1: Failed modifying ETCUSD
0	17:28:30.644	trend_dtrader XAUUSD,H1: Failed modifying ETCUSD
0	17:28:31.629	trend_dtrader XAUUSD,H1: Failed modifying ETCUSD
0	17:28:32.616	trend_dtrader XAUUSD,H1: Failed modifying ETCUSD
0	17:46:26.611	trend_dtrader XAUUSD,H1: Alert: Please check your internet connection
0	17:46:27.611	trend_dtrader XAUUSD,H1: Alert: Please check your internet connection
0	17:46:28.611	trend_dtrader XAUUSD,H1: Alert: Please check your internet connection
0	17:46:29.612	trend_dtrader XAUUSD,H1: Alert: Please check your internet connection
0	17:46:30.618	trend_dtrader XAUUSD,H1: Alert: Please check your internet connection
0	18:06:20.673	trend_dtrader XAUUSD,H1: Failed modifying ETCUSD
0	18:06:21.612	trend_dtrader XAUUSD,H1: Failed modifying ETCUSD
0	18:06:22.612	trend_dtrader XAUUSD,H1: Failed modifying ETCUSD
0	18:06:23.612	trend_dtrader XAUUSD,H1: Failed modifying ETCUSD
0	18:06:24.613	trend_dtrader XAUUSD,H1: Failed modifying ETCUSD
0	18:06:25.612	trend_dtrader XAUUSD,H1: Failed modifying ETCUSD
0	18:06:26.612	trend_dtrader XAUUSD,H1: Failed modifying ETCUSD
0	18:06:27.611	trend_dtrader XAUUSD,H1: Failed modifying ETCUSD
0	18:06:30.611	trend_dtrader XAUUSD,H1: Failed modifying ETCUSD
0	18:06:31.611	trend_dtrader XAUUSD,H1: Failed modifying ETCUSD
0	18:06:32.618	trend_dtrader XAUUSD,H1: Failed modifying ETCUSD
0	18:06:33.611	trend_dtrader XAUUSD,H1: Failed modifying ETCUSD
0	18:06:34.613	trend_dtrader XAUUSD,H1: Failed modifying ETCUSD
0	18:06:35.616	trend_dtrader XAUUSD,H1: Failed modifying ETCUSD
0	18:06:36.611	trend_dtrader XAUUSD,H1: Failed modifying ETCUSD
0	18:06:38.684	trend_dtrader XAUUSD,H1: Failed modifying ETCUSD
0	18:06:39.615	trend_dtrader XAUUSD,H1: Failed modifying ETCUSD
0	18:06:40.617	trend_dtrader XAUUSD,H1: Failed modifying ETCUSD
0	18:07:01.614	trend_dtrader XAUUSD,H1: Failed modifying ETCUSD
0	18:07:02.611	trend_dtrader XAUUSD,H1: Failed modifying ETCUSD
0	18:07:03.611	trend_dtrader XAUUSD,H1: Failed modifying ETCUSD
0	18:07:04.619	trend_dtrader XAUUSD,H1: Failed modifying ETCUSD
0	18:07:05.613	trend_dtrader XAUUSD,H1: Failed modifying ETCUSD
0	18:07:06.613	trend_dtrader XAUUSD,H1: Failed modifying ETCUSD
0	18:07:07.611	trend_dtrader XAUUSD,H1: Failed modifying ETCUSD
0	18:07:08.613	trend_dtrader XAUUSD,H1: Failed modifying ETCUSD
0	18:07:09.654	trend_dtrader XAUUSD,H1: Failed modifying ETCUSD
0	18:07:10.634	trend_dtrader XAUUSD,H1: Failed modifying ETCUSD
0	18:07:11.613	trend_dtrader XAUUSD,H1: Failed modifying ETCUSD
0	18:07:12.612	trend_dtrader XAUUSD,H1: Failed modifying ETCUSD
0	18:07:20.611	trend_dtrader XAUUSD,H1: Failed modifying ETCUSD
0	18:08:17.611	trend_dtrader XAUUSD,H1: Failed modifying ETCUSD
0	18:08:18.612	trend_dtrader XAUUSD,H1: Failed modifying ETCUSD
0	18:08:27.617	trend_dtrader XAUUSD,H1: Failed modifying ETCUSD
0	18:08:28.613	trend_dtrader XAUUSD,H1: Failed modifying ETCUSD
0	18:09:03.612	trend_dtrader XAUUSD,H1: Failed modifying ETCUSD
0	18:09:04.612	trend_dtrader XAUUSD,H1: Failed modifying ETCUSD
0	18:09:05.656	trend_dtrader XAUUSD,H1: Failed modifying ETCUSD
0	18:09:06.611	trend_dtrader XAUUSD,H1: Failed modifying ETCUSD
0	18:09:07.612	trend_dtrader XAUUSD,H1: Failed modifying ETCUSD
0	18:09:08.612	trend_dtrader XAUUSD,H1: Failed modifying ETCUSD
0	18:09:27.657	trend_dtrader XAUUSD,H1: Failed modifying ETCUSD
0	18:09:28.616	trend_dtrader XAUUSD,H1: Failed modifying ETCUSD
0	18:09:29.634	trend_dtrader XAUUSD,H1: Failed modifying ETCUSD
0	18:09:30.611	trend_dtrader XAUUSD,H1: Failed modifying ETCUSD
0	18:09:31.616	trend_dtrader XAUUSD,H1: Failed modifying ETCUSD
0	18:09:32.615	trend_dtrader XAUUSD,H1: Failed modifying ETCUSD
0	18:09:33.616	trend_dtrader XAUUSD,H1: Failed modifying ETCUSD
0	18:09:34.613	trend_dtrader XAUUSD,H1: Failed modifying ETCUSD
0	18:09:35.614	trend_dtrader XAUUSD,H1: Failed modifying ETCUSD
0	18:09:36.611	trend_dtrader XAUUSD,H1: Failed modifying ETCUSD
0	18:09:37.615	trend_dtrader XAUUSD,H1: Failed modifying ETCUSD
0	18:09:38.612	trend_dtrader XAUUSD,H1: Failed modifying ETCUSD
0	18:09:39.614	trend_dtrader XAUUSD,H1: Failed modifying ETCUSD
0	18:09:40.614	trend_dtrader XAUUSD,H1: Failed modifying ETCUSD
0	18:09:41.614	trend_dtrader XAUUSD,H1: Failed modifying ETCUSD
0	18:09:42.614	trend_dtrader XAUUSD,H1: Failed modifying ETCUSD
0	18:09:43.613	trend_dtrader XAUUSD,H1: Failed modifying ETCUSD
0	18:09:44.622	trend_dtrader XAUUSD,H1: Failed modifying ETCUSD
0	18:09:45.614	trend_dtrader XAUUSD,H1: Failed modifying ETCUSD
0	18:09:46.612	trend_dtrader XAUUSD,H1: Failed modifying ETCUSD
0	18:09:47.614	trend_dtrader XAUUSD,H1: Failed modifying ETCUSD
0	18:09:48.612	trend_dtrader XAUUSD,H1: Failed modifying ETCUSD
0	18:09:49.613	trend_dtrader XAUUSD,H1: Failed modifying ETCUSD
0	18:09:50.614	trend_dtrader XAUUSD,H1: Failed modifying ETCUSD
0	18:09:51.613	trend_dtrader XAUUSD,H1: Failed modifying ETCUSD
0	18:09:52.612	trend_dtrader XAUUSD,H1: Failed modifying ETCUSD
0	18:09:53.611	trend_dtrader XAUUSD,H1: Failed modifying ETCUSD
0	18:09:54.613	trend_dtrader XAUUSD,H1: Failed modifying ETCUSD
0	18:09:55.613	trend_dtrader XAUUSD,H1: Failed modifying ETCUSD
0	18:09:56.612	trend_dtrader XAUUSD,H1: Failed modifying ETCUSD
0	18:09:57.611	trend_dtrader XAUUSD,H1: Failed modifying ETCUSD
0	18:09:58.612	trend_dtrader XAUUSD,H1: Failed modifying ETCUSD
0	18:09:59.611	trend_dtrader XAUUSD,H1: Failed modifying ETCUSD
0	18:10:00.641	trend_dtrader XAUUSD,H1: Failed modifying ETCUSD
0	18:10:01.621	trend_dtrader XAUUSD,H1: Failed modifying ETCUSD
0	18:10:02.613	trend_dtrader XAUUSD,H1: Failed modifying ETCUSD
0	18:10:03.611	trend_dtrader XAUUSD,H1: Failed modifying ETCUSD
0	18:10:04.612	trend_dtrader XAUUSD,H1: Failed modifying ETCUSD
0	18:10:05.612	trend_dtrader XAUUSD,H1: Failed modifying ETCUSD
0	18:10:06.612	trend_dtrader XAUUSD,H1: Failed modifying ETCUSD
0	18:10:07.611	trend_dtrader XAUUSD,H1: Failed modifying ETCUSD
0	18:10:08.618	trend_dtrader XAUUSD,H1: Failed modifying ETCUSD
0	18:10:09.612	trend_dtrader XAUUSD,H1: Failed modifying ETCUSD
0	18:10:10.618	trend_dtrader XAUUSD,H1: Failed modifying ETCUSD
0	18:10:11.613	trend_dtrader XAUUSD,H1: Failed modifying ETCUSD
0	18:10:12.618	trend_dtrader XAUUSD,H1: Failed modifying ETCUSD
0	18:10:13.610	trend_dtrader XAUUSD,H1: Failed modifying ETCUSD
0	18:10:14.618	trend_dtrader XAUUSD,H1: Failed modifying ETCUSD
0	18:10:15.616	trend_dtrader XAUUSD,H1: Failed modifying ETCUSD
0	18:10:16.617	trend_dtrader XAUUSD,H1: Failed modifying ETCUSD
0	18:10:17.613	trend_dtrader XAUUSD,H1: Failed modifying ETCUSD
0	18:10:18.614	trend_dtrader XAUUSD,H1: Failed modifying ETCUSD
0	18:10:19.617	trend_dtrader XAUUSD,H1: Failed modifying ETCUSD
0	18:10:20.610	trend_dtrader XAUUSD,H1: Failed modifying ETCUSD
0	18:10:21.616	trend_dtrader XAUUSD,H1: Failed modifying ETCUSD
0	18:10:22.617	trend_dtrader XAUUSD,H1: Failed modifying ETCUSD
0	18:10:23.615	trend_dtrader XAUUSD,H1: Failed modifying ETCUSD
0	18:10:24.615	trend_dtrader XAUUSD,H1: Failed modifying ETCUSD
0	18:10:25.612	trend_dtrader XAUUSD,H1: Failed modifying ETCUSD
0	18:10:26.612	trend_dtrader XAUUSD,H1: Failed modifying ETCUSD
0	18:10:27.615	trend_dtrader XAUUSD,H1: Failed modifying ETCUSD
0	18:10:28.650	trend_dtrader XAUUSD,H1: Failed modifying ETCUSD
0	18:10:29.657	trend_dtrader XAUUSD,H1: Failed modifying ETCUSD
0	18:10:30.616	trend_dtrader XAUUSD,H1: Failed modifying ETCUSD
0	18:10:31.612	trend_dtrader XAUUSD,H1: Failed modifying ETCUSD
0	18:10:32.614	trend_dtrader XAUUSD,H1: Failed modifying ETCUSD
0	18:10:33.610	trend_dtrader XAUUSD,H1: Failed modifying ETCUSD
0	18:10:34.615	trend_dtrader XAUUSD,H1: Failed modifying ETCUSD
0	18:10:35.612	trend_dtrader XAUUSD,H1: Failed modifying ETCUSD
0	18:10:36.614	trend_dtrader XAUUSD,H1: Failed modifying ETCUSD
0	18:10:37.613	trend_dtrader XAUUSD,H1: Failed modifying ETCUSD
0	18:10:38.614	trend_dtrader XAUUSD,H1: Failed modifying ETCUSD
0	18:10:39.614	trend_dtrader XAUUSD,H1: Failed modifying ETCUSD
0	18:10:40.614	trend_dtrader XAUUSD,H1: Failed modifying ETCUSD
0	18:10:41.614	trend_dtrader XAUUSD,H1: Failed modifying ETCUSD
0	18:10:42.613	trend_dtrader XAUUSD,H1: Failed modifying ETCUSD
0	18:10:43.614	trend_dtrader XAUUSD,H1: Failed modifying ETCUSD
0	18:10:44.613	trend_dtrader XAUUSD,H1: Failed modifying ETCUSD
0	18:10:45.636	trend_dtrader XAUUSD,H1: Failed modifying ETCUSD
0	18:10:46.613	trend_dtrader XAUUSD,H1: Failed modifying ETCUSD
0	18:10:47.611	trend_dtrader XAUUSD,H1: Failed modifying ETCUSD
0	18:10:48.613	trend_dtrader XAUUSD,H1: Failed modifying ETCUSD
0	18:10:49.613	trend_dtrader XAUUSD,H1: Failed modifying ETCUSD
0	18:10:50.614	trend_dtrader XAUUSD,H1: Failed modifying ETCUSD
0	18:10:51.613	trend_dtrader XAUUSD,H1: Failed modifying ETCUSD
0	18:10:52.613	trend_dtrader XAUUSD,H1: Failed modifying ETCUSD
0	18:10:53.613	trend_dtrader XAUUSD,H1: Failed modifying ETCUSD
0	18:10:54.612	trend_dtrader XAUUSD,H1: Failed modifying ETCUSD
0	18:10:55.612	trend_dtrader XAUUSD,H1: Failed modifying ETCUSD
0	18:10:56.612	trend_dtrader XAUUSD,H1: Failed modifying ETCUSD
0	18:10:57.612	trend_dtrader XAUUSD,H1: Failed modifying ETCUSD
0	18:10:58.612	trend_dtrader XAUUSD,H1: Failed modifying ETCUSD
0	18:10:59.611	trend_dtrader XAUUSD,H1: Failed modifying ETCUSD
0	18:11:00.611	trend_dtrader XAUUSD,H1: Failed modifying ETCUSD
0	18:11:01.611	trend_dtrader XAUUSD,H1: Failed modifying ETCUSD
0	18:11:02.612	trend_dtrader XAUUSD,H1: Failed modifying ETCUSD
0	18:11:03.618	trend_dtrader XAUUSD,H1: Failed modifying ETCUSD
0	18:11:04.610	trend_dtrader XAUUSD,H1: Failed modifying ETCUSD
0	18:11:05.611	trend_dtrader XAUUSD,H1: Failed modifying ETCUSD
0	18:11:06.610	trend_dtrader XAUUSD,H1: Failed modifying ETCUSD
0	18:11:07.615	trend_dtrader XAUUSD,H1: Failed modifying ETCUSD
0	18:11:08.610	trend_dtrader XAUUSD,H1: Failed modifying ETCUSD
0	18:11:09.612	trend_dtrader XAUUSD,H1: Failed modifying ETCUSD
0	18:11:10.617	trend_dtrader XAUUSD,H1: Failed modifying ETCUSD
0	18:11:11.612	trend_dtrader XAUUSD,H1: Failed modifying ETCUSD
0	18:11:12.617	trend_dtrader XAUUSD,H1: Failed modifying ETCUSD
0	18:11:13.612	trend_dtrader XAUUSD,H1: Failed modifying ETCUSD
0	18:11:14.617	trend_dtrader XAUUSD,H1: Failed modifying ETCUSD
0	18:11:15.611	trend_dtrader XAUUSD,H1: Failed modifying ETCUSD
0	18:11:16.615	trend_dtrader XAUUSD,H1: Failed modifying ETCUSD
0	18:11:17.616	trend_dtrader XAUUSD,H1: Failed modifying ETCUSD
0	18:11:18.617	trend_dtrader XAUUSD,H1: Failed modifying ETCUSD
0	18:11:19.613	trend_dtrader XAUUSD,H1: Failed modifying ETCUSD
0	18:11:20.616	trend_dtrader XAUUSD,H1: Failed modifying ETCUSD
0	18:11:21.710	trend_dtrader XAUUSD,H1: Failed modifying ETCUSD
0	18:11:22.616	trend_dtrader XAUUSD,H1: Failed modifying ETCUSD
0	18:11:23.614	trend_dtrader XAUUSD,H1: Failed modifying ETCUSD
0	18:11:24.616	trend_dtrader XAUUSD,H1: Failed modifying ETCUSD
0	18:11:25.615	trend_dtrader XAUUSD,H1: Failed modifying ETCUSD
0	18:11:26.615	trend_dtrader XAUUSD,H1: Failed modifying ETCUSD
0	18:11:27.611	trend_dtrader XAUUSD,H1: Failed modifying ETCUSD
0	18:11:28.615	trend_dtrader XAUUSD,H1: Failed modifying ETCUSD
0	18:11:29.614	trend_dtrader XAUUSD,H1: Failed modifying ETCUSD
0	18:11:30.612	trend_dtrader XAUUSD,H1: Failed modifying ETCUSD
0	18:11:31.615	trend_dtrader XAUUSD,H1: Failed modifying ETCUSD
0	18:11:32.618	trend_dtrader XAUUSD,H1: Failed modifying ETCUSD
0	18:11:33.613	trend_dtrader XAUUSD,H1: Failed modifying ETCUSD
0	18:11:34.614	trend_dtrader XAUUSD,H1: Failed modifying ETCUSD
0	18:11:35.614	trend_dtrader XAUUSD,H1: Failed modifying ETCUSD
0	18:11:36.613	trend_dtrader XAUUSD,H1: Failed modifying ETCUSD
0	18:11:37.612	trend_dtrader XAUUSD,H1: Failed modifying ETCUSD
0	18:11:40.611	trend_dtrader XAUUSD,H1: Failed modifying ETCUSD
0	18:11:44.612	trend_dtrader XAUUSD,H1: Failed modifying ETCUSD
0	18:11:45.613	trend_dtrader XAUUSD,H1: Failed modifying ETCUSD
0	18:11:47.613	trend_dtrader XAUUSD,H1: Failed modifying ETCUSD
0	18:11:48.661	trend_dtrader XAUUSD,H1: Failed modifying ETCUSD
0	18:11:49.612	trend_dtrader XAUUSD,H1: Failed modifying ETCUSD
0	18:11:54.612	trend_dtrader XAUUSD,H1: Failed modifying ETCUSD
0	18:11:55.611	trend_dtrader XAUUSD,H1: Failed modifying ETCUSD
0	18:11:59.645	trend_dtrader XAUUSD,H1: Failed modifying ETCUSD
0	18:12:00.611	trend_dtrader XAUUSD,H1: Failed modifying ETCUSD
0	18:12:01.618	trend_dtrader XAUUSD,H1: Failed modifying ETCUSD
0	18:12:02.682	trend_dtrader XAUUSD,H1: Failed modifying ETCUSD
0	18:12:03.618	trend_dtrader XAUUSD,H1: Failed modifying ETCUSD
0	18:12:04.617	trend_dtrader XAUUSD,H1: Failed modifying ETCUSD
0	18:12:05.611	trend_dtrader XAUUSD,H1: Failed modifying ETCUSD
0	18:12:06.616	trend_dtrader XAUUSD,H1: Failed modifying ETCUSD
0	18:12:07.614	trend_dtrader XAUUSD,H1: Failed modifying ETCUSD
0	18:12:08.617	trend_dtrader XAUUSD,H1: Failed modifying ETCUSD
0	18:12:09.612	trend_dtrader XAUUSD,H1: Failed modifying ETCUSD
0	18:12:10.617	trend_dtrader XAUUSD,H1: Failed modifying ETCUSD
0	18:12:11.613	trend_dtrader XAUUSD,H1: Failed modifying ETCUSD
0	18:12:15.615	trend_dtrader XAUUSD,H1: Failed modifying ETCUSD
0	18:12:16.615	trend_dtrader XAUUSD,H1: Failed modifying ETCUSD
0	18:12:17.616	trend_dtrader XAUUSD,H1: Failed modifying ETCUSD
0	18:12:18.611	trend_dtrader XAUUSD,H1: Failed modifying ETCUSD
0	18:12:19.616	trend_dtrader XAUUSD,H1: Failed modifying ETCUSD
0	18:12:20.616	trend_dtrader XAUUSD,H1: Failed modifying ETCUSD
0	18:12:21.613	trend_dtrader XAUUSD,H1: Failed modifying ETCUSD
0	18:12:22.615	trend_dtrader XAUUSD,H1: Failed modifying ETCUSD
0	18:12:23.615	trend_dtrader XAUUSD,H1: Failed modifying ETCUSD
0	18:12:24.611	trend_dtrader XAUUSD,H1: Failed modifying ETCUSD
0	18:12:25.611	trend_dtrader XAUUSD,H1: Failed modifying ETCUSD
0	18:12:26.616	trend_dtrader XAUUSD,H1: Failed modifying ETCUSD
0	18:12:27.611	trend_dtrader XAUUSD,H1: Failed modifying ETCUSD
0	18:12:28.615	trend_dtrader XAUUSD,H1: Failed modifying ETCUSD
0	18:12:29.611	trend_dtrader XAUUSD,H1: Failed modifying ETCUSD
0	18:12:30.610	trend_dtrader XAUUSD,H1: Failed modifying ETCUSD
0	18:12:31.614	trend_dtrader XAUUSD,H1: Failed modifying ETCUSD
0	18:12:32.611	trend_dtrader XAUUSD,H1: Failed modifying ETCUSD
0	18:12:33.614	trend_dtrader XAUUSD,H1: Failed modifying ETCUSD
0	18:12:34.613	trend_dtrader XAUUSD,H1: Failed modifying ETCUSD
0	18:12:35.612	trend_dtrader XAUUSD,H1: Failed modifying ETCUSD
0	18:12:36.613	trend_dtrader XAUUSD,H1: Failed modifying ETCUSD
0	18:12:37.613	trend_dtrader XAUUSD,H1: Failed modifying ETCUSD
0	18:12:38.639	trend_dtrader XAUUSD,H1: Failed modifying ETCUSD
0	18:12:39.610	trend_dtrader XAUUSD,H1: Failed modifying ETCUSD
0	18:12:40.612	trend_dtrader XAUUSD,H1: Failed modifying ETCUSD
0	18:12:41.613	trend_dtrader XAUUSD,H1: Failed modifying ETCUSD
0	18:12:42.613	trend_dtrader XAUUSD,H1: Failed modifying ETCUSD
0	18:12:43.654	trend_dtrader XAUUSD,H1: Failed modifying ETCUSD
0	18:12:44.627	trend_dtrader XAUUSD,H1: Failed modifying ETCUSD
0	18:12:45.611	trend_dtrader XAUUSD,H1: Failed modifying ETCUSD
0	18:12:46.611	trend_dtrader XAUUSD,H1: Failed modifying ETCUSD
0	18:12:47.634	trend_dtrader XAUUSD,H1: Failed modifying ETCUSD
0	18:12:48.664	trend_dtrader XAUUSD,H1: Failed modifying ETCUSD
0	18:12:49.611	trend_dtrader XAUUSD,H1: Failed modifying ETCUSD
0	18:12:50.612	trend_dtrader XAUUSD,H1: Failed modifying ETCUSD
0	18:12:51.612	trend_dtrader XAUUSD,H1: Failed modifying ETCUSD
0	18:12:52.611	trend_dtrader XAUUSD,H1: Failed modifying ETCUSD
0	18:12:53.611	trend_dtrader XAUUSD,H1: Failed modifying ETCUSD
0	18:12:54.611	trend_dtrader XAUUSD,H1: Failed modifying ETCUSD
0	18:12:55.685	trend_dtrader XAUUSD,H1: Failed modifying ETCUSD
0	18:12:56.617	trend_dtrader XAUUSD,H1: Failed modifying ETCUSD
0	18:12:57.615	trend_dtrader XAUUSD,H1: Failed modifying ETCUSD
0	18:12:58.612	trend_dtrader XAUUSD,H1: Failed modifying ETCUSD
0	18:12:59.617	trend_dtrader XAUUSD,H1: Failed modifying ETCUSD
0	18:13:00.617	trend_dtrader XAUUSD,H1: Failed modifying ETCUSD
0	18:13:01.613	trend_dtrader XAUUSD,H1: Failed modifying ETCUSD
0	18:13:02.617	trend_dtrader XAUUSD,H1: Failed modifying ETCUSD
0	18:13:03.611	trend_dtrader XAUUSD,H1: Failed modifying ETCUSD
0	18:13:04.617	trend_dtrader XAUUSD,H1: Failed modifying ETCUSD
0	18:13:05.613	trend_dtrader XAUUSD,H1: Failed modifying ETCUSD
0	18:13:06.612	trend_dtrader XAUUSD,H1: Failed modifying ETCUSD
0	18:13:07.615	trend_dtrader XAUUSD,H1: Failed modifying ETCUSD
0	18:13:08.616	trend_dtrader XAUUSD,H1: Failed modifying ETCUSD
0	18:13:09.659	trend_dtrader XAUUSD,H1: Failed modifying ETCUSD
0	18:13:10.616	trend_dtrader XAUUSD,H1: Failed modifying ETCUSD
0	18:13:11.613	trend_dtrader XAUUSD,H1: Failed modifying ETCUSD
0	18:13:12.617	trend_dtrader XAUUSD,H1: Failed modifying ETCUSD
0	18:13:13.616	trend_dtrader XAUUSD,H1: Failed modifying ETCUSD
0	18:13:14.616	trend_dtrader XAUUSD,H1: Failed modifying ETCUSD
0	18:13:15.613	trend_dtrader XAUUSD,H1: Failed modifying ETCUSD
0	18:13:16.625	trend_dtrader XAUUSD,H1: Failed modifying ETCUSD
0	18:13:17.615	trend_dtrader XAUUSD,H1: Failed modifying ETCUSD
0	18:13:18.610	trend_dtrader XAUUSD,H1: Failed modifying ETCUSD
0	18:13:19.615	trend_dtrader XAUUSD,H1: Failed modifying ETCUSD
0	18:13:20.612	trend_dtrader XAUUSD,H1: Failed modifying ETCUSD
0	18:13:21.614	trend_dtrader XAUUSD,H1: Failed modifying ETCUSD
0	18:13:21.614	trend_dtrader XAUUSD,H1: Failed modifying ETCUSD
0	18:13:22.614	trend_dtrader XAUUSD,H1: Failed modifying ETCUSD
0	18:13:22.614	trend_dtrader XAUUSD,H1: Failed modifying ETCUSD
0	18:13:23.615	trend_dtrader XAUUSD,H1: Failed modifying ETCUSD
0	18:13:23.615	trend_dtrader XAUUSD,H1: Failed modifying ETCUSD
0	18:13:24.614	trend_dtrader XAUUSD,H1: Failed modifying ETCUSD
0	18:13:24.614	trend_dtrader XAUUSD,H1: Failed modifying ETCUSD
0	18:13:25.629	trend_dtrader XAUUSD,H1: Failed modifying ETCUSD
0	18:13:25.629	trend_dtrader XAUUSD,H1: Failed modifying ETCUSD
0	18:13:26.614	trend_dtrader XAUUSD,H1: Failed modifying ETCUSD
0	18:13:26.614	trend_dtrader XAUUSD,H1: Failed modifying ETCUSD
0	18:13:27.614	trend_dtrader XAUUSD,H1: Failed modifying ETCUSD
0	18:13:27.614	trend_dtrader XAUUSD,H1: Failed modifying ETCUSD
0	18:13:28.613	trend_dtrader XAUUSD,H1: Failed modifying ETCUSD
0	18:13:29.612	trend_dtrader XAUUSD,H1: Failed modifying ETCUSD
0	18:13:30.613	trend_dtrader XAUUSD,H1: Failed modifying ETCUSD
0	18:13:31.612	trend_dtrader XAUUSD,H1: Failed modifying ETCUSD
0	18:13:32.613	trend_dtrader XAUUSD,H1: Failed modifying ETCUSD
0	18:13:33.612	trend_dtrader XAUUSD,H1: Failed modifying ETCUSD
0	18:13:34.612	trend_dtrader XAUUSD,H1: Failed modifying ETCUSD
0	18:13:35.612	trend_dtrader XAUUSD,H1: Failed modifying ETCUSD
0	18:13:36.613	trend_dtrader XAUUSD,H1: Failed modifying ETCUSD
0	18:13:37.612	trend_dtrader XAUUSD,H1: Failed modifying ETCUSD
0	18:13:38.613	trend_dtrader XAUUSD,H1: Failed modifying ETCUSD
0	18:13:39.613	trend_dtrader XAUUSD,H1: Failed modifying ETCUSD
0	18:13:40.612	trend_dtrader XAUUSD,H1: Failed modifying ETCUSD
0	18:13:41.613	trend_dtrader XAUUSD,H1: Failed modifying ETCUSD
0	18:13:42.612	trend_dtrader XAUUSD,H1: Failed modifying ETCUSD
0	18:13:43.612	trend_dtrader XAUUSD,H1: Failed modifying ETCUSD
0	18:13:43.612	trend_dtrader XAUUSD,H1: Failed modifying ETCUSD
0	18:13:44.611	trend_dtrader XAUUSD,H1: Failed modifying ETCUSD
0	18:13:44.611	trend_dtrader XAUUSD,H1: Failed modifying ETCUSD
0	18:13:45.610	trend_dtrader XAUUSD,H1: Failed modifying ETCUSD
0	18:13:45.610	trend_dtrader XAUUSD,H1: Failed modifying ETCUSD
0	18:13:46.615	trend_dtrader XAUUSD,H1: Failed modifying ETCUSD
0	18:13:46.615	trend_dtrader XAUUSD,H1: Failed modifying ETCUSD
0	18:13:47.611	trend_dtrader XAUUSD,H1: Failed modifying ETCUSD
0	18:13:47.611	trend_dtrader XAUUSD,H1: Failed modifying ETCUSD
0	18:13:48.610	trend_dtrader XAUUSD,H1: Failed modifying ETCUSD
0	18:13:48.610	trend_dtrader XAUUSD,H1: Failed modifying ETCUSD
0	18:13:49.612	trend_dtrader XAUUSD,H1: Failed modifying ETCUSD
0	18:13:49.612	trend_dtrader XAUUSD,H1: Failed modifying ETCUSD
0	18:13:50.611	trend_dtrader XAUUSD,H1: Failed modifying ETCUSD
0	18:13:50.611	trend_dtrader XAUUSD,H1: Failed modifying ETCUSD
0	18:13:51.610	trend_dtrader XAUUSD,H1: Failed modifying ETCUSD
0	18:13:51.610	trend_dtrader XAUUSD,H1: Failed modifying ETCUSD
0	18:13:52.612	trend_dtrader XAUUSD,H1: Failed modifying ETCUSD
0	18:13:52.612	trend_dtrader XAUUSD,H1: Failed modifying ETCUSD
0	18:13:53.617	trend_dtrader XAUUSD,H1: Failed modifying ETCUSD
0	18:13:53.617	trend_dtrader XAUUSD,H1: Failed modifying ETCUSD
0	18:13:54.611	trend_dtrader XAUUSD,H1: Failed modifying ETCUSD
0	18:13:54.611	trend_dtrader XAUUSD,H1: Failed modifying ETCUSD
0	18:13:55.616	trend_dtrader XAUUSD,H1: Failed modifying ETCUSD
0	18:13:55.616	trend_dtrader XAUUSD,H1: Failed modifying ETCUSD
0	18:13:56.611	trend_dtrader XAUUSD,H1: Failed modifying ETCUSD
0	18:13:56.611	trend_dtrader XAUUSD,H1: Failed modifying ETCUSD
0	18:13:57.614	trend_dtrader XAUUSD,H1: Failed modifying ETCUSD
0	18:13:57.614	trend_dtrader XAUUSD,H1: Failed modifying ETCUSD
0	18:13:58.611	trend_dtrader XAUUSD,H1: Failed modifying ETCUSD
0	18:13:58.611	trend_dtrader XAUUSD,H1: Failed modifying ETCUSD
0	18:13:59.617	trend_dtrader XAUUSD,H1: Failed modifying ETCUSD
0	18:13:59.617	trend_dtrader XAUUSD,H1: Failed modifying ETCUSD
0	18:14:00.611	trend_dtrader XAUUSD,H1: Failed modifying ETCUSD
0	18:14:00.611	trend_dtrader XAUUSD,H1: Failed modifying ETCUSD
0	18:14:01.610	trend_dtrader XAUUSD,H1: Failed modifying ETCUSD
0	18:14:01.611	trend_dtrader XAUUSD,H1: Failed modifying ETCUSD
0	18:14:02.615	trend_dtrader XAUUSD,H1: Failed modifying ETCUSD
0	18:14:02.615	trend_dtrader XAUUSD,H1: Failed modifying ETCUSD
0	18:14:03.632	trend_dtrader XAUUSD,H1: Failed modifying ETCUSD
0	18:14:03.632	trend_dtrader XAUUSD,H1: Failed modifying ETCUSD
2	18:14:07.861	trend_dtrader XAUUSD,H1: modify #474543238 sell 0.10 FETUSD at 2.0416 sl: 2.0229 tp: 1.9794 ok
0	18:14:07.861	trend_dtrader XAUUSD,H1: Alert: FETUSD has been assigned a breakeven 2.02285
0	18:14:07.861	trend_dtrader XAUUSD,H1: Failed modifying ETCUSD
0	18:14:17.610	trend_dtrader XAUUSD,H1: Failed modifying ETCUSD
0	18:14:19.614	trend_dtrader XAUUSD,H1: Failed modifying ETCUSD
0	18:14:20.614	trend_dtrader XAUUSD,H1: Failed modifying ETCUSD
0	18:14:21.613	trend_dtrader XAUUSD,H1: Failed modifying ETCUSD
0	18:14:22.612	trend_dtrader XAUUSD,H1: Failed modifying ETCUSD
0	18:14:23.624	trend_dtrader XAUUSD,H1: Failed modifying ETCUSD
0	18:14:24.613	trend_dtrader XAUUSD,H1: Failed modifying ETCUSD
0	18:14:25.611	trend_dtrader XAUUSD,H1: Failed modifying ETCUSD
0	18:14:26.616	trend_dtrader XAUUSD,H1: Failed modifying ETCUSD
0	18:14:27.613	trend_dtrader XAUUSD,H1: Failed modifying ETCUSD
0	18:14:28.629	trend_dtrader XAUUSD,H1: Failed modifying ETCUSD
0	18:14:29.611	trend_dtrader XAUUSD,H1: Failed modifying ETCUSD
0	18:14:30.619	trend_dtrader XAUUSD,H1: Failed modifying ETCUSD
0	18:14:31.611	trend_dtrader XAUUSD,H1: Failed modifying ETCUSD
0	18:14:32.613	trend_dtrader XAUUSD,H1: Failed modifying ETCUSD
0	18:14:33.612	trend_dtrader XAUUSD,H1: Failed modifying ETCUSD
0	18:14:34.632	trend_dtrader XAUUSD,H1: Failed modifying ETCUSD
0	18:14:35.612	trend_dtrader XAUUSD,H1: Failed modifying ETCUSD
0	18:14:36.612	trend_dtrader XAUUSD,H1: Failed modifying ETCUSD
0	18:14:37.644	trend_dtrader XAUUSD,H1: Failed modifying ETCUSD
0	18:14:38.611	trend_dtrader XAUUSD,H1: Failed modifying ETCUSD
0	18:14:39.611	trend_dtrader XAUUSD,H1: Failed modifying ETCUSD
0	18:14:40.610	trend_dtrader XAUUSD,H1: Failed modifying ETCUSD
0	18:14:41.612	trend_dtrader XAUUSD,H1: Failed modifying ETCUSD
0	18:14:42.618	trend_dtrader XAUUSD,H1: Failed modifying ETCUSD
0	18:14:43.615	trend_dtrader XAUUSD,H1: Failed modifying ETCUSD
0	18:14:44.642	trend_dtrader XAUUSD,H1: Failed modifying ETCUSD
0	18:14:45.615	trend_dtrader XAUUSD,H1: Failed modifying ETCUSD
0	18:14:46.612	trend_dtrader XAUUSD,H1: Failed modifying ETCUSD
0	18:14:47.617	trend_dtrader XAUUSD,H1: Failed modifying ETCUSD
0	18:14:48.616	trend_dtrader XAUUSD,H1: Failed modifying ETCUSD
0	18:14:49.617	trend_dtrader XAUUSD,H1: Failed modifying ETCUSD
0	18:14:50.614	trend_dtrader XAUUSD,H1: Failed modifying ETCUSD
0	18:14:51.617	trend_dtrader XAUUSD,H1: Failed modifying ETCUSD
0	18:14:52.612	trend_dtrader XAUUSD,H1: Failed modifying ETCUSD
0	18:14:53.617	trend_dtrader XAUUSD,H1: Failed modifying ETCUSD
0	18:14:54.617	trend_dtrader XAUUSD,H1: Failed modifying ETCUSD
0	18:14:55.611	trend_dtrader XAUUSD,H1: Failed modifying ETCUSD
0	18:14:56.616	trend_dtrader XAUUSD,H1: Failed modifying ETCUSD
0	18:14:57.616	trend_dtrader XAUUSD,H1: Failed modifying ETCUSD
0	18:14:58.613	trend_dtrader XAUUSD,H1: Failed modifying ETCUSD
0	18:14:59.615	trend_dtrader XAUUSD,H1: Failed modifying ETCUSD
0	18:15:00.615	trend_dtrader XAUUSD,H1: Failed modifying ETCUSD
0	18:15:01.611	trend_dtrader XAUUSD,H1: Failed modifying ETCUSD
0	18:15:02.615	trend_dtrader XAUUSD,H1: Failed modifying ETCUSD
0	18:15:03.615	trend_dtrader XAUUSD,H1: Failed modifying ETCUSD
0	18:15:04.610	trend_dtrader XAUUSD,H1: Failed modifying ETCUSD
0	18:15:05.614	trend_dtrader XAUUSD,H1: Failed modifying ETCUSD
0	18:15:06.615	trend_dtrader XAUUSD,H1: Failed modifying ETCUSD
0	18:15:07.614	trend_dtrader XAUUSD,H1: Failed modifying ETCUSD
0	18:15:08.615	trend_dtrader XAUUSD,H1: Failed modifying ETCUSD
0	18:15:09.611	trend_dtrader XAUUSD,H1: Failed modifying ETCUSD
0	18:15:10.613	trend_dtrader XAUUSD,H1: Failed modifying ETCUSD
0	18:15:11.613	trend_dtrader XAUUSD,H1: Failed modifying ETCUSD
0	18:15:12.614	trend_dtrader XAUUSD,H1: Failed modifying ETCUSD
0	18:15:13.651	trend_dtrader XAUUSD,H1: Failed modifying ETCUSD
0	18:15:14.614	trend_dtrader XAUUSD,H1: Failed modifying ETCUSD
0	18:15:15.614	trend_dtrader XAUUSD,H1: Failed modifying ETCUSD
0	18:15:16.613	trend_dtrader XAUUSD,H1: Failed modifying ETCUSD
0	18:15:17.612	trend_dtrader XAUUSD,H1: Failed modifying ETCUSD
0	18:15:18.654	trend_dtrader XAUUSD,H1: Failed modifying ETCUSD
0	18:15:19.613	trend_dtrader XAUUSD,H1: Failed modifying ETCUSD
0	18:15:20.614	trend_dtrader XAUUSD,H1: Failed modifying ETCUSD
0	18:15:21.612	trend_dtrader XAUUSD,H1: Failed modifying ETCUSD
0	18:15:22.610	trend_dtrader XAUUSD,H1: Failed modifying ETCUSD
0	18:15:23.613	trend_dtrader XAUUSD,H1: Failed modifying ETCUSD
0	18:15:24.613	trend_dtrader XAUUSD,H1: Failed modifying ETCUSD
0	18:15:25.613	trend_dtrader XAUUSD,H1: Failed modifying ETCUSD
0	18:15:26.612	trend_dtrader XAUUSD,H1: Failed modifying ETCUSD
0	18:15:27.612	trend_dtrader XAUUSD,H1: Failed modifying ETCUSD
0	18:15:28.612	trend_dtrader XAUUSD,H1: Failed modifying ETCUSD
0	18:15:29.612	trend_dtrader XAUUSD,H1: Failed modifying ETCUSD
0	18:15:30.611	trend_dtrader XAUUSD,H1: Failed modifying ETCUSD
0	18:15:31.611	trend_dtrader XAUUSD,H1: Failed modifying ETCUSD
0	18:15:32.612	trend_dtrader XAUUSD,H1: Failed modifying ETCUSD
0	18:15:33.612	trend_dtrader XAUUSD,H1: Failed modifying ETCUSD
0	18:15:34.655	trend_dtrader XAUUSD,H1: Failed modifying ETCUSD
0	18:15:35.623	trend_dtrader XAUUSD,H1: Failed modifying ETCUSD
0	18:15:36.611	trend_dtrader XAUUSD,H1: Failed modifying ETCUSD
0	18:15:37.618	trend_dtrader XAUUSD,H1: Failed modifying ETCUSD
0	18:15:38.611	trend_dtrader XAUUSD,H1: Failed modifying ETCUSD
0	18:15:39.612	trend_dtrader XAUUSD,H1: Failed modifying ETCUSD
0	18:15:40.612	trend_dtrader XAUUSD,H1: Failed modifying ETCUSD
0	18:15:41.623	trend_dtrader XAUUSD,H1: Failed modifying ETCUSD
0	18:15:42.621	trend_dtrader XAUUSD,H1: Failed modifying ETCUSD
0	18:15:43.617	trend_dtrader XAUUSD,H1: Failed modifying ETCUSD
0	18:15:44.645	trend_dtrader XAUUSD,H1: Failed modifying ETCUSD
0	18:15:45.660	trend_dtrader XAUUSD,H1: Failed modifying ETCUSD
0	18:15:46.617	trend_dtrader XAUUSD,H1: Failed modifying ETCUSD
0	18:15:47.614	trend_dtrader XAUUSD,H1: Failed modifying ETCUSD
0	18:15:48.610	trend_dtrader XAUUSD,H1: Failed modifying ETCUSD
0	18:15:49.616	trend_dtrader XAUUSD,H1: Failed modifying ETCUSD
0	18:15:50.631	trend_dtrader XAUUSD,H1: Failed modifying ETCUSD
0	18:15:51.610	trend_dtrader XAUUSD,H1: Failed modifying ETCUSD
0	18:15:52.617	trend_dtrader XAUUSD,H1: Failed modifying ETCUSD
0	18:15:53.611	trend_dtrader XAUUSD,H1: Failed modifying ETCUSD
0	18:15:54.616	trend_dtrader XAUUSD,H1: Failed modifying ETCUSD
0	18:15:55.615	trend_dtrader XAUUSD,H1: Failed modifying ETCUSD
0	18:15:56.611	trend_dtrader XAUUSD,H1: Failed modifying ETCUSD
0	18:15:57.616	trend_dtrader XAUUSD,H1: Failed modifying ETCUSD
0	18:15:58.613	trend_dtrader XAUUSD,H1: Failed modifying ETCUSD
0	18:15:59.615	trend_dtrader XAUUSD,H1: Failed modifying ETCUSD
0	18:16:00.654	trend_dtrader XAUUSD,H1: Failed modifying ETCUSD
0	18:16:01.614	trend_dtrader XAUUSD,H1: Failed modifying ETCUSD
0	18:16:02.612	trend_dtrader XAUUSD,H1: Failed modifying ETCUSD
0	18:16:03.614	trend_dtrader XAUUSD,H1: Failed modifying ETCUSD
0	18:16:04.661	trend_dtrader XAUUSD,H1: Failed modifying ETCUSD
0	18:16:05.612	trend_dtrader XAUUSD,H1: Failed modifying ETCUSD
0	18:16:06.615	trend_dtrader XAUUSD,H1: Failed modifying ETCUSD
0	18:16:07.664	trend_dtrader XAUUSD,H1: Failed modifying ETCUSD
0	18:16:08.614	trend_dtrader XAUUSD,H1: Failed modifying ETCUSD
0	18:16:09.614	trend_dtrader XAUUSD,H1: Failed modifying ETCUSD
0	18:16:10.614	trend_dtrader XAUUSD,H1: Failed modifying ETCUSD
0	18:16:11.613	trend_dtrader XAUUSD,H1: Failed modifying ETCUSD
0	18:16:12.614	trend_dtrader XAUUSD,H1: Failed modifying ETCUSD
0	18:16:13.613	trend_dtrader XAUUSD,H1: Failed modifying ETCUSD
0	18:16:14.614	trend_dtrader XAUUSD,H1: Failed modifying ETCUSD
0	18:16:15.613	trend_dtrader XAUUSD,H1: Failed modifying ETCUSD
0	18:16:16.613	trend_dtrader XAUUSD,H1: Failed modifying ETCUSD
0	18:16:17.611	trend_dtrader XAUUSD,H1: Failed modifying ETCUSD
0	18:16:18.611	trend_dtrader XAUUSD,H1: Failed modifying ETCUSD
0	18:16:19.612	trend_dtrader XAUUSD,H1: Failed modifying ETCUSD
0	18:16:21.612	trend_dtrader XAUUSD,H1: Failed modifying ETCUSD
0	18:16:26.612	trend_dtrader XAUUSD,H1: Failed modifying ETCUSD
0	18:16:27.611	trend_dtrader XAUUSD,H1: Failed modifying ETCUSD
0	18:28:09.662	trend_dtrader XAUUSD,H1: Failed modifying ETCUSD
0	18:28:10.613	trend_dtrader XAUUSD,H1: Failed modifying ETCUSD
0	18:28:11.613	trend_dtrader XAUUSD,H1: Failed modifying ETCUSD
0	18:28:12.613	trend_dtrader XAUUSD,H1: Failed modifying ETCUSD
0	18:28:13.613	trend_dtrader XAUUSD,H1: Failed modifying ETCUSD
0	18:28:14.613	trend_dtrader XAUUSD,H1: Failed modifying ETCUSD
0	18:28:15.612	trend_dtrader XAUUSD,H1: Failed modifying ETCUSD
0	18:28:16.611	trend_dtrader XAUUSD,H1: Failed modifying ETCUSD
0	18:28:17.610	trend_dtrader XAUUSD,H1: Failed modifying ETCUSD
0	18:28:18.611	trend_dtrader XAUUSD,H1: Failed modifying ETCUSD
0	18:28:19.612	trend_dtrader XAUUSD,H1: Failed modifying ETCUSD
0	18:28:20.611	trend_dtrader XAUUSD,H1: Failed modifying ETCUSD
0	18:28:21.610	trend_dtrader XAUUSD,H1: Failed modifying ETCUSD
0	18:28:22.626	trend_dtrader XAUUSD,H1: Failed modifying ETCUSD
0	18:28:23.614	trend_dtrader XAUUSD,H1: Failed modifying ETCUSD
0	18:28:24.612	trend_dtrader XAUUSD,H1: Failed modifying ETCUSD
0	18:28:25.619	trend_dtrader XAUUSD,H1: Failed modifying ETCUSD
0	18:28:26.618	trend_dtrader XAUUSD,H1: Failed modifying ETCUSD
0	18:28:27.613	trend_dtrader XAUUSD,H1: Failed modifying ETCUSD
0	18:28:28.654	trend_dtrader XAUUSD,H1: Failed modifying ETCUSD
0	18:28:29.615	trend_dtrader XAUUSD,H1: Failed modifying ETCUSD
0	18:28:30.610	trend_dtrader XAUUSD,H1: Failed modifying ETCUSD
0	18:28:31.617	trend_dtrader XAUUSD,H1: Failed modifying ETCUSD
0	18:28:32.611	trend_dtrader XAUUSD,H1: Failed modifying ETCUSD
0	18:28:33.640	trend_dtrader XAUUSD,H1: Failed modifying ETCUSD
0	18:28:34.612	trend_dtrader XAUUSD,H1: Failed modifying ETCUSD
0	18:28:35.616	trend_dtrader XAUUSD,H1: Failed modifying ETCUSD
0	18:28:36.618	trend_dtrader XAUUSD,H1: Failed modifying ETCUSD
0	18:28:37.617	trend_dtrader XAUUSD,H1: Failed modifying ETCUSD
0	18:28:38.636	trend_dtrader XAUUSD,H1: Failed modifying ETCUSD
0	18:28:39.615	trend_dtrader XAUUSD,H1: Failed modifying ETCUSD
0	18:28:40.614	trend_dtrader XAUUSD,H1: Failed modifying ETCUSD
0	18:28:41.630	trend_dtrader XAUUSD,H1: Failed modifying ETCUSD
0	18:28:42.616	trend_dtrader XAUUSD,H1: Failed modifying ETCUSD
0	18:28:43.612	trend_dtrader XAUUSD,H1: Failed modifying ETCUSD
0	18:28:44.628	trend_dtrader XAUUSD,H1: Failed modifying ETCUSD
0	18:28:45.615	trend_dtrader XAUUSD,H1: Failed modifying ETCUSD
0	18:28:46.614	trend_dtrader XAUUSD,H1: Failed modifying ETCUSD
0	18:28:47.614	trend_dtrader XAUUSD,H1: Failed modifying ETCUSD
0	18:28:48.614	trend_dtrader XAUUSD,H1: Failed modifying ETCUSD
0	18:28:49.614	trend_dtrader XAUUSD,H1: Failed modifying ETCUSD
0	18:28:50.664	trend_dtrader XAUUSD,H1: Failed modifying ETCUSD
0	18:28:51.614	trend_dtrader XAUUSD,H1: Failed modifying ETCUSD
0	18:28:52.614	trend_dtrader XAUUSD,H1: Failed modifying ETCUSD
0	18:28:53.615	trend_dtrader XAUUSD,H1: Failed modifying ETCUSD
0	18:28:54.615	trend_dtrader XAUUSD,H1: Failed modifying ETCUSD
0	18:28:55.614	trend_dtrader XAUUSD,H1: Failed modifying ETCUSD
0	18:28:56.611	trend_dtrader XAUUSD,H1: Failed modifying ETCUSD
0	18:28:57.613	trend_dtrader XAUUSD,H1: Failed modifying ETCUSD
0	18:28:58.613	trend_dtrader XAUUSD,H1: Failed modifying ETCUSD
0	18:28:59.610	trend_dtrader XAUUSD,H1: Failed modifying ETCUSD
0	18:29:00.614	trend_dtrader XAUUSD,H1: Failed modifying ETCUSD
0	18:29:01.614	trend_dtrader XAUUSD,H1: Failed modifying ETCUSD
0	18:29:02.613	trend_dtrader XAUUSD,H1: Failed modifying ETCUSD
0	18:29:03.611	trend_dtrader XAUUSD,H1: Failed modifying ETCUSD
0	18:29:04.613	trend_dtrader XAUUSD,H1: Failed modifying ETCUSD
0	18:29:05.613	trend_dtrader XAUUSD,H1: Failed modifying ETCUSD
0	18:29:06.612	trend_dtrader XAUUSD,H1: Failed modifying ETCUSD
0	18:29:07.612	trend_dtrader XAUUSD,H1: Failed modifying ETCUSD
0	18:29:08.613	trend_dtrader XAUUSD,H1: Failed modifying ETCUSD
0	18:29:09.613	trend_dtrader XAUUSD,H1: Failed modifying ETCUSD
0	18:29:10.612	trend_dtrader XAUUSD,H1: Failed modifying ETCUSD
0	18:29:11.629	trend_dtrader XAUUSD,H1: Failed modifying ETCUSD
0	18:29:12.611	trend_dtrader XAUUSD,H1: Failed modifying ETCUSD
0	18:29:13.612	trend_dtrader XAUUSD,H1: Failed modifying ETCUSD
0	18:29:14.655	trend_dtrader XAUUSD,H1: Failed modifying ETCUSD
0	18:29:15.611	trend_dtrader XAUUSD,H1: Failed modifying ETCUSD
0	18:29:16.611	trend_dtrader XAUUSD,H1: Failed modifying ETCUSD
0	18:29:17.611	trend_dtrader XAUUSD,H1: Failed modifying ETCUSD
0	18:29:18.611	trend_dtrader XAUUSD,H1: Failed modifying ETCUSD
0	18:29:19.612	trend_dtrader XAUUSD,H1: Failed modifying ETCUSD
0	18:30:28.617	trend_dtrader XAUUSD,H1: Failed modifying ETCUSD
0	18:30:35.615	trend_dtrader XAUUSD,H1: Failed modifying ETCUSD
0	18:31:04.611	trend_dtrader XAUUSD,H1: Failed modifying ETCUSD
0	18:31:05.638	trend_dtrader XAUUSD,H1: Failed modifying ETCUSD
0	18:31:06.627	trend_dtrader XAUUSD,H1: Failed modifying ETCUSD
0	18:31:07.612	trend_dtrader XAUUSD,H1: Failed modifying ETCUSD
0	18:31:08.610	trend_dtrader XAUUSD,H1: Failed modifying ETCUSD
0	18:31:09.611	trend_dtrader XAUUSD,H1: Failed modifying ETCUSD
0	18:31:10.618	trend_dtrader XAUUSD,H1: Failed modifying ETCUSD
0	18:31:11.612	trend_dtrader XAUUSD,H1: Failed modifying ETCUSD
0	18:31:12.617	trend_dtrader XAUUSD,H1: Failed modifying ETCUSD
0	18:31:13.616	trend_dtrader XAUUSD,H1: Failed modifying ETCUSD
0	18:31:14.626	trend_dtrader XAUUSD,H1: Failed modifying ETCUSD
0	18:31:15.616	trend_dtrader XAUUSD,H1: Failed modifying ETCUSD
0	18:31:16.615	trend_dtrader XAUUSD,H1: Failed modifying ETCUSD
0	18:31:17.617	trend_dtrader XAUUSD,H1: Failed modifying ETCUSD
0	18:31:18.616	trend_dtrader XAUUSD,H1: Failed modifying ETCUSD
0	18:31:19.613	trend_dtrader XAUUSD,H1: Failed modifying ETCUSD
0	18:31:20.611	trend_dtrader XAUUSD,H1: Failed modifying ETCUSD
0	18:31:21.617	trend_dtrader XAUUSD,H1: Failed modifying ETCUSD
0	18:31:22.612	trend_dtrader XAUUSD,H1: Failed modifying ETCUSD
0	18:31:23.636	trend_dtrader XAUUSD,H1: Failed modifying ETCUSD
0	18:31:24.616	trend_dtrader XAUUSD,H1: Failed modifying ETCUSD
0	18:31:25.613	trend_dtrader XAUUSD,H1: Failed modifying ETCUSD
0	18:31:26.610	trend_dtrader XAUUSD,H1: Failed modifying ETCUSD
0	18:31:27.626	trend_dtrader XAUUSD,H1: Failed modifying ETCUSD
0	18:31:28.611	trend_dtrader XAUUSD,H1: Failed modifying ETCUSD
0	18:31:29.614	trend_dtrader XAUUSD,H1: Failed modifying ETCUSD
0	18:31:30.615	trend_dtrader XAUUSD,H1: Failed modifying ETCUSD
0	18:31:31.615	trend_dtrader XAUUSD,H1: Failed modifying ETCUSD
0	18:31:32.614	trend_dtrader XAUUSD,H1: Failed modifying ETCUSD
0	18:31:33.615	trend_dtrader XAUUSD,H1: Failed modifying ETCUSD
0	18:31:34.613	trend_dtrader XAUUSD,H1: Failed modifying ETCUSD
0	18:31:35.614	trend_dtrader XAUUSD,H1: Failed modifying ETCUSD
0	18:31:36.625	trend_dtrader XAUUSD,H1: Failed modifying ETCUSD
0	18:31:37.616	trend_dtrader XAUUSD,H1: Failed modifying ETCUSD
0	18:31:38.611	trend_dtrader XAUUSD,H1: Failed modifying ETCUSD
0	18:31:39.613	trend_dtrader XAUUSD,H1: Failed modifying ETCUSD
0	18:31:40.616	trend_dtrader XAUUSD,H1: Failed modifying ETCUSD
0	18:31:41.617	trend_dtrader XAUUSD,H1: Failed modifying ETCUSD
0	18:31:42.613	trend_dtrader XAUUSD,H1: Failed modifying ETCUSD
0	18:31:43.613	trend_dtrader XAUUSD,H1: Failed modifying ETCUSD
0	18:31:44.614	trend_dtrader XAUUSD,H1: Failed modifying ETCUSD
0	18:31:45.613	trend_dtrader XAUUSD,H1: Failed modifying ETCUSD
0	18:31:46.612	trend_dtrader XAUUSD,H1: Failed modifying ETCUSD
0	18:31:47.613	trend_dtrader XAUUSD,H1: Failed modifying ETCUSD
0	18:31:48.612	trend_dtrader XAUUSD,H1: Failed modifying ETCUSD
0	18:31:49.612	trend_dtrader XAUUSD,H1: Failed modifying ETCUSD
0	18:31:50.612	trend_dtrader XAUUSD,H1: Failed modifying ETCUSD
0	18:31:51.612	trend_dtrader XAUUSD,H1: Failed modifying ETCUSD
0	18:31:52.613	trend_dtrader XAUUSD,H1: Failed modifying ETCUSD
0	18:31:53.612	trend_dtrader XAUUSD,H1: Failed modifying ETCUSD
0	18:31:54.647	trend_dtrader XAUUSD,H1: Failed modifying ETCUSD
0	18:31:55.611	trend_dtrader XAUUSD,H1: Failed modifying ETCUSD
0	18:31:56.612	trend_dtrader XAUUSD,H1: Failed modifying ETCUSD
0	18:31:57.612	trend_dtrader XAUUSD,H1: Failed modifying ETCUSD
0	18:31:58.635	trend_dtrader XAUUSD,H1: Failed modifying ETCUSD
0	18:31:59.612	trend_dtrader XAUUSD,H1: Failed modifying ETCUSD
0	18:32:00.611	trend_dtrader XAUUSD,H1: Failed modifying ETCUSD
0	18:32:01.611	trend_dtrader XAUUSD,H1: Failed modifying ETCUSD
0	18:32:02.611	trend_dtrader XAUUSD,H1: Failed modifying ETCUSD
0	18:32:03.617	trend_dtrader XAUUSD,H1: Failed modifying ETCUSD
0	18:32:04.610	trend_dtrader XAUUSD,H1: Failed modifying ETCUSD
0	18:32:05.617	trend_dtrader XAUUSD,H1: Failed modifying ETCUSD
0	18:32:06.611	trend_dtrader XAUUSD,H1: Failed modifying ETCUSD
0	18:32:07.617	trend_dtrader XAUUSD,H1: Failed modifying ETCUSD
0	18:32:08.627	trend_dtrader XAUUSD,H1: Failed modifying ETCUSD
0	18:32:09.616	trend_dtrader XAUUSD,H1: Failed modifying ETCUSD
0	18:32:10.615	trend_dtrader XAUUSD,H1: Failed modifying ETCUSD
0	18:32:11.650	trend_dtrader XAUUSD,H1: Failed modifying ETCUSD
0	18:32:12.661	trend_dtrader XAUUSD,H1: Failed modifying ETCUSD
0	18:32:13.612	trend_dtrader XAUUSD,H1: Failed modifying ETCUSD
0	18:32:14.614	trend_dtrader XAUUSD,H1: Failed modifying ETCUSD
0	18:32:15.611	trend_dtrader XAUUSD,H1: Failed modifying ETCUSD
0	18:32:16.649	trend_dtrader XAUUSD,H1: Failed modifying ETCUSD
0	18:32:17.616	trend_dtrader XAUUSD,H1: Failed modifying ETCUSD
0	18:32:18.616	trend_dtrader XAUUSD,H1: Failed modifying ETCUSD
0	18:32:19.614	trend_dtrader XAUUSD,H1: Failed modifying ETCUSD
0	18:32:20.615	trend_dtrader XAUUSD,H1: Failed modifying ETCUSD
0	18:32:21.614	trend_dtrader XAUUSD,H1: Failed modifying ETCUSD
0	18:32:22.616	trend_dtrader XAUUSD,H1: Failed modifying ETCUSD
0	18:32:23.657	trend_dtrader XAUUSD,H1: Failed modifying ETCUSD
0	18:32:24.615	trend_dtrader XAUUSD,H1: Failed modifying ETCUSD
0	18:32:25.615	trend_dtrader XAUUSD,H1: Failed modifying ETCUSD
0	18:32:26.638	trend_dtrader XAUUSD,H1: Failed modifying ETCUSD
0	18:32:27.611	trend_dtrader XAUUSD,H1: Failed modifying ETCUSD
0	18:32:28.614	trend_dtrader XAUUSD,H1: Failed modifying ETCUSD
0	18:32:29.611	trend_dtrader XAUUSD,H1: Failed modifying ETCUSD
0	18:32:30.614	trend_dtrader XAUUSD,H1: Failed modifying ETCUSD
0	18:32:31.618	trend_dtrader XAUUSD,H1: Failed modifying ETCUSD
0	18:32:32.615	trend_dtrader XAUUSD,H1: Failed modifying ETCUSD
0	18:32:33.612	trend_dtrader XAUUSD,H1: Failed modifying ETCUSD
0	18:32:34.614	trend_dtrader XAUUSD,H1: Failed modifying ETCUSD
0	18:32:35.613	trend_dtrader XAUUSD,H1: Failed modifying ETCUSD
0	18:32:36.613	trend_dtrader XAUUSD,H1: Failed modifying ETCUSD
0	18:32:37.652	trend_dtrader XAUUSD,H1: Failed modifying ETCUSD
0	18:32:38.613	trend_dtrader XAUUSD,H1: Failed modifying ETCUSD
0	18:32:39.613	trend_dtrader XAUUSD,H1: Failed modifying ETCUSD
0	18:32:40.670	trend_dtrader XAUUSD,H1: Failed modifying ETCUSD
0	18:32:41.614	trend_dtrader XAUUSD,H1: Failed modifying ETCUSD
0	18:32:42.611	trend_dtrader XAUUSD,H1: Failed modifying ETCUSD
0	18:32:43.613	trend_dtrader XAUUSD,H1: Failed modifying ETCUSD
0	18:32:44.613	trend_dtrader XAUUSD,H1: Failed modifying ETCUSD
0	18:32:45.611	trend_dtrader XAUUSD,H1: Failed modifying ETCUSD
0	18:32:46.611	trend_dtrader XAUUSD,H1: Failed modifying ETCUSD
0	18:32:47.612	trend_dtrader XAUUSD,H1: Failed modifying ETCUSD
0	18:32:48.612	trend_dtrader XAUUSD,H1: Failed modifying ETCUSD
0	18:32:49.612	trend_dtrader XAUUSD,H1: Failed modifying ETCUSD
0	18:32:50.612	trend_dtrader XAUUSD,H1: Failed modifying ETCUSD
0	18:32:51.612	trend_dtrader XAUUSD,H1: Failed modifying ETCUSD
0	18:32:52.612	trend_dtrader XAUUSD,H1: Failed modifying ETCUSD
0	18:32:53.612	trend_dtrader XAUUSD,H1: Failed modifying ETCUSD
0	18:32:54.611	trend_dtrader XAUUSD,H1: Failed modifying ETCUSD
0	18:32:55.611	trend_dtrader XAUUSD,H1: Failed modifying ETCUSD
0	18:32:56.611	trend_dtrader XAUUSD,H1: Failed modifying ETCUSD
0	18:32:57.612	trend_dtrader XAUUSD,H1: Failed modifying ETCUSD
0	18:32:58.611	trend_dtrader XAUUSD,H1: Failed modifying ETCUSD
0	18:32:59.628	trend_dtrader XAUUSD,H1: Failed modifying ETCUSD
0	18:33:00.614	trend_dtrader XAUUSD,H1: Failed modifying ETCUSD
0	18:33:01.616	trend_dtrader XAUUSD,H1: Failed modifying ETCUSD
0	18:33:02.612	trend_dtrader XAUUSD,H1: Failed modifying ETCUSD
0	18:33:03.618	trend_dtrader XAUUSD,H1: Failed modifying ETCUSD
0	18:33:04.612	trend_dtrader XAUUSD,H1: Failed modifying ETCUSD
0	18:33:05.617	trend_dtrader XAUUSD,H1: Failed modifying ETCUSD
0	18:33:06.617	trend_dtrader XAUUSD,H1: Failed modifying ETCUSD
0	18:33:07.616	trend_dtrader XAUUSD,H1: Failed modifying ETCUSD
0	18:33:08.639	trend_dtrader XAUUSD,H1: Failed modifying ETCUSD
0	18:33:09.616	trend_dtrader XAUUSD,H1: Failed modifying ETCUSD
0	18:33:10.614	trend_dtrader XAUUSD,H1: Failed modifying ETCUSD
0	18:33:11.620	trend_dtrader XAUUSD,H1: Failed modifying ETCUSD
0	18:33:12.643	trend_dtrader XAUUSD,H1: Failed modifying ETCUSD
0	18:33:13.616	trend_dtrader XAUUSD,H1: Failed modifying ETCUSD
0	18:33:14.614	trend_dtrader XAUUSD,H1: Failed modifying ETCUSD
0	18:33:15.611	trend_dtrader XAUUSD,H1: Failed modifying ETCUSD
0	18:33:16.610	trend_dtrader XAUUSD,H1: Failed modifying ETCUSD
0	18:33:17.615	trend_dtrader XAUUSD,H1: Failed modifying ETCUSD
0	18:33:18.663	trend_dtrader XAUUSD,H1: Failed modifying ETCUSD
0	18:33:19.615	trend_dtrader XAUUSD,H1: Failed modifying ETCUSD
0	18:33:20.614	trend_dtrader XAUUSD,H1: Failed modifying ETCUSD
0	18:33:21.611	trend_dtrader XAUUSD,H1: Failed modifying ETCUSD
0	18:33:22.614	trend_dtrader XAUUSD,H1: Failed modifying ETCUSD
0	18:33:23.666	trend_dtrader XAUUSD,H1: Failed modifying ETCUSD
0	18:33:24.616	trend_dtrader XAUUSD,H1: Failed modifying ETCUSD
0	18:33:25.612	trend_dtrader XAUUSD,H1: Failed modifying ETCUSD
0	18:33:26.614	trend_dtrader XAUUSD,H1: Failed modifying ETCUSD
0	18:33:27.614	trend_dtrader XAUUSD,H1: Failed modifying ETCUSD
0	18:33:28.643	trend_dtrader XAUUSD,H1: Failed modifying ETCUSD
0	18:33:29.614	trend_dtrader XAUUSD,H1: Failed modifying ETCUSD
0	18:33:30.612	trend_dtrader XAUUSD,H1: Failed modifying ETCUSD
0	18:33:31.613	trend_dtrader XAUUSD,H1: Failed modifying ETCUSD
0	18:33:32.614	trend_dtrader XAUUSD,H1: Failed modifying ETCUSD
0	18:33:33.613	trend_dtrader XAUUSD,H1: Failed modifying ETCUSD
0	18:33:34.613	trend_dtrader XAUUSD,H1: Failed modifying ETCUSD
0	18:33:35.613	trend_dtrader XAUUSD,H1: Failed modifying ETCUSD
0	18:33:36.613	trend_dtrader XAUUSD,H1: Failed modifying ETCUSD
0	18:33:37.613	trend_dtrader XAUUSD,H1: Failed modifying ETCUSD
0	18:33:38.613	trend_dtrader XAUUSD,H1: Failed modifying ETCUSD
0	18:33:39.612	trend_dtrader XAUUSD,H1: Failed modifying ETCUSD
0	18:33:40.613	trend_dtrader XAUUSD,H1: Failed modifying ETCUSD
0	18:33:41.613	trend_dtrader XAUUSD,H1: Failed modifying ETCUSD
0	18:33:42.615	trend_dtrader XAUUSD,H1: Failed modifying ETCUSD
0	18:33:43.611	trend_dtrader XAUUSD,H1: Failed modifying ETCUSD
0	18:33:44.611	trend_dtrader XAUUSD,H1: Failed modifying ETCUSD
0	18:33:45.612	trend_dtrader XAUUSD,H1: Failed modifying ETCUSD
0	18:33:46.653	trend_dtrader XAUUSD,H1: Failed modifying ETCUSD
0	18:33:47.625	trend_dtrader XAUUSD,H1: Failed modifying ETCUSD
0	18:33:48.617	trend_dtrader XAUUSD,H1: Failed modifying ETCUSD
0	18:33:49.613	trend_dtrader XAUUSD,H1: Failed modifying ETCUSD
0	18:33:50.618	trend_dtrader XAUUSD,H1: Failed modifying ETCUSD
0	18:33:51.612	trend_dtrader XAUUSD,H1: Failed modifying ETCUSD
0	18:33:52.616	trend_dtrader XAUUSD,H1: Failed modifying ETCUSD
0	18:33:53.612	trend_dtrader XAUUSD,H1: Failed modifying ETCUSD
0	18:33:54.616	trend_dtrader XAUUSD,H1: Failed modifying ETCUSD
0	18:33:55.616	trend_dtrader XAUUSD,H1: Failed modifying ETCUSD
0	18:33:56.612	trend_dtrader XAUUSD,H1: Failed modifying ETCUSD
0	18:33:57.616	trend_dtrader XAUUSD,H1: Failed modifying ETCUSD
0	18:33:58.611	trend_dtrader XAUUSD,H1: Failed modifying ETCUSD
0	18:33:59.617	trend_dtrader XAUUSD,H1: Failed modifying ETCUSD
0	18:34:00.616	trend_dtrader XAUUSD,H1: Failed modifying ETCUSD
0	18:34:01.613	trend_dtrader XAUUSD,H1: Failed modifying ETCUSD
0	18:34:02.633	trend_dtrader XAUUSD,H1: Failed modifying ETCUSD
0	18:34:03.616	trend_dtrader XAUUSD,H1: Failed modifying ETCUSD
0	18:34:04.612	trend_dtrader XAUUSD,H1: Failed modifying ETCUSD
0	18:34:05.615	trend_dtrader XAUUSD,H1: Failed modifying ETCUSD
0	18:34:06.615	trend_dtrader XAUUSD,H1: Failed modifying ETCUSD
0	18:34:07.651	trend_dtrader XAUUSD,H1: Failed modifying ETCUSD
0	18:34:08.616	trend_dtrader XAUUSD,H1: Failed modifying ETCUSD
0	18:34:09.615	trend_dtrader XAUUSD,H1: Failed modifying ETCUSD
0	18:34:10.611	trend_dtrader XAUUSD,H1: Failed modifying ETCUSD
0	18:34:11.614	trend_dtrader XAUUSD,H1: Failed modifying ETCUSD
0	18:34:12.615	trend_dtrader XAUUSD,H1: Failed modifying ETCUSD
0	18:34:13.615	trend_dtrader XAUUSD,H1: Failed modifying ETCUSD
0	18:34:14.614	trend_dtrader XAUUSD,H1: Failed modifying ETCUSD
0	18:34:15.617	trend_dtrader XAUUSD,H1: Failed modifying ETCUSD
0	18:34:16.611	trend_dtrader XAUUSD,H1: Failed modifying ETCUSD
0	18:34:17.615	trend_dtrader XAUUSD,H1: Failed modifying ETCUSD
0	18:34:18.611	trend_dtrader XAUUSD,H1: Failed modifying ETCUSD
0	18:34:19.613	trend_dtrader XAUUSD,H1: Failed modifying ETCUSD
0	18:34:20.664	trend_dtrader XAUUSD,H1: Failed modifying ETCUSD
0	18:34:21.644	trend_dtrader XAUUSD,H1: Failed modifying ETCUSD
0	18:34:22.615	trend_dtrader XAUUSD,H1: Failed modifying ETCUSD
0	18:34:23.612	trend_dtrader XAUUSD,H1: Failed modifying ETCUSD
0	18:34:24.613	trend_dtrader XAUUSD,H1: Failed modifying ETCUSD
0	18:34:25.616	trend_dtrader XAUUSD,H1: Failed modifying ETCUSD
0	18:34:26.614	trend_dtrader XAUUSD,H1: Failed modifying ETCUSD
0	18:34:27.614	trend_dtrader XAUUSD,H1: Failed modifying ETCUSD
0	18:34:28.618	trend_dtrader XAUUSD,H1: Failed modifying ETCUSD
0	18:34:29.613	trend_dtrader XAUUSD,H1: Failed modifying ETCUSD
0	18:34:30.613	trend_dtrader XAUUSD,H1: Failed modifying ETCUSD
0	18:34:31.612	trend_dtrader XAUUSD,H1: Failed modifying ETCUSD
0	18:34:32.611	trend_dtrader XAUUSD,H1: Failed modifying ETCUSD
0	18:34:33.612	trend_dtrader XAUUSD,H1: Failed modifying ETCUSD
0	18:34:34.613	trend_dtrader XAUUSD,H1: Failed modifying ETCUSD
0	18:34:35.612	trend_dtrader XAUUSD,H1: Failed modifying ETCUSD
0	18:34:36.612	trend_dtrader XAUUSD,H1: Failed modifying ETCUSD
0	18:34:37.611	trend_dtrader XAUUSD,H1: Failed modifying ETCUSD
0	18:34:38.612	trend_dtrader XAUUSD,H1: Failed modifying ETCUSD
0	18:34:39.612	trend_dtrader XAUUSD,H1: Failed modifying ETCUSD
0	18:34:40.612	trend_dtrader XAUUSD,H1: Failed modifying ETCUSD
0	18:34:41.612	trend_dtrader XAUUSD,H1: Failed modifying ETCUSD
0	18:34:42.612	trend_dtrader XAUUSD,H1: Failed modifying ETCUSD
0	18:34:43.612	trend_dtrader XAUUSD,H1: Failed modifying ETCUSD
0	18:34:44.664	trend_dtrader XAUUSD,H1: Failed modifying ETCUSD
0	18:34:45.611	trend_dtrader XAUUSD,H1: Failed modifying ETCUSD
0	18:34:46.614	trend_dtrader XAUUSD,H1: Failed modifying ETCUSD
0	18:34:47.619	trend_dtrader XAUUSD,H1: Failed modifying ETCUSD
0	18:34:48.617	trend_dtrader XAUUSD,H1: Failed modifying ETCUSD
0	18:34:49.614	trend_dtrader XAUUSD,H1: Failed modifying ETCUSD
0	18:34:50.624	trend_dtrader XAUUSD,H1: Failed modifying ETCUSD
0	18:34:51.615	trend_dtrader XAUUSD,H1: Failed modifying ETCUSD
0	18:34:52.618	trend_dtrader XAUUSD,H1: Failed modifying ETCUSD
0	18:34:53.611	trend_dtrader XAUUSD,H1: Failed modifying ETCUSD
0	18:34:54.616	trend_dtrader XAUUSD,H1: Failed modifying ETCUSD
0	18:34:55.616	trend_dtrader XAUUSD,H1: Failed modifying ETCUSD
0	18:34:56.616	trend_dtrader XAUUSD,H1: Failed modifying ETCUSD
0	18:34:57.614	trend_dtrader XAUUSD,H1: Failed modifying ETCUSD
0	18:34:58.611	trend_dtrader XAUUSD,H1: Failed modifying ETCUSD
0	18:34:59.615	trend_dtrader XAUUSD,H1: Failed modifying ETCUSD
0	18:35:00.617	trend_dtrader XAUUSD,H1: Failed modifying ETCUSD
0	18:35:01.611	trend_dtrader XAUUSD,H1: Failed modifying ETCUSD
0	18:35:02.622	trend_dtrader XAUUSD,H1: Failed modifying ETCUSD
0	18:35:03.611	trend_dtrader XAUUSD,H1: Failed modifying ETCUSD
0	18:35:04.616	trend_dtrader XAUUSD,H1: Failed modifying ETCUSD
0	18:35:05.641	trend_dtrader XAUUSD,H1: Failed modifying ETCUSD
0	18:35:06.630	trend_dtrader XAUUSD,H1: Failed modifying ETCUSD
0	18:35:07.611	trend_dtrader XAUUSD,H1: Failed modifying ETCUSD
0	18:35:08.623	trend_dtrader XAUUSD,H1: Failed modifying ETCUSD
0	18:35:09.615	trend_dtrader XAUUSD,H1: Failed modifying ETCUSD
0	18:35:10.616	trend_dtrader XAUUSD,H1: Failed modifying ETCUSD
0	18:35:11.615	trend_dtrader XAUUSD,H1: Failed modifying ETCUSD
0	18:35:12.613	trend_dtrader XAUUSD,H1: Failed modifying ETCUSD
0	18:35:13.614	trend_dtrader XAUUSD,H1: Failed modifying ETCUSD
0	18:35:14.673	trend_dtrader XAUUSD,H1: Failed modifying ETCUSD
0	18:35:15.612	trend_dtrader XAUUSD,H1: Failed modifying ETCUSD
0	18:35:16.614	trend_dtrader XAUUSD,H1: Failed modifying ETCUSD
0	18:35:17.614	trend_dtrader XAUUSD,H1: Failed modifying ETCUSD
0	18:35:18.614	trend_dtrader XAUUSD,H1: Failed modifying ETCUSD
0	18:35:19.614	trend_dtrader XAUUSD,H1: Failed modifying ETCUSD
0	18:35:20.614	trend_dtrader XAUUSD,H1: Failed modifying ETCUSD
0	18:35:21.614	trend_dtrader XAUUSD,H1: Failed modifying ETCUSD
0	18:35:22.614	trend_dtrader XAUUSD,H1: Failed modifying ETCUSD
0	18:35:23.613	trend_dtrader XAUUSD,H1: Failed modifying ETCUSD
0	18:35:24.620	trend_dtrader XAUUSD,H1: Failed modifying ETCUSD
0	18:35:25.638	trend_dtrader XAUUSD,H1: Failed modifying ETCUSD
0	18:35:26.613	trend_dtrader XAUUSD,H1: Failed modifying ETCUSD
0	18:35:27.612	trend_dtrader XAUUSD,H1: Failed modifying ETCUSD
0	18:35:28.612	trend_dtrader XAUUSD,H1: Failed modifying ETCUSD
0	18:35:29.612	trend_dtrader XAUUSD,H1: Failed modifying ETCUSD
0	18:35:30.612	trend_dtrader XAUUSD,H1: Failed modifying ETCUSD
0	18:35:31.612	trend_dtrader XAUUSD,H1: Failed modifying ETCUSD
0	18:35:32.612	trend_dtrader XAUUSD,H1: Failed modifying ETCUSD
0	18:35:33.613	trend_dtrader XAUUSD,H1: Failed modifying ETCUSD
0	18:35:34.616	trend_dtrader XAUUSD,H1: Failed modifying ETCUSD
0	18:35:35.612	trend_dtrader XAUUSD,H1: Failed modifying ETCUSD
0	18:35:36.641	trend_dtrader XAUUSD,H1: Failed modifying ETCUSD
0	18:35:37.611	trend_dtrader XAUUSD,H1: Failed modifying ETCUSD
0	18:35:38.611	trend_dtrader XAUUSD,H1: Failed modifying ETCUSD
0	18:35:39.612	trend_dtrader XAUUSD,H1: Failed modifying ETCUSD
0	18:35:40.618	trend_dtrader XAUUSD,H1: Failed modifying ETCUSD
0	18:35:41.611	trend_dtrader XAUUSD,H1: Failed modifying ETCUSD
0	18:35:42.611	trend_dtrader XAUUSD,H1: Failed modifying ETCUSD
0	18:35:43.610	trend_dtrader XAUUSD,H1: Failed modifying ETCUSD
0	18:35:44.615	trend_dtrader XAUUSD,H1: Failed modifying ETCUSD
0	18:35:45.611	trend_dtrader XAUUSD,H1: Failed modifying ETCUSD
0	18:35:46.617	trend_dtrader XAUUSD,H1: Failed modifying ETCUSD
0	18:35:47.611	trend_dtrader XAUUSD,H1: Failed modifying ETCUSD
0	18:35:48.617	trend_dtrader XAUUSD,H1: Failed modifying ETCUSD
0	18:35:49.615	trend_dtrader XAUUSD,H1: Failed modifying ETCUSD
0	18:35:50.616	trend_dtrader XAUUSD,H1: Failed modifying ETCUSD
0	18:35:51.697	trend_dtrader XAUUSD,H1: Failed modifying ETCUSD
0	18:35:52.646	trend_dtrader XAUUSD,H1: Failed modifying ETCUSD
0	18:35:53.622	trend_dtrader XAUUSD,H1: Failed modifying ETCUSD
0	18:35:54.616	trend_dtrader XAUUSD,H1: Failed modifying ETCUSD
0	18:35:55.615	trend_dtrader XAUUSD,H1: Failed modifying ETCUSD
0	18:35:56.612	trend_dtrader XAUUSD,H1: Failed modifying ETCUSD
0	18:35:57.611	trend_dtrader XAUUSD,H1: Failed modifying ETCUSD
0	18:35:58.616	trend_dtrader XAUUSD,H1: Failed modifying ETCUSD
0	18:35:59.615	trend_dtrader XAUUSD,H1: Failed modifying ETCUSD
0	18:36:00.616	trend_dtrader XAUUSD,H1: Failed modifying ETCUSD
0	18:36:01.614	trend_dtrader XAUUSD,H1: Failed modifying ETCUSD
0	18:36:02.616	trend_dtrader XAUUSD,H1: Failed modifying ETCUSD
0	18:36:03.612	trend_dtrader XAUUSD,H1: Failed modifying ETCUSD
0	18:36:04.675	trend_dtrader XAUUSD,H1: Failed modifying ETCUSD
0	18:36:05.615	trend_dtrader XAUUSD,H1: Failed modifying ETCUSD
0	18:36:06.641	trend_dtrader XAUUSD,H1: Failed modifying ETCUSD
0	18:36:07.611	trend_dtrader XAUUSD,H1: Failed modifying ETCUSD
0	18:36:08.615	trend_dtrader XAUUSD,H1: Failed modifying ETCUSD
0	18:36:09.614	trend_dtrader XAUUSD,H1: Failed modifying ETCUSD
0	18:36:10.611	trend_dtrader XAUUSD,H1: Failed modifying ETCUSD
0	18:36:11.614	trend_dtrader XAUUSD,H1: Failed modifying ETCUSD
0	18:36:12.611	trend_dtrader XAUUSD,H1: Failed modifying ETCUSD
0	18:36:13.614	trend_dtrader XAUUSD,H1: Failed modifying ETCUSD
0	18:36:14.613	trend_dtrader XAUUSD,H1: Failed modifying ETCUSD
0	18:36:15.614	trend_dtrader XAUUSD,H1: Failed modifying ETCUSD
0	18:36:16.613	trend_dtrader XAUUSD,H1: Failed modifying ETCUSD
0	18:36:17.613	trend_dtrader XAUUSD,H1: Failed modifying ETCUSD
0	18:36:18.613	trend_dtrader XAUUSD,H1: Failed modifying ETCUSD
0	18:36:19.612	trend_dtrader XAUUSD,H1: Failed modifying ETCUSD
0	18:36:20.613	trend_dtrader XAUUSD,H1: Failed modifying ETCUSD
0	18:36:21.629	trend_dtrader XAUUSD,H1: Failed modifying ETCUSD
0	18:36:22.612	trend_dtrader XAUUSD,H1: Failed modifying ETCUSD
0	18:36:23.613	trend_dtrader XAUUSD,H1: Failed modifying ETCUSD
0	18:36:24.611	trend_dtrader XAUUSD,H1: Failed modifying ETCUSD
0	18:36:25.612	trend_dtrader XAUUSD,H1: Failed modifying ETCUSD
0	18:36:26.612	trend_dtrader XAUUSD,H1: Failed modifying ETCUSD
0	18:36:27.612	trend_dtrader XAUUSD,H1: Failed modifying ETCUSD
0	18:36:28.655	trend_dtrader XAUUSD,H1: Failed modifying ETCUSD
0	18:36:29.612	trend_dtrader XAUUSD,H1: Failed modifying ETCUSD
0	18:36:30.612	trend_dtrader XAUUSD,H1: Failed modifying ETCUSD
0	18:36:31.612	trend_dtrader XAUUSD,H1: Failed modifying ETCUSD
0	18:36:32.612	trend_dtrader XAUUSD,H1: Failed modifying ETCUSD
0	18:36:33.611	trend_dtrader XAUUSD,H1: Failed modifying ETCUSD
0	18:36:34.611	trend_dtrader XAUUSD,H1: Failed modifying ETCUSD
0	18:36:35.612	trend_dtrader XAUUSD,H1: Failed modifying ETCUSD
0	18:36:36.625	trend_dtrader XAUUSD,H1: Failed modifying ETCUSD
0	18:36:37.618	trend_dtrader XAUUSD,H1: Failed modifying ETCUSD
0	18:36:38.612	trend_dtrader XAUUSD,H1: Failed modifying ETCUSD
0	18:36:39.634	trend_dtrader XAUUSD,H1: Failed modifying ETCUSD
0	18:36:40.614	trend_dtrader XAUUSD,H1: Failed modifying ETCUSD
0	18:36:41.617	trend_dtrader XAUUSD,H1: Failed modifying ETCUSD
0	18:36:42.615	trend_dtrader XAUUSD,H1: Failed modifying ETCUSD
0	18:36:43.617	trend_dtrader XAUUSD,H1: Failed modifying ETCUSD
0	18:36:44.663	trend_dtrader XAUUSD,H1: Failed modifying ETCUSD
0	18:36:45.616	trend_dtrader XAUUSD,H1: Failed modifying ETCUSD
0	18:36:46.611	trend_dtrader XAUUSD,H1: Failed modifying ETCUSD
0	18:36:47.617	trend_dtrader XAUUSD,H1: Failed modifying ETCUSD
0	18:36:48.613	trend_dtrader XAUUSD,H1: Failed modifying ETCUSD
0	18:36:49.617	trend_dtrader XAUUSD,H1: Failed modifying ETCUSD
0	18:36:50.612	trend_dtrader XAUUSD,H1: Failed modifying ETCUSD
0	18:36:51.617	trend_dtrader XAUUSD,H1: Failed modifying ETCUSD
0	18:36:52.613	trend_dtrader XAUUSD,H1: Failed modifying ETCUSD
0	18:36:53.616	trend_dtrader XAUUSD,H1: Failed modifying ETCUSD
0	18:36:54.615	trend_dtrader XAUUSD,H1: Failed modifying ETCUSD
0	18:36:55.615	trend_dtrader XAUUSD,H1: Failed modifying ETCUSD
0	18:36:56.615	trend_dtrader XAUUSD,H1: Failed modifying ETCUSD
0	18:36:58.804	trend_dtrader XAUUSD,H1: Failed modifying ETCUSD
0	18:36:59.754	trend_dtrader XAUUSD,H1: Failed modifying ETCUSD
0	18:37:00.753	trend_dtrader XAUUSD,H1: Failed modifying ETCUSD
0	18:37:01.754	trend_dtrader XAUUSD,H1: Failed modifying ETCUSD
0	18:37:02.761	trend_dtrader XAUUSD,H1: Failed modifying ETCUSD
0	18:37:03.753	trend_dtrader XAUUSD,H1: Failed modifying ETCUSD
0	18:37:04.754	trend_dtrader XAUUSD,H1: Failed modifying ETCUSD
0	18:37:05.754	trend_dtrader XAUUSD,H1: Failed modifying ETCUSD
0	18:37:06.753	trend_dtrader XAUUSD,H1: Failed modifying ETCUSD
0	18:37:07.753	trend_dtrader XAUUSD,H1: Failed modifying ETCUSD
0	18:37:08.753	trend_dtrader XAUUSD,H1: Failed modifying ETCUSD
0	18:37:09.753	trend_dtrader XAUUSD,H1: Failed modifying ETCUSD
0	18:37:10.752	trend_dtrader XAUUSD,H1: Failed modifying ETCUSD
0	18:37:11.754	trend_dtrader XAUUSD,H1: Failed modifying ETCUSD
0	18:37:12.753	trend_dtrader XAUUSD,H1: Failed modifying ETCUSD
0	18:37:13.755	trend_dtrader XAUUSD,H1: Failed modifying ETCUSD
0	18:37:14.752	trend_dtrader XAUUSD,H1: Failed modifying ETCUSD
0	18:37:15.762	trend_dtrader XAUUSD,H1: Failed modifying ETCUSD
0	18:37:16.752	trend_dtrader XAUUSD,H1: Failed modifying ETCUSD
0	18:37:17.752	trend_dtrader XAUUSD,H1: Failed modifying ETCUSD
0	18:37:18.758	trend_dtrader XAUUSD,H1: Failed modifying ETCUSD
0	18:37:19.756	trend_dtrader XAUUSD,H1: Failed modifying ETCUSD
0	18:37:20.757	trend_dtrader XAUUSD,H1: Failed modifying ETCUSD
0	18:37:21.753	trend_dtrader XAUUSD,H1: Failed modifying ETCUSD
0	18:37:22.755	trend_dtrader XAUUSD,H1: Failed modifying ETCUSD
0	18:37:23.756	trend_dtrader XAUUSD,H1: Failed modifying ETCUSD
0	18:37:24.752	trend_dtrader XAUUSD,H1: Failed modifying ETCUSD
0	18:37:25.757	trend_dtrader XAUUSD,H1: Failed modifying ETCUSD
0	18:37:26.753	trend_dtrader XAUUSD,H1: Failed modifying ETCUSD
0	18:37:27.758	trend_dtrader XAUUSD,H1: Failed modifying ETCUSD
0	18:37:28.755	trend_dtrader XAUUSD,H1: Failed modifying ETCUSD
0	18:37:29.757	trend_dtrader XAUUSD,H1: Failed modifying ETCUSD
0	18:37:30.756	trend_dtrader XAUUSD,H1: Failed modifying ETCUSD
0	18:37:31.754	trend_dtrader XAUUSD,H1: Failed modifying ETCUSD
0	18:37:32.756	trend_dtrader XAUUSD,H1: Failed modifying ETCUSD
0	18:37:33.757	trend_dtrader XAUUSD,H1: Failed modifying ETCUSD
0	18:37:34.755	trend_dtrader XAUUSD,H1: Failed modifying ETCUSD
0	18:37:35.757	trend_dtrader XAUUSD,H1: Failed modifying ETCUSD
0	18:37:36.751	trend_dtrader XAUUSD,H1: Failed modifying ETCUSD
0	18:37:37.759	trend_dtrader XAUUSD,H1: Failed modifying ETCUSD
0	18:37:38.756	trend_dtrader XAUUSD,H1: Failed modifying ETCUSD
0	18:37:39.756	trend_dtrader XAUUSD,H1: Failed modifying ETCUSD
0	18:37:40.786	trend_dtrader XAUUSD,H1: Failed modifying ETCUSD
0	18:37:41.756	trend_dtrader XAUUSD,H1: Failed modifying ETCUSD
0	18:37:42.756	trend_dtrader XAUUSD,H1: Failed modifying ETCUSD
0	18:37:43.756	trend_dtrader XAUUSD,H1: Failed modifying ETCUSD
0	18:37:44.752	trend_dtrader XAUUSD,H1: Failed modifying ETCUSD
0	18:37:45.754	trend_dtrader XAUUSD,H1: Failed modifying ETCUSD
0	18:37:47.754	trend_dtrader XAUUSD,H1: Failed modifying ETCUSD
0	18:37:48.754	trend_dtrader XAUUSD,H1: Failed modifying ETCUSD
0	18:37:49.754	trend_dtrader XAUUSD,H1: Failed modifying ETCUSD
0	18:37:50.754	trend_dtrader XAUUSD,H1: Failed modifying ETCUSD
0	18:37:51.754	trend_dtrader XAUUSD,H1: Failed modifying ETCUSD
0	18:37:52.755	trend_dtrader XAUUSD,H1: Failed modifying ETCUSD
0	18:38:06.754	trend_dtrader XAUUSD,H1: Failed modifying ETCUSD
0	18:38:07.760	trend_dtrader XAUUSD,H1: Failed modifying ETCUSD
0	18:38:08.753	trend_dtrader XAUUSD,H1: Failed modifying ETCUSD
0	18:38:09.756	trend_dtrader XAUUSD,H1: Failed modifying ETCUSD
0	18:38:10.753	trend_dtrader XAUUSD,H1: Failed modifying ETCUSD
0	18:38:11.753	trend_dtrader XAUUSD,H1: Failed modifying ETCUSD
0	18:38:12.751	trend_dtrader XAUUSD,H1: Failed modifying ETCUSD
0	18:38:13.759	trend_dtrader XAUUSD,H1: Failed modifying ETCUSD
0	18:38:14.753	trend_dtrader XAUUSD,H1: Failed modifying ETCUSD
0	18:38:15.756	trend_dtrader XAUUSD,H1: Failed modifying ETCUSD
0	18:38:16.758	trend_dtrader XAUUSD,H1: Failed modifying ETCUSD
0	18:38:17.756	trend_dtrader XAUUSD,H1: Failed modifying ETCUSD
0	18:38:18.757	trend_dtrader XAUUSD,H1: Failed modifying ETCUSD
0	18:38:19.778	trend_dtrader XAUUSD,H1: Failed modifying ETCUSD
0	18:38:20.758	trend_dtrader XAUUSD,H1: Failed modifying ETCUSD
0	18:38:21.757	trend_dtrader XAUUSD,H1: Failed modifying ETCUSD
0	18:38:22.756	trend_dtrader XAUUSD,H1: Failed modifying ETCUSD
0	18:38:23.754	trend_dtrader XAUUSD,H1: Failed modifying ETCUSD
0	18:38:24.758	trend_dtrader XAUUSD,H1: Failed modifying ETCUSD
0	18:38:25.758	trend_dtrader XAUUSD,H1: Failed modifying ETCUSD
0	18:38:38.755	trend_dtrader XAUUSD,H1: Failed modifying ETCUSD
0	18:38:39.756	trend_dtrader XAUUSD,H1: Failed modifying ETCUSD
0	18:38:40.755	trend_dtrader XAUUSD,H1: Failed modifying ETCUSD
0	18:38:41.755	trend_dtrader XAUUSD,H1: Failed modifying ETCUSD
0	18:38:42.756	trend_dtrader XAUUSD,H1: Failed modifying ETCUSD
0	18:38:43.755	trend_dtrader XAUUSD,H1: Failed modifying ETCUSD
0	18:38:44.755	trend_dtrader XAUUSD,H1: Failed modifying ETCUSD
0	18:38:45.753	trend_dtrader XAUUSD,H1: Failed modifying ETCUSD
0	18:38:46.754	trend_dtrader XAUUSD,H1: Failed modifying ETCUSD
0	18:38:47.766	trend_dtrader XAUUSD,H1: Failed modifying ETCUSD
0	18:38:48.754	trend_dtrader XAUUSD,H1: Failed modifying ETCUSD
0	18:38:49.753	trend_dtrader XAUUSD,H1: Failed modifying ETCUSD
0	18:38:50.754	trend_dtrader XAUUSD,H1: Failed modifying ETCUSD
0	18:38:51.753	trend_dtrader XAUUSD,H1: Failed modifying ETCUSD
0	18:38:52.751	trend_dtrader XAUUSD,H1: Failed modifying ETCUSD
0	18:38:53.754	trend_dtrader XAUUSD,H1: Failed modifying ETCUSD
0	18:38:54.753	trend_dtrader XAUUSD,H1: Failed modifying ETCUSD
0	18:38:55.753	trend_dtrader XAUUSD,H1: Failed modifying ETCUSD
0	18:38:56.754	trend_dtrader XAUUSD,H1: Failed modifying ETCUSD
0	18:38:57.752	trend_dtrader XAUUSD,H1: Failed modifying ETCUSD
0	18:38:58.753	trend_dtrader XAUUSD,H1: Failed modifying ETCUSD
0	18:38:59.752	trend_dtrader XAUUSD,H1: Failed modifying ETCUSD
0	18:39:00.753	trend_dtrader XAUUSD,H1: Failed modifying ETCUSD
0	18:39:01.751	trend_dtrader XAUUSD,H1: Failed modifying ETCUSD
0	18:39:02.753	trend_dtrader XAUUSD,H1: Failed modifying ETCUSD
0	18:39:03.753	trend_dtrader XAUUSD,H1: Failed modifying ETCUSD
0	18:39:04.753	trend_dtrader XAUUSD,H1: Failed modifying ETCUSD
0	18:39:05.753	trend_dtrader XAUUSD,H1: Failed modifying ETCUSD
0	18:39:06.759	trend_dtrader XAUUSD,H1: Failed modifying ETCUSD
0	18:39:07.755	trend_dtrader XAUUSD,H1: Failed modifying ETCUSD
0	18:39:08.751	trend_dtrader XAUUSD,H1: Failed modifying ETCUSD
0	18:39:09.752	trend_dtrader XAUUSD,H1: Failed modifying ETCUSD
0	18:39:10.756	trend_dtrader XAUUSD,H1: Failed modifying ETCUSD
0	18:39:11.759	trend_dtrader XAUUSD,H1: Failed modifying ETCUSD
0	18:39:12.754	trend_dtrader XAUUSD,H1: Failed modifying ETCUSD
0	18:39:13.758	trend_dtrader XAUUSD,H1: Failed modifying ETCUSD
0	18:39:14.755	trend_dtrader XAUUSD,H1: Failed modifying ETCUSD
0	18:39:15.757	trend_dtrader XAUUSD,H1: Failed modifying ETCUSD
0	18:39:16.755	trend_dtrader XAUUSD,H1: Failed modifying ETCUSD
0	18:39:17.756	trend_dtrader XAUUSD,H1: Failed modifying ETCUSD
0	18:39:18.757	trend_dtrader XAUUSD,H1: Failed modifying ETCUSD
0	18:39:19.801	trend_dtrader XAUUSD,H1: Failed modifying ETCUSD
0	18:39:20.757	trend_dtrader XAUUSD,H1: Failed modifying ETCUSD
0	18:39:21.755	trend_dtrader XAUUSD,H1: Failed modifying ETCUSD
0	18:39:22.756	trend_dtrader XAUUSD,H1: Failed modifying ETCUSD
0	18:39:23.754	trend_dtrader XAUUSD,H1: Failed modifying ETCUSD
0	18:39:24.755	trend_dtrader XAUUSD,H1: Failed modifying ETCUSD
0	18:39:25.752	trend_dtrader XAUUSD,H1: Failed modifying ETCUSD
0	18:39:26.751	trend_dtrader XAUUSD,H1: Failed modifying ETCUSD
0	18:39:27.755	trend_dtrader XAUUSD,H1: Failed modifying ETCUSD
0	18:39:28.761	trend_dtrader XAUUSD,H1: Failed modifying ETCUSD
0	18:39:29.756	trend_dtrader XAUUSD,H1: Failed modifying ETCUSD
0	18:39:30.753	trend_dtrader XAUUSD,H1: Failed modifying ETCUSD
0	18:39:31.755	trend_dtrader XAUUSD,H1: Failed modifying ETCUSD
0	18:39:32.753	trend_dtrader XAUUSD,H1: Failed modifying ETCUSD
0	18:39:33.755	trend_dtrader XAUUSD,H1: Failed modifying ETCUSD
0	18:39:34.754	trend_dtrader XAUUSD,H1: Failed modifying ETCUSD
0	18:39:35.754	trend_dtrader XAUUSD,H1: Failed modifying ETCUSD
0	18:39:36.754	trend_dtrader XAUUSD,H1: Failed modifying ETCUSD
0	18:39:37.755	trend_dtrader XAUUSD,H1: Failed modifying ETCUSD
0	18:39:38.754	trend_dtrader XAUUSD,H1: Failed modifying ETCUSD
0	18:39:39.751	trend_dtrader XAUUSD,H1: Failed modifying ETCUSD
0	18:39:40.755	trend_dtrader XAUUSD,H1: Failed modifying ETCUSD
0	18:39:41.754	trend_dtrader XAUUSD,H1: Failed modifying ETCUSD
0	18:39:42.755	trend_dtrader XAUUSD,H1: Failed modifying ETCUSD
0	18:39:43.751	trend_dtrader XAUUSD,H1: Failed modifying ETCUSD
0	18:39:44.754	trend_dtrader XAUUSD,H1: Failed modifying ETCUSD
0	18:39:45.752	trend_dtrader XAUUSD,H1: Failed modifying ETCUSD
0	18:39:46.754	trend_dtrader XAUUSD,H1: Failed modifying ETCUSD
0	18:39:47.768	trend_dtrader XAUUSD,H1: Failed modifying ETCUSD
0	18:39:48.753	trend_dtrader XAUUSD,H1: Failed modifying ETCUSD
0	18:39:49.752	trend_dtrader XAUUSD,H1: Failed modifying ETCUSD
0	18:39:50.754	trend_dtrader XAUUSD,H1: Failed modifying ETCUSD
0	18:39:51.768	trend_dtrader XAUUSD,H1: Failed modifying ETCUSD
0	18:39:52.752	trend_dtrader XAUUSD,H1: Failed modifying ETCUSD
0	18:39:53.753	trend_dtrader XAUUSD,H1: Failed modifying ETCUSD
0	18:39:54.753	trend_dtrader XAUUSD,H1: Failed modifying ETCUSD
0	18:39:55.752	trend_dtrader XAUUSD,H1: Failed modifying ETCUSD
0	18:39:56.753	trend_dtrader XAUUSD,H1: Failed modifying ETCUSD
0	18:39:57.752	trend_dtrader XAUUSD,H1: Failed modifying ETCUSD
0	18:39:58.753	trend_dtrader XAUUSD,H1: Failed modifying ETCUSD
0	18:39:59.753	trend_dtrader XAUUSD,H1: Failed modifying ETCUSD
0	18:40:00.756	trend_dtrader XAUUSD,H1: Failed modifying ETCUSD
0	18:40:01.759	trend_dtrader XAUUSD,H1: Failed modifying ETCUSD
0	18:40:02.759	trend_dtrader XAUUSD,H1: Failed modifying ETCUSD
0	18:40:03.758	trend_dtrader XAUUSD,H1: Failed modifying ETCUSD
0	18:40:04.758	trend_dtrader XAUUSD,H1: Failed modifying ETCUSD
0	18:40:05.758	trend_dtrader XAUUSD,H1: Failed modifying ETCUSD
0	18:40:06.756	trend_dtrader XAUUSD,H1: Failed modifying ETCUSD
0	18:40:07.757	trend_dtrader XAUUSD,H1: Failed modifying ETCUSD
0	18:40:08.752	trend_dtrader XAUUSD,H1: Failed modifying ETCUSD
0	18:40:09.757	trend_dtrader XAUUSD,H1: Failed modifying ETCUSD
0	18:40:10.756	trend_dtrader XAUUSD,H1: Failed modifying ETCUSD
0	18:40:11.751	trend_dtrader XAUUSD,H1: Failed modifying ETCUSD
0	18:40:12.757	trend_dtrader XAUUSD,H1: Failed modifying ETCUSD
0	18:40:13.758	trend_dtrader XAUUSD,H1: Failed modifying ETCUSD
0	18:40:14.758	trend_dtrader XAUUSD,H1: Failed modifying ETCUSD
0	18:40:15.752	trend_dtrader XAUUSD,H1: Failed modifying ETCUSD
0	18:40:16.757	trend_dtrader XAUUSD,H1: Failed modifying ETCUSD
0	18:40:17.754	trend_dtrader XAUUSD,H1: Failed modifying ETCUSD
0	18:40:18.757	trend_dtrader XAUUSD,H1: Failed modifying ETCUSD
0	18:40:19.767	trend_dtrader XAUUSD,H1: Failed modifying ETCUSD
0	18:40:20.756	trend_dtrader XAUUSD,H1: Failed modifying ETCUSD
0	18:40:21.753	trend_dtrader XAUUSD,H1: Failed modifying ETCUSD
0	18:40:22.756	trend_dtrader XAUUSD,H1: Failed modifying ETCUSD
0	18:40:23.753	trend_dtrader XAUUSD,H1: Failed modifying ETCUSD
0	18:40:24.757	trend_dtrader XAUUSD,H1: Failed modifying ETCUSD
0	18:40:25.753	trend_dtrader XAUUSD,H1: Failed modifying ETCUSD
0	18:40:26.756	trend_dtrader XAUUSD,H1: Failed modifying ETCUSD
0	18:40:27.752	trend_dtrader XAUUSD,H1: Failed modifying ETCUSD
0	18:40:28.756	trend_dtrader XAUUSD,H1: Failed modifying ETCUSD
0	18:40:29.754	trend_dtrader XAUUSD,H1: Failed modifying ETCUSD
0	18:40:30.753	trend_dtrader XAUUSD,H1: Failed modifying ETCUSD
0	18:40:31.755	trend_dtrader XAUUSD,H1: Failed modifying ETCUSD
0	18:40:32.755	trend_dtrader XAUUSD,H1: Failed modifying ETCUSD
0	18:40:33.754	trend_dtrader XAUUSD,H1: Failed modifying ETCUSD
0	18:40:34.753	trend_dtrader XAUUSD,H1: Failed modifying ETCUSD
0	18:40:35.754	trend_dtrader XAUUSD,H1: Failed modifying ETCUSD
0	18:40:36.754	trend_dtrader XAUUSD,H1: Failed modifying ETCUSD
0	18:40:37.759	trend_dtrader XAUUSD,H1: Failed modifying ETCUSD
0	18:40:38.754	trend_dtrader XAUUSD,H1: Failed modifying ETCUSD
0	18:40:39.766	trend_dtrader XAUUSD,H1: Failed modifying ETCUSD
0	18:40:40.754	trend_dtrader XAUUSD,H1: Failed modifying ETCUSD
0	18:40:41.754	trend_dtrader XAUUSD,H1: Failed modifying ETCUSD
0	18:40:42.752	trend_dtrader XAUUSD,H1: Failed modifying ETCUSD
0	18:40:43.754	trend_dtrader XAUUSD,H1: Failed modifying ETCUSD
0	18:40:44.751	trend_dtrader XAUUSD,H1: Failed modifying ETCUSD
0	18:40:45.754	trend_dtrader XAUUSD,H1: Failed modifying ETCUSD
0	18:40:46.752	trend_dtrader XAUUSD,H1: Failed modifying ETCUSD
0	18:40:47.751	trend_dtrader XAUUSD,H1: Failed modifying ETCUSD
0	18:40:48.753	trend_dtrader XAUUSD,H1: Failed modifying ETCUSD
0	18:40:49.751	trend_dtrader XAUUSD,H1: Failed modifying ETCUSD
0	18:40:50.751	trend_dtrader XAUUSD,H1: Failed modifying ETCUSD
0	18:40:51.756	trend_dtrader XAUUSD,H1: Failed modifying ETCUSD
0	18:40:52.752	trend_dtrader XAUUSD,H1: Failed modifying ETCUSD
0	18:40:53.751	trend_dtrader XAUUSD,H1: Failed modifying ETCUSD
0	18:40:54.753	trend_dtrader XAUUSD,H1: Failed modifying ETCUSD
0	18:40:55.754	trend_dtrader XAUUSD,H1: Failed modifying ETCUSD
0	18:40:56.751	trend_dtrader XAUUSD,H1: Failed modifying ETCUSD
0	18:40:57.752	trend_dtrader XAUUSD,H1: Failed modifying ETCUSD
0	18:40:58.752	trend_dtrader XAUUSD,H1: Failed modifying ETCUSD
0	18:40:59.759	trend_dtrader XAUUSD,H1: Failed modifying ETCUSD
0	18:41:00.751	trend_dtrader XAUUSD,H1: Failed modifying ETCUSD
0	18:41:01.754	trend_dtrader XAUUSD,H1: Failed modifying ETCUSD
0	18:41:02.758	trend_dtrader XAUUSD,H1: Failed modifying ETCUSD
0	18:41:03.757	trend_dtrader XAUUSD,H1: Failed modifying ETCUSD
0	18:41:04.757	trend_dtrader XAUUSD,H1: Failed modifying ETCUSD
0	18:41:05.756	trend_dtrader XAUUSD,H1: Failed modifying ETCUSD
0	18:41:06.757	trend_dtrader XAUUSD,H1: Failed modifying ETCUSD
0	18:41:07.753	trend_dtrader XAUUSD,H1: Failed modifying ETCUSD
0	18:41:08.756	trend_dtrader XAUUSD,H1: Failed modifying ETCUSD
0	18:41:09.754	trend_dtrader XAUUSD,H1: Failed modifying ETCUSD
0	18:41:10.758	trend_dtrader XAUUSD,H1: Failed modifying ETCUSD
0	18:41:11.753	trend_dtrader XAUUSD,H1: Failed modifying ETCUSD
0	18:41:12.756	trend_dtrader XAUUSD,H1: Failed modifying ETCUSD
0	18:41:13.756	trend_dtrader XAUUSD,H1: Failed modifying ETCUSD
0	18:41:14.756	trend_dtrader XAUUSD,H1: Failed modifying ETCUSD
0	18:41:15.756	trend_dtrader XAUUSD,H1: Failed modifying ETCUSD
0	18:41:16.760	trend_dtrader XAUUSD,H1: Failed modifying ETCUSD
0	18:41:17.756	trend_dtrader XAUUSD,H1: Failed modifying ETCUSD
0	18:41:18.755	trend_dtrader XAUUSD,H1: Failed modifying ETCUSD
0	18:41:19.756	trend_dtrader XAUUSD,H1: Failed modifying ETCUSD
0	18:41:20.756	trend_dtrader XAUUSD,H1: Failed modifying ETCUSD
0	18:41:21.755	trend_dtrader XAUUSD,H1: Failed modifying ETCUSD
0	18:41:22.755	trend_dtrader XAUUSD,H1: Failed modifying ETCUSD
0	18:41:23.754	trend_dtrader XAUUSD,H1: Failed modifying ETCUSD
0	18:41:24.754	trend_dtrader XAUUSD,H1: Failed modifying ETCUSD
0	18:41:25.754	trend_dtrader XAUUSD,H1: Failed modifying ETCUSD
0	18:41:26.753	trend_dtrader XAUUSD,H1: Failed modifying ETCUSD
0	18:41:27.755	trend_dtrader XAUUSD,H1: Failed modifying ETCUSD
0	18:41:28.755	trend_dtrader XAUUSD,H1: Failed modifying ETCUSD
0	18:41:29.753	trend_dtrader XAUUSD,H1: Failed modifying ETCUSD
0	18:41:30.753	trend_dtrader XAUUSD,H1: Failed modifying ETCUSD
0	18:41:31.753	trend_dtrader XAUUSD,H1: Failed modifying ETCUSD
0	18:41:32.754	trend_dtrader XAUUSD,H1: Failed modifying ETCUSD
0	18:41:33.754	trend_dtrader XAUUSD,H1: Failed modifying ETCUSD
0	18:41:34.753	trend_dtrader XAUUSD,H1: Failed modifying ETCUSD
0	18:41:35.753	trend_dtrader XAUUSD,H1: Failed modifying ETCUSD
0	18:41:36.753	trend_dtrader XAUUSD,H1: Failed modifying ETCUSD
0	18:41:37.754	trend_dtrader XAUUSD,H1: Failed modifying ETCUSD
0	18:41:38.752	trend_dtrader XAUUSD,H1: Failed modifying ETCUSD
0	18:41:39.753	trend_dtrader XAUUSD,H1: Failed modifying ETCUSD
0	18:41:40.753	trend_dtrader XAUUSD,H1: Failed modifying ETCUSD
0	18:41:41.752	trend_dtrader XAUUSD,H1: Failed modifying ETCUSD
0	18:41:42.753	trend_dtrader XAUUSD,H1: Failed modifying ETCUSD
0	18:41:43.775	trend_dtrader XAUUSD,H1: Failed modifying ETCUSD
0	18:41:44.751	trend_dtrader XAUUSD,H1: Failed modifying ETCUSD
0	18:41:45.753	trend_dtrader XAUUSD,H1: Failed modifying ETCUSD
0	18:41:46.752	trend_dtrader XAUUSD,H1: Failed modifying ETCUSD
0	18:41:47.753	trend_dtrader XAUUSD,H1: Failed modifying ETCUSD
0	18:41:48.753	trend_dtrader XAUUSD,H1: Failed modifying ETCUSD
0	18:41:49.757	trend_dtrader XAUUSD,H1: Failed modifying ETCUSD
0	18:41:50.758	trend_dtrader XAUUSD,H1: Failed modifying ETCUSD
0	18:41:51.751	trend_dtrader XAUUSD,H1: Failed modifying ETCUSD
0	18:41:52.753	trend_dtrader XAUUSD,H1: Failed modifying ETCUSD
0	18:41:53.758	trend_dtrader XAUUSD,H1: Failed modifying ETCUSD
0	18:41:54.758	trend_dtrader XAUUSD,H1: Failed modifying ETCUSD
0	18:41:55.757	trend_dtrader XAUUSD,H1: Failed modifying ETCUSD
0	18:41:56.753	trend_dtrader XAUUSD,H1: Failed modifying ETCUSD
0	18:41:57.757	trend_dtrader XAUUSD,H1: Failed modifying ETCUSD
0	18:41:58.758	trend_dtrader XAUUSD,H1: Failed modifying ETCUSD
0	18:41:59.757	trend_dtrader XAUUSD,H1: Failed modifying ETCUSD
0	18:42:00.757	trend_dtrader XAUUSD,H1: Failed modifying ETCUSD
0	18:42:01.755	trend_dtrader XAUUSD,H1: Failed modifying ETCUSD
0	18:42:02.758	trend_dtrader XAUUSD,H1: Failed modifying ETCUSD
0	18:42:03.757	trend_dtrader XAUUSD,H1: Failed modifying ETCUSD
0	18:42:04.756	trend_dtrader XAUUSD,H1: Failed modifying ETCUSD
0	18:42:05.756	trend_dtrader XAUUSD,H1: Failed modifying ETCUSD
0	18:42:06.751	trend_dtrader XAUUSD,H1: Failed modifying ETCUSD
0	18:42:07.755	trend_dtrader XAUUSD,H1: Failed modifying ETCUSD
0	18:42:08.756	trend_dtrader XAUUSD,H1: Failed modifying ETCUSD
0	18:42:09.751	trend_dtrader XAUUSD,H1: Failed modifying ETCUSD
0	18:42:10.754	trend_dtrader XAUUSD,H1: Failed modifying ETCUSD
0	18:42:11.756	trend_dtrader XAUUSD,H1: Failed modifying ETCUSD
0	18:42:12.754	trend_dtrader XAUUSD,H1: Failed modifying ETCUSD
0	18:42:13.756	trend_dtrader XAUUSD,H1: Failed modifying ETCUSD
0	18:42:14.756	trend_dtrader XAUUSD,H1: Failed modifying ETCUSD
0	18:42:15.751	trend_dtrader XAUUSD,H1: Failed modifying ETCUSD
0	18:42:16.753	trend_dtrader XAUUSD,H1: Failed modifying ETCUSD
0	18:42:17.755	trend_dtrader XAUUSD,H1: Failed modifying ETCUSD
0	18:42:18.755	trend_dtrader XAUUSD,H1: Failed modifying ETCUSD
0	18:42:19.755	trend_dtrader XAUUSD,H1: Failed modifying ETCUSD
0	18:42:20.754	trend_dtrader XAUUSD,H1: Failed modifying ETCUSD
0	18:42:21.754	trend_dtrader XAUUSD,H1: Failed modifying ETCUSD
0	18:42:22.754	trend_dtrader XAUUSD,H1: Failed modifying ETCUSD
0	18:42:23.754	trend_dtrader XAUUSD,H1: Failed modifying ETCUSD
0	18:42:24.754	trend_dtrader XAUUSD,H1: Failed modifying ETCUSD
0	18:42:25.751	trend_dtrader XAUUSD,H1: Failed modifying ETCUSD
0	18:42:26.754	trend_dtrader XAUUSD,H1: Failed modifying ETCUSD
0	18:42:27.770	trend_dtrader XAUUSD,H1: Failed modifying ETCUSD
0	18:42:28.754	trend_dtrader XAUUSD,H1: Failed modifying ETCUSD
0	18:42:29.754	trend_dtrader XAUUSD,H1: Failed modifying ETCUSD
0	18:42:30.753	trend_dtrader XAUUSD,H1: Failed modifying ETCUSD
0	18:42:31.754	trend_dtrader XAUUSD,H1: Failed modifying ETCUSD
0	18:42:32.753	trend_dtrader XAUUSD,H1: Failed modifying ETCUSD
0	18:42:33.754	trend_dtrader XAUUSD,H1: Failed modifying ETCUSD
0	18:42:34.753	trend_dtrader XAUUSD,H1: Failed modifying ETCUSD
0	18:42:35.753	trend_dtrader XAUUSD,H1: Failed modifying ETCUSD
0	18:42:36.753	trend_dtrader XAUUSD,H1: Failed modifying ETCUSD
0	18:42:37.753	trend_dtrader XAUUSD,H1: Failed modifying ETCUSD
0	18:42:38.753	trend_dtrader XAUUSD,H1: Failed modifying ETCUSD
0	18:42:39.753	trend_dtrader XAUUSD,H1: Failed modifying ETCUSD
0	18:42:40.752	trend_dtrader XAUUSD,H1: Failed modifying ETCUSD
0	18:42:41.752	trend_dtrader XAUUSD,H1: Failed modifying ETCUSD
0	18:42:42.752	trend_dtrader XAUUSD,H1: Failed modifying ETCUSD
0	18:42:43.751	trend_dtrader XAUUSD,H1: Failed modifying ETCUSD
0	18:42:44.752	trend_dtrader XAUUSD,H1: Failed modifying ETCUSD
0	18:42:45.752	trend_dtrader XAUUSD,H1: Failed modifying ETCUSD
0	18:42:46.753	trend_dtrader XAUUSD,H1: Failed modifying ETCUSD
0	18:42:47.753	trend_dtrader XAUUSD,H1: Failed modifying ETCUSD
0	18:42:48.759	trend_dtrader XAUUSD,H1: Failed modifying ETCUSD
0	18:42:49.757	trend_dtrader XAUUSD,H1: Failed modifying ETCUSD
0	18:42:50.756	trend_dtrader XAUUSD,H1: Failed modifying ETCUSD
0	18:42:51.758	trend_dtrader XAUUSD,H1: Failed modifying ETCUSD
0	18:42:52.754	trend_dtrader XAUUSD,H1: Failed modifying ETCUSD
0	18:42:53.758	trend_dtrader XAUUSD,H1: Failed modifying ETCUSD
0	18:42:54.758	trend_dtrader XAUUSD,H1: Failed modifying ETCUSD
0	18:42:55.759	trend_dtrader XAUUSD,H1: Failed modifying ETCUSD
0	18:42:56.790	trend_dtrader XAUUSD,H1: Failed modifying ETCUSD
0	18:42:57.758	trend_dtrader XAUUSD,H1: Failed modifying ETCUSD
0	18:42:58.752	trend_dtrader XAUUSD,H1: Failed modifying ETCUSD
0	18:42:59.757	trend_dtrader XAUUSD,H1: Failed modifying ETCUSD
0	18:43:00.753	trend_dtrader XAUUSD,H1: Failed modifying ETCUSD
0	18:43:01.763	trend_dtrader XAUUSD,H1: Failed modifying ETCUSD
0	18:43:02.765	trend_dtrader XAUUSD,H1: Failed modifying ETCUSD
0	18:43:03.755	trend_dtrader XAUUSD,H1: Failed modifying ETCUSD
0	18:43:04.777	trend_dtrader XAUUSD,H1: Failed modifying ETCUSD
0	18:43:05.753	trend_dtrader XAUUSD,H1: Failed modifying ETCUSD
0	18:43:06.757	trend_dtrader XAUUSD,H1: Failed modifying ETCUSD
0	18:43:07.753	trend_dtrader XAUUSD,H1: Failed modifying ETCUSD
0	18:43:08.756	trend_dtrader XAUUSD,H1: Failed modifying ETCUSD
0	18:43:09.756	trend_dtrader XAUUSD,H1: Failed modifying ETCUSD
0	18:43:10.753	trend_dtrader XAUUSD,H1: Failed modifying ETCUSD
0	18:43:11.756	trend_dtrader XAUUSD,H1: Failed modifying ETCUSD
0	18:43:12.755	trend_dtrader XAUUSD,H1: Failed modifying ETCUSD
0	18:43:13.751	trend_dtrader XAUUSD,H1: Failed modifying ETCUSD
0	18:43:14.754	trend_dtrader XAUUSD,H1: Failed modifying ETCUSD
0	18:43:15.756	trend_dtrader XAUUSD,H1: Failed modifying ETCUSD
0	18:43:16.755	trend_dtrader XAUUSD,H1: Failed modifying ETCUSD
0	18:43:17.754	trend_dtrader XAUUSD,H1: Failed modifying ETCUSD
0	18:43:18.756	trend_dtrader XAUUSD,H1: Failed modifying ETCUSD
0	18:43:19.754	trend_dtrader XAUUSD,H1: Failed modifying ETCUSD
0	18:43:20.754	trend_dtrader XAUUSD,H1: Failed modifying ETCUSD
0	18:43:21.753	trend_dtrader XAUUSD,H1: Failed modifying ETCUSD
0	18:43:22.754	trend_dtrader XAUUSD,H1: Failed modifying ETCUSD
0	18:43:23.756	trend_dtrader XAUUSD,H1: Failed modifying ETCUSD
0	18:43:24.754	trend_dtrader XAUUSD,H1: Failed modifying ETCUSD
0	18:43:25.754	trend_dtrader XAUUSD,H1: Failed modifying ETCUSD
0	18:43:26.753	trend_dtrader XAUUSD,H1: Failed modifying ETCUSD
0	18:43:27.753	trend_dtrader XAUUSD,H1: Failed modifying ETCUSD
0	18:43:28.753	trend_dtrader XAUUSD,H1: Failed modifying ETCUSD
0	18:43:29.754	trend_dtrader XAUUSD,H1: Failed modifying ETCUSD
0	18:43:30.751	trend_dtrader XAUUSD,H1: Failed modifying ETCUSD
0	18:43:31.753	trend_dtrader XAUUSD,H1: Failed modifying ETCUSD
0	18:43:32.752	trend_dtrader XAUUSD,H1: Failed modifying ETCUSD
0	18:43:33.754	trend_dtrader XAUUSD,H1: Failed modifying ETCUSD
0	18:43:34.752	trend_dtrader XAUUSD,H1: Failed modifying ETCUSD
0	18:43:35.753	trend_dtrader XAUUSD,H1: Failed modifying ETCUSD
0	18:43:36.751	trend_dtrader XAUUSD,H1: Failed modifying ETCUSD
0	18:43:37.751	trend_dtrader XAUUSD,H1: Failed modifying ETCUSD
0	18:43:38.758	trend_dtrader XAUUSD,H1: Failed modifying ETCUSD
0	18:43:39.759	trend_dtrader XAUUSD,H1: Failed modifying ETCUSD
0	18:43:40.758	trend_dtrader XAUUSD,H1: Failed modifying ETCUSD
0	18:43:41.754	trend_dtrader XAUUSD,H1: Failed modifying ETCUSD
0	18:43:42.754	trend_dtrader XAUUSD,H1: Failed modifying ETCUSD
0	18:43:43.759	trend_dtrader XAUUSD,H1: Failed modifying ETCUSD
0	18:43:44.755	trend_dtrader XAUUSD,H1: Failed modifying ETCUSD
0	18:43:45.758	trend_dtrader XAUUSD,H1: Failed modifying ETCUSD
0	18:43:46.768	trend_dtrader XAUUSD,H1: Failed modifying ETCUSD
0	18:43:47.753	trend_dtrader XAUUSD,H1: Failed modifying ETCUSD
0	18:43:48.758	trend_dtrader XAUUSD,H1: Failed modifying ETCUSD
0	18:43:49.755	trend_dtrader XAUUSD,H1: Failed modifying ETCUSD
0	18:43:52.753	trend_dtrader XAUUSD,H1: Failed modifying ETCUSD
0	18:45:08.755	trend_dtrader XAUUSD,H1: Failed modifying ETCUSD
0	18:45:09.754	trend_dtrader XAUUSD,H1: Failed modifying ETCUSD
0	18:45:55.752	trend_dtrader XAUUSD,H1: Failed modifying ETCUSD
0	18:45:56.756	trend_dtrader XAUUSD,H1: Failed modifying ETCUSD
0	18:45:57.755	trend_dtrader XAUUSD,H1: Failed modifying ETCUSD
0	18:45:58.752	trend_dtrader XAUUSD,H1: Failed modifying ETCUSD
0	18:45:59.754	trend_dtrader XAUUSD,H1: Failed modifying ETCUSD
0	18:46:00.752	trend_dtrader XAUUSD,H1: Failed modifying ETCUSD
0	18:46:02.752	trend_dtrader XAUUSD,H1: Failed modifying ETCUSD
0	18:46:03.756	trend_dtrader XAUUSD,H1: Failed modifying ETCUSD
0	18:46:05.754	trend_dtrader XAUUSD,H1: Failed modifying ETCUSD
0	18:48:31.752	trend_dtrader XAUUSD,H1: Failed modifying ETCUSD
0	18:48:32.754	trend_dtrader XAUUSD,H1: Failed modifying ETCUSD
0	18:48:33.751	trend_dtrader XAUUSD,H1: Failed modifying ETCUSD
0	18:48:34.757	trend_dtrader XAUUSD,H1: Failed modifying ETCUSD
0	18:48:35.753	trend_dtrader XAUUSD,H1: Failed modifying ETCUSD
0	18:48:36.756	trend_dtrader XAUUSD,H1: Failed modifying ETCUSD
0	18:48:37.756	trend_dtrader XAUUSD,H1: Failed modifying ETCUSD
0	18:48:38.752	trend_dtrader XAUUSD,H1: Failed modifying ETCUSD
0	18:48:39.756	trend_dtrader XAUUSD,H1: Failed modifying ETCUSD
0	18:48:40.755	trend_dtrader XAUUSD,H1: Failed modifying ETCUSD
0	18:48:41.753	trend_dtrader XAUUSD,H1: Failed modifying ETCUSD
0	18:48:42.755	trend_dtrader XAUUSD,H1: Failed modifying ETCUSD
0	18:48:43.752	trend_dtrader XAUUSD,H1: Failed modifying ETCUSD
0	18:48:44.756	trend_dtrader XAUUSD,H1: Failed modifying ETCUSD
0	18:48:45.756	trend_dtrader XAUUSD,H1: Failed modifying ETCUSD
0	18:48:46.752	trend_dtrader XAUUSD,H1: Failed modifying ETCUSD
0	18:48:47.756	trend_dtrader XAUUSD,H1: Failed modifying ETCUSD
0	18:48:48.754	trend_dtrader XAUUSD,H1: Failed modifying ETCUSD
0	18:48:52.755	trend_dtrader XAUUSD,H1: Failed modifying ETCUSD
0	18:58:02.754	trend_dtrader XAUUSD,H1: Failed modifying ETCUSD
0	18:58:03.755	trend_dtrader XAUUSD,H1: Failed modifying ETCUSD
0	19:00:09.757	trend_dtrader XAUUSD,H1: Failed modifying ETCUSD
0	19:00:10.753	trend_dtrader XAUUSD,H1: Failed modifying ETCUSD
0	19:00:13.756	trend_dtrader XAUUSD,H1: Failed modifying ETCUSD
0	19:00:14.758	trend_dtrader XAUUSD,H1: Failed modifying ETCUSD
