0	08:28:46.133	Compiling '._breakeven'
0	08:28:46.133	Compiling '._Dbot_trader'
0	08:28:46.134	Compiling 'MSP'
0	08:28:47.480	Compiling 'adx_v4'
0	08:28:49.675	Expert trend_dtrader GBPUSD,H1: loaded successfully
0	08:28:49.676	trend_dtrader GBPUSD,H1 inputs: mdesc=DBot FX; lot_size=0.3; max_trade=1000000; 
0	08:28:51.883	Expert trend_dtrader GBPUSD,H1: removed
0	08:28:54.851	Compiling '._breakeven'
0	08:28:54.851	Compiling '._Dbot_trader'
0	08:28:54.851	Compiling 'MACD Sample'
0	08:28:54.851	Compiling 'Moving Average'
0	08:28:54.852	Compiling 'MSP'
0	08:28:56.797	Compiling 'Accelerator'
0	08:28:56.797	Compiling 'Accumulation'
0	08:28:56.797	Compiling 'adx_v4'
0	08:28:56.797	Compiling 'Alligator'
0	08:28:56.797	Compiling 'ATR'
0	08:28:56.797	Compiling 'Awesome'
0	08:28:56.797	Compiling 'Bands'
0	08:28:56.797	Compiling 'Bears'
0	08:28:56.797	Compiling 'Bulls'
0	08:28:56.797	Compiling 'CCI'
0	08:28:56.797	Compiling 'Custom Moving Averages'
0	08:28:56.797	Compiling 'Heiken Ashi'
0	08:28:56.798	Compiling 'Ichimoku'
0	08:28:56.798	Compiling 'iExposure'
0	08:28:56.798	Compiling 'MACD'
0	08:28:56.798	Compiling 'Momentum'
0	08:28:56.798	Compiling 'OsMA'
0	08:28:56.798	Compiling 'Parabolic'
0	08:28:56.798	Compiling 'RSI'
0	08:28:56.798	Compiling 'Stochastic'
0	08:28:56.798	Compiling 'ZigZag'
0	08:28:56.799	Compiling 'SimplePanel'
0	08:29:02.325	Compiling 'PeriodConverter'
0	08:29:02.326	Compiling 'DLLSampleTester'
0	08:29:02.327	Compiling 'PipeClient'
0	08:29:02.327	Compiling 'PipeClientPure'
0	08:29:05.065	Compiling 'stdlib'
0	08:30:25.593	Expert trend_dtrader GBPUSD,H1: loaded successfully
0	08:30:37.138	trend_dtrader GBPUSD,H1 inputs: mdesc=DBot FX; lot_size=0.3; max_trade=100000000; 
0	08:30:37.199	trend_dtrader GBPUSD,H1: AAVEUSD
0	08:30:37.199	trend_dtrader GBPUSD,H1: ADAUSD
0	08:30:37.199	trend_dtrader GBPUSD,H1: ALGOUSD
0	08:30:37.199	trend_dtrader GBPUSD,H1: APTUSD
0	08:30:37.199	trend_dtrader GBPUSD,H1: ARBUSD
0	08:30:37.199	trend_dtrader GBPUSD,H1: ATOMUSD
0	08:30:37.199	trend_dtrader GBPUSD,H1: AUDUSD
0	08:30:37.199	trend_dtrader GBPUSD,H1: AVAXUSD
0	08:30:37.199	trend_dtrader GBPUSD,H1: AXSUSD
0	08:30:37.199	trend_dtrader GBPUSD,H1: BCHUSD
0	08:30:37.199	trend_dtrader GBPUSD,H1: BNBUSD
0	08:30:37.199	trend_dtrader GBPUSD,H1: BTCUSD
0	08:30:37.199	trend_dtrader GBPUSD,H1: DASHUSD
0	08:30:37.199	trend_dtrader GBPUSD,H1: DOGEUSD
0	08:30:37.199	trend_dtrader GBPUSD,H1: DOTUSD
0	08:30:37.199	trend_dtrader GBPUSD,H1: ETCUSD
0	08:30:37.199	trend_dtrader GBPUSD,H1: ETHUSD
0	08:30:37.199	trend_dtrader GBPUSD,H1: EURUSD
0	08:30:37.199	trend_dtrader GBPUSD,H1: FETUSD
0	08:30:37.199	trend_dtrader GBPUSD,H1: FILUSD
0	08:30:37.199	trend_dtrader GBPUSD,H1: FTMUSD
0	08:30:37.199	trend_dtrader GBPUSD,H1: GBPUSD
0	08:30:37.199	trend_dtrader GBPUSD,H1: GRTUSD
0	08:30:37.199	trend_dtrader GBPUSD,H1: ICPUSD
0	08:30:37.199	trend_dtrader GBPUSD,H1: IOTAUSD
0	08:30:37.199	trend_dtrader GBPUSD,H1: LINKUSD
0	08:30:37.199	trend_dtrader GBPUSD,H1: LRCUSD
0	08:30:37.199	trend_dtrader GBPUSD,H1: LTCUSD
0	08:30:37.199	trend_dtrader GBPUSD,H1: MANAUSD
0	08:30:37.199	trend_dtrader GBPUSD,H1: MATICUSD
0	08:30:37.199	trend_dtrader GBPUSD,H1: NEARUSD
0	08:30:37.199	trend_dtrader GBPUSD,H1: NZDUSD
0	08:30:37.199	trend_dtrader GBPUSD,H1: SOLUSD
0	08:30:37.199	trend_dtrader GBPUSD,H1: SUIUSD
0	08:30:37.199	trend_dtrader GBPUSD,H1: TRXUSD
0	08:30:37.199	trend_dtrader GBPUSD,H1: UNIUSD
0	08:30:37.199	trend_dtrader GBPUSD,H1: USDCAD
0	08:30:37.199	trend_dtrader GBPUSD,H1: USDCHF
0	08:30:37.199	trend_dtrader GBPUSD,H1: USDJPY
0	08:30:37.199	trend_dtrader GBPUSD,H1: USDMXN
0	08:30:37.199	trend_dtrader GBPUSD,H1: USDZAR
0	08:30:37.199	trend_dtrader GBPUSD,H1: XAGUSD
0	08:30:37.199	trend_dtrader GBPUSD,H1: XAUUSD
0	08:30:37.199	trend_dtrader GBPUSD,H1: XBRUSD
0	08:30:37.199	trend_dtrader GBPUSD,H1: XNGUSD
0	08:30:37.199	trend_dtrader GBPUSD,H1: XRPUSD
0	08:30:37.199	trend_dtrader GBPUSD,H1: XTIUSD
0	08:30:37.199	trend_dtrader GBPUSD,H1: ZECUSD
0	08:30:37.199	trend_dtrader GBPUSD,H1: 48
0	08:30:37.199	trend_dtrader GBPUSD,H1: initialized
0	08:55:24.126	trend_dtrader GBPUSD,H1: Alert: Please check your internet connection
0	08:55:25.126	trend_dtrader GBPUSD,H1: Alert: Please check your internet connection
0	08:55:26.126	trend_dtrader GBPUSD,H1: Alert: Please check your internet connection
0	08:55:27.126	trend_dtrader GBPUSD,H1: Alert: Please check your internet connection
0	08:55:28.127	trend_dtrader GBPUSD,H1: Alert: Please check your internet connection
0	09:12:56.079	trend_dtrader GBPUSD,H1: Alert: Please check your internet connection
0	09:12:57.069	trend_dtrader GBPUSD,H1: Alert: Please check your internet connection
0	09:12:58.069	trend_dtrader GBPUSD,H1: Alert: Please check your internet connection
0	09:12:59.070	trend_dtrader GBPUSD,H1: Alert: Please check your internet connection
0	09:13:00.069	trend_dtrader GBPUSD,H1: Alert: Please check your internet connection
0	09:13:01.068	trend_dtrader GBPUSD,H1: Alert: Please check your internet connection
0	09:30:05.036	trend_dtrader GBPUSD,H1: Alert: Please check your internet connection
0	09:30:06.013	trend_dtrader GBPUSD,H1: Alert: Please check your internet connection
0	09:30:07.014	trend_dtrader GBPUSD,H1: Alert: Please check your internet connection
0	09:30:08.015	trend_dtrader GBPUSD,H1: Alert: Please check your internet connection
0	09:30:09.014	trend_dtrader GBPUSD,H1: Alert: Please check your internet connection
0	09:30:10.015	trend_dtrader GBPUSD,H1: Alert: Please check your internet connection
0	09:46:40.979	trend_dtrader GBPUSD,H1: Alert: Please check your internet connection
0	09:46:41.960	trend_dtrader GBPUSD,H1: Alert: Please check your internet connection
0	09:46:42.961	trend_dtrader GBPUSD,H1: Alert: Please check your internet connection
0	09:46:43.961	trend_dtrader GBPUSD,H1: Alert: Please check your internet connection
0	09:46:44.960	trend_dtrader GBPUSD,H1: Alert: Please check your internet connection
0	09:46:45.961	trend_dtrader GBPUSD,H1: Alert: Please check your internet connection
0	10:02:47.916	trend_dtrader GBPUSD,H1: Alert: Please check your internet connection
0	10:02:48.908	trend_dtrader GBPUSD,H1: Alert: Please check your internet connection
0	10:02:49.908	trend_dtrader GBPUSD,H1: Alert: Please check your internet connection
0	10:02:50.908	trend_dtrader GBPUSD,H1: Alert: Please check your internet connection
0	10:02:51.907	trend_dtrader GBPUSD,H1: Alert: Please check your internet connection
0	10:02:52.909	trend_dtrader GBPUSD,H1: Alert: Please check your internet connection
0	10:20:02.870	trend_dtrader GBPUSD,H1: Alert: Please check your internet connection
0	10:20:03.854	trend_dtrader GBPUSD,H1: Alert: Please check your internet connection
0	10:20:04.853	trend_dtrader GBPUSD,H1: Alert: Please check your internet connection
0	10:20:05.853	trend_dtrader GBPUSD,H1: Alert: Please check your internet connection
0	10:20:06.853	trend_dtrader GBPUSD,H1: Alert: Please check your internet connection
0	10:20:07.853	trend_dtrader GBPUSD,H1: Alert: Please check your internet connection
0	10:38:03.839	trend_dtrader GBPUSD,H1: Alert: Please check your internet connection
0	10:38:04.794	trend_dtrader GBPUSD,H1: Alert: Please check your internet connection
0	10:38:05.796	trend_dtrader GBPUSD,H1: Alert: Please check your internet connection
0	10:38:06.795	trend_dtrader GBPUSD,H1: Alert: Please check your internet connection
0	10:38:07.794	trend_dtrader GBPUSD,H1: Alert: Please check your internet connection
0	10:38:08.794	trend_dtrader GBPUSD,H1: Alert: Please check your internet connection
0	10:54:06.751	trend_dtrader GBPUSD,H1: Alert: Please check your internet connection
0	10:54:07.744	trend_dtrader GBPUSD,H1: Alert: Please check your internet connection
0	10:54:08.743	trend_dtrader GBPUSD,H1: Alert: Please check your internet connection
0	10:54:09.742	trend_dtrader GBPUSD,H1: Alert: Please check your internet connection
0	10:54:10.741	trend_dtrader GBPUSD,H1: Alert: Please check your internet connection
0	10:54:11.743	trend_dtrader GBPUSD,H1: Alert: Please check your internet connection
0	11:09:15.698	trend_dtrader GBPUSD,H1: Alert: Please check your internet connection
0	11:09:16.694	trend_dtrader GBPUSD,H1: Alert: Please check your internet connection
0	11:09:17.693	trend_dtrader GBPUSD,H1: Alert: Please check your internet connection
0	11:09:18.693	trend_dtrader GBPUSD,H1: Alert: Please check your internet connection
0	11:09:19.692	trend_dtrader GBPUSD,H1: Alert: Please check your internet connection
0	11:09:20.694	trend_dtrader GBPUSD,H1: Alert: Please check your internet connection
0	11:25:46.667	trend_dtrader GBPUSD,H1: Alert: Please check your internet connection
0	11:25:47.640	trend_dtrader GBPUSD,H1: Alert: Please check your internet connection
0	11:25:48.639	trend_dtrader GBPUSD,H1: Alert: Please check your internet connection
0	11:25:49.640	trend_dtrader GBPUSD,H1: Alert: Please check your internet connection
0	11:25:50.640	trend_dtrader GBPUSD,H1: Alert: Please check your internet connection
0	11:25:51.640	trend_dtrader GBPUSD,H1: Alert: Please check your internet connection
0	11:39:03.611	trend_dtrader GBPUSD,H1: Alert: Please check your internet connection
0	11:39:04.596	trend_dtrader GBPUSD,H1: Alert: Please check your internet connection
0	11:39:05.600	trend_dtrader GBPUSD,H1: Alert: Please check your internet connection
0	11:39:06.598	trend_dtrader GBPUSD,H1: Alert: Please check your internet connection
0	11:39:07.598	trend_dtrader GBPUSD,H1: Alert: Please check your internet connection
0	11:39:08.597	trend_dtrader GBPUSD,H1: Alert: Please check your internet connection
0	11:39:09.597	trend_dtrader GBPUSD,H1: Alert: Please check your internet connection
0	11:39:10.597	trend_dtrader GBPUSD,H1: Alert: Please check your internet connection
0	11:56:17.534	trend_dtrader GBPUSD,H1: Alert: Please check your internet connection
0	11:56:17.550	trend_dtrader GBPUSD,H1: Alert: Please check your internet connection
0	11:56:18.541	trend_dtrader GBPUSD,H1: Alert: Please check your internet connection
0	11:56:19.542	trend_dtrader GBPUSD,H1: Alert: Please check your internet connection
0	11:56:20.541	trend_dtrader GBPUSD,H1: Alert: Please check your internet connection
0	11:56:21.542	trend_dtrader GBPUSD,H1: Alert: Please check your internet connection
0	11:56:22.541	trend_dtrader GBPUSD,H1: Alert: Please check your internet connection
0	12:00:06.689	trend_dtrader GBPUSD,H1: Alert: Please check your internet connection
0	12:00:07.528	trend_dtrader GBPUSD,H1: Alert: Please check your internet connection
0	12:00:08.529	trend_dtrader GBPUSD,H1: Alert: Please check your internet connection
0	12:00:09.528	trend_dtrader GBPUSD,H1: Alert: Please check your internet connection
0	12:00:10.527	trend_dtrader GBPUSD,H1: Alert: Please check your internet connection
0	12:00:11.531	trend_dtrader GBPUSD,H1: Alert: Please check your internet connection
0	12:00:12.530	trend_dtrader GBPUSD,H1: Alert: Please check your internet connection
0	12:00:13.529	trend_dtrader GBPUSD,H1: Alert: Please check your internet connection
0	12:00:14.528	trend_dtrader GBPUSD,H1: Alert: Please check your internet connection
0	12:00:15.528	trend_dtrader GBPUSD,H1: Alert: Please check your internet connection
0	12:00:16.528	trend_dtrader GBPUSD,H1: Alert: Please check your internet connection
0	12:00:17.530	trend_dtrader GBPUSD,H1: Alert: Please check your internet connection
0	12:00:18.527	trend_dtrader GBPUSD,H1: Alert: Please check your internet connection
0	12:00:19.528	trend_dtrader GBPUSD,H1: Alert: Please check your internet connection
0	12:00:20.527	trend_dtrader GBPUSD,H1: Alert: Please check your internet connection
0	12:00:21.528	trend_dtrader GBPUSD,H1: Alert: Please check your internet connection
0	12:00:22.531	trend_dtrader GBPUSD,H1: Alert: Please check your internet connection
0	12:00:23.528	trend_dtrader GBPUSD,H1: Alert: Please check your internet connection
0	12:00:24.528	trend_dtrader GBPUSD,H1: Alert: Please check your internet connection
0	12:00:25.528	trend_dtrader GBPUSD,H1: Alert: Please check your internet connection
0	12:00:26.528	trend_dtrader GBPUSD,H1: Alert: Please check your internet connection
0	12:00:27.528	trend_dtrader GBPUSD,H1: Alert: Please check your internet connection
0	12:00:28.528	trend_dtrader GBPUSD,H1: Alert: Please check your internet connection
0	12:00:29.528	trend_dtrader GBPUSD,H1: Alert: Please check your internet connection
0	12:00:30.528	trend_dtrader GBPUSD,H1: Alert: Please check your internet connection
0	12:00:31.527	trend_dtrader GBPUSD,H1: Alert: Please check your internet connection
0	12:00:32.527	trend_dtrader GBPUSD,H1: Alert: Please check your internet connection
0	12:00:33.527	trend_dtrader GBPUSD,H1: Alert: Please check your internet connection
0	12:00:34.527	trend_dtrader GBPUSD,H1: Alert: Please check your internet connection
0	12:00:35.527	trend_dtrader GBPUSD,H1: Alert: Please check your internet connection
0	12:00:36.527	trend_dtrader GBPUSD,H1: Alert: Please check your internet connection
0	12:00:37.527	trend_dtrader GBPUSD,H1: Alert: Please check your internet connection
0	12:00:38.538	trend_dtrader GBPUSD,H1: Alert: Please check your internet connection
0	12:00:44.527	trend_dtrader GBPUSD,H1: Alert: Please check your internet connection
2	12:01:15.205	trend_dtrader GBPUSD,H1: open #477705795 buy 0.30 TRXUSD at 0.12517 sl: 0.11956 tp: 0.12637 ok
0	12:01:15.205	trend_dtrader GBPUSD,H1: Alert: TRXUSD Ordered Successfully
0	12:01:25.401	trend_dtrader GBPUSD,H1: Alert: Failed XNGUSD
0	12:02:08.038	trend_dtrader GBPUSD,H1: Alert: Failed USDZAR
2	12:15:49.194	trend_dtrader GBPUSD,H1: open #477705870 buy 0.30 ETCUSD at 23.511 sl: 22.290 tp: 25.776 ok
0	12:15:49.194	trend_dtrader GBPUSD,H1: Alert: ETCUSD Ordered Successfully
0	12:46:33.541	trend_dtrader GBPUSD,H1: uninit reason 2
0	12:46:33.541	trend_dtrader GBPUSD,H1: Alert: 2
0	12:46:33.842	Expert trend_dtrader GBPUSD,H1: removed
0	12:46:33.866	Expert trend_dtrader GBPUSD,H1: loaded successfully
0	12:46:33.897	trend_dtrader GBPUSD,H1: AAVEUSD
0	12:46:33.897	trend_dtrader GBPUSD,H1: ADAUSD
0	12:46:33.897	trend_dtrader GBPUSD,H1: ALGOUSD
0	12:46:33.897	trend_dtrader GBPUSD,H1: APTUSD
0	12:46:33.897	trend_dtrader GBPUSD,H1: ARBUSD
0	12:46:33.897	trend_dtrader GBPUSD,H1: ATOMUSD
0	12:46:33.897	trend_dtrader GBPUSD,H1: AUDUSD
0	12:46:33.897	trend_dtrader GBPUSD,H1: AVAXUSD
0	12:46:33.897	trend_dtrader GBPUSD,H1: AXSUSD
0	12:46:33.897	trend_dtrader GBPUSD,H1: BCHUSD
0	12:46:33.897	trend_dtrader GBPUSD,H1: BNBUSD
0	12:46:33.897	trend_dtrader GBPUSD,H1: BTCUSD
0	12:46:33.897	trend_dtrader GBPUSD,H1: DASHUSD
0	12:46:33.897	trend_dtrader GBPUSD,H1: DOGEUSD
0	12:46:33.897	trend_dtrader GBPUSD,H1: DOTUSD
0	12:46:33.897	trend_dtrader GBPUSD,H1: ETCUSD
0	12:46:33.897	trend_dtrader GBPUSD,H1: ETHUSD
0	12:46:33.897	trend_dtrader GBPUSD,H1: EURUSD
0	12:46:33.897	trend_dtrader GBPUSD,H1: FETUSD
0	12:46:33.897	trend_dtrader GBPUSD,H1: FILUSD
0	12:46:33.897	trend_dtrader GBPUSD,H1: FTMUSD
0	12:46:33.897	trend_dtrader GBPUSD,H1: GBPUSD
0	12:46:33.897	trend_dtrader GBPUSD,H1: GRTUSD
0	12:46:33.897	trend_dtrader GBPUSD,H1: ICPUSD
0	12:46:33.897	trend_dtrader GBPUSD,H1: IOTAUSD
0	12:46:33.897	trend_dtrader GBPUSD,H1: LINKUSD
0	12:46:33.897	trend_dtrader GBPUSD,H1: LRCUSD
0	12:46:33.897	trend_dtrader GBPUSD,H1: LTCUSD
0	12:46:33.897	trend_dtrader GBPUSD,H1: MANAUSD
0	12:46:33.897	trend_dtrader GBPUSD,H1: MATICUSD
0	12:46:33.897	trend_dtrader GBPUSD,H1: NEARUSD
0	12:46:33.897	trend_dtrader GBPUSD,H1: NZDUSD
0	12:46:33.897	trend_dtrader GBPUSD,H1: SOLUSD
0	12:46:33.897	trend_dtrader GBPUSD,H1: SUIUSD
0	12:46:33.897	trend_dtrader GBPUSD,H1: TRXUSD
0	12:46:33.897	trend_dtrader GBPUSD,H1: UNIUSD
0	12:46:33.897	trend_dtrader GBPUSD,H1: USDCAD
0	12:46:33.897	trend_dtrader GBPUSD,H1: USDCHF
0	12:46:33.897	trend_dtrader GBPUSD,H1: USDJPY
0	12:46:33.897	trend_dtrader GBPUSD,H1: USDMXN
0	12:46:33.897	trend_dtrader GBPUSD,H1: USDZAR
0	12:46:33.897	trend_dtrader GBPUSD,H1: XAGUSD
0	12:46:33.897	trend_dtrader GBPUSD,H1: XAUUSD
0	12:46:33.897	trend_dtrader GBPUSD,H1: XBRUSD
0	12:46:33.897	trend_dtrader GBPUSD,H1: XNGUSD
0	12:46:33.897	trend_dtrader GBPUSD,H1: XRPUSD
0	12:46:33.897	trend_dtrader GBPUSD,H1: XTIUSD
0	12:46:33.897	trend_dtrader GBPUSD,H1: ZECUSD
0	12:46:33.897	trend_dtrader GBPUSD,H1: 48
0	12:46:33.897	trend_dtrader GBPUSD,H1: initialized
0	13:19:35.954	trend_dtrader GBPUSD,H1: Alert: Please check your internet connection
0	13:19:36.953	trend_dtrader GBPUSD,H1: Alert: Please check your internet connection
0	13:19:37.954	trend_dtrader GBPUSD,H1: Alert: Please check your internet connection
0	13:19:38.953	trend_dtrader GBPUSD,H1: Alert: Please check your internet connection
0	13:19:39.953	trend_dtrader GBPUSD,H1: Alert: Please check your internet connection
0	13:19:40.958	trend_dtrader GBPUSD,H1: Alert: Please check your internet connection
0	13:19:41.954	trend_dtrader GBPUSD,H1: Alert: Please check your internet connection
0	13:19:42.954	trend_dtrader GBPUSD,H1: Alert: Please check your internet connection
0	13:19:43.954	trend_dtrader GBPUSD,H1: Alert: Please check your internet connection
0	13:19:44.954	trend_dtrader GBPUSD,H1: Alert: Please check your internet connection
0	13:19:45.953	trend_dtrader GBPUSD,H1: Alert: Please check your internet connection
0	13:19:46.954	trend_dtrader GBPUSD,H1: Alert: Please check your internet connection
0	13:19:47.954	trend_dtrader GBPUSD,H1: Alert: Please check your internet connection
0	13:19:48.953	trend_dtrader GBPUSD,H1: Alert: Please check your internet connection
0	13:19:49.953	trend_dtrader GBPUSD,H1: Alert: Please check your internet connection
0	13:19:50.953	trend_dtrader GBPUSD,H1: Alert: Please check your internet connection
0	13:19:51.954	trend_dtrader GBPUSD,H1: Alert: Please check your internet connection
0	13:19:52.954	trend_dtrader GBPUSD,H1: Alert: Please check your internet connection
0	13:19:53.953	trend_dtrader GBPUSD,H1: Alert: Please check your internet connection
0	13:19:54.953	trend_dtrader GBPUSD,H1: Alert: Please check your internet connection
0	13:19:55.953	trend_dtrader GBPUSD,H1: Alert: Please check your internet connection
0	13:19:56.953	trend_dtrader GBPUSD,H1: Alert: Please check your internet connection
0	13:19:57.953	trend_dtrader GBPUSD,H1: Alert: Please check your internet connection
0	13:19:58.953	trend_dtrader GBPUSD,H1: Alert: Please check your internet connection
0	13:19:59.952	trend_dtrader GBPUSD,H1: Alert: Please check your internet connection
0	13:20:00.953	trend_dtrader GBPUSD,H1: Alert: Please check your internet connection
0	13:20:01.953	trend_dtrader GBPUSD,H1: Alert: Please check your internet connection
0	13:20:02.953	trend_dtrader GBPUSD,H1: Alert: Please check your internet connection
0	13:20:03.953	trend_dtrader GBPUSD,H1: Alert: Please check your internet connection
0	13:20:04.952	trend_dtrader GBPUSD,H1: Alert: Please check your internet connection
0	13:20:05.953	trend_dtrader GBPUSD,H1: Alert: Please check your internet connection
0	13:20:06.953	trend_dtrader GBPUSD,H1: Alert: Please check your internet connection
0	13:20:07.952	trend_dtrader GBPUSD,H1: Alert: Please check your internet connection
0	13:20:08.952	trend_dtrader GBPUSD,H1: Alert: Please check your internet connection
0	13:20:09.952	trend_dtrader GBPUSD,H1: Alert: Please check your internet connection
0	13:20:10.952	trend_dtrader GBPUSD,H1: Alert: Please check your internet connection
0	13:20:11.952	trend_dtrader GBPUSD,H1: Alert: Please check your internet connection
0	13:20:12.952	trend_dtrader GBPUSD,H1: Alert: Please check your internet connection
0	13:20:13.952	trend_dtrader GBPUSD,H1: Alert: Please check your internet connection
0	13:20:14.952	trend_dtrader GBPUSD,H1: Alert: Please check your internet connection
0	13:20:15.952	trend_dtrader GBPUSD,H1: Alert: Please check your internet connection
0	13:20:16.954	trend_dtrader GBPUSD,H1: Alert: Please check your internet connection
0	13:20:17.953	trend_dtrader GBPUSD,H1: Alert: Please check your internet connection
0	13:20:18.952	trend_dtrader GBPUSD,H1: Alert: Please check your internet connection
0	13:20:19.953	trend_dtrader GBPUSD,H1: Alert: Please check your internet connection
0	13:20:20.953	trend_dtrader GBPUSD,H1: Alert: Please check your internet connection
0	13:20:21.952	trend_dtrader GBPUSD,H1: Alert: Please check your internet connection
0	13:20:22.953	trend_dtrader GBPUSD,H1: Alert: Please check your internet connection
0	13:20:23.953	trend_dtrader GBPUSD,H1: Alert: Please check your internet connection
0	13:20:24.954	trend_dtrader GBPUSD,H1: Alert: Please check your internet connection
0	13:20:25.953	trend_dtrader GBPUSD,H1: Alert: Please check your internet connection
0	13:20:26.953	trend_dtrader GBPUSD,H1: Alert: Please check your internet connection
0	13:20:27.953	trend_dtrader GBPUSD,H1: Alert: Please check your internet connection
0	13:20:28.952	trend_dtrader GBPUSD,H1: Alert: Please check your internet connection
0	13:20:29.952	trend_dtrader GBPUSD,H1: Alert: Please check your internet connection
0	13:20:30.953	trend_dtrader GBPUSD,H1: Alert: Please check your internet connection
0	13:20:31.952	trend_dtrader GBPUSD,H1: Alert: Please check your internet connection
0	13:20:32.953	trend_dtrader GBPUSD,H1: Alert: Please check your internet connection
0	13:20:33.952	trend_dtrader GBPUSD,H1: Alert: Please check your internet connection
0	13:20:34.952	trend_dtrader GBPUSD,H1: Alert: Please check your internet connection
0	13:20:35.953	trend_dtrader GBPUSD,H1: Alert: Please check your internet connection
0	13:20:36.953	trend_dtrader GBPUSD,H1: Alert: Please check your internet connection
0	13:20:37.951	trend_dtrader GBPUSD,H1: Alert: Please check your internet connection
0	13:20:38.952	trend_dtrader GBPUSD,H1: Alert: Please check your internet connection
0	13:20:39.953	trend_dtrader GBPUSD,H1: Alert: Please check your internet connection
0	13:20:40.952	trend_dtrader GBPUSD,H1: Alert: Please check your internet connection
0	13:20:41.951	trend_dtrader GBPUSD,H1: Alert: Please check your internet connection
0	13:20:42.952	trend_dtrader GBPUSD,H1: Alert: Please check your internet connection
0	13:20:43.952	trend_dtrader GBPUSD,H1: Alert: Please check your internet connection
0	13:20:44.953	trend_dtrader GBPUSD,H1: Alert: Please check your internet connection
0	13:20:45.952	trend_dtrader GBPUSD,H1: Alert: Please check your internet connection
0	13:20:46.953	trend_dtrader GBPUSD,H1: Alert: Please check your internet connection
0	13:20:47.953	trend_dtrader GBPUSD,H1: Alert: Please check your internet connection
0	13:20:48.953	trend_dtrader GBPUSD,H1: Alert: Please check your internet connection
0	13:20:49.952	trend_dtrader GBPUSD,H1: Alert: Please check your internet connection
0	13:20:50.953	trend_dtrader GBPUSD,H1: Alert: Please check your internet connection
0	13:20:51.952	trend_dtrader GBPUSD,H1: Alert: Please check your internet connection
0	13:20:52.953	trend_dtrader GBPUSD,H1: Alert: Please check your internet connection
0	13:20:53.952	trend_dtrader GBPUSD,H1: Alert: Please check your internet connection
0	13:20:54.953	trend_dtrader GBPUSD,H1: Alert: Please check your internet connection
0	13:20:55.953	trend_dtrader GBPUSD,H1: Alert: Please check your internet connection
0	13:20:56.952	trend_dtrader GBPUSD,H1: Alert: Please check your internet connection
0	13:20:57.952	trend_dtrader GBPUSD,H1: Alert: Please check your internet connection
0	13:20:58.952	trend_dtrader GBPUSD,H1: Alert: Please check your internet connection
0	13:20:59.953	trend_dtrader GBPUSD,H1: Alert: Please check your internet connection
0	13:21:00.952	trend_dtrader GBPUSD,H1: Alert: Please check your internet connection
0	13:21:01.951	trend_dtrader GBPUSD,H1: Alert: Please check your internet connection
0	13:21:02.952	trend_dtrader GBPUSD,H1: Alert: Please check your internet connection
0	13:21:03.951	trend_dtrader GBPUSD,H1: Alert: Please check your internet connection
0	13:21:04.953	trend_dtrader GBPUSD,H1: Alert: Please check your internet connection
0	13:21:05.952	trend_dtrader GBPUSD,H1: Alert: Please check your internet connection
0	13:21:06.951	trend_dtrader GBPUSD,H1: Alert: Please check your internet connection
0	13:21:07.953	trend_dtrader GBPUSD,H1: Alert: Please check your internet connection
0	13:21:08.952	trend_dtrader GBPUSD,H1: Alert: Please check your internet connection
0	13:21:09.951	trend_dtrader GBPUSD,H1: Alert: Please check your internet connection
0	13:21:10.952	trend_dtrader GBPUSD,H1: Alert: Please check your internet connection
0	13:21:11.952	trend_dtrader GBPUSD,H1: Alert: Please check your internet connection
0	13:21:12.952	trend_dtrader GBPUSD,H1: Alert: Please check your internet connection
0	13:21:13.952	trend_dtrader GBPUSD,H1: Alert: Please check your internet connection
0	13:21:14.952	trend_dtrader GBPUSD,H1: Alert: Please check your internet connection
0	13:21:15.952	trend_dtrader GBPUSD,H1: Alert: Please check your internet connection
0	13:21:16.950	trend_dtrader GBPUSD,H1: Alert: Please check your internet connection
0	13:21:17.951	trend_dtrader GBPUSD,H1: Alert: Please check your internet connection
0	13:21:18.952	trend_dtrader GBPUSD,H1: Alert: Please check your internet connection
0	13:21:19.952	trend_dtrader GBPUSD,H1: Alert: Please check your internet connection
0	13:21:20.951	trend_dtrader GBPUSD,H1: Alert: Please check your internet connection
0	13:21:21.952	trend_dtrader GBPUSD,H1: Alert: Please check your internet connection
0	13:21:22.951	trend_dtrader GBPUSD,H1: Alert: Please check your internet connection
0	13:21:23.951	trend_dtrader GBPUSD,H1: Alert: Please check your internet connection
0	13:21:24.952	trend_dtrader GBPUSD,H1: Alert: Please check your internet connection
0	13:21:25.952	trend_dtrader GBPUSD,H1: Alert: Please check your internet connection
0	13:21:26.951	trend_dtrader GBPUSD,H1: Alert: Please check your internet connection
0	13:21:27.951	trend_dtrader GBPUSD,H1: Alert: Please check your internet connection
0	13:21:28.950	trend_dtrader GBPUSD,H1: Alert: Please check your internet connection
0	13:21:29.952	trend_dtrader GBPUSD,H1: Alert: Please check your internet connection
0	13:21:30.950	trend_dtrader GBPUSD,H1: Alert: Please check your internet connection
0	13:21:31.950	trend_dtrader GBPUSD,H1: Alert: Please check your internet connection
0	13:21:32.950	trend_dtrader GBPUSD,H1: Alert: Please check your internet connection
0	13:21:33.950	trend_dtrader GBPUSD,H1: Alert: Please check your internet connection
0	13:21:34.950	trend_dtrader GBPUSD,H1: Alert: Please check your internet connection
0	13:21:35.951	trend_dtrader GBPUSD,H1: Alert: Please check your internet connection
0	13:21:36.951	trend_dtrader GBPUSD,H1: Alert: Please check your internet connection
0	13:21:37.951	trend_dtrader GBPUSD,H1: Alert: Please check your internet connection
0	13:21:38.950	trend_dtrader GBPUSD,H1: Alert: Please check your internet connection
0	13:21:39.950	trend_dtrader GBPUSD,H1: Alert: Please check your internet connection
0	13:21:40.951	trend_dtrader GBPUSD,H1: Alert: Please check your internet connection
0	13:21:41.951	trend_dtrader GBPUSD,H1: Alert: Please check your internet connection
0	13:21:42.951	trend_dtrader GBPUSD,H1: Alert: Please check your internet connection
0	13:21:43.951	trend_dtrader GBPUSD,H1: Alert: Please check your internet connection
0	13:21:44.950	trend_dtrader GBPUSD,H1: Alert: Please check your internet connection
0	13:21:45.950	trend_dtrader GBPUSD,H1: Alert: Please check your internet connection
0	13:21:46.951	trend_dtrader GBPUSD,H1: Alert: Please check your internet connection
0	13:21:47.951	trend_dtrader GBPUSD,H1: Alert: Please check your internet connection
0	13:21:48.950	trend_dtrader GBPUSD,H1: Alert: Please check your internet connection
0	13:21:49.950	trend_dtrader GBPUSD,H1: Alert: Please check your internet connection
0	13:21:50.950	trend_dtrader GBPUSD,H1: Alert: Please check your internet connection
0	13:21:51.951	trend_dtrader GBPUSD,H1: Alert: Please check your internet connection
0	13:21:52.950	trend_dtrader GBPUSD,H1: Alert: Please check your internet connection
0	13:21:53.950	trend_dtrader GBPUSD,H1: Alert: Please check your internet connection
0	13:21:54.949	trend_dtrader GBPUSD,H1: Alert: Please check your internet connection
0	13:21:55.950	trend_dtrader GBPUSD,H1: Alert: Please check your internet connection
0	13:21:56.951	trend_dtrader GBPUSD,H1: Alert: Please check your internet connection
0	13:21:57.950	trend_dtrader GBPUSD,H1: Alert: Please check your internet connection
0	13:21:58.949	trend_dtrader GBPUSD,H1: Alert: Please check your internet connection
0	13:21:59.965	trend_dtrader GBPUSD,H1: Alert: Please check your internet connection
0	13:22:00.949	trend_dtrader GBPUSD,H1: Alert: Please check your internet connection
0	13:22:01.950	trend_dtrader GBPUSD,H1: Alert: Please check your internet connection
0	13:22:02.951	trend_dtrader GBPUSD,H1: Alert: Please check your internet connection
0	13:22:03.950	trend_dtrader GBPUSD,H1: Alert: Please check your internet connection
0	13:22:04.949	trend_dtrader GBPUSD,H1: Alert: Please check your internet connection
0	13:22:05.950	trend_dtrader GBPUSD,H1: Alert: Please check your internet connection
0	13:22:06.950	trend_dtrader GBPUSD,H1: Alert: Please check your internet connection
0	13:22:07.950	trend_dtrader GBPUSD,H1: Alert: Please check your internet connection
0	13:22:08.949	trend_dtrader GBPUSD,H1: Alert: Please check your internet connection
0	13:22:09.950	trend_dtrader GBPUSD,H1: Alert: Please check your internet connection
0	13:22:10.950	trend_dtrader GBPUSD,H1: Alert: Please check your internet connection
0	13:22:11.949	trend_dtrader GBPUSD,H1: Alert: Please check your internet connection
0	13:23:08.949	trend_dtrader GBPUSD,H1: Alert: Please check your internet connection
0	13:23:09.948	trend_dtrader GBPUSD,H1: Alert: Please check your internet connection
0	13:23:10.948	trend_dtrader GBPUSD,H1: Alert: Please check your internet connection
0	13:23:11.949	trend_dtrader GBPUSD,H1: Alert: Please check your internet connection
0	13:23:12.949	trend_dtrader GBPUSD,H1: Alert: Please check your internet connection
0	13:23:13.948	trend_dtrader GBPUSD,H1: Alert: Please check your internet connection
0	13:23:14.948	trend_dtrader GBPUSD,H1: Alert: Please check your internet connection
0	13:23:55.949	trend_dtrader GBPUSD,H1: Alert: Please check your internet connection
0	13:23:56.949	trend_dtrader GBPUSD,H1: Alert: Please check your internet connection
0	13:23:57.948	trend_dtrader GBPUSD,H1: Alert: Please check your internet connection
0	13:23:58.949	trend_dtrader GBPUSD,H1: Alert: Please check your internet connection
0	13:23:59.949	trend_dtrader GBPUSD,H1: Alert: Please check your internet connection
0	13:24:00.946	trend_dtrader GBPUSD,H1: Alert: Please check your internet connection
0	13:24:01.947	trend_dtrader GBPUSD,H1: Alert: Please check your internet connection
0	13:24:02.948	trend_dtrader GBPUSD,H1: Alert: Please check your internet connection
0	13:24:03.948	trend_dtrader GBPUSD,H1: Alert: Please check your internet connection
0	13:24:04.948	trend_dtrader GBPUSD,H1: Alert: Please check your internet connection
0	13:24:05.949	trend_dtrader GBPUSD,H1: Alert: Please check your internet connection
0	13:24:06.948	trend_dtrader GBPUSD,H1: Alert: Please check your internet connection
0	13:24:07.948	trend_dtrader GBPUSD,H1: Alert: Please check your internet connection
0	13:24:08.948	trend_dtrader GBPUSD,H1: Alert: Please check your internet connection
0	13:24:09.946	trend_dtrader GBPUSD,H1: Alert: Please check your internet connection
0	13:24:10.948	trend_dtrader GBPUSD,H1: Alert: Please check your internet connection
0	13:24:11.947	trend_dtrader GBPUSD,H1: Alert: Please check your internet connection
0	13:24:12.948	trend_dtrader GBPUSD,H1: Alert: Please check your internet connection
0	13:24:13.948	trend_dtrader GBPUSD,H1: Alert: Please check your internet connection
0	13:24:14.948	trend_dtrader GBPUSD,H1: Alert: Please check your internet connection
0	13:24:15.949	trend_dtrader GBPUSD,H1: Alert: Please check your internet connection
0	13:24:16.949	trend_dtrader GBPUSD,H1: Alert: Please check your internet connection
0	13:24:17.948	trend_dtrader GBPUSD,H1: Alert: Please check your internet connection
0	13:24:18.947	trend_dtrader GBPUSD,H1: Alert: Please check your internet connection
0	13:24:19.947	trend_dtrader GBPUSD,H1: Alert: Please check your internet connection
0	13:24:20.948	trend_dtrader GBPUSD,H1: Alert: Please check your internet connection
0	13:24:21.948	trend_dtrader GBPUSD,H1: Alert: Please check your internet connection
0	13:24:22.947	trend_dtrader GBPUSD,H1: Alert: Please check your internet connection
0	13:24:23.948	trend_dtrader GBPUSD,H1: Alert: Please check your internet connection
0	13:24:24.947	trend_dtrader GBPUSD,H1: Alert: Please check your internet connection
0	13:24:25.947	trend_dtrader GBPUSD,H1: Alert: Please check your internet connection
0	13:24:26.946	trend_dtrader GBPUSD,H1: Alert: Please check your internet connection
0	13:24:27.947	trend_dtrader GBPUSD,H1: Alert: Please check your internet connection
0	13:24:28.947	trend_dtrader GBPUSD,H1: Alert: Please check your internet connection
0	13:24:29.946	trend_dtrader GBPUSD,H1: Alert: Please check your internet connection
0	13:24:30.947	trend_dtrader GBPUSD,H1: Alert: Please check your internet connection
0	13:24:31.948	trend_dtrader GBPUSD,H1: Alert: Please check your internet connection
0	13:24:32.946	trend_dtrader GBPUSD,H1: Alert: Please check your internet connection
0	13:24:33.946	trend_dtrader GBPUSD,H1: Alert: Please check your internet connection
0	13:24:34.947	trend_dtrader GBPUSD,H1: Alert: Please check your internet connection
0	13:24:35.946	trend_dtrader GBPUSD,H1: Alert: Please check your internet connection
0	13:24:36.947	trend_dtrader GBPUSD,H1: Alert: Please check your internet connection
0	13:24:37.948	trend_dtrader GBPUSD,H1: Alert: Please check your internet connection
0	13:24:38.948	trend_dtrader GBPUSD,H1: Alert: Please check your internet connection
0	13:24:39.947	trend_dtrader GBPUSD,H1: Alert: Please check your internet connection
0	13:24:40.948	trend_dtrader GBPUSD,H1: Alert: Please check your internet connection
0	13:24:41.947	trend_dtrader GBPUSD,H1: Alert: Please check your internet connection
0	13:24:42.946	trend_dtrader GBPUSD,H1: Alert: Please check your internet connection
0	13:24:43.947	trend_dtrader GBPUSD,H1: Alert: Please check your internet connection
0	13:24:44.947	trend_dtrader GBPUSD,H1: Alert: Please check your internet connection
0	13:24:45.946	trend_dtrader GBPUSD,H1: Alert: Please check your internet connection
0	13:24:46.947	trend_dtrader GBPUSD,H1: Alert: Please check your internet connection
0	13:24:47.947	trend_dtrader GBPUSD,H1: Alert: Please check your internet connection
0	13:24:48.947	trend_dtrader GBPUSD,H1: Alert: Please check your internet connection
0	13:24:49.948	trend_dtrader GBPUSD,H1: Alert: Please check your internet connection
0	13:24:50.947	trend_dtrader GBPUSD,H1: Alert: Please check your internet connection
0	13:24:51.948	trend_dtrader GBPUSD,H1: Alert: Please check your internet connection
0	13:24:52.946	trend_dtrader GBPUSD,H1: Alert: Please check your internet connection
0	13:24:53.947	trend_dtrader GBPUSD,H1: Alert: Please check your internet connection
0	13:24:54.947	trend_dtrader GBPUSD,H1: Alert: Please check your internet connection
0	13:24:55.947	trend_dtrader GBPUSD,H1: Alert: Please check your internet connection
0	13:24:56.946	trend_dtrader GBPUSD,H1: Alert: Please check your internet connection
0	13:24:57.946	trend_dtrader GBPUSD,H1: Alert: Please check your internet connection
0	13:24:58.947	trend_dtrader GBPUSD,H1: Alert: Please check your internet connection
0	13:24:59.946	trend_dtrader GBPUSD,H1: Alert: Please check your internet connection
0	13:25:00.947	trend_dtrader GBPUSD,H1: Alert: Please check your internet connection
0	13:25:01.947	trend_dtrader GBPUSD,H1: Alert: Please check your internet connection
0	13:25:02.946	trend_dtrader GBPUSD,H1: Alert: Please check your internet connection
0	13:25:03.947	trend_dtrader GBPUSD,H1: Alert: Please check your internet connection
0	13:25:04.947	trend_dtrader GBPUSD,H1: Alert: Please check your internet connection
0	13:25:05.947	trend_dtrader GBPUSD,H1: Alert: Please check your internet connection
0	13:25:06.946	trend_dtrader GBPUSD,H1: Alert: Please check your internet connection
0	13:25:07.946	trend_dtrader GBPUSD,H1: Alert: Please check your internet connection
0	13:25:08.946	trend_dtrader GBPUSD,H1: Alert: Please check your internet connection
0	13:25:09.947	trend_dtrader GBPUSD,H1: Alert: Please check your internet connection
0	13:25:10.947	trend_dtrader GBPUSD,H1: Alert: Please check your internet connection
0	13:25:11.945	trend_dtrader GBPUSD,H1: Alert: Please check your internet connection
0	13:25:12.945	trend_dtrader GBPUSD,H1: Alert: Please check your internet connection
0	13:25:13.947	trend_dtrader GBPUSD,H1: Alert: Please check your internet connection
0	13:25:14.945	trend_dtrader GBPUSD,H1: Alert: Please check your internet connection
0	13:25:15.947	trend_dtrader GBPUSD,H1: Alert: Please check your internet connection
0	13:25:16.945	trend_dtrader GBPUSD,H1: Alert: Please check your internet connection
0	13:25:17.947	trend_dtrader GBPUSD,H1: Alert: Please check your internet connection
0	13:25:18.947	trend_dtrader GBPUSD,H1: Alert: Please check your internet connection
0	13:25:19.947	trend_dtrader GBPUSD,H1: Alert: Please check your internet connection
0	13:25:20.946	trend_dtrader GBPUSD,H1: Alert: Please check your internet connection
0	13:25:21.946	trend_dtrader GBPUSD,H1: Alert: Please check your internet connection
0	13:25:22.944	trend_dtrader GBPUSD,H1: Alert: Please check your internet connection
0	13:25:23.944	trend_dtrader GBPUSD,H1: Alert: Please check your internet connection
0	13:25:24.946	trend_dtrader GBPUSD,H1: Alert: Please check your internet connection
0	13:25:25.945	trend_dtrader GBPUSD,H1: Alert: Please check your internet connection
0	13:25:26.946	trend_dtrader GBPUSD,H1: Alert: Please check your internet connection
0	13:25:27.945	trend_dtrader GBPUSD,H1: Alert: Please check your internet connection
0	13:25:28.945	trend_dtrader GBPUSD,H1: Alert: Please check your internet connection
0	13:25:29.946	trend_dtrader GBPUSD,H1: Alert: Please check your internet connection
0	13:25:30.946	trend_dtrader GBPUSD,H1: Alert: Please check your internet connection
0	13:25:31.945	trend_dtrader GBPUSD,H1: Alert: Please check your internet connection
0	13:25:32.946	trend_dtrader GBPUSD,H1: Alert: Please check your internet connection
0	13:25:33.944	trend_dtrader GBPUSD,H1: Alert: Please check your internet connection
0	13:25:34.946	trend_dtrader GBPUSD,H1: Alert: Please check your internet connection
0	13:25:35.944	trend_dtrader GBPUSD,H1: Alert: Please check your internet connection
0	13:25:36.946	trend_dtrader GBPUSD,H1: Alert: Please check your internet connection
0	13:25:37.946	trend_dtrader GBPUSD,H1: Alert: Please check your internet connection
0	13:25:38.945	trend_dtrader GBPUSD,H1: Alert: Please check your internet connection
0	13:25:39.946	trend_dtrader GBPUSD,H1: Alert: Please check your internet connection
0	13:25:40.945	trend_dtrader GBPUSD,H1: Alert: Please check your internet connection
0	13:25:41.946	trend_dtrader GBPUSD,H1: Alert: Please check your internet connection
0	13:25:42.946	trend_dtrader GBPUSD,H1: Alert: Please check your internet connection
0	13:25:43.945	trend_dtrader GBPUSD,H1: Alert: Please check your internet connection
0	13:25:44.946	trend_dtrader GBPUSD,H1: Alert: Please check your internet connection
0	13:25:45.946	trend_dtrader GBPUSD,H1: Alert: Please check your internet connection
0	13:25:46.944	trend_dtrader GBPUSD,H1: Alert: Please check your internet connection
0	13:25:47.943	trend_dtrader GBPUSD,H1: Alert: Please check your internet connection
0	13:25:48.946	trend_dtrader GBPUSD,H1: Alert: Please check your internet connection
0	13:25:49.946	trend_dtrader GBPUSD,H1: Alert: Please check your internet connection
0	13:25:50.946	trend_dtrader GBPUSD,H1: Alert: Please check your internet connection
0	13:25:51.944	trend_dtrader GBPUSD,H1: Alert: Please check your internet connection
0	13:25:52.944	trend_dtrader GBPUSD,H1: Alert: Please check your internet connection
0	13:25:53.946	trend_dtrader GBPUSD,H1: Alert: Please check your internet connection
0	13:25:54.944	trend_dtrader GBPUSD,H1: Alert: Please check your internet connection
0	13:25:55.945	trend_dtrader GBPUSD,H1: Alert: Please check your internet connection
0	13:25:56.944	trend_dtrader GBPUSD,H1: Alert: Please check your internet connection
0	13:25:57.944	trend_dtrader GBPUSD,H1: Alert: Please check your internet connection
0	13:25:58.946	trend_dtrader GBPUSD,H1: Alert: Please check your internet connection
0	13:25:59.945	trend_dtrader GBPUSD,H1: Alert: Please check your internet connection
0	13:26:00.943	trend_dtrader GBPUSD,H1: Alert: Please check your internet connection
0	13:26:01.945	trend_dtrader GBPUSD,H1: Alert: Please check your internet connection
0	13:26:02.946	trend_dtrader GBPUSD,H1: Alert: Please check your internet connection
0	13:26:03.944	trend_dtrader GBPUSD,H1: Alert: Please check your internet connection
0	13:26:04.946	trend_dtrader GBPUSD,H1: Alert: Please check your internet connection
0	13:26:05.943	trend_dtrader GBPUSD,H1: Alert: Please check your internet connection
0	13:26:06.945	trend_dtrader GBPUSD,H1: Alert: Please check your internet connection
0	13:26:07.944	trend_dtrader GBPUSD,H1: Alert: Please check your internet connection
0	13:26:08.945	trend_dtrader GBPUSD,H1: Alert: Please check your internet connection
0	13:26:09.945	trend_dtrader GBPUSD,H1: Alert: Please check your internet connection
0	13:26:10.943	trend_dtrader GBPUSD,H1: Alert: Please check your internet connection
0	13:26:11.945	trend_dtrader GBPUSD,H1: Alert: Please check your internet connection
0	13:26:12.944	trend_dtrader GBPUSD,H1: Alert: Please check your internet connection
0	13:26:13.945	trend_dtrader GBPUSD,H1: Alert: Please check your internet connection
0	13:26:14.945	trend_dtrader GBPUSD,H1: Alert: Please check your internet connection
0	13:26:15.945	trend_dtrader GBPUSD,H1: Alert: Please check your internet connection
0	13:26:16.945	trend_dtrader GBPUSD,H1: Alert: Please check your internet connection
0	13:26:17.945	trend_dtrader GBPUSD,H1: Alert: Please check your internet connection
0	13:26:18.945	trend_dtrader GBPUSD,H1: Alert: Please check your internet connection
0	13:26:19.943	trend_dtrader GBPUSD,H1: Alert: Please check your internet connection
0	13:26:20.945	trend_dtrader GBPUSD,H1: Alert: Please check your internet connection
0	13:26:21.943	trend_dtrader GBPUSD,H1: Alert: Please check your internet connection
0	13:26:22.943	trend_dtrader GBPUSD,H1: Alert: Please check your internet connection
0	13:26:23.944	trend_dtrader GBPUSD,H1: Alert: Please check your internet connection
0	13:26:24.945	trend_dtrader GBPUSD,H1: Alert: Please check your internet connection
0	13:26:25.942	trend_dtrader GBPUSD,H1: Alert: Please check your internet connection
0	13:26:26.945	trend_dtrader GBPUSD,H1: Alert: Please check your internet connection
0	13:26:27.943	trend_dtrader GBPUSD,H1: Alert: Please check your internet connection
0	13:26:28.944	trend_dtrader GBPUSD,H1: Alert: Please check your internet connection
0	13:26:29.943	trend_dtrader GBPUSD,H1: Alert: Please check your internet connection
0	13:26:30.945	trend_dtrader GBPUSD,H1: Alert: Please check your internet connection
0	13:26:31.943	trend_dtrader GBPUSD,H1: Alert: Please check your internet connection
0	13:26:32.943	trend_dtrader GBPUSD,H1: Alert: Please check your internet connection
0	13:26:33.943	trend_dtrader GBPUSD,H1: Alert: Please check your internet connection
0	13:26:34.944	trend_dtrader GBPUSD,H1: Alert: Please check your internet connection
0	13:26:35.944	trend_dtrader GBPUSD,H1: Alert: Please check your internet connection
0	13:26:36.944	trend_dtrader GBPUSD,H1: Alert: Please check your internet connection
0	13:26:37.944	trend_dtrader GBPUSD,H1: Alert: Please check your internet connection
0	13:26:38.942	trend_dtrader GBPUSD,H1: Alert: Please check your internet connection
0	13:26:39.944	trend_dtrader GBPUSD,H1: Alert: Please check your internet connection
0	13:26:40.943	trend_dtrader GBPUSD,H1: Alert: Please check your internet connection
0	13:26:41.945	trend_dtrader GBPUSD,H1: Alert: Please check your internet connection
0	13:26:42.945	trend_dtrader GBPUSD,H1: Alert: Please check your internet connection
0	13:26:43.944	trend_dtrader GBPUSD,H1: Alert: Please check your internet connection
0	13:26:44.945	trend_dtrader GBPUSD,H1: Alert: Please check your internet connection
0	13:26:45.944	trend_dtrader GBPUSD,H1: Alert: Please check your internet connection
0	13:26:46.943	trend_dtrader GBPUSD,H1: Alert: Please check your internet connection
0	13:26:47.942	trend_dtrader GBPUSD,H1: Alert: Please check your internet connection
0	13:26:48.944	trend_dtrader GBPUSD,H1: Alert: Please check your internet connection
0	13:26:49.942	trend_dtrader GBPUSD,H1: Alert: Please check your internet connection
0	13:26:50.945	trend_dtrader GBPUSD,H1: Alert: Please check your internet connection
0	13:26:51.944	trend_dtrader GBPUSD,H1: Alert: Please check your internet connection
0	13:26:52.944	trend_dtrader GBPUSD,H1: Alert: Please check your internet connection
0	13:26:53.944	trend_dtrader GBPUSD,H1: Alert: Please check your internet connection
0	13:26:54.942	trend_dtrader GBPUSD,H1: Alert: Please check your internet connection
0	13:26:55.943	trend_dtrader GBPUSD,H1: Alert: Please check your internet connection
0	13:26:56.942	trend_dtrader GBPUSD,H1: Alert: Please check your internet connection
0	13:26:57.943	trend_dtrader GBPUSD,H1: Alert: Please check your internet connection
0	13:26:58.942	trend_dtrader GBPUSD,H1: Alert: Please check your internet connection
0	13:26:59.944	trend_dtrader GBPUSD,H1: Alert: Please check your internet connection
0	13:27:00.944	trend_dtrader GBPUSD,H1: Alert: Please check your internet connection
0	13:27:01.943	trend_dtrader GBPUSD,H1: Alert: Please check your internet connection
0	13:27:02.943	trend_dtrader GBPUSD,H1: Alert: Please check your internet connection
0	13:27:03.942	trend_dtrader GBPUSD,H1: Alert: Please check your internet connection
0	13:27:04.944	trend_dtrader GBPUSD,H1: Alert: Please check your internet connection
0	13:27:05.942	trend_dtrader GBPUSD,H1: Alert: Please check your internet connection
0	13:27:06.943	trend_dtrader GBPUSD,H1: Alert: Please check your internet connection
0	13:27:07.943	trend_dtrader GBPUSD,H1: Alert: Please check your internet connection
0	13:27:08.943	trend_dtrader GBPUSD,H1: Alert: Please check your internet connection
0	13:27:09.944	trend_dtrader GBPUSD,H1: Alert: Please check your internet connection
0	13:27:10.943	trend_dtrader GBPUSD,H1: Alert: Please check your internet connection
0	13:27:11.942	trend_dtrader GBPUSD,H1: Alert: Please check your internet connection
0	13:27:12.943	trend_dtrader GBPUSD,H1: Alert: Please check your internet connection
0	13:27:13.944	trend_dtrader GBPUSD,H1: Alert: Please check your internet connection
0	13:27:14.942	trend_dtrader GBPUSD,H1: Alert: Please check your internet connection
0	13:27:15.943	trend_dtrader GBPUSD,H1: Alert: Please check your internet connection
0	13:27:16.943	trend_dtrader GBPUSD,H1: Alert: Please check your internet connection
0	13:27:17.943	trend_dtrader GBPUSD,H1: Alert: Please check your internet connection
0	13:27:18.942	trend_dtrader GBPUSD,H1: Alert: Please check your internet connection
0	13:27:19.943	trend_dtrader GBPUSD,H1: Alert: Please check your internet connection
0	13:27:20.943	trend_dtrader GBPUSD,H1: Alert: Please check your internet connection
0	13:27:21.943	trend_dtrader GBPUSD,H1: Alert: Please check your internet connection
0	13:27:22.943	trend_dtrader GBPUSD,H1: Alert: Please check your internet connection
0	13:27:23.943	trend_dtrader GBPUSD,H1: Alert: Please check your internet connection
0	13:27:24.942	trend_dtrader GBPUSD,H1: Alert: Please check your internet connection
0	13:27:25.943	trend_dtrader GBPUSD,H1: Alert: Please check your internet connection
0	13:27:26.943	trend_dtrader GBPUSD,H1: Alert: Please check your internet connection
0	13:27:27.943	trend_dtrader GBPUSD,H1: Alert: Please check your internet connection
0	13:27:28.941	trend_dtrader GBPUSD,H1: Alert: Please check your internet connection
0	13:27:29.943	trend_dtrader GBPUSD,H1: Alert: Please check your internet connection
0	13:27:30.943	trend_dtrader GBPUSD,H1: Alert: Please check your internet connection
0	13:27:31.943	trend_dtrader GBPUSD,H1: Alert: Please check your internet connection
0	13:27:32.943	trend_dtrader GBPUSD,H1: Alert: Please check your internet connection
0	13:27:33.943	trend_dtrader GBPUSD,H1: Alert: Please check your internet connection
0	13:27:34.942	trend_dtrader GBPUSD,H1: Alert: Please check your internet connection
0	13:27:35.943	trend_dtrader GBPUSD,H1: Alert: Please check your internet connection
0	13:27:36.943	trend_dtrader GBPUSD,H1: Alert: Please check your internet connection
0	13:27:37.941	trend_dtrader GBPUSD,H1: Alert: Please check your internet connection
0	13:27:38.943	trend_dtrader GBPUSD,H1: Alert: Please check your internet connection
0	13:27:39.941	trend_dtrader GBPUSD,H1: Alert: Please check your internet connection
0	13:27:40.943	trend_dtrader GBPUSD,H1: Alert: Please check your internet connection
0	13:27:41.942	trend_dtrader GBPUSD,H1: Alert: Please check your internet connection
0	13:27:42.943	trend_dtrader GBPUSD,H1: Alert: Please check your internet connection
0	13:27:43.941	trend_dtrader GBPUSD,H1: Alert: Please check your internet connection
0	13:27:44.943	trend_dtrader GBPUSD,H1: Alert: Please check your internet connection
0	13:27:45.940	trend_dtrader GBPUSD,H1: Alert: Please check your internet connection
0	13:27:46.941	trend_dtrader GBPUSD,H1: Alert: Please check your internet connection
0	13:27:47.941	trend_dtrader GBPUSD,H1: Alert: Please check your internet connection
0	13:27:48.942	trend_dtrader GBPUSD,H1: Alert: Please check your internet connection
0	13:27:49.943	trend_dtrader GBPUSD,H1: Alert: Please check your internet connection
0	13:27:50.943	trend_dtrader GBPUSD,H1: Alert: Please check your internet connection
0	13:38:39.924	trend_dtrader GBPUSD,H1: Alert: Please check your internet connection
0	13:38:40.924	trend_dtrader GBPUSD,H1: Alert: Please check your internet connection
0	13:38:41.923	trend_dtrader GBPUSD,H1: Alert: Please check your internet connection
0	13:38:42.923	trend_dtrader GBPUSD,H1: Alert: Please check your internet connection
0	13:38:43.923	trend_dtrader GBPUSD,H1: Alert: Please check your internet connection
0	13:43:09.916	trend_dtrader GBPUSD,H1: Alert: Please check your internet connection
0	13:43:10.917	trend_dtrader GBPUSD,H1: Alert: Please check your internet connection
0	13:43:11.917	trend_dtrader GBPUSD,H1: Alert: Please check your internet connection
0	14:21:49.764	trend_dtrader GBPUSD,H1: Alert: Please check your internet connection
0	14:21:50.715	trend_dtrader GBPUSD,H1: Alert: Please check your internet connection
0	14:21:51.716	trend_dtrader GBPUSD,H1: Alert: Please check your internet connection
0	14:21:52.715	trend_dtrader GBPUSD,H1: Alert: Please check your internet connection
0	14:21:53.717	trend_dtrader GBPUSD,H1: Alert: Please check your internet connection
0	14:21:54.715	trend_dtrader GBPUSD,H1: Alert: Please check your internet connection
0	15:15:16.326	trend_dtrader GBPUSD,H1: Alert: Please check your internet connection
0	15:15:17.350	trend_dtrader GBPUSD,H1: Alert: Please check your internet connection
0	15:15:18.326	trend_dtrader GBPUSD,H1: Alert: Please check your internet connection
0	15:15:19.326	trend_dtrader GBPUSD,H1: Alert: Please check your internet connection
0	15:15:20.326	trend_dtrader GBPUSD,H1: Alert: Please check your internet connection
0	15:15:21.325	trend_dtrader GBPUSD,H1: Alert: Please check your internet connection
0	15:15:22.326	trend_dtrader GBPUSD,H1: Alert: Please check your internet connection
0	15:15:23.324	trend_dtrader GBPUSD,H1: Alert: Please check your internet connection
0	15:15:24.324	trend_dtrader GBPUSD,H1: Alert: Please check your internet connection
0	15:15:45.325	trend_dtrader GBPUSD,H1: Alert: Please check your internet connection
0	15:15:46.325	trend_dtrader GBPUSD,H1: Alert: Please check your internet connection
0	15:25:48.591	trend_dtrader GBPUSD,H1: Alert: Please check your internet connection
0	15:25:49.277	trend_dtrader GBPUSD,H1: Alert: Please check your internet connection
0	15:25:50.280	trend_dtrader GBPUSD,H1: Alert: Please check your internet connection
0	15:40:54.539	trend_dtrader GBPUSD,H1: Alert: Please check your internet connection
0	15:40:55.257	trend_dtrader GBPUSD,H1: Alert: Please check your internet connection
0	15:40:56.257	trend_dtrader GBPUSD,H1: Alert: Please check your internet connection
0	15:44:14.402	trend_dtrader GBPUSD,H1: Alert: Please check your internet connection
0	15:44:15.402	trend_dtrader GBPUSD,H1: Alert: Please check your internet connection
0	15:44:16.400	trend_dtrader GBPUSD,H1: Alert: Please check your internet connection
0	15:44:17.403	trend_dtrader GBPUSD,H1: Alert: Please check your internet connection
0	15:44:18.403	trend_dtrader GBPUSD,H1: Alert: Please check your internet connection
0	15:44:19.402	trend_dtrader GBPUSD,H1: Alert: Please check your internet connection
0	15:44:20.402	trend_dtrader GBPUSD,H1: Alert: Please check your internet connection
0	15:51:14.402	trend_dtrader GBPUSD,H1: Alert: Please check your internet connection
0	15:51:15.400	trend_dtrader GBPUSD,H1: Alert: Please check your internet connection
0	15:51:16.400	trend_dtrader GBPUSD,H1: Alert: Please check your internet connection
0	15:51:17.400	trend_dtrader GBPUSD,H1: Alert: Please check your internet connection
0	15:51:18.399	trend_dtrader GBPUSD,H1: Alert: Please check your internet connection
0	15:51:19.399	trend_dtrader GBPUSD,H1: Alert: Please check your internet connection
0	15:51:20.399	trend_dtrader GBPUSD,H1: Alert: Please check your internet connection
0	15:51:21.399	trend_dtrader GBPUSD,H1: Alert: Please check your internet connection
0	15:51:22.399	trend_dtrader GBPUSD,H1: Alert: Please check your internet connection
0	15:51:23.398	trend_dtrader GBPUSD,H1: Alert: Please check your internet connection
0	15:51:24.400	trend_dtrader GBPUSD,H1: Alert: Please check your internet connection
0	15:51:25.400	trend_dtrader GBPUSD,H1: Alert: Please check your internet connection
0	15:51:26.399	trend_dtrader GBPUSD,H1: Alert: Please check your internet connection
0	15:51:27.399	trend_dtrader GBPUSD,H1: Alert: Please check your internet connection
0	15:51:28.399	trend_dtrader GBPUSD,H1: Alert: Please check your internet connection
0	15:51:29.399	trend_dtrader GBPUSD,H1: Alert: Please check your internet connection
0	15:51:30.398	trend_dtrader GBPUSD,H1: Alert: Please check your internet connection
0	15:51:31.400	trend_dtrader GBPUSD,H1: Alert: Please check your internet connection
0	15:51:32.399	trend_dtrader GBPUSD,H1: Alert: Please check your internet connection
0	15:51:33.398	trend_dtrader GBPUSD,H1: Alert: Please check your internet connection
0	15:51:34.399	trend_dtrader GBPUSD,H1: Alert: Please check your internet connection
0	15:51:35.398	trend_dtrader GBPUSD,H1: Alert: Please check your internet connection
0	15:51:36.399	trend_dtrader GBPUSD,H1: Alert: Please check your internet connection
0	15:51:37.400	trend_dtrader GBPUSD,H1: Alert: Please check your internet connection
0	15:51:38.399	trend_dtrader GBPUSD,H1: Alert: Please check your internet connection
0	15:51:39.399	trend_dtrader GBPUSD,H1: Alert: Please check your internet connection
0	15:51:40.399	trend_dtrader GBPUSD,H1: Alert: Please check your internet connection
0	15:51:41.399	trend_dtrader GBPUSD,H1: Alert: Please check your internet connection
0	15:51:42.399	trend_dtrader GBPUSD,H1: Alert: Please check your internet connection
0	15:51:43.399	trend_dtrader GBPUSD,H1: Alert: Please check your internet connection
0	15:51:44.399	trend_dtrader GBPUSD,H1: Alert: Please check your internet connection
0	15:51:45.399	trend_dtrader GBPUSD,H1: Alert: Please check your internet connection
0	15:51:46.399	trend_dtrader GBPUSD,H1: Alert: Please check your internet connection
0	15:51:47.399	trend_dtrader GBPUSD,H1: Alert: Please check your internet connection
0	15:51:48.400	trend_dtrader GBPUSD,H1: Alert: Please check your internet connection
0	15:51:49.400	trend_dtrader GBPUSD,H1: Alert: Please check your internet connection
0	15:51:50.400	trend_dtrader GBPUSD,H1: Alert: Please check your internet connection
0	15:51:51.399	trend_dtrader GBPUSD,H1: Alert: Please check your internet connection
0	15:51:52.399	trend_dtrader GBPUSD,H1: Alert: Please check your internet connection
0	15:51:53.398	trend_dtrader GBPUSD,H1: Alert: Please check your internet connection
0	15:51:54.399	trend_dtrader GBPUSD,H1: Alert: Please check your internet connection
0	15:51:55.399	trend_dtrader GBPUSD,H1: Alert: Please check your internet connection
0	15:51:56.399	trend_dtrader GBPUSD,H1: Alert: Please check your internet connection
0	15:51:57.399	trend_dtrader GBPUSD,H1: Alert: Please check your internet connection
0	15:51:58.399	trend_dtrader GBPUSD,H1: Alert: Please check your internet connection
0	15:51:59.399	trend_dtrader GBPUSD,H1: Alert: Please check your internet connection
0	15:52:00.399	trend_dtrader GBPUSD,H1: Alert: Please check your internet connection
0	15:52:01.399	trend_dtrader GBPUSD,H1: Alert: Please check your internet connection
0	15:52:02.399	trend_dtrader GBPUSD,H1: Alert: Please check your internet connection
0	15:52:03.398	trend_dtrader GBPUSD,H1: Alert: Please check your internet connection
0	15:52:04.405	trend_dtrader GBPUSD,H1: Alert: Please check your internet connection
0	15:52:05.398	trend_dtrader GBPUSD,H1: Alert: Please check your internet connection
0	15:52:06.399	trend_dtrader GBPUSD,H1: Alert: Please check your internet connection
0	15:52:07.399	trend_dtrader GBPUSD,H1: Alert: Please check your internet connection
0	15:52:08.398	trend_dtrader GBPUSD,H1: Alert: Please check your internet connection
0	15:52:09.400	trend_dtrader GBPUSD,H1: Alert: Please check your internet connection
0	15:52:10.398	trend_dtrader GBPUSD,H1: Alert: Please check your internet connection
0	15:52:11.399	trend_dtrader GBPUSD,H1: Alert: Please check your internet connection
0	15:52:12.399	trend_dtrader GBPUSD,H1: Alert: Please check your internet connection
0	15:52:13.399	trend_dtrader GBPUSD,H1: Alert: Please check your internet connection
0	15:52:14.399	trend_dtrader GBPUSD,H1: Alert: Please check your internet connection
0	15:52:15.399	trend_dtrader GBPUSD,H1: Alert: Please check your internet connection
0	15:52:16.399	trend_dtrader GBPUSD,H1: Alert: Please check your internet connection
0	15:52:17.398	trend_dtrader GBPUSD,H1: Alert: Please check your internet connection
0	15:52:18.398	trend_dtrader GBPUSD,H1: Alert: Please check your internet connection
0	15:52:19.399	trend_dtrader GBPUSD,H1: Alert: Please check your internet connection
0	15:52:20.398	trend_dtrader GBPUSD,H1: Alert: Please check your internet connection
0	15:52:21.399	trend_dtrader GBPUSD,H1: Alert: Please check your internet connection
0	15:52:22.398	trend_dtrader GBPUSD,H1: Alert: Please check your internet connection
0	15:52:23.398	trend_dtrader GBPUSD,H1: Alert: Please check your internet connection
0	15:52:24.399	trend_dtrader GBPUSD,H1: Alert: Please check your internet connection
0	15:52:25.398	trend_dtrader GBPUSD,H1: Alert: Please check your internet connection
0	15:52:26.399	trend_dtrader GBPUSD,H1: Alert: Please check your internet connection
0	15:52:27.398	trend_dtrader GBPUSD,H1: Alert: Please check your internet connection
0	15:52:28.402	trend_dtrader GBPUSD,H1: Alert: Please check your internet connection
0	15:52:29.398	trend_dtrader GBPUSD,H1: Alert: Please check your internet connection
0	15:52:30.398	trend_dtrader GBPUSD,H1: Alert: Please check your internet connection
0	16:16:10.498	trend_dtrader GBPUSD,H1: Alert: Please check your internet connection
0	16:16:11.499	trend_dtrader GBPUSD,H1: Alert: Please check your internet connection
0	16:16:12.499	trend_dtrader GBPUSD,H1: Alert: Please check your internet connection
0	16:16:13.499	trend_dtrader GBPUSD,H1: Alert: Please check your internet connection
0	16:16:14.499	trend_dtrader GBPUSD,H1: Alert: Please check your internet connection
0	16:16:15.499	trend_dtrader GBPUSD,H1: Alert: Please check your internet connection
0	16:16:16.498	trend_dtrader GBPUSD,H1: Alert: Please check your internet connection
0	16:16:17.498	trend_dtrader GBPUSD,H1: Alert: Please check your internet connection
0	16:16:18.499	trend_dtrader GBPUSD,H1: Alert: Please check your internet connection
0	16:16:19.499	trend_dtrader GBPUSD,H1: Alert: Please check your internet connection
0	16:16:20.499	trend_dtrader GBPUSD,H1: Alert: Please check your internet connection
0	16:16:21.499	trend_dtrader GBPUSD,H1: Alert: Please check your internet connection
0	16:16:22.498	trend_dtrader GBPUSD,H1: Alert: Please check your internet connection
0	16:16:23.499	trend_dtrader GBPUSD,H1: Alert: Please check your internet connection
0	16:16:24.499	trend_dtrader GBPUSD,H1: Alert: Please check your internet connection
0	16:16:25.500	trend_dtrader GBPUSD,H1: Alert: Please check your internet connection
0	16:16:26.499	trend_dtrader GBPUSD,H1: Alert: Please check your internet connection
0	16:16:27.499	trend_dtrader GBPUSD,H1: Alert: Please check your internet connection
0	16:16:28.499	trend_dtrader GBPUSD,H1: Alert: Please check your internet connection
0	16:16:29.499	trend_dtrader GBPUSD,H1: Alert: Please check your internet connection
0	16:16:30.499	trend_dtrader GBPUSD,H1: Alert: Please check your internet connection
0	16:16:31.499	trend_dtrader GBPUSD,H1: Alert: Please check your internet connection
0	16:16:32.499	trend_dtrader GBPUSD,H1: Alert: Please check your internet connection
0	16:16:33.499	trend_dtrader GBPUSD,H1: Alert: Please check your internet connection
0	16:16:34.500	trend_dtrader GBPUSD,H1: Alert: Please check your internet connection
0	16:16:35.500	trend_dtrader GBPUSD,H1: Alert: Please check your internet connection
0	16:16:36.500	trend_dtrader GBPUSD,H1: Alert: Please check your internet connection
0	16:21:58.505	trend_dtrader GBPUSD,H1: Alert: Please check your internet connection
0	16:21:59.505	trend_dtrader GBPUSD,H1: Alert: Please check your internet connection
0	16:22:00.505	trend_dtrader GBPUSD,H1: Alert: Please check your internet connection
0	16:22:01.505	trend_dtrader GBPUSD,H1: Alert: Please check your internet connection
0	16:22:02.505	trend_dtrader GBPUSD,H1: Alert: Please check your internet connection
0	16:22:03.504	trend_dtrader GBPUSD,H1: Alert: Please check your internet connection
0	16:22:04.505	trend_dtrader GBPUSD,H1: Alert: Please check your internet connection
0	16:22:05.506	trend_dtrader GBPUSD,H1: Alert: Please check your internet connection
0	16:22:06.505	trend_dtrader GBPUSD,H1: Alert: Please check your internet connection
0	16:22:07.505	trend_dtrader GBPUSD,H1: Alert: Please check your internet connection
0	16:22:08.505	trend_dtrader GBPUSD,H1: Alert: Please check your internet connection
0	16:22:09.505	trend_dtrader GBPUSD,H1: Alert: Please check your internet connection
0	16:22:10.505	trend_dtrader GBPUSD,H1: Alert: Please check your internet connection
0	16:22:11.505	trend_dtrader GBPUSD,H1: Alert: Please check your internet connection
0	16:22:12.506	trend_dtrader GBPUSD,H1: Alert: Please check your internet connection
0	16:22:13.505	trend_dtrader GBPUSD,H1: Alert: Please check your internet connection
0	16:22:14.505	trend_dtrader GBPUSD,H1: Alert: Please check your internet connection
0	16:22:15.504	trend_dtrader GBPUSD,H1: Alert: Please check your internet connection
0	16:22:16.505	trend_dtrader GBPUSD,H1: Alert: Please check your internet connection
0	16:22:17.505	trend_dtrader GBPUSD,H1: Alert: Please check your internet connection
0	16:22:18.505	trend_dtrader GBPUSD,H1: Alert: Please check your internet connection
0	16:22:19.505	trend_dtrader GBPUSD,H1: Alert: Please check your internet connection
0	16:22:20.506	trend_dtrader GBPUSD,H1: Alert: Please check your internet connection
0	16:22:21.505	trend_dtrader GBPUSD,H1: Alert: Please check your internet connection
0	16:22:22.504	trend_dtrader GBPUSD,H1: Alert: Please check your internet connection
0	16:22:23.505	trend_dtrader GBPUSD,H1: Alert: Please check your internet connection
0	16:22:24.505	trend_dtrader GBPUSD,H1: Alert: Please check your internet connection
0	16:22:25.506	trend_dtrader GBPUSD,H1: Alert: Please check your internet connection
0	16:22:26.506	trend_dtrader GBPUSD,H1: Alert: Please check your internet connection
0	16:22:27.505	trend_dtrader GBPUSD,H1: Alert: Please check your internet connection
0	16:22:28.505	trend_dtrader GBPUSD,H1: Alert: Please check your internet connection
0	16:22:29.505	trend_dtrader GBPUSD,H1: Alert: Please check your internet connection
0	16:22:30.505	trend_dtrader GBPUSD,H1: Alert: Please check your internet connection
0	16:22:31.505	trend_dtrader GBPUSD,H1: Alert: Please check your internet connection
0	16:22:32.506	trend_dtrader GBPUSD,H1: Alert: Please check your internet connection
0	16:22:33.505	trend_dtrader GBPUSD,H1: Alert: Please check your internet connection
0	16:22:34.506	trend_dtrader GBPUSD,H1: Alert: Please check your internet connection
0	16:22:35.506	trend_dtrader GBPUSD,H1: Alert: Please check your internet connection
0	16:22:36.506	trend_dtrader GBPUSD,H1: Alert: Please check your internet connection
0	16:22:37.506	trend_dtrader GBPUSD,H1: Alert: Please check your internet connection
0	16:22:38.505	trend_dtrader GBPUSD,H1: Alert: Please check your internet connection
0	16:22:39.506	trend_dtrader GBPUSD,H1: Alert: Please check your internet connection
0	16:22:40.505	trend_dtrader GBPUSD,H1: Alert: Please check your internet connection
0	16:22:41.506	trend_dtrader GBPUSD,H1: Alert: Please check your internet connection
0	16:22:42.506	trend_dtrader GBPUSD,H1: Alert: Please check your internet connection
0	16:22:43.507	trend_dtrader GBPUSD,H1: Alert: Please check your internet connection
0	16:22:44.505	trend_dtrader GBPUSD,H1: Alert: Please check your internet connection
0	16:22:45.506	trend_dtrader GBPUSD,H1: Alert: Please check your internet connection
0	16:22:46.506	trend_dtrader GBPUSD,H1: Alert: Please check your internet connection
0	16:22:47.507	trend_dtrader GBPUSD,H1: Alert: Please check your internet connection
0	16:22:48.506	trend_dtrader GBPUSD,H1: Alert: Please check your internet connection
0	16:22:49.506	trend_dtrader GBPUSD,H1: Alert: Please check your internet connection
0	16:22:50.506	trend_dtrader GBPUSD,H1: Alert: Please check your internet connection
0	16:22:51.506	trend_dtrader GBPUSD,H1: Alert: Please check your internet connection
0	16:22:52.507	trend_dtrader GBPUSD,H1: Alert: Please check your internet connection
0	16:22:53.507	trend_dtrader GBPUSD,H1: Alert: Please check your internet connection
0	16:22:54.506	trend_dtrader GBPUSD,H1: Alert: Please check your internet connection
0	16:22:55.506	trend_dtrader GBPUSD,H1: Alert: Please check your internet connection
0	16:22:56.507	trend_dtrader GBPUSD,H1: Alert: Please check your internet connection
0	16:22:57.506	trend_dtrader GBPUSD,H1: Alert: Please check your internet connection
0	16:22:58.506	trend_dtrader GBPUSD,H1: Alert: Please check your internet connection
0	16:22:59.506	trend_dtrader GBPUSD,H1: Alert: Please check your internet connection
0	16:23:00.506	trend_dtrader GBPUSD,H1: Alert: Please check your internet connection
0	16:23:01.506	trend_dtrader GBPUSD,H1: Alert: Please check your internet connection
0	16:23:02.507	trend_dtrader GBPUSD,H1: Alert: Please check your internet connection
0	16:23:03.506	trend_dtrader GBPUSD,H1: Alert: Please check your internet connection
0	16:23:04.506	trend_dtrader GBPUSD,H1: Alert: Please check your internet connection
0	16:23:05.507	trend_dtrader GBPUSD,H1: Alert: Please check your internet connection
0	16:23:06.506	trend_dtrader GBPUSD,H1: Alert: Please check your internet connection
0	16:23:07.505	trend_dtrader GBPUSD,H1: Alert: Please check your internet connection
0	16:23:08.507	trend_dtrader GBPUSD,H1: Alert: Please check your internet connection
0	16:23:09.506	trend_dtrader GBPUSD,H1: Alert: Please check your internet connection
0	16:23:10.507	trend_dtrader GBPUSD,H1: Alert: Please check your internet connection
0	16:23:11.506	trend_dtrader GBPUSD,H1: Alert: Please check your internet connection
0	16:23:12.507	trend_dtrader GBPUSD,H1: Alert: Please check your internet connection
0	16:23:13.506	trend_dtrader GBPUSD,H1: Alert: Please check your internet connection
0	16:23:14.506	trend_dtrader GBPUSD,H1: Alert: Please check your internet connection
0	16:23:15.507	trend_dtrader GBPUSD,H1: Alert: Please check your internet connection
0	16:23:16.507	trend_dtrader GBPUSD,H1: Alert: Please check your internet connection
0	16:23:17.507	trend_dtrader GBPUSD,H1: Alert: Please check your internet connection
0	16:23:18.507	trend_dtrader GBPUSD,H1: Alert: Please check your internet connection
0	16:23:19.506	trend_dtrader GBPUSD,H1: Alert: Please check your internet connection
0	16:23:20.506	trend_dtrader GBPUSD,H1: Alert: Please check your internet connection
0	16:23:21.507	trend_dtrader GBPUSD,H1: Alert: Please check your internet connection
0	16:23:22.506	trend_dtrader GBPUSD,H1: Alert: Please check your internet connection
0	16:23:23.507	trend_dtrader GBPUSD,H1: Alert: Please check your internet connection
0	16:23:24.507	trend_dtrader GBPUSD,H1: Alert: Please check your internet connection
0	16:23:25.506	trend_dtrader GBPUSD,H1: Alert: Please check your internet connection
0	16:23:26.506	trend_dtrader GBPUSD,H1: Alert: Please check your internet connection
0	16:23:27.507	trend_dtrader GBPUSD,H1: Alert: Please check your internet connection
0	16:23:28.506	trend_dtrader GBPUSD,H1: Alert: Please check your internet connection
0	16:23:29.506	trend_dtrader GBPUSD,H1: Alert: Please check your internet connection
0	16:23:30.507	trend_dtrader GBPUSD,H1: Alert: Please check your internet connection
0	16:23:31.506	trend_dtrader GBPUSD,H1: Alert: Please check your internet connection
0	16:23:32.507	trend_dtrader GBPUSD,H1: Alert: Please check your internet connection
0	16:23:33.507	trend_dtrader GBPUSD,H1: Alert: Please check your internet connection
0	16:23:34.507	trend_dtrader GBPUSD,H1: Alert: Please check your internet connection
0	16:23:35.507	trend_dtrader GBPUSD,H1: Alert: Please check your internet connection
0	16:23:36.507	trend_dtrader GBPUSD,H1: Alert: Please check your internet connection
0	16:23:37.507	trend_dtrader GBPUSD,H1: Alert: Please check your internet connection
0	16:23:38.506	trend_dtrader GBPUSD,H1: Alert: Please check your internet connection
0	16:23:39.506	trend_dtrader GBPUSD,H1: Alert: Please check your internet connection
0	16:23:40.507	trend_dtrader GBPUSD,H1: Alert: Please check your internet connection
0	16:23:41.506	trend_dtrader GBPUSD,H1: Alert: Please check your internet connection
0	16:23:42.507	trend_dtrader GBPUSD,H1: Alert: Please check your internet connection
0	16:23:43.507	trend_dtrader GBPUSD,H1: Alert: Please check your internet connection
0	16:23:44.507	trend_dtrader GBPUSD,H1: Alert: Please check your internet connection
0	16:23:45.506	trend_dtrader GBPUSD,H1: Alert: Please check your internet connection
0	16:23:46.507	trend_dtrader GBPUSD,H1: Alert: Please check your internet connection
0	16:23:47.508	trend_dtrader GBPUSD,H1: Alert: Please check your internet connection
0	16:23:48.507	trend_dtrader GBPUSD,H1: Alert: Please check your internet connection
0	16:23:49.507	trend_dtrader GBPUSD,H1: Alert: Please check your internet connection
0	16:23:50.507	trend_dtrader GBPUSD,H1: Alert: Please check your internet connection
0	16:23:51.506	trend_dtrader GBPUSD,H1: Alert: Please check your internet connection
0	16:23:52.515	trend_dtrader GBPUSD,H1: Alert: Please check your internet connection
0	16:23:53.508	trend_dtrader GBPUSD,H1: Alert: Please check your internet connection
0	16:23:54.507	trend_dtrader GBPUSD,H1: Alert: Please check your internet connection
0	16:23:55.517	trend_dtrader GBPUSD,H1: Alert: Please check your internet connection
0	16:23:56.516	trend_dtrader GBPUSD,H1: Alert: Please check your internet connection
0	16:23:57.506	trend_dtrader GBPUSD,H1: Alert: Please check your internet connection
0	16:23:58.510	trend_dtrader GBPUSD,H1: Alert: Please check your internet connection
0	16:23:59.508	trend_dtrader GBPUSD,H1: Alert: Please check your internet connection
0	16:24:00.508	trend_dtrader GBPUSD,H1: Alert: Please check your internet connection
0	16:24:01.507	trend_dtrader GBPUSD,H1: Alert: Please check your internet connection
0	16:24:02.507	trend_dtrader GBPUSD,H1: Alert: Please check your internet connection
0	16:24:03.508	trend_dtrader GBPUSD,H1: Alert: Please check your internet connection
0	16:24:04.507	trend_dtrader GBPUSD,H1: Alert: Please check your internet connection
0	16:24:05.508	trend_dtrader GBPUSD,H1: Alert: Please check your internet connection
0	16:24:06.507	trend_dtrader GBPUSD,H1: Alert: Please check your internet connection
0	16:24:07.507	trend_dtrader GBPUSD,H1: Alert: Please check your internet connection
0	16:24:08.507	trend_dtrader GBPUSD,H1: Alert: Please check your internet connection
0	16:24:09.508	trend_dtrader GBPUSD,H1: Alert: Please check your internet connection
0	16:24:10.508	trend_dtrader GBPUSD,H1: Alert: Please check your internet connection
0	16:24:11.508	trend_dtrader GBPUSD,H1: Alert: Please check your internet connection
0	16:24:12.507	trend_dtrader GBPUSD,H1: Alert: Please check your internet connection
0	16:24:13.507	trend_dtrader GBPUSD,H1: Alert: Please check your internet connection
0	16:24:14.508	trend_dtrader GBPUSD,H1: Alert: Please check your internet connection
0	16:24:15.507	trend_dtrader GBPUSD,H1: Alert: Please check your internet connection
0	16:24:16.507	trend_dtrader GBPUSD,H1: Alert: Please check your internet connection
0	16:24:17.507	trend_dtrader GBPUSD,H1: Alert: Please check your internet connection
0	16:24:18.508	trend_dtrader GBPUSD,H1: Alert: Please check your internet connection
0	16:24:19.507	trend_dtrader GBPUSD,H1: Alert: Please check your internet connection
0	16:24:20.508	trend_dtrader GBPUSD,H1: Alert: Please check your internet connection
0	16:24:21.507	trend_dtrader GBPUSD,H1: Alert: Please check your internet connection
0	16:24:22.507	trend_dtrader GBPUSD,H1: Alert: Please check your internet connection
0	16:24:23.507	trend_dtrader GBPUSD,H1: Alert: Please check your internet connection
0	16:24:24.508	trend_dtrader GBPUSD,H1: Alert: Please check your internet connection
0	16:24:25.508	trend_dtrader GBPUSD,H1: Alert: Please check your internet connection
0	16:24:26.508	trend_dtrader GBPUSD,H1: Alert: Please check your internet connection
0	16:24:27.507	trend_dtrader GBPUSD,H1: Alert: Please check your internet connection
0	16:24:28.507	trend_dtrader GBPUSD,H1: Alert: Please check your internet connection
0	16:24:29.508	trend_dtrader GBPUSD,H1: Alert: Please check your internet connection
0	16:24:30.508	trend_dtrader GBPUSD,H1: Alert: Please check your internet connection
0	16:24:31.508	trend_dtrader GBPUSD,H1: Alert: Please check your internet connection
0	16:24:32.508	trend_dtrader GBPUSD,H1: Alert: Please check your internet connection
0	16:24:33.508	trend_dtrader GBPUSD,H1: Alert: Please check your internet connection
0	16:24:34.509	trend_dtrader GBPUSD,H1: Alert: Please check your internet connection
0	16:24:35.508	trend_dtrader GBPUSD,H1: Alert: Please check your internet connection
0	16:24:36.508	trend_dtrader GBPUSD,H1: Alert: Please check your internet connection
0	16:24:37.508	trend_dtrader GBPUSD,H1: Alert: Please check your internet connection
0	16:24:38.508	trend_dtrader GBPUSD,H1: Alert: Please check your internet connection
0	16:24:39.509	trend_dtrader GBPUSD,H1: Alert: Please check your internet connection
0	16:24:40.508	trend_dtrader GBPUSD,H1: Alert: Please check your internet connection
0	16:24:41.507	trend_dtrader GBPUSD,H1: Alert: Please check your internet connection
0	16:24:42.507	trend_dtrader GBPUSD,H1: Alert: Please check your internet connection
0	16:24:43.507	trend_dtrader GBPUSD,H1: Alert: Please check your internet connection
0	16:24:44.507	trend_dtrader GBPUSD,H1: Alert: Please check your internet connection
0	16:24:45.508	trend_dtrader GBPUSD,H1: Alert: Please check your internet connection
0	16:24:46.508	trend_dtrader GBPUSD,H1: Alert: Please check your internet connection
0	16:24:47.508	trend_dtrader GBPUSD,H1: Alert: Please check your internet connection
0	16:24:48.508	trend_dtrader GBPUSD,H1: Alert: Please check your internet connection
0	16:24:49.509	trend_dtrader GBPUSD,H1: Alert: Please check your internet connection
0	16:24:50.508	trend_dtrader GBPUSD,H1: Alert: Please check your internet connection
0	16:24:51.508	trend_dtrader GBPUSD,H1: Alert: Please check your internet connection
0	16:24:52.508	trend_dtrader GBPUSD,H1: Alert: Please check your internet connection
0	16:24:53.508	trend_dtrader GBPUSD,H1: Alert: Please check your internet connection
0	16:24:54.508	trend_dtrader GBPUSD,H1: Alert: Please check your internet connection
0	16:24:55.507	trend_dtrader GBPUSD,H1: Alert: Please check your internet connection
0	16:24:56.508	trend_dtrader GBPUSD,H1: Alert: Please check your internet connection
0	16:24:57.507	trend_dtrader GBPUSD,H1: Alert: Please check your internet connection
0	16:24:58.507	trend_dtrader GBPUSD,H1: Alert: Please check your internet connection
0	16:24:59.508	trend_dtrader GBPUSD,H1: Alert: Please check your internet connection
0	16:25:00.507	trend_dtrader GBPUSD,H1: Alert: Please check your internet connection
0	16:25:01.507	trend_dtrader GBPUSD,H1: Alert: Please check your internet connection
0	16:25:02.508	trend_dtrader GBPUSD,H1: Alert: Please check your internet connection
0	16:25:03.508	trend_dtrader GBPUSD,H1: Alert: Please check your internet connection
0	16:25:04.507	trend_dtrader GBPUSD,H1: Alert: Please check your internet connection
0	16:25:05.508	trend_dtrader GBPUSD,H1: Alert: Please check your internet connection
0	16:25:06.508	trend_dtrader GBPUSD,H1: Alert: Please check your internet connection
0	16:25:07.507	trend_dtrader GBPUSD,H1: Alert: Please check your internet connection
0	16:25:08.508	trend_dtrader GBPUSD,H1: Alert: Please check your internet connection
0	16:25:09.508	trend_dtrader GBPUSD,H1: Alert: Please check your internet connection
0	16:25:10.508	trend_dtrader GBPUSD,H1: Alert: Please check your internet connection
0	16:25:11.508	trend_dtrader GBPUSD,H1: Alert: Please check your internet connection
0	16:25:12.508	trend_dtrader GBPUSD,H1: Alert: Please check your internet connection
0	16:25:13.508	trend_dtrader GBPUSD,H1: Alert: Please check your internet connection
0	16:25:14.508	trend_dtrader GBPUSD,H1: Alert: Please check your internet connection
0	16:25:15.508	trend_dtrader GBPUSD,H1: Alert: Please check your internet connection
0	16:25:16.527	trend_dtrader GBPUSD,H1: Alert: Please check your internet connection
0	16:25:17.507	trend_dtrader GBPUSD,H1: Alert: Please check your internet connection
0	16:25:18.508	trend_dtrader GBPUSD,H1: Alert: Please check your internet connection
0	16:25:19.508	trend_dtrader GBPUSD,H1: Alert: Please check your internet connection
0	16:25:20.508	trend_dtrader GBPUSD,H1: Alert: Please check your internet connection
0	16:25:21.509	trend_dtrader GBPUSD,H1: Alert: Please check your internet connection
0	16:25:22.508	trend_dtrader GBPUSD,H1: Alert: Please check your internet connection
0	16:25:23.509	trend_dtrader GBPUSD,H1: Alert: Please check your internet connection
0	16:25:24.508	trend_dtrader GBPUSD,H1: Alert: Please check your internet connection
0	16:25:25.509	trend_dtrader GBPUSD,H1: Alert: Please check your internet connection
0	16:25:26.509	trend_dtrader GBPUSD,H1: Alert: Please check your internet connection
0	16:25:27.508	trend_dtrader GBPUSD,H1: Alert: Please check your internet connection
0	16:25:28.508	trend_dtrader GBPUSD,H1: Alert: Please check your internet connection
0	16:25:29.508	trend_dtrader GBPUSD,H1: Alert: Please check your internet connection
0	16:25:30.509	trend_dtrader GBPUSD,H1: Alert: Please check your internet connection
0	16:25:31.509	trend_dtrader GBPUSD,H1: Alert: Please check your internet connection
0	16:25:32.509	trend_dtrader GBPUSD,H1: Alert: Please check your internet connection
0	16:25:33.509	trend_dtrader GBPUSD,H1: Alert: Please check your internet connection
0	16:25:34.509	trend_dtrader GBPUSD,H1: Alert: Please check your internet connection
0	16:25:35.508	trend_dtrader GBPUSD,H1: Alert: Please check your internet connection
0	16:25:36.508	trend_dtrader GBPUSD,H1: Alert: Please check your internet connection
0	16:25:37.508	trend_dtrader GBPUSD,H1: Alert: Please check your internet connection
0	16:25:38.508	trend_dtrader GBPUSD,H1: Alert: Please check your internet connection
0	16:25:39.509	trend_dtrader GBPUSD,H1: Alert: Please check your internet connection
0	16:25:40.509	trend_dtrader GBPUSD,H1: Alert: Please check your internet connection
0	16:25:41.508	trend_dtrader GBPUSD,H1: Alert: Please check your internet connection
0	16:25:42.509	trend_dtrader GBPUSD,H1: Alert: Please check your internet connection
0	16:25:43.509	trend_dtrader GBPUSD,H1: Alert: Please check your internet connection
0	16:25:44.509	trend_dtrader GBPUSD,H1: Alert: Please check your internet connection
0	16:25:45.509	trend_dtrader GBPUSD,H1: Alert: Please check your internet connection
0	16:25:46.508	trend_dtrader GBPUSD,H1: Alert: Please check your internet connection
0	16:25:47.508	trend_dtrader GBPUSD,H1: Alert: Please check your internet connection
0	16:25:48.509	trend_dtrader GBPUSD,H1: Alert: Please check your internet connection
0	16:25:49.509	trend_dtrader GBPUSD,H1: Alert: Please check your internet connection
0	16:25:50.508	trend_dtrader GBPUSD,H1: Alert: Please check your internet connection
0	16:25:51.509	trend_dtrader GBPUSD,H1: Alert: Please check your internet connection
0	16:25:52.509	trend_dtrader GBPUSD,H1: Alert: Please check your internet connection
0	16:25:53.508	trend_dtrader GBPUSD,H1: Alert: Please check your internet connection
0	16:25:54.508	trend_dtrader GBPUSD,H1: Alert: Please check your internet connection
0	16:25:55.509	trend_dtrader GBPUSD,H1: Alert: Please check your internet connection
0	16:25:56.508	trend_dtrader GBPUSD,H1: Alert: Please check your internet connection
0	16:25:57.509	trend_dtrader GBPUSD,H1: Alert: Please check your internet connection
0	16:25:58.509	trend_dtrader GBPUSD,H1: Alert: Please check your internet connection
0	16:25:59.509	trend_dtrader GBPUSD,H1: Alert: Please check your internet connection
0	16:26:00.508	trend_dtrader GBPUSD,H1: Alert: Please check your internet connection
0	16:26:01.509	trend_dtrader GBPUSD,H1: Alert: Please check your internet connection
0	16:26:02.509	trend_dtrader GBPUSD,H1: Alert: Please check your internet connection
0	16:26:03.509	trend_dtrader GBPUSD,H1: Alert: Please check your internet connection
0	16:26:04.509	trend_dtrader GBPUSD,H1: Alert: Please check your internet connection
0	16:26:05.509	trend_dtrader GBPUSD,H1: Alert: Please check your internet connection
0	16:26:06.509	trend_dtrader GBPUSD,H1: Alert: Please check your internet connection
0	16:26:07.510	trend_dtrader GBPUSD,H1: Alert: Please check your internet connection
0	16:26:08.509	trend_dtrader GBPUSD,H1: Alert: Please check your internet connection
0	16:26:09.509	trend_dtrader GBPUSD,H1: Alert: Please check your internet connection
0	16:26:10.509	trend_dtrader GBPUSD,H1: Alert: Please check your internet connection
0	16:26:11.508	trend_dtrader GBPUSD,H1: Alert: Please check your internet connection
0	16:26:12.508	trend_dtrader GBPUSD,H1: Alert: Please check your internet connection
0	16:26:13.510	trend_dtrader GBPUSD,H1: Alert: Please check your internet connection
0	16:26:14.509	trend_dtrader GBPUSD,H1: Alert: Please check your internet connection
0	16:26:15.509	trend_dtrader GBPUSD,H1: Alert: Please check your internet connection
0	16:26:16.509	trend_dtrader GBPUSD,H1: Alert: Please check your internet connection
0	16:26:17.510	trend_dtrader GBPUSD,H1: Alert: Please check your internet connection
0	16:26:18.510	trend_dtrader GBPUSD,H1: Alert: Please check your internet connection
0	16:26:19.509	trend_dtrader GBPUSD,H1: Alert: Please check your internet connection
0	16:26:20.510	trend_dtrader GBPUSD,H1: Alert: Please check your internet connection
0	16:26:21.510	trend_dtrader GBPUSD,H1: Alert: Please check your internet connection
0	16:26:22.510	trend_dtrader GBPUSD,H1: Alert: Please check your internet connection
0	16:26:23.509	trend_dtrader GBPUSD,H1: Alert: Please check your internet connection
0	16:26:24.509	trend_dtrader GBPUSD,H1: Alert: Please check your internet connection
0	16:26:25.510	trend_dtrader GBPUSD,H1: Alert: Please check your internet connection
0	16:26:26.510	trend_dtrader GBPUSD,H1: Alert: Please check your internet connection
0	16:26:27.509	trend_dtrader GBPUSD,H1: Alert: Please check your internet connection
0	16:26:28.509	trend_dtrader GBPUSD,H1: Alert: Please check your internet connection
0	16:26:29.510	trend_dtrader GBPUSD,H1: Alert: Please check your internet connection
0	16:26:30.509	trend_dtrader GBPUSD,H1: Alert: Please check your internet connection
0	16:26:31.509	trend_dtrader GBPUSD,H1: Alert: Please check your internet connection
0	16:26:32.509	trend_dtrader GBPUSD,H1: Alert: Please check your internet connection
0	16:26:33.510	trend_dtrader GBPUSD,H1: Alert: Please check your internet connection
0	16:26:34.510	trend_dtrader GBPUSD,H1: Alert: Please check your internet connection
0	16:26:35.510	trend_dtrader GBPUSD,H1: Alert: Please check your internet connection
0	16:26:36.510	trend_dtrader GBPUSD,H1: Alert: Please check your internet connection
0	16:26:37.509	trend_dtrader GBPUSD,H1: Alert: Please check your internet connection
0	16:26:38.509	trend_dtrader GBPUSD,H1: Alert: Please check your internet connection
0	16:26:39.509	trend_dtrader GBPUSD,H1: Alert: Please check your internet connection
0	16:26:40.510	trend_dtrader GBPUSD,H1: Alert: Please check your internet connection
0	16:26:41.510	trend_dtrader GBPUSD,H1: Alert: Please check your internet connection
0	16:26:42.526	trend_dtrader GBPUSD,H1: Alert: Please check your internet connection
0	16:26:43.509	trend_dtrader GBPUSD,H1: Alert: Please check your internet connection
0	16:26:44.509	trend_dtrader GBPUSD,H1: Alert: Please check your internet connection
0	16:26:45.510	trend_dtrader GBPUSD,H1: Alert: Please check your internet connection
0	16:26:46.510	trend_dtrader GBPUSD,H1: Alert: Please check your internet connection
0	16:26:47.510	trend_dtrader GBPUSD,H1: Alert: Please check your internet connection
0	16:26:48.509	trend_dtrader GBPUSD,H1: Alert: Please check your internet connection
0	16:26:49.509	trend_dtrader GBPUSD,H1: Alert: Please check your internet connection
0	16:26:50.510	trend_dtrader GBPUSD,H1: Alert: Please check your internet connection
0	16:26:51.510	trend_dtrader GBPUSD,H1: Alert: Please check your internet connection
0	16:26:52.510	trend_dtrader GBPUSD,H1: Alert: Please check your internet connection
0	16:26:53.510	trend_dtrader GBPUSD,H1: Alert: Please check your internet connection
0	16:26:54.510	trend_dtrader GBPUSD,H1: Alert: Please check your internet connection
0	16:26:55.510	trend_dtrader GBPUSD,H1: Alert: Please check your internet connection
0	16:26:56.509	trend_dtrader GBPUSD,H1: Alert: Please check your internet connection
0	16:26:57.510	trend_dtrader GBPUSD,H1: Alert: Please check your internet connection
0	16:26:58.510	trend_dtrader GBPUSD,H1: Alert: Please check your internet connection
0	16:26:59.511	trend_dtrader GBPUSD,H1: Alert: Please check your internet connection
0	16:27:00.510	trend_dtrader GBPUSD,H1: Alert: Please check your internet connection
0	16:27:01.510	trend_dtrader GBPUSD,H1: Alert: Please check your internet connection
0	16:27:02.510	trend_dtrader GBPUSD,H1: Alert: Please check your internet connection
0	16:27:03.510	trend_dtrader GBPUSD,H1: Alert: Please check your internet connection
0	16:27:04.510	trend_dtrader GBPUSD,H1: Alert: Please check your internet connection
0	16:27:05.510	trend_dtrader GBPUSD,H1: Alert: Please check your internet connection
0	16:27:06.510	trend_dtrader GBPUSD,H1: Alert: Please check your internet connection
0	16:27:07.510	trend_dtrader GBPUSD,H1: Alert: Please check your internet connection
0	16:27:08.510	trend_dtrader GBPUSD,H1: Alert: Please check your internet connection
0	16:27:09.510	trend_dtrader GBPUSD,H1: Alert: Please check your internet connection
0	16:27:10.510	trend_dtrader GBPUSD,H1: Alert: Please check your internet connection
0	16:27:11.510	trend_dtrader GBPUSD,H1: Alert: Please check your internet connection
0	16:27:12.511	trend_dtrader GBPUSD,H1: Alert: Please check your internet connection
0	16:27:13.510	trend_dtrader GBPUSD,H1: Alert: Please check your internet connection
0	16:27:14.510	trend_dtrader GBPUSD,H1: Alert: Please check your internet connection
0	16:27:15.511	trend_dtrader GBPUSD,H1: Alert: Please check your internet connection
0	16:27:16.510	trend_dtrader GBPUSD,H1: Alert: Please check your internet connection
0	16:27:17.510	trend_dtrader GBPUSD,H1: Alert: Please check your internet connection
0	16:27:18.510	trend_dtrader GBPUSD,H1: Alert: Please check your internet connection
0	16:27:19.510	trend_dtrader GBPUSD,H1: Alert: Please check your internet connection
0	16:27:20.511	trend_dtrader GBPUSD,H1: Alert: Please check your internet connection
0	16:27:21.510	trend_dtrader GBPUSD,H1: Alert: Please check your internet connection
0	16:27:22.510	trend_dtrader GBPUSD,H1: Alert: Please check your internet connection
0	16:27:23.512	trend_dtrader GBPUSD,H1: Alert: Please check your internet connection
0	16:27:24.510	trend_dtrader GBPUSD,H1: Alert: Please check your internet connection
0	16:27:25.510	trend_dtrader GBPUSD,H1: Alert: Please check your internet connection
0	16:27:26.510	trend_dtrader GBPUSD,H1: Alert: Please check your internet connection
0	16:27:27.510	trend_dtrader GBPUSD,H1: Alert: Please check your internet connection
0	16:27:28.510	trend_dtrader GBPUSD,H1: Alert: Please check your internet connection
0	16:27:29.510	trend_dtrader GBPUSD,H1: Alert: Please check your internet connection
0	16:27:30.510	trend_dtrader GBPUSD,H1: Alert: Please check your internet connection
0	16:27:31.511	trend_dtrader GBPUSD,H1: Alert: Please check your internet connection
0	16:27:32.510	trend_dtrader GBPUSD,H1: Alert: Please check your internet connection
0	16:27:33.511	trend_dtrader GBPUSD,H1: Alert: Please check your internet connection
0	16:27:34.510	trend_dtrader GBPUSD,H1: Alert: Please check your internet connection
0	16:27:35.510	trend_dtrader GBPUSD,H1: Alert: Please check your internet connection
0	16:27:36.511	trend_dtrader GBPUSD,H1: Alert: Please check your internet connection
0	16:27:37.510	trend_dtrader GBPUSD,H1: Alert: Please check your internet connection
0	16:27:38.511	trend_dtrader GBPUSD,H1: Alert: Please check your internet connection
0	16:27:39.510	trend_dtrader GBPUSD,H1: Alert: Please check your internet connection
0	16:27:40.510	trend_dtrader GBPUSD,H1: Alert: Please check your internet connection
0	16:27:41.511	trend_dtrader GBPUSD,H1: Alert: Please check your internet connection
0	16:27:42.511	trend_dtrader GBPUSD,H1: Alert: Please check your internet connection
0	16:27:43.511	trend_dtrader GBPUSD,H1: Alert: Please check your internet connection
0	16:27:44.511	trend_dtrader GBPUSD,H1: Alert: Please check your internet connection
0	16:27:45.511	trend_dtrader GBPUSD,H1: Alert: Please check your internet connection
0	16:27:46.510	trend_dtrader GBPUSD,H1: Alert: Please check your internet connection
0	16:27:47.511	trend_dtrader GBPUSD,H1: Alert: Please check your internet connection
0	16:27:48.511	trend_dtrader GBPUSD,H1: Alert: Please check your internet connection
0	16:27:49.511	trend_dtrader GBPUSD,H1: Alert: Please check your internet connection
0	16:27:50.511	trend_dtrader GBPUSD,H1: Alert: Please check your internet connection
0	16:27:51.511	trend_dtrader GBPUSD,H1: Alert: Please check your internet connection
0	16:27:52.511	trend_dtrader GBPUSD,H1: Alert: Please check your internet connection
0	16:27:53.511	trend_dtrader GBPUSD,H1: Alert: Please check your internet connection
0	16:27:54.511	trend_dtrader GBPUSD,H1: Alert: Please check your internet connection
0	16:27:55.510	trend_dtrader GBPUSD,H1: Alert: Please check your internet connection
0	16:27:56.510	trend_dtrader GBPUSD,H1: Alert: Please check your internet connection
0	16:27:57.511	trend_dtrader GBPUSD,H1: Alert: Please check your internet connection
0	16:27:58.512	trend_dtrader GBPUSD,H1: Alert: Please check your internet connection
0	16:27:59.511	trend_dtrader GBPUSD,H1: Alert: Please check your internet connection
0	16:28:00.511	trend_dtrader GBPUSD,H1: Alert: Please check your internet connection
0	16:28:01.511	trend_dtrader GBPUSD,H1: Alert: Please check your internet connection
0	16:28:02.510	trend_dtrader GBPUSD,H1: Alert: Please check your internet connection
0	16:28:03.511	trend_dtrader GBPUSD,H1: Alert: Please check your internet connection
0	16:28:04.511	trend_dtrader GBPUSD,H1: Alert: Please check your internet connection
0	16:28:05.511	trend_dtrader GBPUSD,H1: Alert: Please check your internet connection
0	16:28:06.512	trend_dtrader GBPUSD,H1: Alert: Please check your internet connection
0	16:28:07.511	trend_dtrader GBPUSD,H1: Alert: Please check your internet connection
0	16:28:08.542	trend_dtrader GBPUSD,H1: Alert: Please check your internet connection
0	16:28:09.511	trend_dtrader GBPUSD,H1: Alert: Please check your internet connection
0	16:28:10.511	trend_dtrader GBPUSD,H1: Alert: Please check your internet connection
0	16:28:11.511	trend_dtrader GBPUSD,H1: Alert: Please check your internet connection
0	16:28:12.512	trend_dtrader GBPUSD,H1: Alert: Please check your internet connection
0	16:28:13.511	trend_dtrader GBPUSD,H1: Alert: Please check your internet connection
0	16:28:14.511	trend_dtrader GBPUSD,H1: Alert: Please check your internet connection
0	16:28:15.511	trend_dtrader GBPUSD,H1: Alert: Please check your internet connection
0	16:28:16.511	trend_dtrader GBPUSD,H1: Alert: Please check your internet connection
0	16:28:17.511	trend_dtrader GBPUSD,H1: Alert: Please check your internet connection
0	16:28:18.511	trend_dtrader GBPUSD,H1: Alert: Please check your internet connection
0	16:28:19.512	trend_dtrader GBPUSD,H1: Alert: Please check your internet connection
0	16:28:20.511	trend_dtrader GBPUSD,H1: Alert: Please check your internet connection
0	16:28:21.512	trend_dtrader GBPUSD,H1: Alert: Please check your internet connection
0	16:28:22.511	trend_dtrader GBPUSD,H1: Alert: Please check your internet connection
0	16:28:23.512	trend_dtrader GBPUSD,H1: Alert: Please check your internet connection
0	16:28:24.511	trend_dtrader GBPUSD,H1: Alert: Please check your internet connection
0	16:28:25.512	trend_dtrader GBPUSD,H1: Alert: Please check your internet connection
0	16:28:26.512	trend_dtrader GBPUSD,H1: Alert: Please check your internet connection
0	16:28:27.511	trend_dtrader GBPUSD,H1: Alert: Please check your internet connection
0	16:28:28.511	trend_dtrader GBPUSD,H1: Alert: Please check your internet connection
0	16:28:29.511	trend_dtrader GBPUSD,H1: Alert: Please check your internet connection
0	16:28:30.511	trend_dtrader GBPUSD,H1: Alert: Please check your internet connection
0	16:28:31.512	trend_dtrader GBPUSD,H1: Alert: Please check your internet connection
0	16:28:32.511	trend_dtrader GBPUSD,H1: Alert: Please check your internet connection
0	16:28:33.512	trend_dtrader GBPUSD,H1: Alert: Please check your internet connection
0	16:28:34.512	trend_dtrader GBPUSD,H1: Alert: Please check your internet connection
0	16:28:35.511	trend_dtrader GBPUSD,H1: Alert: Please check your internet connection
0	16:28:36.512	trend_dtrader GBPUSD,H1: Alert: Please check your internet connection
0	16:28:37.512	trend_dtrader GBPUSD,H1: Alert: Please check your internet connection
0	16:28:38.512	trend_dtrader GBPUSD,H1: Alert: Please check your internet connection
0	16:28:39.512	trend_dtrader GBPUSD,H1: Alert: Please check your internet connection
0	16:28:40.512	trend_dtrader GBPUSD,H1: Alert: Please check your internet connection
0	16:28:41.512	trend_dtrader GBPUSD,H1: Alert: Please check your internet connection
0	16:28:42.512	trend_dtrader GBPUSD,H1: Alert: Please check your internet connection
0	16:28:43.511	trend_dtrader GBPUSD,H1: Alert: Please check your internet connection
0	16:28:44.512	trend_dtrader GBPUSD,H1: Alert: Please check your internet connection
0	16:28:45.513	trend_dtrader GBPUSD,H1: Alert: Please check your internet connection
0	16:28:46.512	trend_dtrader GBPUSD,H1: Alert: Please check your internet connection
0	16:28:47.512	trend_dtrader GBPUSD,H1: Alert: Please check your internet connection
0	16:28:48.512	trend_dtrader GBPUSD,H1: Alert: Please check your internet connection
0	16:28:49.512	trend_dtrader GBPUSD,H1: Alert: Please check your internet connection
0	16:28:50.512	trend_dtrader GBPUSD,H1: Alert: Please check your internet connection
0	16:28:51.512	trend_dtrader GBPUSD,H1: Alert: Please check your internet connection
0	16:28:52.511	trend_dtrader GBPUSD,H1: Alert: Please check your internet connection
0	16:28:53.512	trend_dtrader GBPUSD,H1: Alert: Please check your internet connection
0	16:28:54.512	trend_dtrader GBPUSD,H1: Alert: Please check your internet connection
0	16:28:55.512	trend_dtrader GBPUSD,H1: Alert: Please check your internet connection
0	16:28:56.512	trend_dtrader GBPUSD,H1: Alert: Please check your internet connection
0	16:28:57.511	trend_dtrader GBPUSD,H1: Alert: Please check your internet connection
0	16:28:58.513	trend_dtrader GBPUSD,H1: Alert: Please check your internet connection
0	16:28:59.512	trend_dtrader GBPUSD,H1: Alert: Please check your internet connection
0	16:29:00.512	trend_dtrader GBPUSD,H1: Alert: Please check your internet connection
0	16:29:01.512	trend_dtrader GBPUSD,H1: Alert: Please check your internet connection
0	16:29:02.512	trend_dtrader GBPUSD,H1: Alert: Please check your internet connection
0	16:29:03.513	trend_dtrader GBPUSD,H1: Alert: Please check your internet connection
0	16:29:04.512	trend_dtrader GBPUSD,H1: Alert: Please check your internet connection
0	16:29:05.512	trend_dtrader GBPUSD,H1: Alert: Please check your internet connection
0	16:29:06.512	trend_dtrader GBPUSD,H1: Alert: Please check your internet connection
0	16:29:07.512	trend_dtrader GBPUSD,H1: Alert: Please check your internet connection
0	16:29:08.512	trend_dtrader GBPUSD,H1: Alert: Please check your internet connection
0	16:29:09.512	trend_dtrader GBPUSD,H1: Alert: Please check your internet connection
0	16:29:10.512	trend_dtrader GBPUSD,H1: Alert: Please check your internet connection
0	16:29:11.512	trend_dtrader GBPUSD,H1: Alert: Please check your internet connection
0	16:29:12.512	trend_dtrader GBPUSD,H1: Alert: Please check your internet connection
0	16:29:13.513	trend_dtrader GBPUSD,H1: Alert: Please check your internet connection
0	16:29:14.512	trend_dtrader GBPUSD,H1: Alert: Please check your internet connection
0	16:29:15.512	trend_dtrader GBPUSD,H1: Alert: Please check your internet connection
0	16:29:16.512	trend_dtrader GBPUSD,H1: Alert: Please check your internet connection
0	16:29:17.512	trend_dtrader GBPUSD,H1: Alert: Please check your internet connection
0	16:29:18.513	trend_dtrader GBPUSD,H1: Alert: Please check your internet connection
0	16:29:19.512	trend_dtrader GBPUSD,H1: Alert: Please check your internet connection
0	16:29:20.512	trend_dtrader GBPUSD,H1: Alert: Please check your internet connection
0	16:29:21.512	trend_dtrader GBPUSD,H1: Alert: Please check your internet connection
0	16:29:22.513	trend_dtrader GBPUSD,H1: Alert: Please check your internet connection
0	16:29:23.513	trend_dtrader GBPUSD,H1: Alert: Please check your internet connection
0	16:29:24.512	trend_dtrader GBPUSD,H1: Alert: Please check your internet connection
0	16:29:25.512	trend_dtrader GBPUSD,H1: Alert: Please check your internet connection
0	16:29:26.512	trend_dtrader GBPUSD,H1: Alert: Please check your internet connection
0	16:29:27.512	trend_dtrader GBPUSD,H1: Alert: Please check your internet connection
0	16:29:28.512	trend_dtrader GBPUSD,H1: Alert: Please check your internet connection
0	16:29:29.513	trend_dtrader GBPUSD,H1: Alert: Please check your internet connection
0	16:29:30.512	trend_dtrader GBPUSD,H1: Alert: Please check your internet connection
0	16:29:31.513	trend_dtrader GBPUSD,H1: Alert: Please check your internet connection
0	16:29:32.512	trend_dtrader GBPUSD,H1: Alert: Please check your internet connection
0	16:29:33.513	trend_dtrader GBPUSD,H1: Alert: Please check your internet connection
0	16:29:34.523	trend_dtrader GBPUSD,H1: Alert: Please check your internet connection
0	16:29:35.513	trend_dtrader GBPUSD,H1: Alert: Please check your internet connection
0	16:29:36.513	trend_dtrader GBPUSD,H1: Alert: Please check your internet connection
0	16:29:37.512	trend_dtrader GBPUSD,H1: Alert: Please check your internet connection
0	16:29:38.513	trend_dtrader GBPUSD,H1: Alert: Please check your internet connection
0	16:29:39.513	trend_dtrader GBPUSD,H1: Alert: Please check your internet connection
0	16:29:40.512	trend_dtrader GBPUSD,H1: Alert: Please check your internet connection
0	16:29:41.513	trend_dtrader GBPUSD,H1: Alert: Please check your internet connection
0	16:29:42.513	trend_dtrader GBPUSD,H1: Alert: Please check your internet connection
0	16:29:43.513	trend_dtrader GBPUSD,H1: Alert: Please check your internet connection
0	16:29:44.513	trend_dtrader GBPUSD,H1: Alert: Please check your internet connection
0	16:29:45.513	trend_dtrader GBPUSD,H1: Alert: Please check your internet connection
0	16:29:46.513	trend_dtrader GBPUSD,H1: Alert: Please check your internet connection
0	16:29:47.513	trend_dtrader GBPUSD,H1: Alert: Please check your internet connection
0	16:29:48.513	trend_dtrader GBPUSD,H1: Alert: Please check your internet connection
0	16:29:49.513	trend_dtrader GBPUSD,H1: Alert: Please check your internet connection
0	16:29:50.513	trend_dtrader GBPUSD,H1: Alert: Please check your internet connection
0	16:29:51.513	trend_dtrader GBPUSD,H1: Alert: Please check your internet connection
0	16:29:52.515	trend_dtrader GBPUSD,H1: Alert: Please check your internet connection
0	16:29:53.515	trend_dtrader GBPUSD,H1: Alert: Please check your internet connection
0	16:29:54.515	trend_dtrader GBPUSD,H1: Alert: Please check your internet connection
0	16:29:55.513	trend_dtrader GBPUSD,H1: Alert: Please check your internet connection
0	16:29:56.515	trend_dtrader GBPUSD,H1: Alert: Please check your internet connection
0	16:29:57.512	trend_dtrader GBPUSD,H1: Alert: Please check your internet connection
0	16:29:58.512	trend_dtrader GBPUSD,H1: Alert: Please check your internet connection
0	16:29:59.524	trend_dtrader GBPUSD,H1: Alert: Please check your internet connection
0	16:30:00.514	trend_dtrader GBPUSD,H1: Alert: Please check your internet connection
0	16:30:01.524	trend_dtrader GBPUSD,H1: Alert: Please check your internet connection
0	16:30:02.514	trend_dtrader GBPUSD,H1: Alert: Please check your internet connection
0	16:30:03.515	trend_dtrader GBPUSD,H1: Alert: Please check your internet connection
0	16:30:04.514	trend_dtrader GBPUSD,H1: Alert: Please check your internet connection
0	16:30:05.513	trend_dtrader GBPUSD,H1: Alert: Please check your internet connection
0	16:30:06.513	trend_dtrader GBPUSD,H1: Alert: Please check your internet connection
0	16:30:07.514	trend_dtrader GBPUSD,H1: Alert: Please check your internet connection
0	16:30:08.514	trend_dtrader GBPUSD,H1: Alert: Please check your internet connection
0	16:30:09.515	trend_dtrader GBPUSD,H1: Alert: Please check your internet connection
0	16:30:10.515	trend_dtrader GBPUSD,H1: Alert: Please check your internet connection
0	16:30:11.514	trend_dtrader GBPUSD,H1: Alert: Please check your internet connection
0	16:30:12.514	trend_dtrader GBPUSD,H1: Alert: Please check your internet connection
0	16:30:13.526	trend_dtrader GBPUSD,H1: Alert: Please check your internet connection
0	16:30:14.514	trend_dtrader GBPUSD,H1: Alert: Please check your internet connection
0	16:30:15.514	trend_dtrader GBPUSD,H1: Alert: Please check your internet connection
0	16:30:16.513	trend_dtrader GBPUSD,H1: Alert: Please check your internet connection
0	16:30:17.525	trend_dtrader GBPUSD,H1: Alert: Please check your internet connection
0	16:30:18.514	trend_dtrader GBPUSD,H1: Alert: Please check your internet connection
0	16:30:19.514	trend_dtrader GBPUSD,H1: Alert: Please check your internet connection
0	16:30:20.515	trend_dtrader GBPUSD,H1: Alert: Please check your internet connection
0	16:30:21.515	trend_dtrader GBPUSD,H1: Alert: Please check your internet connection
0	16:30:22.515	trend_dtrader GBPUSD,H1: Alert: Please check your internet connection
0	16:30:23.515	trend_dtrader GBPUSD,H1: Alert: Please check your internet connection
0	16:30:24.514	trend_dtrader GBPUSD,H1: Alert: Please check your internet connection
0	16:30:25.514	trend_dtrader GBPUSD,H1: Alert: Please check your internet connection
0	16:30:26.514	trend_dtrader GBPUSD,H1: Alert: Please check your internet connection
0	16:30:27.515	trend_dtrader GBPUSD,H1: Alert: Please check your internet connection
0	16:30:28.514	trend_dtrader GBPUSD,H1: Alert: Please check your internet connection
0	16:30:29.515	trend_dtrader GBPUSD,H1: Alert: Please check your internet connection
0	16:30:30.515	trend_dtrader GBPUSD,H1: Alert: Please check your internet connection
0	16:30:31.515	trend_dtrader GBPUSD,H1: Alert: Please check your internet connection
0	16:30:32.514	trend_dtrader GBPUSD,H1: Alert: Please check your internet connection
0	16:30:33.515	trend_dtrader GBPUSD,H1: Alert: Please check your internet connection
0	16:30:34.514	trend_dtrader GBPUSD,H1: Alert: Please check your internet connection
0	16:30:35.514	trend_dtrader GBPUSD,H1: Alert: Please check your internet connection
0	16:30:36.515	trend_dtrader GBPUSD,H1: Alert: Please check your internet connection
0	16:30:37.515	trend_dtrader GBPUSD,H1: Alert: Please check your internet connection
0	16:30:38.514	trend_dtrader GBPUSD,H1: Alert: Please check your internet connection
0	16:30:39.517	trend_dtrader GBPUSD,H1: Alert: Please check your internet connection
0	16:30:40.513	trend_dtrader GBPUSD,H1: Alert: Please check your internet connection
0	16:30:41.515	trend_dtrader GBPUSD,H1: Alert: Please check your internet connection
0	16:30:42.514	trend_dtrader GBPUSD,H1: Alert: Please check your internet connection
0	16:30:43.513	trend_dtrader GBPUSD,H1: Alert: Please check your internet connection
0	16:30:44.514	trend_dtrader GBPUSD,H1: Alert: Please check your internet connection
0	16:30:45.514	trend_dtrader GBPUSD,H1: Alert: Please check your internet connection
0	16:30:46.514	trend_dtrader GBPUSD,H1: Alert: Please check your internet connection
0	16:30:47.514	trend_dtrader GBPUSD,H1: Alert: Please check your internet connection
0	16:30:48.514	trend_dtrader GBPUSD,H1: Alert: Please check your internet connection
0	16:30:49.514	trend_dtrader GBPUSD,H1: Alert: Please check your internet connection
0	16:30:50.516	trend_dtrader GBPUSD,H1: Alert: Please check your internet connection
0	16:30:51.514	trend_dtrader GBPUSD,H1: Alert: Please check your internet connection
0	16:30:52.514	trend_dtrader GBPUSD,H1: Alert: Please check your internet connection
0	16:30:53.320	trend_dtrader GBPUSD,H1: Alert: Please check your internet connection
0	16:30:54.320	trend_dtrader GBPUSD,H1: Alert: Please check your internet connection
0	16:30:55.320	trend_dtrader GBPUSD,H1: Alert: Please check your internet connection
0	16:30:56.320	trend_dtrader GBPUSD,H1: Alert: Please check your internet connection
0	16:30:57.320	trend_dtrader GBPUSD,H1: Alert: Please check your internet connection
0	17:03:05.894	Compiling '._breakeven'
0	17:03:08.341	Compiling '._Dbot_trader'
0	17:03:09.804	Compiling 'MSP'
0	17:03:11.198	Compiling 'trend_dtrader'
0	17:03:12.603	Compiling 'adx_v4'
0	17:03:33.809	Compiling '._breakeven'
0	17:03:35.260	Compiling '._Dbot_trader'
0	17:03:36.508	Compiling 'MSP'
0	17:03:38.173	Compiling 'trend_dtrader'
0	17:03:39.527	Compiling 'adx_v4'
0	17:03:41.031	Script testing USDCHF,H1: loaded successfully
0	17:03:41.052	testing USDCHF,H1: initialized
0	17:03:41.053	testing USDCHF,H1: 6
0	17:03:41.053	testing USDCHF,H1: uninit reason 0
0	17:03:41.071	Script testing USDCHF,H1: removed
0	17:05:19.288	Compiling '._breakeven'
0	17:05:20.395	Compiling '._Dbot_trader'
0	17:05:21.906	Compiling 'MSP'
0	17:05:23.584	Compiling 'trend_dtrader'
0	17:05:24.883	Compiling 'adx_v4'
0	17:05:26.488	Script testing USDCHF,H1: loaded successfully
0	17:05:26.507	testing USDCHF,H1: initialized
0	17:05:26.508	testing USDCHF,H1: 6
0	17:05:26.508	testing USDCHF,H1: uninit reason 0
0	17:05:26.524	Script testing USDCHF,H1: removed
0	17:06:04.391	Compiling '._breakeven'
0	17:06:05.466	Compiling '._Dbot_trader'
0	17:06:06.747	Compiling 'MSP'
0	17:06:08.060	Compiling 'trend_dtrader'
0	17:06:09.252	Compiling 'adx_v4'
0	17:06:10.602	Script testing USDCHF,H1: loaded successfully
0	17:06:10.618	testing USDCHF,H1: initialized
0	17:06:10.619	testing USDCHF,H1: 6 Current day of week
0	17:06:10.619	testing USDCHF,H1: uninit reason 0
0	17:06:10.631	Script testing USDCHF,H1: removed
0	17:26:00.214	trend_dtrader GBPUSD,H1: Alert: Please check your internet connection
0	17:26:01.213	trend_dtrader GBPUSD,H1: Alert: Please check your internet connection
0	17:26:02.213	trend_dtrader GBPUSD,H1: Alert: Please check your internet connection
0	17:26:03.213	trend_dtrader GBPUSD,H1: Alert: Please check your internet connection
0	17:26:04.214	trend_dtrader GBPUSD,H1: Alert: Please check your internet connection
0	17:26:05.214	trend_dtrader GBPUSD,H1: Alert: Please check your internet connection
0	17:26:06.213	trend_dtrader GBPUSD,H1: Alert: Please check your internet connection
0	17:26:07.214	trend_dtrader GBPUSD,H1: Alert: Please check your internet connection
0	17:26:08.213	trend_dtrader GBPUSD,H1: Alert: Please check your internet connection
0	17:26:09.214	trend_dtrader GBPUSD,H1: Alert: Please check your internet connection
0	17:26:10.213	trend_dtrader GBPUSD,H1: Alert: Please check your internet connection
0	17:26:11.213	trend_dtrader GBPUSD,H1: Alert: Please check your internet connection
0	17:26:12.213	trend_dtrader GBPUSD,H1: Alert: Please check your internet connection
0	17:26:13.214	trend_dtrader GBPUSD,H1: Alert: Please check your internet connection
0	17:26:14.213	trend_dtrader GBPUSD,H1: Alert: Please check your internet connection
0	17:26:15.214	trend_dtrader GBPUSD,H1: Alert: Please check your internet connection
0	17:26:16.213	trend_dtrader GBPUSD,H1: Alert: Please check your internet connection
0	17:26:17.213	trend_dtrader GBPUSD,H1: Alert: Please check your internet connection
0	17:26:18.213	trend_dtrader GBPUSD,H1: Alert: Please check your internet connection
0	17:26:19.213	trend_dtrader GBPUSD,H1: Alert: Please check your internet connection
0	17:26:20.214	trend_dtrader GBPUSD,H1: Alert: Please check your internet connection
0	17:26:21.214	trend_dtrader GBPUSD,H1: Alert: Please check your internet connection
0	17:26:22.213	trend_dtrader GBPUSD,H1: Alert: Please check your internet connection
0	17:26:23.213	trend_dtrader GBPUSD,H1: Alert: Please check your internet connection
0	17:26:24.213	trend_dtrader GBPUSD,H1: Alert: Please check your internet connection
0	17:26:25.212	trend_dtrader GBPUSD,H1: Alert: Please check your internet connection
0	17:26:26.214	trend_dtrader GBPUSD,H1: Alert: Please check your internet connection
0	17:26:27.213	trend_dtrader GBPUSD,H1: Alert: Please check your internet connection
0	17:26:28.213	trend_dtrader GBPUSD,H1: Alert: Please check your internet connection
0	17:26:29.213	trend_dtrader GBPUSD,H1: Alert: Please check your internet connection
0	17:26:30.212	trend_dtrader GBPUSD,H1: Alert: Please check your internet connection
0	17:26:31.213	trend_dtrader GBPUSD,H1: Alert: Please check your internet connection
0	17:26:32.213	trend_dtrader GBPUSD,H1: Alert: Please check your internet connection
0	17:26:33.213	trend_dtrader GBPUSD,H1: Alert: Please check your internet connection
0	17:26:34.213	trend_dtrader GBPUSD,H1: Alert: Please check your internet connection
0	17:26:35.213	trend_dtrader GBPUSD,H1: Alert: Please check your internet connection
0	17:26:36.212	trend_dtrader GBPUSD,H1: Alert: Please check your internet connection
0	17:26:37.214	trend_dtrader GBPUSD,H1: Alert: Please check your internet connection
0	17:26:38.214	trend_dtrader GBPUSD,H1: Alert: Please check your internet connection
0	17:26:39.212	trend_dtrader GBPUSD,H1: Alert: Please check your internet connection
0	17:26:40.212	trend_dtrader GBPUSD,H1: Alert: Please check your internet connection
0	17:26:41.212	trend_dtrader GBPUSD,H1: Alert: Please check your internet connection
0	17:26:42.213	trend_dtrader GBPUSD,H1: Alert: Please check your internet connection
0	17:26:43.212	trend_dtrader GBPUSD,H1: Alert: Please check your internet connection
0	17:26:44.213	trend_dtrader GBPUSD,H1: Alert: Please check your internet connection
0	17:26:45.225	trend_dtrader GBPUSD,H1: Alert: Please check your internet connection
0	17:26:46.213	trend_dtrader GBPUSD,H1: Alert: Please check your internet connection
0	17:26:47.212	trend_dtrader GBPUSD,H1: Alert: Please check your internet connection
0	17:26:48.214	trend_dtrader GBPUSD,H1: Alert: Please check your internet connection
0	17:26:49.213	trend_dtrader GBPUSD,H1: Alert: Please check your internet connection
0	17:26:50.212	trend_dtrader GBPUSD,H1: Alert: Please check your internet connection
0	17:26:51.213	trend_dtrader GBPUSD,H1: Alert: Please check your internet connection
0	17:26:52.213	trend_dtrader GBPUSD,H1: Alert: Please check your internet connection
0	17:26:53.213	trend_dtrader GBPUSD,H1: Alert: Please check your internet connection
0	17:26:54.212	trend_dtrader GBPUSD,H1: Alert: Please check your internet connection
0	17:26:55.213	trend_dtrader GBPUSD,H1: Alert: Please check your internet connection
0	17:26:56.213	trend_dtrader GBPUSD,H1: Alert: Please check your internet connection
0	17:26:57.212	trend_dtrader GBPUSD,H1: Alert: Please check your internet connection
0	17:26:58.213	trend_dtrader GBPUSD,H1: Alert: Please check your internet connection
0	17:26:59.212	trend_dtrader GBPUSD,H1: Alert: Please check your internet connection
0	17:27:00.213	trend_dtrader GBPUSD,H1: Alert: Please check your internet connection
0	17:27:01.213	trend_dtrader GBPUSD,H1: Alert: Please check your internet connection
0	17:27:02.212	trend_dtrader GBPUSD,H1: Alert: Please check your internet connection
0	17:27:03.212	trend_dtrader GBPUSD,H1: Alert: Please check your internet connection
0	17:27:04.213	trend_dtrader GBPUSD,H1: Alert: Please check your internet connection
0	17:27:05.213	trend_dtrader GBPUSD,H1: Alert: Please check your internet connection
0	17:27:06.213	trend_dtrader GBPUSD,H1: Alert: Please check your internet connection
0	17:27:07.213	trend_dtrader GBPUSD,H1: Alert: Please check your internet connection
0	17:27:08.213	trend_dtrader GBPUSD,H1: Alert: Please check your internet connection
0	17:27:09.213	trend_dtrader GBPUSD,H1: Alert: Please check your internet connection
0	17:27:10.213	trend_dtrader GBPUSD,H1: Alert: Please check your internet connection
0	17:27:11.212	trend_dtrader GBPUSD,H1: Alert: Please check your internet connection
0	17:27:12.211	trend_dtrader GBPUSD,H1: Alert: Please check your internet connection
0	17:27:13.211	trend_dtrader GBPUSD,H1: Alert: Please check your internet connection
0	17:27:14.212	trend_dtrader GBPUSD,H1: Alert: Please check your internet connection
0	17:27:15.211	trend_dtrader GBPUSD,H1: Alert: Please check your internet connection
0	17:27:16.211	trend_dtrader GBPUSD,H1: Alert: Please check your internet connection
0	17:27:17.211	trend_dtrader GBPUSD,H1: Alert: Please check your internet connection
0	17:27:18.212	trend_dtrader GBPUSD,H1: Alert: Please check your internet connection
0	17:27:19.212	trend_dtrader GBPUSD,H1: Alert: Please check your internet connection
0	17:27:20.212	trend_dtrader GBPUSD,H1: Alert: Please check your internet connection
0	17:27:21.211	trend_dtrader GBPUSD,H1: Alert: Please check your internet connection
0	17:27:22.211	trend_dtrader GBPUSD,H1: Alert: Please check your internet connection
0	17:27:23.211	trend_dtrader GBPUSD,H1: Alert: Please check your internet connection
0	17:27:24.212	trend_dtrader GBPUSD,H1: Alert: Please check your internet connection
0	17:27:25.212	trend_dtrader GBPUSD,H1: Alert: Please check your internet connection
0	17:27:26.212	trend_dtrader GBPUSD,H1: Alert: Please check your internet connection
0	17:27:27.211	trend_dtrader GBPUSD,H1: Alert: Please check your internet connection
0	17:27:28.211	trend_dtrader GBPUSD,H1: Alert: Please check your internet connection
0	17:27:29.211	trend_dtrader GBPUSD,H1: Alert: Please check your internet connection
0	17:27:30.212	trend_dtrader GBPUSD,H1: Alert: Please check your internet connection
0	17:27:31.211	trend_dtrader GBPUSD,H1: Alert: Please check your internet connection
0	17:27:32.211	trend_dtrader GBPUSD,H1: Alert: Please check your internet connection
0	17:27:33.212	trend_dtrader GBPUSD,H1: Alert: Please check your internet connection
0	17:27:34.212	trend_dtrader GBPUSD,H1: Alert: Please check your internet connection
0	17:27:35.211	trend_dtrader GBPUSD,H1: Alert: Please check your internet connection
0	17:27:36.212	trend_dtrader GBPUSD,H1: Alert: Please check your internet connection
0	17:27:37.211	trend_dtrader GBPUSD,H1: Alert: Please check your internet connection
0	17:27:38.211	trend_dtrader GBPUSD,H1: Alert: Please check your internet connection
0	17:27:39.212	trend_dtrader GBPUSD,H1: Alert: Please check your internet connection
0	17:27:40.211	trend_dtrader GBPUSD,H1: Alert: Please check your internet connection
0	17:27:41.211	trend_dtrader GBPUSD,H1: Alert: Please check your internet connection
0	17:27:42.212	trend_dtrader GBPUSD,H1: Alert: Please check your internet connection
0	17:27:43.212	trend_dtrader GBPUSD,H1: Alert: Please check your internet connection
0	17:27:44.210	trend_dtrader GBPUSD,H1: Alert: Please check your internet connection
0	17:27:45.211	trend_dtrader GBPUSD,H1: Alert: Please check your internet connection
0	17:27:46.211	trend_dtrader GBPUSD,H1: Alert: Please check your internet connection
0	17:27:47.212	trend_dtrader GBPUSD,H1: Alert: Please check your internet connection
0	17:27:48.212	trend_dtrader GBPUSD,H1: Alert: Please check your internet connection
0	17:27:49.211	trend_dtrader GBPUSD,H1: Alert: Please check your internet connection
0	17:27:50.211	trend_dtrader GBPUSD,H1: Alert: Please check your internet connection
0	17:27:51.210	trend_dtrader GBPUSD,H1: Alert: Please check your internet connection
0	17:27:52.211	trend_dtrader GBPUSD,H1: Alert: Please check your internet connection
0	17:27:53.211	trend_dtrader GBPUSD,H1: Alert: Please check your internet connection
0	17:27:54.212	trend_dtrader GBPUSD,H1: Alert: Please check your internet connection
0	17:27:55.211	trend_dtrader GBPUSD,H1: Alert: Please check your internet connection
0	17:27:56.210	trend_dtrader GBPUSD,H1: Alert: Please check your internet connection
0	17:27:57.211	trend_dtrader GBPUSD,H1: Alert: Please check your internet connection
0	17:27:58.211	trend_dtrader GBPUSD,H1: Alert: Please check your internet connection
0	17:27:59.212	trend_dtrader GBPUSD,H1: Alert: Please check your internet connection
0	17:28:00.211	trend_dtrader GBPUSD,H1: Alert: Please check your internet connection
0	17:28:01.210	trend_dtrader GBPUSD,H1: Alert: Please check your internet connection
0	17:28:02.210	trend_dtrader GBPUSD,H1: Alert: Please check your internet connection
0	17:28:03.210	trend_dtrader GBPUSD,H1: Alert: Please check your internet connection
0	17:28:04.211	trend_dtrader GBPUSD,H1: Alert: Please check your internet connection
0	17:28:05.210	trend_dtrader GBPUSD,H1: Alert: Please check your internet connection
0	17:28:06.209	trend_dtrader GBPUSD,H1: Alert: Please check your internet connection
0	17:28:07.211	trend_dtrader GBPUSD,H1: Alert: Please check your internet connection
0	17:28:08.211	trend_dtrader GBPUSD,H1: Alert: Please check your internet connection
0	17:28:09.211	trend_dtrader GBPUSD,H1: Alert: Please check your internet connection
0	17:28:10.211	trend_dtrader GBPUSD,H1: Alert: Please check your internet connection
0	17:28:11.241	trend_dtrader GBPUSD,H1: Alert: Please check your internet connection
0	17:28:12.210	trend_dtrader GBPUSD,H1: Alert: Please check your internet connection
0	17:28:13.211	trend_dtrader GBPUSD,H1: Alert: Please check your internet connection
0	17:28:14.210	trend_dtrader GBPUSD,H1: Alert: Please check your internet connection
0	17:28:15.212	trend_dtrader GBPUSD,H1: Alert: Please check your internet connection
0	17:28:16.210	trend_dtrader GBPUSD,H1: Alert: Please check your internet connection
0	17:28:17.211	trend_dtrader GBPUSD,H1: Alert: Please check your internet connection
0	17:28:18.210	trend_dtrader GBPUSD,H1: Alert: Please check your internet connection
0	17:28:19.212	trend_dtrader GBPUSD,H1: Alert: Please check your internet connection
0	17:28:20.210	trend_dtrader GBPUSD,H1: Alert: Please check your internet connection
0	17:28:21.212	trend_dtrader GBPUSD,H1: Alert: Please check your internet connection
0	17:28:22.210	trend_dtrader GBPUSD,H1: Alert: Please check your internet connection
0	17:28:23.212	trend_dtrader GBPUSD,H1: Alert: Please check your internet connection
0	17:28:24.211	trend_dtrader GBPUSD,H1: Alert: Please check your internet connection
0	17:28:25.212	trend_dtrader GBPUSD,H1: Alert: Please check your internet connection
0	17:28:26.212	trend_dtrader GBPUSD,H1: Alert: Please check your internet connection
0	17:28:27.212	trend_dtrader GBPUSD,H1: Alert: Please check your internet connection
0	17:28:28.210	trend_dtrader GBPUSD,H1: Alert: Please check your internet connection
0	17:28:29.211	trend_dtrader GBPUSD,H1: Alert: Please check your internet connection
0	17:28:30.210	trend_dtrader GBPUSD,H1: Alert: Please check your internet connection
0	17:28:31.211	trend_dtrader GBPUSD,H1: Alert: Please check your internet connection
0	17:28:32.210	trend_dtrader GBPUSD,H1: Alert: Please check your internet connection
0	17:28:33.211	trend_dtrader GBPUSD,H1: Alert: Please check your internet connection
0	17:28:34.211	trend_dtrader GBPUSD,H1: Alert: Please check your internet connection
0	17:28:35.209	trend_dtrader GBPUSD,H1: Alert: Please check your internet connection
0	17:28:36.210	trend_dtrader GBPUSD,H1: Alert: Please check your internet connection
0	17:28:37.211	trend_dtrader GBPUSD,H1: Alert: Please check your internet connection
0	17:28:38.211	trend_dtrader GBPUSD,H1: Alert: Please check your internet connection
0	17:28:39.211	trend_dtrader GBPUSD,H1: Alert: Please check your internet connection
0	17:28:40.211	trend_dtrader GBPUSD,H1: Alert: Please check your internet connection
0	17:28:41.211	trend_dtrader GBPUSD,H1: Alert: Please check your internet connection
0	17:28:42.210	trend_dtrader GBPUSD,H1: Alert: Please check your internet connection
0	17:28:43.210	trend_dtrader GBPUSD,H1: Alert: Please check your internet connection
0	17:28:44.211	trend_dtrader GBPUSD,H1: Alert: Please check your internet connection
0	17:28:45.211	trend_dtrader GBPUSD,H1: Alert: Please check your internet connection
0	17:28:46.210	trend_dtrader GBPUSD,H1: Alert: Please check your internet connection
0	17:28:47.210	trend_dtrader GBPUSD,H1: Alert: Please check your internet connection
0	17:28:48.209	trend_dtrader GBPUSD,H1: Alert: Please check your internet connection
0	17:28:49.210	trend_dtrader GBPUSD,H1: Alert: Please check your internet connection
0	17:28:50.210	trend_dtrader GBPUSD,H1: Alert: Please check your internet connection
0	17:28:51.210	trend_dtrader GBPUSD,H1: Alert: Please check your internet connection
0	17:28:52.210	trend_dtrader GBPUSD,H1: Alert: Please check your internet connection
0	17:28:53.209	trend_dtrader GBPUSD,H1: Alert: Please check your internet connection
0	17:28:54.210	trend_dtrader GBPUSD,H1: Alert: Please check your internet connection
0	17:28:55.211	trend_dtrader GBPUSD,H1: Alert: Please check your internet connection
0	17:28:56.210	trend_dtrader GBPUSD,H1: Alert: Please check your internet connection
0	17:28:57.209	trend_dtrader GBPUSD,H1: Alert: Please check your internet connection
0	17:28:58.211	trend_dtrader GBPUSD,H1: Alert: Please check your internet connection
0	17:28:59.211	trend_dtrader GBPUSD,H1: Alert: Please check your internet connection
0	17:29:00.209	trend_dtrader GBPUSD,H1: Alert: Please check your internet connection
0	17:29:01.210	trend_dtrader GBPUSD,H1: Alert: Please check your internet connection
0	17:29:02.209	trend_dtrader GBPUSD,H1: Alert: Please check your internet connection
0	17:29:03.209	trend_dtrader GBPUSD,H1: Alert: Please check your internet connection
0	17:29:04.209	trend_dtrader GBPUSD,H1: Alert: Please check your internet connection
0	17:29:05.209	trend_dtrader GBPUSD,H1: Alert: Please check your internet connection
0	17:29:06.209	trend_dtrader GBPUSD,H1: Alert: Please check your internet connection
0	17:29:07.225	trend_dtrader GBPUSD,H1: Alert: Please check your internet connection
0	17:29:08.209	trend_dtrader GBPUSD,H1: Alert: Please check your internet connection
0	17:29:09.210	trend_dtrader GBPUSD,H1: Alert: Please check your internet connection
0	17:29:10.211	trend_dtrader GBPUSD,H1: Alert: Please check your internet connection
0	17:29:11.210	trend_dtrader GBPUSD,H1: Alert: Please check your internet connection
0	17:29:12.209	trend_dtrader GBPUSD,H1: Alert: Please check your internet connection
0	17:29:13.210	trend_dtrader GBPUSD,H1: Alert: Please check your internet connection
0	17:29:14.210	trend_dtrader GBPUSD,H1: Alert: Please check your internet connection
0	17:29:15.210	trend_dtrader GBPUSD,H1: Alert: Please check your internet connection
0	17:29:16.209	trend_dtrader GBPUSD,H1: Alert: Please check your internet connection
0	17:29:17.208	trend_dtrader GBPUSD,H1: Alert: Please check your internet connection
0	17:29:18.209	trend_dtrader GBPUSD,H1: Alert: Please check your internet connection
0	17:29:19.210	trend_dtrader GBPUSD,H1: Alert: Please check your internet connection
0	17:29:20.211	trend_dtrader GBPUSD,H1: Alert: Please check your internet connection
0	17:29:21.210	trend_dtrader GBPUSD,H1: Alert: Please check your internet connection
0	17:29:22.208	trend_dtrader GBPUSD,H1: Alert: Please check your internet connection
0	17:29:23.209	trend_dtrader GBPUSD,H1: Alert: Please check your internet connection
0	17:29:24.208	trend_dtrader GBPUSD,H1: Alert: Please check your internet connection
0	17:29:25.209	trend_dtrader GBPUSD,H1: Alert: Please check your internet connection
0	17:29:26.209	trend_dtrader GBPUSD,H1: Alert: Please check your internet connection
0	17:29:27.209	trend_dtrader GBPUSD,H1: Alert: Please check your internet connection
0	17:29:28.208	trend_dtrader GBPUSD,H1: Alert: Please check your internet connection
0	17:29:29.209	trend_dtrader GBPUSD,H1: Alert: Please check your internet connection
0	17:29:30.209	trend_dtrader GBPUSD,H1: Alert: Please check your internet connection
0	17:29:31.209	trend_dtrader GBPUSD,H1: Alert: Please check your internet connection
0	17:29:32.209	trend_dtrader GBPUSD,H1: Alert: Please check your internet connection
0	17:29:33.209	trend_dtrader GBPUSD,H1: Alert: Please check your internet connection
0	17:29:34.209	trend_dtrader GBPUSD,H1: Alert: Please check your internet connection
0	17:29:35.209	trend_dtrader GBPUSD,H1: Alert: Please check your internet connection
0	17:29:36.209	trend_dtrader GBPUSD,H1: Alert: Please check your internet connection
0	17:29:37.208	trend_dtrader GBPUSD,H1: Alert: Please check your internet connection
0	17:29:38.209	trend_dtrader GBPUSD,H1: Alert: Please check your internet connection
0	17:29:39.209	trend_dtrader GBPUSD,H1: Alert: Please check your internet connection
0	17:29:40.209	trend_dtrader GBPUSD,H1: Alert: Please check your internet connection
0	17:29:41.209	trend_dtrader GBPUSD,H1: Alert: Please check your internet connection
0	17:29:42.208	trend_dtrader GBPUSD,H1: Alert: Please check your internet connection
0	17:29:43.209	trend_dtrader GBPUSD,H1: Alert: Please check your internet connection
0	17:29:44.209	trend_dtrader GBPUSD,H1: Alert: Please check your internet connection
0	17:29:45.209	trend_dtrader GBPUSD,H1: Alert: Please check your internet connection
0	17:29:46.208	trend_dtrader GBPUSD,H1: Alert: Please check your internet connection
0	17:29:47.209	trend_dtrader GBPUSD,H1: Alert: Please check your internet connection
0	17:29:48.208	trend_dtrader GBPUSD,H1: Alert: Please check your internet connection
0	17:29:49.209	trend_dtrader GBPUSD,H1: Alert: Please check your internet connection
0	17:29:50.208	trend_dtrader GBPUSD,H1: Alert: Please check your internet connection
0	17:29:51.208	trend_dtrader GBPUSD,H1: Alert: Please check your internet connection
0	17:29:52.209	trend_dtrader GBPUSD,H1: Alert: Please check your internet connection
0	17:29:53.209	trend_dtrader GBPUSD,H1: Alert: Please check your internet connection
0	17:29:54.207	trend_dtrader GBPUSD,H1: Alert: Please check your internet connection
0	17:29:55.208	trend_dtrader GBPUSD,H1: Alert: Please check your internet connection
0	17:29:56.209	trend_dtrader GBPUSD,H1: Alert: Please check your internet connection
0	17:29:57.208	trend_dtrader GBPUSD,H1: Alert: Please check your internet connection
0	17:29:58.209	trend_dtrader GBPUSD,H1: Alert: Please check your internet connection
0	17:29:59.209	trend_dtrader GBPUSD,H1: Alert: Please check your internet connection
0	17:30:00.209	trend_dtrader GBPUSD,H1: Alert: Please check your internet connection
0	17:30:01.209	trend_dtrader GBPUSD,H1: Alert: Please check your internet connection
0	17:30:02.208	trend_dtrader GBPUSD,H1: Alert: Please check your internet connection
0	17:30:03.227	trend_dtrader GBPUSD,H1: Alert: Please check your internet connection
0	17:30:04.209	trend_dtrader GBPUSD,H1: Alert: Please check your internet connection
0	17:30:05.209	trend_dtrader GBPUSD,H1: Alert: Please check your internet connection
0	17:30:06.209	trend_dtrader GBPUSD,H1: Alert: Please check your internet connection
0	17:30:07.207	trend_dtrader GBPUSD,H1: Alert: Please check your internet connection
0	17:30:08.209	trend_dtrader GBPUSD,H1: Alert: Please check your internet connection
0	17:30:09.208	trend_dtrader GBPUSD,H1: Alert: Please check your internet connection
0	17:30:10.207	trend_dtrader GBPUSD,H1: Alert: Please check your internet connection
0	17:30:11.209	trend_dtrader GBPUSD,H1: Alert: Please check your internet connection
0	17:30:12.209	trend_dtrader GBPUSD,H1: Alert: Please check your internet connection
0	17:30:13.209	trend_dtrader GBPUSD,H1: Alert: Please check your internet connection
0	17:30:14.207	trend_dtrader GBPUSD,H1: Alert: Please check your internet connection
0	17:30:15.208	trend_dtrader GBPUSD,H1: Alert: Please check your internet connection
0	17:30:16.208	trend_dtrader GBPUSD,H1: Alert: Please check your internet connection
0	17:30:17.207	trend_dtrader GBPUSD,H1: Alert: Please check your internet connection
0	17:30:18.207	trend_dtrader GBPUSD,H1: Alert: Please check your internet connection
0	17:30:19.208	trend_dtrader GBPUSD,H1: Alert: Please check your internet connection
0	17:30:20.208	trend_dtrader GBPUSD,H1: Alert: Please check your internet connection
0	17:30:21.207	trend_dtrader GBPUSD,H1: Alert: Please check your internet connection
0	17:30:22.208	trend_dtrader GBPUSD,H1: Alert: Please check your internet connection
0	17:30:23.207	trend_dtrader GBPUSD,H1: Alert: Please check your internet connection
0	17:30:24.207	trend_dtrader GBPUSD,H1: Alert: Please check your internet connection
0	17:30:25.208	trend_dtrader GBPUSD,H1: Alert: Please check your internet connection
0	17:30:26.207	trend_dtrader GBPUSD,H1: Alert: Please check your internet connection
0	17:30:27.208	trend_dtrader GBPUSD,H1: Alert: Please check your internet connection
0	17:30:28.208	trend_dtrader GBPUSD,H1: Alert: Please check your internet connection
0	17:30:29.207	trend_dtrader GBPUSD,H1: Alert: Please check your internet connection
0	17:30:30.208	trend_dtrader GBPUSD,H1: Alert: Please check your internet connection
0	17:30:31.208	trend_dtrader GBPUSD,H1: Alert: Please check your internet connection
0	17:30:32.208	trend_dtrader GBPUSD,H1: Alert: Please check your internet connection
0	17:30:33.208	trend_dtrader GBPUSD,H1: Alert: Please check your internet connection
0	17:30:34.207	trend_dtrader GBPUSD,H1: Alert: Please check your internet connection
0	17:30:35.207	trend_dtrader GBPUSD,H1: Alert: Please check your internet connection
0	17:30:36.206	trend_dtrader GBPUSD,H1: Alert: Please check your internet connection
0	17:30:37.207	trend_dtrader GBPUSD,H1: Alert: Please check your internet connection
0	17:30:38.208	trend_dtrader GBPUSD,H1: Alert: Please check your internet connection
0	17:30:39.208	trend_dtrader GBPUSD,H1: Alert: Please check your internet connection
0	17:30:40.208	trend_dtrader GBPUSD,H1: Alert: Please check your internet connection
0	17:30:41.208	trend_dtrader GBPUSD,H1: Alert: Please check your internet connection
0	17:30:42.208	trend_dtrader GBPUSD,H1: Alert: Please check your internet connection
0	17:30:43.208	trend_dtrader GBPUSD,H1: Alert: Please check your internet connection
0	17:30:44.207	trend_dtrader GBPUSD,H1: Alert: Please check your internet connection
0	17:30:45.208	trend_dtrader GBPUSD,H1: Alert: Please check your internet connection
0	17:30:46.207	trend_dtrader GBPUSD,H1: Alert: Please check your internet connection
0	17:30:47.207	trend_dtrader GBPUSD,H1: Alert: Please check your internet connection
0	17:30:48.207	trend_dtrader GBPUSD,H1: Alert: Please check your internet connection
0	17:30:49.206	trend_dtrader GBPUSD,H1: Alert: Please check your internet connection
0	17:30:50.207	trend_dtrader GBPUSD,H1: Alert: Please check your internet connection
0	17:30:51.207	trend_dtrader GBPUSD,H1: Alert: Please check your internet connection
0	17:30:52.206	trend_dtrader GBPUSD,H1: Alert: Please check your internet connection
0	17:30:53.207	trend_dtrader GBPUSD,H1: Alert: Please check your internet connection
0	17:30:54.207	trend_dtrader GBPUSD,H1: Alert: Please check your internet connection
0	17:30:55.207	trend_dtrader GBPUSD,H1: Alert: Please check your internet connection
0	17:30:56.208	trend_dtrader GBPUSD,H1: Alert: Please check your internet connection
0	17:30:57.207	trend_dtrader GBPUSD,H1: Alert: Please check your internet connection
0	17:30:58.207	trend_dtrader GBPUSD,H1: Alert: Please check your internet connection
0	17:30:59.207	trend_dtrader GBPUSD,H1: Alert: Please check your internet connection
0	17:31:00.206	trend_dtrader GBPUSD,H1: Alert: Please check your internet connection
0	17:31:01.207	trend_dtrader GBPUSD,H1: Alert: Please check your internet connection
0	17:31:02.208	trend_dtrader GBPUSD,H1: Alert: Please check your internet connection
0	17:31:03.207	trend_dtrader GBPUSD,H1: Alert: Please check your internet connection
0	17:31:04.205	trend_dtrader GBPUSD,H1: Alert: Please check your internet connection
0	17:31:05.207	trend_dtrader GBPUSD,H1: Alert: Please check your internet connection
0	17:31:06.208	trend_dtrader GBPUSD,H1: Alert: Please check your internet connection
0	17:31:07.208	trend_dtrader GBPUSD,H1: Alert: Please check your internet connection
0	17:31:08.206	trend_dtrader GBPUSD,H1: Alert: Please check your internet connection
0	17:31:09.207	trend_dtrader GBPUSD,H1: Alert: Please check your internet connection
0	17:31:10.207	trend_dtrader GBPUSD,H1: Alert: Please check your internet connection
0	17:31:11.207	trend_dtrader GBPUSD,H1: Alert: Please check your internet connection
0	17:31:12.206	trend_dtrader GBPUSD,H1: Alert: Please check your internet connection
0	17:31:13.206	trend_dtrader GBPUSD,H1: Alert: Please check your internet connection
0	17:31:14.208	trend_dtrader GBPUSD,H1: Alert: Please check your internet connection
0	17:31:15.207	trend_dtrader GBPUSD,H1: Alert: Please check your internet connection
0	17:31:16.206	trend_dtrader GBPUSD,H1: Alert: Please check your internet connection
0	17:31:17.206	trend_dtrader GBPUSD,H1: Alert: Please check your internet connection
0	17:31:18.205	trend_dtrader GBPUSD,H1: Alert: Please check your internet connection
0	17:31:19.206	trend_dtrader GBPUSD,H1: Alert: Please check your internet connection
0	17:31:20.205	trend_dtrader GBPUSD,H1: Alert: Please check your internet connection
0	17:31:21.206	trend_dtrader GBPUSD,H1: Alert: Please check your internet connection
0	17:31:22.207	trend_dtrader GBPUSD,H1: Alert: Please check your internet connection
0	17:31:23.207	trend_dtrader GBPUSD,H1: Alert: Please check your internet connection
0	17:31:24.206	trend_dtrader GBPUSD,H1: Alert: Please check your internet connection
0	17:31:25.206	trend_dtrader GBPUSD,H1: Alert: Please check your internet connection
0	17:31:26.206	trend_dtrader GBPUSD,H1: Alert: Please check your internet connection
0	17:31:27.206	trend_dtrader GBPUSD,H1: Alert: Please check your internet connection
0	17:31:28.206	trend_dtrader GBPUSD,H1: Alert: Please check your internet connection
0	17:31:29.206	trend_dtrader GBPUSD,H1: Alert: Please check your internet connection
0	17:31:30.206	trend_dtrader GBPUSD,H1: Alert: Please check your internet connection
0	17:31:31.206	trend_dtrader GBPUSD,H1: Alert: Please check your internet connection
0	17:31:32.205	trend_dtrader GBPUSD,H1: Alert: Please check your internet connection
0	17:31:33.206	trend_dtrader GBPUSD,H1: Alert: Please check your internet connection
0	17:31:34.207	trend_dtrader GBPUSD,H1: Alert: Please check your internet connection
0	17:31:35.205	trend_dtrader GBPUSD,H1: Alert: Please check your internet connection
0	17:31:36.204	trend_dtrader GBPUSD,H1: Alert: Please check your internet connection
0	17:31:37.206	trend_dtrader GBPUSD,H1: Alert: Please check your internet connection
0	17:31:38.205	trend_dtrader GBPUSD,H1: Alert: Please check your internet connection
0	17:31:39.205	trend_dtrader GBPUSD,H1: Alert: Please check your internet connection
0	17:31:40.206	trend_dtrader GBPUSD,H1: Alert: Please check your internet connection
0	17:31:41.205	trend_dtrader GBPUSD,H1: Alert: Please check your internet connection
0	17:31:42.206	trend_dtrader GBPUSD,H1: Alert: Please check your internet connection
0	17:31:43.205	trend_dtrader GBPUSD,H1: Alert: Please check your internet connection
0	17:31:44.206	trend_dtrader GBPUSD,H1: Alert: Please check your internet connection
0	17:31:45.206	trend_dtrader GBPUSD,H1: Alert: Please check your internet connection
0	17:31:46.206	trend_dtrader GBPUSD,H1: Alert: Please check your internet connection
0	17:31:47.207	trend_dtrader GBPUSD,H1: Alert: Please check your internet connection
0	17:31:48.206	trend_dtrader GBPUSD,H1: Alert: Please check your internet connection
0	17:31:49.205	trend_dtrader GBPUSD,H1: Alert: Please check your internet connection
0	17:31:50.205	trend_dtrader GBPUSD,H1: Alert: Please check your internet connection
0	17:31:51.206	trend_dtrader GBPUSD,H1: Alert: Please check your internet connection
0	17:31:52.207	trend_dtrader GBPUSD,H1: Alert: Please check your internet connection
0	17:31:53.205	trend_dtrader GBPUSD,H1: Alert: Please check your internet connection
0	17:31:54.206	trend_dtrader GBPUSD,H1: Alert: Please check your internet connection
0	17:31:55.209	trend_dtrader GBPUSD,H1: Alert: Please check your internet connection
0	17:31:56.205	trend_dtrader GBPUSD,H1: Alert: Please check your internet connection
0	17:31:57.204	trend_dtrader GBPUSD,H1: Alert: Please check your internet connection
0	17:31:58.204	trend_dtrader GBPUSD,H1: Alert: Please check your internet connection
0	17:31:59.205	trend_dtrader GBPUSD,H1: Alert: Please check your internet connection
0	17:32:00.204	trend_dtrader GBPUSD,H1: Alert: Please check your internet connection
0	17:32:01.206	trend_dtrader GBPUSD,H1: Alert: Please check your internet connection
0	17:32:02.206	trend_dtrader GBPUSD,H1: Alert: Please check your internet connection
0	17:32:03.204	trend_dtrader GBPUSD,H1: Alert: Please check your internet connection
0	17:32:04.205	trend_dtrader GBPUSD,H1: Alert: Please check your internet connection
0	17:32:05.206	trend_dtrader GBPUSD,H1: Alert: Please check your internet connection
0	17:32:06.205	trend_dtrader GBPUSD,H1: Alert: Please check your internet connection
0	17:32:07.206	trend_dtrader GBPUSD,H1: Alert: Please check your internet connection
0	17:32:08.204	trend_dtrader GBPUSD,H1: Alert: Please check your internet connection
0	17:32:09.205	trend_dtrader GBPUSD,H1: Alert: Please check your internet connection
0	17:32:10.206	trend_dtrader GBPUSD,H1: Alert: Please check your internet connection
0	17:32:11.203	trend_dtrader GBPUSD,H1: Alert: Please check your internet connection
0	17:32:12.205	trend_dtrader GBPUSD,H1: Alert: Please check your internet connection
0	17:32:13.206	trend_dtrader GBPUSD,H1: Alert: Please check your internet connection
0	17:32:14.204	trend_dtrader GBPUSD,H1: Alert: Please check your internet connection
0	17:32:15.204	trend_dtrader GBPUSD,H1: Alert: Please check your internet connection
0	17:32:16.204	trend_dtrader GBPUSD,H1: Alert: Please check your internet connection
0	17:32:17.205	trend_dtrader GBPUSD,H1: Alert: Please check your internet connection
0	17:32:18.205	trend_dtrader GBPUSD,H1: Alert: Please check your internet connection
0	17:32:19.204	trend_dtrader GBPUSD,H1: Alert: Please check your internet connection
0	17:32:20.204	trend_dtrader GBPUSD,H1: Alert: Please check your internet connection
0	17:32:21.205	trend_dtrader GBPUSD,H1: Alert: Please check your internet connection
0	17:32:22.204	trend_dtrader GBPUSD,H1: Alert: Please check your internet connection
0	17:32:23.205	trend_dtrader GBPUSD,H1: Alert: Please check your internet connection
0	17:32:24.203	trend_dtrader GBPUSD,H1: Alert: Please check your internet connection
0	17:32:25.205	trend_dtrader GBPUSD,H1: Alert: Please check your internet connection
0	17:32:26.205	trend_dtrader GBPUSD,H1: Alert: Please check your internet connection
0	17:32:27.205	trend_dtrader GBPUSD,H1: Alert: Please check your internet connection
0	17:32:28.204	trend_dtrader GBPUSD,H1: Alert: Please check your internet connection
0	17:32:29.204	trend_dtrader GBPUSD,H1: Alert: Please check your internet connection
0	17:32:30.205	trend_dtrader GBPUSD,H1: Alert: Please check your internet connection
0	17:32:31.205	trend_dtrader GBPUSD,H1: Alert: Please check your internet connection
0	17:32:32.205	trend_dtrader GBPUSD,H1: Alert: Please check your internet connection
0	17:32:33.204	trend_dtrader GBPUSD,H1: Alert: Please check your internet connection
0	17:32:34.205	trend_dtrader GBPUSD,H1: Alert: Please check your internet connection
0	17:32:35.205	trend_dtrader GBPUSD,H1: Alert: Please check your internet connection
0	17:32:36.205	trend_dtrader GBPUSD,H1: Alert: Please check your internet connection
0	17:32:37.204	trend_dtrader GBPUSD,H1: Alert: Please check your internet connection
0	17:32:38.204	trend_dtrader GBPUSD,H1: Alert: Please check your internet connection
0	17:32:39.204	trend_dtrader GBPUSD,H1: Alert: Please check your internet connection
0	17:32:40.205	trend_dtrader GBPUSD,H1: Alert: Please check your internet connection
0	17:32:41.204	trend_dtrader GBPUSD,H1: Alert: Please check your internet connection
0	17:32:42.205	trend_dtrader GBPUSD,H1: Alert: Please check your internet connection
0	17:32:43.204	trend_dtrader GBPUSD,H1: Alert: Please check your internet connection
0	17:32:44.203	trend_dtrader GBPUSD,H1: Alert: Please check your internet connection
0	17:32:45.204	trend_dtrader GBPUSD,H1: Alert: Please check your internet connection
0	17:32:46.204	trend_dtrader GBPUSD,H1: Alert: Please check your internet connection
0	17:32:47.205	trend_dtrader GBPUSD,H1: Alert: Please check your internet connection
0	17:32:48.204	trend_dtrader GBPUSD,H1: Alert: Please check your internet connection
0	17:32:49.204	trend_dtrader GBPUSD,H1: Alert: Please check your internet connection
0	17:32:50.204	trend_dtrader GBPUSD,H1: Alert: Please check your internet connection
0	17:32:51.203	trend_dtrader GBPUSD,H1: Alert: Please check your internet connection
0	17:32:52.204	trend_dtrader GBPUSD,H1: Alert: Please check your internet connection
0	17:32:53.204	trend_dtrader GBPUSD,H1: Alert: Please check your internet connection
0	17:32:54.205	trend_dtrader GBPUSD,H1: Alert: Please check your internet connection
0	17:32:55.203	trend_dtrader GBPUSD,H1: Alert: Please check your internet connection
0	17:32:56.234	trend_dtrader GBPUSD,H1: Alert: Please check your internet connection
0	17:32:57.204	trend_dtrader GBPUSD,H1: Alert: Please check your internet connection
0	17:32:58.204	trend_dtrader GBPUSD,H1: Alert: Please check your internet connection
0	17:32:59.204	trend_dtrader GBPUSD,H1: Alert: Please check your internet connection
0	17:33:00.205	trend_dtrader GBPUSD,H1: Alert: Please check your internet connection
0	17:33:01.202	trend_dtrader GBPUSD,H1: Alert: Please check your internet connection
0	17:33:02.204	trend_dtrader GBPUSD,H1: Alert: Please check your internet connection
0	17:33:03.204	trend_dtrader GBPUSD,H1: Alert: Please check your internet connection
0	17:33:04.202	trend_dtrader GBPUSD,H1: Alert: Please check your internet connection
0	17:33:05.203	trend_dtrader GBPUSD,H1: Alert: Please check your internet connection
0	17:33:06.204	trend_dtrader GBPUSD,H1: Alert: Please check your internet connection
0	17:33:07.204	trend_dtrader GBPUSD,H1: Alert: Please check your internet connection
0	17:33:08.203	trend_dtrader GBPUSD,H1: Alert: Please check your internet connection
0	17:33:09.204	trend_dtrader GBPUSD,H1: Alert: Please check your internet connection
0	17:33:10.204	trend_dtrader GBPUSD,H1: Alert: Please check your internet connection
0	17:33:11.204	trend_dtrader GBPUSD,H1: Alert: Please check your internet connection
0	17:33:12.203	trend_dtrader GBPUSD,H1: Alert: Please check your internet connection
0	17:33:13.203	trend_dtrader GBPUSD,H1: Alert: Please check your internet connection
0	17:33:14.203	trend_dtrader GBPUSD,H1: Alert: Please check your internet connection
0	17:33:15.204	trend_dtrader GBPUSD,H1: Alert: Please check your internet connection
0	17:33:16.204	trend_dtrader GBPUSD,H1: Alert: Please check your internet connection
0	17:33:17.203	trend_dtrader GBPUSD,H1: Alert: Please check your internet connection
0	17:33:18.203	trend_dtrader GBPUSD,H1: Alert: Please check your internet connection
0	17:33:19.204	trend_dtrader GBPUSD,H1: Alert: Please check your internet connection
0	17:33:20.203	trend_dtrader GBPUSD,H1: Alert: Please check your internet connection
0	17:33:21.203	trend_dtrader GBPUSD,H1: Alert: Please check your internet connection
0	17:33:22.203	trend_dtrader GBPUSD,H1: Alert: Please check your internet connection
0	17:33:23.202	trend_dtrader GBPUSD,H1: Alert: Please check your internet connection
0	17:33:24.202	trend_dtrader GBPUSD,H1: Alert: Please check your internet connection
0	17:33:25.203	trend_dtrader GBPUSD,H1: Alert: Please check your internet connection
0	17:33:26.203	trend_dtrader GBPUSD,H1: Alert: Please check your internet connection
0	17:33:27.201	trend_dtrader GBPUSD,H1: Alert: Please check your internet connection
0	17:33:28.202	trend_dtrader GBPUSD,H1: Alert: Please check your internet connection
0	17:33:29.203	trend_dtrader GBPUSD,H1: Alert: Please check your internet connection
0	17:33:30.202	trend_dtrader GBPUSD,H1: Alert: Please check your internet connection
0	17:33:31.202	trend_dtrader GBPUSD,H1: Alert: Please check your internet connection
0	17:33:32.203	trend_dtrader GBPUSD,H1: Alert: Please check your internet connection
0	17:33:33.203	trend_dtrader GBPUSD,H1: Alert: Please check your internet connection
0	17:33:34.203	trend_dtrader GBPUSD,H1: Alert: Please check your internet connection
0	17:33:35.202	trend_dtrader GBPUSD,H1: Alert: Please check your internet connection
0	17:33:36.203	trend_dtrader GBPUSD,H1: Alert: Please check your internet connection
0	17:33:37.202	trend_dtrader GBPUSD,H1: Alert: Please check your internet connection
0	17:33:38.203	trend_dtrader GBPUSD,H1: Alert: Please check your internet connection
0	17:33:39.202	trend_dtrader GBPUSD,H1: Alert: Please check your internet connection
0	17:33:40.201	trend_dtrader GBPUSD,H1: Alert: Please check your internet connection
0	17:33:41.203	trend_dtrader GBPUSD,H1: Alert: Please check your internet connection
0	17:33:42.201	trend_dtrader GBPUSD,H1: Alert: Please check your internet connection
0	17:33:43.203	trend_dtrader GBPUSD,H1: Alert: Please check your internet connection
0	17:33:44.203	trend_dtrader GBPUSD,H1: Alert: Please check your internet connection
0	17:33:45.202	trend_dtrader GBPUSD,H1: Alert: Please check your internet connection
0	17:33:46.203	trend_dtrader GBPUSD,H1: Alert: Please check your internet connection
0	17:33:47.202	trend_dtrader GBPUSD,H1: Alert: Please check your internet connection
0	17:33:48.203	trend_dtrader GBPUSD,H1: Alert: Please check your internet connection
0	17:33:49.201	trend_dtrader GBPUSD,H1: Alert: Please check your internet connection
0	17:33:50.203	trend_dtrader GBPUSD,H1: Alert: Please check your internet connection
0	17:33:51.203	trend_dtrader GBPUSD,H1: Alert: Please check your internet connection
0	17:33:52.203	trend_dtrader GBPUSD,H1: Alert: Please check your internet connection
0	17:33:53.203	trend_dtrader GBPUSD,H1: Alert: Please check your internet connection
0	17:33:54.203	trend_dtrader GBPUSD,H1: Alert: Please check your internet connection
0	17:33:55.201	trend_dtrader GBPUSD,H1: Alert: Please check your internet connection
0	17:33:56.203	trend_dtrader GBPUSD,H1: Alert: Please check your internet connection
0	17:33:57.216	trend_dtrader GBPUSD,H1: Alert: Please check your internet connection
0	17:33:58.202	trend_dtrader GBPUSD,H1: Alert: Please check your internet connection
0	17:33:59.201	trend_dtrader GBPUSD,H1: Alert: Please check your internet connection
0	17:34:00.203	trend_dtrader GBPUSD,H1: Alert: Please check your internet connection
0	17:34:01.202	trend_dtrader GBPUSD,H1: Alert: Please check your internet connection
0	17:34:02.203	trend_dtrader GBPUSD,H1: Alert: Please check your internet connection
0	17:34:03.202	trend_dtrader GBPUSD,H1: Alert: Please check your internet connection
0	17:34:04.203	trend_dtrader GBPUSD,H1: Alert: Please check your internet connection
0	17:34:05.202	trend_dtrader GBPUSD,H1: Alert: Please check your internet connection
0	17:34:06.203	trend_dtrader GBPUSD,H1: Alert: Please check your internet connection
0	17:34:07.202	trend_dtrader GBPUSD,H1: Alert: Please check your internet connection
0	17:34:08.203	trend_dtrader GBPUSD,H1: Alert: Please check your internet connection
0	17:34:09.203	trend_dtrader GBPUSD,H1: Alert: Please check your internet connection
0	17:34:10.203	trend_dtrader GBPUSD,H1: Alert: Please check your internet connection
0	17:34:11.201	trend_dtrader GBPUSD,H1: Alert: Please check your internet connection
0	17:34:12.202	trend_dtrader GBPUSD,H1: Alert: Please check your internet connection
0	17:34:13.203	trend_dtrader GBPUSD,H1: Alert: Please check your internet connection
0	17:34:14.202	trend_dtrader GBPUSD,H1: Alert: Please check your internet connection
0	17:34:15.201	trend_dtrader GBPUSD,H1: Alert: Please check your internet connection
0	17:34:16.202	trend_dtrader GBPUSD,H1: Alert: Please check your internet connection
0	17:34:17.202	trend_dtrader GBPUSD,H1: Alert: Please check your internet connection
0	17:34:18.201	trend_dtrader GBPUSD,H1: Alert: Please check your internet connection
0	17:34:19.201	trend_dtrader GBPUSD,H1: Alert: Please check your internet connection
0	17:34:20.203	trend_dtrader GBPUSD,H1: Alert: Please check your internet connection
0	17:34:21.202	trend_dtrader GBPUSD,H1: Alert: Please check your internet connection
0	17:34:22.202	trend_dtrader GBPUSD,H1: Alert: Please check your internet connection
0	17:34:23.201	trend_dtrader GBPUSD,H1: Alert: Please check your internet connection
0	17:34:24.203	trend_dtrader GBPUSD,H1: Alert: Please check your internet connection
0	17:34:25.201	trend_dtrader GBPUSD,H1: Alert: Please check your internet connection
0	17:34:26.202	trend_dtrader GBPUSD,H1: Alert: Please check your internet connection
0	17:34:27.202	trend_dtrader GBPUSD,H1: Alert: Please check your internet connection
0	17:34:28.202	trend_dtrader GBPUSD,H1: Alert: Please check your internet connection
0	17:34:29.202	trend_dtrader GBPUSD,H1: Alert: Please check your internet connection
0	17:34:30.202	trend_dtrader GBPUSD,H1: Alert: Please check your internet connection
0	17:34:31.202	trend_dtrader GBPUSD,H1: Alert: Please check your internet connection
0	17:34:32.201	trend_dtrader GBPUSD,H1: Alert: Please check your internet connection
0	17:34:33.202	trend_dtrader GBPUSD,H1: Alert: Please check your internet connection
0	17:34:34.202	trend_dtrader GBPUSD,H1: Alert: Please check your internet connection
0	17:34:35.200	trend_dtrader GBPUSD,H1: Alert: Please check your internet connection
0	17:34:36.201	trend_dtrader GBPUSD,H1: Alert: Please check your internet connection
0	17:34:37.200	trend_dtrader GBPUSD,H1: Alert: Please check your internet connection
0	17:34:38.200	trend_dtrader GBPUSD,H1: Alert: Please check your internet connection
0	17:34:39.202	trend_dtrader GBPUSD,H1: Alert: Please check your internet connection
0	17:34:40.202	trend_dtrader GBPUSD,H1: Alert: Please check your internet connection
0	17:34:41.201	trend_dtrader GBPUSD,H1: Alert: Please check your internet connection
0	17:34:42.202	trend_dtrader GBPUSD,H1: Alert: Please check your internet connection
0	17:34:43.201	trend_dtrader GBPUSD,H1: Alert: Please check your internet connection
0	17:34:44.200	trend_dtrader GBPUSD,H1: Alert: Please check your internet connection
0	17:34:45.202	trend_dtrader GBPUSD,H1: Alert: Please check your internet connection
0	17:34:46.200	trend_dtrader GBPUSD,H1: Alert: Please check your internet connection
0	17:34:47.202	trend_dtrader GBPUSD,H1: Alert: Please check your internet connection
0	17:34:48.201	trend_dtrader GBPUSD,H1: Alert: Please check your internet connection
0	17:34:49.202	trend_dtrader GBPUSD,H1: Alert: Please check your internet connection
0	17:34:50.201	trend_dtrader GBPUSD,H1: Alert: Please check your internet connection
0	17:34:51.201	trend_dtrader GBPUSD,H1: Alert: Please check your internet connection
0	17:34:52.202	trend_dtrader GBPUSD,H1: Alert: Please check your internet connection
0	17:34:53.198	trend_dtrader GBPUSD,H1: Alert: Please check your internet connection
0	17:34:54.200	trend_dtrader GBPUSD,H1: Alert: Please check your internet connection
0	17:34:55.201	trend_dtrader GBPUSD,H1: Alert: Please check your internet connection
0	17:34:56.201	trend_dtrader GBPUSD,H1: Alert: Please check your internet connection
0	17:34:57.201	trend_dtrader GBPUSD,H1: Alert: Please check your internet connection
0	17:34:58.215	trend_dtrader GBPUSD,H1: Alert: Please check your internet connection
0	17:34:59.201	trend_dtrader GBPUSD,H1: Alert: Please check your internet connection
0	17:35:00.201	trend_dtrader GBPUSD,H1: Alert: Please check your internet connection
0	17:35:01.201	trend_dtrader GBPUSD,H1: Alert: Please check your internet connection
0	17:35:02.199	trend_dtrader GBPUSD,H1: Alert: Please check your internet connection
0	17:35:03.199	trend_dtrader GBPUSD,H1: Alert: Please check your internet connection
0	17:35:04.201	trend_dtrader GBPUSD,H1: Alert: Please check your internet connection
0	17:35:05.199	trend_dtrader GBPUSD,H1: Alert: Please check your internet connection
0	17:35:06.200	trend_dtrader GBPUSD,H1: Alert: Please check your internet connection
0	17:35:07.201	trend_dtrader GBPUSD,H1: Alert: Please check your internet connection
0	17:35:08.201	trend_dtrader GBPUSD,H1: Alert: Please check your internet connection
0	17:35:09.201	trend_dtrader GBPUSD,H1: Alert: Please check your internet connection
0	17:35:10.201	trend_dtrader GBPUSD,H1: Alert: Please check your internet connection
0	17:35:11.201	trend_dtrader GBPUSD,H1: Alert: Please check your internet connection
0	17:35:12.200	trend_dtrader GBPUSD,H1: Alert: Please check your internet connection
0	17:35:13.201	trend_dtrader GBPUSD,H1: Alert: Please check your internet connection
0	17:35:14.201	trend_dtrader GBPUSD,H1: Alert: Please check your internet connection
0	17:35:15.200	trend_dtrader GBPUSD,H1: Alert: Please check your internet connection
0	17:35:16.200	trend_dtrader GBPUSD,H1: Alert: Please check your internet connection
0	17:35:17.200	trend_dtrader GBPUSD,H1: Alert: Please check your internet connection
0	17:35:18.199	trend_dtrader GBPUSD,H1: Alert: Please check your internet connection
0	17:35:19.201	trend_dtrader GBPUSD,H1: Alert: Please check your internet connection
0	17:35:20.199	trend_dtrader GBPUSD,H1: Alert: Please check your internet connection
0	17:35:21.198	trend_dtrader GBPUSD,H1: Alert: Please check your internet connection
0	17:35:22.201	trend_dtrader GBPUSD,H1: Alert: Please check your internet connection
0	17:35:23.200	trend_dtrader GBPUSD,H1: Alert: Please check your internet connection
0	17:35:24.199	trend_dtrader GBPUSD,H1: Alert: Please check your internet connection
0	17:35:25.201	trend_dtrader GBPUSD,H1: Alert: Please check your internet connection
0	17:35:26.201	trend_dtrader GBPUSD,H1: Alert: Please check your internet connection
0	17:35:27.199	trend_dtrader GBPUSD,H1: Alert: Please check your internet connection
0	17:35:28.200	trend_dtrader GBPUSD,H1: Alert: Please check your internet connection
0	17:35:29.200	trend_dtrader GBPUSD,H1: Alert: Please check your internet connection
0	17:35:30.200	trend_dtrader GBPUSD,H1: Alert: Please check your internet connection
0	17:35:31.201	trend_dtrader GBPUSD,H1: Alert: Please check your internet connection
0	17:35:32.200	trend_dtrader GBPUSD,H1: Alert: Please check your internet connection
0	17:35:33.200	trend_dtrader GBPUSD,H1: Alert: Please check your internet connection
0	17:35:34.199	trend_dtrader GBPUSD,H1: Alert: Please check your internet connection
0	17:35:35.199	trend_dtrader GBPUSD,H1: Alert: Please check your internet connection
0	17:35:36.201	trend_dtrader GBPUSD,H1: Alert: Please check your internet connection
0	17:35:37.199	trend_dtrader GBPUSD,H1: Alert: Please check your internet connection
0	17:35:38.198	trend_dtrader GBPUSD,H1: Alert: Please check your internet connection
0	17:35:39.198	trend_dtrader GBPUSD,H1: Alert: Please check your internet connection
0	17:35:40.201	trend_dtrader GBPUSD,H1: Alert: Please check your internet connection
0	17:35:41.199	trend_dtrader GBPUSD,H1: Alert: Please check your internet connection
0	17:35:42.199	trend_dtrader GBPUSD,H1: Alert: Please check your internet connection
0	17:35:43.198	trend_dtrader GBPUSD,H1: Alert: Please check your internet connection
0	17:35:44.199	trend_dtrader GBPUSD,H1: Alert: Please check your internet connection
0	17:35:45.199	trend_dtrader GBPUSD,H1: Alert: Please check your internet connection
0	17:35:46.199	trend_dtrader GBPUSD,H1: Alert: Please check your internet connection
0	17:35:47.199	trend_dtrader GBPUSD,H1: Alert: Please check your internet connection
0	17:35:48.199	trend_dtrader GBPUSD,H1: Alert: Please check your internet connection
0	17:35:49.200	trend_dtrader GBPUSD,H1: Alert: Please check your internet connection
0	17:35:50.199	trend_dtrader GBPUSD,H1: Alert: Please check your internet connection
0	17:35:51.200	trend_dtrader GBPUSD,H1: Alert: Please check your internet connection
0	17:35:52.199	trend_dtrader GBPUSD,H1: Alert: Please check your internet connection
0	17:35:53.198	trend_dtrader GBPUSD,H1: Alert: Please check your internet connection
0	17:35:54.231	trend_dtrader GBPUSD,H1: Alert: Please check your internet connection
0	17:35:55.200	trend_dtrader GBPUSD,H1: Alert: Please check your internet connection
0	17:35:56.199	trend_dtrader GBPUSD,H1: Alert: Please check your internet connection
0	17:35:57.200	trend_dtrader GBPUSD,H1: Alert: Please check your internet connection
0	17:35:58.200	trend_dtrader GBPUSD,H1: Alert: Please check your internet connection
0	17:35:59.199	trend_dtrader GBPUSD,H1: Alert: Please check your internet connection
0	17:36:00.200	trend_dtrader GBPUSD,H1: Alert: Please check your internet connection
0	17:36:01.199	trend_dtrader GBPUSD,H1: Alert: Please check your internet connection
0	17:36:02.199	trend_dtrader GBPUSD,H1: Alert: Please check your internet connection
0	17:36:03.200	trend_dtrader GBPUSD,H1: Alert: Please check your internet connection
0	17:36:04.199	trend_dtrader GBPUSD,H1: Alert: Please check your internet connection
0	17:36:05.199	trend_dtrader GBPUSD,H1: Alert: Please check your internet connection
0	17:36:06.200	trend_dtrader GBPUSD,H1: Alert: Please check your internet connection
0	17:36:07.198	trend_dtrader GBPUSD,H1: Alert: Please check your internet connection
0	17:36:08.199	trend_dtrader GBPUSD,H1: Alert: Please check your internet connection
0	17:36:09.199	trend_dtrader GBPUSD,H1: Alert: Please check your internet connection
0	17:36:10.199	trend_dtrader GBPUSD,H1: Alert: Please check your internet connection
0	17:36:11.199	trend_dtrader GBPUSD,H1: Alert: Please check your internet connection
0	17:36:12.200	trend_dtrader GBPUSD,H1: Alert: Please check your internet connection
0	17:36:13.199	trend_dtrader GBPUSD,H1: Alert: Please check your internet connection
0	17:36:14.198	trend_dtrader GBPUSD,H1: Alert: Please check your internet connection
0	17:36:15.198	trend_dtrader GBPUSD,H1: Alert: Please check your internet connection
0	17:36:16.200	trend_dtrader GBPUSD,H1: Alert: Please check your internet connection
0	17:36:17.200	trend_dtrader GBPUSD,H1: Alert: Please check your internet connection
0	17:36:18.199	trend_dtrader GBPUSD,H1: Alert: Please check your internet connection
0	17:36:19.198	trend_dtrader GBPUSD,H1: Alert: Please check your internet connection
0	17:36:20.199	trend_dtrader GBPUSD,H1: Alert: Please check your internet connection
0	17:36:21.199	trend_dtrader GBPUSD,H1: Alert: Please check your internet connection
0	17:36:22.199	trend_dtrader GBPUSD,H1: Alert: Please check your internet connection
0	17:36:23.199	trend_dtrader GBPUSD,H1: Alert: Please check your internet connection
0	17:36:24.198	trend_dtrader GBPUSD,H1: Alert: Please check your internet connection
0	17:36:25.199	trend_dtrader GBPUSD,H1: Alert: Please check your internet connection
0	17:36:26.199	trend_dtrader GBPUSD,H1: Alert: Please check your internet connection
0	17:36:27.198	trend_dtrader GBPUSD,H1: Alert: Please check your internet connection
0	17:36:28.199	trend_dtrader GBPUSD,H1: Alert: Please check your internet connection
0	17:36:29.197	trend_dtrader GBPUSD,H1: Alert: Please check your internet connection
0	17:36:30.197	trend_dtrader GBPUSD,H1: Alert: Please check your internet connection
0	17:36:31.199	trend_dtrader GBPUSD,H1: Alert: Please check your internet connection
0	17:36:32.197	trend_dtrader GBPUSD,H1: Alert: Please check your internet connection
0	17:36:33.198	trend_dtrader GBPUSD,H1: Alert: Please check your internet connection
0	17:36:34.198	trend_dtrader GBPUSD,H1: Alert: Please check your internet connection
0	17:36:35.199	trend_dtrader GBPUSD,H1: Alert: Please check your internet connection
0	17:36:36.199	trend_dtrader GBPUSD,H1: Alert: Please check your internet connection
0	17:36:37.197	trend_dtrader GBPUSD,H1: Alert: Please check your internet connection
0	17:36:38.197	trend_dtrader GBPUSD,H1: Alert: Please check your internet connection
0	17:36:39.199	trend_dtrader GBPUSD,H1: Alert: Please check your internet connection
0	17:36:40.198	trend_dtrader GBPUSD,H1: Alert: Please check your internet connection
0	17:36:41.198	trend_dtrader GBPUSD,H1: Alert: Please check your internet connection
0	17:36:42.197	trend_dtrader GBPUSD,H1: Alert: Please check your internet connection
0	17:36:43.197	trend_dtrader GBPUSD,H1: Alert: Please check your internet connection
0	17:36:44.197	trend_dtrader GBPUSD,H1: Alert: Please check your internet connection
0	17:36:45.198	trend_dtrader GBPUSD,H1: Alert: Please check your internet connection
0	17:36:46.197	trend_dtrader GBPUSD,H1: Alert: Please check your internet connection
0	17:36:47.197	trend_dtrader GBPUSD,H1: Alert: Please check your internet connection
0	17:36:48.197	trend_dtrader GBPUSD,H1: Alert: Please check your internet connection
0	17:36:49.198	trend_dtrader GBPUSD,H1: Alert: Please check your internet connection
0	17:36:50.231	trend_dtrader GBPUSD,H1: Alert: Please check your internet connection
0	17:36:51.198	trend_dtrader GBPUSD,H1: Alert: Please check your internet connection
0	17:36:52.199	trend_dtrader GBPUSD,H1: Alert: Please check your internet connection
0	17:36:53.199	trend_dtrader GBPUSD,H1: Alert: Please check your internet connection
0	17:36:54.197	trend_dtrader GBPUSD,H1: Alert: Please check your internet connection
0	17:36:55.198	trend_dtrader GBPUSD,H1: Alert: Please check your internet connection
0	17:36:56.198	trend_dtrader GBPUSD,H1: Alert: Please check your internet connection
0	17:36:57.198	trend_dtrader GBPUSD,H1: Alert: Please check your internet connection
0	17:36:58.197	trend_dtrader GBPUSD,H1: Alert: Please check your internet connection
0	17:36:59.199	trend_dtrader GBPUSD,H1: Alert: Please check your internet connection
0	17:37:00.197	trend_dtrader GBPUSD,H1: Alert: Please check your internet connection
0	17:37:01.199	trend_dtrader GBPUSD,H1: Alert: Please check your internet connection
0	17:37:02.198	trend_dtrader GBPUSD,H1: Alert: Please check your internet connection
0	17:37:03.198	trend_dtrader GBPUSD,H1: Alert: Please check your internet connection
0	17:37:04.197	trend_dtrader GBPUSD,H1: Alert: Please check your internet connection
0	17:37:05.198	trend_dtrader GBPUSD,H1: Alert: Please check your internet connection
0	17:37:06.197	trend_dtrader GBPUSD,H1: Alert: Please check your internet connection
0	17:37:07.196	trend_dtrader GBPUSD,H1: Alert: Please check your internet connection
0	17:37:08.198	trend_dtrader GBPUSD,H1: Alert: Please check your internet connection
0	17:37:09.196	trend_dtrader GBPUSD,H1: Alert: Please check your internet connection
0	17:37:10.196	trend_dtrader GBPUSD,H1: Alert: Please check your internet connection
0	17:37:11.199	trend_dtrader GBPUSD,H1: Alert: Please check your internet connection
0	17:37:12.198	trend_dtrader GBPUSD,H1: Alert: Please check your internet connection
0	17:37:13.198	trend_dtrader GBPUSD,H1: Alert: Please check your internet connection
0	17:37:14.196	trend_dtrader GBPUSD,H1: Alert: Please check your internet connection
0	17:37:15.197	trend_dtrader GBPUSD,H1: Alert: Please check your internet connection
0	17:37:16.197	trend_dtrader GBPUSD,H1: Alert: Please check your internet connection
0	17:37:17.197	trend_dtrader GBPUSD,H1: Alert: Please check your internet connection
0	17:37:18.198	trend_dtrader GBPUSD,H1: Alert: Please check your internet connection
0	17:37:19.196	trend_dtrader GBPUSD,H1: Alert: Please check your internet connection
0	17:37:20.197	trend_dtrader GBPUSD,H1: Alert: Please check your internet connection
0	17:37:21.195	trend_dtrader GBPUSD,H1: Alert: Please check your internet connection
0	17:37:22.196	trend_dtrader GBPUSD,H1: Alert: Please check your internet connection
0	17:37:23.198	trend_dtrader GBPUSD,H1: Alert: Please check your internet connection
0	17:37:24.198	trend_dtrader GBPUSD,H1: Alert: Please check your internet connection
0	17:37:25.197	trend_dtrader GBPUSD,H1: Alert: Please check your internet connection
0	17:37:26.198	trend_dtrader GBPUSD,H1: Alert: Please check your internet connection
0	17:37:27.198	trend_dtrader GBPUSD,H1: Alert: Please check your internet connection
0	17:37:28.198	trend_dtrader GBPUSD,H1: Alert: Please check your internet connection
0	17:37:29.198	trend_dtrader GBPUSD,H1: Alert: Please check your internet connection
0	17:37:30.198	trend_dtrader GBPUSD,H1: Alert: Please check your internet connection
0	17:37:31.197	trend_dtrader GBPUSD,H1: Alert: Please check your internet connection
0	17:37:32.197	trend_dtrader GBPUSD,H1: Alert: Please check your internet connection
0	17:37:33.198	trend_dtrader GBPUSD,H1: Alert: Please check your internet connection
0	17:37:34.196	trend_dtrader GBPUSD,H1: Alert: Please check your internet connection
0	17:37:35.197	trend_dtrader GBPUSD,H1: Alert: Please check your internet connection
0	17:37:36.197	trend_dtrader GBPUSD,H1: Alert: Please check your internet connection
0	17:37:37.198	trend_dtrader GBPUSD,H1: Alert: Please check your internet connection
0	17:37:38.195	trend_dtrader GBPUSD,H1: Alert: Please check your internet connection
0	17:37:39.197	trend_dtrader GBPUSD,H1: Alert: Please check your internet connection
0	17:37:40.196	trend_dtrader GBPUSD,H1: Alert: Please check your internet connection
0	17:37:41.198	trend_dtrader GBPUSD,H1: Alert: Please check your internet connection
0	17:37:42.196	trend_dtrader GBPUSD,H1: Alert: Please check your internet connection
0	17:37:43.195	trend_dtrader GBPUSD,H1: Alert: Please check your internet connection
0	17:37:44.197	trend_dtrader GBPUSD,H1: Alert: Please check your internet connection
0	17:37:45.195	trend_dtrader GBPUSD,H1: Alert: Please check your internet connection
0	17:37:46.197	trend_dtrader GBPUSD,H1: Alert: Please check your internet connection
0	17:37:47.196	trend_dtrader GBPUSD,H1: Alert: Please check your internet connection
0	17:37:48.196	trend_dtrader GBPUSD,H1: Alert: Please check your internet connection
0	17:37:49.197	trend_dtrader GBPUSD,H1: Alert: Please check your internet connection
0	17:37:50.196	trend_dtrader GBPUSD,H1: Alert: Please check your internet connection
0	17:37:51.195	trend_dtrader GBPUSD,H1: Alert: Please check your internet connection
0	17:37:52.195	trend_dtrader GBPUSD,H1: Alert: Please check your internet connection
0	17:37:53.195	trend_dtrader GBPUSD,H1: Alert: Please check your internet connection
0	17:37:54.197	trend_dtrader GBPUSD,H1: Alert: Please check your internet connection
0	17:37:55.196	trend_dtrader GBPUSD,H1: Alert: Please check your internet connection
0	17:37:56.197	trend_dtrader GBPUSD,H1: Alert: Please check your internet connection
0	17:37:57.196	trend_dtrader GBPUSD,H1: Alert: Please check your internet connection
0	17:37:58.195	trend_dtrader GBPUSD,H1: Alert: Please check your internet connection
0	17:37:59.197	trend_dtrader GBPUSD,H1: Alert: Please check your internet connection
0	17:38:00.195	trend_dtrader GBPUSD,H1: Alert: Please check your internet connection
0	17:38:01.197	trend_dtrader GBPUSD,H1: Alert: Please check your internet connection
0	17:38:02.196	trend_dtrader GBPUSD,H1: Alert: Please check your internet connection
0	17:38:03.195	trend_dtrader GBPUSD,H1: Alert: Please check your internet connection
0	17:38:04.196	trend_dtrader GBPUSD,H1: Alert: Please check your internet connection
0	17:38:05.197	trend_dtrader GBPUSD,H1: Alert: Please check your internet connection
0	17:38:06.197	trend_dtrader GBPUSD,H1: Alert: Please check your internet connection
0	17:38:07.195	trend_dtrader GBPUSD,H1: Alert: Please check your internet connection
0	17:38:08.197	trend_dtrader GBPUSD,H1: Alert: Please check your internet connection
0	17:38:09.197	trend_dtrader GBPUSD,H1: Alert: Please check your internet connection
0	17:38:10.196	trend_dtrader GBPUSD,H1: Alert: Please check your internet connection
0	17:38:11.196	trend_dtrader GBPUSD,H1: Alert: Please check your internet connection
0	17:38:12.195	trend_dtrader GBPUSD,H1: Alert: Please check your internet connection
0	17:38:13.196	trend_dtrader GBPUSD,H1: Alert: Please check your internet connection
0	17:38:14.196	trend_dtrader GBPUSD,H1: Alert: Please check your internet connection
0	17:38:15.197	trend_dtrader GBPUSD,H1: Alert: Please check your internet connection
0	17:38:16.196	trend_dtrader GBPUSD,H1: Alert: Please check your internet connection
0	17:38:17.197	trend_dtrader GBPUSD,H1: Alert: Please check your internet connection
0	17:38:18.195	trend_dtrader GBPUSD,H1: Alert: Please check your internet connection
0	17:38:19.197	trend_dtrader GBPUSD,H1: Alert: Please check your internet connection
0	17:38:20.195	trend_dtrader GBPUSD,H1: Alert: Please check your internet connection
0	17:38:21.197	trend_dtrader GBPUSD,H1: Alert: Please check your internet connection
0	17:38:22.196	trend_dtrader GBPUSD,H1: Alert: Please check your internet connection
0	17:38:23.195	trend_dtrader GBPUSD,H1: Alert: Please check your internet connection
0	17:38:24.196	trend_dtrader GBPUSD,H1: Alert: Please check your internet connection
0	17:38:25.196	trend_dtrader GBPUSD,H1: Alert: Please check your internet connection
0	17:38:26.196	trend_dtrader GBPUSD,H1: Alert: Please check your internet connection
0	17:38:27.196	trend_dtrader GBPUSD,H1: Alert: Please check your internet connection
0	17:38:28.196	trend_dtrader GBPUSD,H1: Alert: Please check your internet connection
0	17:38:29.195	trend_dtrader GBPUSD,H1: Alert: Please check your internet connection
0	17:38:30.196	trend_dtrader GBPUSD,H1: Alert: Please check your internet connection
0	17:38:31.195	trend_dtrader GBPUSD,H1: Alert: Please check your internet connection
0	17:38:32.193	trend_dtrader GBPUSD,H1: Alert: Please check your internet connection
0	17:38:33.194	trend_dtrader GBPUSD,H1: Alert: Please check your internet connection
0	17:38:34.196	trend_dtrader GBPUSD,H1: Alert: Please check your internet connection
0	17:38:35.196	trend_dtrader GBPUSD,H1: Alert: Please check your internet connection
0	17:38:36.194	trend_dtrader GBPUSD,H1: Alert: Please check your internet connection
0	17:38:37.194	trend_dtrader GBPUSD,H1: Alert: Please check your internet connection
0	17:38:38.196	trend_dtrader GBPUSD,H1: Alert: Please check your internet connection
0	17:38:39.194	trend_dtrader GBPUSD,H1: Alert: Please check your internet connection
0	17:38:40.195	trend_dtrader GBPUSD,H1: Alert: Please check your internet connection
0	17:38:41.194	trend_dtrader GBPUSD,H1: Alert: Please check your internet connection
0	17:38:42.195	trend_dtrader GBPUSD,H1: Alert: Please check your internet connection
0	17:38:43.195	trend_dtrader GBPUSD,H1: Alert: Please check your internet connection
0	17:38:44.195	trend_dtrader GBPUSD,H1: Alert: Please check your internet connection
0	17:38:45.196	trend_dtrader GBPUSD,H1: Alert: Please check your internet connection
0	17:38:46.194	trend_dtrader GBPUSD,H1: Alert: Please check your internet connection
0	17:38:47.202	trend_dtrader GBPUSD,H1: Alert: Please check your internet connection
0	17:38:48.196	trend_dtrader GBPUSD,H1: Alert: Please check your internet connection
0	17:38:49.194	trend_dtrader GBPUSD,H1: Alert: Please check your internet connection
0	17:38:50.195	trend_dtrader GBPUSD,H1: Alert: Please check your internet connection
0	17:38:51.194	trend_dtrader GBPUSD,H1: Alert: Please check your internet connection
0	17:38:52.195	trend_dtrader GBPUSD,H1: Alert: Please check your internet connection
0	17:38:53.193	trend_dtrader GBPUSD,H1: Alert: Please check your internet connection
0	17:38:54.195	trend_dtrader GBPUSD,H1: Alert: Please check your internet connection
0	17:38:55.195	trend_dtrader GBPUSD,H1: Alert: Please check your internet connection
0	17:38:56.193	trend_dtrader GBPUSD,H1: Alert: Please check your internet connection
0	17:38:57.194	trend_dtrader GBPUSD,H1: Alert: Please check your internet connection
0	17:38:58.195	trend_dtrader GBPUSD,H1: Alert: Please check your internet connection
0	17:38:59.196	trend_dtrader GBPUSD,H1: Alert: Please check your internet connection
0	17:39:00.195	trend_dtrader GBPUSD,H1: Alert: Please check your internet connection
0	17:39:01.196	trend_dtrader GBPUSD,H1: Alert: Please check your internet connection
0	17:39:02.195	trend_dtrader GBPUSD,H1: Alert: Please check your internet connection
0	17:39:03.195	trend_dtrader GBPUSD,H1: Alert: Please check your internet connection
0	17:39:04.195	trend_dtrader GBPUSD,H1: Alert: Please check your internet connection
0	17:39:05.195	trend_dtrader GBPUSD,H1: Alert: Please check your internet connection
0	17:39:06.193	trend_dtrader GBPUSD,H1: Alert: Please check your internet connection
0	17:39:07.194	trend_dtrader GBPUSD,H1: Alert: Please check your internet connection
0	17:39:08.193	trend_dtrader GBPUSD,H1: Alert: Please check your internet connection
0	17:39:09.194	trend_dtrader GBPUSD,H1: Alert: Please check your internet connection
0	17:39:10.194	trend_dtrader GBPUSD,H1: Alert: Please check your internet connection
0	17:39:11.193	trend_dtrader GBPUSD,H1: Alert: Please check your internet connection
0	17:39:12.194	trend_dtrader GBPUSD,H1: Alert: Please check your internet connection
0	17:39:13.194	trend_dtrader GBPUSD,H1: Alert: Please check your internet connection
0	17:39:14.194	trend_dtrader GBPUSD,H1: Alert: Please check your internet connection
0	17:39:15.194	trend_dtrader GBPUSD,H1: Alert: Please check your internet connection
0	17:39:16.194	trend_dtrader GBPUSD,H1: Alert: Please check your internet connection
0	17:39:17.193	trend_dtrader GBPUSD,H1: Alert: Please check your internet connection
0	17:39:18.195	trend_dtrader GBPUSD,H1: Alert: Please check your internet connection
0	17:39:19.194	trend_dtrader GBPUSD,H1: Alert: Please check your internet connection
0	17:39:20.195	trend_dtrader GBPUSD,H1: Alert: Please check your internet connection
0	17:39:21.194	trend_dtrader GBPUSD,H1: Alert: Please check your internet connection
0	17:39:22.195	trend_dtrader GBPUSD,H1: Alert: Please check your internet connection
0	17:39:23.195	trend_dtrader GBPUSD,H1: Alert: Please check your internet connection
0	17:39:24.193	trend_dtrader GBPUSD,H1: Alert: Please check your internet connection
0	17:39:25.195	trend_dtrader GBPUSD,H1: Alert: Please check your internet connection
0	17:39:26.194	trend_dtrader GBPUSD,H1: Alert: Please check your internet connection
0	17:39:27.194	trend_dtrader GBPUSD,H1: Alert: Please check your internet connection
0	17:39:28.195	trend_dtrader GBPUSD,H1: Alert: Please check your internet connection
0	17:39:29.193	trend_dtrader GBPUSD,H1: Alert: Please check your internet connection
0	17:39:30.193	trend_dtrader GBPUSD,H1: Alert: Please check your internet connection
0	17:39:31.194	trend_dtrader GBPUSD,H1: Alert: Please check your internet connection
0	17:39:32.194	trend_dtrader GBPUSD,H1: Alert: Please check your internet connection
0	17:39:33.194	trend_dtrader GBPUSD,H1: Alert: Please check your internet connection
0	17:39:34.193	trend_dtrader GBPUSD,H1: Alert: Please check your internet connection
0	17:39:35.192	trend_dtrader GBPUSD,H1: Alert: Please check your internet connection
0	17:39:36.195	trend_dtrader GBPUSD,H1: Alert: Please check your internet connection
0	17:39:37.193	trend_dtrader GBPUSD,H1: Alert: Please check your internet connection
0	17:39:38.193	trend_dtrader GBPUSD,H1: Alert: Please check your internet connection
0	17:39:39.193	trend_dtrader GBPUSD,H1: Alert: Please check your internet connection
0	17:39:40.193	trend_dtrader GBPUSD,H1: Alert: Please check your internet connection
0	17:39:41.195	trend_dtrader GBPUSD,H1: Alert: Please check your internet connection
0	17:39:42.193	trend_dtrader GBPUSD,H1: Alert: Please check your internet connection
0	17:39:43.217	trend_dtrader GBPUSD,H1: Alert: Please check your internet connection
0	17:39:44.193	trend_dtrader GBPUSD,H1: Alert: Please check your internet connection
0	17:39:45.192	trend_dtrader GBPUSD,H1: Alert: Please check your internet connection
0	17:39:46.195	trend_dtrader GBPUSD,H1: Alert: Please check your internet connection
0	17:39:47.193	trend_dtrader GBPUSD,H1: Alert: Please check your internet connection
0	17:39:48.194	trend_dtrader GBPUSD,H1: Alert: Please check your internet connection
0	17:39:49.193	trend_dtrader GBPUSD,H1: Alert: Please check your internet connection
0	17:39:50.193	trend_dtrader GBPUSD,H1: Alert: Please check your internet connection
0	17:39:51.193	trend_dtrader GBPUSD,H1: Alert: Please check your internet connection
0	17:39:52.193	trend_dtrader GBPUSD,H1: Alert: Please check your internet connection
0	17:39:53.194	trend_dtrader GBPUSD,H1: Alert: Please check your internet connection
0	17:39:54.193	trend_dtrader GBPUSD,H1: Alert: Please check your internet connection
0	17:39:55.194	trend_dtrader GBPUSD,H1: Alert: Please check your internet connection
0	17:39:56.194	trend_dtrader GBPUSD,H1: Alert: Please check your internet connection
0	17:39:57.193	trend_dtrader GBPUSD,H1: Alert: Please check your internet connection
0	17:39:58.193	trend_dtrader GBPUSD,H1: Alert: Please check your internet connection
0	17:39:59.193	trend_dtrader GBPUSD,H1: Alert: Please check your internet connection
0	17:40:00.194	trend_dtrader GBPUSD,H1: Alert: Please check your internet connection
0	17:40:01.192	trend_dtrader GBPUSD,H1: Alert: Please check your internet connection
0	17:40:02.193	trend_dtrader GBPUSD,H1: Alert: Please check your internet connection
0	17:40:03.194	trend_dtrader GBPUSD,H1: Alert: Please check your internet connection
0	17:40:04.192	trend_dtrader GBPUSD,H1: Alert: Please check your internet connection
0	17:40:05.193	trend_dtrader GBPUSD,H1: Alert: Please check your internet connection
0	17:40:06.192	trend_dtrader GBPUSD,H1: Alert: Please check your internet connection
0	17:40:07.192	trend_dtrader GBPUSD,H1: Alert: Please check your internet connection
0	17:40:08.194	trend_dtrader GBPUSD,H1: Alert: Please check your internet connection
0	17:40:09.192	trend_dtrader GBPUSD,H1: Alert: Please check your internet connection
0	17:40:10.193	trend_dtrader GBPUSD,H1: Alert: Please check your internet connection
0	17:40:11.193	trend_dtrader GBPUSD,H1: Alert: Please check your internet connection
0	17:40:12.193	trend_dtrader GBPUSD,H1: Alert: Please check your internet connection
0	17:40:13.192	trend_dtrader GBPUSD,H1: Alert: Please check your internet connection
0	17:40:14.192	trend_dtrader GBPUSD,H1: Alert: Please check your internet connection
0	17:40:15.194	trend_dtrader GBPUSD,H1: Alert: Please check your internet connection
0	17:40:16.193	trend_dtrader GBPUSD,H1: Alert: Please check your internet connection
0	17:40:17.192	trend_dtrader GBPUSD,H1: Alert: Please check your internet connection
0	17:40:18.193	trend_dtrader GBPUSD,H1: Alert: Please check your internet connection
0	17:40:19.193	trend_dtrader GBPUSD,H1: Alert: Please check your internet connection
0	17:40:20.191	trend_dtrader GBPUSD,H1: Alert: Please check your internet connection
0	17:40:21.192	trend_dtrader GBPUSD,H1: Alert: Please check your internet connection
0	17:40:22.192	trend_dtrader GBPUSD,H1: Alert: Please check your internet connection
0	17:40:23.192	trend_dtrader GBPUSD,H1: Alert: Please check your internet connection
0	17:40:24.192	trend_dtrader GBPUSD,H1: Alert: Please check your internet connection
0	17:40:25.193	trend_dtrader GBPUSD,H1: Alert: Please check your internet connection
0	17:40:26.192	trend_dtrader GBPUSD,H1: Alert: Please check your internet connection
0	17:40:27.192	trend_dtrader GBPUSD,H1: Alert: Please check your internet connection
0	17:40:28.192	trend_dtrader GBPUSD,H1: Alert: Please check your internet connection
0	17:40:29.191	trend_dtrader GBPUSD,H1: Alert: Please check your internet connection
0	17:40:30.192	trend_dtrader GBPUSD,H1: Alert: Please check your internet connection
0	17:40:31.192	trend_dtrader GBPUSD,H1: Alert: Please check your internet connection
0	17:40:32.193	trend_dtrader GBPUSD,H1: Alert: Please check your internet connection
0	17:40:33.191	trend_dtrader GBPUSD,H1: Alert: Please check your internet connection
0	17:40:34.192	trend_dtrader GBPUSD,H1: Alert: Please check your internet connection
0	17:40:35.192	trend_dtrader GBPUSD,H1: Alert: Please check your internet connection
0	17:40:36.193	trend_dtrader GBPUSD,H1: Alert: Please check your internet connection
0	17:40:37.191	trend_dtrader GBPUSD,H1: Alert: Please check your internet connection
0	17:40:38.193	trend_dtrader GBPUSD,H1: Alert: Please check your internet connection
0	17:40:39.201	trend_dtrader GBPUSD,H1: Alert: Please check your internet connection
0	17:40:40.192	trend_dtrader GBPUSD,H1: Alert: Please check your internet connection
0	17:40:41.192	trend_dtrader GBPUSD,H1: Alert: Please check your internet connection
0	17:40:42.191	trend_dtrader GBPUSD,H1: Alert: Please check your internet connection
0	17:40:43.191	trend_dtrader GBPUSD,H1: Alert: Please check your internet connection
0	17:40:44.192	trend_dtrader GBPUSD,H1: Alert: Please check your internet connection
0	17:40:45.193	trend_dtrader GBPUSD,H1: Alert: Please check your internet connection
0	17:40:46.193	trend_dtrader GBPUSD,H1: Alert: Please check your internet connection
0	17:40:47.192	trend_dtrader GBPUSD,H1: Alert: Please check your internet connection
0	17:40:48.190	trend_dtrader GBPUSD,H1: Alert: Please check your internet connection
0	17:40:49.191	trend_dtrader GBPUSD,H1: Alert: Please check your internet connection
0	17:40:50.193	trend_dtrader GBPUSD,H1: Alert: Please check your internet connection
0	17:40:51.193	trend_dtrader GBPUSD,H1: Alert: Please check your internet connection
0	17:40:52.192	trend_dtrader GBPUSD,H1: Alert: Please check your internet connection
0	17:40:53.192	trend_dtrader GBPUSD,H1: Alert: Please check your internet connection
0	17:40:54.192	trend_dtrader GBPUSD,H1: Alert: Please check your internet connection
0	17:40:55.192	trend_dtrader GBPUSD,H1: Alert: Please check your internet connection
0	17:40:56.192	trend_dtrader GBPUSD,H1: Alert: Please check your internet connection
0	17:40:57.192	trend_dtrader GBPUSD,H1: Alert: Please check your internet connection
0	17:40:58.191	trend_dtrader GBPUSD,H1: Alert: Please check your internet connection
0	17:40:59.191	trend_dtrader GBPUSD,H1: Alert: Please check your internet connection
0	17:41:00.191	trend_dtrader GBPUSD,H1: Alert: Please check your internet connection
0	17:41:01.192	trend_dtrader GBPUSD,H1: Alert: Please check your internet connection
0	17:41:02.192	trend_dtrader GBPUSD,H1: Alert: Please check your internet connection
0	17:41:03.191	trend_dtrader GBPUSD,H1: Alert: Please check your internet connection
0	17:41:04.192	trend_dtrader GBPUSD,H1: Alert: Please check your internet connection
0	17:41:05.192	trend_dtrader GBPUSD,H1: Alert: Please check your internet connection
0	17:41:06.192	trend_dtrader GBPUSD,H1: Alert: Please check your internet connection
0	17:41:07.190	trend_dtrader GBPUSD,H1: Alert: Please check your internet connection
0	17:41:08.192	trend_dtrader GBPUSD,H1: Alert: Please check your internet connection
0	17:41:09.190	trend_dtrader GBPUSD,H1: Alert: Please check your internet connection
0	17:41:10.191	trend_dtrader GBPUSD,H1: Alert: Please check your internet connection
0	17:41:11.192	trend_dtrader GBPUSD,H1: Alert: Please check your internet connection
0	17:41:12.192	trend_dtrader GBPUSD,H1: Alert: Please check your internet connection
0	17:41:13.191	trend_dtrader GBPUSD,H1: Alert: Please check your internet connection
0	17:41:14.192	trend_dtrader GBPUSD,H1: Alert: Please check your internet connection
0	17:41:15.191	trend_dtrader GBPUSD,H1: Alert: Please check your internet connection
0	17:41:16.192	trend_dtrader GBPUSD,H1: Alert: Please check your internet connection
0	17:41:17.190	trend_dtrader GBPUSD,H1: Alert: Please check your internet connection
0	17:41:18.191	trend_dtrader GBPUSD,H1: Alert: Please check your internet connection
0	17:41:19.192	trend_dtrader GBPUSD,H1: Alert: Please check your internet connection
0	17:41:20.192	trend_dtrader GBPUSD,H1: Alert: Please check your internet connection
0	17:41:21.192	trend_dtrader GBPUSD,H1: Alert: Please check your internet connection
0	17:41:22.191	trend_dtrader GBPUSD,H1: Alert: Please check your internet connection
0	17:41:23.191	trend_dtrader GBPUSD,H1: Alert: Please check your internet connection
0	17:41:24.191	trend_dtrader GBPUSD,H1: Alert: Please check your internet connection
0	17:41:25.190	trend_dtrader GBPUSD,H1: Alert: Please check your internet connection
0	17:41:26.190	trend_dtrader GBPUSD,H1: Alert: Please check your internet connection
0	17:41:27.190	trend_dtrader GBPUSD,H1: Alert: Please check your internet connection
0	17:41:28.192	trend_dtrader GBPUSD,H1: Alert: Please check your internet connection
0	17:41:29.191	trend_dtrader GBPUSD,H1: Alert: Please check your internet connection
0	17:41:30.191	trend_dtrader GBPUSD,H1: Alert: Please check your internet connection
0	17:41:31.191	trend_dtrader GBPUSD,H1: Alert: Please check your internet connection
0	17:41:32.191	trend_dtrader GBPUSD,H1: Alert: Please check your internet connection
0	17:41:33.191	trend_dtrader GBPUSD,H1: Alert: Please check your internet connection
0	17:41:34.191	trend_dtrader GBPUSD,H1: Alert: Please check your internet connection
0	17:41:35.213	trend_dtrader GBPUSD,H1: Alert: Please check your internet connection
0	17:41:36.191	trend_dtrader GBPUSD,H1: Alert: Please check your internet connection
0	17:41:37.191	trend_dtrader GBPUSD,H1: Alert: Please check your internet connection
0	17:41:38.191	trend_dtrader GBPUSD,H1: Alert: Please check your internet connection
0	17:41:39.191	trend_dtrader GBPUSD,H1: Alert: Please check your internet connection
0	17:41:40.191	trend_dtrader GBPUSD,H1: Alert: Please check your internet connection
0	17:41:41.191	trend_dtrader GBPUSD,H1: Alert: Please check your internet connection
0	17:41:42.191	trend_dtrader GBPUSD,H1: Alert: Please check your internet connection
0	17:41:43.191	trend_dtrader GBPUSD,H1: Alert: Please check your internet connection
0	17:41:44.191	trend_dtrader GBPUSD,H1: Alert: Please check your internet connection
0	17:41:45.191	trend_dtrader GBPUSD,H1: Alert: Please check your internet connection
0	17:41:46.189	trend_dtrader GBPUSD,H1: Alert: Please check your internet connection
0	17:41:47.189	trend_dtrader GBPUSD,H1: Alert: Please check your internet connection
0	17:41:48.190	trend_dtrader GBPUSD,H1: Alert: Please check your internet connection
0	17:41:49.189	trend_dtrader GBPUSD,H1: Alert: Please check your internet connection
0	17:41:50.191	trend_dtrader GBPUSD,H1: Alert: Please check your internet connection
0	17:41:51.191	trend_dtrader GBPUSD,H1: Alert: Please check your internet connection
0	17:41:52.190	trend_dtrader GBPUSD,H1: Alert: Please check your internet connection
0	17:41:53.191	trend_dtrader GBPUSD,H1: Alert: Please check your internet connection
0	17:41:54.191	trend_dtrader GBPUSD,H1: Alert: Please check your internet connection
0	17:41:55.191	trend_dtrader GBPUSD,H1: Alert: Please check your internet connection
0	17:41:56.190	trend_dtrader GBPUSD,H1: Alert: Please check your internet connection
0	17:41:57.190	trend_dtrader GBPUSD,H1: Alert: Please check your internet connection
0	17:41:58.191	trend_dtrader GBPUSD,H1: Alert: Please check your internet connection
0	17:41:59.189	trend_dtrader GBPUSD,H1: Alert: Please check your internet connection
0	17:42:00.191	trend_dtrader GBPUSD,H1: Alert: Please check your internet connection
0	17:42:01.191	trend_dtrader GBPUSD,H1: Alert: Please check your internet connection
0	17:42:02.191	trend_dtrader GBPUSD,H1: Alert: Please check your internet connection
0	17:42:03.191	trend_dtrader GBPUSD,H1: Alert: Please check your internet connection
0	17:42:04.190	trend_dtrader GBPUSD,H1: Alert: Please check your internet connection
0	17:42:05.189	trend_dtrader GBPUSD,H1: Alert: Please check your internet connection
0	17:42:06.189	trend_dtrader GBPUSD,H1: Alert: Please check your internet connection
0	17:42:07.188	trend_dtrader GBPUSD,H1: Alert: Please check your internet connection
0	17:42:08.190	trend_dtrader GBPUSD,H1: Alert: Please check your internet connection
0	17:42:09.189	trend_dtrader GBPUSD,H1: Alert: Please check your internet connection
0	17:42:10.189	trend_dtrader GBPUSD,H1: Alert: Please check your internet connection
0	17:42:11.189	trend_dtrader GBPUSD,H1: Alert: Please check your internet connection
0	17:42:12.189	trend_dtrader GBPUSD,H1: Alert: Please check your internet connection
0	17:42:13.188	trend_dtrader GBPUSD,H1: Alert: Please check your internet connection
0	17:42:14.189	trend_dtrader GBPUSD,H1: Alert: Please check your internet connection
0	17:42:15.189	trend_dtrader GBPUSD,H1: Alert: Please check your internet connection
0	17:42:16.189	trend_dtrader GBPUSD,H1: Alert: Please check your internet connection
0	17:42:17.190	trend_dtrader GBPUSD,H1: Alert: Please check your internet connection
0	17:42:18.189	trend_dtrader GBPUSD,H1: Alert: Please check your internet connection
0	17:42:22.440	trend_dtrader GBPUSD,H1: Alert: Please check your internet connection
0	17:42:23.183	trend_dtrader GBPUSD,H1: Alert: Please check your internet connection
0	17:57:44.137	trend_dtrader GBPUSD,H1: Alert: Please check your internet connection
0	17:57:45.136	trend_dtrader GBPUSD,H1: Alert: Please check your internet connection
0	17:57:46.136	trend_dtrader GBPUSD,H1: Alert: Please check your internet connection
0	17:57:47.136	trend_dtrader GBPUSD,H1: Alert: Please check your internet connection
0	17:57:48.135	trend_dtrader GBPUSD,H1: Alert: Please check your internet connection
0	17:57:49.135	trend_dtrader GBPUSD,H1: Alert: Please check your internet connection
0	17:57:50.136	trend_dtrader GBPUSD,H1: Alert: Please check your internet connection
0	17:57:51.135	trend_dtrader GBPUSD,H1: Alert: Please check your internet connection
0	17:57:52.137	trend_dtrader GBPUSD,H1: Alert: Please check your internet connection
0	17:57:53.136	trend_dtrader GBPUSD,H1: Alert: Please check your internet connection
0	17:57:54.136	trend_dtrader GBPUSD,H1: Alert: Please check your internet connection
0	17:57:55.136	trend_dtrader GBPUSD,H1: Alert: Please check your internet connection
0	17:57:56.136	trend_dtrader GBPUSD,H1: Alert: Please check your internet connection
0	17:57:57.136	trend_dtrader GBPUSD,H1: Alert: Please check your internet connection
0	17:57:58.135	trend_dtrader GBPUSD,H1: Alert: Please check your internet connection
0	17:57:59.136	trend_dtrader GBPUSD,H1: Alert: Please check your internet connection
0	17:58:00.135	trend_dtrader GBPUSD,H1: Alert: Please check your internet connection
0	17:58:01.135	trend_dtrader GBPUSD,H1: Alert: Please check your internet connection
0	17:58:02.135	trend_dtrader GBPUSD,H1: Alert: Please check your internet connection
0	17:58:03.136	trend_dtrader GBPUSD,H1: Alert: Please check your internet connection
0	17:58:04.135	trend_dtrader GBPUSD,H1: Alert: Please check your internet connection
0	17:58:05.136	trend_dtrader GBPUSD,H1: Alert: Please check your internet connection
0	17:58:06.136	trend_dtrader GBPUSD,H1: Alert: Please check your internet connection
0	17:58:07.135	trend_dtrader GBPUSD,H1: Alert: Please check your internet connection
0	17:58:08.136	trend_dtrader GBPUSD,H1: Alert: Please check your internet connection
0	17:58:09.135	trend_dtrader GBPUSD,H1: Alert: Please check your internet connection
0	17:58:10.135	trend_dtrader GBPUSD,H1: Alert: Please check your internet connection
0	17:58:11.136	trend_dtrader GBPUSD,H1: Alert: Please check your internet connection
0	17:58:12.136	trend_dtrader GBPUSD,H1: Alert: Please check your internet connection
0	17:58:13.136	trend_dtrader GBPUSD,H1: Alert: Please check your internet connection
0	17:58:14.135	trend_dtrader GBPUSD,H1: Alert: Please check your internet connection
0	17:58:15.135	trend_dtrader GBPUSD,H1: Alert: Please check your internet connection
0	17:58:16.136	trend_dtrader GBPUSD,H1: Alert: Please check your internet connection
0	17:58:17.136	trend_dtrader GBPUSD,H1: Alert: Please check your internet connection
0	17:58:18.136	trend_dtrader GBPUSD,H1: Alert: Please check your internet connection
0	17:58:19.135	trend_dtrader GBPUSD,H1: Alert: Please check your internet connection
0	17:58:20.136	trend_dtrader GBPUSD,H1: Alert: Please check your internet connection
0	17:58:21.136	trend_dtrader GBPUSD,H1: Alert: Please check your internet connection
0	17:58:22.136	trend_dtrader GBPUSD,H1: Alert: Please check your internet connection
0	17:58:23.135	trend_dtrader GBPUSD,H1: Alert: Please check your internet connection
0	17:58:24.135	trend_dtrader GBPUSD,H1: Alert: Please check your internet connection
0	17:58:25.136	trend_dtrader GBPUSD,H1: Alert: Please check your internet connection
0	17:58:26.135	trend_dtrader GBPUSD,H1: Alert: Please check your internet connection
0	17:58:27.135	trend_dtrader GBPUSD,H1: Alert: Please check your internet connection
0	17:58:28.135	trend_dtrader GBPUSD,H1: Alert: Please check your internet connection
0	17:58:29.134	trend_dtrader GBPUSD,H1: Alert: Please check your internet connection
0	17:58:30.135	trend_dtrader GBPUSD,H1: Alert: Please check your internet connection
0	17:58:31.134	trend_dtrader GBPUSD,H1: Alert: Please check your internet connection
0	17:58:32.134	trend_dtrader GBPUSD,H1: Alert: Please check your internet connection
0	17:58:33.134	trend_dtrader GBPUSD,H1: Alert: Please check your internet connection
0	17:58:34.135	trend_dtrader GBPUSD,H1: Alert: Please check your internet connection
0	17:58:35.135	trend_dtrader GBPUSD,H1: Alert: Please check your internet connection
0	17:58:36.135	trend_dtrader GBPUSD,H1: Alert: Please check your internet connection
0	17:58:37.135	trend_dtrader GBPUSD,H1: Alert: Please check your internet connection
0	17:58:38.135	trend_dtrader GBPUSD,H1: Alert: Please check your internet connection
0	17:58:39.135	trend_dtrader GBPUSD,H1: Alert: Please check your internet connection
0	17:58:40.134	trend_dtrader GBPUSD,H1: Alert: Please check your internet connection
0	17:58:41.134	trend_dtrader GBPUSD,H1: Alert: Please check your internet connection
0	17:58:42.134	trend_dtrader GBPUSD,H1: Alert: Please check your internet connection
0	17:58:43.135	trend_dtrader GBPUSD,H1: Alert: Please check your internet connection
0	17:58:44.134	trend_dtrader GBPUSD,H1: Alert: Please check your internet connection
0	17:58:45.135	trend_dtrader GBPUSD,H1: Alert: Please check your internet connection
0	17:58:46.135	trend_dtrader GBPUSD,H1: Alert: Please check your internet connection
0	17:58:47.134	trend_dtrader GBPUSD,H1: Alert: Please check your internet connection
0	17:58:48.134	trend_dtrader GBPUSD,H1: Alert: Please check your internet connection
0	17:58:49.135	trend_dtrader GBPUSD,H1: Alert: Please check your internet connection
0	17:58:50.134	trend_dtrader GBPUSD,H1: Alert: Please check your internet connection
0	17:58:51.135	trend_dtrader GBPUSD,H1: Alert: Please check your internet connection
0	17:58:52.134	trend_dtrader GBPUSD,H1: Alert: Please check your internet connection
0	17:58:53.134	trend_dtrader GBPUSD,H1: Alert: Please check your internet connection
0	17:58:54.134	trend_dtrader GBPUSD,H1: Alert: Please check your internet connection
0	17:58:55.134	trend_dtrader GBPUSD,H1: Alert: Please check your internet connection
0	17:58:56.135	trend_dtrader GBPUSD,H1: Alert: Please check your internet connection
0	17:58:57.134	trend_dtrader GBPUSD,H1: Alert: Please check your internet connection
0	17:58:58.134	trend_dtrader GBPUSD,H1: Alert: Please check your internet connection
0	17:58:59.134	trend_dtrader GBPUSD,H1: Alert: Please check your internet connection
0	17:59:00.133	trend_dtrader GBPUSD,H1: Alert: Please check your internet connection
0	17:59:01.133	trend_dtrader GBPUSD,H1: Alert: Please check your internet connection
0	17:59:02.134	trend_dtrader GBPUSD,H1: Alert: Please check your internet connection
0	17:59:03.134	trend_dtrader GBPUSD,H1: Alert: Please check your internet connection
0	17:59:04.134	trend_dtrader GBPUSD,H1: Alert: Please check your internet connection
0	17:59:05.134	trend_dtrader GBPUSD,H1: Alert: Please check your internet connection
0	17:59:06.134	trend_dtrader GBPUSD,H1: Alert: Please check your internet connection
0	17:59:07.134	trend_dtrader GBPUSD,H1: Alert: Please check your internet connection
0	17:59:08.134	trend_dtrader GBPUSD,H1: Alert: Please check your internet connection
0	17:59:09.134	trend_dtrader GBPUSD,H1: Alert: Please check your internet connection
0	17:59:10.133	trend_dtrader GBPUSD,H1: Alert: Please check your internet connection
0	17:59:11.134	trend_dtrader GBPUSD,H1: Alert: Please check your internet connection
0	17:59:12.134	trend_dtrader GBPUSD,H1: Alert: Please check your internet connection
0	17:59:13.133	trend_dtrader GBPUSD,H1: Alert: Please check your internet connection
0	17:59:14.134	trend_dtrader GBPUSD,H1: Alert: Please check your internet connection
0	17:59:15.134	trend_dtrader GBPUSD,H1: Alert: Please check your internet connection
0	17:59:16.134	trend_dtrader GBPUSD,H1: Alert: Please check your internet connection
0	17:59:17.133	trend_dtrader GBPUSD,H1: Alert: Please check your internet connection
0	17:59:18.133	trend_dtrader GBPUSD,H1: Alert: Please check your internet connection
0	17:59:19.134	trend_dtrader GBPUSD,H1: Alert: Please check your internet connection
0	17:59:20.132	trend_dtrader GBPUSD,H1: Alert: Please check your internet connection
0	17:59:21.134	trend_dtrader GBPUSD,H1: Alert: Please check your internet connection
0	17:59:22.134	trend_dtrader GBPUSD,H1: Alert: Please check your internet connection
0	17:59:23.134	trend_dtrader GBPUSD,H1: Alert: Please check your internet connection
0	17:59:24.133	trend_dtrader GBPUSD,H1: Alert: Please check your internet connection
0	17:59:25.132	trend_dtrader GBPUSD,H1: Alert: Please check your internet connection
0	17:59:26.133	trend_dtrader GBPUSD,H1: Alert: Please check your internet connection
0	17:59:27.133	trend_dtrader GBPUSD,H1: Alert: Please check your internet connection
0	17:59:28.133	trend_dtrader GBPUSD,H1: Alert: Please check your internet connection
0	17:59:29.133	trend_dtrader GBPUSD,H1: Alert: Please check your internet connection
0	17:59:30.132	trend_dtrader GBPUSD,H1: Alert: Please check your internet connection
0	17:59:31.133	trend_dtrader GBPUSD,H1: Alert: Please check your internet connection
0	17:59:32.133	trend_dtrader GBPUSD,H1: Alert: Please check your internet connection
0	17:59:33.133	trend_dtrader GBPUSD,H1: Alert: Please check your internet connection
0	17:59:34.134	trend_dtrader GBPUSD,H1: Alert: Please check your internet connection
0	17:59:35.134	trend_dtrader GBPUSD,H1: Alert: Please check your internet connection
0	17:59:36.132	trend_dtrader GBPUSD,H1: Alert: Please check your internet connection
0	17:59:37.133	trend_dtrader GBPUSD,H1: Alert: Please check your internet connection
0	17:59:38.133	trend_dtrader GBPUSD,H1: Alert: Please check your internet connection
0	17:59:39.133	trend_dtrader GBPUSD,H1: Alert: Please check your internet connection
0	17:59:40.134	trend_dtrader GBPUSD,H1: Alert: Please check your internet connection
0	17:59:41.132	trend_dtrader GBPUSD,H1: Alert: Please check your internet connection
0	17:59:42.132	trend_dtrader GBPUSD,H1: Alert: Please check your internet connection
0	17:59:43.133	trend_dtrader GBPUSD,H1: Alert: Please check your internet connection
0	17:59:44.132	trend_dtrader GBPUSD,H1: Alert: Please check your internet connection
0	17:59:45.134	trend_dtrader GBPUSD,H1: Alert: Please check your internet connection
0	17:59:46.132	trend_dtrader GBPUSD,H1: Alert: Please check your internet connection
0	17:59:47.132	trend_dtrader GBPUSD,H1: Alert: Please check your internet connection
0	17:59:48.134	trend_dtrader GBPUSD,H1: Alert: Please check your internet connection
0	17:59:49.132	trend_dtrader GBPUSD,H1: Alert: Please check your internet connection
0	17:59:50.132	trend_dtrader GBPUSD,H1: Alert: Please check your internet connection
0	17:59:51.133	trend_dtrader GBPUSD,H1: Alert: Please check your internet connection
0	17:59:52.133	trend_dtrader GBPUSD,H1: Alert: Please check your internet connection
0	17:59:53.133	trend_dtrader GBPUSD,H1: Alert: Please check your internet connection
0	17:59:54.132	trend_dtrader GBPUSD,H1: Alert: Please check your internet connection
0	17:59:55.133	trend_dtrader GBPUSD,H1: Alert: Please check your internet connection
0	17:59:56.133	trend_dtrader GBPUSD,H1: Alert: Please check your internet connection
0	17:59:57.132	trend_dtrader GBPUSD,H1: Alert: Please check your internet connection
0	17:59:58.132	trend_dtrader GBPUSD,H1: Alert: Please check your internet connection
0	17:59:59.132	trend_dtrader GBPUSD,H1: Alert: Please check your internet connection
0	18:00:00.131	trend_dtrader GBPUSD,H1: Alert: Please check your internet connection
0	18:00:01.132	trend_dtrader GBPUSD,H1: Alert: Please check your internet connection
0	18:00:02.132	trend_dtrader GBPUSD,H1: Alert: Please check your internet connection
0	18:00:03.132	trend_dtrader GBPUSD,H1: Alert: Please check your internet connection
0	18:00:04.133	trend_dtrader GBPUSD,H1: Alert: Please check your internet connection
0	18:00:05.132	trend_dtrader GBPUSD,H1: Alert: Please check your internet connection
0	18:00:06.132	trend_dtrader GBPUSD,H1: Alert: Please check your internet connection
0	18:00:07.133	trend_dtrader GBPUSD,H1: Alert: Please check your internet connection
0	18:00:08.132	trend_dtrader GBPUSD,H1: Alert: Please check your internet connection
0	18:00:09.132	trend_dtrader GBPUSD,H1: Alert: Please check your internet connection
0	18:00:10.132	trend_dtrader GBPUSD,H1: Alert: Please check your internet connection
0	18:00:11.132	trend_dtrader GBPUSD,H1: Alert: Please check your internet connection
0	18:00:12.133	trend_dtrader GBPUSD,H1: Alert: Please check your internet connection
0	18:00:13.133	trend_dtrader GBPUSD,H1: Alert: Please check your internet connection
0	18:00:14.133	trend_dtrader GBPUSD,H1: Alert: Please check your internet connection
0	18:00:15.133	trend_dtrader GBPUSD,H1: Alert: Please check your internet connection
0	18:00:16.132	trend_dtrader GBPUSD,H1: Alert: Please check your internet connection
0	18:00:17.132	trend_dtrader GBPUSD,H1: Alert: Please check your internet connection
0	18:00:18.132	trend_dtrader GBPUSD,H1: Alert: Please check your internet connection
0	18:00:19.132	trend_dtrader GBPUSD,H1: Alert: Please check your internet connection
0	18:00:20.131	trend_dtrader GBPUSD,H1: Alert: Please check your internet connection
0	18:00:21.131	trend_dtrader GBPUSD,H1: Alert: Please check your internet connection
0	18:00:22.132	trend_dtrader GBPUSD,H1: Alert: Please check your internet connection
0	18:00:23.133	trend_dtrader GBPUSD,H1: Alert: Please check your internet connection
0	18:00:24.132	trend_dtrader GBPUSD,H1: Alert: Please check your internet connection
0	18:00:25.131	trend_dtrader GBPUSD,H1: Alert: Please check your internet connection
0	18:00:26.132	trend_dtrader GBPUSD,H1: Alert: Please check your internet connection
0	18:00:27.131	trend_dtrader GBPUSD,H1: Alert: Please check your internet connection
0	18:00:28.131	trend_dtrader GBPUSD,H1: Alert: Please check your internet connection
0	18:00:29.132	trend_dtrader GBPUSD,H1: Alert: Please check your internet connection
0	18:00:30.132	trend_dtrader GBPUSD,H1: Alert: Please check your internet connection
0	18:00:31.131	trend_dtrader GBPUSD,H1: Alert: Please check your internet connection
0	18:00:32.131	trend_dtrader GBPUSD,H1: Alert: Please check your internet connection
0	18:00:33.132	trend_dtrader GBPUSD,H1: Alert: Please check your internet connection
0	18:00:34.131	trend_dtrader GBPUSD,H1: Alert: Please check your internet connection
0	18:00:35.131	trend_dtrader GBPUSD,H1: Alert: Please check your internet connection
0	18:00:36.132	trend_dtrader GBPUSD,H1: Alert: Please check your internet connection
0	18:00:37.131	trend_dtrader GBPUSD,H1: Alert: Please check your internet connection
0	18:00:38.131	trend_dtrader GBPUSD,H1: Alert: Please check your internet connection
0	18:00:39.131	trend_dtrader GBPUSD,H1: Alert: Please check your internet connection
0	18:00:40.131	trend_dtrader GBPUSD,H1: Alert: Please check your internet connection
0	18:00:41.131	trend_dtrader GBPUSD,H1: Alert: Please check your internet connection
0	18:00:42.131	trend_dtrader GBPUSD,H1: Alert: Please check your internet connection
0	18:00:43.131	trend_dtrader GBPUSD,H1: Alert: Please check your internet connection
0	18:00:44.131	trend_dtrader GBPUSD,H1: Alert: Please check your internet connection
0	18:00:45.131	trend_dtrader GBPUSD,H1: Alert: Please check your internet connection
0	18:00:46.131	trend_dtrader GBPUSD,H1: Alert: Please check your internet connection
0	18:00:47.131	trend_dtrader GBPUSD,H1: Alert: Please check your internet connection
0	18:00:48.131	trend_dtrader GBPUSD,H1: Alert: Please check your internet connection
0	18:00:49.132	trend_dtrader GBPUSD,H1: Alert: Please check your internet connection
0	18:00:50.130	trend_dtrader GBPUSD,H1: Alert: Please check your internet connection
0	18:00:51.131	trend_dtrader GBPUSD,H1: Alert: Please check your internet connection
0	18:00:52.132	trend_dtrader GBPUSD,H1: Alert: Please check your internet connection
0	18:00:53.131	trend_dtrader GBPUSD,H1: Alert: Please check your internet connection
0	18:00:54.130	trend_dtrader GBPUSD,H1: Alert: Please check your internet connection
0	18:00:55.130	trend_dtrader GBPUSD,H1: Alert: Please check your internet connection
0	18:00:56.130	trend_dtrader GBPUSD,H1: Alert: Please check your internet connection
0	18:00:57.132	trend_dtrader GBPUSD,H1: Alert: Please check your internet connection
0	18:00:58.131	trend_dtrader GBPUSD,H1: Alert: Please check your internet connection
0	18:00:59.130	trend_dtrader GBPUSD,H1: Alert: Please check your internet connection
0	18:01:00.131	trend_dtrader GBPUSD,H1: Alert: Please check your internet connection
0	18:01:01.131	trend_dtrader GBPUSD,H1: Alert: Please check your internet connection
0	18:01:02.130	trend_dtrader GBPUSD,H1: Alert: Please check your internet connection
0	18:01:03.131	trend_dtrader GBPUSD,H1: Alert: Please check your internet connection
0	18:01:04.131	trend_dtrader GBPUSD,H1: Alert: Please check your internet connection
0	18:01:05.131	trend_dtrader GBPUSD,H1: Alert: Please check your internet connection
0	18:01:06.131	trend_dtrader GBPUSD,H1: Alert: Please check your internet connection
0	18:01:07.131	trend_dtrader GBPUSD,H1: Alert: Please check your internet connection
0	18:01:08.131	trend_dtrader GBPUSD,H1: Alert: Please check your internet connection
0	18:01:09.131	trend_dtrader GBPUSD,H1: Alert: Please check your internet connection
0	18:01:10.130	trend_dtrader GBPUSD,H1: Alert: Please check your internet connection
0	18:01:11.131	trend_dtrader GBPUSD,H1: Alert: Please check your internet connection
0	18:01:12.129	trend_dtrader GBPUSD,H1: Alert: Please check your internet connection
0	18:01:13.131	trend_dtrader GBPUSD,H1: Alert: Please check your internet connection
0	18:01:14.131	trend_dtrader GBPUSD,H1: Alert: Please check your internet connection
0	18:01:15.130	trend_dtrader GBPUSD,H1: Alert: Please check your internet connection
0	18:01:16.130	trend_dtrader GBPUSD,H1: Alert: Please check your internet connection
0	18:01:17.130	trend_dtrader GBPUSD,H1: Alert: Please check your internet connection
0	18:01:18.131	trend_dtrader GBPUSD,H1: Alert: Please check your internet connection
0	18:01:19.130	trend_dtrader GBPUSD,H1: Alert: Please check your internet connection
0	18:01:20.131	trend_dtrader GBPUSD,H1: Alert: Please check your internet connection
0	18:01:21.131	trend_dtrader GBPUSD,H1: Alert: Please check your internet connection
0	18:01:22.130	trend_dtrader GBPUSD,H1: Alert: Please check your internet connection
0	18:01:23.131	trend_dtrader GBPUSD,H1: Alert: Please check your internet connection
0	18:01:24.130	trend_dtrader GBPUSD,H1: Alert: Please check your internet connection
0	18:01:25.130	trend_dtrader GBPUSD,H1: Alert: Please check your internet connection
0	18:01:26.130	trend_dtrader GBPUSD,H1: Alert: Please check your internet connection
0	18:01:27.130	trend_dtrader GBPUSD,H1: Alert: Please check your internet connection
0	18:01:28.129	trend_dtrader GBPUSD,H1: Alert: Please check your internet connection
0	18:01:29.130	trend_dtrader GBPUSD,H1: Alert: Please check your internet connection
0	18:01:30.130	trend_dtrader GBPUSD,H1: Alert: Please check your internet connection
0	18:01:31.130	trend_dtrader GBPUSD,H1: Alert: Please check your internet connection
0	18:01:32.130	trend_dtrader GBPUSD,H1: Alert: Please check your internet connection
0	18:01:33.130	trend_dtrader GBPUSD,H1: Alert: Please check your internet connection
0	18:01:34.129	trend_dtrader GBPUSD,H1: Alert: Please check your internet connection
0	18:01:35.130	trend_dtrader GBPUSD,H1: Alert: Please check your internet connection
0	18:01:36.130	trend_dtrader GBPUSD,H1: Alert: Please check your internet connection
0	18:01:37.130	trend_dtrader GBPUSD,H1: Alert: Please check your internet connection
0	18:01:38.130	trend_dtrader GBPUSD,H1: Alert: Please check your internet connection
0	18:01:39.129	trend_dtrader GBPUSD,H1: Alert: Please check your internet connection
0	18:01:40.130	trend_dtrader GBPUSD,H1: Alert: Please check your internet connection
0	18:01:41.130	trend_dtrader GBPUSD,H1: Alert: Please check your internet connection
0	18:01:42.129	trend_dtrader GBPUSD,H1: Alert: Please check your internet connection
0	18:01:43.129	trend_dtrader GBPUSD,H1: Alert: Please check your internet connection
0	18:01:44.129	trend_dtrader GBPUSD,H1: Alert: Please check your internet connection
0	18:01:45.130	trend_dtrader GBPUSD,H1: Alert: Please check your internet connection
0	18:01:46.129	trend_dtrader GBPUSD,H1: Alert: Please check your internet connection
0	18:01:47.130	trend_dtrader GBPUSD,H1: Alert: Please check your internet connection
0	18:01:48.130	trend_dtrader GBPUSD,H1: Alert: Please check your internet connection
0	18:01:49.129	trend_dtrader GBPUSD,H1: Alert: Please check your internet connection
0	18:01:50.130	trend_dtrader GBPUSD,H1: Alert: Please check your internet connection
0	18:01:51.129	trend_dtrader GBPUSD,H1: Alert: Please check your internet connection
0	18:01:52.130	trend_dtrader GBPUSD,H1: Alert: Please check your internet connection
0	18:01:53.129	trend_dtrader GBPUSD,H1: Alert: Please check your internet connection
0	18:01:54.129	trend_dtrader GBPUSD,H1: Alert: Please check your internet connection
0	18:01:55.129	trend_dtrader GBPUSD,H1: Alert: Please check your internet connection
0	18:01:56.129	trend_dtrader GBPUSD,H1: Alert: Please check your internet connection
0	18:01:57.129	trend_dtrader GBPUSD,H1: Alert: Please check your internet connection
0	18:01:58.128	trend_dtrader GBPUSD,H1: Alert: Please check your internet connection
0	18:01:59.128	trend_dtrader GBPUSD,H1: Alert: Please check your internet connection
0	18:02:00.129	trend_dtrader GBPUSD,H1: Alert: Please check your internet connection
0	18:02:01.128	trend_dtrader GBPUSD,H1: Alert: Please check your internet connection
0	18:02:02.130	trend_dtrader GBPUSD,H1: Alert: Please check your internet connection
0	18:02:03.130	trend_dtrader GBPUSD,H1: Alert: Please check your internet connection
0	18:02:04.128	trend_dtrader GBPUSD,H1: Alert: Please check your internet connection
0	18:02:05.129	trend_dtrader GBPUSD,H1: Alert: Please check your internet connection
0	18:02:06.129	trend_dtrader GBPUSD,H1: Alert: Please check your internet connection
0	18:02:07.129	trend_dtrader GBPUSD,H1: Alert: Please check your internet connection
0	18:02:08.128	trend_dtrader GBPUSD,H1: Alert: Please check your internet connection
0	18:02:09.129	trend_dtrader GBPUSD,H1: Alert: Please check your internet connection
0	18:02:10.128	trend_dtrader GBPUSD,H1: Alert: Please check your internet connection
0	18:02:11.128	trend_dtrader GBPUSD,H1: Alert: Please check your internet connection
0	18:02:12.129	trend_dtrader GBPUSD,H1: Alert: Please check your internet connection
0	18:02:13.128	trend_dtrader GBPUSD,H1: Alert: Please check your internet connection
0	18:02:14.129	trend_dtrader GBPUSD,H1: Alert: Please check your internet connection
0	18:02:15.128	trend_dtrader GBPUSD,H1: Alert: Please check your internet connection
0	18:02:16.128	trend_dtrader GBPUSD,H1: Alert: Please check your internet connection
0	18:02:17.128	trend_dtrader GBPUSD,H1: Alert: Please check your internet connection
0	18:02:18.128	trend_dtrader GBPUSD,H1: Alert: Please check your internet connection
0	18:02:19.129	trend_dtrader GBPUSD,H1: Alert: Please check your internet connection
0	18:02:20.128	trend_dtrader GBPUSD,H1: Alert: Please check your internet connection
0	18:02:21.128	trend_dtrader GBPUSD,H1: Alert: Please check your internet connection
0	18:02:22.128	trend_dtrader GBPUSD,H1: Alert: Please check your internet connection
0	18:02:23.128	trend_dtrader GBPUSD,H1: Alert: Please check your internet connection
0	18:02:24.129	trend_dtrader GBPUSD,H1: Alert: Please check your internet connection
0	18:02:25.128	trend_dtrader GBPUSD,H1: Alert: Please check your internet connection
0	18:02:26.129	trend_dtrader GBPUSD,H1: Alert: Please check your internet connection
0	18:02:27.129	trend_dtrader GBPUSD,H1: Alert: Please check your internet connection
0	18:02:28.129	trend_dtrader GBPUSD,H1: Alert: Please check your internet connection
0	18:02:29.129	trend_dtrader GBPUSD,H1: Alert: Please check your internet connection
0	18:02:30.129	trend_dtrader GBPUSD,H1: Alert: Please check your internet connection
0	18:02:31.129	trend_dtrader GBPUSD,H1: Alert: Please check your internet connection
0	18:02:32.127	trend_dtrader GBPUSD,H1: Alert: Please check your internet connection
0	18:02:33.129	trend_dtrader GBPUSD,H1: Alert: Please check your internet connection
0	18:02:34.129	trend_dtrader GBPUSD,H1: Alert: Please check your internet connection
0	18:02:35.128	trend_dtrader GBPUSD,H1: Alert: Please check your internet connection
0	18:02:36.128	trend_dtrader GBPUSD,H1: Alert: Please check your internet connection
0	18:02:37.129	trend_dtrader GBPUSD,H1: Alert: Please check your internet connection
0	18:02:38.128	trend_dtrader GBPUSD,H1: Alert: Please check your internet connection
0	18:02:39.130	trend_dtrader GBPUSD,H1: Alert: Please check your internet connection
0	18:02:40.129	trend_dtrader GBPUSD,H1: Alert: Please check your internet connection
0	18:02:41.130	trend_dtrader GBPUSD,H1: Alert: Please check your internet connection
0	18:02:42.129	trend_dtrader GBPUSD,H1: Alert: Please check your internet connection
0	18:02:43.129	trend_dtrader GBPUSD,H1: Alert: Please check your internet connection
0	18:02:44.129	trend_dtrader GBPUSD,H1: Alert: Please check your internet connection
0	18:02:45.129	trend_dtrader GBPUSD,H1: Alert: Please check your internet connection
0	18:02:46.129	trend_dtrader GBPUSD,H1: Alert: Please check your internet connection
0	18:02:47.129	trend_dtrader GBPUSD,H1: Alert: Please check your internet connection
0	18:02:48.127	trend_dtrader GBPUSD,H1: Alert: Please check your internet connection
0	18:02:49.129	trend_dtrader GBPUSD,H1: Alert: Please check your internet connection
0	18:02:50.128	trend_dtrader GBPUSD,H1: Alert: Please check your internet connection
0	18:02:51.129	trend_dtrader GBPUSD,H1: Alert: Please check your internet connection
0	18:02:52.129	trend_dtrader GBPUSD,H1: Alert: Please check your internet connection
0	18:02:53.129	trend_dtrader GBPUSD,H1: Alert: Please check your internet connection
0	18:02:54.129	trend_dtrader GBPUSD,H1: Alert: Please check your internet connection
0	18:02:55.129	trend_dtrader GBPUSD,H1: Alert: Please check your internet connection
0	18:02:56.129	trend_dtrader GBPUSD,H1: Alert: Please check your internet connection
0	18:02:57.127	trend_dtrader GBPUSD,H1: Alert: Please check your internet connection
0	18:02:58.127	trend_dtrader GBPUSD,H1: Alert: Please check your internet connection
0	18:02:59.127	trend_dtrader GBPUSD,H1: Alert: Please check your internet connection
0	18:03:00.127	trend_dtrader GBPUSD,H1: Alert: Please check your internet connection
0	18:03:01.128	trend_dtrader GBPUSD,H1: Alert: Please check your internet connection
0	18:03:02.129	trend_dtrader GBPUSD,H1: Alert: Please check your internet connection
0	18:03:03.126	trend_dtrader GBPUSD,H1: Alert: Please check your internet connection
0	18:03:04.129	trend_dtrader GBPUSD,H1: Alert: Please check your internet connection
0	18:03:05.127	trend_dtrader GBPUSD,H1: Alert: Please check your internet connection
0	18:03:06.127	trend_dtrader GBPUSD,H1: Alert: Please check your internet connection
0	18:03:07.128	trend_dtrader GBPUSD,H1: Alert: Please check your internet connection
0	18:03:08.128	trend_dtrader GBPUSD,H1: Alert: Please check your internet connection
0	18:03:09.127	trend_dtrader GBPUSD,H1: Alert: Please check your internet connection
0	18:03:10.128	trend_dtrader GBPUSD,H1: Alert: Please check your internet connection
0	18:03:11.128	trend_dtrader GBPUSD,H1: Alert: Please check your internet connection
0	18:03:12.127	trend_dtrader GBPUSD,H1: Alert: Please check your internet connection
0	18:03:13.128	trend_dtrader GBPUSD,H1: Alert: Please check your internet connection
0	18:03:14.128	trend_dtrader GBPUSD,H1: Alert: Please check your internet connection
0	18:03:15.128	trend_dtrader GBPUSD,H1: Alert: Please check your internet connection
0	18:03:16.128	trend_dtrader GBPUSD,H1: Alert: Please check your internet connection
0	18:03:17.126	trend_dtrader GBPUSD,H1: Alert: Please check your internet connection
0	18:03:18.128	trend_dtrader GBPUSD,H1: Alert: Please check your internet connection
0	18:03:19.128	trend_dtrader GBPUSD,H1: Alert: Please check your internet connection
0	18:03:20.127	trend_dtrader GBPUSD,H1: Alert: Please check your internet connection
0	18:03:21.127	trend_dtrader GBPUSD,H1: Alert: Please check your internet connection
0	18:03:22.127	trend_dtrader GBPUSD,H1: Alert: Please check your internet connection
0	18:03:23.127	trend_dtrader GBPUSD,H1: Alert: Please check your internet connection
0	18:03:24.127	trend_dtrader GBPUSD,H1: Alert: Please check your internet connection
0	18:03:25.127	trend_dtrader GBPUSD,H1: Alert: Please check your internet connection
0	18:03:26.127	trend_dtrader GBPUSD,H1: Alert: Please check your internet connection
0	18:03:27.127	trend_dtrader GBPUSD,H1: Alert: Please check your internet connection
0	18:03:28.128	trend_dtrader GBPUSD,H1: Alert: Please check your internet connection
0	18:03:29.127	trend_dtrader GBPUSD,H1: Alert: Please check your internet connection
0	18:03:30.127	trend_dtrader GBPUSD,H1: Alert: Please check your internet connection
0	18:03:31.127	trend_dtrader GBPUSD,H1: Alert: Please check your internet connection
0	18:03:32.127	trend_dtrader GBPUSD,H1: Alert: Please check your internet connection
0	18:03:33.127	trend_dtrader GBPUSD,H1: Alert: Please check your internet connection
0	18:03:34.128	trend_dtrader GBPUSD,H1: Alert: Please check your internet connection
0	18:03:35.126	trend_dtrader GBPUSD,H1: Alert: Please check your internet connection
0	18:03:36.127	trend_dtrader GBPUSD,H1: Alert: Please check your internet connection
0	18:03:37.127	trend_dtrader GBPUSD,H1: Alert: Please check your internet connection
0	18:03:38.128	trend_dtrader GBPUSD,H1: Alert: Please check your internet connection
0	18:03:39.126	trend_dtrader GBPUSD,H1: Alert: Please check your internet connection
0	18:03:40.126	trend_dtrader GBPUSD,H1: Alert: Please check your internet connection
0	18:03:41.127	trend_dtrader GBPUSD,H1: Alert: Please check your internet connection
0	18:03:42.126	trend_dtrader GBPUSD,H1: Alert: Please check your internet connection
0	18:03:43.127	trend_dtrader GBPUSD,H1: Alert: Please check your internet connection
0	18:03:44.127	trend_dtrader GBPUSD,H1: Alert: Please check your internet connection
0	18:03:45.127	trend_dtrader GBPUSD,H1: Alert: Please check your internet connection
0	18:03:46.126	trend_dtrader GBPUSD,H1: Alert: Please check your internet connection
0	18:03:47.128	trend_dtrader GBPUSD,H1: Alert: Please check your internet connection
0	18:03:48.127	trend_dtrader GBPUSD,H1: Alert: Please check your internet connection
0	18:03:49.125	trend_dtrader GBPUSD,H1: Alert: Please check your internet connection
0	18:03:50.126	trend_dtrader GBPUSD,H1: Alert: Please check your internet connection
0	18:03:51.127	trend_dtrader GBPUSD,H1: Alert: Please check your internet connection
0	18:03:52.127	trend_dtrader GBPUSD,H1: Alert: Please check your internet connection
0	18:03:53.127	trend_dtrader GBPUSD,H1: Alert: Please check your internet connection
0	18:03:54.127	trend_dtrader GBPUSD,H1: Alert: Please check your internet connection
0	18:03:55.126	trend_dtrader GBPUSD,H1: Alert: Please check your internet connection
0	18:03:56.126	trend_dtrader GBPUSD,H1: Alert: Please check your internet connection
0	18:03:57.126	trend_dtrader GBPUSD,H1: Alert: Please check your internet connection
0	18:03:58.126	trend_dtrader GBPUSD,H1: Alert: Please check your internet connection
0	18:03:59.127	trend_dtrader GBPUSD,H1: Alert: Please check your internet connection
0	18:04:00.127	trend_dtrader GBPUSD,H1: Alert: Please check your internet connection
0	18:04:01.126	trend_dtrader GBPUSD,H1: Alert: Please check your internet connection
0	18:04:02.127	trend_dtrader GBPUSD,H1: Alert: Please check your internet connection
0	18:04:03.127	trend_dtrader GBPUSD,H1: Alert: Please check your internet connection
0	18:04:04.126	trend_dtrader GBPUSD,H1: Alert: Please check your internet connection
0	18:04:05.125	trend_dtrader GBPUSD,H1: Alert: Please check your internet connection
0	18:04:06.125	trend_dtrader GBPUSD,H1: Alert: Please check your internet connection
0	18:04:07.126	trend_dtrader GBPUSD,H1: Alert: Please check your internet connection
0	18:04:08.126	trend_dtrader GBPUSD,H1: Alert: Please check your internet connection
0	18:04:09.126	trend_dtrader GBPUSD,H1: Alert: Please check your internet connection
0	18:04:10.126	trend_dtrader GBPUSD,H1: Alert: Please check your internet connection
0	18:04:11.126	trend_dtrader GBPUSD,H1: Alert: Please check your internet connection
0	18:04:12.125	trend_dtrader GBPUSD,H1: Alert: Please check your internet connection
0	18:04:13.125	trend_dtrader GBPUSD,H1: Alert: Please check your internet connection
0	18:04:14.126	trend_dtrader GBPUSD,H1: Alert: Please check your internet connection
0	18:04:15.127	trend_dtrader GBPUSD,H1: Alert: Please check your internet connection
0	18:04:16.127	trend_dtrader GBPUSD,H1: Alert: Please check your internet connection
0	18:04:17.126	trend_dtrader GBPUSD,H1: Alert: Please check your internet connection
0	18:04:18.125	trend_dtrader GBPUSD,H1: Alert: Please check your internet connection
0	18:04:19.125	trend_dtrader GBPUSD,H1: Alert: Please check your internet connection
0	18:04:20.126	trend_dtrader GBPUSD,H1: Alert: Please check your internet connection
0	18:04:21.127	trend_dtrader GBPUSD,H1: Alert: Please check your internet connection
0	18:04:22.126	trend_dtrader GBPUSD,H1: Alert: Please check your internet connection
0	18:04:23.126	trend_dtrader GBPUSD,H1: Alert: Please check your internet connection
0	18:04:24.125	trend_dtrader GBPUSD,H1: Alert: Please check your internet connection
0	18:04:25.125	trend_dtrader GBPUSD,H1: Alert: Please check your internet connection
0	18:04:26.124	trend_dtrader GBPUSD,H1: Alert: Please check your internet connection
0	18:04:27.125	trend_dtrader GBPUSD,H1: Alert: Please check your internet connection
0	18:04:28.126	trend_dtrader GBPUSD,H1: Alert: Please check your internet connection
0	18:04:29.126	trend_dtrader GBPUSD,H1: Alert: Please check your internet connection
0	18:04:30.126	trend_dtrader GBPUSD,H1: Alert: Please check your internet connection
0	18:04:31.126	trend_dtrader GBPUSD,H1: Alert: Please check your internet connection
0	18:04:32.125	trend_dtrader GBPUSD,H1: Alert: Please check your internet connection
0	18:04:33.125	trend_dtrader GBPUSD,H1: Alert: Please check your internet connection
0	18:04:34.126	trend_dtrader GBPUSD,H1: Alert: Please check your internet connection
0	18:04:35.126	trend_dtrader GBPUSD,H1: Alert: Please check your internet connection
0	18:04:36.125	trend_dtrader GBPUSD,H1: Alert: Please check your internet connection
0	18:04:37.125	trend_dtrader GBPUSD,H1: Alert: Please check your internet connection
0	18:04:38.126	trend_dtrader GBPUSD,H1: Alert: Please check your internet connection
0	18:04:39.126	trend_dtrader GBPUSD,H1: Alert: Please check your internet connection
0	18:04:40.125	trend_dtrader GBPUSD,H1: Alert: Please check your internet connection
0	18:04:41.125	trend_dtrader GBPUSD,H1: Alert: Please check your internet connection
0	18:04:42.125	trend_dtrader GBPUSD,H1: Alert: Please check your internet connection
0	18:04:43.125	trend_dtrader GBPUSD,H1: Alert: Please check your internet connection
0	18:04:44.125	trend_dtrader GBPUSD,H1: Alert: Please check your internet connection
0	18:04:45.125	trend_dtrader GBPUSD,H1: Alert: Please check your internet connection
0	18:04:46.125	trend_dtrader GBPUSD,H1: Alert: Please check your internet connection
0	18:04:47.126	trend_dtrader GBPUSD,H1: Alert: Please check your internet connection
0	18:04:48.125	trend_dtrader GBPUSD,H1: Alert: Please check your internet connection
0	18:04:49.124	trend_dtrader GBPUSD,H1: Alert: Please check your internet connection
0	18:04:50.124	trend_dtrader GBPUSD,H1: Alert: Please check your internet connection
0	18:04:51.125	trend_dtrader GBPUSD,H1: Alert: Please check your internet connection
0	18:04:52.125	trend_dtrader GBPUSD,H1: Alert: Please check your internet connection
0	18:04:53.125	trend_dtrader GBPUSD,H1: Alert: Please check your internet connection
0	18:04:54.125	trend_dtrader GBPUSD,H1: Alert: Please check your internet connection
0	18:04:55.124	trend_dtrader GBPUSD,H1: Alert: Please check your internet connection
0	18:04:56.125	trend_dtrader GBPUSD,H1: Alert: Please check your internet connection
0	18:04:57.125	trend_dtrader GBPUSD,H1: Alert: Please check your internet connection
0	18:04:58.125	trend_dtrader GBPUSD,H1: Alert: Please check your internet connection
0	18:04:59.124	trend_dtrader GBPUSD,H1: Alert: Please check your internet connection
0	18:05:00.125	trend_dtrader GBPUSD,H1: Alert: Please check your internet connection
0	18:05:01.125	trend_dtrader GBPUSD,H1: Alert: Please check your internet connection
0	18:05:02.124	trend_dtrader GBPUSD,H1: Alert: Please check your internet connection
0	18:05:03.124	trend_dtrader GBPUSD,H1: Alert: Please check your internet connection
0	18:05:04.125	trend_dtrader GBPUSD,H1: Alert: Please check your internet connection
0	18:05:05.123	trend_dtrader GBPUSD,H1: Alert: Please check your internet connection
0	18:05:06.123	trend_dtrader GBPUSD,H1: Alert: Please check your internet connection
0	18:05:07.124	trend_dtrader GBPUSD,H1: Alert: Please check your internet connection
0	18:05:08.125	trend_dtrader GBPUSD,H1: Alert: Please check your internet connection
0	18:05:09.123	trend_dtrader GBPUSD,H1: Alert: Please check your internet connection
0	18:05:10.124	trend_dtrader GBPUSD,H1: Alert: Please check your internet connection
0	18:05:11.123	trend_dtrader GBPUSD,H1: Alert: Please check your internet connection
0	18:05:12.124	trend_dtrader GBPUSD,H1: Alert: Please check your internet connection
0	18:05:13.125	trend_dtrader GBPUSD,H1: Alert: Please check your internet connection
0	18:05:14.124	trend_dtrader GBPUSD,H1: Alert: Please check your internet connection
0	18:05:15.123	trend_dtrader GBPUSD,H1: Alert: Please check your internet connection
0	18:05:16.123	trend_dtrader GBPUSD,H1: Alert: Please check your internet connection
0	18:05:17.124	trend_dtrader GBPUSD,H1: Alert: Please check your internet connection
0	18:05:18.125	trend_dtrader GBPUSD,H1: Alert: Please check your internet connection
0	18:05:19.125	trend_dtrader GBPUSD,H1: Alert: Please check your internet connection
0	18:05:20.123	trend_dtrader GBPUSD,H1: Alert: Please check your internet connection
0	18:05:21.125	trend_dtrader GBPUSD,H1: Alert: Please check your internet connection
0	18:05:22.125	trend_dtrader GBPUSD,H1: Alert: Please check your internet connection
0	18:05:23.124	trend_dtrader GBPUSD,H1: Alert: Please check your internet connection
0	18:05:24.124	trend_dtrader GBPUSD,H1: Alert: Please check your internet connection
0	18:05:25.124	trend_dtrader GBPUSD,H1: Alert: Please check your internet connection
0	18:05:26.124	trend_dtrader GBPUSD,H1: Alert: Please check your internet connection
0	18:05:27.124	trend_dtrader GBPUSD,H1: Alert: Please check your internet connection
0	18:05:28.125	trend_dtrader GBPUSD,H1: Alert: Please check your internet connection
0	18:05:29.123	trend_dtrader GBPUSD,H1: Alert: Please check your internet connection
0	18:05:30.124	trend_dtrader GBPUSD,H1: Alert: Please check your internet connection
0	18:05:31.124	trend_dtrader GBPUSD,H1: Alert: Please check your internet connection
0	18:05:32.125	trend_dtrader GBPUSD,H1: Alert: Please check your internet connection
0	18:05:33.124	trend_dtrader GBPUSD,H1: Alert: Please check your internet connection
0	18:05:34.124	trend_dtrader GBPUSD,H1: Alert: Please check your internet connection
0	18:05:35.122	trend_dtrader GBPUSD,H1: Alert: Please check your internet connection
0	18:05:36.124	trend_dtrader GBPUSD,H1: Alert: Please check your internet connection
0	18:05:37.124	trend_dtrader GBPUSD,H1: Alert: Please check your internet connection
0	18:05:38.124	trend_dtrader GBPUSD,H1: Alert: Please check your internet connection
0	18:05:39.124	trend_dtrader GBPUSD,H1: Alert: Please check your internet connection
0	18:05:40.123	trend_dtrader GBPUSD,H1: Alert: Please check your internet connection
0	18:05:41.124	trend_dtrader GBPUSD,H1: Alert: Please check your internet connection
0	18:05:42.123	trend_dtrader GBPUSD,H1: Alert: Please check your internet connection
0	18:05:43.124	trend_dtrader GBPUSD,H1: Alert: Please check your internet connection
0	18:05:44.124	trend_dtrader GBPUSD,H1: Alert: Please check your internet connection
0	18:05:45.123	trend_dtrader GBPUSD,H1: Alert: Please check your internet connection
0	18:05:46.124	trend_dtrader GBPUSD,H1: Alert: Please check your internet connection
0	18:05:47.123	trend_dtrader GBPUSD,H1: Alert: Please check your internet connection
0	18:05:48.123	trend_dtrader GBPUSD,H1: Alert: Please check your internet connection
0	18:05:49.122	trend_dtrader GBPUSD,H1: Alert: Please check your internet connection
0	18:05:50.124	trend_dtrader GBPUSD,H1: Alert: Please check your internet connection
0	18:05:51.123	trend_dtrader GBPUSD,H1: Alert: Please check your internet connection
0	18:05:52.124	trend_dtrader GBPUSD,H1: Alert: Please check your internet connection
0	18:05:53.123	trend_dtrader GBPUSD,H1: Alert: Please check your internet connection
0	18:05:54.123	trend_dtrader GBPUSD,H1: Alert: Please check your internet connection
0	18:05:55.123	trend_dtrader GBPUSD,H1: Alert: Please check your internet connection
0	18:05:56.122	trend_dtrader GBPUSD,H1: Alert: Please check your internet connection
0	18:05:57.123	trend_dtrader GBPUSD,H1: Alert: Please check your internet connection
0	18:05:58.123	trend_dtrader GBPUSD,H1: Alert: Please check your internet connection
0	18:05:59.121	trend_dtrader GBPUSD,H1: Alert: Please check your internet connection
0	18:06:00.123	trend_dtrader GBPUSD,H1: Alert: Please check your internet connection
0	18:06:01.123	trend_dtrader GBPUSD,H1: Alert: Please check your internet connection
0	18:06:02.124	trend_dtrader GBPUSD,H1: Alert: Please check your internet connection
0	18:06:03.123	trend_dtrader GBPUSD,H1: Alert: Please check your internet connection
0	18:06:04.123	trend_dtrader GBPUSD,H1: Alert: Please check your internet connection
0	18:06:05.122	trend_dtrader GBPUSD,H1: Alert: Please check your internet connection
0	18:06:06.123	trend_dtrader GBPUSD,H1: Alert: Please check your internet connection
0	18:06:07.123	trend_dtrader GBPUSD,H1: Alert: Please check your internet connection
0	18:06:08.123	trend_dtrader GBPUSD,H1: Alert: Please check your internet connection
0	18:06:09.123	trend_dtrader GBPUSD,H1: Alert: Please check your internet connection
0	18:06:10.122	trend_dtrader GBPUSD,H1: Alert: Please check your internet connection
0	18:06:11.123	trend_dtrader GBPUSD,H1: Alert: Please check your internet connection
0	18:06:12.121	trend_dtrader GBPUSD,H1: Alert: Please check your internet connection
0	18:06:13.121	trend_dtrader GBPUSD,H1: Alert: Please check your internet connection
0	18:06:14.122	trend_dtrader GBPUSD,H1: Alert: Please check your internet connection
0	18:06:15.123	trend_dtrader GBPUSD,H1: Alert: Please check your internet connection
0	18:06:16.121	trend_dtrader GBPUSD,H1: Alert: Please check your internet connection
0	18:06:17.123	trend_dtrader GBPUSD,H1: Alert: Please check your internet connection
0	18:06:18.123	trend_dtrader GBPUSD,H1: Alert: Please check your internet connection
0	18:06:19.122	trend_dtrader GBPUSD,H1: Alert: Please check your internet connection
0	18:06:20.122	trend_dtrader GBPUSD,H1: Alert: Please check your internet connection
0	18:06:21.123	trend_dtrader GBPUSD,H1: Alert: Please check your internet connection
0	18:06:22.121	trend_dtrader GBPUSD,H1: Alert: Please check your internet connection
0	18:06:23.123	trend_dtrader GBPUSD,H1: Alert: Please check your internet connection
0	18:06:24.121	trend_dtrader GBPUSD,H1: Alert: Please check your internet connection
0	18:06:25.122	trend_dtrader GBPUSD,H1: Alert: Please check your internet connection
0	18:06:26.121	trend_dtrader GBPUSD,H1: Alert: Please check your internet connection
0	18:06:27.122	trend_dtrader GBPUSD,H1: Alert: Please check your internet connection
0	18:06:28.122	trend_dtrader GBPUSD,H1: Alert: Please check your internet connection
0	18:06:29.122	trend_dtrader GBPUSD,H1: Alert: Please check your internet connection
0	18:06:30.122	trend_dtrader GBPUSD,H1: Alert: Please check your internet connection
0	18:06:31.122	trend_dtrader GBPUSD,H1: Alert: Please check your internet connection
0	18:06:32.122	trend_dtrader GBPUSD,H1: Alert: Please check your internet connection
0	18:06:33.122	trend_dtrader GBPUSD,H1: Alert: Please check your internet connection
0	18:06:34.122	trend_dtrader GBPUSD,H1: Alert: Please check your internet connection
0	18:06:35.121	trend_dtrader GBPUSD,H1: Alert: Please check your internet connection
0	18:06:36.122	trend_dtrader GBPUSD,H1: Alert: Please check your internet connection
0	18:06:37.122	trend_dtrader GBPUSD,H1: Alert: Please check your internet connection
0	18:06:38.122	trend_dtrader GBPUSD,H1: Alert: Please check your internet connection
0	18:06:39.122	trend_dtrader GBPUSD,H1: Alert: Please check your internet connection
0	18:06:40.121	trend_dtrader GBPUSD,H1: Alert: Please check your internet connection
0	18:06:41.121	trend_dtrader GBPUSD,H1: Alert: Please check your internet connection
0	18:06:42.123	trend_dtrader GBPUSD,H1: Alert: Please check your internet connection
0	18:06:43.121	trend_dtrader GBPUSD,H1: Alert: Please check your internet connection
0	18:06:44.121	trend_dtrader GBPUSD,H1: Alert: Please check your internet connection
0	18:06:45.122	trend_dtrader GBPUSD,H1: Alert: Please check your internet connection
0	18:06:46.122	trend_dtrader GBPUSD,H1: Alert: Please check your internet connection
0	18:06:47.122	trend_dtrader GBPUSD,H1: Alert: Please check your internet connection
0	18:06:48.121	trend_dtrader GBPUSD,H1: Alert: Please check your internet connection
0	18:06:49.122	trend_dtrader GBPUSD,H1: Alert: Please check your internet connection
0	18:06:50.122	trend_dtrader GBPUSD,H1: Alert: Please check your internet connection
0	18:06:51.122	trend_dtrader GBPUSD,H1: Alert: Please check your internet connection
0	18:06:52.122	trend_dtrader GBPUSD,H1: Alert: Please check your internet connection
0	18:06:53.120	trend_dtrader GBPUSD,H1: Alert: Please check your internet connection
0	18:06:54.122	trend_dtrader GBPUSD,H1: Alert: Please check your internet connection
0	18:06:55.122	trend_dtrader GBPUSD,H1: Alert: Please check your internet connection
0	18:06:56.122	trend_dtrader GBPUSD,H1: Alert: Please check your internet connection
0	18:06:57.122	trend_dtrader GBPUSD,H1: Alert: Please check your internet connection
0	18:06:58.121	trend_dtrader GBPUSD,H1: Alert: Please check your internet connection
0	18:06:59.120	trend_dtrader GBPUSD,H1: Alert: Please check your internet connection
0	18:07:00.122	trend_dtrader GBPUSD,H1: Alert: Please check your internet connection
0	18:07:01.122	trend_dtrader GBPUSD,H1: Alert: Please check your internet connection
0	18:07:02.122	trend_dtrader GBPUSD,H1: Alert: Please check your internet connection
0	18:07:03.121	trend_dtrader GBPUSD,H1: Alert: Please check your internet connection
0	18:07:04.121	trend_dtrader GBPUSD,H1: Alert: Please check your internet connection
0	18:07:05.120	trend_dtrader GBPUSD,H1: Alert: Please check your internet connection
0	18:07:06.122	trend_dtrader GBPUSD,H1: Alert: Please check your internet connection
0	18:07:07.121	trend_dtrader GBPUSD,H1: Alert: Please check your internet connection
0	18:07:08.120	trend_dtrader GBPUSD,H1: Alert: Please check your internet connection
0	18:07:09.120	trend_dtrader GBPUSD,H1: Alert: Please check your internet connection
0	18:07:10.121	trend_dtrader GBPUSD,H1: Alert: Please check your internet connection
0	18:07:11.121	trend_dtrader GBPUSD,H1: Alert: Please check your internet connection
0	18:07:12.121	trend_dtrader GBPUSD,H1: Alert: Please check your internet connection
0	18:07:13.122	trend_dtrader GBPUSD,H1: Alert: Please check your internet connection
0	18:07:14.121	trend_dtrader GBPUSD,H1: Alert: Please check your internet connection
0	18:07:15.121	trend_dtrader GBPUSD,H1: Alert: Please check your internet connection
0	18:07:16.119	trend_dtrader GBPUSD,H1: Alert: Please check your internet connection
0	18:07:17.120	trend_dtrader GBPUSD,H1: Alert: Please check your internet connection
0	18:07:18.120	trend_dtrader GBPUSD,H1: Alert: Please check your internet connection
0	18:07:19.119	trend_dtrader GBPUSD,H1: Alert: Please check your internet connection
0	18:07:20.120	trend_dtrader GBPUSD,H1: Alert: Please check your internet connection
0	18:07:21.119	trend_dtrader GBPUSD,H1: Alert: Please check your internet connection
0	18:07:22.121	trend_dtrader GBPUSD,H1: Alert: Please check your internet connection
0	18:07:23.119	trend_dtrader GBPUSD,H1: Alert: Please check your internet connection
0	18:07:24.119	trend_dtrader GBPUSD,H1: Alert: Please check your internet connection
0	18:07:25.121	trend_dtrader GBPUSD,H1: Alert: Please check your internet connection
0	18:07:26.120	trend_dtrader GBPUSD,H1: Alert: Please check your internet connection
0	18:07:27.119	trend_dtrader GBPUSD,H1: Alert: Please check your internet connection
0	18:07:28.121	trend_dtrader GBPUSD,H1: Alert: Please check your internet connection
0	18:07:29.120	trend_dtrader GBPUSD,H1: Alert: Please check your internet connection
0	18:07:30.121	trend_dtrader GBPUSD,H1: Alert: Please check your internet connection
0	18:07:31.119	trend_dtrader GBPUSD,H1: Alert: Please check your internet connection
0	18:07:32.121	trend_dtrader GBPUSD,H1: Alert: Please check your internet connection
0	18:07:33.119	trend_dtrader GBPUSD,H1: Alert: Please check your internet connection
0	18:07:34.120	trend_dtrader GBPUSD,H1: Alert: Please check your internet connection
0	18:07:35.121	trend_dtrader GBPUSD,H1: Alert: Please check your internet connection
0	18:07:36.119	trend_dtrader GBPUSD,H1: Alert: Please check your internet connection
0	18:07:37.120	trend_dtrader GBPUSD,H1: Alert: Please check your internet connection
0	18:07:38.120	trend_dtrader GBPUSD,H1: Alert: Please check your internet connection
0	18:07:39.119	trend_dtrader GBPUSD,H1: Alert: Please check your internet connection
0	18:09:41.117	trend_dtrader GBPUSD,H1: Alert: Please check your internet connection
0	18:09:42.115	trend_dtrader GBPUSD,H1: Alert: Please check your internet connection
0	18:09:43.115	trend_dtrader GBPUSD,H1: Alert: Please check your internet connection
0	18:09:44.116	trend_dtrader GBPUSD,H1: Alert: Please check your internet connection
0	18:26:49.967	trend_dtrader GBPUSD,H1: Failed modifying USDZAR
0	18:26:50.963	trend_dtrader GBPUSD,H1: Failed modifying USDZAR
0	18:26:51.963	trend_dtrader GBPUSD,H1: Failed modifying USDZAR
0	18:26:52.963	trend_dtrader GBPUSD,H1: Failed modifying USDZAR
0	18:26:53.963	trend_dtrader GBPUSD,H1: Failed modifying USDZAR
0	18:26:54.963	trend_dtrader GBPUSD,H1: Failed modifying USDZAR
0	18:26:55.963	trend_dtrader GBPUSD,H1: Failed modifying USDZAR
0	18:26:56.963	trend_dtrader GBPUSD,H1: Failed modifying USDZAR
0	18:26:57.963	trend_dtrader GBPUSD,H1: Failed modifying USDZAR
0	18:26:58.963	trend_dtrader GBPUSD,H1: Failed modifying USDZAR
0	18:26:59.963	trend_dtrader GBPUSD,H1: Failed modifying USDZAR
0	18:27:00.963	trend_dtrader GBPUSD,H1: Failed modifying USDZAR
0	18:27:01.963	trend_dtrader GBPUSD,H1: Failed modifying USDZAR
0	18:27:02.962	trend_dtrader GBPUSD,H1: Failed modifying USDZAR
0	18:27:03.963	trend_dtrader GBPUSD,H1: Failed modifying USDZAR
0	18:27:04.962	trend_dtrader GBPUSD,H1: Failed modifying USDZAR
0	18:27:05.963	trend_dtrader GBPUSD,H1: Failed modifying USDZAR
0	18:27:06.963	trend_dtrader GBPUSD,H1: Failed modifying USDZAR
0	18:27:07.962	trend_dtrader GBPUSD,H1: Failed modifying USDZAR
0	18:27:08.962	trend_dtrader GBPUSD,H1: Failed modifying USDZAR
0	18:27:09.962	trend_dtrader GBPUSD,H1: Failed modifying USDZAR
0	18:27:10.962	trend_dtrader GBPUSD,H1: Failed modifying USDZAR
0	18:27:11.962	trend_dtrader GBPUSD,H1: Failed modifying USDZAR
0	18:27:12.962	trend_dtrader GBPUSD,H1: Failed modifying USDZAR
0	18:27:13.962	trend_dtrader GBPUSD,H1: Failed modifying USDZAR
0	18:27:14.962	trend_dtrader GBPUSD,H1: Failed modifying USDZAR
0	18:27:15.962	trend_dtrader GBPUSD,H1: Failed modifying USDZAR
0	18:27:16.962	trend_dtrader GBPUSD,H1: Failed modifying USDZAR
0	18:27:17.962	trend_dtrader GBPUSD,H1: Failed modifying USDZAR
0	18:27:18.962	trend_dtrader GBPUSD,H1: Failed modifying USDZAR
0	18:27:19.962	trend_dtrader GBPUSD,H1: Failed modifying USDZAR
0	18:27:20.961	trend_dtrader GBPUSD,H1: Failed modifying USDZAR
0	18:27:21.962	trend_dtrader GBPUSD,H1: Failed modifying USDZAR
0	18:27:22.961	trend_dtrader GBPUSD,H1: Failed modifying USDZAR
0	18:27:23.962	trend_dtrader GBPUSD,H1: Failed modifying USDZAR
0	18:27:24.962	trend_dtrader GBPUSD,H1: Failed modifying USDZAR
0	18:27:25.962	trend_dtrader GBPUSD,H1: Failed modifying USDZAR
0	18:27:26.962	trend_dtrader GBPUSD,H1: Failed modifying USDZAR
0	18:27:27.962	trend_dtrader GBPUSD,H1: Failed modifying USDZAR
0	18:27:28.961	trend_dtrader GBPUSD,H1: Failed modifying USDZAR
0	18:27:29.961	trend_dtrader GBPUSD,H1: Failed modifying USDZAR
0	18:27:30.961	trend_dtrader GBPUSD,H1: Failed modifying USDZAR
0	18:27:31.961	trend_dtrader GBPUSD,H1: Failed modifying USDZAR
0	18:27:32.961	trend_dtrader GBPUSD,H1: Failed modifying USDZAR
0	18:27:33.961	trend_dtrader GBPUSD,H1: Failed modifying USDZAR
0	18:27:34.962	trend_dtrader GBPUSD,H1: Failed modifying USDZAR
0	18:27:35.962	trend_dtrader GBPUSD,H1: Failed modifying USDZAR
0	18:27:36.961	trend_dtrader GBPUSD,H1: Failed modifying USDZAR
0	18:27:37.961	trend_dtrader GBPUSD,H1: Failed modifying USDZAR
0	18:27:38.961	trend_dtrader GBPUSD,H1: Failed modifying USDZAR
0	18:27:39.961	trend_dtrader GBPUSD,H1: Failed modifying USDZAR
0	18:27:40.961	trend_dtrader GBPUSD,H1: Failed modifying USDZAR
0	18:27:41.961	trend_dtrader GBPUSD,H1: Failed modifying USDZAR
0	18:27:43.062	trend_dtrader GBPUSD,H1: Failed modifying USDZAR
0	18:27:44.062	trend_dtrader GBPUSD,H1: Failed modifying USDZAR
0	18:27:45.061	trend_dtrader GBPUSD,H1: Failed modifying USDZAR
0	18:27:46.061	trend_dtrader GBPUSD,H1: Failed modifying USDZAR
0	18:27:47.061	trend_dtrader GBPUSD,H1: Failed modifying USDZAR
0	18:27:48.061	trend_dtrader GBPUSD,H1: Failed modifying USDZAR
0	18:27:49.061	trend_dtrader GBPUSD,H1: Failed modifying USDZAR
0	18:27:50.061	trend_dtrader GBPUSD,H1: Failed modifying USDZAR
0	18:27:51.060	trend_dtrader GBPUSD,H1: Failed modifying USDZAR
0	18:27:52.061	trend_dtrader GBPUSD,H1: Failed modifying USDZAR
0	18:27:53.061	trend_dtrader GBPUSD,H1: Failed modifying USDZAR
0	18:27:54.061	trend_dtrader GBPUSD,H1: Failed modifying USDZAR
0	18:27:55.061	trend_dtrader GBPUSD,H1: Failed modifying USDZAR
0	18:27:56.060	trend_dtrader GBPUSD,H1: Failed modifying USDZAR
0	18:27:57.060	trend_dtrader GBPUSD,H1: Failed modifying USDZAR
0	18:27:58.060	trend_dtrader GBPUSD,H1: Failed modifying USDZAR
0	18:27:59.060	trend_dtrader GBPUSD,H1: Failed modifying USDZAR
0	18:28:00.060	trend_dtrader GBPUSD,H1: Failed modifying USDZAR
0	18:28:01.061	trend_dtrader GBPUSD,H1: Failed modifying USDZAR
0	18:28:02.060	trend_dtrader GBPUSD,H1: Failed modifying USDZAR
0	18:28:03.060	trend_dtrader GBPUSD,H1: Failed modifying USDZAR
0	18:28:04.060	trend_dtrader GBPUSD,H1: Failed modifying USDZAR
0	18:28:05.060	trend_dtrader GBPUSD,H1: Failed modifying USDZAR
0	18:28:06.060	trend_dtrader GBPUSD,H1: Failed modifying USDZAR
0	18:28:07.060	trend_dtrader GBPUSD,H1: Failed modifying USDZAR
0	18:28:08.060	trend_dtrader GBPUSD,H1: Failed modifying USDZAR
0	18:28:09.060	trend_dtrader GBPUSD,H1: Failed modifying USDZAR
0	18:28:10.060	trend_dtrader GBPUSD,H1: Failed modifying USDZAR
0	18:28:11.060	trend_dtrader GBPUSD,H1: Failed modifying USDZAR
0	18:28:12.060	trend_dtrader GBPUSD,H1: Failed modifying USDZAR
0	18:28:13.060	trend_dtrader GBPUSD,H1: Failed modifying USDZAR
0	18:28:14.060	trend_dtrader GBPUSD,H1: Failed modifying USDZAR
0	18:28:15.060	trend_dtrader GBPUSD,H1: Failed modifying USDZAR
0	18:28:16.060	trend_dtrader GBPUSD,H1: Failed modifying USDZAR
0	18:28:17.060	trend_dtrader GBPUSD,H1: Failed modifying USDZAR
0	18:28:18.060	trend_dtrader GBPUSD,H1: Failed modifying USDZAR
0	18:28:19.060	trend_dtrader GBPUSD,H1: Failed modifying USDZAR
0	18:28:20.060	trend_dtrader GBPUSD,H1: Failed modifying USDZAR
0	18:28:21.060	trend_dtrader GBPUSD,H1: Failed modifying USDZAR
0	18:28:22.060	trend_dtrader GBPUSD,H1: Failed modifying USDZAR
0	18:28:23.059	trend_dtrader GBPUSD,H1: Failed modifying USDZAR
0	18:28:24.060	trend_dtrader GBPUSD,H1: Failed modifying USDZAR
0	18:28:25.059	trend_dtrader GBPUSD,H1: Failed modifying USDZAR
0	18:28:26.060	trend_dtrader GBPUSD,H1: Failed modifying USDZAR
0	18:28:27.060	trend_dtrader GBPUSD,H1: Failed modifying USDZAR
0	18:28:28.059	trend_dtrader GBPUSD,H1: Failed modifying USDZAR
0	18:28:29.059	trend_dtrader GBPUSD,H1: Failed modifying USDZAR
0	18:28:30.060	trend_dtrader GBPUSD,H1: Failed modifying USDZAR
0	18:28:31.060	trend_dtrader GBPUSD,H1: Failed modifying USDZAR
0	18:28:32.059	trend_dtrader GBPUSD,H1: Failed modifying USDZAR
0	18:28:33.098	trend_dtrader GBPUSD,H1: Failed modifying USDZAR
0	18:28:34.059	trend_dtrader GBPUSD,H1: Failed modifying USDZAR
0	18:28:35.060	trend_dtrader GBPUSD,H1: Failed modifying USDZAR
0	18:28:36.060	trend_dtrader GBPUSD,H1: Failed modifying USDZAR
0	18:28:37.060	trend_dtrader GBPUSD,H1: Failed modifying USDZAR
0	18:28:38.059	trend_dtrader GBPUSD,H1: Failed modifying USDZAR
0	18:28:39.060	trend_dtrader GBPUSD,H1: Failed modifying USDZAR
0	18:28:40.060	trend_dtrader GBPUSD,H1: Failed modifying USDZAR
0	18:28:41.060	trend_dtrader GBPUSD,H1: Failed modifying USDZAR
0	18:28:42.059	trend_dtrader GBPUSD,H1: Failed modifying USDZAR
0	18:28:43.059	trend_dtrader GBPUSD,H1: Failed modifying USDZAR
0	18:28:44.059	trend_dtrader GBPUSD,H1: Failed modifying USDZAR
0	18:28:45.059	trend_dtrader GBPUSD,H1: Failed modifying USDZAR
0	18:28:46.059	trend_dtrader GBPUSD,H1: Failed modifying USDZAR
0	18:28:47.059	trend_dtrader GBPUSD,H1: Failed modifying USDZAR
0	18:28:48.060	trend_dtrader GBPUSD,H1: Failed modifying USDZAR
0	18:28:49.060	trend_dtrader GBPUSD,H1: Failed modifying USDZAR
0	18:28:50.059	trend_dtrader GBPUSD,H1: Failed modifying USDZAR
0	18:28:51.059	trend_dtrader GBPUSD,H1: Failed modifying USDZAR
0	18:28:52.059	trend_dtrader GBPUSD,H1: Failed modifying USDZAR
0	18:28:53.059	trend_dtrader GBPUSD,H1: Failed modifying USDZAR
0	18:28:54.059	trend_dtrader GBPUSD,H1: Failed modifying USDZAR
0	18:28:55.059	trend_dtrader GBPUSD,H1: Failed modifying USDZAR
0	18:28:56.059	trend_dtrader GBPUSD,H1: Failed modifying USDZAR
0	18:28:57.059	trend_dtrader GBPUSD,H1: Failed modifying USDZAR
0	18:28:58.058	trend_dtrader GBPUSD,H1: Failed modifying USDZAR
0	18:28:59.058	trend_dtrader GBPUSD,H1: Failed modifying USDZAR
0	18:29:00.059	trend_dtrader GBPUSD,H1: Failed modifying USDZAR
0	18:29:01.059	trend_dtrader GBPUSD,H1: Failed modifying USDZAR
0	18:29:02.059	trend_dtrader GBPUSD,H1: Failed modifying USDZAR
0	18:29:03.059	trend_dtrader GBPUSD,H1: Failed modifying USDZAR
0	18:29:04.059	trend_dtrader GBPUSD,H1: Failed modifying USDZAR
0	18:29:05.058	trend_dtrader GBPUSD,H1: Failed modifying USDZAR
0	18:29:06.059	trend_dtrader GBPUSD,H1: Failed modifying USDZAR
0	18:29:07.058	trend_dtrader GBPUSD,H1: Failed modifying USDZAR
0	18:29:08.059	trend_dtrader GBPUSD,H1: Failed modifying USDZAR
0	18:29:09.059	trend_dtrader GBPUSD,H1: Failed modifying USDZAR
0	18:29:10.059	trend_dtrader GBPUSD,H1: Failed modifying USDZAR
0	18:29:11.058	trend_dtrader GBPUSD,H1: Failed modifying USDZAR
0	18:29:12.058	trend_dtrader GBPUSD,H1: Failed modifying USDZAR
0	18:29:13.058	trend_dtrader GBPUSD,H1: Failed modifying USDZAR
0	18:29:14.059	trend_dtrader GBPUSD,H1: Failed modifying USDZAR
0	18:29:15.059	trend_dtrader GBPUSD,H1: Failed modifying USDZAR
0	18:29:16.058	trend_dtrader GBPUSD,H1: Failed modifying USDZAR
0	18:29:17.058	trend_dtrader GBPUSD,H1: Failed modifying USDZAR
0	18:29:18.058	trend_dtrader GBPUSD,H1: Failed modifying USDZAR
0	18:29:19.058	trend_dtrader GBPUSD,H1: Failed modifying USDZAR
0	18:29:20.058	trend_dtrader GBPUSD,H1: Failed modifying USDZAR
0	18:29:21.058	trend_dtrader GBPUSD,H1: Failed modifying USDZAR
0	18:29:22.058	trend_dtrader GBPUSD,H1: Failed modifying USDZAR
0	18:29:23.058	trend_dtrader GBPUSD,H1: Failed modifying USDZAR
0	18:29:24.058	trend_dtrader GBPUSD,H1: Failed modifying USDZAR
0	18:29:25.058	trend_dtrader GBPUSD,H1: Failed modifying USDZAR
0	18:29:26.058	trend_dtrader GBPUSD,H1: Failed modifying USDZAR
0	18:29:27.058	trend_dtrader GBPUSD,H1: Failed modifying USDZAR
0	18:29:28.058	trend_dtrader GBPUSD,H1: Failed modifying USDZAR
0	18:29:29.058	trend_dtrader GBPUSD,H1: Failed modifying USDZAR
0	18:29:30.058	trend_dtrader GBPUSD,H1: Failed modifying USDZAR
0	18:29:31.058	trend_dtrader GBPUSD,H1: Failed modifying USDZAR
0	18:29:32.058	trend_dtrader GBPUSD,H1: Failed modifying USDZAR
0	18:29:33.058	trend_dtrader GBPUSD,H1: Failed modifying USDZAR
0	18:29:34.058	trend_dtrader GBPUSD,H1: Failed modifying USDZAR
0	18:29:35.058	trend_dtrader GBPUSD,H1: Failed modifying USDZAR
0	18:29:36.058	trend_dtrader GBPUSD,H1: Failed modifying USDZAR
0	18:29:37.058	trend_dtrader GBPUSD,H1: Failed modifying USDZAR
0	18:29:38.058	trend_dtrader GBPUSD,H1: Failed modifying USDZAR
0	18:29:39.058	trend_dtrader GBPUSD,H1: Failed modifying USDZAR
0	18:29:40.058	trend_dtrader GBPUSD,H1: Failed modifying USDZAR
0	18:29:41.057	trend_dtrader GBPUSD,H1: Failed modifying USDZAR
0	18:29:42.057	trend_dtrader GBPUSD,H1: Failed modifying USDZAR
0	18:29:43.058	trend_dtrader GBPUSD,H1: Failed modifying USDZAR
0	18:29:44.058	trend_dtrader GBPUSD,H1: Failed modifying USDZAR
0	18:29:45.057	trend_dtrader GBPUSD,H1: Failed modifying USDZAR
0	18:29:46.057	trend_dtrader GBPUSD,H1: Failed modifying USDZAR
0	18:29:47.058	trend_dtrader GBPUSD,H1: Failed modifying USDZAR
0	18:29:48.057	trend_dtrader GBPUSD,H1: Failed modifying USDZAR
0	18:29:49.057	trend_dtrader GBPUSD,H1: Failed modifying USDZAR
0	18:29:50.057	trend_dtrader GBPUSD,H1: Failed modifying USDZAR
0	18:29:51.058	trend_dtrader GBPUSD,H1: Failed modifying USDZAR
0	18:29:52.057	trend_dtrader GBPUSD,H1: Failed modifying USDZAR
0	18:29:53.057	trend_dtrader GBPUSD,H1: Failed modifying USDZAR
0	18:29:54.057	trend_dtrader GBPUSD,H1: Failed modifying USDZAR
0	18:29:55.057	trend_dtrader GBPUSD,H1: Failed modifying USDZAR
0	18:29:56.057	trend_dtrader GBPUSD,H1: Failed modifying USDZAR
0	18:29:57.058	trend_dtrader GBPUSD,H1: Failed modifying USDZAR
0	18:29:58.057	trend_dtrader GBPUSD,H1: Failed modifying USDZAR
0	18:29:59.058	trend_dtrader GBPUSD,H1: Failed modifying USDZAR
0	18:30:00.057	trend_dtrader GBPUSD,H1: Failed modifying USDZAR
0	18:30:01.056	trend_dtrader GBPUSD,H1: Failed modifying USDZAR
0	18:30:02.056	trend_dtrader GBPUSD,H1: Failed modifying USDZAR
0	18:30:03.057	trend_dtrader GBPUSD,H1: Failed modifying USDZAR
0	18:30:04.071	trend_dtrader GBPUSD,H1: Failed modifying USDZAR
0	18:30:05.057	trend_dtrader GBPUSD,H1: Failed modifying USDZAR
0	18:30:06.057	trend_dtrader GBPUSD,H1: Failed modifying USDZAR
0	18:30:07.057	trend_dtrader GBPUSD,H1: Failed modifying USDZAR
0	18:30:08.057	trend_dtrader GBPUSD,H1: Failed modifying USDZAR
0	18:30:09.057	trend_dtrader GBPUSD,H1: Failed modifying USDZAR
0	18:30:10.056	trend_dtrader GBPUSD,H1: Failed modifying USDZAR
0	18:30:11.057	trend_dtrader GBPUSD,H1: Failed modifying USDZAR
0	18:30:12.057	trend_dtrader GBPUSD,H1: Failed modifying USDZAR
0	18:30:13.057	trend_dtrader GBPUSD,H1: Failed modifying USDZAR
0	18:30:14.056	trend_dtrader GBPUSD,H1: Failed modifying USDZAR
0	18:30:15.057	trend_dtrader GBPUSD,H1: Failed modifying USDZAR
0	18:30:16.057	trend_dtrader GBPUSD,H1: Failed modifying USDZAR
0	18:30:17.056	trend_dtrader GBPUSD,H1: Failed modifying USDZAR
0	18:30:18.057	trend_dtrader GBPUSD,H1: Failed modifying USDZAR
0	18:30:19.057	trend_dtrader GBPUSD,H1: Failed modifying USDZAR
0	18:30:20.056	trend_dtrader GBPUSD,H1: Failed modifying USDZAR
0	18:30:21.056	trend_dtrader GBPUSD,H1: Failed modifying USDZAR
0	18:30:22.056	trend_dtrader GBPUSD,H1: Failed modifying USDZAR
0	18:30:23.057	trend_dtrader GBPUSD,H1: Failed modifying USDZAR
0	18:30:24.056	trend_dtrader GBPUSD,H1: Failed modifying USDZAR
0	18:30:25.056	trend_dtrader GBPUSD,H1: Failed modifying USDZAR
0	18:30:26.056	trend_dtrader GBPUSD,H1: Failed modifying USDZAR
0	18:30:27.056	trend_dtrader GBPUSD,H1: Failed modifying USDZAR
0	18:30:28.057	trend_dtrader GBPUSD,H1: Failed modifying USDZAR
0	18:30:29.057	trend_dtrader GBPUSD,H1: Failed modifying USDZAR
0	18:30:30.057	trend_dtrader GBPUSD,H1: Failed modifying USDZAR
0	18:30:31.056	trend_dtrader GBPUSD,H1: Failed modifying USDZAR
0	18:30:32.056	trend_dtrader GBPUSD,H1: Failed modifying USDZAR
0	18:30:33.057	trend_dtrader GBPUSD,H1: Failed modifying USDZAR
0	18:30:34.056	trend_dtrader GBPUSD,H1: Failed modifying USDZAR
0	18:30:35.056	trend_dtrader GBPUSD,H1: Failed modifying USDZAR
0	18:30:36.056	trend_dtrader GBPUSD,H1: Failed modifying USDZAR
0	18:30:37.056	trend_dtrader GBPUSD,H1: Failed modifying USDZAR
0	18:30:38.056	trend_dtrader GBPUSD,H1: Failed modifying USDZAR
0	18:30:39.056	trend_dtrader GBPUSD,H1: Failed modifying USDZAR
0	18:30:40.056	trend_dtrader GBPUSD,H1: Failed modifying USDZAR
0	18:30:41.056	trend_dtrader GBPUSD,H1: Failed modifying USDZAR
0	18:30:42.055	trend_dtrader GBPUSD,H1: Failed modifying USDZAR
0	18:30:43.056	trend_dtrader GBPUSD,H1: Failed modifying USDZAR
0	18:30:44.056	trend_dtrader GBPUSD,H1: Failed modifying USDZAR
0	18:30:45.056	trend_dtrader GBPUSD,H1: Failed modifying USDZAR
0	18:30:46.056	trend_dtrader GBPUSD,H1: Failed modifying USDZAR
0	18:30:47.056	trend_dtrader GBPUSD,H1: Failed modifying USDZAR
0	18:30:48.056	trend_dtrader GBPUSD,H1: Failed modifying USDZAR
0	18:30:49.055	trend_dtrader GBPUSD,H1: Failed modifying USDZAR
0	18:30:50.055	trend_dtrader GBPUSD,H1: Failed modifying USDZAR
0	18:30:51.055	trend_dtrader GBPUSD,H1: Failed modifying USDZAR
0	18:30:52.055	trend_dtrader GBPUSD,H1: Failed modifying USDZAR
0	18:30:53.056	trend_dtrader GBPUSD,H1: Failed modifying USDZAR
0	18:30:54.055	trend_dtrader GBPUSD,H1: Failed modifying USDZAR
0	18:30:55.056	trend_dtrader GBPUSD,H1: Failed modifying USDZAR
0	18:30:56.056	trend_dtrader GBPUSD,H1: Failed modifying USDZAR
0	18:30:57.055	trend_dtrader GBPUSD,H1: Failed modifying USDZAR
0	18:30:58.055	trend_dtrader GBPUSD,H1: Failed modifying USDZAR
0	18:30:59.055	trend_dtrader GBPUSD,H1: Failed modifying USDZAR
0	18:31:00.055	trend_dtrader GBPUSD,H1: Failed modifying USDZAR
0	18:31:01.055	trend_dtrader GBPUSD,H1: Failed modifying USDZAR
0	18:31:02.055	trend_dtrader GBPUSD,H1: Failed modifying USDZAR
0	18:31:03.055	trend_dtrader GBPUSD,H1: Failed modifying USDZAR
0	18:31:04.055	trend_dtrader GBPUSD,H1: Failed modifying USDZAR
0	18:31:05.055	trend_dtrader GBPUSD,H1: Failed modifying USDZAR
0	18:31:06.055	trend_dtrader GBPUSD,H1: Failed modifying USDZAR
0	18:31:07.055	trend_dtrader GBPUSD,H1: Failed modifying USDZAR
0	18:31:08.055	trend_dtrader GBPUSD,H1: Failed modifying USDZAR
0	18:31:09.054	trend_dtrader GBPUSD,H1: Failed modifying USDZAR
0	18:31:10.054	trend_dtrader GBPUSD,H1: Failed modifying USDZAR
0	18:31:11.054	trend_dtrader GBPUSD,H1: Failed modifying USDZAR
0	18:31:12.061	trend_dtrader GBPUSD,H1: Failed modifying USDZAR
0	18:31:13.054	trend_dtrader GBPUSD,H1: Failed modifying USDZAR
0	18:31:14.055	trend_dtrader GBPUSD,H1: Failed modifying USDZAR
0	18:31:15.055	trend_dtrader GBPUSD,H1: Failed modifying USDZAR
0	18:31:16.056	trend_dtrader GBPUSD,H1: Failed modifying USDZAR
0	18:31:17.055	trend_dtrader GBPUSD,H1: Failed modifying USDZAR
0	18:31:18.055	trend_dtrader GBPUSD,H1: Failed modifying USDZAR
0	18:31:19.055	trend_dtrader GBPUSD,H1: Failed modifying USDZAR
0	18:31:20.055	trend_dtrader GBPUSD,H1: Failed modifying USDZAR
0	18:31:21.055	trend_dtrader GBPUSD,H1: Failed modifying USDZAR
0	18:31:22.054	trend_dtrader GBPUSD,H1: Failed modifying USDZAR
0	18:31:23.055	trend_dtrader GBPUSD,H1: Failed modifying USDZAR
0	18:31:24.055	trend_dtrader GBPUSD,H1: Failed modifying USDZAR
0	18:31:25.054	trend_dtrader GBPUSD,H1: Failed modifying USDZAR
0	18:31:26.054	trend_dtrader GBPUSD,H1: Failed modifying USDZAR
0	18:31:27.054	trend_dtrader GBPUSD,H1: Failed modifying USDZAR
0	18:31:28.054	trend_dtrader GBPUSD,H1: Failed modifying USDZAR
0	18:31:29.054	trend_dtrader GBPUSD,H1: Failed modifying USDZAR
0	18:31:30.054	trend_dtrader GBPUSD,H1: Failed modifying USDZAR
0	18:31:31.054	trend_dtrader GBPUSD,H1: Failed modifying USDZAR
0	18:31:32.055	trend_dtrader GBPUSD,H1: Failed modifying USDZAR
0	18:31:33.055	trend_dtrader GBPUSD,H1: Failed modifying USDZAR
0	18:31:34.055	trend_dtrader GBPUSD,H1: Failed modifying USDZAR
0	18:31:35.055	trend_dtrader GBPUSD,H1: Failed modifying USDZAR
0	18:31:36.059	trend_dtrader GBPUSD,H1: Failed modifying USDZAR
0	18:31:37.054	trend_dtrader GBPUSD,H1: Failed modifying USDZAR
0	18:31:38.054	trend_dtrader GBPUSD,H1: Failed modifying USDZAR
0	18:31:39.054	trend_dtrader GBPUSD,H1: Failed modifying USDZAR
0	18:31:40.053	trend_dtrader GBPUSD,H1: Failed modifying USDZAR
0	18:31:41.066	trend_dtrader GBPUSD,H1: Failed modifying USDZAR
0	18:31:42.054	trend_dtrader GBPUSD,H1: Failed modifying USDZAR
0	18:31:43.054	trend_dtrader GBPUSD,H1: Failed modifying USDZAR
0	18:31:44.054	trend_dtrader GBPUSD,H1: Failed modifying USDZAR
0	18:31:45.054	trend_dtrader GBPUSD,H1: Failed modifying USDZAR
0	18:31:46.054	trend_dtrader GBPUSD,H1: Failed modifying USDZAR
0	18:31:47.054	trend_dtrader GBPUSD,H1: Failed modifying USDZAR
0	18:31:48.054	trend_dtrader GBPUSD,H1: Failed modifying USDZAR
0	18:31:49.053	trend_dtrader GBPUSD,H1: Failed modifying USDZAR
0	18:31:50.054	trend_dtrader GBPUSD,H1: Failed modifying USDZAR
0	18:31:51.053	trend_dtrader GBPUSD,H1: Failed modifying USDZAR
0	18:31:52.054	trend_dtrader GBPUSD,H1: Failed modifying USDZAR
0	18:31:53.055	trend_dtrader GBPUSD,H1: Failed modifying USDZAR
0	18:31:54.054	trend_dtrader GBPUSD,H1: Failed modifying USDZAR
0	18:31:55.054	trend_dtrader GBPUSD,H1: Failed modifying USDZAR
0	18:31:56.054	trend_dtrader GBPUSD,H1: Failed modifying USDZAR
0	18:31:57.053	trend_dtrader GBPUSD,H1: Failed modifying USDZAR
0	18:31:58.053	trend_dtrader GBPUSD,H1: Failed modifying USDZAR
0	18:31:59.054	trend_dtrader GBPUSD,H1: Failed modifying USDZAR
0	18:32:00.054	trend_dtrader GBPUSD,H1: Failed modifying USDZAR
0	18:32:01.053	trend_dtrader GBPUSD,H1: Failed modifying USDZAR
0	18:32:02.053	trend_dtrader GBPUSD,H1: Failed modifying USDZAR
0	18:32:03.053	trend_dtrader GBPUSD,H1: Failed modifying USDZAR
0	18:32:04.053	trend_dtrader GBPUSD,H1: Failed modifying USDZAR
0	18:32:05.053	trend_dtrader GBPUSD,H1: Failed modifying USDZAR
0	18:32:06.053	trend_dtrader GBPUSD,H1: Failed modifying USDZAR
0	18:32:07.053	trend_dtrader GBPUSD,H1: Failed modifying USDZAR
0	18:32:08.052	trend_dtrader GBPUSD,H1: Failed modifying USDZAR
0	18:32:09.053	trend_dtrader GBPUSD,H1: Failed modifying USDZAR
0	18:32:10.053	trend_dtrader GBPUSD,H1: Failed modifying USDZAR
0	18:32:11.053	trend_dtrader GBPUSD,H1: Failed modifying USDZAR
0	18:32:12.053	trend_dtrader GBPUSD,H1: Failed modifying USDZAR
0	18:32:13.053	trend_dtrader GBPUSD,H1: Failed modifying USDZAR
0	18:32:14.053	trend_dtrader GBPUSD,H1: Failed modifying USDZAR
0	18:32:15.053	trend_dtrader GBPUSD,H1: Failed modifying USDZAR
0	18:32:16.053	trend_dtrader GBPUSD,H1: Failed modifying USDZAR
0	18:32:17.053	trend_dtrader GBPUSD,H1: Failed modifying USDZAR
0	18:32:18.054	trend_dtrader GBPUSD,H1: Failed modifying USDZAR
0	18:32:19.053	trend_dtrader GBPUSD,H1: Failed modifying USDZAR
0	18:32:20.053	trend_dtrader GBPUSD,H1: Failed modifying USDZAR
0	18:32:21.053	trend_dtrader GBPUSD,H1: Failed modifying USDZAR
0	18:32:22.052	trend_dtrader GBPUSD,H1: Failed modifying USDZAR
0	18:32:23.052	trend_dtrader GBPUSD,H1: Failed modifying USDZAR
0	18:32:24.053	trend_dtrader GBPUSD,H1: Failed modifying USDZAR
0	18:32:25.052	trend_dtrader GBPUSD,H1: Failed modifying USDZAR
0	18:32:26.053	trend_dtrader GBPUSD,H1: Failed modifying USDZAR
0	18:32:27.053	trend_dtrader GBPUSD,H1: Failed modifying USDZAR
0	18:32:28.053	trend_dtrader GBPUSD,H1: Failed modifying USDZAR
0	18:32:29.052	trend_dtrader GBPUSD,H1: Failed modifying USDZAR
0	18:32:30.052	trend_dtrader GBPUSD,H1: Failed modifying USDZAR
0	18:32:31.052	trend_dtrader GBPUSD,H1: Failed modifying USDZAR
0	18:32:32.052	trend_dtrader GBPUSD,H1: Failed modifying USDZAR
0	18:32:33.053	trend_dtrader GBPUSD,H1: Failed modifying USDZAR
0	18:32:34.052	trend_dtrader GBPUSD,H1: Failed modifying USDZAR
0	18:32:35.053	trend_dtrader GBPUSD,H1: Failed modifying USDZAR
0	18:32:36.052	trend_dtrader GBPUSD,H1: Failed modifying USDZAR
0	18:32:37.052	trend_dtrader GBPUSD,H1: Failed modifying USDZAR
0	18:32:38.053	trend_dtrader GBPUSD,H1: Failed modifying USDZAR
0	18:32:39.053	trend_dtrader GBPUSD,H1: Failed modifying USDZAR
0	18:32:40.052	trend_dtrader GBPUSD,H1: Failed modifying USDZAR
0	18:32:41.053	trend_dtrader GBPUSD,H1: Failed modifying USDZAR
0	18:32:42.052	trend_dtrader GBPUSD,H1: Failed modifying USDZAR
0	18:32:43.052	trend_dtrader GBPUSD,H1: Failed modifying USDZAR
0	18:32:44.053	trend_dtrader GBPUSD,H1: Failed modifying USDZAR
0	18:32:45.052	trend_dtrader GBPUSD,H1: Failed modifying USDZAR
0	18:32:46.052	trend_dtrader GBPUSD,H1: Failed modifying USDZAR
0	18:32:47.051	trend_dtrader GBPUSD,H1: Failed modifying USDZAR
0	18:32:48.052	trend_dtrader GBPUSD,H1: Failed modifying USDZAR
0	18:32:49.052	trend_dtrader GBPUSD,H1: Failed modifying USDZAR
0	18:32:50.052	trend_dtrader GBPUSD,H1: Failed modifying USDZAR
0	18:32:51.051	trend_dtrader GBPUSD,H1: Failed modifying USDZAR
0	18:32:52.052	trend_dtrader GBPUSD,H1: Failed modifying USDZAR
0	18:32:53.051	trend_dtrader GBPUSD,H1: Failed modifying USDZAR
0	18:32:54.052	trend_dtrader GBPUSD,H1: Failed modifying USDZAR
0	18:32:55.054	trend_dtrader GBPUSD,H1: Failed modifying USDZAR
0	18:32:56.051	trend_dtrader GBPUSD,H1: Failed modifying USDZAR
0	18:32:57.051	trend_dtrader GBPUSD,H1: Failed modifying USDZAR
0	18:32:58.051	trend_dtrader GBPUSD,H1: Failed modifying USDZAR
0	18:32:59.051	trend_dtrader GBPUSD,H1: Failed modifying USDZAR
0	18:33:00.052	trend_dtrader GBPUSD,H1: Failed modifying USDZAR
0	18:33:01.052	trend_dtrader GBPUSD,H1: Failed modifying USDZAR
0	18:33:02.051	trend_dtrader GBPUSD,H1: Failed modifying USDZAR
0	18:33:03.051	trend_dtrader GBPUSD,H1: Failed modifying USDZAR
0	18:33:04.052	trend_dtrader GBPUSD,H1: Failed modifying USDZAR
0	18:33:05.052	trend_dtrader GBPUSD,H1: Failed modifying USDZAR
0	18:33:06.051	trend_dtrader GBPUSD,H1: Failed modifying USDZAR
0	18:33:07.052	trend_dtrader GBPUSD,H1: Failed modifying USDZAR
0	18:33:08.051	trend_dtrader GBPUSD,H1: Failed modifying USDZAR
0	18:33:09.051	trend_dtrader GBPUSD,H1: Failed modifying USDZAR
0	18:33:10.051	trend_dtrader GBPUSD,H1: Failed modifying USDZAR
0	18:33:11.051	trend_dtrader GBPUSD,H1: Failed modifying USDZAR
0	18:33:12.051	trend_dtrader GBPUSD,H1: Failed modifying USDZAR
0	18:33:13.051	trend_dtrader GBPUSD,H1: Failed modifying USDZAR
0	18:33:14.051	trend_dtrader GBPUSD,H1: Failed modifying USDZAR
0	18:33:15.055	trend_dtrader GBPUSD,H1: Failed modifying USDZAR
0	18:33:16.051	trend_dtrader GBPUSD,H1: Failed modifying USDZAR
0	18:33:17.051	trend_dtrader GBPUSD,H1: Failed modifying USDZAR
0	18:33:18.051	trend_dtrader GBPUSD,H1: Failed modifying USDZAR
0	18:33:19.051	trend_dtrader GBPUSD,H1: Failed modifying USDZAR
0	18:33:20.051	trend_dtrader GBPUSD,H1: Failed modifying USDZAR
0	18:33:21.052	trend_dtrader GBPUSD,H1: Failed modifying USDZAR
0	18:33:22.051	trend_dtrader GBPUSD,H1: Failed modifying USDZAR
0	18:33:23.051	trend_dtrader GBPUSD,H1: Failed modifying USDZAR
0	18:33:24.050	trend_dtrader GBPUSD,H1: Failed modifying USDZAR
0	18:33:25.051	trend_dtrader GBPUSD,H1: Failed modifying USDZAR
0	18:33:26.051	trend_dtrader GBPUSD,H1: Failed modifying USDZAR
0	18:33:27.050	trend_dtrader GBPUSD,H1: Failed modifying USDZAR
0	18:33:28.051	trend_dtrader GBPUSD,H1: Failed modifying USDZAR
0	18:33:29.051	trend_dtrader GBPUSD,H1: Failed modifying USDZAR
0	18:33:30.051	trend_dtrader GBPUSD,H1: Failed modifying USDZAR
0	18:39:10.040	trend_dtrader GBPUSD,H1: Failed modifying USDZAR
0	18:39:11.040	trend_dtrader GBPUSD,H1: Failed modifying USDZAR
0	18:39:12.040	trend_dtrader GBPUSD,H1: Failed modifying USDZAR
0	18:39:13.040	trend_dtrader GBPUSD,H1: Failed modifying USDZAR
0	18:39:14.040	trend_dtrader GBPUSD,H1: Failed modifying USDZAR
0	18:39:15.041	trend_dtrader GBPUSD,H1: Failed modifying USDZAR
0	18:39:27.039	trend_dtrader GBPUSD,H1: Failed modifying USDZAR
0	18:39:28.039	trend_dtrader GBPUSD,H1: Failed modifying USDZAR
0	18:39:29.039	trend_dtrader GBPUSD,H1: Failed modifying USDZAR
0	18:39:30.040	trend_dtrader GBPUSD,H1: Failed modifying USDZAR
0	18:39:31.039	trend_dtrader GBPUSD,H1: Failed modifying USDZAR
0	18:39:32.040	trend_dtrader GBPUSD,H1: Failed modifying USDZAR
0	18:39:33.043	trend_dtrader GBPUSD,H1: Failed modifying USDZAR
0	18:39:34.039	trend_dtrader GBPUSD,H1: Failed modifying USDZAR
0	18:39:35.039	trend_dtrader GBPUSD,H1: Failed modifying USDZAR
0	18:39:36.039	trend_dtrader GBPUSD,H1: Failed modifying USDZAR
0	18:39:37.039	trend_dtrader GBPUSD,H1: Failed modifying USDZAR
0	18:39:38.039	trend_dtrader GBPUSD,H1: Failed modifying USDZAR
0	18:39:39.039	trend_dtrader GBPUSD,H1: Failed modifying USDZAR
0	18:39:40.039	trend_dtrader GBPUSD,H1: Failed modifying USDZAR
0	18:39:41.039	trend_dtrader GBPUSD,H1: Failed modifying USDZAR
0	18:39:42.039	trend_dtrader GBPUSD,H1: Failed modifying USDZAR
0	18:39:43.039	trend_dtrader GBPUSD,H1: Failed modifying USDZAR
0	18:39:44.038	trend_dtrader GBPUSD,H1: Failed modifying USDZAR
0	18:39:45.039	trend_dtrader GBPUSD,H1: Failed modifying USDZAR
0	18:39:46.040	trend_dtrader GBPUSD,H1: Failed modifying USDZAR
0	18:39:47.039	trend_dtrader GBPUSD,H1: Failed modifying USDZAR
0	18:39:48.039	trend_dtrader GBPUSD,H1: Failed modifying USDZAR
0	18:39:49.039	trend_dtrader GBPUSD,H1: Failed modifying USDZAR
0	18:39:50.039	trend_dtrader GBPUSD,H1: Failed modifying USDZAR
0	18:39:51.039	trend_dtrader GBPUSD,H1: Failed modifying USDZAR
0	18:39:52.039	trend_dtrader GBPUSD,H1: Failed modifying USDZAR
0	18:39:53.039	trend_dtrader GBPUSD,H1: Failed modifying USDZAR
0	18:39:54.039	trend_dtrader GBPUSD,H1: Failed modifying USDZAR
0	18:39:55.039	trend_dtrader GBPUSD,H1: Failed modifying USDZAR
0	18:39:56.040	trend_dtrader GBPUSD,H1: Failed modifying USDZAR
0	18:39:57.039	trend_dtrader GBPUSD,H1: Failed modifying USDZAR
0	18:39:58.039	trend_dtrader GBPUSD,H1: Failed modifying USDZAR
0	18:39:59.039	trend_dtrader GBPUSD,H1: Failed modifying USDZAR
0	18:40:00.039	trend_dtrader GBPUSD,H1: Failed modifying USDZAR
0	18:40:01.039	trend_dtrader GBPUSD,H1: Failed modifying USDZAR
0	18:40:02.039	trend_dtrader GBPUSD,H1: Failed modifying USDZAR
0	18:40:03.038	trend_dtrader GBPUSD,H1: Failed modifying USDZAR
0	18:40:04.039	trend_dtrader GBPUSD,H1: Failed modifying USDZAR
0	18:40:05.039	trend_dtrader GBPUSD,H1: Failed modifying USDZAR
0	18:40:06.038	trend_dtrader GBPUSD,H1: Failed modifying USDZAR
0	18:40:07.039	trend_dtrader GBPUSD,H1: Failed modifying USDZAR
0	18:40:08.039	trend_dtrader GBPUSD,H1: Failed modifying USDZAR
0	18:40:09.038	trend_dtrader GBPUSD,H1: Failed modifying USDZAR
0	18:40:10.038	trend_dtrader GBPUSD,H1: Failed modifying USDZAR
0	18:40:11.038	trend_dtrader GBPUSD,H1: Failed modifying USDZAR
0	18:40:12.038	trend_dtrader GBPUSD,H1: Failed modifying USDZAR
0	18:40:13.038	trend_dtrader GBPUSD,H1: Failed modifying USDZAR
0	18:40:14.038	trend_dtrader GBPUSD,H1: Failed modifying USDZAR
0	18:40:15.038	trend_dtrader GBPUSD,H1: Failed modifying USDZAR
0	18:40:16.038	trend_dtrader GBPUSD,H1: Failed modifying USDZAR
0	18:40:17.039	trend_dtrader GBPUSD,H1: Failed modifying USDZAR
0	18:40:18.038	trend_dtrader GBPUSD,H1: Failed modifying USDZAR
0	18:40:19.038	trend_dtrader GBPUSD,H1: Failed modifying USDZAR
0	18:40:20.038	trend_dtrader GBPUSD,H1: Failed modifying USDZAR
0	18:40:21.038	trend_dtrader GBPUSD,H1: Failed modifying USDZAR
0	18:40:22.037	trend_dtrader GBPUSD,H1: Failed modifying USDZAR
0	18:40:23.038	trend_dtrader GBPUSD,H1: Failed modifying USDZAR
0	18:40:24.038	trend_dtrader GBPUSD,H1: Failed modifying USDZAR
0	18:40:25.037	trend_dtrader GBPUSD,H1: Failed modifying USDZAR
0	18:40:26.038	trend_dtrader GBPUSD,H1: Failed modifying USDZAR
0	18:40:27.038	trend_dtrader GBPUSD,H1: Failed modifying USDZAR
0	18:40:28.038	trend_dtrader GBPUSD,H1: Failed modifying USDZAR
0	18:40:29.037	trend_dtrader GBPUSD,H1: Failed modifying USDZAR
0	18:40:30.039	trend_dtrader GBPUSD,H1: Failed modifying USDZAR
0	18:40:31.038	trend_dtrader GBPUSD,H1: Failed modifying USDZAR
0	18:40:32.038	trend_dtrader GBPUSD,H1: Failed modifying USDZAR
0	18:40:33.038	trend_dtrader GBPUSD,H1: Failed modifying USDZAR
0	18:40:34.038	trend_dtrader GBPUSD,H1: Failed modifying USDZAR
0	18:40:35.038	trend_dtrader GBPUSD,H1: Failed modifying USDZAR
0	18:40:36.038	trend_dtrader GBPUSD,H1: Failed modifying USDZAR
0	18:40:37.037	trend_dtrader GBPUSD,H1: Failed modifying USDZAR
0	18:40:38.038	trend_dtrader GBPUSD,H1: Failed modifying USDZAR
0	18:40:39.037	trend_dtrader GBPUSD,H1: Failed modifying USDZAR
0	18:40:40.038	trend_dtrader GBPUSD,H1: Failed modifying USDZAR
0	18:40:41.038	trend_dtrader GBPUSD,H1: Failed modifying USDZAR
0	18:40:42.037	trend_dtrader GBPUSD,H1: Failed modifying USDZAR
0	18:40:43.037	trend_dtrader GBPUSD,H1: Failed modifying USDZAR
0	18:40:44.037	trend_dtrader GBPUSD,H1: Failed modifying USDZAR
0	18:40:45.037	trend_dtrader GBPUSD,H1: Failed modifying USDZAR
0	18:40:46.038	trend_dtrader GBPUSD,H1: Failed modifying USDZAR
0	18:40:47.038	trend_dtrader GBPUSD,H1: Failed modifying USDZAR
0	18:40:48.037	trend_dtrader GBPUSD,H1: Failed modifying USDZAR
0	18:40:50.036	trend_dtrader GBPUSD,H1: Failed modifying USDZAR
0	18:42:16.035	trend_dtrader GBPUSD,H1: Failed modifying USDZAR
0	18:42:17.034	trend_dtrader GBPUSD,H1: Failed modifying USDZAR
0	18:42:18.034	trend_dtrader GBPUSD,H1: Failed modifying USDZAR
0	18:42:19.034	trend_dtrader GBPUSD,H1: Failed modifying USDZAR
0	18:42:20.034	trend_dtrader GBPUSD,H1: Failed modifying USDZAR
0	18:42:21.034	trend_dtrader GBPUSD,H1: Failed modifying USDZAR
0	18:42:22.034	trend_dtrader GBPUSD,H1: Failed modifying USDZAR
0	18:42:23.034	trend_dtrader GBPUSD,H1: Failed modifying USDZAR
0	18:42:24.034	trend_dtrader GBPUSD,H1: Failed modifying USDZAR
0	18:42:25.034	trend_dtrader GBPUSD,H1: Failed modifying USDZAR
0	18:42:26.034	trend_dtrader GBPUSD,H1: Failed modifying USDZAR
0	18:42:27.034	trend_dtrader GBPUSD,H1: Failed modifying USDZAR
0	18:42:28.034	trend_dtrader GBPUSD,H1: Failed modifying USDZAR
0	18:42:29.034	trend_dtrader GBPUSD,H1: Failed modifying USDZAR
0	18:42:30.033	trend_dtrader GBPUSD,H1: Failed modifying USDZAR
0	18:42:31.034	trend_dtrader GBPUSD,H1: Failed modifying USDZAR
0	18:42:32.034	trend_dtrader GBPUSD,H1: Failed modifying USDZAR
0	18:42:33.034	trend_dtrader GBPUSD,H1: Failed modifying USDZAR
0	18:42:34.034	trend_dtrader GBPUSD,H1: Failed modifying USDZAR
0	18:42:35.034	trend_dtrader GBPUSD,H1: Failed modifying USDZAR
0	18:42:36.034	trend_dtrader GBPUSD,H1: Failed modifying USDZAR
0	18:42:37.034	trend_dtrader GBPUSD,H1: Failed modifying USDZAR
0	18:42:38.034	trend_dtrader GBPUSD,H1: Failed modifying USDZAR
0	18:42:39.034	trend_dtrader GBPUSD,H1: Failed modifying USDZAR
0	18:42:40.034	trend_dtrader GBPUSD,H1: Failed modifying USDZAR
0	18:42:41.034	trend_dtrader GBPUSD,H1: Failed modifying USDZAR
0	18:42:42.033	trend_dtrader GBPUSD,H1: Failed modifying USDZAR
0	18:42:43.034	trend_dtrader GBPUSD,H1: Failed modifying USDZAR
0	18:42:44.034	trend_dtrader GBPUSD,H1: Failed modifying USDZAR
0	18:42:45.034	trend_dtrader GBPUSD,H1: Failed modifying USDZAR
0	18:42:46.034	trend_dtrader GBPUSD,H1: Failed modifying USDZAR
0	18:42:47.034	trend_dtrader GBPUSD,H1: Failed modifying USDZAR
0	18:42:48.033	trend_dtrader GBPUSD,H1: Failed modifying USDZAR
0	18:42:49.033	trend_dtrader GBPUSD,H1: Failed modifying USDZAR
0	18:42:50.034	trend_dtrader GBPUSD,H1: Failed modifying USDZAR
0	18:42:51.036	trend_dtrader GBPUSD,H1: Failed modifying USDZAR
0	18:42:52.039	trend_dtrader GBPUSD,H1: Failed modifying USDZAR
0	18:42:53.042	trend_dtrader GBPUSD,H1: Failed modifying USDZAR
0	18:42:54.044	trend_dtrader GBPUSD,H1: Failed modifying USDZAR
0	18:42:55.045	trend_dtrader GBPUSD,H1: Failed modifying USDZAR
0	18:42:56.048	trend_dtrader GBPUSD,H1: Failed modifying USDZAR
0	18:42:57.049	trend_dtrader GBPUSD,H1: Failed modifying USDZAR
0	18:42:58.052	trend_dtrader GBPUSD,H1: Failed modifying USDZAR
0	18:42:59.053	trend_dtrader GBPUSD,H1: Failed modifying USDZAR
0	18:43:00.054	trend_dtrader GBPUSD,H1: Failed modifying USDZAR
0	18:43:01.056	trend_dtrader GBPUSD,H1: Failed modifying USDZAR
0	18:43:02.057	trend_dtrader GBPUSD,H1: Failed modifying USDZAR
0	18:43:03.058	trend_dtrader GBPUSD,H1: Failed modifying USDZAR
0	18:43:04.060	trend_dtrader GBPUSD,H1: Failed modifying USDZAR
0	18:43:05.061	trend_dtrader GBPUSD,H1: Failed modifying USDZAR
0	18:43:06.062	trend_dtrader GBPUSD,H1: Failed modifying USDZAR
0	18:43:07.062	trend_dtrader GBPUSD,H1: Failed modifying USDZAR
0	18:43:08.064	trend_dtrader GBPUSD,H1: Failed modifying USDZAR
0	18:43:09.065	trend_dtrader GBPUSD,H1: Failed modifying USDZAR
0	18:43:10.066	trend_dtrader GBPUSD,H1: Failed modifying USDZAR
0	18:43:11.066	trend_dtrader GBPUSD,H1: Failed modifying USDZAR
0	18:43:12.066	trend_dtrader GBPUSD,H1: Failed modifying USDZAR
0	18:43:13.068	trend_dtrader GBPUSD,H1: Failed modifying USDZAR
0	18:53:06.064	trend_dtrader GBPUSD,H1: Alert: Please check your internet connection
0	18:53:07.065	trend_dtrader GBPUSD,H1: Alert: Please check your internet connection
0	18:53:08.064	trend_dtrader GBPUSD,H1: Alert: Please check your internet connection
0	18:53:09.065	trend_dtrader GBPUSD,H1: Alert: Please check your internet connection
0	18:53:10.065	trend_dtrader GBPUSD,H1: Alert: Please check your internet connection
0	18:53:11.063	trend_dtrader GBPUSD,H1: Alert: Please check your internet connection
0	18:53:12.065	trend_dtrader GBPUSD,H1: Alert: Please check your internet connection
0	18:53:13.065	trend_dtrader GBPUSD,H1: Alert: Please check your internet connection
0	18:53:14.064	trend_dtrader GBPUSD,H1: Alert: Please check your internet connection
0	18:53:15.063	trend_dtrader GBPUSD,H1: Alert: Please check your internet connection
0	18:53:16.067	trend_dtrader GBPUSD,H1: Alert: Please check your internet connection
0	18:53:17.065	trend_dtrader GBPUSD,H1: Alert: Please check your internet connection
0	18:53:18.063	trend_dtrader GBPUSD,H1: Alert: Please check your internet connection
0	18:53:19.064	trend_dtrader GBPUSD,H1: Alert: Please check your internet connection
0	18:53:20.062	trend_dtrader GBPUSD,H1: Alert: Please check your internet connection
0	18:53:21.064	trend_dtrader GBPUSD,H1: Alert: Please check your internet connection
0	18:53:22.064	trend_dtrader GBPUSD,H1: Alert: Please check your internet connection
0	18:53:23.064	trend_dtrader GBPUSD,H1: Alert: Please check your internet connection
0	18:53:24.064	trend_dtrader GBPUSD,H1: Alert: Please check your internet connection
0	18:53:25.063	trend_dtrader GBPUSD,H1: Alert: Please check your internet connection
0	18:53:26.064	trend_dtrader GBPUSD,H1: Alert: Please check your internet connection
0	18:53:27.064	trend_dtrader GBPUSD,H1: Alert: Please check your internet connection
0	18:53:28.065	trend_dtrader GBPUSD,H1: Alert: Please check your internet connection
0	18:53:29.064	trend_dtrader GBPUSD,H1: Alert: Please check your internet connection
0	18:53:30.064	trend_dtrader GBPUSD,H1: Alert: Please check your internet connection
0	18:53:31.064	trend_dtrader GBPUSD,H1: Alert: Please check your internet connection
0	18:53:32.064	trend_dtrader GBPUSD,H1: Alert: Please check your internet connection
0	18:53:33.064	trend_dtrader GBPUSD,H1: Alert: Please check your internet connection
0	18:53:34.064	trend_dtrader GBPUSD,H1: Alert: Please check your internet connection
0	18:53:35.063	trend_dtrader GBPUSD,H1: Alert: Please check your internet connection
0	18:53:36.063	trend_dtrader GBPUSD,H1: Alert: Please check your internet connection
0	18:53:37.063	trend_dtrader GBPUSD,H1: Alert: Please check your internet connection
0	18:53:38.064	trend_dtrader GBPUSD,H1: Alert: Please check your internet connection
0	18:53:39.064	trend_dtrader GBPUSD,H1: Alert: Please check your internet connection
0	18:53:40.064	trend_dtrader GBPUSD,H1: Alert: Please check your internet connection
0	18:53:41.063	trend_dtrader GBPUSD,H1: Alert: Please check your internet connection
0	18:53:42.063	trend_dtrader GBPUSD,H1: Alert: Please check your internet connection
0	18:53:43.064	trend_dtrader GBPUSD,H1: Alert: Please check your internet connection
0	18:53:44.064	trend_dtrader GBPUSD,H1: Alert: Please check your internet connection
0	18:53:45.064	trend_dtrader GBPUSD,H1: Alert: Please check your internet connection
0	18:53:46.062	trend_dtrader GBPUSD,H1: Alert: Please check your internet connection
0	18:53:47.064	trend_dtrader GBPUSD,H1: Alert: Please check your internet connection
0	18:53:48.063	trend_dtrader GBPUSD,H1: Alert: Please check your internet connection
0	18:53:49.064	trend_dtrader GBPUSD,H1: Alert: Please check your internet connection
0	18:53:50.063	trend_dtrader GBPUSD,H1: Alert: Please check your internet connection
0	18:53:51.064	trend_dtrader GBPUSD,H1: Alert: Please check your internet connection
0	18:53:52.064	trend_dtrader GBPUSD,H1: Alert: Please check your internet connection
0	18:53:53.063	trend_dtrader GBPUSD,H1: Alert: Please check your internet connection
0	18:53:54.063	trend_dtrader GBPUSD,H1: Alert: Please check your internet connection
0	18:53:55.063	trend_dtrader GBPUSD,H1: Alert: Please check your internet connection
0	18:53:56.064	trend_dtrader GBPUSD,H1: Alert: Please check your internet connection
0	18:53:57.063	trend_dtrader GBPUSD,H1: Alert: Please check your internet connection
0	18:53:58.062	trend_dtrader GBPUSD,H1: Alert: Please check your internet connection
0	18:53:59.063	trend_dtrader GBPUSD,H1: Alert: Please check your internet connection
0	18:54:00.063	trend_dtrader GBPUSD,H1: Alert: Please check your internet connection
0	18:54:01.063	trend_dtrader GBPUSD,H1: Alert: Please check your internet connection
0	18:54:02.063	trend_dtrader GBPUSD,H1: Alert: Please check your internet connection
0	18:54:03.063	trend_dtrader GBPUSD,H1: Alert: Please check your internet connection
0	18:54:04.063	trend_dtrader GBPUSD,H1: Alert: Please check your internet connection
0	18:54:05.063	trend_dtrader GBPUSD,H1: Alert: Please check your internet connection
0	18:54:06.063	trend_dtrader GBPUSD,H1: Alert: Please check your internet connection
0	18:54:07.062	trend_dtrader GBPUSD,H1: Alert: Please check your internet connection
0	18:54:08.064	trend_dtrader GBPUSD,H1: Alert: Please check your internet connection
0	18:54:09.063	trend_dtrader GBPUSD,H1: Alert: Please check your internet connection
0	18:54:10.062	trend_dtrader GBPUSD,H1: Alert: Please check your internet connection
0	18:54:11.063	trend_dtrader GBPUSD,H1: Alert: Please check your internet connection
0	18:54:12.062	trend_dtrader GBPUSD,H1: Alert: Please check your internet connection
0	18:54:13.063	trend_dtrader GBPUSD,H1: Alert: Please check your internet connection
0	18:54:14.062	trend_dtrader GBPUSD,H1: Alert: Please check your internet connection
0	18:54:15.063	trend_dtrader GBPUSD,H1: Alert: Please check your internet connection
0	18:54:16.063	trend_dtrader GBPUSD,H1: Alert: Please check your internet connection
0	18:54:17.062	trend_dtrader GBPUSD,H1: Alert: Please check your internet connection
0	18:54:18.063	trend_dtrader GBPUSD,H1: Alert: Please check your internet connection
0	18:54:19.062	trend_dtrader GBPUSD,H1: Alert: Please check your internet connection
0	18:54:20.063	trend_dtrader GBPUSD,H1: Alert: Please check your internet connection
0	18:54:21.063	trend_dtrader GBPUSD,H1: Alert: Please check your internet connection
0	18:54:22.061	trend_dtrader GBPUSD,H1: Alert: Please check your internet connection
0	18:54:23.061	trend_dtrader GBPUSD,H1: Alert: Please check your internet connection
0	18:54:24.062	trend_dtrader GBPUSD,H1: Alert: Please check your internet connection
0	18:54:25.062	trend_dtrader GBPUSD,H1: Alert: Please check your internet connection
0	18:54:26.063	trend_dtrader GBPUSD,H1: Alert: Please check your internet connection
0	18:54:27.063	trend_dtrader GBPUSD,H1: Alert: Please check your internet connection
0	18:54:28.062	trend_dtrader GBPUSD,H1: Alert: Please check your internet connection
0	18:54:29.063	trend_dtrader GBPUSD,H1: Alert: Please check your internet connection
0	18:54:30.063	trend_dtrader GBPUSD,H1: Alert: Please check your internet connection
0	18:54:31.063	trend_dtrader GBPUSD,H1: Alert: Please check your internet connection
0	18:54:32.062	trend_dtrader GBPUSD,H1: Alert: Please check your internet connection
0	18:54:33.062	trend_dtrader GBPUSD,H1: Alert: Please check your internet connection
0	18:54:34.061	trend_dtrader GBPUSD,H1: Alert: Please check your internet connection
0	18:54:35.062	trend_dtrader GBPUSD,H1: Alert: Please check your internet connection
0	18:54:36.062	trend_dtrader GBPUSD,H1: Alert: Please check your internet connection
0	18:54:37.061	trend_dtrader GBPUSD,H1: Alert: Please check your internet connection
0	18:54:38.062	trend_dtrader GBPUSD,H1: Alert: Please check your internet connection
0	18:54:39.062	trend_dtrader GBPUSD,H1: Alert: Please check your internet connection
0	18:54:40.062	trend_dtrader GBPUSD,H1: Alert: Please check your internet connection
0	18:54:41.062	trend_dtrader GBPUSD,H1: Alert: Please check your internet connection
0	18:54:42.063	trend_dtrader GBPUSD,H1: Alert: Please check your internet connection
0	18:54:43.061	trend_dtrader GBPUSD,H1: Alert: Please check your internet connection
0	18:54:44.061	trend_dtrader GBPUSD,H1: Alert: Please check your internet connection
0	18:54:45.062	trend_dtrader GBPUSD,H1: Alert: Please check your internet connection
0	18:54:46.062	trend_dtrader GBPUSD,H1: Alert: Please check your internet connection
0	18:54:47.060	trend_dtrader GBPUSD,H1: Alert: Please check your internet connection
0	18:54:48.061	trend_dtrader GBPUSD,H1: Alert: Please check your internet connection
0	18:54:49.062	trend_dtrader GBPUSD,H1: Alert: Please check your internet connection
0	18:54:50.062	trend_dtrader GBPUSD,H1: Alert: Please check your internet connection
0	18:54:51.060	trend_dtrader GBPUSD,H1: Alert: Please check your internet connection
0	18:54:52.061	trend_dtrader GBPUSD,H1: Alert: Please check your internet connection
0	18:54:53.062	trend_dtrader GBPUSD,H1: Alert: Please check your internet connection
0	18:54:54.062	trend_dtrader GBPUSD,H1: Alert: Please check your internet connection
0	18:54:55.061	trend_dtrader GBPUSD,H1: Alert: Please check your internet connection
0	18:54:56.062	trend_dtrader GBPUSD,H1: Alert: Please check your internet connection
0	18:54:57.062	trend_dtrader GBPUSD,H1: Alert: Please check your internet connection
0	18:54:58.060	trend_dtrader GBPUSD,H1: Alert: Please check your internet connection
0	18:54:59.062	trend_dtrader GBPUSD,H1: Alert: Please check your internet connection
0	18:55:00.060	trend_dtrader GBPUSD,H1: Alert: Please check your internet connection
0	18:55:01.062	trend_dtrader GBPUSD,H1: Alert: Please check your internet connection
0	18:55:02.060	trend_dtrader GBPUSD,H1: Alert: Please check your internet connection
0	18:55:03.061	trend_dtrader GBPUSD,H1: Alert: Please check your internet connection
0	18:55:04.061	trend_dtrader GBPUSD,H1: Alert: Please check your internet connection
0	18:55:05.062	trend_dtrader GBPUSD,H1: Alert: Please check your internet connection
0	18:55:06.061	trend_dtrader GBPUSD,H1: Alert: Please check your internet connection
0	18:55:07.061	trend_dtrader GBPUSD,H1: Alert: Please check your internet connection
0	18:55:08.061	trend_dtrader GBPUSD,H1: Alert: Please check your internet connection
0	18:55:09.062	trend_dtrader GBPUSD,H1: Alert: Please check your internet connection
0	18:55:10.061	trend_dtrader GBPUSD,H1: Alert: Please check your internet connection
0	18:55:11.061	trend_dtrader GBPUSD,H1: Alert: Please check your internet connection
0	18:55:12.061	trend_dtrader GBPUSD,H1: Alert: Please check your internet connection
0	18:55:13.077	trend_dtrader GBPUSD,H1: Alert: Please check your internet connection
0	18:55:14.061	trend_dtrader GBPUSD,H1: Alert: Please check your internet connection
0	18:55:15.060	trend_dtrader GBPUSD,H1: Alert: Please check your internet connection
0	18:55:16.061	trend_dtrader GBPUSD,H1: Alert: Please check your internet connection
0	18:55:17.061	trend_dtrader GBPUSD,H1: Alert: Please check your internet connection
0	18:55:18.061	trend_dtrader GBPUSD,H1: Alert: Please check your internet connection
0	18:55:19.061	trend_dtrader GBPUSD,H1: Alert: Please check your internet connection
0	18:55:20.061	trend_dtrader GBPUSD,H1: Alert: Please check your internet connection
0	18:55:21.062	trend_dtrader GBPUSD,H1: Alert: Please check your internet connection
0	18:55:22.061	trend_dtrader GBPUSD,H1: Alert: Please check your internet connection
0	18:55:23.061	trend_dtrader GBPUSD,H1: Alert: Please check your internet connection
0	18:55:24.061	trend_dtrader GBPUSD,H1: Alert: Please check your internet connection
0	18:55:25.061	trend_dtrader GBPUSD,H1: Alert: Please check your internet connection
0	18:55:26.060	trend_dtrader GBPUSD,H1: Alert: Please check your internet connection
0	18:55:27.061	trend_dtrader GBPUSD,H1: Alert: Please check your internet connection
0	18:55:28.061	trend_dtrader GBPUSD,H1: Alert: Please check your internet connection
0	18:55:29.061	trend_dtrader GBPUSD,H1: Alert: Please check your internet connection
0	18:55:30.061	trend_dtrader GBPUSD,H1: Alert: Please check your internet connection
0	18:55:31.061	trend_dtrader GBPUSD,H1: Alert: Please check your internet connection
0	18:55:32.061	trend_dtrader GBPUSD,H1: Alert: Please check your internet connection
0	18:55:33.061	trend_dtrader GBPUSD,H1: Alert: Please check your internet connection
0	18:55:34.060	trend_dtrader GBPUSD,H1: Alert: Please check your internet connection
0	18:55:35.060	trend_dtrader GBPUSD,H1: Alert: Please check your internet connection
0	18:55:36.059	trend_dtrader GBPUSD,H1: Alert: Please check your internet connection
0	18:55:37.061	trend_dtrader GBPUSD,H1: Alert: Please check your internet connection
0	18:55:38.061	trend_dtrader GBPUSD,H1: Alert: Please check your internet connection
0	18:55:39.061	trend_dtrader GBPUSD,H1: Alert: Please check your internet connection
0	18:55:40.060	trend_dtrader GBPUSD,H1: Alert: Please check your internet connection
0	18:55:41.060	trend_dtrader GBPUSD,H1: Alert: Please check your internet connection
0	18:55:42.061	trend_dtrader GBPUSD,H1: Alert: Please check your internet connection
0	18:55:43.061	trend_dtrader GBPUSD,H1: Alert: Please check your internet connection
0	18:55:44.061	trend_dtrader GBPUSD,H1: Alert: Please check your internet connection
0	18:55:45.060	trend_dtrader GBPUSD,H1: Alert: Please check your internet connection
0	18:55:46.061	trend_dtrader GBPUSD,H1: Alert: Please check your internet connection
0	18:55:47.061	trend_dtrader GBPUSD,H1: Alert: Please check your internet connection
0	18:55:48.059	trend_dtrader GBPUSD,H1: Alert: Please check your internet connection
0	18:55:49.060	trend_dtrader GBPUSD,H1: Alert: Please check your internet connection
0	18:55:50.061	trend_dtrader GBPUSD,H1: Alert: Please check your internet connection
0	18:55:51.060	trend_dtrader GBPUSD,H1: Alert: Please check your internet connection
0	18:55:52.061	trend_dtrader GBPUSD,H1: Alert: Please check your internet connection
0	18:55:53.060	trend_dtrader GBPUSD,H1: Alert: Please check your internet connection
0	18:55:54.060	trend_dtrader GBPUSD,H1: Alert: Please check your internet connection
0	18:55:55.060	trend_dtrader GBPUSD,H1: Alert: Please check your internet connection
0	18:55:56.061	trend_dtrader GBPUSD,H1: Alert: Please check your internet connection
0	18:55:57.060	trend_dtrader GBPUSD,H1: Alert: Please check your internet connection
0	18:55:58.060	trend_dtrader GBPUSD,H1: Alert: Please check your internet connection
0	18:55:59.060	trend_dtrader GBPUSD,H1: Alert: Please check your internet connection
0	18:56:00.060	trend_dtrader GBPUSD,H1: Alert: Please check your internet connection
0	18:56:01.060	trend_dtrader GBPUSD,H1: Alert: Please check your internet connection
0	18:56:02.060	trend_dtrader GBPUSD,H1: Alert: Please check your internet connection
0	18:56:03.060	trend_dtrader GBPUSD,H1: Alert: Please check your internet connection
0	18:56:04.059	trend_dtrader GBPUSD,H1: Alert: Please check your internet connection
0	18:56:05.059	trend_dtrader GBPUSD,H1: Alert: Please check your internet connection
0	18:56:06.060	trend_dtrader GBPUSD,H1: Alert: Please check your internet connection
0	18:56:07.060	trend_dtrader GBPUSD,H1: Alert: Please check your internet connection
0	18:56:08.060	trend_dtrader GBPUSD,H1: Alert: Please check your internet connection
0	18:56:09.059	trend_dtrader GBPUSD,H1: Alert: Please check your internet connection
0	18:56:10.059	trend_dtrader GBPUSD,H1: Alert: Please check your internet connection
0	18:56:11.058	trend_dtrader GBPUSD,H1: Alert: Please check your internet connection
0	18:56:12.059	trend_dtrader GBPUSD,H1: Alert: Please check your internet connection
0	18:56:13.058	trend_dtrader GBPUSD,H1: Alert: Please check your internet connection
0	18:56:14.060	trend_dtrader GBPUSD,H1: Alert: Please check your internet connection
0	18:56:15.060	trend_dtrader GBPUSD,H1: Alert: Please check your internet connection
0	18:56:16.060	trend_dtrader GBPUSD,H1: Alert: Please check your internet connection
0	18:56:17.060	trend_dtrader GBPUSD,H1: Alert: Please check your internet connection
0	18:56:18.060	trend_dtrader GBPUSD,H1: Alert: Please check your internet connection
0	18:56:19.059	trend_dtrader GBPUSD,H1: Alert: Please check your internet connection
0	18:56:20.058	trend_dtrader GBPUSD,H1: Alert: Please check your internet connection
0	18:56:21.059	trend_dtrader GBPUSD,H1: Alert: Please check your internet connection
0	18:56:22.060	trend_dtrader GBPUSD,H1: Alert: Please check your internet connection
0	18:56:23.059	trend_dtrader GBPUSD,H1: Alert: Please check your internet connection
0	18:56:24.060	trend_dtrader GBPUSD,H1: Alert: Please check your internet connection
0	18:56:25.060	trend_dtrader GBPUSD,H1: Alert: Please check your internet connection
0	18:56:26.060	trend_dtrader GBPUSD,H1: Alert: Please check your internet connection
0	18:56:27.059	trend_dtrader GBPUSD,H1: Alert: Please check your internet connection
0	18:56:28.058	trend_dtrader GBPUSD,H1: Alert: Please check your internet connection
0	18:56:29.059	trend_dtrader GBPUSD,H1: Alert: Please check your internet connection
0	18:56:30.059	trend_dtrader GBPUSD,H1: Alert: Please check your internet connection
0	18:56:31.060	trend_dtrader GBPUSD,H1: Alert: Please check your internet connection
0	18:56:32.060	trend_dtrader GBPUSD,H1: Alert: Please check your internet connection
0	18:56:33.059	trend_dtrader GBPUSD,H1: Alert: Please check your internet connection
0	18:56:34.059	trend_dtrader GBPUSD,H1: Alert: Please check your internet connection
0	18:56:35.060	trend_dtrader GBPUSD,H1: Alert: Please check your internet connection
0	18:56:36.059	trend_dtrader GBPUSD,H1: Alert: Please check your internet connection
0	18:56:37.058	trend_dtrader GBPUSD,H1: Alert: Please check your internet connection
0	18:56:38.059	trend_dtrader GBPUSD,H1: Alert: Please check your internet connection
0	18:56:39.059	trend_dtrader GBPUSD,H1: Alert: Please check your internet connection
0	18:56:40.059	trend_dtrader GBPUSD,H1: Alert: Please check your internet connection
0	18:56:41.059	trend_dtrader GBPUSD,H1: Alert: Please check your internet connection
0	18:56:42.059	trend_dtrader GBPUSD,H1: Alert: Please check your internet connection
0	18:56:43.059	trend_dtrader GBPUSD,H1: Alert: Please check your internet connection
0	18:56:44.060	trend_dtrader GBPUSD,H1: Alert: Please check your internet connection
0	18:56:45.058	trend_dtrader GBPUSD,H1: Alert: Please check your internet connection
0	18:56:46.058	trend_dtrader GBPUSD,H1: Alert: Please check your internet connection
0	18:56:47.059	trend_dtrader GBPUSD,H1: Alert: Please check your internet connection
0	18:56:48.059	trend_dtrader GBPUSD,H1: Alert: Please check your internet connection
0	18:56:49.059	trend_dtrader GBPUSD,H1: Alert: Please check your internet connection
0	18:56:50.059	trend_dtrader GBPUSD,H1: Alert: Please check your internet connection
0	18:56:51.059	trend_dtrader GBPUSD,H1: Alert: Please check your internet connection
0	18:56:52.059	trend_dtrader GBPUSD,H1: Alert: Please check your internet connection
0	18:56:53.059	trend_dtrader GBPUSD,H1: Alert: Please check your internet connection
0	18:56:54.059	trend_dtrader GBPUSD,H1: Alert: Please check your internet connection
0	18:56:55.058	trend_dtrader GBPUSD,H1: Alert: Please check your internet connection
0	18:56:56.059	trend_dtrader GBPUSD,H1: Alert: Please check your internet connection
0	18:56:57.057	trend_dtrader GBPUSD,H1: Alert: Please check your internet connection
0	18:56:58.058	trend_dtrader GBPUSD,H1: Alert: Please check your internet connection
0	18:56:59.059	trend_dtrader GBPUSD,H1: Alert: Please check your internet connection
0	18:57:00.058	trend_dtrader GBPUSD,H1: Alert: Please check your internet connection
0	18:57:01.059	trend_dtrader GBPUSD,H1: Alert: Please check your internet connection
0	18:57:02.059	trend_dtrader GBPUSD,H1: Alert: Please check your internet connection
0	18:57:03.059	trend_dtrader GBPUSD,H1: Alert: Please check your internet connection
0	18:57:04.059	trend_dtrader GBPUSD,H1: Alert: Please check your internet connection
0	18:57:05.057	trend_dtrader GBPUSD,H1: Alert: Please check your internet connection
0	18:57:06.056	trend_dtrader GBPUSD,H1: Alert: Please check your internet connection
0	18:57:07.058	trend_dtrader GBPUSD,H1: Alert: Please check your internet connection
0	18:57:08.058	trend_dtrader GBPUSD,H1: Alert: Please check your internet connection
0	18:57:09.059	trend_dtrader GBPUSD,H1: Alert: Please check your internet connection
0	18:57:10.057	trend_dtrader GBPUSD,H1: Alert: Please check your internet connection
0	18:57:11.058	trend_dtrader GBPUSD,H1: Alert: Please check your internet connection
0	18:57:12.057	trend_dtrader GBPUSD,H1: Alert: Please check your internet connection
0	18:57:13.058	trend_dtrader GBPUSD,H1: Alert: Please check your internet connection
0	18:57:14.058	trend_dtrader GBPUSD,H1: Alert: Please check your internet connection
0	18:57:15.059	trend_dtrader GBPUSD,H1: Alert: Please check your internet connection
0	18:57:16.057	trend_dtrader GBPUSD,H1: Alert: Please check your internet connection
0	18:57:17.058	trend_dtrader GBPUSD,H1: Alert: Please check your internet connection
0	18:57:18.058	trend_dtrader GBPUSD,H1: Alert: Please check your internet connection
0	18:57:19.058	trend_dtrader GBPUSD,H1: Alert: Please check your internet connection
0	18:57:20.058	trend_dtrader GBPUSD,H1: Alert: Please check your internet connection
0	18:57:21.058	trend_dtrader GBPUSD,H1: Alert: Please check your internet connection
0	18:57:22.056	trend_dtrader GBPUSD,H1: Alert: Please check your internet connection
0	18:57:23.057	trend_dtrader GBPUSD,H1: Alert: Please check your internet connection
0	18:57:24.058	trend_dtrader GBPUSD,H1: Alert: Please check your internet connection
0	18:57:25.058	trend_dtrader GBPUSD,H1: Alert: Please check your internet connection
0	18:57:26.057	trend_dtrader GBPUSD,H1: Alert: Please check your internet connection
0	18:57:27.056	trend_dtrader GBPUSD,H1: Alert: Please check your internet connection
0	18:57:28.058	trend_dtrader GBPUSD,H1: Alert: Please check your internet connection
0	18:57:29.058	trend_dtrader GBPUSD,H1: Alert: Please check your internet connection
0	18:57:30.058	trend_dtrader GBPUSD,H1: Alert: Please check your internet connection
0	18:57:31.058	trend_dtrader GBPUSD,H1: Alert: Please check your internet connection
0	18:57:32.058	trend_dtrader GBPUSD,H1: Alert: Please check your internet connection
0	18:57:33.058	trend_dtrader GBPUSD,H1: Alert: Please check your internet connection
0	18:57:34.058	trend_dtrader GBPUSD,H1: Alert: Please check your internet connection
0	18:57:35.058	trend_dtrader GBPUSD,H1: Alert: Please check your internet connection
0	18:57:36.058	trend_dtrader GBPUSD,H1: Alert: Please check your internet connection
0	18:57:37.057	trend_dtrader GBPUSD,H1: Alert: Please check your internet connection
0	18:57:38.056	trend_dtrader GBPUSD,H1: Alert: Please check your internet connection
0	18:57:39.056	trend_dtrader GBPUSD,H1: Alert: Please check your internet connection
0	18:57:40.058	trend_dtrader GBPUSD,H1: Alert: Please check your internet connection
0	18:57:41.058	trend_dtrader GBPUSD,H1: Alert: Please check your internet connection
0	18:57:42.060	trend_dtrader GBPUSD,H1: Alert: Please check your internet connection
0	18:57:43.057	trend_dtrader GBPUSD,H1: Alert: Please check your internet connection
0	18:57:44.058	trend_dtrader GBPUSD,H1: Alert: Please check your internet connection
0	18:57:45.057	trend_dtrader GBPUSD,H1: Alert: Please check your internet connection
0	18:57:46.056	trend_dtrader GBPUSD,H1: Alert: Please check your internet connection
0	18:57:47.058	trend_dtrader GBPUSD,H1: Alert: Please check your internet connection
0	18:57:48.057	trend_dtrader GBPUSD,H1: Alert: Please check your internet connection
0	18:57:49.057	trend_dtrader GBPUSD,H1: Alert: Please check your internet connection
0	18:57:50.058	trend_dtrader GBPUSD,H1: Alert: Please check your internet connection
0	18:57:51.057	trend_dtrader GBPUSD,H1: Alert: Please check your internet connection
0	18:57:52.056	trend_dtrader GBPUSD,H1: Alert: Please check your internet connection
0	18:57:53.057	trend_dtrader GBPUSD,H1: Alert: Please check your internet connection
0	18:57:54.057	trend_dtrader GBPUSD,H1: Alert: Please check your internet connection
0	18:57:55.056	trend_dtrader GBPUSD,H1: Alert: Please check your internet connection
0	18:57:56.055	trend_dtrader GBPUSD,H1: Alert: Please check your internet connection
0	18:57:57.055	trend_dtrader GBPUSD,H1: Alert: Please check your internet connection
0	18:57:58.055	trend_dtrader GBPUSD,H1: Alert: Please check your internet connection
0	18:57:59.056	trend_dtrader GBPUSD,H1: Alert: Please check your internet connection
0	18:58:00.057	trend_dtrader GBPUSD,H1: Alert: Please check your internet connection
0	18:58:01.055	trend_dtrader GBPUSD,H1: Alert: Please check your internet connection
0	18:58:02.057	trend_dtrader GBPUSD,H1: Alert: Please check your internet connection
0	18:58:03.057	trend_dtrader GBPUSD,H1: Alert: Please check your internet connection
0	18:58:04.055	trend_dtrader GBPUSD,H1: Alert: Please check your internet connection
0	18:58:05.057	trend_dtrader GBPUSD,H1: Alert: Please check your internet connection
0	18:58:06.056	trend_dtrader GBPUSD,H1: Alert: Please check your internet connection
0	18:58:07.055	trend_dtrader GBPUSD,H1: Alert: Please check your internet connection
0	18:58:08.057	trend_dtrader GBPUSD,H1: Alert: Please check your internet connection
0	18:58:09.057	trend_dtrader GBPUSD,H1: Alert: Please check your internet connection
0	18:58:10.057	trend_dtrader GBPUSD,H1: Alert: Please check your internet connection
0	18:58:11.055	trend_dtrader GBPUSD,H1: Alert: Please check your internet connection
0	18:58:12.057	trend_dtrader GBPUSD,H1: Alert: Please check your internet connection
0	18:58:13.057	trend_dtrader GBPUSD,H1: Alert: Please check your internet connection
0	18:58:14.056	trend_dtrader GBPUSD,H1: Alert: Please check your internet connection
0	18:58:15.055	trend_dtrader GBPUSD,H1: Alert: Please check your internet connection
0	18:58:16.057	trend_dtrader GBPUSD,H1: Alert: Please check your internet connection
0	18:58:17.055	trend_dtrader GBPUSD,H1: Alert: Please check your internet connection
0	18:58:18.057	trend_dtrader GBPUSD,H1: Alert: Please check your internet connection
0	18:58:19.057	trend_dtrader GBPUSD,H1: Alert: Please check your internet connection
0	18:58:20.056	trend_dtrader GBPUSD,H1: Alert: Please check your internet connection
0	18:58:21.057	trend_dtrader GBPUSD,H1: Alert: Please check your internet connection
0	18:58:22.057	trend_dtrader GBPUSD,H1: Alert: Please check your internet connection
0	18:58:23.057	trend_dtrader GBPUSD,H1: Alert: Please check your internet connection
0	18:58:24.056	trend_dtrader GBPUSD,H1: Alert: Please check your internet connection
0	18:58:25.057	trend_dtrader GBPUSD,H1: Alert: Please check your internet connection
0	18:58:26.056	trend_dtrader GBPUSD,H1: Alert: Please check your internet connection
0	18:58:27.056	trend_dtrader GBPUSD,H1: Alert: Please check your internet connection
0	18:58:28.056	trend_dtrader GBPUSD,H1: Alert: Please check your internet connection
0	18:58:29.056	trend_dtrader GBPUSD,H1: Alert: Please check your internet connection
0	18:58:30.056	trend_dtrader GBPUSD,H1: Alert: Please check your internet connection
0	18:58:31.055	trend_dtrader GBPUSD,H1: Alert: Please check your internet connection
0	18:58:32.056	trend_dtrader GBPUSD,H1: Alert: Please check your internet connection
0	18:58:33.056	trend_dtrader GBPUSD,H1: Alert: Please check your internet connection
0	18:58:34.056	trend_dtrader GBPUSD,H1: Alert: Please check your internet connection
0	18:58:35.054	trend_dtrader GBPUSD,H1: Alert: Please check your internet connection
0	18:58:36.056	trend_dtrader GBPUSD,H1: Alert: Please check your internet connection
0	18:58:37.056	trend_dtrader GBPUSD,H1: Alert: Please check your internet connection
0	18:58:38.057	trend_dtrader GBPUSD,H1: Alert: Please check your internet connection
0	18:58:39.057	trend_dtrader GBPUSD,H1: Alert: Please check your internet connection
0	18:58:40.056	trend_dtrader GBPUSD,H1: Alert: Please check your internet connection
0	18:58:41.056	trend_dtrader GBPUSD,H1: Alert: Please check your internet connection
0	18:58:42.056	trend_dtrader GBPUSD,H1: Alert: Please check your internet connection
0	18:58:43.056	trend_dtrader GBPUSD,H1: Alert: Please check your internet connection
0	18:58:44.056	trend_dtrader GBPUSD,H1: Alert: Please check your internet connection
0	18:58:45.054	trend_dtrader GBPUSD,H1: Alert: Please check your internet connection
0	18:58:46.056	trend_dtrader GBPUSD,H1: Alert: Please check your internet connection
0	18:58:47.055	trend_dtrader GBPUSD,H1: Alert: Please check your internet connection
0	18:58:48.056	trend_dtrader GBPUSD,H1: Alert: Please check your internet connection
0	18:58:49.055	trend_dtrader GBPUSD,H1: Alert: Please check your internet connection
0	18:58:50.054	trend_dtrader GBPUSD,H1: Alert: Please check your internet connection
0	18:58:51.054	trend_dtrader GBPUSD,H1: Alert: Please check your internet connection
0	18:58:52.055	trend_dtrader GBPUSD,H1: Alert: Please check your internet connection
0	18:58:53.056	trend_dtrader GBPUSD,H1: Alert: Please check your internet connection
0	18:58:54.056	trend_dtrader GBPUSD,H1: Alert: Please check your internet connection
0	18:58:55.056	trend_dtrader GBPUSD,H1: Alert: Please check your internet connection
0	18:58:56.056	trend_dtrader GBPUSD,H1: Alert: Please check your internet connection
0	18:58:57.054	trend_dtrader GBPUSD,H1: Alert: Please check your internet connection
0	18:58:58.055	trend_dtrader GBPUSD,H1: Alert: Please check your internet connection
0	18:58:59.054	trend_dtrader GBPUSD,H1: Alert: Please check your internet connection
0	18:59:00.056	trend_dtrader GBPUSD,H1: Alert: Please check your internet connection
0	18:59:01.054	trend_dtrader GBPUSD,H1: Alert: Please check your internet connection
0	18:59:02.056	trend_dtrader GBPUSD,H1: Alert: Please check your internet connection
0	18:59:03.055	trend_dtrader GBPUSD,H1: Alert: Please check your internet connection
0	18:59:04.056	trend_dtrader GBPUSD,H1: Alert: Please check your internet connection
0	18:59:05.055	trend_dtrader GBPUSD,H1: Alert: Please check your internet connection
0	18:59:06.055	trend_dtrader GBPUSD,H1: Alert: Please check your internet connection
0	18:59:07.055	trend_dtrader GBPUSD,H1: Alert: Please check your internet connection
0	18:59:08.055	trend_dtrader GBPUSD,H1: Alert: Please check your internet connection
0	18:59:09.056	trend_dtrader GBPUSD,H1: Alert: Please check your internet connection
0	18:59:10.055	trend_dtrader GBPUSD,H1: Alert: Please check your internet connection
0	18:59:11.056	trend_dtrader GBPUSD,H1: Alert: Please check your internet connection
0	18:59:12.055	trend_dtrader GBPUSD,H1: Alert: Please check your internet connection
0	18:59:13.054	trend_dtrader GBPUSD,H1: Alert: Please check your internet connection
0	18:59:14.056	trend_dtrader GBPUSD,H1: Alert: Please check your internet connection
0	18:59:15.055	trend_dtrader GBPUSD,H1: Alert: Please check your internet connection
0	18:59:16.055	trend_dtrader GBPUSD,H1: Alert: Please check your internet connection
0	18:59:17.055	trend_dtrader GBPUSD,H1: Alert: Please check your internet connection
0	18:59:18.055	trend_dtrader GBPUSD,H1: Alert: Please check your internet connection
0	18:59:19.055	trend_dtrader GBPUSD,H1: Alert: Please check your internet connection
0	18:59:20.055	trend_dtrader GBPUSD,H1: Alert: Please check your internet connection
0	18:59:21.054	trend_dtrader GBPUSD,H1: Alert: Please check your internet connection
0	18:59:22.054	trend_dtrader GBPUSD,H1: Alert: Please check your internet connection
0	18:59:23.053	trend_dtrader GBPUSD,H1: Alert: Please check your internet connection
0	18:59:24.055	trend_dtrader GBPUSD,H1: Alert: Please check your internet connection
0	18:59:25.055	trend_dtrader GBPUSD,H1: Alert: Please check your internet connection
0	18:59:26.055	trend_dtrader GBPUSD,H1: Alert: Please check your internet connection
0	18:59:27.055	trend_dtrader GBPUSD,H1: Alert: Please check your internet connection
0	18:59:28.054	trend_dtrader GBPUSD,H1: Alert: Please check your internet connection
0	18:59:29.055	trend_dtrader GBPUSD,H1: Alert: Please check your internet connection
0	18:59:30.055	trend_dtrader GBPUSD,H1: Alert: Please check your internet connection
0	18:59:31.055	trend_dtrader GBPUSD,H1: Alert: Please check your internet connection
0	18:59:32.054	trend_dtrader GBPUSD,H1: Alert: Please check your internet connection
0	18:59:33.055	trend_dtrader GBPUSD,H1: Alert: Please check your internet connection
0	18:59:34.055	trend_dtrader GBPUSD,H1: Alert: Please check your internet connection
0	18:59:35.055	trend_dtrader GBPUSD,H1: Alert: Please check your internet connection
0	18:59:36.055	trend_dtrader GBPUSD,H1: Alert: Please check your internet connection
0	18:59:37.054	trend_dtrader GBPUSD,H1: Alert: Please check your internet connection
0	18:59:38.054	trend_dtrader GBPUSD,H1: Alert: Please check your internet connection
0	18:59:39.053	trend_dtrader GBPUSD,H1: Alert: Please check your internet connection
0	18:59:40.054	trend_dtrader GBPUSD,H1: Alert: Please check your internet connection
0	18:59:41.055	trend_dtrader GBPUSD,H1: Alert: Please check your internet connection
0	18:59:42.055	trend_dtrader GBPUSD,H1: Alert: Please check your internet connection
0	18:59:43.054	trend_dtrader GBPUSD,H1: Alert: Please check your internet connection
0	18:59:44.055	trend_dtrader GBPUSD,H1: Alert: Please check your internet connection
0	18:59:45.054	trend_dtrader GBPUSD,H1: Alert: Please check your internet connection
0	18:59:46.054	trend_dtrader GBPUSD,H1: Alert: Please check your internet connection
0	18:59:47.055	trend_dtrader GBPUSD,H1: Alert: Please check your internet connection
0	18:59:48.053	trend_dtrader GBPUSD,H1: Alert: Please check your internet connection
0	18:59:49.055	trend_dtrader GBPUSD,H1: Alert: Please check your internet connection
0	18:59:50.053	trend_dtrader GBPUSD,H1: Alert: Please check your internet connection
0	18:59:51.055	trend_dtrader GBPUSD,H1: Alert: Please check your internet connection
0	18:59:52.055	trend_dtrader GBPUSD,H1: Alert: Please check your internet connection
0	18:59:53.057	trend_dtrader GBPUSD,H1: Alert: Please check your internet connection
0	18:59:54.053	trend_dtrader GBPUSD,H1: Alert: Please check your internet connection
0	18:59:55.054	trend_dtrader GBPUSD,H1: Alert: Please check your internet connection
0	18:59:56.055	trend_dtrader GBPUSD,H1: Alert: Please check your internet connection
0	18:59:57.054	trend_dtrader GBPUSD,H1: Alert: Please check your internet connection
0	18:59:58.054	trend_dtrader GBPUSD,H1: Alert: Please check your internet connection
0	18:59:59.053	trend_dtrader GBPUSD,H1: Alert: Please check your internet connection
0	19:00:00.054	trend_dtrader GBPUSD,H1: Alert: Please check your internet connection
0	19:00:01.053	trend_dtrader GBPUSD,H1: Alert: Please check your internet connection
0	19:00:02.054	trend_dtrader GBPUSD,H1: Alert: Please check your internet connection
0	19:00:03.053	trend_dtrader GBPUSD,H1: Alert: Please check your internet connection
0	19:00:04.054	trend_dtrader GBPUSD,H1: Alert: Please check your internet connection
0	19:00:05.054	trend_dtrader GBPUSD,H1: Alert: Please check your internet connection
0	19:00:06.054	trend_dtrader GBPUSD,H1: Alert: Please check your internet connection
0	19:00:07.056	trend_dtrader GBPUSD,H1: Alert: Please check your internet connection
0	19:00:08.054	trend_dtrader GBPUSD,H1: Alert: Please check your internet connection
0	19:00:09.054	trend_dtrader GBPUSD,H1: Alert: Please check your internet connection
0	19:00:10.054	trend_dtrader GBPUSD,H1: Alert: Please check your internet connection
0	19:00:11.054	trend_dtrader GBPUSD,H1: Alert: Please check your internet connection
0	19:00:12.054	trend_dtrader GBPUSD,H1: Alert: Please check your internet connection
0	19:00:13.054	trend_dtrader GBPUSD,H1: Alert: Please check your internet connection
0	19:00:14.054	trend_dtrader GBPUSD,H1: Alert: Please check your internet connection
0	19:00:15.054	trend_dtrader GBPUSD,H1: Alert: Please check your internet connection
0	19:00:16.054	trend_dtrader GBPUSD,H1: Alert: Please check your internet connection
0	19:00:17.054	trend_dtrader GBPUSD,H1: Alert: Please check your internet connection
0	19:00:18.054	trend_dtrader GBPUSD,H1: Alert: Please check your internet connection
0	19:00:19.053	trend_dtrader GBPUSD,H1: Alert: Please check your internet connection
0	19:00:20.052	trend_dtrader GBPUSD,H1: Alert: Please check your internet connection
0	19:00:21.054	trend_dtrader GBPUSD,H1: Alert: Please check your internet connection
0	19:00:22.052	trend_dtrader GBPUSD,H1: Alert: Please check your internet connection
0	19:00:23.051	trend_dtrader GBPUSD,H1: Alert: Please check your internet connection
0	19:00:24.053	trend_dtrader GBPUSD,H1: Alert: Please check your internet connection
0	19:00:25.053	trend_dtrader GBPUSD,H1: Alert: Please check your internet connection
0	19:00:26.054	trend_dtrader GBPUSD,H1: Alert: Please check your internet connection
0	19:00:27.054	trend_dtrader GBPUSD,H1: Alert: Please check your internet connection
0	19:00:28.053	trend_dtrader GBPUSD,H1: Alert: Please check your internet connection
0	19:00:29.053	trend_dtrader GBPUSD,H1: Alert: Please check your internet connection
0	19:00:30.052	trend_dtrader GBPUSD,H1: Alert: Please check your internet connection
0	19:00:31.052	trend_dtrader GBPUSD,H1: Alert: Please check your internet connection
0	19:00:32.052	trend_dtrader GBPUSD,H1: Alert: Please check your internet connection
0	19:00:33.053	trend_dtrader GBPUSD,H1: Alert: Please check your internet connection
0	19:00:34.052	trend_dtrader GBPUSD,H1: Alert: Please check your internet connection
0	19:00:35.052	trend_dtrader GBPUSD,H1: Alert: Please check your internet connection
0	19:00:36.053	trend_dtrader GBPUSD,H1: Alert: Please check your internet connection
0	19:00:37.053	trend_dtrader GBPUSD,H1: Alert: Please check your internet connection
0	19:00:38.053	trend_dtrader GBPUSD,H1: Alert: Please check your internet connection
0	19:00:39.051	trend_dtrader GBPUSD,H1: Alert: Please check your internet connection
0	19:00:40.053	trend_dtrader GBPUSD,H1: Alert: Please check your internet connection
0	19:00:41.051	trend_dtrader GBPUSD,H1: Alert: Please check your internet connection
0	19:00:42.052	trend_dtrader GBPUSD,H1: Alert: Please check your internet connection
0	19:00:43.053	trend_dtrader GBPUSD,H1: Alert: Please check your internet connection
0	19:00:44.052	trend_dtrader GBPUSD,H1: Alert: Please check your internet connection
0	19:00:45.053	trend_dtrader GBPUSD,H1: Alert: Please check your internet connection
0	19:00:46.053	trend_dtrader GBPUSD,H1: Alert: Please check your internet connection
0	19:00:47.052	trend_dtrader GBPUSD,H1: Alert: Please check your internet connection
0	19:00:48.053	trend_dtrader GBPUSD,H1: Alert: Please check your internet connection
0	19:00:49.052	trend_dtrader GBPUSD,H1: Alert: Please check your internet connection
0	19:00:50.053	trend_dtrader GBPUSD,H1: Alert: Please check your internet connection
0	19:00:51.053	trend_dtrader GBPUSD,H1: Alert: Please check your internet connection
0	19:00:52.051	trend_dtrader GBPUSD,H1: Alert: Please check your internet connection
0	19:00:53.053	trend_dtrader GBPUSD,H1: Alert: Please check your internet connection
0	19:00:54.051	trend_dtrader GBPUSD,H1: Alert: Please check your internet connection
0	19:00:55.051	trend_dtrader GBPUSD,H1: Alert: Please check your internet connection
0	19:00:56.052	trend_dtrader GBPUSD,H1: Alert: Please check your internet connection
0	19:00:57.052	trend_dtrader GBPUSD,H1: Alert: Please check your internet connection
0	19:00:58.052	trend_dtrader GBPUSD,H1: Alert: Please check your internet connection
0	19:00:59.053	trend_dtrader GBPUSD,H1: Alert: Please check your internet connection
0	19:01:00.053	trend_dtrader GBPUSD,H1: Alert: Please check your internet connection
0	19:01:01.052	trend_dtrader GBPUSD,H1: Alert: Please check your internet connection
0	19:01:02.053	trend_dtrader GBPUSD,H1: Alert: Please check your internet connection
0	19:01:03.051	trend_dtrader GBPUSD,H1: Alert: Please check your internet connection
0	19:01:04.051	trend_dtrader GBPUSD,H1: Alert: Please check your internet connection
0	19:01:05.052	trend_dtrader GBPUSD,H1: Alert: Please check your internet connection
0	19:01:06.053	trend_dtrader GBPUSD,H1: Alert: Please check your internet connection
0	19:01:07.052	trend_dtrader GBPUSD,H1: Alert: Please check your internet connection
0	19:01:08.052	trend_dtrader GBPUSD,H1: Alert: Please check your internet connection
0	19:01:09.052	trend_dtrader GBPUSD,H1: Alert: Please check your internet connection
0	19:01:10.052	trend_dtrader GBPUSD,H1: Alert: Please check your internet connection
0	19:01:11.051	trend_dtrader GBPUSD,H1: Alert: Please check your internet connection
0	19:01:12.052	trend_dtrader GBPUSD,H1: Alert: Please check your internet connection
0	19:01:13.050	trend_dtrader GBPUSD,H1: Alert: Please check your internet connection
0	19:01:14.052	trend_dtrader GBPUSD,H1: Alert: Please check your internet connection
0	19:01:15.050	trend_dtrader GBPUSD,H1: Alert: Please check your internet connection
0	19:01:16.052	trend_dtrader GBPUSD,H1: Alert: Please check your internet connection
0	19:01:17.051	trend_dtrader GBPUSD,H1: Alert: Please check your internet connection
0	19:01:18.052	trend_dtrader GBPUSD,H1: Alert: Please check your internet connection
0	19:01:19.051	trend_dtrader GBPUSD,H1: Alert: Please check your internet connection
0	19:01:20.051	trend_dtrader GBPUSD,H1: Alert: Please check your internet connection
0	19:01:21.050	trend_dtrader GBPUSD,H1: Alert: Please check your internet connection
0	19:01:22.053	trend_dtrader GBPUSD,H1: Alert: Please check your internet connection
0	19:01:23.051	trend_dtrader GBPUSD,H1: Alert: Please check your internet connection
0	19:01:24.052	trend_dtrader GBPUSD,H1: Alert: Please check your internet connection
0	19:01:25.052	trend_dtrader GBPUSD,H1: Alert: Please check your internet connection
0	19:01:26.052	trend_dtrader GBPUSD,H1: Alert: Please check your internet connection
0	19:01:27.052	trend_dtrader GBPUSD,H1: Alert: Please check your internet connection
0	19:01:28.050	trend_dtrader GBPUSD,H1: Alert: Please check your internet connection
0	19:01:29.050	trend_dtrader GBPUSD,H1: Alert: Please check your internet connection
0	19:01:30.050	trend_dtrader GBPUSD,H1: Alert: Please check your internet connection
0	19:01:31.050	trend_dtrader GBPUSD,H1: Alert: Please check your internet connection
0	19:01:32.051	trend_dtrader GBPUSD,H1: Alert: Please check your internet connection
0	19:01:33.050	trend_dtrader GBPUSD,H1: Alert: Please check your internet connection
0	19:01:34.050	trend_dtrader GBPUSD,H1: Alert: Please check your internet connection
0	19:01:35.050	trend_dtrader GBPUSD,H1: Alert: Please check your internet connection
0	19:01:36.050	trend_dtrader GBPUSD,H1: Alert: Please check your internet connection
0	19:01:37.050	trend_dtrader GBPUSD,H1: Alert: Please check your internet connection
0	19:01:38.051	trend_dtrader GBPUSD,H1: Alert: Please check your internet connection
0	19:01:39.050	trend_dtrader GBPUSD,H1: Alert: Please check your internet connection
0	19:01:40.051	trend_dtrader GBPUSD,H1: Alert: Please check your internet connection
0	19:01:41.051	trend_dtrader GBPUSD,H1: Alert: Please check your internet connection
0	19:01:42.052	trend_dtrader GBPUSD,H1: Alert: Please check your internet connection
0	19:01:43.051	trend_dtrader GBPUSD,H1: Alert: Please check your internet connection
0	19:01:44.051	trend_dtrader GBPUSD,H1: Alert: Please check your internet connection
0	19:01:45.050	trend_dtrader GBPUSD,H1: Alert: Please check your internet connection
0	19:01:46.051	trend_dtrader GBPUSD,H1: Alert: Please check your internet connection
0	19:01:47.050	trend_dtrader GBPUSD,H1: Alert: Please check your internet connection
0	19:01:48.051	trend_dtrader GBPUSD,H1: Alert: Please check your internet connection
0	19:01:49.051	trend_dtrader GBPUSD,H1: Alert: Please check your internet connection
0	19:01:50.051	trend_dtrader GBPUSD,H1: Alert: Please check your internet connection
0	19:01:51.051	trend_dtrader GBPUSD,H1: Alert: Please check your internet connection
0	19:01:52.051	trend_dtrader GBPUSD,H1: Alert: Please check your internet connection
0	19:01:53.051	trend_dtrader GBPUSD,H1: Alert: Please check your internet connection
0	19:01:54.050	trend_dtrader GBPUSD,H1: Alert: Please check your internet connection
0	19:01:55.049	trend_dtrader GBPUSD,H1: Alert: Please check your internet connection
0	19:01:56.051	trend_dtrader GBPUSD,H1: Alert: Please check your internet connection
0	19:01:57.051	trend_dtrader GBPUSD,H1: Alert: Please check your internet connection
0	19:01:58.051	trend_dtrader GBPUSD,H1: Alert: Please check your internet connection
0	19:01:59.050	trend_dtrader GBPUSD,H1: Alert: Please check your internet connection
0	19:02:00.051	trend_dtrader GBPUSD,H1: Alert: Please check your internet connection
0	19:02:01.050	trend_dtrader GBPUSD,H1: Alert: Please check your internet connection
0	19:02:02.051	trend_dtrader GBPUSD,H1: Alert: Please check your internet connection
0	19:02:03.051	trend_dtrader GBPUSD,H1: Alert: Please check your internet connection
0	19:02:04.051	trend_dtrader GBPUSD,H1: Alert: Please check your internet connection
0	19:02:05.051	trend_dtrader GBPUSD,H1: Alert: Please check your internet connection
0	19:02:06.051	trend_dtrader GBPUSD,H1: Alert: Please check your internet connection
0	19:02:07.051	trend_dtrader GBPUSD,H1: Alert: Please check your internet connection
0	19:02:08.051	trend_dtrader GBPUSD,H1: Alert: Please check your internet connection
0	19:02:09.051	trend_dtrader GBPUSD,H1: Alert: Please check your internet connection
0	19:02:10.051	trend_dtrader GBPUSD,H1: Alert: Please check your internet connection
0	19:02:11.051	trend_dtrader GBPUSD,H1: Alert: Please check your internet connection
0	19:02:12.051	trend_dtrader GBPUSD,H1: Alert: Please check your internet connection
0	19:02:13.050	trend_dtrader GBPUSD,H1: Alert: Please check your internet connection
0	19:02:14.051	trend_dtrader GBPUSD,H1: Alert: Please check your internet connection
0	19:02:15.050	trend_dtrader GBPUSD,H1: Alert: Please check your internet connection
0	19:02:16.051	trend_dtrader GBPUSD,H1: Alert: Please check your internet connection
0	19:02:17.051	trend_dtrader GBPUSD,H1: Alert: Please check your internet connection
0	19:02:18.051	trend_dtrader GBPUSD,H1: Alert: Please check your internet connection
0	19:02:19.050	trend_dtrader GBPUSD,H1: Alert: Please check your internet connection
0	19:02:20.051	trend_dtrader GBPUSD,H1: Alert: Please check your internet connection
0	19:02:21.050	trend_dtrader GBPUSD,H1: Alert: Please check your internet connection
0	19:02:22.049	trend_dtrader GBPUSD,H1: Alert: Please check your internet connection
0	19:02:23.049	trend_dtrader GBPUSD,H1: Alert: Please check your internet connection
0	19:02:24.049	trend_dtrader GBPUSD,H1: Alert: Please check your internet connection
0	19:02:25.050	trend_dtrader GBPUSD,H1: Alert: Please check your internet connection
0	19:02:26.049	trend_dtrader GBPUSD,H1: Alert: Please check your internet connection
0	19:02:27.050	trend_dtrader GBPUSD,H1: Alert: Please check your internet connection
0	19:02:28.050	trend_dtrader GBPUSD,H1: Alert: Please check your internet connection
0	19:02:29.050	trend_dtrader GBPUSD,H1: Alert: Please check your internet connection
0	19:02:30.050	trend_dtrader GBPUSD,H1: Alert: Please check your internet connection
0	19:02:31.065	trend_dtrader GBPUSD,H1: Alert: Please check your internet connection
0	19:02:32.049	trend_dtrader GBPUSD,H1: Alert: Please check your internet connection
0	19:02:33.048	trend_dtrader GBPUSD,H1: Alert: Please check your internet connection
0	19:02:34.050	trend_dtrader GBPUSD,H1: Alert: Please check your internet connection
0	19:02:35.051	trend_dtrader GBPUSD,H1: Alert: Please check your internet connection
0	19:02:36.050	trend_dtrader GBPUSD,H1: Alert: Please check your internet connection
0	19:02:37.049	trend_dtrader GBPUSD,H1: Alert: Please check your internet connection
0	19:02:38.050	trend_dtrader GBPUSD,H1: Alert: Please check your internet connection
0	19:02:39.050	trend_dtrader GBPUSD,H1: Alert: Please check your internet connection
0	19:02:40.050	trend_dtrader GBPUSD,H1: Alert: Please check your internet connection
0	19:02:41.049	trend_dtrader GBPUSD,H1: Alert: Please check your internet connection
0	19:02:42.048	trend_dtrader GBPUSD,H1: Alert: Please check your internet connection
0	19:02:43.049	trend_dtrader GBPUSD,H1: Alert: Please check your internet connection
0	19:02:44.049	trend_dtrader GBPUSD,H1: Alert: Please check your internet connection
0	19:02:45.049	trend_dtrader GBPUSD,H1: Alert: Please check your internet connection
0	19:02:46.050	trend_dtrader GBPUSD,H1: Alert: Please check your internet connection
0	19:02:47.049	trend_dtrader GBPUSD,H1: Alert: Please check your internet connection
0	19:02:48.050	trend_dtrader GBPUSD,H1: Alert: Please check your internet connection
0	19:02:49.050	trend_dtrader GBPUSD,H1: Alert: Please check your internet connection
0	19:02:50.050	trend_dtrader GBPUSD,H1: Alert: Please check your internet connection
0	19:02:51.048	trend_dtrader GBPUSD,H1: Alert: Please check your internet connection
0	19:02:52.050	trend_dtrader GBPUSD,H1: Alert: Please check your internet connection
0	19:02:53.048	trend_dtrader GBPUSD,H1: Alert: Please check your internet connection
0	19:02:54.049	trend_dtrader GBPUSD,H1: Alert: Please check your internet connection
0	19:02:55.049	trend_dtrader GBPUSD,H1: Alert: Please check your internet connection
0	19:02:56.050	trend_dtrader GBPUSD,H1: Alert: Please check your internet connection
0	19:02:57.047	trend_dtrader GBPUSD,H1: Alert: Please check your internet connection
0	19:02:58.048	trend_dtrader GBPUSD,H1: Alert: Please check your internet connection
0	19:02:59.049	trend_dtrader GBPUSD,H1: Alert: Please check your internet connection
0	19:03:00.049	trend_dtrader GBPUSD,H1: Alert: Please check your internet connection
0	19:03:01.049	trend_dtrader GBPUSD,H1: Alert: Please check your internet connection
0	19:03:02.049	trend_dtrader GBPUSD,H1: Alert: Please check your internet connection
0	19:03:03.049	trend_dtrader GBPUSD,H1: Alert: Please check your internet connection
0	19:03:04.048	trend_dtrader GBPUSD,H1: Alert: Please check your internet connection
0	19:03:05.050	trend_dtrader GBPUSD,H1: Alert: Please check your internet connection
0	19:03:06.049	trend_dtrader GBPUSD,H1: Alert: Please check your internet connection
0	19:03:07.050	trend_dtrader GBPUSD,H1: Alert: Please check your internet connection
0	19:03:08.049	trend_dtrader GBPUSD,H1: Alert: Please check your internet connection
0	19:03:09.049	trend_dtrader GBPUSD,H1: Alert: Please check your internet connection
0	19:03:10.049	trend_dtrader GBPUSD,H1: Alert: Please check your internet connection
0	19:03:11.048	trend_dtrader GBPUSD,H1: Alert: Please check your internet connection
0	19:03:12.048	trend_dtrader GBPUSD,H1: Alert: Please check your internet connection
0	19:03:13.050	trend_dtrader GBPUSD,H1: Alert: Please check your internet connection
0	19:03:14.049	trend_dtrader GBPUSD,H1: Alert: Please check your internet connection
0	19:03:15.049	trend_dtrader GBPUSD,H1: Alert: Please check your internet connection
0	19:03:16.049	trend_dtrader GBPUSD,H1: Alert: Please check your internet connection
0	19:03:17.049	trend_dtrader GBPUSD,H1: Alert: Please check your internet connection
0	19:03:18.049	trend_dtrader GBPUSD,H1: Alert: Please check your internet connection
0	19:03:19.050	trend_dtrader GBPUSD,H1: Alert: Please check your internet connection
0	19:03:20.049	trend_dtrader GBPUSD,H1: Alert: Please check your internet connection
0	19:03:21.049	trend_dtrader GBPUSD,H1: Alert: Please check your internet connection
0	19:03:22.048	trend_dtrader GBPUSD,H1: Alert: Please check your internet connection
0	19:03:23.049	trend_dtrader GBPUSD,H1: Alert: Please check your internet connection
0	19:03:24.049	trend_dtrader GBPUSD,H1: Alert: Please check your internet connection
0	19:03:25.049	trend_dtrader GBPUSD,H1: Alert: Please check your internet connection
0	19:03:26.048	trend_dtrader GBPUSD,H1: Alert: Please check your internet connection
0	19:03:27.048	trend_dtrader GBPUSD,H1: Alert: Please check your internet connection
0	19:03:28.048	trend_dtrader GBPUSD,H1: Alert: Please check your internet connection
0	19:03:29.049	trend_dtrader GBPUSD,H1: Alert: Please check your internet connection
0	19:03:30.049	trend_dtrader GBPUSD,H1: Alert: Please check your internet connection
0	19:03:31.049	trend_dtrader GBPUSD,H1: Alert: Please check your internet connection
0	19:03:32.047	trend_dtrader GBPUSD,H1: Alert: Please check your internet connection
0	19:03:33.049	trend_dtrader GBPUSD,H1: Alert: Please check your internet connection
0	19:03:34.048	trend_dtrader GBPUSD,H1: Alert: Please check your internet connection
0	19:03:35.049	trend_dtrader GBPUSD,H1: Alert: Please check your internet connection
0	19:03:36.048	trend_dtrader GBPUSD,H1: Alert: Please check your internet connection
0	19:03:37.049	trend_dtrader GBPUSD,H1: Alert: Please check your internet connection
0	19:03:38.049	trend_dtrader GBPUSD,H1: Alert: Please check your internet connection
0	19:03:39.049	trend_dtrader GBPUSD,H1: Alert: Please check your internet connection
0	19:03:40.049	trend_dtrader GBPUSD,H1: Alert: Please check your internet connection
0	19:03:41.047	trend_dtrader GBPUSD,H1: Alert: Please check your internet connection
0	19:03:42.049	trend_dtrader GBPUSD,H1: Alert: Please check your internet connection
0	19:03:43.048	trend_dtrader GBPUSD,H1: Alert: Please check your internet connection
0	19:03:44.048	trend_dtrader GBPUSD,H1: Alert: Please check your internet connection
0	19:03:45.048	trend_dtrader GBPUSD,H1: Alert: Please check your internet connection
0	19:03:46.048	trend_dtrader GBPUSD,H1: Alert: Please check your internet connection
0	19:03:47.047	trend_dtrader GBPUSD,H1: Alert: Please check your internet connection
0	19:03:48.049	trend_dtrader GBPUSD,H1: Alert: Please check your internet connection
0	19:03:49.048	trend_dtrader GBPUSD,H1: Alert: Please check your internet connection
0	19:03:50.047	trend_dtrader GBPUSD,H1: Alert: Please check your internet connection
0	19:03:51.049	trend_dtrader GBPUSD,H1: Alert: Please check your internet connection
0	19:03:52.048	trend_dtrader GBPUSD,H1: Alert: Please check your internet connection
0	19:03:53.047	trend_dtrader GBPUSD,H1: Alert: Please check your internet connection
0	19:03:54.048	trend_dtrader GBPUSD,H1: Alert: Please check your internet connection
0	19:03:55.048	trend_dtrader GBPUSD,H1: Alert: Please check your internet connection
0	19:03:56.049	trend_dtrader GBPUSD,H1: Alert: Please check your internet connection
0	19:03:57.047	trend_dtrader GBPUSD,H1: Alert: Please check your internet connection
0	19:03:58.047	trend_dtrader GBPUSD,H1: Alert: Please check your internet connection
0	19:03:59.049	trend_dtrader GBPUSD,H1: Alert: Please check your internet connection
0	19:04:00.048	trend_dtrader GBPUSD,H1: Alert: Please check your internet connection
0	19:04:01.048	trend_dtrader GBPUSD,H1: Alert: Please check your internet connection
0	19:04:02.048	trend_dtrader GBPUSD,H1: Alert: Please check your internet connection
0	19:04:03.047	trend_dtrader GBPUSD,H1: Alert: Please check your internet connection
0	19:04:04.048	trend_dtrader GBPUSD,H1: Alert: Please check your internet connection
0	19:04:05.048	trend_dtrader GBPUSD,H1: Alert: Please check your internet connection
0	19:04:06.049	trend_dtrader GBPUSD,H1: Alert: Please check your internet connection
0	19:04:07.048	trend_dtrader GBPUSD,H1: Alert: Please check your internet connection
0	19:04:08.048	trend_dtrader GBPUSD,H1: Alert: Please check your internet connection
0	19:04:09.048	trend_dtrader GBPUSD,H1: Alert: Please check your internet connection
0	19:04:10.048	trend_dtrader GBPUSD,H1: Alert: Please check your internet connection
0	19:04:11.048	trend_dtrader GBPUSD,H1: Alert: Please check your internet connection
0	19:04:12.047	trend_dtrader GBPUSD,H1: Alert: Please check your internet connection
0	19:04:13.047	trend_dtrader GBPUSD,H1: Alert: Please check your internet connection
0	19:04:14.048	trend_dtrader GBPUSD,H1: Alert: Please check your internet connection
0	19:04:15.046	trend_dtrader GBPUSD,H1: Alert: Please check your internet connection
0	19:04:16.048	trend_dtrader GBPUSD,H1: Alert: Please check your internet connection
0	19:04:17.047	trend_dtrader GBPUSD,H1: Alert: Please check your internet connection
0	19:04:18.050	trend_dtrader GBPUSD,H1: Alert: Please check your internet connection
0	19:04:19.048	trend_dtrader GBPUSD,H1: Alert: Please check your internet connection
0	19:04:20.048	trend_dtrader GBPUSD,H1: Alert: Please check your internet connection
0	19:04:21.047	trend_dtrader GBPUSD,H1: Alert: Please check your internet connection
0	19:04:22.048	trend_dtrader GBPUSD,H1: Alert: Please check your internet connection
0	19:04:23.045	trend_dtrader GBPUSD,H1: Alert: Please check your internet connection
0	19:04:24.045	trend_dtrader GBPUSD,H1: Alert: Please check your internet connection
0	19:04:25.047	trend_dtrader GBPUSD,H1: Alert: Please check your internet connection
0	19:04:26.047	trend_dtrader GBPUSD,H1: Alert: Please check your internet connection
0	19:04:27.047	trend_dtrader GBPUSD,H1: Alert: Please check your internet connection
0	19:04:28.047	trend_dtrader GBPUSD,H1: Alert: Please check your internet connection
0	19:04:29.046	trend_dtrader GBPUSD,H1: Alert: Please check your internet connection
0	19:04:30.048	trend_dtrader GBPUSD,H1: Alert: Please check your internet connection
0	19:04:31.047	trend_dtrader GBPUSD,H1: Alert: Please check your internet connection
0	19:04:32.047	trend_dtrader GBPUSD,H1: Alert: Please check your internet connection
0	19:04:33.047	trend_dtrader GBPUSD,H1: Alert: Please check your internet connection
0	19:04:34.045	trend_dtrader GBPUSD,H1: Alert: Please check your internet connection
0	19:04:35.047	trend_dtrader GBPUSD,H1: Alert: Please check your internet connection
0	19:04:36.046	trend_dtrader GBPUSD,H1: Alert: Please check your internet connection
0	19:04:37.045	trend_dtrader GBPUSD,H1: Alert: Please check your internet connection
0	19:04:38.045	trend_dtrader GBPUSD,H1: Alert: Please check your internet connection
0	19:04:39.045	trend_dtrader GBPUSD,H1: Alert: Please check your internet connection
0	19:04:40.047	trend_dtrader GBPUSD,H1: Alert: Please check your internet connection
0	19:04:41.047	trend_dtrader GBPUSD,H1: Alert: Please check your internet connection
0	19:04:42.047	trend_dtrader GBPUSD,H1: Alert: Please check your internet connection
0	19:04:43.047	trend_dtrader GBPUSD,H1: Alert: Please check your internet connection
0	19:04:44.047	trend_dtrader GBPUSD,H1: Alert: Please check your internet connection
0	19:04:45.046	trend_dtrader GBPUSD,H1: Alert: Please check your internet connection
0	19:04:46.045	trend_dtrader GBPUSD,H1: Alert: Please check your internet connection
0	19:04:47.045	trend_dtrader GBPUSD,H1: Alert: Please check your internet connection
0	19:04:48.047	trend_dtrader GBPUSD,H1: Alert: Please check your internet connection
0	19:04:49.046	trend_dtrader GBPUSD,H1: Alert: Please check your internet connection
0	19:04:50.047	trend_dtrader GBPUSD,H1: Alert: Please check your internet connection
0	19:04:51.046	trend_dtrader GBPUSD,H1: Alert: Please check your internet connection
0	19:04:52.046	trend_dtrader GBPUSD,H1: Alert: Please check your internet connection
0	19:04:53.045	trend_dtrader GBPUSD,H1: Alert: Please check your internet connection
0	19:04:54.047	trend_dtrader GBPUSD,H1: Alert: Please check your internet connection
0	19:04:55.045	trend_dtrader GBPUSD,H1: Alert: Please check your internet connection
0	19:04:56.047	trend_dtrader GBPUSD,H1: Alert: Please check your internet connection
0	19:04:57.047	trend_dtrader GBPUSD,H1: Alert: Please check your internet connection
0	19:04:58.046	trend_dtrader GBPUSD,H1: Alert: Please check your internet connection
0	19:04:59.047	trend_dtrader GBPUSD,H1: Alert: Please check your internet connection
0	19:05:00.047	trend_dtrader GBPUSD,H1: Alert: Please check your internet connection
0	19:05:01.044	trend_dtrader GBPUSD,H1: Alert: Please check your internet connection
0	19:05:02.046	trend_dtrader GBPUSD,H1: Alert: Please check your internet connection
0	19:05:03.046	trend_dtrader GBPUSD,H1: Alert: Please check your internet connection
0	19:05:04.046	trend_dtrader GBPUSD,H1: Alert: Please check your internet connection
0	19:05:05.045	trend_dtrader GBPUSD,H1: Alert: Please check your internet connection
0	19:05:06.046	trend_dtrader GBPUSD,H1: Alert: Please check your internet connection
0	19:05:07.046	trend_dtrader GBPUSD,H1: Alert: Please check your internet connection
0	19:05:08.046	trend_dtrader GBPUSD,H1: Alert: Please check your internet connection
0	19:05:09.047	trend_dtrader GBPUSD,H1: Alert: Please check your internet connection
0	19:05:10.046	trend_dtrader GBPUSD,H1: Alert: Please check your internet connection
0	19:05:11.046	trend_dtrader GBPUSD,H1: Alert: Please check your internet connection
0	19:05:12.045	trend_dtrader GBPUSD,H1: Alert: Please check your internet connection
0	19:05:13.046	trend_dtrader GBPUSD,H1: Alert: Please check your internet connection
0	19:05:14.043	trend_dtrader GBPUSD,H1: Alert: Please check your internet connection
0	19:05:15.046	trend_dtrader GBPUSD,H1: Alert: Please check your internet connection
0	19:05:16.046	trend_dtrader GBPUSD,H1: Alert: Please check your internet connection
0	19:05:17.046	trend_dtrader GBPUSD,H1: Alert: Please check your internet connection
0	19:05:18.046	trend_dtrader GBPUSD,H1: Alert: Please check your internet connection
0	19:05:19.045	trend_dtrader GBPUSD,H1: Alert: Please check your internet connection
0	19:05:20.045	trend_dtrader GBPUSD,H1: Alert: Please check your internet connection
0	19:05:21.044	trend_dtrader GBPUSD,H1: Alert: Please check your internet connection
0	19:05:22.046	trend_dtrader GBPUSD,H1: Alert: Please check your internet connection
0	19:05:23.045	trend_dtrader GBPUSD,H1: Alert: Please check your internet connection
0	19:05:24.046	trend_dtrader GBPUSD,H1: Alert: Please check your internet connection
0	19:05:25.045	trend_dtrader GBPUSD,H1: Alert: Please check your internet connection
0	19:05:26.046	trend_dtrader GBPUSD,H1: Alert: Please check your internet connection
0	19:05:27.046	trend_dtrader GBPUSD,H1: Alert: Please check your internet connection
0	19:05:28.046	trend_dtrader GBPUSD,H1: Alert: Please check your internet connection
0	19:05:29.046	trend_dtrader GBPUSD,H1: Alert: Please check your internet connection
0	19:05:30.045	trend_dtrader GBPUSD,H1: Alert: Please check your internet connection
0	19:05:31.046	trend_dtrader GBPUSD,H1: Alert: Please check your internet connection
0	19:05:32.046	trend_dtrader GBPUSD,H1: Alert: Please check your internet connection
0	19:05:33.045	trend_dtrader GBPUSD,H1: Alert: Please check your internet connection
0	19:05:34.045	trend_dtrader GBPUSD,H1: Alert: Please check your internet connection
0	19:05:35.045	trend_dtrader GBPUSD,H1: Alert: Please check your internet connection
0	19:05:36.045	trend_dtrader GBPUSD,H1: Alert: Please check your internet connection
0	19:05:37.044	trend_dtrader GBPUSD,H1: Alert: Please check your internet connection
0	19:05:38.046	trend_dtrader GBPUSD,H1: Alert: Please check your internet connection
0	19:05:39.046	trend_dtrader GBPUSD,H1: Alert: Please check your internet connection
0	19:05:40.045	trend_dtrader GBPUSD,H1: Alert: Please check your internet connection
0	19:05:41.045	trend_dtrader GBPUSD,H1: Alert: Please check your internet connection
0	19:05:42.044	trend_dtrader GBPUSD,H1: Alert: Please check your internet connection
0	19:05:43.045	trend_dtrader GBPUSD,H1: Alert: Please check your internet connection
0	19:05:44.045	trend_dtrader GBPUSD,H1: Alert: Please check your internet connection
0	19:05:45.045	trend_dtrader GBPUSD,H1: Alert: Please check your internet connection
0	19:05:46.046	trend_dtrader GBPUSD,H1: Alert: Please check your internet connection
0	19:05:47.045	trend_dtrader GBPUSD,H1: Alert: Please check your internet connection
0	19:05:48.045	trend_dtrader GBPUSD,H1: Alert: Please check your internet connection
0	19:05:49.045	trend_dtrader GBPUSD,H1: Alert: Please check your internet connection
0	19:05:50.045	trend_dtrader GBPUSD,H1: Alert: Please check your internet connection
0	19:05:51.046	trend_dtrader GBPUSD,H1: Alert: Please check your internet connection
0	19:05:52.045	trend_dtrader GBPUSD,H1: Alert: Please check your internet connection
0	19:05:53.045	trend_dtrader GBPUSD,H1: Alert: Please check your internet connection
0	19:05:54.045	trend_dtrader GBPUSD,H1: Alert: Please check your internet connection
0	19:05:55.045	trend_dtrader GBPUSD,H1: Alert: Please check your internet connection
0	19:05:56.044	trend_dtrader GBPUSD,H1: Alert: Please check your internet connection
0	19:05:57.045	trend_dtrader GBPUSD,H1: Alert: Please check your internet connection
0	19:05:58.044	trend_dtrader GBPUSD,H1: Alert: Please check your internet connection
0	19:05:59.045	trend_dtrader GBPUSD,H1: Alert: Please check your internet connection
0	19:06:00.044	trend_dtrader GBPUSD,H1: Alert: Please check your internet connection
0	19:06:01.045	trend_dtrader GBPUSD,H1: Alert: Please check your internet connection
0	19:06:02.044	trend_dtrader GBPUSD,H1: Alert: Please check your internet connection
0	19:06:03.045	trend_dtrader GBPUSD,H1: Alert: Please check your internet connection
0	19:06:04.045	trend_dtrader GBPUSD,H1: Alert: Please check your internet connection
0	19:06:05.044	trend_dtrader GBPUSD,H1: Alert: Please check your internet connection
0	19:06:06.045	trend_dtrader GBPUSD,H1: Alert: Please check your internet connection
0	19:06:07.045	trend_dtrader GBPUSD,H1: Alert: Please check your internet connection
0	19:06:08.045	trend_dtrader GBPUSD,H1: Alert: Please check your internet connection
0	19:06:09.045	trend_dtrader GBPUSD,H1: Alert: Please check your internet connection
0	19:06:10.062	trend_dtrader GBPUSD,H1: Alert: Please check your internet connection
0	19:06:11.045	trend_dtrader GBPUSD,H1: Alert: Please check your internet connection
0	19:06:12.045	trend_dtrader GBPUSD,H1: Alert: Please check your internet connection
0	19:06:13.044	trend_dtrader GBPUSD,H1: Alert: Please check your internet connection
0	19:06:14.044	trend_dtrader GBPUSD,H1: Alert: Please check your internet connection
0	19:06:15.043	trend_dtrader GBPUSD,H1: Alert: Please check your internet connection
0	19:06:16.043	trend_dtrader GBPUSD,H1: Alert: Please check your internet connection
0	19:06:17.045	trend_dtrader GBPUSD,H1: Alert: Please check your internet connection
0	19:06:18.044	trend_dtrader GBPUSD,H1: Alert: Please check your internet connection
0	19:06:19.043	trend_dtrader GBPUSD,H1: Alert: Please check your internet connection
0	19:06:20.044	trend_dtrader GBPUSD,H1: Alert: Please check your internet connection
0	19:06:21.045	trend_dtrader GBPUSD,H1: Alert: Please check your internet connection
0	19:06:22.043	trend_dtrader GBPUSD,H1: Alert: Please check your internet connection
0	19:06:23.045	trend_dtrader GBPUSD,H1: Alert: Please check your internet connection
0	19:06:24.043	trend_dtrader GBPUSD,H1: Alert: Please check your internet connection
0	19:06:25.044	trend_dtrader GBPUSD,H1: Alert: Please check your internet connection
0	19:06:26.043	trend_dtrader GBPUSD,H1: Alert: Please check your internet connection
0	19:06:27.044	trend_dtrader GBPUSD,H1: Alert: Please check your internet connection
0	19:06:28.044	trend_dtrader GBPUSD,H1: Alert: Please check your internet connection
0	19:06:29.044	trend_dtrader GBPUSD,H1: Alert: Please check your internet connection
0	19:06:30.044	trend_dtrader GBPUSD,H1: Alert: Please check your internet connection
0	19:06:31.044	trend_dtrader GBPUSD,H1: Alert: Please check your internet connection
0	19:06:32.043	trend_dtrader GBPUSD,H1: Alert: Please check your internet connection
0	19:06:33.044	trend_dtrader GBPUSD,H1: Alert: Please check your internet connection
0	19:06:34.042	trend_dtrader GBPUSD,H1: Alert: Please check your internet connection
0	19:06:35.043	trend_dtrader GBPUSD,H1: Alert: Please check your internet connection
0	19:06:36.044	trend_dtrader GBPUSD,H1: Alert: Please check your internet connection
0	19:06:37.045	trend_dtrader GBPUSD,H1: Alert: Please check your internet connection
0	19:06:38.044	trend_dtrader GBPUSD,H1: Alert: Please check your internet connection
0	19:06:39.044	trend_dtrader GBPUSD,H1: Alert: Please check your internet connection
0	19:06:40.044	trend_dtrader GBPUSD,H1: Alert: Please check your internet connection
0	19:06:41.043	trend_dtrader GBPUSD,H1: Alert: Please check your internet connection
0	19:06:42.044	trend_dtrader GBPUSD,H1: Alert: Please check your internet connection
0	19:06:43.044	trend_dtrader GBPUSD,H1: Alert: Please check your internet connection
0	19:06:44.044	trend_dtrader GBPUSD,H1: Alert: Please check your internet connection
0	19:06:45.044	trend_dtrader GBPUSD,H1: Alert: Please check your internet connection
0	19:06:46.042	trend_dtrader GBPUSD,H1: Alert: Please check your internet connection
0	19:06:47.042	trend_dtrader GBPUSD,H1: Alert: Please check your internet connection
0	19:06:48.044	trend_dtrader GBPUSD,H1: Alert: Please check your internet connection
0	19:06:49.044	trend_dtrader GBPUSD,H1: Alert: Please check your internet connection
0	19:06:50.042	trend_dtrader GBPUSD,H1: Alert: Please check your internet connection
0	19:06:51.043	trend_dtrader GBPUSD,H1: Alert: Please check your internet connection
0	19:06:52.044	trend_dtrader GBPUSD,H1: Alert: Please check your internet connection
0	19:06:53.044	trend_dtrader GBPUSD,H1: Alert: Please check your internet connection
0	19:06:54.044	trend_dtrader GBPUSD,H1: Alert: Please check your internet connection
0	19:06:55.044	trend_dtrader GBPUSD,H1: Alert: Please check your internet connection
0	19:06:56.043	trend_dtrader GBPUSD,H1: Alert: Please check your internet connection
0	19:06:57.042	trend_dtrader GBPUSD,H1: Alert: Please check your internet connection
0	19:06:58.044	trend_dtrader GBPUSD,H1: Alert: Please check your internet connection
0	19:06:59.044	trend_dtrader GBPUSD,H1: Alert: Please check your internet connection
0	19:07:00.041	trend_dtrader GBPUSD,H1: Alert: Please check your internet connection
0	19:07:01.043	trend_dtrader GBPUSD,H1: Alert: Please check your internet connection
0	19:07:02.043	trend_dtrader GBPUSD,H1: Alert: Please check your internet connection
0	19:07:03.043	trend_dtrader GBPUSD,H1: Alert: Please check your internet connection
0	19:07:04.042	trend_dtrader GBPUSD,H1: Alert: Please check your internet connection
0	19:07:05.043	trend_dtrader GBPUSD,H1: Alert: Please check your internet connection
0	19:07:06.042	trend_dtrader GBPUSD,H1: Alert: Please check your internet connection
0	19:07:07.043	trend_dtrader GBPUSD,H1: Alert: Please check your internet connection
0	19:07:08.044	trend_dtrader GBPUSD,H1: Alert: Please check your internet connection
0	19:07:09.043	trend_dtrader GBPUSD,H1: Alert: Please check your internet connection
0	19:07:10.042	trend_dtrader GBPUSD,H1: Alert: Please check your internet connection
0	19:07:11.041	trend_dtrader GBPUSD,H1: Alert: Please check your internet connection
0	19:07:12.043	trend_dtrader GBPUSD,H1: Alert: Please check your internet connection
0	19:07:13.043	trend_dtrader GBPUSD,H1: Alert: Please check your internet connection
0	19:07:14.042	trend_dtrader GBPUSD,H1: Alert: Please check your internet connection
0	19:07:15.043	trend_dtrader GBPUSD,H1: Alert: Please check your internet connection
0	19:07:16.043	trend_dtrader GBPUSD,H1: Alert: Please check your internet connection
0	19:07:17.043	trend_dtrader GBPUSD,H1: Alert: Please check your internet connection
0	19:07:18.043	trend_dtrader GBPUSD,H1: Alert: Please check your internet connection
0	19:07:19.041	trend_dtrader GBPUSD,H1: Alert: Please check your internet connection
0	19:07:20.043	trend_dtrader GBPUSD,H1: Alert: Please check your internet connection
0	19:07:21.043	trend_dtrader GBPUSD,H1: Alert: Please check your internet connection
0	19:07:22.043	trend_dtrader GBPUSD,H1: Alert: Please check your internet connection
0	19:07:23.041	trend_dtrader GBPUSD,H1: Alert: Please check your internet connection
0	19:07:24.043	trend_dtrader GBPUSD,H1: Alert: Please check your internet connection
0	19:07:25.043	trend_dtrader GBPUSD,H1: Alert: Please check your internet connection
0	19:07:26.043	trend_dtrader GBPUSD,H1: Alert: Please check your internet connection
0	19:07:27.042	trend_dtrader GBPUSD,H1: Alert: Please check your internet connection
0	19:07:28.041	trend_dtrader GBPUSD,H1: Alert: Please check your internet connection
0	19:07:29.043	trend_dtrader GBPUSD,H1: Alert: Please check your internet connection
0	19:07:30.042	trend_dtrader GBPUSD,H1: Alert: Please check your internet connection
0	19:07:31.042	trend_dtrader GBPUSD,H1: Alert: Please check your internet connection
0	19:07:32.043	trend_dtrader GBPUSD,H1: Alert: Please check your internet connection
0	19:07:33.043	trend_dtrader GBPUSD,H1: Alert: Please check your internet connection
0	19:07:34.042	trend_dtrader GBPUSD,H1: Alert: Please check your internet connection
0	19:07:35.043	trend_dtrader GBPUSD,H1: Alert: Please check your internet connection
0	19:07:36.042	trend_dtrader GBPUSD,H1: Alert: Please check your internet connection
0	19:07:37.041	trend_dtrader GBPUSD,H1: Alert: Please check your internet connection
0	19:07:38.043	trend_dtrader GBPUSD,H1: Alert: Please check your internet connection
0	19:07:39.045	trend_dtrader GBPUSD,H1: Alert: Please check your internet connection
0	19:07:40.042	trend_dtrader GBPUSD,H1: Alert: Please check your internet connection
0	19:07:41.042	trend_dtrader GBPUSD,H1: Alert: Please check your internet connection
0	19:07:42.042	trend_dtrader GBPUSD,H1: Alert: Please check your internet connection
0	19:07:43.042	trend_dtrader GBPUSD,H1: Alert: Please check your internet connection
0	19:07:44.043	trend_dtrader GBPUSD,H1: Alert: Please check your internet connection
0	19:07:45.043	trend_dtrader GBPUSD,H1: Alert: Please check your internet connection
0	19:07:46.041	trend_dtrader GBPUSD,H1: Alert: Please check your internet connection
0	19:07:47.042	trend_dtrader GBPUSD,H1: Alert: Please check your internet connection
0	19:07:48.041	trend_dtrader GBPUSD,H1: Alert: Please check your internet connection
0	19:07:49.040	trend_dtrader GBPUSD,H1: Alert: Please check your internet connection
0	19:07:50.042	trend_dtrader GBPUSD,H1: Alert: Please check your internet connection
0	19:07:51.041	trend_dtrader GBPUSD,H1: Alert: Please check your internet connection
0	19:07:52.042	trend_dtrader GBPUSD,H1: Alert: Please check your internet connection
0	19:07:53.041	trend_dtrader GBPUSD,H1: Alert: Please check your internet connection
0	19:07:54.040	trend_dtrader GBPUSD,H1: Alert: Please check your internet connection
0	19:07:55.040	trend_dtrader GBPUSD,H1: Alert: Please check your internet connection
0	19:07:56.042	trend_dtrader GBPUSD,H1: Alert: Please check your internet connection
0	19:07:57.042	trend_dtrader GBPUSD,H1: Alert: Please check your internet connection
0	19:07:58.042	trend_dtrader GBPUSD,H1: Alert: Please check your internet connection
0	19:07:59.042	trend_dtrader GBPUSD,H1: Alert: Please check your internet connection
0	19:08:00.040	trend_dtrader GBPUSD,H1: Alert: Please check your internet connection
0	19:08:01.040	trend_dtrader GBPUSD,H1: Alert: Please check your internet connection
0	19:08:02.040	trend_dtrader GBPUSD,H1: Alert: Please check your internet connection
0	19:08:03.041	trend_dtrader GBPUSD,H1: Alert: Please check your internet connection
0	19:08:04.040	trend_dtrader GBPUSD,H1: Alert: Please check your internet connection
0	19:08:05.041	trend_dtrader GBPUSD,H1: Alert: Please check your internet connection
0	19:08:06.042	trend_dtrader GBPUSD,H1: Alert: Please check your internet connection
0	19:08:07.042	trend_dtrader GBPUSD,H1: Alert: Please check your internet connection
0	19:08:08.042	trend_dtrader GBPUSD,H1: Alert: Please check your internet connection
0	19:08:09.042	trend_dtrader GBPUSD,H1: Alert: Please check your internet connection
0	19:08:10.042	trend_dtrader GBPUSD,H1: Alert: Please check your internet connection
0	19:08:11.042	trend_dtrader GBPUSD,H1: Alert: Please check your internet connection
0	19:08:12.040	trend_dtrader GBPUSD,H1: Alert: Please check your internet connection
0	19:08:13.042	trend_dtrader GBPUSD,H1: Alert: Please check your internet connection
0	19:08:14.040	trend_dtrader GBPUSD,H1: Alert: Please check your internet connection
0	19:08:15.041	trend_dtrader GBPUSD,H1: Alert: Please check your internet connection
0	19:08:16.041	trend_dtrader GBPUSD,H1: Alert: Please check your internet connection
0	19:08:17.041	trend_dtrader GBPUSD,H1: Alert: Please check your internet connection
0	19:08:18.041	trend_dtrader GBPUSD,H1: Alert: Please check your internet connection
0	19:08:19.041	trend_dtrader GBPUSD,H1: Alert: Please check your internet connection
0	19:08:20.039	trend_dtrader GBPUSD,H1: Alert: Please check your internet connection
0	19:08:21.041	trend_dtrader GBPUSD,H1: Alert: Please check your internet connection
0	19:08:22.039	trend_dtrader GBPUSD,H1: Alert: Please check your internet connection
0	19:08:23.042	trend_dtrader GBPUSD,H1: Alert: Please check your internet connection
0	19:08:24.041	trend_dtrader GBPUSD,H1: Alert: Please check your internet connection
0	19:08:25.041	trend_dtrader GBPUSD,H1: Alert: Please check your internet connection
0	19:08:26.041	trend_dtrader GBPUSD,H1: Alert: Please check your internet connection
0	19:08:27.039	trend_dtrader GBPUSD,H1: Alert: Please check your internet connection
0	19:08:28.040	trend_dtrader GBPUSD,H1: Alert: Please check your internet connection
0	19:08:29.041	trend_dtrader GBPUSD,H1: Alert: Please check your internet connection
0	19:08:30.039	trend_dtrader GBPUSD,H1: Alert: Please check your internet connection
0	19:08:31.041	trend_dtrader GBPUSD,H1: Alert: Please check your internet connection
0	19:08:32.041	trend_dtrader GBPUSD,H1: Alert: Please check your internet connection
0	19:08:33.041	trend_dtrader GBPUSD,H1: Alert: Please check your internet connection
0	19:08:34.041	trend_dtrader GBPUSD,H1: Alert: Please check your internet connection
0	19:08:35.041	trend_dtrader GBPUSD,H1: Alert: Please check your internet connection
0	19:08:36.041	trend_dtrader GBPUSD,H1: Alert: Please check your internet connection
0	19:08:37.042	trend_dtrader GBPUSD,H1: Alert: Please check your internet connection
0	19:08:38.041	trend_dtrader GBPUSD,H1: Alert: Please check your internet connection
0	19:08:39.039	trend_dtrader GBPUSD,H1: Alert: Please check your internet connection
0	19:08:40.040	trend_dtrader GBPUSD,H1: Alert: Please check your internet connection
0	19:08:41.040	trend_dtrader GBPUSD,H1: Alert: Please check your internet connection
0	19:08:42.039	trend_dtrader GBPUSD,H1: Alert: Please check your internet connection
0	19:08:43.041	trend_dtrader GBPUSD,H1: Alert: Please check your internet connection
0	19:08:44.040	trend_dtrader GBPUSD,H1: Alert: Please check your internet connection
0	19:08:45.039	trend_dtrader GBPUSD,H1: Alert: Please check your internet connection
0	19:08:46.041	trend_dtrader GBPUSD,H1: Alert: Please check your internet connection
0	19:08:47.041	trend_dtrader GBPUSD,H1: Alert: Please check your internet connection
0	19:08:48.040	trend_dtrader GBPUSD,H1: Alert: Please check your internet connection
0	19:08:49.040	trend_dtrader GBPUSD,H1: Alert: Please check your internet connection
0	19:08:50.040	trend_dtrader GBPUSD,H1: Alert: Please check your internet connection
0	19:08:51.040	trend_dtrader GBPUSD,H1: Alert: Please check your internet connection
0	19:08:52.040	trend_dtrader GBPUSD,H1: Alert: Please check your internet connection
0	19:08:53.038	trend_dtrader GBPUSD,H1: Alert: Please check your internet connection
0	19:08:54.040	trend_dtrader GBPUSD,H1: Alert: Please check your internet connection
0	19:08:55.040	trend_dtrader GBPUSD,H1: Alert: Please check your internet connection
0	19:08:56.041	trend_dtrader GBPUSD,H1: Alert: Please check your internet connection
0	19:08:57.040	trend_dtrader GBPUSD,H1: Alert: Please check your internet connection
0	19:08:58.077	trend_dtrader GBPUSD,H1: Alert: Please check your internet connection
0	19:08:59.039	trend_dtrader GBPUSD,H1: Alert: Please check your internet connection
0	19:09:00.039	trend_dtrader GBPUSD,H1: Alert: Please check your internet connection
0	19:09:01.040	trend_dtrader GBPUSD,H1: Alert: Please check your internet connection
0	19:09:02.040	trend_dtrader GBPUSD,H1: Alert: Please check your internet connection
0	19:09:03.040	trend_dtrader GBPUSD,H1: Alert: Please check your internet connection
0	19:09:04.039	trend_dtrader GBPUSD,H1: Alert: Please check your internet connection
0	19:09:05.040	trend_dtrader GBPUSD,H1: Alert: Please check your internet connection
0	19:09:06.039	trend_dtrader GBPUSD,H1: Alert: Please check your internet connection
0	19:09:07.040	trend_dtrader GBPUSD,H1: Alert: Please check your internet connection
0	19:09:08.040	trend_dtrader GBPUSD,H1: Alert: Please check your internet connection
0	19:09:09.040	trend_dtrader GBPUSD,H1: Alert: Please check your internet connection
0	19:09:10.041	trend_dtrader GBPUSD,H1: Alert: Please check your internet connection
0	19:09:11.040	trend_dtrader GBPUSD,H1: Alert: Please check your internet connection
0	19:09:12.040	trend_dtrader GBPUSD,H1: Alert: Please check your internet connection
0	19:09:13.040	trend_dtrader GBPUSD,H1: Alert: Please check your internet connection
0	19:09:14.040	trend_dtrader GBPUSD,H1: Alert: Please check your internet connection
0	19:09:15.039	trend_dtrader GBPUSD,H1: Alert: Please check your internet connection
0	19:09:16.040	trend_dtrader GBPUSD,H1: Alert: Please check your internet connection
0	19:09:17.040	trend_dtrader GBPUSD,H1: Alert: Please check your internet connection
0	19:09:18.040	trend_dtrader GBPUSD,H1: Alert: Please check your internet connection
0	19:09:19.040	trend_dtrader GBPUSD,H1: Alert: Please check your internet connection
0	19:09:20.040	trend_dtrader GBPUSD,H1: Alert: Please check your internet connection
0	19:09:21.039	trend_dtrader GBPUSD,H1: Alert: Please check your internet connection
0	19:09:22.039	trend_dtrader GBPUSD,H1: Alert: Please check your internet connection
0	19:09:23.039	trend_dtrader GBPUSD,H1: Alert: Please check your internet connection
0	19:09:24.039	trend_dtrader GBPUSD,H1: Alert: Please check your internet connection
0	19:09:25.040	trend_dtrader GBPUSD,H1: Alert: Please check your internet connection
0	19:09:26.040	trend_dtrader GBPUSD,H1: Alert: Please check your internet connection
0	19:09:27.040	trend_dtrader GBPUSD,H1: Alert: Please check your internet connection
0	19:09:28.040	trend_dtrader GBPUSD,H1: Alert: Please check your internet connection
0	19:09:29.040	trend_dtrader GBPUSD,H1: Alert: Please check your internet connection
0	19:09:30.039	trend_dtrader GBPUSD,H1: Alert: Please check your internet connection
0	19:09:31.040	trend_dtrader GBPUSD,H1: Alert: Please check your internet connection
0	19:09:32.039	trend_dtrader GBPUSD,H1: Alert: Please check your internet connection
0	19:09:33.038	trend_dtrader GBPUSD,H1: Alert: Please check your internet connection
0	19:09:34.038	trend_dtrader GBPUSD,H1: Alert: Please check your internet connection
0	19:09:35.038	trend_dtrader GBPUSD,H1: Alert: Please check your internet connection
0	19:09:36.038	trend_dtrader GBPUSD,H1: Alert: Please check your internet connection
0	19:09:37.038	trend_dtrader GBPUSD,H1: Alert: Please check your internet connection
0	19:09:38.039	trend_dtrader GBPUSD,H1: Alert: Please check your internet connection
0	19:09:39.039	trend_dtrader GBPUSD,H1: Alert: Please check your internet connection
0	19:09:40.039	trend_dtrader GBPUSD,H1: Alert: Please check your internet connection
0	19:09:41.039	trend_dtrader GBPUSD,H1: Alert: Please check your internet connection
0	19:09:42.039	trend_dtrader GBPUSD,H1: Alert: Please check your internet connection
0	19:09:43.039	trend_dtrader GBPUSD,H1: Alert: Please check your internet connection
0	19:09:44.039	trend_dtrader GBPUSD,H1: Alert: Please check your internet connection
0	19:09:45.039	trend_dtrader GBPUSD,H1: Alert: Please check your internet connection
0	19:09:46.039	trend_dtrader GBPUSD,H1: Alert: Please check your internet connection
0	19:09:47.039	trend_dtrader GBPUSD,H1: Alert: Please check your internet connection
0	19:09:48.039	trend_dtrader GBPUSD,H1: Alert: Please check your internet connection
0	19:09:49.038	trend_dtrader GBPUSD,H1: Alert: Please check your internet connection
0	19:09:50.039	trend_dtrader GBPUSD,H1: Alert: Please check your internet connection
0	19:09:51.039	trend_dtrader GBPUSD,H1: Alert: Please check your internet connection
0	19:09:52.039	trend_dtrader GBPUSD,H1: Alert: Please check your internet connection
0	19:09:53.038	trend_dtrader GBPUSD,H1: Alert: Please check your internet connection
0	19:09:54.038	trend_dtrader GBPUSD,H1: Alert: Please check your internet connection
0	19:09:55.039	trend_dtrader GBPUSD,H1: Alert: Please check your internet connection
0	19:09:56.039	trend_dtrader GBPUSD,H1: Alert: Please check your internet connection
0	19:09:57.039	trend_dtrader GBPUSD,H1: Alert: Please check your internet connection
0	19:09:58.039	trend_dtrader GBPUSD,H1: Alert: Please check your internet connection
0	19:09:59.039	trend_dtrader GBPUSD,H1: Alert: Please check your internet connection
0	19:10:00.037	trend_dtrader GBPUSD,H1: Alert: Please check your internet connection
0	19:10:01.039	trend_dtrader GBPUSD,H1: Alert: Please check your internet connection
0	19:10:02.037	trend_dtrader GBPUSD,H1: Alert: Please check your internet connection
0	19:10:03.039	trend_dtrader GBPUSD,H1: Alert: Please check your internet connection
0	19:10:04.039	trend_dtrader GBPUSD,H1: Alert: Please check your internet connection
0	19:10:05.038	trend_dtrader GBPUSD,H1: Alert: Please check your internet connection
0	19:10:06.038	trend_dtrader GBPUSD,H1: Alert: Please check your internet connection
0	19:10:07.038	trend_dtrader GBPUSD,H1: Alert: Please check your internet connection
0	19:10:08.039	trend_dtrader GBPUSD,H1: Alert: Please check your internet connection
0	19:10:09.037	trend_dtrader GBPUSD,H1: Alert: Please check your internet connection
0	19:10:10.039	trend_dtrader GBPUSD,H1: Alert: Please check your internet connection
0	19:10:11.039	trend_dtrader GBPUSD,H1: Alert: Please check your internet connection
0	19:10:12.037	trend_dtrader GBPUSD,H1: Alert: Please check your internet connection
0	19:10:13.038	trend_dtrader GBPUSD,H1: Alert: Please check your internet connection
0	19:10:14.037	trend_dtrader GBPUSD,H1: Alert: Please check your internet connection
0	19:10:15.037	trend_dtrader GBPUSD,H1: Alert: Please check your internet connection
0	19:10:16.038	trend_dtrader GBPUSD,H1: Alert: Please check your internet connection
0	19:10:17.039	trend_dtrader GBPUSD,H1: Alert: Please check your internet connection
0	19:10:18.037	trend_dtrader GBPUSD,H1: Alert: Please check your internet connection
0	19:10:19.038	trend_dtrader GBPUSD,H1: Alert: Please check your internet connection
0	19:10:20.039	trend_dtrader GBPUSD,H1: Alert: Please check your internet connection
0	19:10:21.038	trend_dtrader GBPUSD,H1: Alert: Please check your internet connection
0	19:10:22.038	trend_dtrader GBPUSD,H1: Alert: Please check your internet connection
0	19:10:23.037	trend_dtrader GBPUSD,H1: Alert: Please check your internet connection
0	19:10:24.038	trend_dtrader GBPUSD,H1: Alert: Please check your internet connection
0	19:10:25.038	trend_dtrader GBPUSD,H1: Alert: Please check your internet connection
0	19:10:26.038	trend_dtrader GBPUSD,H1: Alert: Please check your internet connection
0	19:10:27.038	trend_dtrader GBPUSD,H1: Alert: Please check your internet connection
0	19:10:28.038	trend_dtrader GBPUSD,H1: Alert: Please check your internet connection
0	19:10:29.038	trend_dtrader GBPUSD,H1: Alert: Please check your internet connection
0	19:10:30.038	trend_dtrader GBPUSD,H1: Alert: Please check your internet connection
0	19:10:31.038	trend_dtrader GBPUSD,H1: Alert: Please check your internet connection
0	19:10:32.038	trend_dtrader GBPUSD,H1: Alert: Please check your internet connection
0	19:10:33.038	trend_dtrader GBPUSD,H1: Alert: Please check your internet connection
0	19:10:34.037	trend_dtrader GBPUSD,H1: Alert: Please check your internet connection
0	19:10:35.038	trend_dtrader GBPUSD,H1: Alert: Please check your internet connection
0	19:10:36.038	trend_dtrader GBPUSD,H1: Alert: Please check your internet connection
0	19:10:37.038	trend_dtrader GBPUSD,H1: Alert: Please check your internet connection
0	19:10:38.038	trend_dtrader GBPUSD,H1: Alert: Please check your internet connection
0	19:10:39.038	trend_dtrader GBPUSD,H1: Alert: Please check your internet connection
0	19:10:40.038	trend_dtrader GBPUSD,H1: Alert: Please check your internet connection
0	19:10:41.036	trend_dtrader GBPUSD,H1: Alert: Please check your internet connection
0	19:10:42.036	trend_dtrader GBPUSD,H1: Alert: Please check your internet connection
0	19:10:43.037	trend_dtrader GBPUSD,H1: Alert: Please check your internet connection
0	19:10:44.038	trend_dtrader GBPUSD,H1: Alert: Please check your internet connection
0	19:10:45.037	trend_dtrader GBPUSD,H1: Alert: Please check your internet connection
0	19:10:46.038	trend_dtrader GBPUSD,H1: Alert: Please check your internet connection
0	19:10:47.037	trend_dtrader GBPUSD,H1: Alert: Please check your internet connection
0	19:10:48.037	trend_dtrader GBPUSD,H1: Alert: Please check your internet connection
0	19:10:49.038	trend_dtrader GBPUSD,H1: Alert: Please check your internet connection
0	19:10:50.044	trend_dtrader GBPUSD,H1: Alert: Please check your internet connection
0	19:10:51.036	trend_dtrader GBPUSD,H1: Alert: Please check your internet connection
0	19:10:52.037	trend_dtrader GBPUSD,H1: Alert: Please check your internet connection
0	19:10:53.037	trend_dtrader GBPUSD,H1: Alert: Please check your internet connection
0	19:10:54.037	trend_dtrader GBPUSD,H1: Alert: Please check your internet connection
0	19:10:55.038	trend_dtrader GBPUSD,H1: Alert: Please check your internet connection
0	19:10:56.037	trend_dtrader GBPUSD,H1: Alert: Please check your internet connection
0	19:10:57.038	trend_dtrader GBPUSD,H1: Alert: Please check your internet connection
0	19:10:58.038	trend_dtrader GBPUSD,H1: Alert: Please check your internet connection
0	19:10:59.035	trend_dtrader GBPUSD,H1: Alert: Please check your internet connection
0	19:11:00.037	trend_dtrader GBPUSD,H1: Alert: Please check your internet connection
0	19:11:01.037	trend_dtrader GBPUSD,H1: Alert: Please check your internet connection
0	19:11:02.037	trend_dtrader GBPUSD,H1: Alert: Please check your internet connection
0	19:11:03.037	trend_dtrader GBPUSD,H1: Alert: Please check your internet connection
0	19:11:04.038	trend_dtrader GBPUSD,H1: Alert: Please check your internet connection
0	19:11:05.037	trend_dtrader GBPUSD,H1: Alert: Please check your internet connection
0	19:11:06.037	trend_dtrader GBPUSD,H1: Alert: Please check your internet connection
0	19:11:07.038	trend_dtrader GBPUSD,H1: Alert: Please check your internet connection
0	19:11:08.036	trend_dtrader GBPUSD,H1: Alert: Please check your internet connection
0	19:11:09.037	trend_dtrader GBPUSD,H1: Alert: Please check your internet connection
0	19:11:10.037	trend_dtrader GBPUSD,H1: Alert: Please check your internet connection
0	19:11:11.037	trend_dtrader GBPUSD,H1: Alert: Please check your internet connection
0	19:11:12.037	trend_dtrader GBPUSD,H1: Alert: Please check your internet connection
0	19:11:13.037	trend_dtrader GBPUSD,H1: Alert: Please check your internet connection
0	19:11:14.036	trend_dtrader GBPUSD,H1: Alert: Please check your internet connection
0	19:11:15.037	trend_dtrader GBPUSD,H1: Alert: Please check your internet connection
0	19:11:16.037	trend_dtrader GBPUSD,H1: Alert: Please check your internet connection
0	19:11:17.036	trend_dtrader GBPUSD,H1: Alert: Please check your internet connection
0	19:11:18.037	trend_dtrader GBPUSD,H1: Alert: Please check your internet connection
0	19:11:19.037	trend_dtrader GBPUSD,H1: Alert: Please check your internet connection
0	19:11:20.037	trend_dtrader GBPUSD,H1: Alert: Please check your internet connection
0	19:11:21.037	trend_dtrader GBPUSD,H1: Alert: Please check your internet connection
0	19:11:22.036	trend_dtrader GBPUSD,H1: Alert: Please check your internet connection
0	19:11:23.036	trend_dtrader GBPUSD,H1: Alert: Please check your internet connection
0	19:11:24.036	trend_dtrader GBPUSD,H1: Alert: Please check your internet connection
0	19:11:25.036	trend_dtrader GBPUSD,H1: Alert: Please check your internet connection
0	19:11:26.036	trend_dtrader GBPUSD,H1: Alert: Please check your internet connection
0	19:11:27.037	trend_dtrader GBPUSD,H1: Alert: Please check your internet connection
0	19:11:28.035	trend_dtrader GBPUSD,H1: Alert: Please check your internet connection
0	19:11:29.037	trend_dtrader GBPUSD,H1: Alert: Please check your internet connection
0	19:11:30.036	trend_dtrader GBPUSD,H1: Alert: Please check your internet connection
0	19:11:31.036	trend_dtrader GBPUSD,H1: Alert: Please check your internet connection
0	19:11:32.036	trend_dtrader GBPUSD,H1: Alert: Please check your internet connection
0	19:11:33.036	trend_dtrader GBPUSD,H1: Alert: Please check your internet connection
0	19:11:34.036	trend_dtrader GBPUSD,H1: Alert: Please check your internet connection
0	19:11:35.035	trend_dtrader GBPUSD,H1: Alert: Please check your internet connection
0	19:11:36.036	trend_dtrader GBPUSD,H1: Alert: Please check your internet connection
0	19:11:37.037	trend_dtrader GBPUSD,H1: Alert: Please check your internet connection
0	19:11:38.037	trend_dtrader GBPUSD,H1: Alert: Please check your internet connection
0	19:11:39.036	trend_dtrader GBPUSD,H1: Alert: Please check your internet connection
0	19:11:40.035	trend_dtrader GBPUSD,H1: Alert: Please check your internet connection
0	19:11:41.034	trend_dtrader GBPUSD,H1: Alert: Please check your internet connection
0	19:11:42.036	trend_dtrader GBPUSD,H1: Alert: Please check your internet connection
0	19:11:43.036	trend_dtrader GBPUSD,H1: Alert: Please check your internet connection
0	19:11:44.036	trend_dtrader GBPUSD,H1: Alert: Please check your internet connection
0	19:11:45.034	trend_dtrader GBPUSD,H1: Alert: Please check your internet connection
0	19:11:46.033	trend_dtrader GBPUSD,H1: Alert: Please check your internet connection
0	19:11:47.035	trend_dtrader GBPUSD,H1: Alert: Please check your internet connection
0	19:11:48.036	trend_dtrader GBPUSD,H1: Alert: Please check your internet connection
0	19:11:49.035	trend_dtrader GBPUSD,H1: Alert: Please check your internet connection
0	19:11:50.035	trend_dtrader GBPUSD,H1: Alert: Please check your internet connection
0	19:11:51.036	trend_dtrader GBPUSD,H1: Alert: Please check your internet connection
0	19:11:52.036	trend_dtrader GBPUSD,H1: Alert: Please check your internet connection
0	19:11:53.035	trend_dtrader GBPUSD,H1: Alert: Please check your internet connection
0	19:11:54.035	trend_dtrader GBPUSD,H1: Alert: Please check your internet connection
0	19:11:55.036	trend_dtrader GBPUSD,H1: Alert: Please check your internet connection
0	19:11:56.036	trend_dtrader GBPUSD,H1: Alert: Please check your internet connection
0	19:11:57.036	trend_dtrader GBPUSD,H1: Alert: Please check your internet connection
0	19:11:58.035	trend_dtrader GBPUSD,H1: Alert: Please check your internet connection
0	19:11:59.036	trend_dtrader GBPUSD,H1: Alert: Please check your internet connection
0	19:12:00.035	trend_dtrader GBPUSD,H1: Alert: Please check your internet connection
0	19:12:01.036	trend_dtrader GBPUSD,H1: Alert: Please check your internet connection
0	19:12:02.036	trend_dtrader GBPUSD,H1: Alert: Please check your internet connection
0	19:12:03.035	trend_dtrader GBPUSD,H1: Alert: Please check your internet connection
0	19:12:04.036	trend_dtrader GBPUSD,H1: Alert: Please check your internet connection
0	19:12:05.036	trend_dtrader GBPUSD,H1: Alert: Please check your internet connection
0	19:12:06.036	trend_dtrader GBPUSD,H1: Alert: Please check your internet connection
0	19:12:07.034	trend_dtrader GBPUSD,H1: Alert: Please check your internet connection
0	19:12:08.036	trend_dtrader GBPUSD,H1: Alert: Please check your internet connection
0	19:12:09.036	trend_dtrader GBPUSD,H1: Alert: Please check your internet connection
0	19:12:10.036	trend_dtrader GBPUSD,H1: Alert: Please check your internet connection
0	19:12:11.036	trend_dtrader GBPUSD,H1: Alert: Please check your internet connection
0	19:12:12.036	trend_dtrader GBPUSD,H1: Alert: Please check your internet connection
0	19:12:13.036	trend_dtrader GBPUSD,H1: Alert: Please check your internet connection
0	19:12:14.035	trend_dtrader GBPUSD,H1: Alert: Please check your internet connection
0	19:12:15.033	trend_dtrader GBPUSD,H1: Alert: Please check your internet connection
0	19:12:16.036	trend_dtrader GBPUSD,H1: Alert: Please check your internet connection
0	19:12:17.034	trend_dtrader GBPUSD,H1: Alert: Please check your internet connection
0	19:12:18.036	trend_dtrader GBPUSD,H1: Alert: Please check your internet connection
0	19:12:19.035	trend_dtrader GBPUSD,H1: Alert: Please check your internet connection
0	19:12:20.036	trend_dtrader GBPUSD,H1: Alert: Please check your internet connection
0	19:12:21.035	trend_dtrader GBPUSD,H1: Alert: Please check your internet connection
0	19:12:22.035	trend_dtrader GBPUSD,H1: Alert: Please check your internet connection
0	19:12:23.036	trend_dtrader GBPUSD,H1: Alert: Please check your internet connection
0	19:12:24.035	trend_dtrader GBPUSD,H1: Alert: Please check your internet connection
0	19:12:25.033	trend_dtrader GBPUSD,H1: Alert: Please check your internet connection
0	19:12:26.035	trend_dtrader GBPUSD,H1: Alert: Please check your internet connection
0	19:12:27.035	trend_dtrader GBPUSD,H1: Alert: Please check your internet connection
0	19:12:28.035	trend_dtrader GBPUSD,H1: Alert: Please check your internet connection
0	19:12:29.034	trend_dtrader GBPUSD,H1: Alert: Please check your internet connection
0	19:12:30.035	trend_dtrader GBPUSD,H1: Alert: Please check your internet connection
0	19:12:31.035	trend_dtrader GBPUSD,H1: Alert: Please check your internet connection
0	19:12:32.034	trend_dtrader GBPUSD,H1: Alert: Please check your internet connection
0	19:12:33.035	trend_dtrader GBPUSD,H1: Alert: Please check your internet connection
0	19:12:34.035	trend_dtrader GBPUSD,H1: Alert: Please check your internet connection
0	19:12:35.035	trend_dtrader GBPUSD,H1: Alert: Please check your internet connection
0	19:12:36.033	trend_dtrader GBPUSD,H1: Alert: Please check your internet connection
0	19:12:37.034	trend_dtrader GBPUSD,H1: Alert: Please check your internet connection
0	19:12:38.035	trend_dtrader GBPUSD,H1: Alert: Please check your internet connection
0	19:12:39.035	trend_dtrader GBPUSD,H1: Alert: Please check your internet connection
0	19:12:40.033	trend_dtrader GBPUSD,H1: Alert: Please check your internet connection
0	19:12:41.035	trend_dtrader GBPUSD,H1: Alert: Please check your internet connection
0	19:12:42.034	trend_dtrader GBPUSD,H1: Alert: Please check your internet connection
0	19:12:43.035	trend_dtrader GBPUSD,H1: Alert: Please check your internet connection
0	19:12:44.034	trend_dtrader GBPUSD,H1: Alert: Please check your internet connection
0	19:12:45.034	trend_dtrader GBPUSD,H1: Alert: Please check your internet connection
0	19:12:46.034	trend_dtrader GBPUSD,H1: Alert: Please check your internet connection
0	19:12:47.034	trend_dtrader GBPUSD,H1: Alert: Please check your internet connection
0	19:12:48.033	trend_dtrader GBPUSD,H1: Alert: Please check your internet connection
0	19:12:49.034	trend_dtrader GBPUSD,H1: Alert: Please check your internet connection
0	19:12:50.033	trend_dtrader GBPUSD,H1: Alert: Please check your internet connection
0	19:12:51.034	trend_dtrader GBPUSD,H1: Alert: Please check your internet connection
0	19:12:52.035	trend_dtrader GBPUSD,H1: Alert: Please check your internet connection
0	19:12:53.034	trend_dtrader GBPUSD,H1: Alert: Please check your internet connection
0	19:12:54.034	trend_dtrader GBPUSD,H1: Alert: Please check your internet connection
0	19:12:55.034	trend_dtrader GBPUSD,H1: Alert: Please check your internet connection
0	19:12:56.034	trend_dtrader GBPUSD,H1: Alert: Please check your internet connection
0	19:12:57.034	trend_dtrader GBPUSD,H1: Alert: Please check your internet connection
0	19:12:58.034	trend_dtrader GBPUSD,H1: Alert: Please check your internet connection
0	19:12:59.033	trend_dtrader GBPUSD,H1: Alert: Please check your internet connection
0	19:13:00.034	trend_dtrader GBPUSD,H1: Alert: Please check your internet connection
0	19:13:01.035	trend_dtrader GBPUSD,H1: Alert: Please check your internet connection
0	19:13:02.033	trend_dtrader GBPUSD,H1: Alert: Please check your internet connection
0	19:13:03.033	trend_dtrader GBPUSD,H1: Alert: Please check your internet connection
0	19:13:04.034	trend_dtrader GBPUSD,H1: Alert: Please check your internet connection
0	19:13:05.034	trend_dtrader GBPUSD,H1: Alert: Please check your internet connection
0	19:13:06.034	trend_dtrader GBPUSD,H1: Alert: Please check your internet connection
0	19:13:07.032	trend_dtrader GBPUSD,H1: Alert: Please check your internet connection
0	19:13:08.033	trend_dtrader GBPUSD,H1: Alert: Please check your internet connection
0	19:13:09.034	trend_dtrader GBPUSD,H1: Alert: Please check your internet connection
0	19:13:10.034	trend_dtrader GBPUSD,H1: Alert: Please check your internet connection
0	19:13:11.034	trend_dtrader GBPUSD,H1: Alert: Please check your internet connection
0	19:13:12.034	trend_dtrader GBPUSD,H1: Alert: Please check your internet connection
0	19:13:13.034	trend_dtrader GBPUSD,H1: Alert: Please check your internet connection
0	19:13:14.034	trend_dtrader GBPUSD,H1: Alert: Please check your internet connection
0	19:13:15.033	trend_dtrader GBPUSD,H1: Alert: Please check your internet connection
0	19:13:16.034	trend_dtrader GBPUSD,H1: Alert: Please check your internet connection
0	19:13:17.033	trend_dtrader GBPUSD,H1: Alert: Please check your internet connection
0	19:13:18.033	trend_dtrader GBPUSD,H1: Alert: Please check your internet connection
0	19:13:19.032	trend_dtrader GBPUSD,H1: Alert: Please check your internet connection
0	19:13:20.034	trend_dtrader GBPUSD,H1: Alert: Please check your internet connection
0	19:13:21.034	trend_dtrader GBPUSD,H1: Alert: Please check your internet connection
0	19:13:22.034	trend_dtrader GBPUSD,H1: Alert: Please check your internet connection
0	19:13:23.033	trend_dtrader GBPUSD,H1: Alert: Please check your internet connection
0	19:13:24.034	trend_dtrader GBPUSD,H1: Alert: Please check your internet connection
0	19:13:25.034	trend_dtrader GBPUSD,H1: Alert: Please check your internet connection
0	19:13:26.033	trend_dtrader GBPUSD,H1: Alert: Please check your internet connection
0	19:13:27.032	trend_dtrader GBPUSD,H1: Alert: Please check your internet connection
0	19:13:28.033	trend_dtrader GBPUSD,H1: Alert: Please check your internet connection
0	19:13:29.034	trend_dtrader GBPUSD,H1: Alert: Please check your internet connection
0	19:13:30.033	trend_dtrader GBPUSD,H1: Alert: Please check your internet connection
0	19:13:31.033	trend_dtrader GBPUSD,H1: Alert: Please check your internet connection
0	19:13:32.034	trend_dtrader GBPUSD,H1: Alert: Please check your internet connection
0	19:13:33.047	trend_dtrader GBPUSD,H1: Alert: Please check your internet connection
0	19:13:34.032	trend_dtrader GBPUSD,H1: Alert: Please check your internet connection
0	19:13:35.032	trend_dtrader GBPUSD,H1: Alert: Please check your internet connection
0	19:13:36.033	trend_dtrader GBPUSD,H1: Alert: Please check your internet connection
0	19:13:37.032	trend_dtrader GBPUSD,H1: Alert: Please check your internet connection
0	19:13:38.034	trend_dtrader GBPUSD,H1: Alert: Please check your internet connection
0	19:13:39.033	trend_dtrader GBPUSD,H1: Alert: Please check your internet connection
0	19:13:40.032	trend_dtrader GBPUSD,H1: Alert: Please check your internet connection
0	19:13:41.032	trend_dtrader GBPUSD,H1: Alert: Please check your internet connection
0	19:13:42.032	trend_dtrader GBPUSD,H1: Alert: Please check your internet connection
0	19:13:43.032	trend_dtrader GBPUSD,H1: Alert: Please check your internet connection
0	19:13:44.036	trend_dtrader GBPUSD,H1: Alert: Please check your internet connection
0	19:13:45.031	trend_dtrader GBPUSD,H1: Alert: Please check your internet connection
0	19:13:46.033	trend_dtrader GBPUSD,H1: Alert: Please check your internet connection
0	19:13:47.033	trend_dtrader GBPUSD,H1: Alert: Please check your internet connection
0	19:13:48.033	trend_dtrader GBPUSD,H1: Alert: Please check your internet connection
0	19:13:49.033	trend_dtrader GBPUSD,H1: Alert: Please check your internet connection
0	19:13:50.033	trend_dtrader GBPUSD,H1: Alert: Please check your internet connection
0	19:13:51.032	trend_dtrader GBPUSD,H1: Alert: Please check your internet connection
0	19:13:52.031	trend_dtrader GBPUSD,H1: Alert: Please check your internet connection
0	19:13:53.033	trend_dtrader GBPUSD,H1: Alert: Please check your internet connection
0	19:13:54.032	trend_dtrader GBPUSD,H1: Alert: Please check your internet connection
0	19:13:55.032	trend_dtrader GBPUSD,H1: Alert: Please check your internet connection
0	19:13:56.033	trend_dtrader GBPUSD,H1: Alert: Please check your internet connection
0	19:13:57.033	trend_dtrader GBPUSD,H1: Alert: Please check your internet connection
0	19:13:58.033	trend_dtrader GBPUSD,H1: Alert: Please check your internet connection
0	19:13:59.033	trend_dtrader GBPUSD,H1: Alert: Please check your internet connection
0	19:14:00.032	trend_dtrader GBPUSD,H1: Alert: Please check your internet connection
0	19:14:01.031	trend_dtrader GBPUSD,H1: Alert: Please check your internet connection
0	19:14:02.032	trend_dtrader GBPUSD,H1: Alert: Please check your internet connection
0	19:14:03.033	trend_dtrader GBPUSD,H1: Alert: Please check your internet connection
0	19:14:04.032	trend_dtrader GBPUSD,H1: Alert: Please check your internet connection
0	19:14:05.031	trend_dtrader GBPUSD,H1: Alert: Please check your internet connection
0	19:14:06.031	trend_dtrader GBPUSD,H1: Alert: Please check your internet connection
0	19:14:07.030	trend_dtrader GBPUSD,H1: Alert: Please check your internet connection
0	19:14:08.031	trend_dtrader GBPUSD,H1: Alert: Please check your internet connection
0	19:14:09.032	trend_dtrader GBPUSD,H1: Alert: Please check your internet connection
0	19:14:10.029	trend_dtrader GBPUSD,H1: Alert: Please check your internet connection
0	19:14:11.031	trend_dtrader GBPUSD,H1: Alert: Please check your internet connection
0	19:14:12.031	trend_dtrader GBPUSD,H1: Alert: Please check your internet connection
0	19:14:13.029	trend_dtrader GBPUSD,H1: Alert: Please check your internet connection
0	19:14:14.030	trend_dtrader GBPUSD,H1: Alert: Please check your internet connection
0	19:14:15.032	trend_dtrader GBPUSD,H1: Alert: Please check your internet connection
0	19:14:15.080	trend_dtrader GBPUSD,H1: uninit reason 2
0	19:14:15.081	trend_dtrader GBPUSD,H1: Alert: 2
0	19:14:15.103	Expert trend_dtrader GBPUSD,H1: removed
0	19:14:15.141	Expert trend_dtrader GBPUSD,H1: loaded successfully
0	19:14:15.192	trend_dtrader GBPUSD,H1: AAVEUSD
0	19:14:15.192	trend_dtrader GBPUSD,H1: ADAUSD
0	19:14:15.192	trend_dtrader GBPUSD,H1: ALGOUSD
0	19:14:15.192	trend_dtrader GBPUSD,H1: APTUSD
0	19:14:15.192	trend_dtrader GBPUSD,H1: ARBUSD
0	19:14:15.192	trend_dtrader GBPUSD,H1: ATOMUSD
0	19:14:15.192	trend_dtrader GBPUSD,H1: AUDUSD
0	19:14:15.192	trend_dtrader GBPUSD,H1: AVAXUSD
0	19:14:15.192	trend_dtrader GBPUSD,H1: AXSUSD
0	19:14:15.192	trend_dtrader GBPUSD,H1: BCHUSD
0	19:14:15.192	trend_dtrader GBPUSD,H1: BNBUSD
0	19:14:15.192	trend_dtrader GBPUSD,H1: BTCUSD
0	19:14:15.192	trend_dtrader GBPUSD,H1: DASHUSD
0	19:14:15.192	trend_dtrader GBPUSD,H1: DOGEUSD
0	19:14:15.192	trend_dtrader GBPUSD,H1: DOTUSD
0	19:14:15.192	trend_dtrader GBPUSD,H1: ETCUSD
0	19:14:15.192	trend_dtrader GBPUSD,H1: ETHUSD
0	19:14:15.192	trend_dtrader GBPUSD,H1: EURUSD
0	19:14:15.192	trend_dtrader GBPUSD,H1: FETUSD
0	19:14:15.192	trend_dtrader GBPUSD,H1: FILUSD
0	19:14:15.192	trend_dtrader GBPUSD,H1: FTMUSD
0	19:14:15.192	trend_dtrader GBPUSD,H1: GBPUSD
0	19:14:15.192	trend_dtrader GBPUSD,H1: GRTUSD
0	19:14:15.192	trend_dtrader GBPUSD,H1: ICPUSD
0	19:14:15.192	trend_dtrader GBPUSD,H1: IOTAUSD
0	19:14:15.192	trend_dtrader GBPUSD,H1: LINKUSD
0	19:14:15.192	trend_dtrader GBPUSD,H1: LRCUSD
0	19:14:15.192	trend_dtrader GBPUSD,H1: LTCUSD
0	19:14:15.192	trend_dtrader GBPUSD,H1: MANAUSD
0	19:14:15.192	trend_dtrader GBPUSD,H1: MATICUSD
0	19:14:15.192	trend_dtrader GBPUSD,H1: NEARUSD
0	19:14:15.192	trend_dtrader GBPUSD,H1: NZDUSD
0	19:14:15.192	trend_dtrader GBPUSD,H1: SOLUSD
0	19:14:15.192	trend_dtrader GBPUSD,H1: SUIUSD
0	19:14:15.192	trend_dtrader GBPUSD,H1: TRXUSD
0	19:14:15.192	trend_dtrader GBPUSD,H1: UNIUSD
0	19:14:15.192	trend_dtrader GBPUSD,H1: USDCAD
0	19:14:15.192	trend_dtrader GBPUSD,H1: USDCHF
0	19:14:15.192	trend_dtrader GBPUSD,H1: USDJPY
0	19:14:15.192	trend_dtrader GBPUSD,H1: USDMXN
0	19:14:15.192	trend_dtrader GBPUSD,H1: USDZAR
0	19:14:15.192	trend_dtrader GBPUSD,H1: XAGUSD
0	19:14:15.192	trend_dtrader GBPUSD,H1: XAUUSD
0	19:14:15.192	trend_dtrader GBPUSD,H1: XBRUSD
0	19:14:15.192	trend_dtrader GBPUSD,H1: XNGUSD
0	19:14:15.192	trend_dtrader GBPUSD,H1: XRPUSD
0	19:14:15.192	trend_dtrader GBPUSD,H1: XTIUSD
0	19:14:15.192	trend_dtrader GBPUSD,H1: ZECUSD
0	19:14:15.192	trend_dtrader GBPUSD,H1: 48
0	19:14:15.192	trend_dtrader GBPUSD,H1: initialized
0	19:14:16.201	trend_dtrader GBPUSD,H1: Alert: Please check your internet connection
0	19:14:17.193	trend_dtrader GBPUSD,H1: Alert: Please check your internet connection
0	19:14:18.192	trend_dtrader GBPUSD,H1: Alert: Please check your internet connection
0	19:14:19.193	trend_dtrader GBPUSD,H1: Alert: Please check your internet connection
0	19:14:20.194	trend_dtrader GBPUSD,H1: Alert: Please check your internet connection
0	19:14:21.194	trend_dtrader GBPUSD,H1: Alert: Please check your internet connection
0	19:14:22.194	trend_dtrader GBPUSD,H1: Alert: Please check your internet connection
0	19:14:23.194	trend_dtrader GBPUSD,H1: Alert: Please check your internet connection
0	19:14:24.193	trend_dtrader GBPUSD,H1: Alert: Please check your internet connection
0	19:14:25.193	trend_dtrader GBPUSD,H1: Alert: Please check your internet connection
0	19:14:26.194	trend_dtrader GBPUSD,H1: Alert: Please check your internet connection
0	19:14:27.193	trend_dtrader GBPUSD,H1: Alert: Please check your internet connection
0	19:14:28.193	trend_dtrader GBPUSD,H1: Alert: Please check your internet connection
0	19:14:29.192	trend_dtrader GBPUSD,H1: Alert: Please check your internet connection
0	19:14:30.193	trend_dtrader GBPUSD,H1: Alert: Please check your internet connection
0	19:14:31.193	trend_dtrader GBPUSD,H1: Alert: Please check your internet connection
0	19:14:32.193	trend_dtrader GBPUSD,H1: Alert: Please check your internet connection
0	19:14:33.193	trend_dtrader GBPUSD,H1: Alert: Please check your internet connection
0	19:14:34.193	trend_dtrader GBPUSD,H1: Alert: Please check your internet connection
0	19:14:35.193	trend_dtrader GBPUSD,H1: Alert: Please check your internet connection
0	19:14:36.192	trend_dtrader GBPUSD,H1: Alert: Please check your internet connection
0	19:14:37.193	trend_dtrader GBPUSD,H1: Alert: Please check your internet connection
0	19:14:38.193	trend_dtrader GBPUSD,H1: Alert: Please check your internet connection
0	19:14:39.193	trend_dtrader GBPUSD,H1: Alert: Please check your internet connection
0	19:14:40.193	trend_dtrader GBPUSD,H1: Alert: Please check your internet connection
0	19:14:41.193	trend_dtrader GBPUSD,H1: Alert: Please check your internet connection
0	19:14:42.193	trend_dtrader GBPUSD,H1: Alert: Please check your internet connection
0	19:14:43.193	trend_dtrader GBPUSD,H1: Alert: Please check your internet connection
0	19:14:44.193	trend_dtrader GBPUSD,H1: Alert: Please check your internet connection
0	19:14:45.192	trend_dtrader GBPUSD,H1: Alert: Please check your internet connection
0	19:14:46.193	trend_dtrader GBPUSD,H1: Alert: Please check your internet connection
0	19:14:47.193	trend_dtrader GBPUSD,H1: Alert: Please check your internet connection
0	19:14:48.193	trend_dtrader GBPUSD,H1: Alert: Please check your internet connection
0	19:14:49.192	trend_dtrader GBPUSD,H1: Alert: Please check your internet connection
0	19:14:50.193	trend_dtrader GBPUSD,H1: Alert: Please check your internet connection
0	19:14:51.193	trend_dtrader GBPUSD,H1: Alert: Please check your internet connection
0	19:14:52.193	trend_dtrader GBPUSD,H1: Alert: Please check your internet connection
0	19:14:53.193	trend_dtrader GBPUSD,H1: Alert: Please check your internet connection
0	19:14:54.193	trend_dtrader GBPUSD,H1: Alert: Please check your internet connection
0	19:14:55.193	trend_dtrader GBPUSD,H1: Alert: Please check your internet connection
0	19:14:56.193	trend_dtrader GBPUSD,H1: Alert: Please check your internet connection
0	19:14:57.193	trend_dtrader GBPUSD,H1: Alert: Please check your internet connection
0	19:14:58.193	trend_dtrader GBPUSD,H1: Alert: Please check your internet connection
0	19:14:59.193	trend_dtrader GBPUSD,H1: Alert: Please check your internet connection
0	19:15:00.192	trend_dtrader GBPUSD,H1: Alert: Please check your internet connection
0	19:15:01.193	trend_dtrader GBPUSD,H1: Alert: Please check your internet connection
0	19:15:02.193	trend_dtrader GBPUSD,H1: Alert: Please check your internet connection
0	19:15:03.192	trend_dtrader GBPUSD,H1: Alert: Please check your internet connection
0	19:15:04.205	trend_dtrader GBPUSD,H1: Alert: Please check your internet connection
0	19:15:05.193	trend_dtrader GBPUSD,H1: Alert: Please check your internet connection
0	19:15:06.193	trend_dtrader GBPUSD,H1: Alert: Please check your internet connection
0	19:15:07.192	trend_dtrader GBPUSD,H1: Alert: Please check your internet connection
0	19:15:08.193	trend_dtrader GBPUSD,H1: Alert: Please check your internet connection
0	19:15:09.192	trend_dtrader GBPUSD,H1: Alert: Please check your internet connection
0	19:15:10.193	trend_dtrader GBPUSD,H1: Alert: Please check your internet connection
0	19:15:11.192	trend_dtrader GBPUSD,H1: Alert: Please check your internet connection
0	19:15:12.192	trend_dtrader GBPUSD,H1: Alert: Please check your internet connection
0	19:15:13.192	trend_dtrader GBPUSD,H1: Alert: Please check your internet connection
0	19:15:14.192	trend_dtrader GBPUSD,H1: Alert: Please check your internet connection
0	19:15:15.193	trend_dtrader GBPUSD,H1: Alert: Please check your internet connection
0	19:15:16.192	trend_dtrader GBPUSD,H1: Alert: Please check your internet connection
0	19:15:17.192	trend_dtrader GBPUSD,H1: Alert: Please check your internet connection
0	19:15:18.192	trend_dtrader GBPUSD,H1: Alert: Please check your internet connection
0	19:15:19.192	trend_dtrader GBPUSD,H1: Alert: Please check your internet connection
0	19:15:20.192	trend_dtrader GBPUSD,H1: Alert: Please check your internet connection
0	19:15:21.192	trend_dtrader GBPUSD,H1: Alert: Please check your internet connection
0	19:15:22.192	trend_dtrader GBPUSD,H1: Alert: Please check your internet connection
0	19:15:23.192	trend_dtrader GBPUSD,H1: Alert: Please check your internet connection
0	19:15:24.192	trend_dtrader GBPUSD,H1: Alert: Please check your internet connection
0	19:15:25.192	trend_dtrader GBPUSD,H1: Alert: Please check your internet connection
0	19:15:26.192	trend_dtrader GBPUSD,H1: Alert: Please check your internet connection
0	19:15:27.192	trend_dtrader GBPUSD,H1: Alert: Please check your internet connection
0	19:15:28.192	trend_dtrader GBPUSD,H1: Alert: Please check your internet connection
0	19:15:29.192	trend_dtrader GBPUSD,H1: Alert: Please check your internet connection
0	19:15:30.192	trend_dtrader GBPUSD,H1: Alert: Please check your internet connection
0	19:15:31.192	trend_dtrader GBPUSD,H1: Alert: Please check your internet connection
0	19:15:32.192	trend_dtrader GBPUSD,H1: Alert: Please check your internet connection
0	19:15:33.191	trend_dtrader GBPUSD,H1: Alert: Please check your internet connection
0	19:15:34.192	trend_dtrader GBPUSD,H1: Alert: Please check your internet connection
0	19:15:35.191	trend_dtrader GBPUSD,H1: Alert: Please check your internet connection
0	19:15:36.191	trend_dtrader GBPUSD,H1: Alert: Please check your internet connection
0	19:15:37.192	trend_dtrader GBPUSD,H1: Alert: Please check your internet connection
0	19:15:38.191	trend_dtrader GBPUSD,H1: Alert: Please check your internet connection
0	19:15:39.192	trend_dtrader GBPUSD,H1: Alert: Please check your internet connection
0	19:15:40.192	trend_dtrader GBPUSD,H1: Alert: Please check your internet connection
0	19:15:41.192	trend_dtrader GBPUSD,H1: Alert: Please check your internet connection
0	19:15:42.191	trend_dtrader GBPUSD,H1: Alert: Please check your internet connection
0	19:15:43.192	trend_dtrader GBPUSD,H1: Alert: Please check your internet connection
0	19:15:44.192	trend_dtrader GBPUSD,H1: Alert: Please check your internet connection
0	19:15:45.191	trend_dtrader GBPUSD,H1: Alert: Please check your internet connection
0	19:15:46.191	trend_dtrader GBPUSD,H1: Alert: Please check your internet connection
0	19:15:47.190	trend_dtrader GBPUSD,H1: Alert: Please check your internet connection
0	19:15:48.192	trend_dtrader GBPUSD,H1: Alert: Please check your internet connection
0	19:15:49.190	trend_dtrader GBPUSD,H1: Alert: Please check your internet connection
0	19:15:50.191	trend_dtrader GBPUSD,H1: Alert: Please check your internet connection
0	19:15:51.191	trend_dtrader GBPUSD,H1: Alert: Please check your internet connection
0	19:15:52.191	trend_dtrader GBPUSD,H1: Alert: Please check your internet connection
0	19:15:53.192	trend_dtrader GBPUSD,H1: Alert: Please check your internet connection
0	19:15:54.191	trend_dtrader GBPUSD,H1: Alert: Please check your internet connection
0	19:15:55.192	trend_dtrader GBPUSD,H1: Alert: Please check your internet connection
0	19:15:56.191	trend_dtrader GBPUSD,H1: Alert: Please check your internet connection
0	19:15:57.190	trend_dtrader GBPUSD,H1: Alert: Please check your internet connection
0	19:15:58.190	trend_dtrader GBPUSD,H1: Alert: Please check your internet connection
0	19:15:59.190	trend_dtrader GBPUSD,H1: Alert: Please check your internet connection
0	19:16:00.191	trend_dtrader GBPUSD,H1: Alert: Please check your internet connection
0	19:16:01.191	trend_dtrader GBPUSD,H1: Alert: Please check your internet connection
0	19:16:02.191	trend_dtrader GBPUSD,H1: Alert: Please check your internet connection
0	19:16:03.190	trend_dtrader GBPUSD,H1: Alert: Please check your internet connection
0	19:16:04.191	trend_dtrader GBPUSD,H1: Alert: Please check your internet connection
0	19:16:05.191	trend_dtrader GBPUSD,H1: Alert: Please check your internet connection
0	19:16:06.190	trend_dtrader GBPUSD,H1: Alert: Please check your internet connection
0	19:16:07.191	trend_dtrader GBPUSD,H1: Alert: Please check your internet connection
0	19:16:08.191	trend_dtrader GBPUSD,H1: Alert: Please check your internet connection
0	19:16:09.191	trend_dtrader GBPUSD,H1: Alert: Please check your internet connection
0	19:16:10.191	trend_dtrader GBPUSD,H1: Alert: Please check your internet connection
0	19:16:11.191	trend_dtrader GBPUSD,H1: Alert: Please check your internet connection
0	19:16:12.191	trend_dtrader GBPUSD,H1: Alert: Please check your internet connection
0	19:16:13.191	trend_dtrader GBPUSD,H1: Alert: Please check your internet connection
0	19:16:14.191	trend_dtrader GBPUSD,H1: Alert: Please check your internet connection
0	19:16:15.191	trend_dtrader GBPUSD,H1: Alert: Please check your internet connection
0	19:16:16.190	trend_dtrader GBPUSD,H1: Alert: Please check your internet connection
0	19:16:17.191	trend_dtrader GBPUSD,H1: Alert: Please check your internet connection
0	19:16:18.190	trend_dtrader GBPUSD,H1: Alert: Please check your internet connection
0	19:16:19.190	trend_dtrader GBPUSD,H1: Alert: Please check your internet connection
0	19:16:20.190	trend_dtrader GBPUSD,H1: Alert: Please check your internet connection
0	19:16:21.191	trend_dtrader GBPUSD,H1: Alert: Please check your internet connection
0	19:16:22.191	trend_dtrader GBPUSD,H1: Alert: Please check your internet connection
0	19:16:23.193	trend_dtrader GBPUSD,H1: Alert: Please check your internet connection
0	19:16:24.191	trend_dtrader GBPUSD,H1: Alert: Please check your internet connection
0	19:16:25.190	trend_dtrader GBPUSD,H1: Alert: Please check your internet connection
0	19:16:26.190	trend_dtrader GBPUSD,H1: Alert: Please check your internet connection
0	19:16:27.191	trend_dtrader GBPUSD,H1: Alert: Please check your internet connection
0	19:16:28.190	trend_dtrader GBPUSD,H1: Alert: Please check your internet connection
0	19:16:29.190	trend_dtrader GBPUSD,H1: Alert: Please check your internet connection
0	19:16:30.190	trend_dtrader GBPUSD,H1: Alert: Please check your internet connection
0	19:16:31.191	trend_dtrader GBPUSD,H1: Alert: Please check your internet connection
0	19:16:32.190	trend_dtrader GBPUSD,H1: Alert: Please check your internet connection
0	19:16:33.190	trend_dtrader GBPUSD,H1: Alert: Please check your internet connection
0	19:16:34.190	trend_dtrader GBPUSD,H1: Alert: Please check your internet connection
0	19:16:35.190	trend_dtrader GBPUSD,H1: Alert: Please check your internet connection
0	19:16:36.190	trend_dtrader GBPUSD,H1: Alert: Please check your internet connection
0	19:16:37.190	trend_dtrader GBPUSD,H1: Alert: Please check your internet connection
0	19:16:38.190	trend_dtrader GBPUSD,H1: Alert: Please check your internet connection
0	19:16:39.190	trend_dtrader GBPUSD,H1: Alert: Please check your internet connection
0	19:16:40.189	trend_dtrader GBPUSD,H1: Alert: Please check your internet connection
0	19:16:41.189	trend_dtrader GBPUSD,H1: Alert: Please check your internet connection
0	19:16:42.190	trend_dtrader GBPUSD,H1: Alert: Please check your internet connection
0	19:16:43.189	trend_dtrader GBPUSD,H1: Alert: Please check your internet connection
0	19:16:44.190	trend_dtrader GBPUSD,H1: Alert: Please check your internet connection
0	19:16:45.190	trend_dtrader GBPUSD,H1: Alert: Please check your internet connection
0	19:16:46.189	trend_dtrader GBPUSD,H1: Alert: Please check your internet connection
0	19:16:47.189	trend_dtrader GBPUSD,H1: Alert: Please check your internet connection
0	19:16:48.190	trend_dtrader GBPUSD,H1: Alert: Please check your internet connection
0	19:16:49.190	trend_dtrader GBPUSD,H1: Alert: Please check your internet connection
0	19:16:50.188	trend_dtrader GBPUSD,H1: Alert: Please check your internet connection
0	19:16:51.189	trend_dtrader GBPUSD,H1: Alert: Please check your internet connection
0	19:16:52.190	trend_dtrader GBPUSD,H1: Alert: Please check your internet connection
0	19:16:53.190	trend_dtrader GBPUSD,H1: Alert: Please check your internet connection
0	19:16:54.189	trend_dtrader GBPUSD,H1: Alert: Please check your internet connection
0	19:16:55.190	trend_dtrader GBPUSD,H1: Alert: Please check your internet connection
0	19:16:56.190	trend_dtrader GBPUSD,H1: Alert: Please check your internet connection
0	19:16:57.189	trend_dtrader GBPUSD,H1: Alert: Please check your internet connection
0	19:16:58.189	trend_dtrader GBPUSD,H1: Alert: Please check your internet connection
0	19:16:59.189	trend_dtrader GBPUSD,H1: Alert: Please check your internet connection
0	19:17:00.190	trend_dtrader GBPUSD,H1: Alert: Please check your internet connection
0	19:17:01.190	trend_dtrader GBPUSD,H1: Alert: Please check your internet connection
0	19:17:02.190	trend_dtrader GBPUSD,H1: Alert: Please check your internet connection
0	19:17:03.190	trend_dtrader GBPUSD,H1: Alert: Please check your internet connection
0	19:17:04.189	trend_dtrader GBPUSD,H1: Alert: Please check your internet connection
0	19:17:05.189	trend_dtrader GBPUSD,H1: Alert: Please check your internet connection
0	19:17:06.190	trend_dtrader GBPUSD,H1: Alert: Please check your internet connection
0	19:17:07.189	trend_dtrader GBPUSD,H1: Alert: Please check your internet connection
0	19:17:08.189	trend_dtrader GBPUSD,H1: Alert: Please check your internet connection
0	19:17:09.189	trend_dtrader GBPUSD,H1: Alert: Please check your internet connection
0	19:17:10.189	trend_dtrader GBPUSD,H1: Alert: Please check your internet connection
0	19:17:11.189	trend_dtrader GBPUSD,H1: Alert: Please check your internet connection
0	19:17:12.189	trend_dtrader GBPUSD,H1: Alert: Please check your internet connection
0	19:17:13.188	trend_dtrader GBPUSD,H1: Alert: Please check your internet connection
0	19:17:14.189	trend_dtrader GBPUSD,H1: Alert: Please check your internet connection
0	19:17:15.188	trend_dtrader GBPUSD,H1: Alert: Please check your internet connection
0	19:17:16.188	trend_dtrader GBPUSD,H1: Alert: Please check your internet connection
0	19:17:17.189	trend_dtrader GBPUSD,H1: Alert: Please check your internet connection
0	19:17:18.189	trend_dtrader GBPUSD,H1: Alert: Please check your internet connection
0	19:17:19.188	trend_dtrader GBPUSD,H1: Alert: Please check your internet connection
0	19:17:20.188	trend_dtrader GBPUSD,H1: Alert: Please check your internet connection
0	19:17:21.190	trend_dtrader GBPUSD,H1: Alert: Please check your internet connection
0	19:17:22.189	trend_dtrader GBPUSD,H1: Alert: Please check your internet connection
0	19:17:23.189	trend_dtrader GBPUSD,H1: Alert: Please check your internet connection
0	19:17:24.189	trend_dtrader GBPUSD,H1: Alert: Please check your internet connection
0	19:17:25.190	trend_dtrader GBPUSD,H1: Alert: Please check your internet connection
0	19:17:26.189	trend_dtrader GBPUSD,H1: Alert: Please check your internet connection
0	19:17:27.189	trend_dtrader GBPUSD,H1: Alert: Please check your internet connection
0	19:17:28.189	trend_dtrader GBPUSD,H1: Alert: Please check your internet connection
0	19:17:29.189	trend_dtrader GBPUSD,H1: Alert: Please check your internet connection
0	19:17:30.188	trend_dtrader GBPUSD,H1: Alert: Please check your internet connection
0	19:17:31.189	trend_dtrader GBPUSD,H1: Alert: Please check your internet connection
0	19:17:32.189	trend_dtrader GBPUSD,H1: Alert: Please check your internet connection
0	19:17:33.189	trend_dtrader GBPUSD,H1: Alert: Please check your internet connection
0	19:17:34.188	trend_dtrader GBPUSD,H1: Alert: Please check your internet connection
0	19:17:35.188	trend_dtrader GBPUSD,H1: Alert: Please check your internet connection
0	19:17:36.188	trend_dtrader GBPUSD,H1: Alert: Please check your internet connection
0	19:17:37.188	trend_dtrader GBPUSD,H1: Alert: Please check your internet connection
0	19:17:38.189	trend_dtrader GBPUSD,H1: Alert: Please check your internet connection
0	19:17:39.188	trend_dtrader GBPUSD,H1: Alert: Please check your internet connection
0	19:17:40.187	trend_dtrader GBPUSD,H1: Alert: Please check your internet connection
0	19:17:41.189	trend_dtrader GBPUSD,H1: Alert: Please check your internet connection
0	19:17:42.188	trend_dtrader GBPUSD,H1: Alert: Please check your internet connection
0	19:17:43.187	trend_dtrader GBPUSD,H1: Alert: Please check your internet connection
0	19:17:44.188	trend_dtrader GBPUSD,H1: Alert: Please check your internet connection
0	19:17:45.188	trend_dtrader GBPUSD,H1: Alert: Please check your internet connection
0	19:17:46.188	trend_dtrader GBPUSD,H1: Alert: Please check your internet connection
0	19:17:47.189	trend_dtrader GBPUSD,H1: Alert: Please check your internet connection
0	19:17:48.188	trend_dtrader GBPUSD,H1: Alert: Please check your internet connection
0	19:17:49.188	trend_dtrader GBPUSD,H1: Alert: Please check your internet connection
0	19:17:50.188	trend_dtrader GBPUSD,H1: Alert: Please check your internet connection
0	19:17:51.187	trend_dtrader GBPUSD,H1: Alert: Please check your internet connection
0	19:17:52.188	trend_dtrader GBPUSD,H1: Alert: Please check your internet connection
0	19:17:53.187	trend_dtrader GBPUSD,H1: Alert: Please check your internet connection
0	19:17:54.188	trend_dtrader GBPUSD,H1: Alert: Please check your internet connection
0	19:17:55.188	trend_dtrader GBPUSD,H1: Alert: Please check your internet connection
0	19:17:56.188	trend_dtrader GBPUSD,H1: Alert: Please check your internet connection
0	19:17:57.189	trend_dtrader GBPUSD,H1: Alert: Please check your internet connection
0	19:17:58.188	trend_dtrader GBPUSD,H1: Alert: Please check your internet connection
0	19:17:59.188	trend_dtrader GBPUSD,H1: Alert: Please check your internet connection
0	19:18:00.188	trend_dtrader GBPUSD,H1: Alert: Please check your internet connection
0	19:18:01.188	trend_dtrader GBPUSD,H1: Alert: Please check your internet connection
0	19:18:02.188	trend_dtrader GBPUSD,H1: Alert: Please check your internet connection
0	19:18:03.188	trend_dtrader GBPUSD,H1: Alert: Please check your internet connection
0	19:18:04.188	trend_dtrader GBPUSD,H1: Alert: Please check your internet connection
0	19:18:05.188	trend_dtrader GBPUSD,H1: Alert: Please check your internet connection
0	19:18:06.188	trend_dtrader GBPUSD,H1: Alert: Please check your internet connection
0	19:18:07.188	trend_dtrader GBPUSD,H1: Alert: Please check your internet connection
0	19:18:08.188	trend_dtrader GBPUSD,H1: Alert: Please check your internet connection
0	19:18:09.188	trend_dtrader GBPUSD,H1: Alert: Please check your internet connection
0	19:18:10.188	trend_dtrader GBPUSD,H1: Alert: Please check your internet connection
0	19:18:11.188	trend_dtrader GBPUSD,H1: Alert: Please check your internet connection
0	19:18:12.188	trend_dtrader GBPUSD,H1: Alert: Please check your internet connection
0	19:18:13.188	trend_dtrader GBPUSD,H1: Alert: Please check your internet connection
0	19:18:14.188	trend_dtrader GBPUSD,H1: Alert: Please check your internet connection
0	19:18:15.187	trend_dtrader GBPUSD,H1: Alert: Please check your internet connection
0	19:18:16.187	trend_dtrader GBPUSD,H1: Alert: Please check your internet connection
0	19:18:17.187	trend_dtrader GBPUSD,H1: Alert: Please check your internet connection
0	19:18:18.188	trend_dtrader GBPUSD,H1: Alert: Please check your internet connection
0	19:18:19.187	trend_dtrader GBPUSD,H1: Alert: Please check your internet connection
0	19:18:20.187	trend_dtrader GBPUSD,H1: Alert: Please check your internet connection
0	19:18:21.190	trend_dtrader GBPUSD,H1: Alert: Please check your internet connection
0	19:18:22.187	trend_dtrader GBPUSD,H1: Alert: Please check your internet connection
0	19:18:23.188	trend_dtrader GBPUSD,H1: Alert: Please check your internet connection
0	19:18:24.187	trend_dtrader GBPUSD,H1: Alert: Please check your internet connection
0	19:18:25.187	trend_dtrader GBPUSD,H1: Alert: Please check your internet connection
0	19:18:26.187	trend_dtrader GBPUSD,H1: Alert: Please check your internet connection
0	19:18:27.188	trend_dtrader GBPUSD,H1: Alert: Please check your internet connection
0	19:18:28.186	trend_dtrader GBPUSD,H1: Alert: Please check your internet connection
0	19:18:29.188	trend_dtrader GBPUSD,H1: Alert: Please check your internet connection
0	19:18:30.187	trend_dtrader GBPUSD,H1: Alert: Please check your internet connection
0	19:18:31.187	trend_dtrader GBPUSD,H1: Alert: Please check your internet connection
0	19:18:32.187	trend_dtrader GBPUSD,H1: Alert: Please check your internet connection
0	19:18:33.188	trend_dtrader GBPUSD,H1: Alert: Please check your internet connection
0	19:18:34.187	trend_dtrader GBPUSD,H1: Alert: Please check your internet connection
0	19:18:35.187	trend_dtrader GBPUSD,H1: Alert: Please check your internet connection
0	19:18:36.187	trend_dtrader GBPUSD,H1: Alert: Please check your internet connection
0	19:18:37.187	trend_dtrader GBPUSD,H1: Alert: Please check your internet connection
0	19:18:38.187	trend_dtrader GBPUSD,H1: Alert: Please check your internet connection
0	19:18:39.187	trend_dtrader GBPUSD,H1: Alert: Please check your internet connection
0	19:18:40.187	trend_dtrader GBPUSD,H1: Alert: Please check your internet connection
0	19:18:41.187	trend_dtrader GBPUSD,H1: Alert: Please check your internet connection
0	19:18:42.187	trend_dtrader GBPUSD,H1: Alert: Please check your internet connection
0	19:18:43.187	trend_dtrader GBPUSD,H1: Alert: Please check your internet connection
0	19:18:44.187	trend_dtrader GBPUSD,H1: Alert: Please check your internet connection
0	19:18:45.186	trend_dtrader GBPUSD,H1: Alert: Please check your internet connection
0	19:18:46.186	trend_dtrader GBPUSD,H1: Alert: Please check your internet connection
0	19:18:47.187	trend_dtrader GBPUSD,H1: Alert: Please check your internet connection
0	19:18:48.186	trend_dtrader GBPUSD,H1: Alert: Please check your internet connection
0	19:18:49.186	trend_dtrader GBPUSD,H1: Alert: Please check your internet connection
0	19:18:50.187	trend_dtrader GBPUSD,H1: Alert: Please check your internet connection
0	19:18:51.186	trend_dtrader GBPUSD,H1: Alert: Please check your internet connection
0	19:18:52.187	trend_dtrader GBPUSD,H1: Alert: Please check your internet connection
0	19:18:53.187	trend_dtrader GBPUSD,H1: Alert: Please check your internet connection
0	19:18:54.187	trend_dtrader GBPUSD,H1: Alert: Please check your internet connection
0	19:18:55.187	trend_dtrader GBPUSD,H1: Alert: Please check your internet connection
0	19:18:56.186	trend_dtrader GBPUSD,H1: Alert: Please check your internet connection
0	19:18:57.187	trend_dtrader GBPUSD,H1: Alert: Please check your internet connection
0	19:18:58.187	trend_dtrader GBPUSD,H1: Alert: Please check your internet connection
0	19:18:59.186	trend_dtrader GBPUSD,H1: Alert: Please check your internet connection
0	19:19:00.186	trend_dtrader GBPUSD,H1: Alert: Please check your internet connection
0	19:19:01.186	trend_dtrader GBPUSD,H1: Alert: Please check your internet connection
0	19:19:02.186	trend_dtrader GBPUSD,H1: Alert: Please check your internet connection
0	19:19:03.186	trend_dtrader GBPUSD,H1: Alert: Please check your internet connection
0	19:19:04.186	trend_dtrader GBPUSD,H1: Alert: Please check your internet connection
0	19:19:05.187	trend_dtrader GBPUSD,H1: Alert: Please check your internet connection
0	19:19:06.185	trend_dtrader GBPUSD,H1: Alert: Please check your internet connection
0	19:19:07.187	trend_dtrader GBPUSD,H1: Alert: Please check your internet connection
0	19:19:08.187	trend_dtrader GBPUSD,H1: Alert: Please check your internet connection
0	19:19:09.186	trend_dtrader GBPUSD,H1: Alert: Please check your internet connection
0	19:19:10.186	trend_dtrader GBPUSD,H1: Alert: Please check your internet connection
0	19:19:11.186	trend_dtrader GBPUSD,H1: Alert: Please check your internet connection
0	19:19:12.186	trend_dtrader GBPUSD,H1: Alert: Please check your internet connection
0	19:19:13.186	trend_dtrader GBPUSD,H1: Alert: Please check your internet connection
0	19:19:14.186	trend_dtrader GBPUSD,H1: Alert: Please check your internet connection
0	19:19:15.186	trend_dtrader GBPUSD,H1: Alert: Please check your internet connection
0	19:19:16.186	trend_dtrader GBPUSD,H1: Alert: Please check your internet connection
0	19:19:17.186	trend_dtrader GBPUSD,H1: Alert: Please check your internet connection
0	19:19:18.187	trend_dtrader GBPUSD,H1: Alert: Please check your internet connection
0	19:19:19.186	trend_dtrader GBPUSD,H1: Alert: Please check your internet connection
0	19:19:20.186	trend_dtrader GBPUSD,H1: Alert: Please check your internet connection
0	19:19:21.186	trend_dtrader GBPUSD,H1: Alert: Please check your internet connection
0	19:19:22.185	trend_dtrader GBPUSD,H1: Alert: Please check your internet connection
0	19:19:23.186	trend_dtrader GBPUSD,H1: Alert: Please check your internet connection
0	19:19:24.186	trend_dtrader GBPUSD,H1: Alert: Please check your internet connection
0	19:19:25.186	trend_dtrader GBPUSD,H1: Alert: Please check your internet connection
0	19:19:26.185	trend_dtrader GBPUSD,H1: Alert: Please check your internet connection
0	19:19:27.186	trend_dtrader GBPUSD,H1: Alert: Please check your internet connection
0	19:19:28.185	trend_dtrader GBPUSD,H1: Alert: Please check your internet connection
0	19:19:29.186	trend_dtrader GBPUSD,H1: Alert: Please check your internet connection
0	19:19:30.186	trend_dtrader GBPUSD,H1: Alert: Please check your internet connection
0	19:19:31.185	trend_dtrader GBPUSD,H1: Alert: Please check your internet connection
0	19:19:32.186	trend_dtrader GBPUSD,H1: Alert: Please check your internet connection
0	19:19:33.185	trend_dtrader GBPUSD,H1: Alert: Please check your internet connection
0	19:19:34.186	trend_dtrader GBPUSD,H1: Alert: Please check your internet connection
0	19:19:35.186	trend_dtrader GBPUSD,H1: Alert: Please check your internet connection
0	19:19:36.186	trend_dtrader GBPUSD,H1: Alert: Please check your internet connection
0	19:19:37.185	trend_dtrader GBPUSD,H1: Alert: Please check your internet connection
0	19:19:38.185	trend_dtrader GBPUSD,H1: Alert: Please check your internet connection
0	19:19:39.185	trend_dtrader GBPUSD,H1: Alert: Please check your internet connection
0	19:19:40.185	trend_dtrader GBPUSD,H1: Alert: Please check your internet connection
0	19:19:41.185	trend_dtrader GBPUSD,H1: Alert: Please check your internet connection
0	19:19:42.186	trend_dtrader GBPUSD,H1: Alert: Please check your internet connection
0	19:19:43.185	trend_dtrader GBPUSD,H1: Alert: Please check your internet connection
0	19:19:44.185	trend_dtrader GBPUSD,H1: Alert: Please check your internet connection
0	19:19:45.185	trend_dtrader GBPUSD,H1: Alert: Please check your internet connection
0	19:19:46.185	trend_dtrader GBPUSD,H1: Alert: Please check your internet connection
0	19:19:47.184	trend_dtrader GBPUSD,H1: Alert: Please check your internet connection
0	19:19:48.185	trend_dtrader GBPUSD,H1: Alert: Please check your internet connection
0	19:19:49.185	trend_dtrader GBPUSD,H1: Alert: Please check your internet connection
0	19:19:50.185	trend_dtrader GBPUSD,H1: Alert: Please check your internet connection
0	19:19:51.185	trend_dtrader GBPUSD,H1: Alert: Please check your internet connection
0	19:19:52.185	trend_dtrader GBPUSD,H1: Alert: Please check your internet connection
0	19:19:53.185	trend_dtrader GBPUSD,H1: Alert: Please check your internet connection
0	19:19:54.185	trend_dtrader GBPUSD,H1: Alert: Please check your internet connection
0	19:19:55.185	trend_dtrader GBPUSD,H1: Alert: Please check your internet connection
0	19:19:56.185	trend_dtrader GBPUSD,H1: Alert: Please check your internet connection
0	19:19:57.185	trend_dtrader GBPUSD,H1: Alert: Please check your internet connection
0	19:19:58.185	trend_dtrader GBPUSD,H1: Alert: Please check your internet connection
0	19:19:59.185	trend_dtrader GBPUSD,H1: Alert: Please check your internet connection
0	19:20:00.185	trend_dtrader GBPUSD,H1: Alert: Please check your internet connection
0	19:20:01.185	trend_dtrader GBPUSD,H1: Alert: Please check your internet connection
0	19:20:02.185	trend_dtrader GBPUSD,H1: Alert: Please check your internet connection
0	19:20:03.185	trend_dtrader GBPUSD,H1: Alert: Please check your internet connection
0	19:20:04.185	trend_dtrader GBPUSD,H1: Alert: Please check your internet connection
0	19:20:05.184	trend_dtrader GBPUSD,H1: Alert: Please check your internet connection
0	19:20:06.184	trend_dtrader GBPUSD,H1: Alert: Please check your internet connection
0	19:20:07.185	trend_dtrader GBPUSD,H1: Alert: Please check your internet connection
0	19:20:08.184	trend_dtrader GBPUSD,H1: Alert: Please check your internet connection
0	19:20:09.185	trend_dtrader GBPUSD,H1: Alert: Please check your internet connection
0	19:20:10.184	trend_dtrader GBPUSD,H1: Alert: Please check your internet connection
0	19:20:11.184	trend_dtrader GBPUSD,H1: Alert: Please check your internet connection
0	19:20:12.185	trend_dtrader GBPUSD,H1: Alert: Please check your internet connection
0	19:20:13.184	trend_dtrader GBPUSD,H1: Alert: Please check your internet connection
0	19:20:14.184	trend_dtrader GBPUSD,H1: Alert: Please check your internet connection
0	19:20:15.184	trend_dtrader GBPUSD,H1: Alert: Please check your internet connection
0	19:20:16.185	trend_dtrader GBPUSD,H1: Alert: Please check your internet connection
0	19:20:17.185	trend_dtrader GBPUSD,H1: Alert: Please check your internet connection
0	19:20:18.185	trend_dtrader GBPUSD,H1: Alert: Please check your internet connection
0	19:20:19.184	trend_dtrader GBPUSD,H1: Alert: Please check your internet connection
0	19:20:20.184	trend_dtrader GBPUSD,H1: Alert: Please check your internet connection
0	19:20:21.184	trend_dtrader GBPUSD,H1: Alert: Please check your internet connection
0	19:20:22.183	trend_dtrader GBPUSD,H1: Alert: Please check your internet connection
0	19:20:23.184	trend_dtrader GBPUSD,H1: Alert: Please check your internet connection
0	19:20:24.185	trend_dtrader GBPUSD,H1: Alert: Please check your internet connection
0	19:20:25.184	trend_dtrader GBPUSD,H1: Alert: Please check your internet connection
0	19:20:26.185	trend_dtrader GBPUSD,H1: Alert: Please check your internet connection
0	19:20:27.185	trend_dtrader GBPUSD,H1: Alert: Please check your internet connection
0	19:20:28.184	trend_dtrader GBPUSD,H1: Alert: Please check your internet connection
0	19:20:29.184	trend_dtrader GBPUSD,H1: Alert: Please check your internet connection
0	19:20:30.184	trend_dtrader GBPUSD,H1: Alert: Please check your internet connection
0	19:20:31.184	trend_dtrader GBPUSD,H1: Alert: Please check your internet connection
0	19:20:32.185	trend_dtrader GBPUSD,H1: Alert: Please check your internet connection
0	19:20:33.185	trend_dtrader GBPUSD,H1: Alert: Please check your internet connection
0	19:20:34.184	trend_dtrader GBPUSD,H1: Alert: Please check your internet connection
0	19:20:35.183	trend_dtrader GBPUSD,H1: Alert: Please check your internet connection
0	19:20:36.184	trend_dtrader GBPUSD,H1: Alert: Please check your internet connection
0	19:20:37.184	trend_dtrader GBPUSD,H1: Alert: Please check your internet connection
0	19:20:38.184	trend_dtrader GBPUSD,H1: Alert: Please check your internet connection
0	19:20:39.184	trend_dtrader GBPUSD,H1: Alert: Please check your internet connection
0	19:20:40.184	trend_dtrader GBPUSD,H1: Alert: Please check your internet connection
0	19:20:41.184	trend_dtrader GBPUSD,H1: Alert: Please check your internet connection
0	19:20:42.183	trend_dtrader GBPUSD,H1: Alert: Please check your internet connection
0	19:20:43.184	trend_dtrader GBPUSD,H1: Alert: Please check your internet connection
0	19:20:44.184	trend_dtrader GBPUSD,H1: Alert: Please check your internet connection
0	19:20:45.183	trend_dtrader GBPUSD,H1: Alert: Please check your internet connection
0	19:20:46.183	trend_dtrader GBPUSD,H1: Alert: Please check your internet connection
0	19:20:47.184	trend_dtrader GBPUSD,H1: Alert: Please check your internet connection
0	19:20:48.184	trend_dtrader GBPUSD,H1: Alert: Please check your internet connection
0	19:20:49.183	trend_dtrader GBPUSD,H1: Alert: Please check your internet connection
0	19:20:50.183	trend_dtrader GBPUSD,H1: Alert: Please check your internet connection
0	19:20:51.183	trend_dtrader GBPUSD,H1: Alert: Please check your internet connection
0	19:20:52.183	trend_dtrader GBPUSD,H1: Alert: Please check your internet connection
0	19:20:53.184	trend_dtrader GBPUSD,H1: Alert: Please check your internet connection
0	19:20:54.183	trend_dtrader GBPUSD,H1: Alert: Please check your internet connection
0	19:20:55.182	trend_dtrader GBPUSD,H1: Alert: Please check your internet connection
0	19:20:56.183	trend_dtrader GBPUSD,H1: Alert: Please check your internet connection
0	19:20:57.184	trend_dtrader GBPUSD,H1: Alert: Please check your internet connection
0	19:20:58.182	trend_dtrader GBPUSD,H1: Alert: Please check your internet connection
0	19:20:58.318	trend_dtrader GBPUSD,H1: uninit reason 2
0	19:20:58.318	trend_dtrader GBPUSD,H1: Alert: 2
0	19:20:58.323	Expert trend_dtrader GBPUSD,H1: removed
0	19:20:58.377	Expert trend_dtrader GBPUSD,H1: loaded successfully
0	19:20:58.416	trend_dtrader GBPUSD,H1: AAVEUSD
0	19:20:58.416	trend_dtrader GBPUSD,H1: ADAUSD
0	19:20:58.416	trend_dtrader GBPUSD,H1: ALGOUSD
0	19:20:58.416	trend_dtrader GBPUSD,H1: APTUSD
0	19:20:58.416	trend_dtrader GBPUSD,H1: ARBUSD
0	19:20:58.416	trend_dtrader GBPUSD,H1: ATOMUSD
0	19:20:58.416	trend_dtrader GBPUSD,H1: AUDUSD
0	19:20:58.416	trend_dtrader GBPUSD,H1: AVAXUSD
0	19:20:58.416	trend_dtrader GBPUSD,H1: AXSUSD
0	19:20:58.416	trend_dtrader GBPUSD,H1: BCHUSD
0	19:20:58.416	trend_dtrader GBPUSD,H1: BNBUSD
0	19:20:58.416	trend_dtrader GBPUSD,H1: BTCUSD
0	19:20:58.416	trend_dtrader GBPUSD,H1: DASHUSD
0	19:20:58.416	trend_dtrader GBPUSD,H1: DOGEUSD
0	19:20:58.416	trend_dtrader GBPUSD,H1: DOTUSD
0	19:20:58.416	trend_dtrader GBPUSD,H1: ETCUSD
0	19:20:58.416	trend_dtrader GBPUSD,H1: ETHUSD
0	19:20:58.416	trend_dtrader GBPUSD,H1: EURUSD
0	19:20:58.416	trend_dtrader GBPUSD,H1: FETUSD
0	19:20:58.416	trend_dtrader GBPUSD,H1: FILUSD
0	19:20:58.416	trend_dtrader GBPUSD,H1: FTMUSD
0	19:20:58.416	trend_dtrader GBPUSD,H1: GBPUSD
0	19:20:58.417	trend_dtrader GBPUSD,H1: GRTUSD
0	19:20:58.417	trend_dtrader GBPUSD,H1: ICPUSD
0	19:20:58.417	trend_dtrader GBPUSD,H1: IOTAUSD
0	19:20:58.417	trend_dtrader GBPUSD,H1: LINKUSD
0	19:20:58.417	trend_dtrader GBPUSD,H1: LRCUSD
0	19:20:58.417	trend_dtrader GBPUSD,H1: LTCUSD
0	19:20:58.417	trend_dtrader GBPUSD,H1: MANAUSD
0	19:20:58.417	trend_dtrader GBPUSD,H1: MATICUSD
0	19:20:58.417	trend_dtrader GBPUSD,H1: NEARUSD
0	19:20:58.417	trend_dtrader GBPUSD,H1: NZDUSD
0	19:20:58.417	trend_dtrader GBPUSD,H1: SOLUSD
0	19:20:58.417	trend_dtrader GBPUSD,H1: SUIUSD
0	19:20:58.417	trend_dtrader GBPUSD,H1: TRXUSD
0	19:20:58.417	trend_dtrader GBPUSD,H1: UNIUSD
0	19:20:58.417	trend_dtrader GBPUSD,H1: USDCAD
0	19:20:58.417	trend_dtrader GBPUSD,H1: USDCHF
0	19:20:58.417	trend_dtrader GBPUSD,H1: USDJPY
0	19:20:58.417	trend_dtrader GBPUSD,H1: USDMXN
0	19:20:58.417	trend_dtrader GBPUSD,H1: USDZAR
0	19:20:58.417	trend_dtrader GBPUSD,H1: XAGUSD
0	19:20:58.417	trend_dtrader GBPUSD,H1: XAUUSD
0	19:20:58.417	trend_dtrader GBPUSD,H1: XBRUSD
0	19:20:58.417	trend_dtrader GBPUSD,H1: XNGUSD
0	19:20:58.417	trend_dtrader GBPUSD,H1: XRPUSD
0	19:20:58.417	trend_dtrader GBPUSD,H1: XTIUSD
0	19:20:58.417	trend_dtrader GBPUSD,H1: ZECUSD
0	19:20:58.417	trend_dtrader GBPUSD,H1: 48
0	19:20:58.417	trend_dtrader GBPUSD,H1: initialized
0	19:20:59.448	trend_dtrader GBPUSD,H1: Alert: Please check your internet connection
0	19:21:00.417	trend_dtrader GBPUSD,H1: Alert: Please check your internet connection
0	19:21:01.417	trend_dtrader GBPUSD,H1: Alert: Please check your internet connection
0	19:21:02.417	trend_dtrader GBPUSD,H1: Alert: Please check your internet connection
0	19:21:03.417	trend_dtrader GBPUSD,H1: Alert: Please check your internet connection
0	19:21:04.417	trend_dtrader GBPUSD,H1: Alert: Please check your internet connection
0	19:21:05.417	trend_dtrader GBPUSD,H1: Alert: Please check your internet connection
0	19:21:06.417	trend_dtrader GBPUSD,H1: Alert: Please check your internet connection
0	19:21:07.418	trend_dtrader GBPUSD,H1: Alert: Please check your internet connection
0	19:21:08.416	trend_dtrader GBPUSD,H1: Alert: Please check your internet connection
0	19:21:09.417	trend_dtrader GBPUSD,H1: Alert: Please check your internet connection
0	19:21:10.416	trend_dtrader GBPUSD,H1: Alert: Please check your internet connection
0	19:21:11.417	trend_dtrader GBPUSD,H1: Alert: Please check your internet connection
0	19:21:12.416	trend_dtrader GBPUSD,H1: Alert: Please check your internet connection
0	19:21:13.417	trend_dtrader GBPUSD,H1: Alert: Please check your internet connection
0	19:21:14.416	trend_dtrader GBPUSD,H1: Alert: Please check your internet connection
0	19:21:15.417	trend_dtrader GBPUSD,H1: Alert: Please check your internet connection
0	19:21:16.416	trend_dtrader GBPUSD,H1: Alert: Please check your internet connection
0	19:21:17.417	trend_dtrader GBPUSD,H1: Alert: Please check your internet connection
0	19:21:18.417	trend_dtrader GBPUSD,H1: Alert: Please check your internet connection
0	19:21:19.417	trend_dtrader GBPUSD,H1: Alert: Please check your internet connection
0	19:21:20.417	trend_dtrader GBPUSD,H1: Alert: Please check your internet connection
0	19:21:21.416	trend_dtrader GBPUSD,H1: Alert: Please check your internet connection
0	19:21:22.416	trend_dtrader GBPUSD,H1: Alert: Please check your internet connection
0	19:21:23.416	trend_dtrader GBPUSD,H1: Alert: Please check your internet connection
0	19:21:24.416	trend_dtrader GBPUSD,H1: Alert: Please check your internet connection
0	19:21:25.417	trend_dtrader GBPUSD,H1: Alert: Please check your internet connection
0	19:21:26.416	trend_dtrader GBPUSD,H1: Alert: Please check your internet connection
0	19:21:27.417	trend_dtrader GBPUSD,H1: Alert: Please check your internet connection
0	19:21:28.417	trend_dtrader GBPUSD,H1: Alert: Please check your internet connection
0	19:21:29.416	trend_dtrader GBPUSD,H1: Alert: Please check your internet connection
0	19:21:30.417	trend_dtrader GBPUSD,H1: Alert: Please check your internet connection
0	19:21:31.416	trend_dtrader GBPUSD,H1: Alert: Please check your internet connection
0	19:21:32.416	trend_dtrader GBPUSD,H1: Alert: Please check your internet connection
0	19:21:33.416	trend_dtrader GBPUSD,H1: Alert: Please check your internet connection
0	19:21:34.417	trend_dtrader GBPUSD,H1: Alert: Please check your internet connection
0	19:21:35.416	trend_dtrader GBPUSD,H1: Alert: Please check your internet connection
0	19:21:36.416	trend_dtrader GBPUSD,H1: Alert: Please check your internet connection
0	19:21:37.416	trend_dtrader GBPUSD,H1: Alert: Please check your internet connection
0	19:21:38.416	trend_dtrader GBPUSD,H1: Alert: Please check your internet connection
0	19:21:39.416	trend_dtrader GBPUSD,H1: Alert: Please check your internet connection
0	19:21:40.416	trend_dtrader GBPUSD,H1: Alert: Please check your internet connection
0	19:21:41.417	trend_dtrader GBPUSD,H1: Alert: Please check your internet connection
0	19:21:42.416	trend_dtrader GBPUSD,H1: Alert: Please check your internet connection
0	19:21:43.416	trend_dtrader GBPUSD,H1: Alert: Please check your internet connection
0	19:21:44.417	trend_dtrader GBPUSD,H1: Alert: Please check your internet connection
0	19:21:45.416	trend_dtrader GBPUSD,H1: Alert: Please check your internet connection
0	19:21:46.417	trend_dtrader GBPUSD,H1: Alert: Please check your internet connection
0	19:21:47.416	trend_dtrader GBPUSD,H1: Alert: Please check your internet connection
0	19:21:48.415	trend_dtrader GBPUSD,H1: Alert: Please check your internet connection
0	19:21:49.416	trend_dtrader GBPUSD,H1: Alert: Please check your internet connection
0	19:21:50.416	trend_dtrader GBPUSD,H1: Alert: Please check your internet connection
0	19:21:51.416	trend_dtrader GBPUSD,H1: Alert: Please check your internet connection
0	19:21:52.416	trend_dtrader GBPUSD,H1: Alert: Please check your internet connection
0	19:21:53.416	trend_dtrader GBPUSD,H1: Alert: Please check your internet connection
0	19:21:54.415	trend_dtrader GBPUSD,H1: Alert: Please check your internet connection
0	19:21:55.416	trend_dtrader GBPUSD,H1: Alert: Please check your internet connection
0	19:21:56.415	trend_dtrader GBPUSD,H1: Alert: Please check your internet connection
0	19:21:57.415	trend_dtrader GBPUSD,H1: Alert: Please check your internet connection
0	19:21:58.415	trend_dtrader GBPUSD,H1: Alert: Please check your internet connection
0	19:21:59.416	trend_dtrader GBPUSD,H1: Alert: Please check your internet connection
0	19:22:00.415	trend_dtrader GBPUSD,H1: Alert: Please check your internet connection
0	19:22:01.415	trend_dtrader GBPUSD,H1: Alert: Please check your internet connection
0	19:22:02.415	trend_dtrader GBPUSD,H1: Alert: Please check your internet connection
0	19:22:03.416	trend_dtrader GBPUSD,H1: Alert: Please check your internet connection
0	19:22:04.415	trend_dtrader GBPUSD,H1: Alert: Please check your internet connection
0	19:22:05.416	trend_dtrader GBPUSD,H1: Alert: Please check your internet connection
0	19:22:06.415	trend_dtrader GBPUSD,H1: Alert: Please check your internet connection
0	19:22:07.416	trend_dtrader GBPUSD,H1: Alert: Please check your internet connection
0	19:22:08.415	trend_dtrader GBPUSD,H1: Alert: Please check your internet connection
0	19:22:09.416	trend_dtrader GBPUSD,H1: Alert: Please check your internet connection
0	19:22:10.415	trend_dtrader GBPUSD,H1: Alert: Please check your internet connection
0	19:22:11.415	trend_dtrader GBPUSD,H1: Alert: Please check your internet connection
0	19:22:12.415	trend_dtrader GBPUSD,H1: Alert: Please check your internet connection
0	19:22:13.416	trend_dtrader GBPUSD,H1: Alert: Please check your internet connection
0	19:22:14.415	trend_dtrader GBPUSD,H1: Alert: Please check your internet connection
0	19:22:15.415	trend_dtrader GBPUSD,H1: Alert: Please check your internet connection
0	19:22:16.415	trend_dtrader GBPUSD,H1: Alert: Please check your internet connection
0	19:22:17.415	trend_dtrader GBPUSD,H1: Alert: Please check your internet connection
0	19:22:18.415	trend_dtrader GBPUSD,H1: Alert: Please check your internet connection
0	19:22:19.415	trend_dtrader GBPUSD,H1: Alert: Please check your internet connection
0	19:22:20.416	trend_dtrader GBPUSD,H1: Alert: Please check your internet connection
0	19:22:21.416	trend_dtrader GBPUSD,H1: Alert: Please check your internet connection
0	19:22:22.416	trend_dtrader GBPUSD,H1: Alert: Please check your internet connection
0	19:22:23.416	trend_dtrader GBPUSD,H1: Alert: Please check your internet connection
0	19:22:24.415	trend_dtrader GBPUSD,H1: Alert: Please check your internet connection
0	19:22:25.415	trend_dtrader GBPUSD,H1: Alert: Please check your internet connection
0	19:22:26.414	trend_dtrader GBPUSD,H1: Alert: Please check your internet connection
0	19:22:27.415	trend_dtrader GBPUSD,H1: Alert: Please check your internet connection
0	19:22:28.415	trend_dtrader GBPUSD,H1: Alert: Please check your internet connection
0	19:22:29.416	trend_dtrader GBPUSD,H1: Alert: Please check your internet connection
0	19:22:30.414	trend_dtrader GBPUSD,H1: Alert: Please check your internet connection
0	19:22:31.415	trend_dtrader GBPUSD,H1: Alert: Please check your internet connection
0	19:22:32.414	trend_dtrader GBPUSD,H1: Alert: Please check your internet connection
0	19:22:33.414	trend_dtrader GBPUSD,H1: Alert: Please check your internet connection
0	19:22:34.414	trend_dtrader GBPUSD,H1: Alert: Please check your internet connection
0	19:22:35.414	trend_dtrader GBPUSD,H1: Alert: Please check your internet connection
0	19:22:36.415	trend_dtrader GBPUSD,H1: Alert: Please check your internet connection
0	19:22:37.414	trend_dtrader GBPUSD,H1: Alert: Please check your internet connection
0	19:22:38.414	trend_dtrader GBPUSD,H1: Alert: Please check your internet connection
0	19:22:39.414	trend_dtrader GBPUSD,H1: Alert: Please check your internet connection
0	19:22:40.415	trend_dtrader GBPUSD,H1: Alert: Please check your internet connection
0	19:22:41.415	trend_dtrader GBPUSD,H1: Alert: Please check your internet connection
0	19:22:42.415	trend_dtrader GBPUSD,H1: Alert: Please check your internet connection
0	19:22:43.415	trend_dtrader GBPUSD,H1: Alert: Please check your internet connection
0	19:22:44.415	trend_dtrader GBPUSD,H1: Alert: Please check your internet connection
0	19:22:45.415	trend_dtrader GBPUSD,H1: Alert: Please check your internet connection
0	19:22:46.414	trend_dtrader GBPUSD,H1: Alert: Please check your internet connection
0	19:22:47.415	trend_dtrader GBPUSD,H1: Alert: Please check your internet connection
0	19:22:48.415	trend_dtrader GBPUSD,H1: Alert: Please check your internet connection
0	19:22:49.414	trend_dtrader GBPUSD,H1: Alert: Please check your internet connection
0	19:22:50.414	trend_dtrader GBPUSD,H1: Alert: Please check your internet connection
0	19:22:51.414	trend_dtrader GBPUSD,H1: Alert: Please check your internet connection
0	19:22:52.414	trend_dtrader GBPUSD,H1: Alert: Please check your internet connection
0	19:22:53.414	trend_dtrader GBPUSD,H1: Alert: Please check your internet connection
0	19:22:54.415	trend_dtrader GBPUSD,H1: Alert: Please check your internet connection
0	19:22:55.414	trend_dtrader GBPUSD,H1: Alert: Please check your internet connection
0	19:22:56.414	trend_dtrader GBPUSD,H1: Alert: Please check your internet connection
0	19:22:57.415	trend_dtrader GBPUSD,H1: Alert: Please check your internet connection
0	19:22:58.414	trend_dtrader GBPUSD,H1: Alert: Please check your internet connection
0	19:22:59.414	trend_dtrader GBPUSD,H1: Alert: Please check your internet connection
0	19:23:00.415	trend_dtrader GBPUSD,H1: Alert: Please check your internet connection
0	19:23:01.414	trend_dtrader GBPUSD,H1: Alert: Please check your internet connection
0	19:23:02.414	trend_dtrader GBPUSD,H1: Alert: Please check your internet connection
0	19:23:03.414	trend_dtrader GBPUSD,H1: Alert: Please check your internet connection
0	19:23:04.413	trend_dtrader GBPUSD,H1: Alert: Please check your internet connection
0	19:23:05.414	trend_dtrader GBPUSD,H1: Alert: Please check your internet connection
0	19:23:06.414	trend_dtrader GBPUSD,H1: Alert: Please check your internet connection
0	19:23:07.415	trend_dtrader GBPUSD,H1: Alert: Please check your internet connection
0	19:23:08.413	trend_dtrader GBPUSD,H1: Alert: Please check your internet connection
0	19:23:09.424	trend_dtrader GBPUSD,H1: Alert: Please check your internet connection
0	19:23:10.413	trend_dtrader GBPUSD,H1: Alert: Please check your internet connection
0	19:23:11.413	trend_dtrader GBPUSD,H1: Alert: Please check your internet connection
0	19:23:12.414	trend_dtrader GBPUSD,H1: Alert: Please check your internet connection
0	19:23:13.413	trend_dtrader GBPUSD,H1: Alert: Please check your internet connection
0	19:23:14.413	trend_dtrader GBPUSD,H1: Alert: Please check your internet connection
0	19:23:15.413	trend_dtrader GBPUSD,H1: Alert: Please check your internet connection
0	19:23:16.413	trend_dtrader GBPUSD,H1: Alert: Please check your internet connection
0	19:23:17.414	trend_dtrader GBPUSD,H1: Alert: Please check your internet connection
0	19:23:18.414	trend_dtrader GBPUSD,H1: Alert: Please check your internet connection
0	19:23:19.414	trend_dtrader GBPUSD,H1: Alert: Please check your internet connection
0	19:23:20.413	trend_dtrader GBPUSD,H1: Alert: Please check your internet connection
0	19:23:21.413	trend_dtrader GBPUSD,H1: Alert: Please check your internet connection
0	19:23:22.413	trend_dtrader GBPUSD,H1: Alert: Please check your internet connection
0	19:23:23.413	trend_dtrader GBPUSD,H1: Alert: Please check your internet connection
0	19:23:24.413	trend_dtrader GBPUSD,H1: Alert: Please check your internet connection
0	19:23:25.413	trend_dtrader GBPUSD,H1: Alert: Please check your internet connection
0	19:23:26.413	trend_dtrader GBPUSD,H1: Alert: Please check your internet connection
0	19:23:27.414	trend_dtrader GBPUSD,H1: Alert: Please check your internet connection
0	19:23:28.413	trend_dtrader GBPUSD,H1: Alert: Please check your internet connection
0	19:23:29.414	trend_dtrader GBPUSD,H1: Alert: Please check your internet connection
0	19:23:30.414	trend_dtrader GBPUSD,H1: Alert: Please check your internet connection
0	19:23:31.414	trend_dtrader GBPUSD,H1: Alert: Please check your internet connection
0	19:23:32.414	trend_dtrader GBPUSD,H1: Alert: Please check your internet connection
0	19:23:33.413	trend_dtrader GBPUSD,H1: Alert: Please check your internet connection
0	19:23:34.413	trend_dtrader GBPUSD,H1: Alert: Please check your internet connection
0	19:23:35.413	trend_dtrader GBPUSD,H1: Alert: Please check your internet connection
0	19:23:36.414	trend_dtrader GBPUSD,H1: Alert: Please check your internet connection
0	19:23:37.414	trend_dtrader GBPUSD,H1: Alert: Please check your internet connection
0	19:23:38.413	trend_dtrader GBPUSD,H1: Alert: Please check your internet connection
0	19:23:39.414	trend_dtrader GBPUSD,H1: Alert: Please check your internet connection
0	19:23:40.413	trend_dtrader GBPUSD,H1: Alert: Please check your internet connection
0	19:23:41.414	trend_dtrader GBPUSD,H1: Alert: Please check your internet connection
0	19:23:42.413	trend_dtrader GBPUSD,H1: Alert: Please check your internet connection
0	19:23:43.414	trend_dtrader GBPUSD,H1: Alert: Please check your internet connection
0	19:23:44.413	trend_dtrader GBPUSD,H1: Alert: Please check your internet connection
0	19:23:45.414	trend_dtrader GBPUSD,H1: Alert: Please check your internet connection
0	19:23:46.413	trend_dtrader GBPUSD,H1: Alert: Please check your internet connection
0	19:23:47.413	trend_dtrader GBPUSD,H1: Alert: Please check your internet connection
0	19:23:48.412	trend_dtrader GBPUSD,H1: Alert: Please check your internet connection
0	19:23:49.414	trend_dtrader GBPUSD,H1: Alert: Please check your internet connection
0	19:23:50.413	trend_dtrader GBPUSD,H1: Alert: Please check your internet connection
0	19:23:51.412	trend_dtrader GBPUSD,H1: Alert: Please check your internet connection
0	19:23:52.413	trend_dtrader GBPUSD,H1: Alert: Please check your internet connection
0	19:23:53.413	trend_dtrader GBPUSD,H1: Alert: Please check your internet connection
0	19:23:54.412	trend_dtrader GBPUSD,H1: Alert: Please check your internet connection
0	19:23:55.412	trend_dtrader GBPUSD,H1: Alert: Please check your internet connection
0	19:23:56.413	trend_dtrader GBPUSD,H1: Alert: Please check your internet connection
0	19:23:57.413	trend_dtrader GBPUSD,H1: Alert: Please check your internet connection
0	19:23:58.413	trend_dtrader GBPUSD,H1: Alert: Please check your internet connection
0	19:23:59.413	trend_dtrader GBPUSD,H1: Alert: Please check your internet connection
0	19:24:00.412	trend_dtrader GBPUSD,H1: Alert: Please check your internet connection
0	19:24:01.413	trend_dtrader GBPUSD,H1: Alert: Please check your internet connection
0	19:24:02.413	trend_dtrader GBPUSD,H1: Alert: Please check your internet connection
0	19:24:03.412	trend_dtrader GBPUSD,H1: Alert: Please check your internet connection
0	19:24:04.412	trend_dtrader GBPUSD,H1: Alert: Please check your internet connection
0	19:24:05.413	trend_dtrader GBPUSD,H1: Alert: Please check your internet connection
0	19:24:06.412	trend_dtrader GBPUSD,H1: Alert: Please check your internet connection
0	19:24:07.412	trend_dtrader GBPUSD,H1: Alert: Please check your internet connection
0	19:24:08.412	trend_dtrader GBPUSD,H1: Alert: Please check your internet connection
0	19:24:09.412	trend_dtrader GBPUSD,H1: Alert: Please check your internet connection
0	19:24:10.412	trend_dtrader GBPUSD,H1: Alert: Please check your internet connection
0	19:24:11.412	trend_dtrader GBPUSD,H1: Alert: Please check your internet connection
0	19:24:12.412	trend_dtrader GBPUSD,H1: Alert: Please check your internet connection
0	19:24:13.412	trend_dtrader GBPUSD,H1: Alert: Please check your internet connection
0	19:24:14.413	trend_dtrader GBPUSD,H1: Alert: Please check your internet connection
0	19:24:15.413	trend_dtrader GBPUSD,H1: Alert: Please check your internet connection
0	19:24:16.413	trend_dtrader GBPUSD,H1: Alert: Please check your internet connection
0	19:24:17.412	trend_dtrader GBPUSD,H1: Alert: Please check your internet connection
0	19:24:18.412	trend_dtrader GBPUSD,H1: Alert: Please check your internet connection
0	19:24:19.412	trend_dtrader GBPUSD,H1: Alert: Please check your internet connection
0	19:24:20.412	trend_dtrader GBPUSD,H1: Alert: Please check your internet connection
0	19:24:21.413	trend_dtrader GBPUSD,H1: Alert: Please check your internet connection
0	19:24:22.412	trend_dtrader GBPUSD,H1: Alert: Please check your internet connection
0	19:24:23.412	trend_dtrader GBPUSD,H1: Alert: Please check your internet connection
0	19:24:24.412	trend_dtrader GBPUSD,H1: Alert: Please check your internet connection
0	19:24:25.412	trend_dtrader GBPUSD,H1: Alert: Please check your internet connection
0	19:24:26.413	trend_dtrader GBPUSD,H1: Alert: Please check your internet connection
0	19:24:27.412	trend_dtrader GBPUSD,H1: Alert: Please check your internet connection
0	19:24:28.411	trend_dtrader GBPUSD,H1: Alert: Please check your internet connection
0	19:24:29.412	trend_dtrader GBPUSD,H1: Alert: Please check your internet connection
0	19:24:30.412	trend_dtrader GBPUSD,H1: Alert: Please check your internet connection
0	19:24:31.412	trend_dtrader GBPUSD,H1: Alert: Please check your internet connection
0	19:24:32.411	trend_dtrader GBPUSD,H1: Alert: Please check your internet connection
0	19:24:33.411	trend_dtrader GBPUSD,H1: Alert: Please check your internet connection
0	19:24:34.412	trend_dtrader GBPUSD,H1: Alert: Please check your internet connection
0	19:24:35.411	trend_dtrader GBPUSD,H1: Alert: Please check your internet connection
0	19:24:36.411	trend_dtrader GBPUSD,H1: Alert: Please check your internet connection
0	19:24:37.412	trend_dtrader GBPUSD,H1: Alert: Please check your internet connection
0	19:24:38.411	trend_dtrader GBPUSD,H1: Alert: Please check your internet connection
0	19:24:39.411	trend_dtrader GBPUSD,H1: Alert: Please check your internet connection
0	19:24:40.411	trend_dtrader GBPUSD,H1: Alert: Please check your internet connection
0	19:24:41.411	trend_dtrader GBPUSD,H1: Alert: Please check your internet connection
0	19:24:42.412	trend_dtrader GBPUSD,H1: Alert: Please check your internet connection
0	19:24:43.412	trend_dtrader GBPUSD,H1: Alert: Please check your internet connection
0	19:24:44.411	trend_dtrader GBPUSD,H1: Alert: Please check your internet connection
0	19:24:45.412	trend_dtrader GBPUSD,H1: Alert: Please check your internet connection
0	19:24:46.411	trend_dtrader GBPUSD,H1: Alert: Please check your internet connection
0	19:24:47.412	trend_dtrader GBPUSD,H1: Alert: Please check your internet connection
0	19:24:48.411	trend_dtrader GBPUSD,H1: Alert: Please check your internet connection
0	19:24:49.411	trend_dtrader GBPUSD,H1: Alert: Please check your internet connection
0	19:24:50.411	trend_dtrader GBPUSD,H1: Alert: Please check your internet connection
0	19:24:51.411	trend_dtrader GBPUSD,H1: Alert: Please check your internet connection
0	19:24:52.411	trend_dtrader GBPUSD,H1: Alert: Please check your internet connection
0	19:24:53.411	trend_dtrader GBPUSD,H1: Alert: Please check your internet connection
0	19:24:54.411	trend_dtrader GBPUSD,H1: Alert: Please check your internet connection
0	19:24:55.411	trend_dtrader GBPUSD,H1: Alert: Please check your internet connection
0	19:24:56.411	trend_dtrader GBPUSD,H1: Alert: Please check your internet connection
0	19:24:57.411	trend_dtrader GBPUSD,H1: Alert: Please check your internet connection
0	19:24:58.412	trend_dtrader GBPUSD,H1: Alert: Please check your internet connection
0	19:24:59.411	trend_dtrader GBPUSD,H1: Alert: Please check your internet connection
0	19:25:00.411	trend_dtrader GBPUSD,H1: Alert: Please check your internet connection
0	19:25:01.411	trend_dtrader GBPUSD,H1: Alert: Please check your internet connection
0	19:25:02.411	trend_dtrader GBPUSD,H1: Alert: Please check your internet connection
0	19:25:03.411	trend_dtrader GBPUSD,H1: Alert: Please check your internet connection
0	19:25:04.411	trend_dtrader GBPUSD,H1: Alert: Please check your internet connection
0	19:25:05.410	trend_dtrader GBPUSD,H1: Alert: Please check your internet connection
0	19:25:06.411	trend_dtrader GBPUSD,H1: Alert: Please check your internet connection
0	19:25:07.410	trend_dtrader GBPUSD,H1: Alert: Please check your internet connection
0	19:25:08.411	trend_dtrader GBPUSD,H1: Alert: Please check your internet connection
0	19:25:09.411	trend_dtrader GBPUSD,H1: Alert: Please check your internet connection
0	19:25:10.411	trend_dtrader GBPUSD,H1: Alert: Please check your internet connection
0	19:25:11.411	trend_dtrader GBPUSD,H1: Alert: Please check your internet connection
0	19:25:12.410	trend_dtrader GBPUSD,H1: Alert: Please check your internet connection
0	19:25:13.411	trend_dtrader GBPUSD,H1: Alert: Please check your internet connection
0	19:25:14.410	trend_dtrader GBPUSD,H1: Alert: Please check your internet connection
0	19:25:15.410	trend_dtrader GBPUSD,H1: Alert: Please check your internet connection
0	19:25:16.410	trend_dtrader GBPUSD,H1: Alert: Please check your internet connection
0	19:25:17.410	trend_dtrader GBPUSD,H1: Alert: Please check your internet connection
0	19:25:18.411	trend_dtrader GBPUSD,H1: Alert: Please check your internet connection
0	19:25:19.410	trend_dtrader GBPUSD,H1: Alert: Please check your internet connection
0	19:25:20.411	trend_dtrader GBPUSD,H1: Alert: Please check your internet connection
0	19:25:21.410	trend_dtrader GBPUSD,H1: Alert: Please check your internet connection
0	19:25:22.410	trend_dtrader GBPUSD,H1: Alert: Please check your internet connection
0	19:25:23.410	trend_dtrader GBPUSD,H1: Alert: Please check your internet connection
0	19:25:24.410	trend_dtrader GBPUSD,H1: Alert: Please check your internet connection
0	19:25:25.410	trend_dtrader GBPUSD,H1: Alert: Please check your internet connection
0	19:25:26.411	trend_dtrader GBPUSD,H1: Alert: Please check your internet connection
0	19:25:27.411	trend_dtrader GBPUSD,H1: Alert: Please check your internet connection
0	19:25:28.410	trend_dtrader GBPUSD,H1: Alert: Please check your internet connection
0	19:25:29.411	trend_dtrader GBPUSD,H1: Alert: Please check your internet connection
0	19:25:30.410	trend_dtrader GBPUSD,H1: Alert: Please check your internet connection
0	19:25:31.410	trend_dtrader GBPUSD,H1: Alert: Please check your internet connection
0	19:25:32.410	trend_dtrader GBPUSD,H1: Alert: Please check your internet connection
0	19:25:33.410	trend_dtrader GBPUSD,H1: Alert: Please check your internet connection
0	19:25:34.410	trend_dtrader GBPUSD,H1: Alert: Please check your internet connection
0	19:25:35.411	trend_dtrader GBPUSD,H1: Alert: Please check your internet connection
0	19:25:36.410	trend_dtrader GBPUSD,H1: Alert: Please check your internet connection
0	19:25:37.410	trend_dtrader GBPUSD,H1: Alert: Please check your internet connection
0	19:25:38.411	trend_dtrader GBPUSD,H1: Alert: Please check your internet connection
0	19:25:39.410	trend_dtrader GBPUSD,H1: Alert: Please check your internet connection
0	19:25:40.411	trend_dtrader GBPUSD,H1: Alert: Please check your internet connection
0	19:25:41.410	trend_dtrader GBPUSD,H1: Alert: Please check your internet connection
0	19:25:42.410	trend_dtrader GBPUSD,H1: Alert: Please check your internet connection
0	19:25:43.410	trend_dtrader GBPUSD,H1: Alert: Please check your internet connection
0	19:25:44.411	trend_dtrader GBPUSD,H1: Alert: Please check your internet connection
0	19:25:45.410	trend_dtrader GBPUSD,H1: Alert: Please check your internet connection
0	19:25:46.410	trend_dtrader GBPUSD,H1: Alert: Please check your internet connection
0	19:25:47.409	trend_dtrader GBPUSD,H1: Alert: Please check your internet connection
0	19:25:48.410	trend_dtrader GBPUSD,H1: Alert: Please check your internet connection
0	19:25:49.410	trend_dtrader GBPUSD,H1: Alert: Please check your internet connection
0	19:25:50.409	trend_dtrader GBPUSD,H1: Alert: Please check your internet connection
0	19:25:51.410	trend_dtrader GBPUSD,H1: Alert: Please check your internet connection
0	19:25:52.410	trend_dtrader GBPUSD,H1: Alert: Please check your internet connection
0	19:25:53.410	trend_dtrader GBPUSD,H1: Alert: Please check your internet connection
0	19:25:54.409	trend_dtrader GBPUSD,H1: Alert: Please check your internet connection
0	19:25:55.409	trend_dtrader GBPUSD,H1: Alert: Please check your internet connection
0	19:25:56.410	trend_dtrader GBPUSD,H1: Alert: Please check your internet connection
0	19:25:57.410	trend_dtrader GBPUSD,H1: Alert: Please check your internet connection
0	19:25:58.409	trend_dtrader GBPUSD,H1: Alert: Please check your internet connection
0	19:25:59.409	trend_dtrader GBPUSD,H1: Alert: Please check your internet connection
0	19:26:00.409	trend_dtrader GBPUSD,H1: Alert: Please check your internet connection
0	19:26:01.415	trend_dtrader GBPUSD,H1: Alert: Please check your internet connection
0	19:26:02.409	trend_dtrader GBPUSD,H1: Alert: Please check your internet connection
0	19:26:03.410	trend_dtrader GBPUSD,H1: Alert: Please check your internet connection
0	19:26:04.410	trend_dtrader GBPUSD,H1: Alert: Please check your internet connection
0	19:26:05.410	trend_dtrader GBPUSD,H1: Alert: Please check your internet connection
0	19:26:06.409	trend_dtrader GBPUSD,H1: Alert: Please check your internet connection
0	19:26:07.410	trend_dtrader GBPUSD,H1: Alert: Please check your internet connection
0	19:26:08.410	trend_dtrader GBPUSD,H1: Alert: Please check your internet connection
0	19:26:09.409	trend_dtrader GBPUSD,H1: Alert: Please check your internet connection
0	19:26:10.410	trend_dtrader GBPUSD,H1: Alert: Please check your internet connection
0	19:26:11.410	trend_dtrader GBPUSD,H1: Alert: Please check your internet connection
0	19:26:12.411	trend_dtrader GBPUSD,H1: Alert: Please check your internet connection
0	19:26:13.410	trend_dtrader GBPUSD,H1: Alert: Please check your internet connection
0	19:26:14.409	trend_dtrader GBPUSD,H1: Alert: Please check your internet connection
0	19:26:15.410	trend_dtrader GBPUSD,H1: Alert: Please check your internet connection
0	19:26:16.409	trend_dtrader GBPUSD,H1: Alert: Please check your internet connection
0	19:26:17.410	trend_dtrader GBPUSD,H1: Alert: Please check your internet connection
0	19:26:18.409	trend_dtrader GBPUSD,H1: Alert: Please check your internet connection
0	19:26:19.409	trend_dtrader GBPUSD,H1: Alert: Please check your internet connection
0	19:26:20.409	trend_dtrader GBPUSD,H1: Alert: Please check your internet connection
0	19:26:21.409	trend_dtrader GBPUSD,H1: Alert: Please check your internet connection
0	19:26:22.408	trend_dtrader GBPUSD,H1: Alert: Please check your internet connection
0	19:26:23.408	trend_dtrader GBPUSD,H1: Alert: Please check your internet connection
0	19:26:24.409	trend_dtrader GBPUSD,H1: Alert: Please check your internet connection
0	19:26:25.408	trend_dtrader GBPUSD,H1: Alert: Please check your internet connection
0	19:26:26.408	trend_dtrader GBPUSD,H1: Alert: Please check your internet connection
0	19:26:27.408	trend_dtrader GBPUSD,H1: Alert: Please check your internet connection
0	19:26:28.409	trend_dtrader GBPUSD,H1: Alert: Please check your internet connection
0	19:26:29.408	trend_dtrader GBPUSD,H1: Alert: Please check your internet connection
0	19:26:30.408	trend_dtrader GBPUSD,H1: Alert: Please check your internet connection
0	19:26:31.408	trend_dtrader GBPUSD,H1: Alert: Please check your internet connection
0	19:26:32.408	trend_dtrader GBPUSD,H1: Alert: Please check your internet connection
0	19:26:33.408	trend_dtrader GBPUSD,H1: Alert: Please check your internet connection
0	19:26:34.409	trend_dtrader GBPUSD,H1: Alert: Please check your internet connection
0	19:26:35.408	trend_dtrader GBPUSD,H1: Alert: Please check your internet connection
0	19:26:36.408	trend_dtrader GBPUSD,H1: Alert: Please check your internet connection
0	19:26:37.408	trend_dtrader GBPUSD,H1: Alert: Please check your internet connection
0	19:26:38.408	trend_dtrader GBPUSD,H1: Alert: Please check your internet connection
0	19:26:39.409	trend_dtrader GBPUSD,H1: Alert: Please check your internet connection
0	19:26:40.408	trend_dtrader GBPUSD,H1: Alert: Please check your internet connection
0	19:26:41.408	trend_dtrader GBPUSD,H1: Alert: Please check your internet connection
0	19:26:42.408	trend_dtrader GBPUSD,H1: Alert: Please check your internet connection
0	19:26:43.409	trend_dtrader GBPUSD,H1: Alert: Please check your internet connection
0	19:26:44.409	trend_dtrader GBPUSD,H1: Alert: Please check your internet connection
0	19:26:45.408	trend_dtrader GBPUSD,H1: Alert: Please check your internet connection
0	19:26:46.408	trend_dtrader GBPUSD,H1: Alert: Please check your internet connection
0	19:26:47.409	trend_dtrader GBPUSD,H1: Alert: Please check your internet connection
0	19:26:48.408	trend_dtrader GBPUSD,H1: Alert: Please check your internet connection
0	19:26:49.408	trend_dtrader GBPUSD,H1: Alert: Please check your internet connection
0	19:26:50.409	trend_dtrader GBPUSD,H1: Alert: Please check your internet connection
0	19:26:51.409	trend_dtrader GBPUSD,H1: Alert: Please check your internet connection
0	19:26:52.408	trend_dtrader GBPUSD,H1: Alert: Please check your internet connection
0	19:26:53.408	trend_dtrader GBPUSD,H1: Alert: Please check your internet connection
0	19:26:54.408	trend_dtrader GBPUSD,H1: Alert: Please check your internet connection
0	19:26:55.409	trend_dtrader GBPUSD,H1: Alert: Please check your internet connection
0	19:26:56.408	trend_dtrader GBPUSD,H1: Alert: Please check your internet connection
0	19:26:57.408	trend_dtrader GBPUSD,H1: Alert: Please check your internet connection
0	19:26:58.408	trend_dtrader GBPUSD,H1: Alert: Please check your internet connection
0	19:26:59.408	trend_dtrader GBPUSD,H1: Alert: Please check your internet connection
0	19:27:00.409	trend_dtrader GBPUSD,H1: Alert: Please check your internet connection
0	19:27:01.408	trend_dtrader GBPUSD,H1: Alert: Please check your internet connection
0	19:27:02.410	trend_dtrader GBPUSD,H1: Alert: Please check your internet connection
0	19:27:03.408	trend_dtrader GBPUSD,H1: Alert: Please check your internet connection
0	19:27:04.408	trend_dtrader GBPUSD,H1: Alert: Please check your internet connection
0	19:27:05.407	trend_dtrader GBPUSD,H1: Alert: Please check your internet connection
0	19:27:06.408	trend_dtrader GBPUSD,H1: Alert: Please check your internet connection
0	19:27:07.407	trend_dtrader GBPUSD,H1: Alert: Please check your internet connection
0	19:27:08.407	trend_dtrader GBPUSD,H1: Alert: Please check your internet connection
0	19:27:09.408	trend_dtrader GBPUSD,H1: Alert: Please check your internet connection
0	19:27:10.408	trend_dtrader GBPUSD,H1: Alert: Please check your internet connection
0	19:27:11.408	trend_dtrader GBPUSD,H1: Alert: Please check your internet connection
0	19:27:12.407	trend_dtrader GBPUSD,H1: Alert: Please check your internet connection
0	19:27:13.408	trend_dtrader GBPUSD,H1: Alert: Please check your internet connection
0	19:27:14.408	trend_dtrader GBPUSD,H1: Alert: Please check your internet connection
0	19:27:15.408	trend_dtrader GBPUSD,H1: Alert: Please check your internet connection
0	19:27:16.407	trend_dtrader GBPUSD,H1: Alert: Please check your internet connection
0	19:27:17.407	trend_dtrader GBPUSD,H1: Alert: Please check your internet connection
0	19:27:18.408	trend_dtrader GBPUSD,H1: Alert: Please check your internet connection
0	19:27:19.407	trend_dtrader GBPUSD,H1: Alert: Please check your internet connection
0	19:27:20.408	trend_dtrader GBPUSD,H1: Alert: Please check your internet connection
0	19:27:21.407	trend_dtrader GBPUSD,H1: Alert: Please check your internet connection
0	19:27:22.407	trend_dtrader GBPUSD,H1: Alert: Please check your internet connection
0	19:27:23.408	trend_dtrader GBPUSD,H1: Alert: Please check your internet connection
0	19:27:24.407	trend_dtrader GBPUSD,H1: Alert: Please check your internet connection
0	19:27:25.407	trend_dtrader GBPUSD,H1: Alert: Please check your internet connection
0	19:27:26.407	trend_dtrader GBPUSD,H1: Alert: Please check your internet connection
0	19:27:27.407	trend_dtrader GBPUSD,H1: Alert: Please check your internet connection
0	19:27:28.408	trend_dtrader GBPUSD,H1: Alert: Please check your internet connection
0	19:27:29.407	trend_dtrader GBPUSD,H1: Alert: Please check your internet connection
0	19:27:30.407	trend_dtrader GBPUSD,H1: Alert: Please check your internet connection
0	19:27:31.408	trend_dtrader GBPUSD,H1: Alert: Please check your internet connection
0	19:27:32.407	trend_dtrader GBPUSD,H1: Alert: Please check your internet connection
0	19:27:33.407	trend_dtrader GBPUSD,H1: Alert: Please check your internet connection
0	19:27:34.407	trend_dtrader GBPUSD,H1: Alert: Please check your internet connection
0	19:27:35.407	trend_dtrader GBPUSD,H1: Alert: Please check your internet connection
0	19:27:36.407	trend_dtrader GBPUSD,H1: Alert: Please check your internet connection
0	19:27:37.407	trend_dtrader GBPUSD,H1: Alert: Please check your internet connection
0	19:27:38.408	trend_dtrader GBPUSD,H1: Alert: Please check your internet connection
0	19:27:39.408	trend_dtrader GBPUSD,H1: Alert: Please check your internet connection
0	19:27:40.406	trend_dtrader GBPUSD,H1: Alert: Please check your internet connection
0	19:27:41.407	trend_dtrader GBPUSD,H1: Alert: Please check your internet connection
0	19:27:42.406	trend_dtrader GBPUSD,H1: Alert: Please check your internet connection
0	19:27:43.408	trend_dtrader GBPUSD,H1: Alert: Please check your internet connection
0	19:27:44.406	trend_dtrader GBPUSD,H1: Alert: Please check your internet connection
0	19:27:45.407	trend_dtrader GBPUSD,H1: Alert: Please check your internet connection
0	19:27:46.407	trend_dtrader GBPUSD,H1: Alert: Please check your internet connection
0	19:27:47.407	trend_dtrader GBPUSD,H1: Alert: Please check your internet connection
0	19:27:48.407	trend_dtrader GBPUSD,H1: Alert: Please check your internet connection
0	19:27:49.406	trend_dtrader GBPUSD,H1: Alert: Please check your internet connection
0	19:27:50.406	trend_dtrader GBPUSD,H1: Alert: Please check your internet connection
0	19:27:51.407	trend_dtrader GBPUSD,H1: Alert: Please check your internet connection
0	19:27:52.406	trend_dtrader GBPUSD,H1: Alert: Please check your internet connection
0	19:27:53.406	trend_dtrader GBPUSD,H1: Alert: Please check your internet connection
0	19:27:54.406	trend_dtrader GBPUSD,H1: Alert: Please check your internet connection
0	19:27:55.407	trend_dtrader GBPUSD,H1: Alert: Please check your internet connection
0	19:27:56.406	trend_dtrader GBPUSD,H1: Alert: Please check your internet connection
0	19:27:57.406	trend_dtrader GBPUSD,H1: Alert: Please check your internet connection
0	19:27:58.406	trend_dtrader GBPUSD,H1: Alert: Please check your internet connection
0	19:27:59.406	trend_dtrader GBPUSD,H1: Alert: Please check your internet connection
0	19:28:00.407	trend_dtrader GBPUSD,H1: Alert: Please check your internet connection
0	19:28:01.407	trend_dtrader GBPUSD,H1: Alert: Please check your internet connection
0	19:28:02.406	trend_dtrader GBPUSD,H1: Alert: Please check your internet connection
0	19:28:03.414	trend_dtrader GBPUSD,H1: Alert: Please check your internet connection
0	19:28:04.406	trend_dtrader GBPUSD,H1: Alert: Please check your internet connection
0	19:28:05.406	trend_dtrader GBPUSD,H1: Alert: Please check your internet connection
0	19:28:06.407	trend_dtrader GBPUSD,H1: Alert: Please check your internet connection
0	19:28:07.407	trend_dtrader GBPUSD,H1: Alert: Please check your internet connection
0	19:28:08.407	trend_dtrader GBPUSD,H1: Alert: Please check your internet connection
0	19:28:09.407	trend_dtrader GBPUSD,H1: Alert: Please check your internet connection
0	19:28:10.406	trend_dtrader GBPUSD,H1: Alert: Please check your internet connection
0	19:28:11.407	trend_dtrader GBPUSD,H1: Alert: Please check your internet connection
0	19:28:12.406	trend_dtrader GBPUSD,H1: Alert: Please check your internet connection
0	19:28:13.406	trend_dtrader GBPUSD,H1: Alert: Please check your internet connection
0	19:28:14.407	trend_dtrader GBPUSD,H1: Alert: Please check your internet connection
0	19:28:15.406	trend_dtrader GBPUSD,H1: Alert: Please check your internet connection
0	19:28:16.406	trend_dtrader GBPUSD,H1: Alert: Please check your internet connection
0	19:28:17.407	trend_dtrader GBPUSD,H1: Alert: Please check your internet connection
0	19:28:18.406	trend_dtrader GBPUSD,H1: Alert: Please check your internet connection
0	19:28:19.407	trend_dtrader GBPUSD,H1: Alert: Please check your internet connection
0	19:28:20.406	trend_dtrader GBPUSD,H1: Alert: Please check your internet connection
0	19:28:21.405	trend_dtrader GBPUSD,H1: Alert: Please check your internet connection
0	19:28:22.406	trend_dtrader GBPUSD,H1: Alert: Please check your internet connection
0	19:28:23.406	trend_dtrader GBPUSD,H1: Alert: Please check your internet connection
0	19:28:24.406	trend_dtrader GBPUSD,H1: Alert: Please check your internet connection
0	19:28:25.406	trend_dtrader GBPUSD,H1: Alert: Please check your internet connection
0	19:28:26.405	trend_dtrader GBPUSD,H1: Alert: Please check your internet connection
0	19:28:27.406	trend_dtrader GBPUSD,H1: Alert: Please check your internet connection
0	19:28:28.406	trend_dtrader GBPUSD,H1: Alert: Please check your internet connection
0	19:28:29.406	trend_dtrader GBPUSD,H1: Alert: Please check your internet connection
0	19:28:30.405	trend_dtrader GBPUSD,H1: Alert: Please check your internet connection
0	19:28:31.405	trend_dtrader GBPUSD,H1: Alert: Please check your internet connection
0	19:28:32.405	trend_dtrader GBPUSD,H1: Alert: Please check your internet connection
0	19:28:33.406	trend_dtrader GBPUSD,H1: Alert: Please check your internet connection
0	19:28:34.405	trend_dtrader GBPUSD,H1: Alert: Please check your internet connection
0	19:28:35.405	trend_dtrader GBPUSD,H1: Alert: Please check your internet connection
0	19:28:36.405	trend_dtrader GBPUSD,H1: Alert: Please check your internet connection
0	19:28:37.406	trend_dtrader GBPUSD,H1: Alert: Please check your internet connection
0	19:28:38.406	trend_dtrader GBPUSD,H1: Alert: Please check your internet connection
0	19:28:39.405	trend_dtrader GBPUSD,H1: Alert: Please check your internet connection
0	19:28:40.405	trend_dtrader GBPUSD,H1: Alert: Please check your internet connection
0	19:28:41.406	trend_dtrader GBPUSD,H1: Alert: Please check your internet connection
0	19:28:42.406	trend_dtrader GBPUSD,H1: Alert: Please check your internet connection
0	19:28:43.405	trend_dtrader GBPUSD,H1: Alert: Please check your internet connection
0	19:28:44.405	trend_dtrader GBPUSD,H1: Alert: Please check your internet connection
0	19:28:45.406	trend_dtrader GBPUSD,H1: Alert: Please check your internet connection
0	19:28:46.405	trend_dtrader GBPUSD,H1: Alert: Please check your internet connection
0	19:28:47.405	trend_dtrader GBPUSD,H1: Alert: Please check your internet connection
0	19:28:48.405	trend_dtrader GBPUSD,H1: Alert: Please check your internet connection
0	19:28:49.405	trend_dtrader GBPUSD,H1: Alert: Please check your internet connection
0	19:28:50.405	trend_dtrader GBPUSD,H1: Alert: Please check your internet connection
0	19:28:51.405	trend_dtrader GBPUSD,H1: Alert: Please check your internet connection
0	19:28:52.405	trend_dtrader GBPUSD,H1: Alert: Please check your internet connection
0	19:28:53.405	trend_dtrader GBPUSD,H1: Alert: Please check your internet connection
0	19:28:54.405	trend_dtrader GBPUSD,H1: Alert: Please check your internet connection
0	19:28:55.405	trend_dtrader GBPUSD,H1: Alert: Please check your internet connection
0	19:28:56.405	trend_dtrader GBPUSD,H1: Alert: Please check your internet connection
0	19:28:57.406	trend_dtrader GBPUSD,H1: Alert: Please check your internet connection
0	19:28:58.404	trend_dtrader GBPUSD,H1: Alert: Please check your internet connection
0	19:28:59.404	trend_dtrader GBPUSD,H1: Alert: Please check your internet connection
0	19:29:00.405	trend_dtrader GBPUSD,H1: Alert: Please check your internet connection
0	19:29:01.404	trend_dtrader GBPUSD,H1: Alert: Please check your internet connection
0	19:29:02.405	trend_dtrader GBPUSD,H1: Alert: Please check your internet connection
0	19:29:03.405	trend_dtrader GBPUSD,H1: Alert: Please check your internet connection
0	19:29:04.414	trend_dtrader GBPUSD,H1: Alert: Please check your internet connection
0	19:29:05.404	trend_dtrader GBPUSD,H1: Alert: Please check your internet connection
0	19:29:06.404	trend_dtrader GBPUSD,H1: Alert: Please check your internet connection
0	19:29:07.404	trend_dtrader GBPUSD,H1: Alert: Please check your internet connection
0	19:29:08.404	trend_dtrader GBPUSD,H1: Alert: Please check your internet connection
0	19:29:09.404	trend_dtrader GBPUSD,H1: Alert: Please check your internet connection
0	19:29:10.405	trend_dtrader GBPUSD,H1: Alert: Please check your internet connection
0	19:29:11.405	trend_dtrader GBPUSD,H1: Alert: Please check your internet connection
0	19:29:12.405	trend_dtrader GBPUSD,H1: Alert: Please check your internet connection
0	19:29:13.404	trend_dtrader GBPUSD,H1: Alert: Please check your internet connection
0	19:29:14.405	trend_dtrader GBPUSD,H1: Alert: Please check your internet connection
0	19:29:15.404	trend_dtrader GBPUSD,H1: Alert: Please check your internet connection
0	19:29:16.405	trend_dtrader GBPUSD,H1: Alert: Please check your internet connection
0	19:29:17.405	trend_dtrader GBPUSD,H1: Alert: Please check your internet connection
0	19:29:18.404	trend_dtrader GBPUSD,H1: Alert: Please check your internet connection
0	19:29:19.404	trend_dtrader GBPUSD,H1: Alert: Please check your internet connection
0	19:29:20.404	trend_dtrader GBPUSD,H1: Alert: Please check your internet connection
0	19:29:21.404	trend_dtrader GBPUSD,H1: Alert: Please check your internet connection
0	19:29:22.404	trend_dtrader GBPUSD,H1: Alert: Please check your internet connection
0	19:29:23.405	trend_dtrader GBPUSD,H1: Alert: Please check your internet connection
0	19:29:24.404	trend_dtrader GBPUSD,H1: Alert: Please check your internet connection
0	19:29:25.404	trend_dtrader GBPUSD,H1: Alert: Please check your internet connection
0	19:29:26.404	trend_dtrader GBPUSD,H1: Alert: Please check your internet connection
0	19:29:27.405	trend_dtrader GBPUSD,H1: Alert: Please check your internet connection
0	19:29:28.404	trend_dtrader GBPUSD,H1: Alert: Please check your internet connection
0	19:29:29.405	trend_dtrader GBPUSD,H1: Alert: Please check your internet connection
0	19:29:30.404	trend_dtrader GBPUSD,H1: Alert: Please check your internet connection
0	19:29:31.404	trend_dtrader GBPUSD,H1: Alert: Please check your internet connection
0	19:29:32.404	trend_dtrader GBPUSD,H1: Alert: Please check your internet connection
0	19:29:33.405	trend_dtrader GBPUSD,H1: Alert: Please check your internet connection
0	19:29:34.404	trend_dtrader GBPUSD,H1: Alert: Please check your internet connection
0	19:29:35.404	trend_dtrader GBPUSD,H1: Alert: Please check your internet connection
0	19:29:36.404	trend_dtrader GBPUSD,H1: Alert: Please check your internet connection
0	19:29:37.405	trend_dtrader GBPUSD,H1: Alert: Please check your internet connection
0	19:29:38.404	trend_dtrader GBPUSD,H1: Alert: Please check your internet connection
0	19:29:39.404	trend_dtrader GBPUSD,H1: Alert: Please check your internet connection
0	19:29:40.403	trend_dtrader GBPUSD,H1: Alert: Please check your internet connection
0	19:29:41.403	trend_dtrader GBPUSD,H1: Alert: Please check your internet connection
0	19:29:42.403	trend_dtrader GBPUSD,H1: Alert: Please check your internet connection
0	19:29:43.405	trend_dtrader GBPUSD,H1: Alert: Please check your internet connection
0	19:29:44.403	trend_dtrader GBPUSD,H1: Alert: Please check your internet connection
0	19:29:45.404	trend_dtrader GBPUSD,H1: Alert: Please check your internet connection
0	19:29:46.403	trend_dtrader GBPUSD,H1: Alert: Please check your internet connection
0	19:29:47.404	trend_dtrader GBPUSD,H1: Alert: Please check your internet connection
0	19:29:48.404	trend_dtrader GBPUSD,H1: Alert: Please check your internet connection
0	19:29:49.404	trend_dtrader GBPUSD,H1: Alert: Please check your internet connection
0	19:29:50.404	trend_dtrader GBPUSD,H1: Alert: Please check your internet connection
0	19:29:51.403	trend_dtrader GBPUSD,H1: Alert: Please check your internet connection
0	19:29:52.404	trend_dtrader GBPUSD,H1: Alert: Please check your internet connection
0	19:29:53.403	trend_dtrader GBPUSD,H1: Alert: Please check your internet connection
0	19:29:54.403	trend_dtrader GBPUSD,H1: Alert: Please check your internet connection
0	19:29:55.403	trend_dtrader GBPUSD,H1: Alert: Please check your internet connection
0	19:29:56.405	trend_dtrader GBPUSD,H1: Alert: Please check your internet connection
0	19:29:57.404	trend_dtrader GBPUSD,H1: Alert: Please check your internet connection
0	19:29:58.403	trend_dtrader GBPUSD,H1: Alert: Please check your internet connection
0	19:29:59.403	trend_dtrader GBPUSD,H1: Alert: Please check your internet connection
0	19:30:00.418	trend_dtrader GBPUSD,H1: Alert: Please check your internet connection
0	19:30:01.403	trend_dtrader GBPUSD,H1: Alert: Please check your internet connection
0	19:30:02.403	trend_dtrader GBPUSD,H1: Alert: Please check your internet connection
0	19:30:03.403	trend_dtrader GBPUSD,H1: Alert: Please check your internet connection
0	19:30:04.404	trend_dtrader GBPUSD,H1: Alert: Please check your internet connection
0	19:30:05.403	trend_dtrader GBPUSD,H1: Alert: Please check your internet connection
0	19:30:06.403	trend_dtrader GBPUSD,H1: Alert: Please check your internet connection
0	19:30:07.403	trend_dtrader GBPUSD,H1: Alert: Please check your internet connection
0	19:30:08.404	trend_dtrader GBPUSD,H1: Alert: Please check your internet connection
0	19:30:09.403	trend_dtrader GBPUSD,H1: Alert: Please check your internet connection
0	19:30:10.403	trend_dtrader GBPUSD,H1: Alert: Please check your internet connection
0	19:30:11.403	trend_dtrader GBPUSD,H1: Alert: Please check your internet connection
0	19:30:12.404	trend_dtrader GBPUSD,H1: Alert: Please check your internet connection
0	19:30:13.403	trend_dtrader GBPUSD,H1: Alert: Please check your internet connection
0	19:30:14.403	trend_dtrader GBPUSD,H1: Alert: Please check your internet connection
0	19:30:15.404	trend_dtrader GBPUSD,H1: Alert: Please check your internet connection
0	19:30:16.403	trend_dtrader GBPUSD,H1: Alert: Please check your internet connection
0	19:30:17.404	trend_dtrader GBPUSD,H1: Alert: Please check your internet connection
0	19:30:18.403	trend_dtrader GBPUSD,H1: Alert: Please check your internet connection
0	19:30:19.403	trend_dtrader GBPUSD,H1: Alert: Please check your internet connection
0	19:30:20.403	trend_dtrader GBPUSD,H1: Alert: Please check your internet connection
0	19:30:21.403	trend_dtrader GBPUSD,H1: Alert: Please check your internet connection
0	19:30:22.402	trend_dtrader GBPUSD,H1: Alert: Please check your internet connection
0	19:30:23.402	trend_dtrader GBPUSD,H1: Alert: Please check your internet connection
0	19:30:24.403	trend_dtrader GBPUSD,H1: Alert: Please check your internet connection
0	19:30:25.402	trend_dtrader GBPUSD,H1: Alert: Please check your internet connection
0	19:30:26.403	trend_dtrader GBPUSD,H1: Alert: Please check your internet connection
0	19:30:27.403	trend_dtrader GBPUSD,H1: Alert: Please check your internet connection
0	19:30:28.402	trend_dtrader GBPUSD,H1: Alert: Please check your internet connection
0	19:30:29.404	trend_dtrader GBPUSD,H1: Alert: Please check your internet connection
0	19:30:30.404	trend_dtrader GBPUSD,H1: Alert: Please check your internet connection
0	19:30:31.403	trend_dtrader GBPUSD,H1: Alert: Please check your internet connection
0	19:30:32.404	trend_dtrader GBPUSD,H1: Alert: Please check your internet connection
0	19:30:33.403	trend_dtrader GBPUSD,H1: Alert: Please check your internet connection
0	19:30:34.403	trend_dtrader GBPUSD,H1: Alert: Please check your internet connection
0	19:30:35.403	trend_dtrader GBPUSD,H1: Alert: Please check your internet connection
0	19:30:36.403	trend_dtrader GBPUSD,H1: Alert: Please check your internet connection
0	19:30:37.404	trend_dtrader GBPUSD,H1: Alert: Please check your internet connection
0	19:30:38.404	trend_dtrader GBPUSD,H1: Alert: Please check your internet connection
0	19:30:39.403	trend_dtrader GBPUSD,H1: Alert: Please check your internet connection
0	19:30:40.404	trend_dtrader GBPUSD,H1: Alert: Please check your internet connection
0	19:30:41.403	trend_dtrader GBPUSD,H1: Alert: Please check your internet connection
0	19:30:42.404	trend_dtrader GBPUSD,H1: Alert: Please check your internet connection
0	19:30:43.403	trend_dtrader GBPUSD,H1: Alert: Please check your internet connection
0	19:30:44.403	trend_dtrader GBPUSD,H1: Alert: Please check your internet connection
0	19:30:45.404	trend_dtrader GBPUSD,H1: Alert: Please check your internet connection
0	19:30:46.403	trend_dtrader GBPUSD,H1: Alert: Please check your internet connection
0	19:30:47.403	trend_dtrader GBPUSD,H1: Alert: Please check your internet connection
0	19:30:48.404	trend_dtrader GBPUSD,H1: Alert: Please check your internet connection
0	19:30:49.404	trend_dtrader GBPUSD,H1: Alert: Please check your internet connection
0	19:30:50.402	trend_dtrader GBPUSD,H1: Alert: Please check your internet connection
0	19:30:51.403	trend_dtrader GBPUSD,H1: Alert: Please check your internet connection
0	19:30:52.403	trend_dtrader GBPUSD,H1: Alert: Please check your internet connection
0	19:30:53.403	trend_dtrader GBPUSD,H1: Alert: Please check your internet connection
0	19:30:54.402	trend_dtrader GBPUSD,H1: Alert: Please check your internet connection
0	19:30:55.404	trend_dtrader GBPUSD,H1: Alert: Please check your internet connection
0	19:30:56.404	trend_dtrader GBPUSD,H1: Alert: Please check your internet connection
0	19:30:57.403	trend_dtrader GBPUSD,H1: Alert: Please check your internet connection
0	19:30:58.403	trend_dtrader GBPUSD,H1: Alert: Please check your internet connection
0	19:30:59.404	trend_dtrader GBPUSD,H1: Alert: Please check your internet connection
0	19:31:00.402	trend_dtrader GBPUSD,H1: Alert: Please check your internet connection
0	19:31:01.403	trend_dtrader GBPUSD,H1: Alert: Please check your internet connection
0	19:31:02.402	trend_dtrader GBPUSD,H1: Alert: Please check your internet connection
0	19:31:03.403	trend_dtrader GBPUSD,H1: Alert: Please check your internet connection
0	19:31:04.404	trend_dtrader GBPUSD,H1: Alert: Please check your internet connection
0	19:31:05.404	trend_dtrader GBPUSD,H1: Alert: Please check your internet connection
0	19:31:06.403	trend_dtrader GBPUSD,H1: Alert: Please check your internet connection
0	19:31:07.402	trend_dtrader GBPUSD,H1: Alert: Please check your internet connection
0	19:31:08.403	trend_dtrader GBPUSD,H1: Alert: Please check your internet connection
0	19:31:09.402	trend_dtrader GBPUSD,H1: Alert: Please check your internet connection
0	19:31:10.404	trend_dtrader GBPUSD,H1: Alert: Please check your internet connection
0	19:31:11.403	trend_dtrader GBPUSD,H1: Alert: Please check your internet connection
0	19:31:12.402	trend_dtrader GBPUSD,H1: Alert: Please check your internet connection
0	19:31:13.403	trend_dtrader GBPUSD,H1: Alert: Please check your internet connection
0	19:31:14.403	trend_dtrader GBPUSD,H1: Alert: Please check your internet connection
0	19:31:15.403	trend_dtrader GBPUSD,H1: Alert: Please check your internet connection
0	19:31:16.402	trend_dtrader GBPUSD,H1: Alert: Please check your internet connection
0	19:31:17.403	trend_dtrader GBPUSD,H1: Alert: Please check your internet connection
0	19:31:18.403	trend_dtrader GBPUSD,H1: Alert: Please check your internet connection
0	19:31:19.403	trend_dtrader GBPUSD,H1: Alert: Please check your internet connection
0	19:31:20.403	trend_dtrader GBPUSD,H1: Alert: Please check your internet connection
0	19:31:21.429	trend_dtrader GBPUSD,H1: Alert: Please check your internet connection
0	19:31:22.401	trend_dtrader GBPUSD,H1: Alert: Please check your internet connection
0	19:31:23.403	trend_dtrader GBPUSD,H1: Alert: Please check your internet connection
0	19:31:24.402	trend_dtrader GBPUSD,H1: Alert: Please check your internet connection
0	19:31:25.403	trend_dtrader GBPUSD,H1: Alert: Please check your internet connection
0	19:31:26.403	trend_dtrader GBPUSD,H1: Alert: Please check your internet connection
0	19:31:27.403	trend_dtrader GBPUSD,H1: Alert: Please check your internet connection
0	19:31:28.402	trend_dtrader GBPUSD,H1: Alert: Please check your internet connection
0	19:31:29.402	trend_dtrader GBPUSD,H1: Alert: Please check your internet connection
0	19:31:30.402	trend_dtrader GBPUSD,H1: Alert: Please check your internet connection
0	19:31:31.403	trend_dtrader GBPUSD,H1: Alert: Please check your internet connection
0	19:31:32.402	trend_dtrader GBPUSD,H1: Alert: Please check your internet connection
0	19:31:33.403	trend_dtrader GBPUSD,H1: Alert: Please check your internet connection
0	19:31:34.402	trend_dtrader GBPUSD,H1: Alert: Please check your internet connection
0	19:31:35.403	trend_dtrader GBPUSD,H1: Alert: Please check your internet connection
0	19:31:36.402	trend_dtrader GBPUSD,H1: Alert: Please check your internet connection
0	19:31:37.403	trend_dtrader GBPUSD,H1: Alert: Please check your internet connection
0	19:31:38.402	trend_dtrader GBPUSD,H1: Alert: Please check your internet connection
0	19:31:39.402	trend_dtrader GBPUSD,H1: Alert: Please check your internet connection
0	19:31:40.403	trend_dtrader GBPUSD,H1: Alert: Please check your internet connection
0	19:31:41.402	trend_dtrader GBPUSD,H1: Alert: Please check your internet connection
0	19:31:42.401	trend_dtrader GBPUSD,H1: Alert: Please check your internet connection
0	19:31:43.403	trend_dtrader GBPUSD,H1: Alert: Please check your internet connection
0	19:31:44.402	trend_dtrader GBPUSD,H1: Alert: Please check your internet connection
0	19:31:45.403	trend_dtrader GBPUSD,H1: Alert: Please check your internet connection
0	19:31:46.402	trend_dtrader GBPUSD,H1: Alert: Please check your internet connection
0	19:31:47.402	trend_dtrader GBPUSD,H1: Alert: Please check your internet connection
0	19:31:48.402	trend_dtrader GBPUSD,H1: Alert: Please check your internet connection
0	19:31:49.402	trend_dtrader GBPUSD,H1: Alert: Please check your internet connection
0	19:31:50.402	trend_dtrader GBPUSD,H1: Alert: Please check your internet connection
0	19:31:51.402	trend_dtrader GBPUSD,H1: Alert: Please check your internet connection
0	19:31:52.401	trend_dtrader GBPUSD,H1: Alert: Please check your internet connection
0	19:31:53.401	trend_dtrader GBPUSD,H1: Alert: Please check your internet connection
0	19:31:54.401	trend_dtrader GBPUSD,H1: Alert: Please check your internet connection
0	19:31:55.402	trend_dtrader GBPUSD,H1: Alert: Please check your internet connection
0	19:31:56.401	trend_dtrader GBPUSD,H1: Alert: Please check your internet connection
0	19:31:57.402	trend_dtrader GBPUSD,H1: Alert: Please check your internet connection
0	19:31:58.402	trend_dtrader GBPUSD,H1: Alert: Please check your internet connection
0	19:31:59.402	trend_dtrader GBPUSD,H1: Alert: Please check your internet connection
0	19:32:00.402	trend_dtrader GBPUSD,H1: Alert: Please check your internet connection
0	19:32:01.402	trend_dtrader GBPUSD,H1: Alert: Please check your internet connection
0	19:32:02.401	trend_dtrader GBPUSD,H1: Alert: Please check your internet connection
0	19:32:03.401	trend_dtrader GBPUSD,H1: Alert: Please check your internet connection
0	19:32:04.401	trend_dtrader GBPUSD,H1: Alert: Please check your internet connection
0	19:32:05.402	trend_dtrader GBPUSD,H1: Alert: Please check your internet connection
0	19:32:06.401	trend_dtrader GBPUSD,H1: Alert: Please check your internet connection
0	19:32:07.401	trend_dtrader GBPUSD,H1: Alert: Please check your internet connection
0	19:32:08.401	trend_dtrader GBPUSD,H1: Alert: Please check your internet connection
0	19:32:09.401	trend_dtrader GBPUSD,H1: Alert: Please check your internet connection
0	19:32:10.401	trend_dtrader GBPUSD,H1: Alert: Please check your internet connection
0	19:32:11.402	trend_dtrader GBPUSD,H1: Alert: Please check your internet connection
0	19:32:12.401	trend_dtrader GBPUSD,H1: Alert: Please check your internet connection
0	19:32:13.401	trend_dtrader GBPUSD,H1: Alert: Please check your internet connection
0	19:32:14.401	trend_dtrader GBPUSD,H1: Alert: Please check your internet connection
0	19:32:15.401	trend_dtrader GBPUSD,H1: Alert: Please check your internet connection
0	19:32:16.401	trend_dtrader GBPUSD,H1: Alert: Please check your internet connection
0	19:32:17.401	trend_dtrader GBPUSD,H1: Alert: Please check your internet connection
0	19:32:18.402	trend_dtrader GBPUSD,H1: Alert: Please check your internet connection
0	19:32:19.402	trend_dtrader GBPUSD,H1: Alert: Please check your internet connection
0	19:32:20.401	trend_dtrader GBPUSD,H1: Alert: Please check your internet connection
0	19:32:21.401	trend_dtrader GBPUSD,H1: Alert: Please check your internet connection
0	19:32:22.401	trend_dtrader GBPUSD,H1: Alert: Please check your internet connection
0	19:32:23.401	trend_dtrader GBPUSD,H1: Alert: Please check your internet connection
0	19:32:24.402	trend_dtrader GBPUSD,H1: Alert: Please check your internet connection
0	19:32:25.401	trend_dtrader GBPUSD,H1: Alert: Please check your internet connection
0	19:32:26.400	trend_dtrader GBPUSD,H1: Alert: Please check your internet connection
0	19:32:27.400	trend_dtrader GBPUSD,H1: Alert: Please check your internet connection
0	19:32:28.401	trend_dtrader GBPUSD,H1: Alert: Please check your internet connection
0	19:32:29.400	trend_dtrader GBPUSD,H1: Alert: Please check your internet connection
0	19:32:30.401	trend_dtrader GBPUSD,H1: Alert: Please check your internet connection
0	19:32:31.401	trend_dtrader GBPUSD,H1: Alert: Please check your internet connection
0	19:32:32.401	trend_dtrader GBPUSD,H1: Alert: Please check your internet connection
0	19:32:33.401	trend_dtrader GBPUSD,H1: Alert: Please check your internet connection
0	19:32:34.401	trend_dtrader GBPUSD,H1: Alert: Please check your internet connection
0	19:32:35.400	trend_dtrader GBPUSD,H1: Alert: Please check your internet connection
0	19:32:36.401	trend_dtrader GBPUSD,H1: Alert: Please check your internet connection
0	19:32:37.400	trend_dtrader GBPUSD,H1: Alert: Please check your internet connection
0	19:32:38.401	trend_dtrader GBPUSD,H1: Alert: Please check your internet connection
0	19:32:39.401	trend_dtrader GBPUSD,H1: Alert: Please check your internet connection
0	19:32:40.400	trend_dtrader GBPUSD,H1: Alert: Please check your internet connection
0	19:32:41.401	trend_dtrader GBPUSD,H1: Alert: Please check your internet connection
0	19:32:42.400	trend_dtrader GBPUSD,H1: Alert: Please check your internet connection
0	19:32:43.400	trend_dtrader GBPUSD,H1: Alert: Please check your internet connection
0	19:32:44.400	trend_dtrader GBPUSD,H1: Alert: Please check your internet connection
0	19:32:45.400	trend_dtrader GBPUSD,H1: Alert: Please check your internet connection
0	19:32:46.400	trend_dtrader GBPUSD,H1: Alert: Please check your internet connection
0	19:32:47.416	trend_dtrader GBPUSD,H1: Alert: Please check your internet connection
0	19:32:48.401	trend_dtrader GBPUSD,H1: Alert: Please check your internet connection
0	19:32:49.401	trend_dtrader GBPUSD,H1: Alert: Please check your internet connection
0	19:32:50.401	trend_dtrader GBPUSD,H1: Alert: Please check your internet connection
0	19:32:51.400	trend_dtrader GBPUSD,H1: Alert: Please check your internet connection
0	19:32:52.400	trend_dtrader GBPUSD,H1: Alert: Please check your internet connection
0	19:32:53.399	trend_dtrader GBPUSD,H1: Alert: Please check your internet connection
0	19:32:54.400	trend_dtrader GBPUSD,H1: Alert: Please check your internet connection
0	19:32:55.401	trend_dtrader GBPUSD,H1: Alert: Please check your internet connection
0	19:32:56.400	trend_dtrader GBPUSD,H1: Alert: Please check your internet connection
0	19:32:57.400	trend_dtrader GBPUSD,H1: Alert: Please check your internet connection
0	19:32:58.400	trend_dtrader GBPUSD,H1: Alert: Please check your internet connection
0	19:32:59.399	trend_dtrader GBPUSD,H1: Alert: Please check your internet connection
0	19:33:00.401	trend_dtrader GBPUSD,H1: Alert: Please check your internet connection
0	19:33:01.400	trend_dtrader GBPUSD,H1: Alert: Please check your internet connection
0	19:33:02.400	trend_dtrader GBPUSD,H1: Alert: Please check your internet connection
0	19:33:03.400	trend_dtrader GBPUSD,H1: Alert: Please check your internet connection
0	19:33:04.400	trend_dtrader GBPUSD,H1: Alert: Please check your internet connection
0	19:33:05.400	trend_dtrader GBPUSD,H1: Alert: Please check your internet connection
0	19:33:06.400	trend_dtrader GBPUSD,H1: Alert: Please check your internet connection
0	19:33:07.400	trend_dtrader GBPUSD,H1: Alert: Please check your internet connection
0	19:33:08.400	trend_dtrader GBPUSD,H1: Alert: Please check your internet connection
0	19:33:09.400	trend_dtrader GBPUSD,H1: Alert: Please check your internet connection
0	19:33:10.399	trend_dtrader GBPUSD,H1: Alert: Please check your internet connection
0	19:33:11.400	trend_dtrader GBPUSD,H1: Alert: Please check your internet connection
0	19:33:12.399	trend_dtrader GBPUSD,H1: Alert: Please check your internet connection
0	19:33:13.399	trend_dtrader GBPUSD,H1: Alert: Please check your internet connection
0	19:33:14.400	trend_dtrader GBPUSD,H1: Alert: Please check your internet connection
0	19:33:15.400	trend_dtrader GBPUSD,H1: Alert: Please check your internet connection
0	19:33:16.400	trend_dtrader GBPUSD,H1: Alert: Please check your internet connection
0	19:33:17.400	trend_dtrader GBPUSD,H1: Alert: Please check your internet connection
0	19:33:18.400	trend_dtrader GBPUSD,H1: Alert: Please check your internet connection
0	19:33:19.399	trend_dtrader GBPUSD,H1: Alert: Please check your internet connection
0	19:33:20.399	trend_dtrader GBPUSD,H1: Alert: Please check your internet connection
0	19:33:21.399	trend_dtrader GBPUSD,H1: Alert: Please check your internet connection
0	19:33:22.400	trend_dtrader GBPUSD,H1: Alert: Please check your internet connection
0	19:33:23.399	trend_dtrader GBPUSD,H1: Alert: Please check your internet connection
0	19:33:24.399	trend_dtrader GBPUSD,H1: Alert: Please check your internet connection
0	19:33:25.400	trend_dtrader GBPUSD,H1: Alert: Please check your internet connection
0	19:33:26.400	trend_dtrader GBPUSD,H1: Alert: Please check your internet connection
0	19:33:27.400	trend_dtrader GBPUSD,H1: Alert: Please check your internet connection
0	19:33:28.401	trend_dtrader GBPUSD,H1: Alert: Please check your internet connection
0	19:33:29.400	trend_dtrader GBPUSD,H1: Alert: Please check your internet connection
0	19:33:30.401	trend_dtrader GBPUSD,H1: Alert: Please check your internet connection
0	19:33:31.399	trend_dtrader GBPUSD,H1: Alert: Please check your internet connection
0	19:33:32.402	trend_dtrader GBPUSD,H1: Alert: Please check your internet connection
0	19:33:33.400	trend_dtrader GBPUSD,H1: Alert: Please check your internet connection
0	19:33:34.398	trend_dtrader GBPUSD,H1: Alert: Please check your internet connection
0	19:33:35.399	trend_dtrader GBPUSD,H1: Alert: Please check your internet connection
0	19:33:36.399	trend_dtrader GBPUSD,H1: Alert: Please check your internet connection
0	19:33:37.399	trend_dtrader GBPUSD,H1: Alert: Please check your internet connection
0	19:33:38.398	trend_dtrader GBPUSD,H1: Alert: Please check your internet connection
0	19:33:39.399	trend_dtrader GBPUSD,H1: Alert: Please check your internet connection
0	19:33:40.401	trend_dtrader GBPUSD,H1: Alert: Please check your internet connection
0	19:33:41.398	trend_dtrader GBPUSD,H1: Alert: Please check your internet connection
0	19:33:42.399	trend_dtrader GBPUSD,H1: Alert: Please check your internet connection
0	19:33:43.399	trend_dtrader GBPUSD,H1: Alert: Please check your internet connection
0	19:33:44.399	trend_dtrader GBPUSD,H1: Alert: Please check your internet connection
0	19:33:45.399	trend_dtrader GBPUSD,H1: Alert: Please check your internet connection
0	19:33:46.398	trend_dtrader GBPUSD,H1: Alert: Please check your internet connection
0	19:33:47.399	trend_dtrader GBPUSD,H1: Alert: Please check your internet connection
0	19:33:48.398	trend_dtrader GBPUSD,H1: Alert: Please check your internet connection
0	19:33:49.398	trend_dtrader GBPUSD,H1: Alert: Please check your internet connection
0	19:33:50.399	trend_dtrader GBPUSD,H1: Alert: Please check your internet connection
0	19:33:51.398	trend_dtrader GBPUSD,H1: Alert: Please check your internet connection
0	19:33:52.398	trend_dtrader GBPUSD,H1: Alert: Please check your internet connection
0	19:33:53.399	trend_dtrader GBPUSD,H1: Alert: Please check your internet connection
0	19:33:54.398	trend_dtrader GBPUSD,H1: Alert: Please check your internet connection
0	19:33:55.399	trend_dtrader GBPUSD,H1: Alert: Please check your internet connection
0	19:33:56.398	trend_dtrader GBPUSD,H1: Alert: Please check your internet connection
0	19:33:57.398	trend_dtrader GBPUSD,H1: Alert: Please check your internet connection
0	19:33:58.399	trend_dtrader GBPUSD,H1: Alert: Please check your internet connection
0	19:33:59.399	trend_dtrader GBPUSD,H1: Alert: Please check your internet connection
0	19:34:00.398	trend_dtrader GBPUSD,H1: Alert: Please check your internet connection
0	19:34:01.398	trend_dtrader GBPUSD,H1: Alert: Please check your internet connection
0	19:34:02.398	trend_dtrader GBPUSD,H1: Alert: Please check your internet connection
0	19:34:03.399	trend_dtrader GBPUSD,H1: Alert: Please check your internet connection
0	19:34:04.398	trend_dtrader GBPUSD,H1: Alert: Please check your internet connection
0	19:34:05.398	trend_dtrader GBPUSD,H1: Alert: Please check your internet connection
0	19:34:06.398	trend_dtrader GBPUSD,H1: Alert: Please check your internet connection
0	19:34:07.398	trend_dtrader GBPUSD,H1: Alert: Please check your internet connection
0	19:34:08.398	trend_dtrader GBPUSD,H1: Alert: Please check your internet connection
0	19:34:09.398	trend_dtrader GBPUSD,H1: Alert: Please check your internet connection
0	19:34:10.398	trend_dtrader GBPUSD,H1: Alert: Please check your internet connection
0	19:34:11.398	trend_dtrader GBPUSD,H1: Alert: Please check your internet connection
0	19:34:12.398	trend_dtrader GBPUSD,H1: Alert: Please check your internet connection
0	19:34:13.397	trend_dtrader GBPUSD,H1: Alert: Please check your internet connection
0	19:34:14.398	trend_dtrader GBPUSD,H1: Alert: Please check your internet connection
0	19:34:15.397	trend_dtrader GBPUSD,H1: Alert: Please check your internet connection
0	19:34:16.398	trend_dtrader GBPUSD,H1: Alert: Please check your internet connection
0	19:34:17.398	trend_dtrader GBPUSD,H1: Alert: Please check your internet connection
0	19:34:18.400	trend_dtrader GBPUSD,H1: Alert: Please check your internet connection
0	19:34:19.398	trend_dtrader GBPUSD,H1: Alert: Please check your internet connection
0	19:34:20.398	trend_dtrader GBPUSD,H1: Alert: Please check your internet connection
0	19:34:21.397	trend_dtrader GBPUSD,H1: Alert: Please check your internet connection
0	19:34:22.398	trend_dtrader GBPUSD,H1: Alert: Please check your internet connection
0	19:34:23.397	trend_dtrader GBPUSD,H1: Alert: Please check your internet connection
0	19:34:24.398	trend_dtrader GBPUSD,H1: Alert: Please check your internet connection
0	19:34:25.398	trend_dtrader GBPUSD,H1: Alert: Please check your internet connection
0	19:34:26.398	trend_dtrader GBPUSD,H1: Alert: Please check your internet connection
0	19:34:27.398	trend_dtrader GBPUSD,H1: Alert: Please check your internet connection
0	19:34:28.398	trend_dtrader GBPUSD,H1: Alert: Please check your internet connection
0	19:34:29.398	trend_dtrader GBPUSD,H1: Alert: Please check your internet connection
0	19:34:30.398	trend_dtrader GBPUSD,H1: Alert: Please check your internet connection
0	19:34:31.398	trend_dtrader GBPUSD,H1: Alert: Please check your internet connection
0	19:34:32.398	trend_dtrader GBPUSD,H1: Alert: Please check your internet connection
0	19:34:33.398	trend_dtrader GBPUSD,H1: Alert: Please check your internet connection
0	19:34:34.397	trend_dtrader GBPUSD,H1: Alert: Please check your internet connection
0	19:34:35.397	trend_dtrader GBPUSD,H1: Alert: Please check your internet connection
0	19:34:36.397	trend_dtrader GBPUSD,H1: Alert: Please check your internet connection
0	19:34:37.398	trend_dtrader GBPUSD,H1: Alert: Please check your internet connection
0	19:34:38.398	trend_dtrader GBPUSD,H1: Alert: Please check your internet connection
0	19:34:39.397	trend_dtrader GBPUSD,H1: Alert: Please check your internet connection
0	19:34:40.397	trend_dtrader GBPUSD,H1: Alert: Please check your internet connection
0	19:34:41.397	trend_dtrader GBPUSD,H1: Alert: Please check your internet connection
0	19:34:42.397	trend_dtrader GBPUSD,H1: Alert: Please check your internet connection
0	19:34:43.397	trend_dtrader GBPUSD,H1: Alert: Please check your internet connection
0	19:34:44.397	trend_dtrader GBPUSD,H1: Alert: Please check your internet connection
0	19:34:45.397	trend_dtrader GBPUSD,H1: Alert: Please check your internet connection
0	19:34:46.398	trend_dtrader GBPUSD,H1: Alert: Please check your internet connection
0	19:34:47.398	trend_dtrader GBPUSD,H1: Alert: Please check your internet connection
0	19:34:48.398	trend_dtrader GBPUSD,H1: Alert: Please check your internet connection
0	19:34:49.397	trend_dtrader GBPUSD,H1: Alert: Please check your internet connection
0	19:34:50.397	trend_dtrader GBPUSD,H1: Alert: Please check your internet connection
0	19:34:51.397	trend_dtrader GBPUSD,H1: Alert: Please check your internet connection
0	19:34:52.398	trend_dtrader GBPUSD,H1: Alert: Please check your internet connection
0	19:34:53.397	trend_dtrader GBPUSD,H1: Alert: Please check your internet connection
0	19:34:54.396	trend_dtrader GBPUSD,H1: Alert: Please check your internet connection
0	19:34:55.397	trend_dtrader GBPUSD,H1: Alert: Please check your internet connection
0	19:34:56.397	trend_dtrader GBPUSD,H1: Alert: Please check your internet connection
0	19:34:57.397	trend_dtrader GBPUSD,H1: Alert: Please check your internet connection
0	19:34:58.397	trend_dtrader GBPUSD,H1: Alert: Please check your internet connection
0	19:34:59.397	trend_dtrader GBPUSD,H1: Alert: Please check your internet connection
0	19:35:00.397	trend_dtrader GBPUSD,H1: Alert: Please check your internet connection
0	19:35:01.397	trend_dtrader GBPUSD,H1: Alert: Please check your internet connection
0	19:35:02.397	trend_dtrader GBPUSD,H1: Alert: Please check your internet connection
0	19:35:03.397	trend_dtrader GBPUSD,H1: Alert: Please check your internet connection
0	19:35:04.397	trend_dtrader GBPUSD,H1: Alert: Please check your internet connection
0	19:35:05.397	trend_dtrader GBPUSD,H1: Alert: Please check your internet connection
0	19:35:06.397	trend_dtrader GBPUSD,H1: Alert: Please check your internet connection
0	19:35:07.396	trend_dtrader GBPUSD,H1: Alert: Please check your internet connection
0	19:35:08.397	trend_dtrader GBPUSD,H1: Alert: Please check your internet connection
0	19:35:09.396	trend_dtrader GBPUSD,H1: Alert: Please check your internet connection
0	19:35:10.396	trend_dtrader GBPUSD,H1: Alert: Please check your internet connection
0	19:35:11.397	trend_dtrader GBPUSD,H1: Alert: Please check your internet connection
0	19:35:12.397	trend_dtrader GBPUSD,H1: Alert: Please check your internet connection
0	19:35:13.397	trend_dtrader GBPUSD,H1: Alert: Please check your internet connection
0	19:35:14.396	trend_dtrader GBPUSD,H1: Alert: Please check your internet connection
0	19:35:15.396	trend_dtrader GBPUSD,H1: Alert: Please check your internet connection
0	19:35:16.397	trend_dtrader GBPUSD,H1: Alert: Please check your internet connection
0	19:35:17.397	trend_dtrader GBPUSD,H1: Alert: Please check your internet connection
0	19:35:18.397	trend_dtrader GBPUSD,H1: Alert: Please check your internet connection
0	19:35:19.396	trend_dtrader GBPUSD,H1: Alert: Please check your internet connection
0	19:35:20.396	trend_dtrader GBPUSD,H1: Alert: Please check your internet connection
0	19:35:21.396	trend_dtrader GBPUSD,H1: Alert: Please check your internet connection
0	19:35:22.397	trend_dtrader GBPUSD,H1: Alert: Please check your internet connection
0	19:35:23.396	trend_dtrader GBPUSD,H1: Alert: Please check your internet connection
0	19:35:24.396	trend_dtrader GBPUSD,H1: Alert: Please check your internet connection
0	19:35:25.397	trend_dtrader GBPUSD,H1: Alert: Please check your internet connection
0	19:35:26.396	trend_dtrader GBPUSD,H1: Alert: Please check your internet connection
0	19:35:27.397	trend_dtrader GBPUSD,H1: Alert: Please check your internet connection
0	19:35:28.396	trend_dtrader GBPUSD,H1: Alert: Please check your internet connection
0	19:35:29.397	trend_dtrader GBPUSD,H1: Alert: Please check your internet connection
0	19:35:30.396	trend_dtrader GBPUSD,H1: Alert: Please check your internet connection
0	19:35:31.396	trend_dtrader GBPUSD,H1: Alert: Please check your internet connection
0	19:35:32.396	trend_dtrader GBPUSD,H1: Alert: Please check your internet connection
0	19:35:33.396	trend_dtrader GBPUSD,H1: Alert: Please check your internet connection
0	19:35:34.396	trend_dtrader GBPUSD,H1: Alert: Please check your internet connection
0	19:35:35.396	trend_dtrader GBPUSD,H1: Alert: Please check your internet connection
0	19:35:36.396	trend_dtrader GBPUSD,H1: Alert: Please check your internet connection
0	19:35:37.396	trend_dtrader GBPUSD,H1: Alert: Please check your internet connection
0	19:35:38.396	trend_dtrader GBPUSD,H1: Alert: Please check your internet connection
0	19:35:39.396	trend_dtrader GBPUSD,H1: Alert: Please check your internet connection
0	19:35:40.395	trend_dtrader GBPUSD,H1: Alert: Please check your internet connection
0	19:35:41.396	trend_dtrader GBPUSD,H1: Alert: Please check your internet connection
0	19:35:42.395	trend_dtrader GBPUSD,H1: Alert: Please check your internet connection
0	19:35:43.396	trend_dtrader GBPUSD,H1: Alert: Please check your internet connection
0	19:35:44.395	trend_dtrader GBPUSD,H1: Alert: Please check your internet connection
0	19:35:45.396	trend_dtrader GBPUSD,H1: Alert: Please check your internet connection
0	19:35:46.396	trend_dtrader GBPUSD,H1: Alert: Please check your internet connection
0	19:35:47.396	trend_dtrader GBPUSD,H1: Alert: Please check your internet connection
0	19:35:48.395	trend_dtrader GBPUSD,H1: Alert: Please check your internet connection
0	19:35:49.399	trend_dtrader GBPUSD,H1: Alert: Please check your internet connection
0	19:35:50.396	trend_dtrader GBPUSD,H1: Alert: Please check your internet connection
0	19:35:51.396	trend_dtrader GBPUSD,H1: Alert: Please check your internet connection
0	19:35:52.397	trend_dtrader GBPUSD,H1: Alert: Please check your internet connection
0	19:35:53.396	trend_dtrader GBPUSD,H1: Alert: Please check your internet connection
0	19:35:54.396	trend_dtrader GBPUSD,H1: Alert: Please check your internet connection
0	19:35:55.396	trend_dtrader GBPUSD,H1: Alert: Please check your internet connection
0	19:35:56.396	trend_dtrader GBPUSD,H1: Alert: Please check your internet connection
0	19:35:57.396	trend_dtrader GBPUSD,H1: Alert: Please check your internet connection
0	19:35:58.399	trend_dtrader GBPUSD,H1: Alert: Please check your internet connection
0	19:35:59.395	trend_dtrader GBPUSD,H1: Alert: Please check your internet connection
0	19:36:00.394	trend_dtrader GBPUSD,H1: Alert: Please check your internet connection
0	19:36:01.395	trend_dtrader GBPUSD,H1: Alert: Please check your internet connection
0	19:36:02.395	trend_dtrader GBPUSD,H1: Alert: Please check your internet connection
0	19:36:03.396	trend_dtrader GBPUSD,H1: Alert: Please check your internet connection
0	19:36:04.396	trend_dtrader GBPUSD,H1: Alert: Please check your internet connection
0	19:36:05.396	trend_dtrader GBPUSD,H1: Alert: Please check your internet connection
0	19:36:06.395	trend_dtrader GBPUSD,H1: Alert: Please check your internet connection
0	19:36:07.395	trend_dtrader GBPUSD,H1: Alert: Please check your internet connection
0	19:36:08.396	trend_dtrader GBPUSD,H1: Alert: Please check your internet connection
0	19:36:09.395	trend_dtrader GBPUSD,H1: Alert: Please check your internet connection
0	19:36:10.396	trend_dtrader GBPUSD,H1: Alert: Please check your internet connection
0	19:36:11.396	trend_dtrader GBPUSD,H1: Alert: Please check your internet connection
0	19:36:12.395	trend_dtrader GBPUSD,H1: Alert: Please check your internet connection
0	19:36:13.396	trend_dtrader GBPUSD,H1: Alert: Please check your internet connection
0	19:36:14.396	trend_dtrader GBPUSD,H1: Alert: Please check your internet connection
0	19:36:15.396	trend_dtrader GBPUSD,H1: Alert: Please check your internet connection
0	19:36:16.395	trend_dtrader GBPUSD,H1: Alert: Please check your internet connection
0	19:36:17.396	trend_dtrader GBPUSD,H1: Alert: Please check your internet connection
0	19:36:18.394	trend_dtrader GBPUSD,H1: Alert: Please check your internet connection
0	19:36:19.397	trend_dtrader GBPUSD,H1: Alert: Please check your internet connection
0	19:36:20.395	trend_dtrader GBPUSD,H1: Alert: Please check your internet connection
0	19:36:21.395	trend_dtrader GBPUSD,H1: Alert: Please check your internet connection
0	19:36:22.397	trend_dtrader GBPUSD,H1: Alert: Please check your internet connection
0	19:36:23.395	trend_dtrader GBPUSD,H1: Alert: Please check your internet connection
0	19:36:24.395	trend_dtrader GBPUSD,H1: Alert: Please check your internet connection
0	19:36:25.394	trend_dtrader GBPUSD,H1: Alert: Please check your internet connection
0	19:36:26.396	trend_dtrader GBPUSD,H1: Alert: Please check your internet connection
0	19:36:27.395	trend_dtrader GBPUSD,H1: Alert: Please check your internet connection
0	19:36:28.395	trend_dtrader GBPUSD,H1: Alert: Please check your internet connection
0	19:36:29.395	trend_dtrader GBPUSD,H1: Alert: Please check your internet connection
0	19:36:30.395	trend_dtrader GBPUSD,H1: Alert: Please check your internet connection
0	19:36:31.396	trend_dtrader GBPUSD,H1: Alert: Please check your internet connection
0	19:36:32.396	trend_dtrader GBPUSD,H1: Alert: Please check your internet connection
0	19:36:33.396	trend_dtrader GBPUSD,H1: Alert: Please check your internet connection
0	19:36:34.396	trend_dtrader GBPUSD,H1: Alert: Please check your internet connection
0	19:36:35.395	trend_dtrader GBPUSD,H1: Alert: Please check your internet connection
0	19:36:36.395	trend_dtrader GBPUSD,H1: Alert: Please check your internet connection
0	19:36:37.394	trend_dtrader GBPUSD,H1: Alert: Please check your internet connection
0	19:36:38.395	trend_dtrader GBPUSD,H1: Alert: Please check your internet connection
0	19:36:39.394	trend_dtrader GBPUSD,H1: Alert: Please check your internet connection
0	19:36:40.396	trend_dtrader GBPUSD,H1: Alert: Please check your internet connection
0	19:36:41.395	trend_dtrader GBPUSD,H1: Alert: Please check your internet connection
0	19:36:42.395	trend_dtrader GBPUSD,H1: Alert: Please check your internet connection
0	19:36:43.395	trend_dtrader GBPUSD,H1: Alert: Please check your internet connection
0	19:36:44.395	trend_dtrader GBPUSD,H1: Alert: Please check your internet connection
0	19:36:45.395	trend_dtrader GBPUSD,H1: Alert: Please check your internet connection
0	19:36:46.395	trend_dtrader GBPUSD,H1: Alert: Please check your internet connection
0	19:36:47.395	trend_dtrader GBPUSD,H1: Alert: Please check your internet connection
0	19:36:48.395	trend_dtrader GBPUSD,H1: Alert: Please check your internet connection
0	19:36:49.394	trend_dtrader GBPUSD,H1: Alert: Please check your internet connection
0	19:36:50.395	trend_dtrader GBPUSD,H1: Alert: Please check your internet connection
0	19:36:51.394	trend_dtrader GBPUSD,H1: Alert: Please check your internet connection
0	19:36:52.395	trend_dtrader GBPUSD,H1: Alert: Please check your internet connection
0	19:36:53.393	trend_dtrader GBPUSD,H1: Alert: Please check your internet connection
0	19:36:54.395	trend_dtrader GBPUSD,H1: Alert: Please check your internet connection
0	19:36:55.411	trend_dtrader GBPUSD,H1: Alert: Please check your internet connection
0	19:36:56.394	trend_dtrader GBPUSD,H1: Alert: Please check your internet connection
0	19:36:57.395	trend_dtrader GBPUSD,H1: Alert: Please check your internet connection
0	19:36:58.395	trend_dtrader GBPUSD,H1: Alert: Please check your internet connection
0	19:36:59.394	trend_dtrader GBPUSD,H1: Alert: Please check your internet connection
0	19:37:00.394	trend_dtrader GBPUSD,H1: Alert: Please check your internet connection
0	19:37:01.394	trend_dtrader GBPUSD,H1: Alert: Please check your internet connection
0	19:37:02.395	trend_dtrader GBPUSD,H1: Alert: Please check your internet connection
0	19:37:03.395	trend_dtrader GBPUSD,H1: Alert: Please check your internet connection
0	19:37:04.396	trend_dtrader GBPUSD,H1: Alert: Please check your internet connection
0	19:37:05.395	trend_dtrader GBPUSD,H1: Alert: Please check your internet connection
0	19:37:06.394	trend_dtrader GBPUSD,H1: Alert: Please check your internet connection
0	19:37:07.394	trend_dtrader GBPUSD,H1: Alert: Please check your internet connection
0	19:37:08.393	trend_dtrader GBPUSD,H1: Alert: Please check your internet connection
0	19:37:09.394	trend_dtrader GBPUSD,H1: Alert: Please check your internet connection
0	19:37:10.395	trend_dtrader GBPUSD,H1: Alert: Please check your internet connection
0	19:37:11.394	trend_dtrader GBPUSD,H1: Alert: Please check your internet connection
0	19:37:12.394	trend_dtrader GBPUSD,H1: Alert: Please check your internet connection
0	19:37:13.394	trend_dtrader GBPUSD,H1: Alert: Please check your internet connection
0	19:37:14.395	trend_dtrader GBPUSD,H1: Alert: Please check your internet connection
0	19:37:15.393	trend_dtrader GBPUSD,H1: Alert: Please check your internet connection
0	19:37:16.395	trend_dtrader GBPUSD,H1: Alert: Please check your internet connection
0	19:37:17.395	trend_dtrader GBPUSD,H1: Alert: Please check your internet connection
0	19:37:18.393	trend_dtrader GBPUSD,H1: Alert: Please check your internet connection
0	19:37:19.393	trend_dtrader GBPUSD,H1: Alert: Please check your internet connection
0	19:37:20.394	trend_dtrader GBPUSD,H1: Alert: Please check your internet connection
0	19:37:21.395	trend_dtrader GBPUSD,H1: Alert: Please check your internet connection
0	19:37:22.393	trend_dtrader GBPUSD,H1: Alert: Please check your internet connection
0	19:37:23.394	trend_dtrader GBPUSD,H1: Alert: Please check your internet connection
0	19:37:24.394	trend_dtrader GBPUSD,H1: Alert: Please check your internet connection
0	19:37:25.393	trend_dtrader GBPUSD,H1: Alert: Please check your internet connection
0	19:37:26.394	trend_dtrader GBPUSD,H1: Alert: Please check your internet connection
0	19:37:27.394	trend_dtrader GBPUSD,H1: Alert: Please check your internet connection
0	19:37:28.394	trend_dtrader GBPUSD,H1: Alert: Please check your internet connection
0	19:37:29.394	trend_dtrader GBPUSD,H1: Alert: Please check your internet connection
0	19:37:30.393	trend_dtrader GBPUSD,H1: Alert: Please check your internet connection
0	19:37:31.393	trend_dtrader GBPUSD,H1: Alert: Please check your internet connection
0	19:37:32.393	trend_dtrader GBPUSD,H1: Alert: Please check your internet connection
0	19:37:33.394	trend_dtrader GBPUSD,H1: Alert: Please check your internet connection
0	19:37:34.395	trend_dtrader GBPUSD,H1: Alert: Please check your internet connection
0	19:37:35.394	trend_dtrader GBPUSD,H1: Alert: Please check your internet connection
0	19:37:36.393	trend_dtrader GBPUSD,H1: Alert: Please check your internet connection
0	19:37:37.395	trend_dtrader GBPUSD,H1: Alert: Please check your internet connection
0	19:37:38.392	trend_dtrader GBPUSD,H1: Alert: Please check your internet connection
0	19:37:39.394	trend_dtrader GBPUSD,H1: Alert: Please check your internet connection
0	19:37:40.394	trend_dtrader GBPUSD,H1: Alert: Please check your internet connection
0	19:37:41.393	trend_dtrader GBPUSD,H1: Alert: Please check your internet connection
0	19:37:42.394	trend_dtrader GBPUSD,H1: Alert: Please check your internet connection
0	19:37:43.394	trend_dtrader GBPUSD,H1: Alert: Please check your internet connection
0	19:37:44.394	trend_dtrader GBPUSD,H1: Alert: Please check your internet connection
0	19:37:45.394	trend_dtrader GBPUSD,H1: Alert: Please check your internet connection
0	19:37:46.393	trend_dtrader GBPUSD,H1: Alert: Please check your internet connection
0	19:37:47.394	trend_dtrader GBPUSD,H1: Alert: Please check your internet connection
0	19:37:48.394	trend_dtrader GBPUSD,H1: Alert: Please check your internet connection
0	19:37:49.393	trend_dtrader GBPUSD,H1: Alert: Please check your internet connection
0	19:37:50.392	trend_dtrader GBPUSD,H1: Alert: Please check your internet connection
0	19:37:51.392	trend_dtrader GBPUSD,H1: Alert: Please check your internet connection
0	19:37:52.393	trend_dtrader GBPUSD,H1: Alert: Please check your internet connection
0	19:37:53.393	trend_dtrader GBPUSD,H1: Alert: Please check your internet connection
0	19:37:54.393	trend_dtrader GBPUSD,H1: Alert: Please check your internet connection
0	19:37:55.393	trend_dtrader GBPUSD,H1: Alert: Please check your internet connection
0	19:37:56.393	trend_dtrader GBPUSD,H1: Alert: Please check your internet connection
0	19:37:57.392	trend_dtrader GBPUSD,H1: Alert: Please check your internet connection
0	19:37:58.393	trend_dtrader GBPUSD,H1: Alert: Please check your internet connection
0	19:37:59.393	trend_dtrader GBPUSD,H1: Alert: Please check your internet connection
0	19:38:00.394	trend_dtrader GBPUSD,H1: Alert: Please check your internet connection
0	19:38:01.392	trend_dtrader GBPUSD,H1: Alert: Please check your internet connection
0	19:38:02.392	trend_dtrader GBPUSD,H1: Alert: Please check your internet connection
0	19:38:03.393	trend_dtrader GBPUSD,H1: Alert: Please check your internet connection
0	19:38:04.393	trend_dtrader GBPUSD,H1: Alert: Please check your internet connection
0	19:38:05.392	trend_dtrader GBPUSD,H1: Alert: Please check your internet connection
0	19:38:06.391	trend_dtrader GBPUSD,H1: Alert: Please check your internet connection
0	19:38:07.393	trend_dtrader GBPUSD,H1: Alert: Please check your internet connection
0	19:38:08.393	trend_dtrader GBPUSD,H1: Alert: Please check your internet connection
0	19:38:09.394	trend_dtrader GBPUSD,H1: Alert: Please check your internet connection
0	19:38:10.393	trend_dtrader GBPUSD,H1: Alert: Please check your internet connection
0	19:38:11.393	trend_dtrader GBPUSD,H1: Alert: Please check your internet connection
0	19:38:12.391	trend_dtrader GBPUSD,H1: Alert: Please check your internet connection
0	19:38:13.393	trend_dtrader GBPUSD,H1: Alert: Please check your internet connection
0	19:38:14.393	trend_dtrader GBPUSD,H1: Alert: Please check your internet connection
0	19:38:15.392	trend_dtrader GBPUSD,H1: Alert: Please check your internet connection
0	19:38:16.393	trend_dtrader GBPUSD,H1: Alert: Please check your internet connection
0	19:38:17.393	trend_dtrader GBPUSD,H1: Alert: Please check your internet connection
0	19:38:18.393	trend_dtrader GBPUSD,H1: Alert: Please check your internet connection
0	19:38:19.393	trend_dtrader GBPUSD,H1: Alert: Please check your internet connection
0	19:38:20.393	trend_dtrader GBPUSD,H1: Alert: Please check your internet connection
0	19:38:21.393	trend_dtrader GBPUSD,H1: Alert: Please check your internet connection
0	19:38:22.393	trend_dtrader GBPUSD,H1: Alert: Please check your internet connection
0	19:38:23.393	trend_dtrader GBPUSD,H1: Alert: Please check your internet connection
0	19:38:24.392	trend_dtrader GBPUSD,H1: Alert: Please check your internet connection
0	19:38:25.393	trend_dtrader GBPUSD,H1: Alert: Please check your internet connection
0	19:38:26.393	trend_dtrader GBPUSD,H1: Alert: Please check your internet connection
0	19:38:27.392	trend_dtrader GBPUSD,H1: Alert: Please check your internet connection
0	19:38:28.391	trend_dtrader GBPUSD,H1: Alert: Please check your internet connection
0	19:38:29.392	trend_dtrader GBPUSD,H1: Alert: Please check your internet connection
0	19:38:30.392	trend_dtrader GBPUSD,H1: Alert: Please check your internet connection
0	19:38:31.392	trend_dtrader GBPUSD,H1: Alert: Please check your internet connection
0	19:38:32.393	trend_dtrader GBPUSD,H1: Alert: Please check your internet connection
0	19:38:33.393	trend_dtrader GBPUSD,H1: Alert: Please check your internet connection
0	19:38:34.392	trend_dtrader GBPUSD,H1: Alert: Please check your internet connection
0	19:38:35.391	trend_dtrader GBPUSD,H1: Alert: Please check your internet connection
0	19:38:36.391	trend_dtrader GBPUSD,H1: Alert: Please check your internet connection
0	19:38:37.392	trend_dtrader GBPUSD,H1: Alert: Please check your internet connection
0	19:38:38.392	trend_dtrader GBPUSD,H1: Alert: Please check your internet connection
0	19:38:39.392	trend_dtrader GBPUSD,H1: Alert: Please check your internet connection
0	19:38:40.391	trend_dtrader GBPUSD,H1: Alert: Please check your internet connection
0	19:38:41.392	trend_dtrader GBPUSD,H1: Alert: Please check your internet connection
0	19:38:42.391	trend_dtrader GBPUSD,H1: Alert: Please check your internet connection
0	19:38:43.393	trend_dtrader GBPUSD,H1: Alert: Please check your internet connection
0	19:38:44.392	trend_dtrader GBPUSD,H1: Alert: Please check your internet connection
0	19:38:45.392	trend_dtrader GBPUSD,H1: Alert: Please check your internet connection
0	19:38:46.391	trend_dtrader GBPUSD,H1: Alert: Please check your internet connection
0	19:38:47.391	trend_dtrader GBPUSD,H1: Alert: Please check your internet connection
0	19:38:48.391	trend_dtrader GBPUSD,H1: Alert: Please check your internet connection
0	19:38:49.393	trend_dtrader GBPUSD,H1: Alert: Please check your internet connection
0	19:38:50.392	trend_dtrader GBPUSD,H1: Alert: Please check your internet connection
0	19:38:51.391	trend_dtrader GBPUSD,H1: Alert: Please check your internet connection
0	19:38:52.396	trend_dtrader GBPUSD,H1: Alert: Please check your internet connection
0	19:38:53.392	trend_dtrader GBPUSD,H1: Alert: Please check your internet connection
0	19:38:54.392	trend_dtrader GBPUSD,H1: Alert: Please check your internet connection
0	19:38:55.391	trend_dtrader GBPUSD,H1: Alert: Please check your internet connection
0	19:38:56.391	trend_dtrader GBPUSD,H1: Alert: Please check your internet connection
0	19:38:57.391	trend_dtrader GBPUSD,H1: Alert: Please check your internet connection
0	19:38:58.391	trend_dtrader GBPUSD,H1: Alert: Please check your internet connection
0	19:38:59.390	trend_dtrader GBPUSD,H1: Alert: Please check your internet connection
0	19:39:00.392	trend_dtrader GBPUSD,H1: Alert: Please check your internet connection
0	19:39:01.391	trend_dtrader GBPUSD,H1: Alert: Please check your internet connection
0	19:39:02.392	trend_dtrader GBPUSD,H1: Alert: Please check your internet connection
0	19:39:03.391	trend_dtrader GBPUSD,H1: Alert: Please check your internet connection
0	19:39:04.392	trend_dtrader GBPUSD,H1: Alert: Please check your internet connection
0	19:39:05.390	trend_dtrader GBPUSD,H1: Alert: Please check your internet connection
0	19:39:06.391	trend_dtrader GBPUSD,H1: Alert: Please check your internet connection
0	19:39:07.392	trend_dtrader GBPUSD,H1: Alert: Please check your internet connection
0	19:39:08.390	trend_dtrader GBPUSD,H1: Alert: Please check your internet connection
0	19:39:09.391	trend_dtrader GBPUSD,H1: Alert: Please check your internet connection
0	19:39:10.392	trend_dtrader GBPUSD,H1: Alert: Please check your internet connection
0	19:39:11.390	trend_dtrader GBPUSD,H1: Alert: Please check your internet connection
0	19:39:12.391	trend_dtrader GBPUSD,H1: Alert: Please check your internet connection
0	19:39:13.391	trend_dtrader GBPUSD,H1: Alert: Please check your internet connection
0	19:39:14.391	trend_dtrader GBPUSD,H1: Alert: Please check your internet connection
0	19:39:15.391	trend_dtrader GBPUSD,H1: Alert: Please check your internet connection
0	19:39:16.391	trend_dtrader GBPUSD,H1: Alert: Please check your internet connection
0	19:39:17.391	trend_dtrader GBPUSD,H1: Alert: Please check your internet connection
0	19:39:18.391	trend_dtrader GBPUSD,H1: Alert: Please check your internet connection
0	19:39:19.391	trend_dtrader GBPUSD,H1: Alert: Please check your internet connection
0	19:39:20.391	trend_dtrader GBPUSD,H1: Alert: Please check your internet connection
0	19:39:21.391	trend_dtrader GBPUSD,H1: Alert: Please check your internet connection
0	19:39:22.391	trend_dtrader GBPUSD,H1: Alert: Please check your internet connection
0	19:39:23.390	trend_dtrader GBPUSD,H1: Alert: Please check your internet connection
0	19:39:24.391	trend_dtrader GBPUSD,H1: Alert: Please check your internet connection
0	19:39:25.390	trend_dtrader GBPUSD,H1: Alert: Please check your internet connection
0	19:39:26.389	trend_dtrader GBPUSD,H1: Alert: Please check your internet connection
0	19:39:27.391	trend_dtrader GBPUSD,H1: Alert: Please check your internet connection
0	19:39:28.391	trend_dtrader GBPUSD,H1: Alert: Please check your internet connection
0	19:39:29.390	trend_dtrader GBPUSD,H1: Alert: Please check your internet connection
0	19:39:30.390	trend_dtrader GBPUSD,H1: Alert: Please check your internet connection
0	19:39:31.391	trend_dtrader GBPUSD,H1: Alert: Please check your internet connection
0	19:39:32.390	trend_dtrader GBPUSD,H1: Alert: Please check your internet connection
0	19:39:33.390	trend_dtrader GBPUSD,H1: Alert: Please check your internet connection
0	19:39:34.390	trend_dtrader GBPUSD,H1: Alert: Please check your internet connection
0	19:39:35.390	trend_dtrader GBPUSD,H1: Alert: Please check your internet connection
0	19:39:36.392	trend_dtrader GBPUSD,H1: Alert: Please check your internet connection
0	19:39:37.390	trend_dtrader GBPUSD,H1: Alert: Please check your internet connection
0	19:39:38.389	trend_dtrader GBPUSD,H1: Alert: Please check your internet connection
0	19:39:39.390	trend_dtrader GBPUSD,H1: Alert: Please check your internet connection
0	19:39:40.389	trend_dtrader GBPUSD,H1: Alert: Please check your internet connection
0	19:39:41.389	trend_dtrader GBPUSD,H1: Alert: Please check your internet connection
0	19:39:42.391	trend_dtrader GBPUSD,H1: Alert: Please check your internet connection
0	19:39:43.390	trend_dtrader GBPUSD,H1: Alert: Please check your internet connection
0	19:39:44.391	trend_dtrader GBPUSD,H1: Alert: Please check your internet connection
0	19:39:45.390	trend_dtrader GBPUSD,H1: Alert: Please check your internet connection
0	19:39:46.392	trend_dtrader GBPUSD,H1: Alert: Please check your internet connection
0	19:39:47.391	trend_dtrader GBPUSD,H1: Alert: Please check your internet connection
0	19:39:48.389	trend_dtrader GBPUSD,H1: Alert: Please check your internet connection
0	19:39:49.390	trend_dtrader GBPUSD,H1: Alert: Please check your internet connection
0	19:39:50.390	trend_dtrader GBPUSD,H1: Alert: Please check your internet connection
0	19:39:51.392	trend_dtrader GBPUSD,H1: Alert: Please check your internet connection
0	19:39:52.391	trend_dtrader GBPUSD,H1: Alert: Please check your internet connection
0	19:39:53.393	trend_dtrader GBPUSD,H1: Alert: Please check your internet connection
0	19:39:54.388	trend_dtrader GBPUSD,H1: Alert: Please check your internet connection
0	19:39:55.390	trend_dtrader GBPUSD,H1: Alert: Please check your internet connection
0	19:39:56.390	trend_dtrader GBPUSD,H1: Alert: Please check your internet connection
0	19:39:57.388	trend_dtrader GBPUSD,H1: Alert: Please check your internet connection
0	19:39:58.389	trend_dtrader GBPUSD,H1: Alert: Please check your internet connection
0	19:39:59.389	trend_dtrader GBPUSD,H1: Alert: Please check your internet connection
0	19:40:00.388	trend_dtrader GBPUSD,H1: Alert: Please check your internet connection
0	19:40:01.390	trend_dtrader GBPUSD,H1: Alert: Please check your internet connection
0	19:40:02.390	trend_dtrader GBPUSD,H1: Alert: Please check your internet connection
0	19:40:03.388	trend_dtrader GBPUSD,H1: Alert: Please check your internet connection
0	19:40:04.390	trend_dtrader GBPUSD,H1: Alert: Please check your internet connection
0	19:40:05.390	trend_dtrader GBPUSD,H1: Alert: Please check your internet connection
0	19:40:06.391	trend_dtrader GBPUSD,H1: Alert: Please check your internet connection
0	19:40:07.390	trend_dtrader GBPUSD,H1: Alert: Please check your internet connection
0	19:40:08.389	trend_dtrader GBPUSD,H1: Alert: Please check your internet connection
0	19:40:09.390	trend_dtrader GBPUSD,H1: Alert: Please check your internet connection
0	19:40:10.390	trend_dtrader GBPUSD,H1: Alert: Please check your internet connection
0	19:40:11.388	trend_dtrader GBPUSD,H1: Alert: Please check your internet connection
0	19:40:12.391	trend_dtrader GBPUSD,H1: Alert: Please check your internet connection
0	19:40:13.389	trend_dtrader GBPUSD,H1: Alert: Please check your internet connection
0	19:40:14.388	trend_dtrader GBPUSD,H1: Alert: Please check your internet connection
0	19:40:15.389	trend_dtrader GBPUSD,H1: Alert: Please check your internet connection
0	19:40:16.390	trend_dtrader GBPUSD,H1: Alert: Please check your internet connection
0	19:40:17.388	trend_dtrader GBPUSD,H1: Alert: Please check your internet connection
0	19:40:18.395	trend_dtrader GBPUSD,H1: Alert: Please check your internet connection
0	19:40:19.389	trend_dtrader GBPUSD,H1: Alert: Please check your internet connection
0	19:40:20.389	trend_dtrader GBPUSD,H1: Alert: Please check your internet connection
0	19:40:21.388	trend_dtrader GBPUSD,H1: Alert: Please check your internet connection
0	19:40:22.388	trend_dtrader GBPUSD,H1: Alert: Please check your internet connection
0	19:40:23.388	trend_dtrader GBPUSD,H1: Alert: Please check your internet connection
0	19:40:24.390	trend_dtrader GBPUSD,H1: Alert: Please check your internet connection
0	19:40:25.389	trend_dtrader GBPUSD,H1: Alert: Please check your internet connection
0	19:40:26.388	trend_dtrader GBPUSD,H1: Alert: Please check your internet connection
0	19:40:27.389	trend_dtrader GBPUSD,H1: Alert: Please check your internet connection
0	19:40:28.389	trend_dtrader GBPUSD,H1: Alert: Please check your internet connection
0	19:40:29.389	trend_dtrader GBPUSD,H1: Alert: Please check your internet connection
0	19:40:30.389	trend_dtrader GBPUSD,H1: Alert: Please check your internet connection
0	19:40:31.388	trend_dtrader GBPUSD,H1: Alert: Please check your internet connection
0	19:40:32.388	trend_dtrader GBPUSD,H1: Alert: Please check your internet connection
0	19:40:33.388	trend_dtrader GBPUSD,H1: Alert: Please check your internet connection
0	19:40:34.390	trend_dtrader GBPUSD,H1: Alert: Please check your internet connection
0	19:40:35.388	trend_dtrader GBPUSD,H1: Alert: Please check your internet connection
0	19:40:36.390	trend_dtrader GBPUSD,H1: Alert: Please check your internet connection
0	19:40:37.388	trend_dtrader GBPUSD,H1: Alert: Please check your internet connection
0	19:40:38.388	trend_dtrader GBPUSD,H1: Alert: Please check your internet connection
0	19:40:39.390	trend_dtrader GBPUSD,H1: Alert: Please check your internet connection
0	19:40:40.390	trend_dtrader GBPUSD,H1: Alert: Please check your internet connection
0	19:40:41.388	trend_dtrader GBPUSD,H1: Alert: Please check your internet connection
0	19:40:42.389	trend_dtrader GBPUSD,H1: Alert: Please check your internet connection
0	19:40:43.388	trend_dtrader GBPUSD,H1: Alert: Please check your internet connection
0	19:40:44.389	trend_dtrader GBPUSD,H1: Alert: Please check your internet connection
0	19:40:45.389	trend_dtrader GBPUSD,H1: Alert: Please check your internet connection
0	19:40:46.390	trend_dtrader GBPUSD,H1: Alert: Please check your internet connection
0	19:40:47.389	trend_dtrader GBPUSD,H1: Alert: Please check your internet connection
0	19:40:48.388	trend_dtrader GBPUSD,H1: Alert: Please check your internet connection
0	19:40:49.389	trend_dtrader GBPUSD,H1: Alert: Please check your internet connection
0	19:40:50.389	trend_dtrader GBPUSD,H1: Alert: Please check your internet connection
0	19:40:51.388	trend_dtrader GBPUSD,H1: Alert: Please check your internet connection
0	19:40:52.389	trend_dtrader GBPUSD,H1: Alert: Please check your internet connection
0	19:40:53.389	trend_dtrader GBPUSD,H1: Alert: Please check your internet connection
0	19:40:54.408	trend_dtrader GBPUSD,H1: Alert: Please check your internet connection
0	19:40:55.390	trend_dtrader GBPUSD,H1: Alert: Please check your internet connection
0	19:40:56.389	trend_dtrader GBPUSD,H1: Alert: Please check your internet connection
0	19:40:57.389	trend_dtrader GBPUSD,H1: Alert: Please check your internet connection
0	19:40:58.388	trend_dtrader GBPUSD,H1: Alert: Please check your internet connection
0	19:40:59.388	trend_dtrader GBPUSD,H1: Alert: Please check your internet connection
0	19:41:00.388	trend_dtrader GBPUSD,H1: Alert: Please check your internet connection
0	19:41:01.388	trend_dtrader GBPUSD,H1: Alert: Please check your internet connection
0	19:41:02.388	trend_dtrader GBPUSD,H1: Alert: Please check your internet connection
0	19:41:03.389	trend_dtrader GBPUSD,H1: Alert: Please check your internet connection
0	19:41:04.389	trend_dtrader GBPUSD,H1: Alert: Please check your internet connection
0	19:41:05.388	trend_dtrader GBPUSD,H1: Alert: Please check your internet connection
0	19:41:06.387	trend_dtrader GBPUSD,H1: Alert: Please check your internet connection
0	19:41:07.389	trend_dtrader GBPUSD,H1: Alert: Please check your internet connection
0	19:41:08.388	trend_dtrader GBPUSD,H1: Alert: Please check your internet connection
0	19:41:09.387	trend_dtrader GBPUSD,H1: Alert: Please check your internet connection
0	19:41:10.387	trend_dtrader GBPUSD,H1: Alert: Please check your internet connection
0	19:41:11.389	trend_dtrader GBPUSD,H1: Alert: Please check your internet connection
0	19:41:12.388	trend_dtrader GBPUSD,H1: Alert: Please check your internet connection
0	19:41:13.387	trend_dtrader GBPUSD,H1: Alert: Please check your internet connection
0	19:41:14.388	trend_dtrader GBPUSD,H1: Alert: Please check your internet connection
0	19:41:15.388	trend_dtrader GBPUSD,H1: Alert: Please check your internet connection
0	19:41:16.388	trend_dtrader GBPUSD,H1: Alert: Please check your internet connection
0	19:41:17.388	trend_dtrader GBPUSD,H1: Alert: Please check your internet connection
0	19:41:18.387	trend_dtrader GBPUSD,H1: Alert: Please check your internet connection
0	19:41:19.388	trend_dtrader GBPUSD,H1: Alert: Please check your internet connection
0	19:41:20.388	trend_dtrader GBPUSD,H1: Alert: Please check your internet connection
0	19:41:21.389	trend_dtrader GBPUSD,H1: Alert: Please check your internet connection
0	19:41:22.387	trend_dtrader GBPUSD,H1: Alert: Please check your internet connection
0	19:41:23.388	trend_dtrader GBPUSD,H1: Alert: Please check your internet connection
0	19:41:24.388	trend_dtrader GBPUSD,H1: Alert: Please check your internet connection
0	19:41:25.388	trend_dtrader GBPUSD,H1: Alert: Please check your internet connection
0	19:41:26.389	trend_dtrader GBPUSD,H1: Alert: Please check your internet connection
0	19:41:27.388	trend_dtrader GBPUSD,H1: Alert: Please check your internet connection
0	19:41:28.388	trend_dtrader GBPUSD,H1: Alert: Please check your internet connection
0	19:41:29.387	trend_dtrader GBPUSD,H1: Alert: Please check your internet connection
0	19:41:30.388	trend_dtrader GBPUSD,H1: Alert: Please check your internet connection
0	19:41:31.388	trend_dtrader GBPUSD,H1: Alert: Please check your internet connection
0	19:41:32.387	trend_dtrader GBPUSD,H1: Alert: Please check your internet connection
0	19:41:33.386	trend_dtrader GBPUSD,H1: Alert: Please check your internet connection
0	19:41:34.388	trend_dtrader GBPUSD,H1: Alert: Please check your internet connection
0	19:41:35.387	trend_dtrader GBPUSD,H1: Alert: Please check your internet connection
0	19:41:36.387	trend_dtrader GBPUSD,H1: Alert: Please check your internet connection
0	19:41:37.387	trend_dtrader GBPUSD,H1: Alert: Please check your internet connection
0	19:41:38.388	trend_dtrader GBPUSD,H1: Alert: Please check your internet connection
0	19:41:39.388	trend_dtrader GBPUSD,H1: Alert: Please check your internet connection
0	19:41:40.387	trend_dtrader GBPUSD,H1: Alert: Please check your internet connection
0	19:41:41.387	trend_dtrader GBPUSD,H1: Alert: Please check your internet connection
0	19:41:42.388	trend_dtrader GBPUSD,H1: Alert: Please check your internet connection
0	19:41:43.388	trend_dtrader GBPUSD,H1: Alert: Please check your internet connection
0	19:41:44.388	trend_dtrader GBPUSD,H1: Alert: Please check your internet connection
0	19:41:45.387	trend_dtrader GBPUSD,H1: Alert: Please check your internet connection
0	19:41:46.387	trend_dtrader GBPUSD,H1: Alert: Please check your internet connection
0	19:41:47.387	trend_dtrader GBPUSD,H1: Alert: Please check your internet connection
0	19:41:48.387	trend_dtrader GBPUSD,H1: Alert: Please check your internet connection
0	19:41:49.387	trend_dtrader GBPUSD,H1: Alert: Please check your internet connection
0	19:41:50.388	trend_dtrader GBPUSD,H1: Alert: Please check your internet connection
0	19:41:51.386	trend_dtrader GBPUSD,H1: Alert: Please check your internet connection
0	19:41:52.386	trend_dtrader GBPUSD,H1: Alert: Please check your internet connection
0	19:41:53.387	trend_dtrader GBPUSD,H1: Alert: Please check your internet connection
0	19:41:54.386	trend_dtrader GBPUSD,H1: Alert: Please check your internet connection
0	19:41:55.386	trend_dtrader GBPUSD,H1: Alert: Please check your internet connection
0	19:41:56.388	trend_dtrader GBPUSD,H1: Alert: Please check your internet connection
0	19:41:57.387	trend_dtrader GBPUSD,H1: Alert: Please check your internet connection
0	19:41:58.386	trend_dtrader GBPUSD,H1: Alert: Please check your internet connection
0	19:41:59.388	trend_dtrader GBPUSD,H1: Alert: Please check your internet connection
0	19:42:00.388	trend_dtrader GBPUSD,H1: Alert: Please check your internet connection
0	19:42:01.387	trend_dtrader GBPUSD,H1: Alert: Please check your internet connection
0	19:42:02.386	trend_dtrader GBPUSD,H1: Alert: Please check your internet connection
0	19:42:03.385	trend_dtrader GBPUSD,H1: Alert: Please check your internet connection
0	19:42:04.386	trend_dtrader GBPUSD,H1: Alert: Please check your internet connection
0	19:42:05.387	trend_dtrader GBPUSD,H1: Alert: Please check your internet connection
0	19:42:06.387	trend_dtrader GBPUSD,H1: Alert: Please check your internet connection
0	19:42:07.387	trend_dtrader GBPUSD,H1: Alert: Please check your internet connection
0	19:42:08.387	trend_dtrader GBPUSD,H1: Alert: Please check your internet connection
0	19:42:09.387	trend_dtrader GBPUSD,H1: Alert: Please check your internet connection
0	19:42:10.387	trend_dtrader GBPUSD,H1: Alert: Please check your internet connection
0	19:42:11.386	trend_dtrader GBPUSD,H1: Alert: Please check your internet connection
0	19:42:12.386	trend_dtrader GBPUSD,H1: Alert: Please check your internet connection
0	19:42:13.386	trend_dtrader GBPUSD,H1: Alert: Please check your internet connection
0	19:42:14.386	trend_dtrader GBPUSD,H1: Alert: Please check your internet connection
0	19:42:15.386	trend_dtrader GBPUSD,H1: Alert: Please check your internet connection
0	19:42:16.387	trend_dtrader GBPUSD,H1: Alert: Please check your internet connection
0	19:42:17.386	trend_dtrader GBPUSD,H1: Alert: Please check your internet connection
0	19:42:18.386	trend_dtrader GBPUSD,H1: Alert: Please check your internet connection
0	19:42:19.387	trend_dtrader GBPUSD,H1: Alert: Please check your internet connection
0	19:42:20.386	trend_dtrader GBPUSD,H1: Alert: Please check your internet connection
0	19:42:21.387	trend_dtrader GBPUSD,H1: Alert: Please check your internet connection
0	19:42:22.387	trend_dtrader GBPUSD,H1: Alert: Please check your internet connection
0	19:42:23.386	trend_dtrader GBPUSD,H1: Alert: Please check your internet connection
0	19:42:24.387	trend_dtrader GBPUSD,H1: Alert: Please check your internet connection
0	19:42:25.387	trend_dtrader GBPUSD,H1: Alert: Please check your internet connection
0	19:42:26.386	trend_dtrader GBPUSD,H1: Alert: Please check your internet connection
0	19:42:27.387	trend_dtrader GBPUSD,H1: Alert: Please check your internet connection
0	19:42:28.387	trend_dtrader GBPUSD,H1: Alert: Please check your internet connection
0	19:42:29.386	trend_dtrader GBPUSD,H1: Alert: Please check your internet connection
0	19:42:30.385	trend_dtrader GBPUSD,H1: Alert: Please check your internet connection
0	19:42:31.385	trend_dtrader GBPUSD,H1: Alert: Please check your internet connection
0	19:42:32.387	trend_dtrader GBPUSD,H1: Alert: Please check your internet connection
0	19:42:33.385	trend_dtrader GBPUSD,H1: Alert: Please check your internet connection
0	19:42:34.387	trend_dtrader GBPUSD,H1: Alert: Please check your internet connection
0	19:42:35.386	trend_dtrader GBPUSD,H1: Alert: Please check your internet connection
0	19:42:36.386	trend_dtrader GBPUSD,H1: Alert: Please check your internet connection
0	19:42:37.386	trend_dtrader GBPUSD,H1: Alert: Please check your internet connection
0	19:42:38.386	trend_dtrader GBPUSD,H1: Alert: Please check your internet connection
0	19:42:39.385	trend_dtrader GBPUSD,H1: Alert: Please check your internet connection
0	19:42:40.386	trend_dtrader GBPUSD,H1: Alert: Please check your internet connection
0	19:42:41.386	trend_dtrader GBPUSD,H1: Alert: Please check your internet connection
0	19:42:42.387	trend_dtrader GBPUSD,H1: Alert: Please check your internet connection
0	19:42:43.386	trend_dtrader GBPUSD,H1: Alert: Please check your internet connection
0	19:42:44.386	trend_dtrader GBPUSD,H1: Alert: Please check your internet connection
0	19:42:45.386	trend_dtrader GBPUSD,H1: Alert: Please check your internet connection
0	19:42:46.385	trend_dtrader GBPUSD,H1: Alert: Please check your internet connection
0	19:42:47.386	trend_dtrader GBPUSD,H1: Alert: Please check your internet connection
0	19:42:48.386	trend_dtrader GBPUSD,H1: Alert: Please check your internet connection
0	19:42:49.386	trend_dtrader GBPUSD,H1: Alert: Please check your internet connection
0	19:42:50.386	trend_dtrader GBPUSD,H1: Alert: Please check your internet connection
0	19:42:51.386	trend_dtrader GBPUSD,H1: Alert: Please check your internet connection
0	19:42:52.386	trend_dtrader GBPUSD,H1: Alert: Please check your internet connection
0	19:42:53.385	trend_dtrader GBPUSD,H1: Alert: Please check your internet connection
0	19:42:54.384	trend_dtrader GBPUSD,H1: Alert: Please check your internet connection
0	19:42:55.386	trend_dtrader GBPUSD,H1: Alert: Please check your internet connection
0	19:42:56.386	trend_dtrader GBPUSD,H1: Alert: Please check your internet connection
0	19:42:57.386	trend_dtrader GBPUSD,H1: Alert: Please check your internet connection
0	19:42:58.385	trend_dtrader GBPUSD,H1: Alert: Please check your internet connection
0	19:42:59.385	trend_dtrader GBPUSD,H1: Alert: Please check your internet connection
0	19:43:00.386	trend_dtrader GBPUSD,H1: Alert: Please check your internet connection
0	19:43:01.386	trend_dtrader GBPUSD,H1: Alert: Please check your internet connection
0	19:43:02.385	trend_dtrader GBPUSD,H1: Alert: Please check your internet connection
0	19:43:03.385	trend_dtrader GBPUSD,H1: Alert: Please check your internet connection
0	19:43:04.386	trend_dtrader GBPUSD,H1: Alert: Please check your internet connection
0	19:43:05.385	trend_dtrader GBPUSD,H1: Alert: Please check your internet connection
0	19:43:06.386	trend_dtrader GBPUSD,H1: Alert: Please check your internet connection
0	19:43:07.384	trend_dtrader GBPUSD,H1: Alert: Please check your internet connection
0	19:43:08.386	trend_dtrader GBPUSD,H1: Alert: Please check your internet connection
0	19:43:09.386	trend_dtrader GBPUSD,H1: Alert: Please check your internet connection
0	19:43:10.386	trend_dtrader GBPUSD,H1: Alert: Please check your internet connection
0	19:43:11.385	trend_dtrader GBPUSD,H1: Alert: Please check your internet connection
0	19:43:12.384	trend_dtrader GBPUSD,H1: Alert: Please check your internet connection
0	19:43:13.385	trend_dtrader GBPUSD,H1: Alert: Please check your internet connection
0	19:43:14.385	trend_dtrader GBPUSD,H1: Alert: Please check your internet connection
0	19:43:15.385	trend_dtrader GBPUSD,H1: Alert: Please check your internet connection
0	19:43:16.385	trend_dtrader GBPUSD,H1: Alert: Please check your internet connection
0	19:43:17.385	trend_dtrader GBPUSD,H1: Alert: Please check your internet connection
0	19:43:18.384	trend_dtrader GBPUSD,H1: Alert: Please check your internet connection
0	19:43:19.384	trend_dtrader GBPUSD,H1: Alert: Please check your internet connection
0	19:43:20.385	trend_dtrader GBPUSD,H1: Alert: Please check your internet connection
0	19:43:21.384	trend_dtrader GBPUSD,H1: Alert: Please check your internet connection
0	19:43:22.385	trend_dtrader GBPUSD,H1: Alert: Please check your internet connection
0	19:43:23.384	trend_dtrader GBPUSD,H1: Alert: Please check your internet connection
0	19:43:24.385	trend_dtrader GBPUSD,H1: Alert: Please check your internet connection
0	19:43:25.384	trend_dtrader GBPUSD,H1: Alert: Please check your internet connection
0	19:43:26.385	trend_dtrader GBPUSD,H1: Alert: Please check your internet connection
0	19:43:27.385	trend_dtrader GBPUSD,H1: Alert: Please check your internet connection
0	19:43:28.385	trend_dtrader GBPUSD,H1: Alert: Please check your internet connection
0	19:43:29.384	trend_dtrader GBPUSD,H1: Alert: Please check your internet connection
0	19:43:30.384	trend_dtrader GBPUSD,H1: Alert: Please check your internet connection
0	19:43:31.385	trend_dtrader GBPUSD,H1: Alert: Please check your internet connection
0	19:43:32.384	trend_dtrader GBPUSD,H1: Alert: Please check your internet connection
0	19:43:33.384	trend_dtrader GBPUSD,H1: Alert: Please check your internet connection
0	19:43:34.385	trend_dtrader GBPUSD,H1: Alert: Please check your internet connection
0	19:43:35.385	trend_dtrader GBPUSD,H1: Alert: Please check your internet connection
0	19:43:36.384	trend_dtrader GBPUSD,H1: Alert: Please check your internet connection
0	19:43:37.384	trend_dtrader GBPUSD,H1: Alert: Please check your internet connection
0	19:43:38.385	trend_dtrader GBPUSD,H1: Alert: Please check your internet connection
0	19:43:39.384	trend_dtrader GBPUSD,H1: Alert: Please check your internet connection
0	19:43:40.383	trend_dtrader GBPUSD,H1: Alert: Please check your internet connection
0	19:43:41.385	trend_dtrader GBPUSD,H1: Alert: Please check your internet connection
0	19:43:42.384	trend_dtrader GBPUSD,H1: Alert: Please check your internet connection
0	19:43:43.384	trend_dtrader GBPUSD,H1: Alert: Please check your internet connection
0	19:43:44.384	trend_dtrader GBPUSD,H1: Alert: Please check your internet connection
0	19:43:45.384	trend_dtrader GBPUSD,H1: Alert: Please check your internet connection
0	19:43:46.384	trend_dtrader GBPUSD,H1: Alert: Please check your internet connection
0	19:43:47.383	trend_dtrader GBPUSD,H1: Alert: Please check your internet connection
0	19:43:48.384	trend_dtrader GBPUSD,H1: Alert: Please check your internet connection
0	19:43:49.385	trend_dtrader GBPUSD,H1: Alert: Please check your internet connection
0	19:43:50.384	trend_dtrader GBPUSD,H1: Alert: Please check your internet connection
0	19:43:51.384	trend_dtrader GBPUSD,H1: Alert: Please check your internet connection
0	19:43:52.383	trend_dtrader GBPUSD,H1: Alert: Please check your internet connection
0	19:43:53.384	trend_dtrader GBPUSD,H1: Alert: Please check your internet connection
0	19:43:54.384	trend_dtrader GBPUSD,H1: Alert: Please check your internet connection
0	19:43:55.384	trend_dtrader GBPUSD,H1: Alert: Please check your internet connection
0	19:43:56.383	trend_dtrader GBPUSD,H1: Alert: Please check your internet connection
0	19:43:57.384	trend_dtrader GBPUSD,H1: Alert: Please check your internet connection
0	19:43:58.383	trend_dtrader GBPUSD,H1: Alert: Please check your internet connection
0	19:43:59.383	trend_dtrader GBPUSD,H1: Alert: Please check your internet connection
0	19:44:00.384	trend_dtrader GBPUSD,H1: Alert: Please check your internet connection
0	19:44:01.383	trend_dtrader GBPUSD,H1: Alert: Please check your internet connection
0	19:44:02.383	trend_dtrader GBPUSD,H1: Alert: Please check your internet connection
0	19:44:03.384	trend_dtrader GBPUSD,H1: Alert: Please check your internet connection
0	19:44:04.383	trend_dtrader GBPUSD,H1: Alert: Please check your internet connection
0	19:44:05.384	trend_dtrader GBPUSD,H1: Alert: Please check your internet connection
0	19:44:06.384	trend_dtrader GBPUSD,H1: Alert: Please check your internet connection
0	19:44:07.384	trend_dtrader GBPUSD,H1: Alert: Please check your internet connection
0	19:44:08.383	trend_dtrader GBPUSD,H1: Alert: Please check your internet connection
0	19:44:09.383	trend_dtrader GBPUSD,H1: Alert: Please check your internet connection
0	19:44:10.384	trend_dtrader GBPUSD,H1: Alert: Please check your internet connection
0	19:44:11.384	trend_dtrader GBPUSD,H1: Alert: Please check your internet connection
0	19:44:12.383	trend_dtrader GBPUSD,H1: Alert: Please check your internet connection
0	19:44:13.383	trend_dtrader GBPUSD,H1: Alert: Please check your internet connection
0	19:44:14.384	trend_dtrader GBPUSD,H1: Alert: Please check your internet connection
0	19:44:15.383	trend_dtrader GBPUSD,H1: Alert: Please check your internet connection
0	19:44:16.383	trend_dtrader GBPUSD,H1: Alert: Please check your internet connection
0	19:44:17.383	trend_dtrader GBPUSD,H1: Alert: Please check your internet connection
0	19:44:18.384	trend_dtrader GBPUSD,H1: Alert: Please check your internet connection
0	19:44:19.383	trend_dtrader GBPUSD,H1: Alert: Please check your internet connection
0	19:44:20.383	trend_dtrader GBPUSD,H1: Alert: Please check your internet connection
0	19:44:21.384	trend_dtrader GBPUSD,H1: Alert: Please check your internet connection
0	19:44:22.383	trend_dtrader GBPUSD,H1: Alert: Please check your internet connection
0	19:44:23.383	trend_dtrader GBPUSD,H1: Alert: Please check your internet connection
0	19:44:24.383	trend_dtrader GBPUSD,H1: Alert: Please check your internet connection
0	19:44:25.384	trend_dtrader GBPUSD,H1: Alert: Please check your internet connection
0	19:44:26.384	trend_dtrader GBPUSD,H1: Alert: Please check your internet connection
0	19:44:27.384	trend_dtrader GBPUSD,H1: Alert: Please check your internet connection
0	19:44:28.383	trend_dtrader GBPUSD,H1: Alert: Please check your internet connection
0	19:44:29.383	trend_dtrader GBPUSD,H1: Alert: Please check your internet connection
0	19:44:30.384	trend_dtrader GBPUSD,H1: Alert: Please check your internet connection
0	19:44:31.382	trend_dtrader GBPUSD,H1: Alert: Please check your internet connection
0	19:44:32.382	trend_dtrader GBPUSD,H1: Alert: Please check your internet connection
0	19:44:33.382	trend_dtrader GBPUSD,H1: Alert: Please check your internet connection
0	19:44:34.383	trend_dtrader GBPUSD,H1: Alert: Please check your internet connection
0	19:44:35.383	trend_dtrader GBPUSD,H1: Alert: Please check your internet connection
0	19:44:36.384	trend_dtrader GBPUSD,H1: Alert: Please check your internet connection
0	19:44:37.383	trend_dtrader GBPUSD,H1: Alert: Please check your internet connection
0	19:44:38.381	trend_dtrader GBPUSD,H1: Alert: Please check your internet connection
0	19:44:39.383	trend_dtrader GBPUSD,H1: Alert: Please check your internet connection
0	19:44:40.383	trend_dtrader GBPUSD,H1: Alert: Please check your internet connection
0	19:44:41.383	trend_dtrader GBPUSD,H1: Alert: Please check your internet connection
0	19:44:42.382	trend_dtrader GBPUSD,H1: Alert: Please check your internet connection
0	19:44:43.394	trend_dtrader GBPUSD,H1: Alert: Please check your internet connection
0	19:44:44.383	trend_dtrader GBPUSD,H1: Alert: Please check your internet connection
0	19:44:45.383	trend_dtrader GBPUSD,H1: Alert: Please check your internet connection
0	19:44:46.384	trend_dtrader GBPUSD,H1: Alert: Please check your internet connection
0	19:44:47.382	trend_dtrader GBPUSD,H1: Alert: Please check your internet connection
0	19:44:48.381	trend_dtrader GBPUSD,H1: Alert: Please check your internet connection
0	19:44:49.383	trend_dtrader GBPUSD,H1: Alert: Please check your internet connection
0	19:44:50.383	trend_dtrader GBPUSD,H1: Alert: Please check your internet connection
0	19:44:51.382	trend_dtrader GBPUSD,H1: Alert: Please check your internet connection
0	19:44:52.382	trend_dtrader GBPUSD,H1: Alert: Please check your internet connection
0	19:44:53.383	trend_dtrader GBPUSD,H1: Alert: Please check your internet connection
0	19:44:54.383	trend_dtrader GBPUSD,H1: Alert: Please check your internet connection
0	19:44:55.383	trend_dtrader GBPUSD,H1: Alert: Please check your internet connection
0	19:44:56.382	trend_dtrader GBPUSD,H1: Alert: Please check your internet connection
0	19:44:57.382	trend_dtrader GBPUSD,H1: Alert: Please check your internet connection
0	19:44:58.383	trend_dtrader GBPUSD,H1: Alert: Please check your internet connection
0	19:44:59.381	trend_dtrader GBPUSD,H1: Alert: Please check your internet connection
0	19:45:00.382	trend_dtrader GBPUSD,H1: Alert: Please check your internet connection
0	19:45:01.382	trend_dtrader GBPUSD,H1: Alert: Please check your internet connection
0	19:45:02.382	trend_dtrader GBPUSD,H1: Alert: Please check your internet connection
0	19:45:03.382	trend_dtrader GBPUSD,H1: Alert: Please check your internet connection
0	19:45:04.382	trend_dtrader GBPUSD,H1: Alert: Please check your internet connection
0	19:45:05.383	trend_dtrader GBPUSD,H1: Alert: Please check your internet connection
0	19:45:06.381	trend_dtrader GBPUSD,H1: Alert: Please check your internet connection
0	19:45:07.381	trend_dtrader GBPUSD,H1: Alert: Please check your internet connection
0	19:45:08.383	trend_dtrader GBPUSD,H1: Alert: Please check your internet connection
0	19:45:09.381	trend_dtrader GBPUSD,H1: Alert: Please check your internet connection
0	19:45:10.382	trend_dtrader GBPUSD,H1: Alert: Please check your internet connection
0	19:45:11.382	trend_dtrader GBPUSD,H1: Alert: Please check your internet connection
0	19:45:12.381	trend_dtrader GBPUSD,H1: Alert: Please check your internet connection
0	19:45:13.382	trend_dtrader GBPUSD,H1: Alert: Please check your internet connection
0	19:45:14.382	trend_dtrader GBPUSD,H1: Alert: Please check your internet connection
0	19:45:15.381	trend_dtrader GBPUSD,H1: Alert: Please check your internet connection
0	19:45:16.380	trend_dtrader GBPUSD,H1: Alert: Please check your internet connection
0	19:45:17.382	trend_dtrader GBPUSD,H1: Alert: Please check your internet connection
0	19:45:18.382	trend_dtrader GBPUSD,H1: Alert: Please check your internet connection
0	19:45:19.381	trend_dtrader GBPUSD,H1: Alert: Please check your internet connection
0	19:45:20.382	trend_dtrader GBPUSD,H1: Alert: Please check your internet connection
0	19:45:21.381	trend_dtrader GBPUSD,H1: Alert: Please check your internet connection
0	19:45:22.382	trend_dtrader GBPUSD,H1: Alert: Please check your internet connection
0	19:45:23.382	trend_dtrader GBPUSD,H1: Alert: Please check your internet connection
0	19:45:24.381	trend_dtrader GBPUSD,H1: Alert: Please check your internet connection
0	19:45:25.381	trend_dtrader GBPUSD,H1: Alert: Please check your internet connection
0	19:45:26.381	trend_dtrader GBPUSD,H1: Alert: Please check your internet connection
0	19:45:27.382	trend_dtrader GBPUSD,H1: Alert: Please check your internet connection
0	19:45:28.382	trend_dtrader GBPUSD,H1: Alert: Please check your internet connection
0	19:45:29.382	trend_dtrader GBPUSD,H1: Alert: Please check your internet connection
0	19:45:30.382	trend_dtrader GBPUSD,H1: Alert: Please check your internet connection
0	19:45:31.381	trend_dtrader GBPUSD,H1: Alert: Please check your internet connection
0	19:45:32.381	trend_dtrader GBPUSD,H1: Alert: Please check your internet connection
0	19:45:33.382	trend_dtrader GBPUSD,H1: Alert: Please check your internet connection
0	19:45:34.381	trend_dtrader GBPUSD,H1: Alert: Please check your internet connection
0	19:45:35.382	trend_dtrader GBPUSD,H1: Alert: Please check your internet connection
0	19:45:36.382	trend_dtrader GBPUSD,H1: Alert: Please check your internet connection
0	19:45:37.382	trend_dtrader GBPUSD,H1: Alert: Please check your internet connection
0	19:45:38.380	trend_dtrader GBPUSD,H1: Alert: Please check your internet connection
0	19:45:39.381	trend_dtrader GBPUSD,H1: Alert: Please check your internet connection
0	19:45:40.381	trend_dtrader GBPUSD,H1: Alert: Please check your internet connection
0	19:45:41.382	trend_dtrader GBPUSD,H1: Alert: Please check your internet connection
0	19:45:42.381	trend_dtrader GBPUSD,H1: Alert: Please check your internet connection
0	19:45:43.382	trend_dtrader GBPUSD,H1: Alert: Please check your internet connection
0	19:45:44.382	trend_dtrader GBPUSD,H1: Alert: Please check your internet connection
0	19:45:45.382	trend_dtrader GBPUSD,H1: Alert: Please check your internet connection
0	19:45:46.381	trend_dtrader GBPUSD,H1: Alert: Please check your internet connection
0	19:45:47.380	trend_dtrader GBPUSD,H1: Alert: Please check your internet connection
0	19:45:48.381	trend_dtrader GBPUSD,H1: Alert: Please check your internet connection
0	19:45:49.381	trend_dtrader GBPUSD,H1: Alert: Please check your internet connection
0	19:45:50.382	trend_dtrader GBPUSD,H1: Alert: Please check your internet connection
0	19:45:51.381	trend_dtrader GBPUSD,H1: Alert: Please check your internet connection
0	19:45:52.381	trend_dtrader GBPUSD,H1: Alert: Please check your internet connection
0	19:45:53.381	trend_dtrader GBPUSD,H1: Alert: Please check your internet connection
0	19:45:54.381	trend_dtrader GBPUSD,H1: Alert: Please check your internet connection
0	19:45:55.380	trend_dtrader GBPUSD,H1: Alert: Please check your internet connection
0	19:45:56.380	trend_dtrader GBPUSD,H1: Alert: Please check your internet connection
0	19:45:57.381	trend_dtrader GBPUSD,H1: Alert: Please check your internet connection
0	19:45:58.380	trend_dtrader GBPUSD,H1: Alert: Please check your internet connection
0	19:45:59.380	trend_dtrader GBPUSD,H1: Alert: Please check your internet connection
0	19:46:00.380	trend_dtrader GBPUSD,H1: Alert: Please check your internet connection
0	19:46:01.379	trend_dtrader GBPUSD,H1: Alert: Please check your internet connection
0	19:46:02.381	trend_dtrader GBPUSD,H1: Alert: Please check your internet connection
0	19:46:03.380	trend_dtrader GBPUSD,H1: Alert: Please check your internet connection
0	19:46:04.381	trend_dtrader GBPUSD,H1: Alert: Please check your internet connection
0	19:46:05.381	trend_dtrader GBPUSD,H1: Alert: Please check your internet connection
0	19:46:06.381	trend_dtrader GBPUSD,H1: Alert: Please check your internet connection
0	19:46:07.381	trend_dtrader GBPUSD,H1: Alert: Please check your internet connection
0	19:46:08.382	trend_dtrader GBPUSD,H1: Alert: Please check your internet connection
0	19:46:09.379	trend_dtrader GBPUSD,H1: Alert: Please check your internet connection
0	19:46:10.381	trend_dtrader GBPUSD,H1: Alert: Please check your internet connection
0	19:46:11.380	trend_dtrader GBPUSD,H1: Alert: Please check your internet connection
0	19:46:12.382	trend_dtrader GBPUSD,H1: Alert: Please check your internet connection
0	19:46:13.381	trend_dtrader GBPUSD,H1: Alert: Please check your internet connection
0	19:46:14.381	trend_dtrader GBPUSD,H1: Alert: Please check your internet connection
0	19:46:15.380	trend_dtrader GBPUSD,H1: Alert: Please check your internet connection
0	19:46:16.381	trend_dtrader GBPUSD,H1: Alert: Please check your internet connection
0	19:46:17.380	trend_dtrader GBPUSD,H1: Alert: Please check your internet connection
0	19:46:18.379	trend_dtrader GBPUSD,H1: Alert: Please check your internet connection
0	19:46:19.380	trend_dtrader GBPUSD,H1: Alert: Please check your internet connection
0	19:46:20.379	trend_dtrader GBPUSD,H1: Alert: Please check your internet connection
0	19:46:21.380	trend_dtrader GBPUSD,H1: Alert: Please check your internet connection
0	19:46:22.382	trend_dtrader GBPUSD,H1: Alert: Please check your internet connection
0	19:46:23.380	trend_dtrader GBPUSD,H1: Alert: Please check your internet connection
0	19:46:24.381	trend_dtrader GBPUSD,H1: Alert: Please check your internet connection
0	19:46:25.380	trend_dtrader GBPUSD,H1: Alert: Please check your internet connection
0	19:46:26.380	trend_dtrader GBPUSD,H1: Alert: Please check your internet connection
0	19:46:27.380	trend_dtrader GBPUSD,H1: Alert: Please check your internet connection
0	19:46:28.381	trend_dtrader GBPUSD,H1: Alert: Please check your internet connection
0	19:46:29.380	trend_dtrader GBPUSD,H1: Alert: Please check your internet connection
0	19:46:30.382	trend_dtrader GBPUSD,H1: Alert: Please check your internet connection
0	19:46:31.380	trend_dtrader GBPUSD,H1: Alert: Please check your internet connection
0	19:46:32.380	trend_dtrader GBPUSD,H1: Alert: Please check your internet connection
0	19:46:33.380	trend_dtrader GBPUSD,H1: Alert: Please check your internet connection
0	19:46:34.379	trend_dtrader GBPUSD,H1: Alert: Please check your internet connection
0	19:46:35.380	trend_dtrader GBPUSD,H1: Alert: Please check your internet connection
0	19:46:36.378	trend_dtrader GBPUSD,H1: Alert: Please check your internet connection
0	19:46:37.379	trend_dtrader GBPUSD,H1: Alert: Please check your internet connection
0	19:46:38.378	trend_dtrader GBPUSD,H1: Alert: Please check your internet connection
0	19:46:39.380	trend_dtrader GBPUSD,H1: Alert: Please check your internet connection
0	19:46:40.378	trend_dtrader GBPUSD,H1: Alert: Please check your internet connection
0	19:46:41.380	trend_dtrader GBPUSD,H1: Alert: Please check your internet connection
0	19:46:42.379	trend_dtrader GBPUSD,H1: Alert: Please check your internet connection
0	19:46:43.378	trend_dtrader GBPUSD,H1: Alert: Please check your internet connection
0	19:46:44.380	trend_dtrader GBPUSD,H1: Alert: Please check your internet connection
0	19:46:45.380	trend_dtrader GBPUSD,H1: Alert: Please check your internet connection
0	19:46:46.380	trend_dtrader GBPUSD,H1: Alert: Please check your internet connection
0	19:46:47.380	trend_dtrader GBPUSD,H1: Alert: Please check your internet connection
0	19:46:48.378	trend_dtrader GBPUSD,H1: Alert: Please check your internet connection
0	19:46:49.380	trend_dtrader GBPUSD,H1: Alert: Please check your internet connection
0	19:46:50.380	trend_dtrader GBPUSD,H1: Alert: Please check your internet connection
0	19:46:51.378	trend_dtrader GBPUSD,H1: Alert: Please check your internet connection
0	19:46:52.381	trend_dtrader GBPUSD,H1: Alert: Please check your internet connection
0	19:46:53.379	trend_dtrader GBPUSD,H1: Alert: Please check your internet connection
0	19:46:54.380	trend_dtrader GBPUSD,H1: Alert: Please check your internet connection
0	19:46:55.378	trend_dtrader GBPUSD,H1: Alert: Please check your internet connection
0	19:46:56.380	trend_dtrader GBPUSD,H1: Alert: Please check your internet connection
0	19:46:57.379	trend_dtrader GBPUSD,H1: Alert: Please check your internet connection
0	19:46:58.382	trend_dtrader GBPUSD,H1: Alert: Please check your internet connection
0	19:46:59.379	trend_dtrader GBPUSD,H1: Alert: Please check your internet connection
0	19:47:00.379	trend_dtrader GBPUSD,H1: Alert: Please check your internet connection
0	19:47:01.379	trend_dtrader GBPUSD,H1: Alert: Please check your internet connection
0	19:47:02.379	trend_dtrader GBPUSD,H1: Alert: Please check your internet connection
0	19:47:03.381	trend_dtrader GBPUSD,H1: Alert: Please check your internet connection
0	19:47:04.378	trend_dtrader GBPUSD,H1: Alert: Please check your internet connection
0	19:47:05.379	trend_dtrader GBPUSD,H1: Alert: Please check your internet connection
0	19:47:06.379	trend_dtrader GBPUSD,H1: Alert: Please check your internet connection
0	19:47:07.379	trend_dtrader GBPUSD,H1: Alert: Please check your internet connection
0	19:47:08.379	trend_dtrader GBPUSD,H1: Alert: Please check your internet connection
0	19:47:09.379	trend_dtrader GBPUSD,H1: Alert: Please check your internet connection
0	19:47:10.378	trend_dtrader GBPUSD,H1: Alert: Please check your internet connection
0	19:47:11.378	trend_dtrader GBPUSD,H1: Alert: Please check your internet connection
0	19:47:12.379	trend_dtrader GBPUSD,H1: Alert: Please check your internet connection
0	19:47:13.379	trend_dtrader GBPUSD,H1: Alert: Please check your internet connection
0	19:47:14.379	trend_dtrader GBPUSD,H1: Alert: Please check your internet connection
0	19:47:15.379	trend_dtrader GBPUSD,H1: Alert: Please check your internet connection
0	19:47:16.380	trend_dtrader GBPUSD,H1: Alert: Please check your internet connection
0	19:47:17.379	trend_dtrader GBPUSD,H1: Alert: Please check your internet connection
0	19:47:18.379	trend_dtrader GBPUSD,H1: Alert: Please check your internet connection
0	19:47:19.377	trend_dtrader GBPUSD,H1: Alert: Please check your internet connection
0	19:47:20.377	trend_dtrader GBPUSD,H1: Alert: Please check your internet connection
0	19:47:21.379	trend_dtrader GBPUSD,H1: Alert: Please check your internet connection
0	19:47:22.378	trend_dtrader GBPUSD,H1: Alert: Please check your internet connection
0	19:47:23.378	trend_dtrader GBPUSD,H1: Alert: Please check your internet connection
0	19:47:24.378	trend_dtrader GBPUSD,H1: Alert: Please check your internet connection
0	19:47:25.377	trend_dtrader GBPUSD,H1: Alert: Please check your internet connection
0	19:47:26.379	trend_dtrader GBPUSD,H1: Alert: Please check your internet connection
0	19:47:27.378	trend_dtrader GBPUSD,H1: Alert: Please check your internet connection
0	19:47:28.378	trend_dtrader GBPUSD,H1: Alert: Please check your internet connection
0	19:47:29.379	trend_dtrader GBPUSD,H1: Alert: Please check your internet connection
0	19:47:30.378	trend_dtrader GBPUSD,H1: Alert: Please check your internet connection
0	19:47:31.378	trend_dtrader GBPUSD,H1: Alert: Please check your internet connection
0	19:47:32.379	trend_dtrader GBPUSD,H1: Alert: Please check your internet connection
0	19:47:33.379	trend_dtrader GBPUSD,H1: Alert: Please check your internet connection
0	19:47:34.378	trend_dtrader GBPUSD,H1: Alert: Please check your internet connection
0	19:47:35.378	trend_dtrader GBPUSD,H1: Alert: Please check your internet connection
0	19:47:36.378	trend_dtrader GBPUSD,H1: Alert: Please check your internet connection
0	19:47:37.378	trend_dtrader GBPUSD,H1: Alert: Please check your internet connection
0	19:47:38.378	trend_dtrader GBPUSD,H1: Alert: Please check your internet connection
0	19:47:39.378	trend_dtrader GBPUSD,H1: Alert: Please check your internet connection
0	19:47:40.378	trend_dtrader GBPUSD,H1: Alert: Please check your internet connection
0	19:47:41.391	trend_dtrader GBPUSD,H1: Alert: Please check your internet connection
0	19:47:42.378	trend_dtrader GBPUSD,H1: Alert: Please check your internet connection
0	19:47:43.377	trend_dtrader GBPUSD,H1: Alert: Please check your internet connection
0	19:47:44.378	trend_dtrader GBPUSD,H1: Alert: Please check your internet connection
0	19:47:45.379	trend_dtrader GBPUSD,H1: Alert: Please check your internet connection
0	19:47:46.378	trend_dtrader GBPUSD,H1: Alert: Please check your internet connection
0	19:47:47.378	trend_dtrader GBPUSD,H1: Alert: Please check your internet connection
0	19:47:48.378	trend_dtrader GBPUSD,H1: Alert: Please check your internet connection
0	19:47:49.378	trend_dtrader GBPUSD,H1: Alert: Please check your internet connection
0	19:47:50.378	trend_dtrader GBPUSD,H1: Alert: Please check your internet connection
0	19:47:51.378	trend_dtrader GBPUSD,H1: Alert: Please check your internet connection
0	19:47:52.378	trend_dtrader GBPUSD,H1: Alert: Please check your internet connection
0	19:47:53.379	trend_dtrader GBPUSD,H1: Alert: Please check your internet connection
0	19:47:54.377	trend_dtrader GBPUSD,H1: Alert: Please check your internet connection
0	19:47:55.378	trend_dtrader GBPUSD,H1: Alert: Please check your internet connection
0	19:47:56.378	trend_dtrader GBPUSD,H1: Alert: Please check your internet connection
0	19:47:57.377	trend_dtrader GBPUSD,H1: Alert: Please check your internet connection
0	19:47:58.378	trend_dtrader GBPUSD,H1: Alert: Please check your internet connection
0	19:47:59.378	trend_dtrader GBPUSD,H1: Alert: Please check your internet connection
0	19:48:00.378	trend_dtrader GBPUSD,H1: Alert: Please check your internet connection
0	19:48:01.378	trend_dtrader GBPUSD,H1: Alert: Please check your internet connection
0	19:48:02.378	trend_dtrader GBPUSD,H1: Alert: Please check your internet connection
0	19:48:03.377	trend_dtrader GBPUSD,H1: Alert: Please check your internet connection
0	19:48:04.378	trend_dtrader GBPUSD,H1: Alert: Please check your internet connection
0	19:48:05.377	trend_dtrader GBPUSD,H1: Alert: Please check your internet connection
0	19:48:06.378	trend_dtrader GBPUSD,H1: Alert: Please check your internet connection
0	19:48:07.377	trend_dtrader GBPUSD,H1: Alert: Please check your internet connection
0	19:48:08.376	trend_dtrader GBPUSD,H1: Alert: Please check your internet connection
0	19:48:09.376	trend_dtrader GBPUSD,H1: Alert: Please check your internet connection
0	19:48:10.378	trend_dtrader GBPUSD,H1: Alert: Please check your internet connection
0	19:48:11.378	trend_dtrader GBPUSD,H1: Alert: Please check your internet connection
0	19:48:12.376	trend_dtrader GBPUSD,H1: Alert: Please check your internet connection
0	19:48:13.378	trend_dtrader GBPUSD,H1: Alert: Please check your internet connection
0	19:48:14.377	trend_dtrader GBPUSD,H1: Alert: Please check your internet connection
0	19:48:15.377	trend_dtrader GBPUSD,H1: Alert: Please check your internet connection
0	19:48:16.378	trend_dtrader GBPUSD,H1: Alert: Please check your internet connection
0	19:48:17.378	trend_dtrader GBPUSD,H1: Alert: Please check your internet connection
0	19:48:18.376	trend_dtrader GBPUSD,H1: Alert: Please check your internet connection
0	19:48:19.378	trend_dtrader GBPUSD,H1: Alert: Please check your internet connection
0	19:48:20.377	trend_dtrader GBPUSD,H1: Alert: Please check your internet connection
0	19:48:21.377	trend_dtrader GBPUSD,H1: Alert: Please check your internet connection
0	19:48:22.378	trend_dtrader GBPUSD,H1: Alert: Please check your internet connection
0	19:48:23.377	trend_dtrader GBPUSD,H1: Alert: Please check your internet connection
0	19:48:24.377	trend_dtrader GBPUSD,H1: Alert: Please check your internet connection
0	19:48:25.378	trend_dtrader GBPUSD,H1: Alert: Please check your internet connection
0	19:48:26.377	trend_dtrader GBPUSD,H1: Alert: Please check your internet connection
0	19:48:27.377	trend_dtrader GBPUSD,H1: Alert: Please check your internet connection
0	19:48:28.378	trend_dtrader GBPUSD,H1: Alert: Please check your internet connection
0	19:48:29.378	trend_dtrader GBPUSD,H1: Alert: Please check your internet connection
0	19:48:30.377	trend_dtrader GBPUSD,H1: Alert: Please check your internet connection
0	19:48:31.377	trend_dtrader GBPUSD,H1: Alert: Please check your internet connection
0	19:48:32.377	trend_dtrader GBPUSD,H1: Alert: Please check your internet connection
0	19:48:33.377	trend_dtrader GBPUSD,H1: Alert: Please check your internet connection
0	19:48:34.376	trend_dtrader GBPUSD,H1: Alert: Please check your internet connection
0	19:48:35.377	trend_dtrader GBPUSD,H1: Alert: Please check your internet connection
0	19:48:36.377	trend_dtrader GBPUSD,H1: Alert: Please check your internet connection
0	19:48:37.376	trend_dtrader GBPUSD,H1: Alert: Please check your internet connection
0	19:48:38.377	trend_dtrader GBPUSD,H1: Alert: Please check your internet connection
0	19:48:39.377	trend_dtrader GBPUSD,H1: Alert: Please check your internet connection
0	19:48:40.376	trend_dtrader GBPUSD,H1: Alert: Please check your internet connection
0	19:48:41.376	trend_dtrader GBPUSD,H1: Alert: Please check your internet connection
0	19:48:42.376	trend_dtrader GBPUSD,H1: Alert: Please check your internet connection
0	19:48:43.376	trend_dtrader GBPUSD,H1: Alert: Please check your internet connection
0	19:48:44.376	trend_dtrader GBPUSD,H1: Alert: Please check your internet connection
0	19:48:45.377	trend_dtrader GBPUSD,H1: Alert: Please check your internet connection
0	19:48:46.377	trend_dtrader GBPUSD,H1: Alert: Please check your internet connection
0	19:48:47.375	trend_dtrader GBPUSD,H1: Alert: Please check your internet connection
0	19:48:48.376	trend_dtrader GBPUSD,H1: Alert: Please check your internet connection
0	19:48:49.377	trend_dtrader GBPUSD,H1: Alert: Please check your internet connection
0	19:48:50.377	trend_dtrader GBPUSD,H1: Alert: Please check your internet connection
0	19:48:51.377	trend_dtrader GBPUSD,H1: Alert: Please check your internet connection
0	19:48:52.376	trend_dtrader GBPUSD,H1: Alert: Please check your internet connection
0	19:48:53.375	trend_dtrader GBPUSD,H1: Alert: Please check your internet connection
0	19:48:54.376	trend_dtrader GBPUSD,H1: Alert: Please check your internet connection
0	19:48:55.377	trend_dtrader GBPUSD,H1: Alert: Please check your internet connection
0	19:48:56.377	trend_dtrader GBPUSD,H1: Alert: Please check your internet connection
0	19:48:57.377	trend_dtrader GBPUSD,H1: Alert: Please check your internet connection
0	19:48:58.376	trend_dtrader GBPUSD,H1: Alert: Please check your internet connection
0	19:48:59.376	trend_dtrader GBPUSD,H1: Alert: Please check your internet connection
0	19:49:00.377	trend_dtrader GBPUSD,H1: Alert: Please check your internet connection
0	19:49:01.376	trend_dtrader GBPUSD,H1: Alert: Please check your internet connection
0	19:49:02.376	trend_dtrader GBPUSD,H1: Alert: Please check your internet connection
0	19:49:03.376	trend_dtrader GBPUSD,H1: Alert: Please check your internet connection
0	19:49:04.377	trend_dtrader GBPUSD,H1: Alert: Please check your internet connection
0	19:49:05.376	trend_dtrader GBPUSD,H1: Alert: Please check your internet connection
0	19:49:06.377	trend_dtrader GBPUSD,H1: Alert: Please check your internet connection
0	19:49:07.376	trend_dtrader GBPUSD,H1: Alert: Please check your internet connection
0	19:49:08.376	trend_dtrader GBPUSD,H1: Alert: Please check your internet connection
0	19:49:09.376	trend_dtrader GBPUSD,H1: Alert: Please check your internet connection
0	19:49:10.376	trend_dtrader GBPUSD,H1: Alert: Please check your internet connection
0	19:49:11.375	trend_dtrader GBPUSD,H1: Alert: Please check your internet connection
0	19:49:12.377	trend_dtrader GBPUSD,H1: Alert: Please check your internet connection
0	19:49:13.375	trend_dtrader GBPUSD,H1: Alert: Please check your internet connection
0	19:49:14.376	trend_dtrader GBPUSD,H1: Alert: Please check your internet connection
0	19:49:15.376	trend_dtrader GBPUSD,H1: Alert: Please check your internet connection
0	19:49:16.375	trend_dtrader GBPUSD,H1: Alert: Please check your internet connection
0	19:49:17.375	trend_dtrader GBPUSD,H1: Alert: Please check your internet connection
0	19:49:18.375	trend_dtrader GBPUSD,H1: Alert: Please check your internet connection
0	19:49:19.375	trend_dtrader GBPUSD,H1: Alert: Please check your internet connection
0	19:49:20.376	trend_dtrader GBPUSD,H1: Alert: Please check your internet connection
0	19:49:21.376	trend_dtrader GBPUSD,H1: Alert: Please check your internet connection
0	19:49:22.377	trend_dtrader GBPUSD,H1: Alert: Please check your internet connection
0	19:49:23.376	trend_dtrader GBPUSD,H1: Alert: Please check your internet connection
0	19:49:24.375	trend_dtrader GBPUSD,H1: Alert: Please check your internet connection
0	19:49:25.376	trend_dtrader GBPUSD,H1: Alert: Please check your internet connection
0	19:49:26.376	trend_dtrader GBPUSD,H1: Alert: Please check your internet connection
0	19:49:27.376	trend_dtrader GBPUSD,H1: Alert: Please check your internet connection
0	19:49:28.376	trend_dtrader GBPUSD,H1: Alert: Please check your internet connection
0	19:49:29.375	trend_dtrader GBPUSD,H1: Alert: Please check your internet connection
0	19:49:30.376	trend_dtrader GBPUSD,H1: Alert: Please check your internet connection
0	19:49:31.376	trend_dtrader GBPUSD,H1: Alert: Please check your internet connection
0	19:49:32.376	trend_dtrader GBPUSD,H1: Alert: Please check your internet connection
0	19:49:33.376	trend_dtrader GBPUSD,H1: Alert: Please check your internet connection
0	19:49:34.376	trend_dtrader GBPUSD,H1: Alert: Please check your internet connection
0	19:49:35.377	trend_dtrader GBPUSD,H1: Alert: Please check your internet connection
0	19:49:36.376	trend_dtrader GBPUSD,H1: Alert: Please check your internet connection
0	19:49:37.375	trend_dtrader GBPUSD,H1: Alert: Please check your internet connection
0	19:49:38.389	trend_dtrader GBPUSD,H1: Alert: Please check your internet connection
0	19:49:39.375	trend_dtrader GBPUSD,H1: Alert: Please check your internet connection
0	19:49:40.375	trend_dtrader GBPUSD,H1: Alert: Please check your internet connection
0	19:49:41.375	trend_dtrader GBPUSD,H1: Alert: Please check your internet connection
0	19:49:42.376	trend_dtrader GBPUSD,H1: Alert: Please check your internet connection
0	19:49:43.375	trend_dtrader GBPUSD,H1: Alert: Please check your internet connection
0	19:49:44.376	trend_dtrader GBPUSD,H1: Alert: Please check your internet connection
0	19:49:45.374	trend_dtrader GBPUSD,H1: Alert: Please check your internet connection
0	19:49:46.376	trend_dtrader GBPUSD,H1: Alert: Please check your internet connection
0	19:49:47.375	trend_dtrader GBPUSD,H1: Alert: Please check your internet connection
0	19:49:48.375	trend_dtrader GBPUSD,H1: Alert: Please check your internet connection
0	19:49:49.373	trend_dtrader GBPUSD,H1: Alert: Please check your internet connection
0	19:49:50.375	trend_dtrader GBPUSD,H1: Alert: Please check your internet connection
0	19:49:51.376	trend_dtrader GBPUSD,H1: Alert: Please check your internet connection
0	19:49:52.375	trend_dtrader GBPUSD,H1: Alert: Please check your internet connection
0	19:49:53.376	trend_dtrader GBPUSD,H1: Alert: Please check your internet connection
0	19:49:54.374	trend_dtrader GBPUSD,H1: Alert: Please check your internet connection
0	19:49:55.373	trend_dtrader GBPUSD,H1: Alert: Please check your internet connection
0	19:49:56.375	trend_dtrader GBPUSD,H1: Alert: Please check your internet connection
0	19:49:57.375	trend_dtrader GBPUSD,H1: Alert: Please check your internet connection
0	19:49:58.374	trend_dtrader GBPUSD,H1: Alert: Please check your internet connection
0	19:49:59.375	trend_dtrader GBPUSD,H1: Alert: Please check your internet connection
0	19:50:00.375	trend_dtrader GBPUSD,H1: Alert: Please check your internet connection
0	19:50:01.374	trend_dtrader GBPUSD,H1: Alert: Please check your internet connection
0	19:50:02.373	trend_dtrader GBPUSD,H1: Alert: Please check your internet connection
0	19:50:03.375	trend_dtrader GBPUSD,H1: Alert: Please check your internet connection
0	19:50:04.375	trend_dtrader GBPUSD,H1: Alert: Please check your internet connection
0	19:50:05.374	trend_dtrader GBPUSD,H1: Alert: Please check your internet connection
0	19:50:06.375	trend_dtrader GBPUSD,H1: Alert: Please check your internet connection
0	19:50:07.374	trend_dtrader GBPUSD,H1: Alert: Please check your internet connection
0	19:50:08.375	trend_dtrader GBPUSD,H1: Alert: Please check your internet connection
0	19:50:09.374	trend_dtrader GBPUSD,H1: Alert: Please check your internet connection
0	19:50:10.375	trend_dtrader GBPUSD,H1: Alert: Please check your internet connection
0	19:50:11.374	trend_dtrader GBPUSD,H1: Alert: Please check your internet connection
0	19:50:12.375	trend_dtrader GBPUSD,H1: Alert: Please check your internet connection
0	19:50:13.374	trend_dtrader GBPUSD,H1: Alert: Please check your internet connection
0	19:50:14.374	trend_dtrader GBPUSD,H1: Alert: Please check your internet connection
0	19:50:15.374	trend_dtrader GBPUSD,H1: Alert: Please check your internet connection
0	19:50:16.374	trend_dtrader GBPUSD,H1: Alert: Please check your internet connection
0	19:50:17.374	trend_dtrader GBPUSD,H1: Alert: Please check your internet connection
0	19:50:18.374	trend_dtrader GBPUSD,H1: Alert: Please check your internet connection
0	19:50:19.374	trend_dtrader GBPUSD,H1: Alert: Please check your internet connection
0	19:50:20.375	trend_dtrader GBPUSD,H1: Alert: Please check your internet connection
0	19:50:21.373	trend_dtrader GBPUSD,H1: Alert: Please check your internet connection
0	19:50:22.374	trend_dtrader GBPUSD,H1: Alert: Please check your internet connection
0	19:50:23.373	trend_dtrader GBPUSD,H1: Alert: Please check your internet connection
0	19:50:24.375	trend_dtrader GBPUSD,H1: Alert: Please check your internet connection
0	19:50:25.374	trend_dtrader GBPUSD,H1: Alert: Please check your internet connection
0	19:50:26.374	trend_dtrader GBPUSD,H1: Alert: Please check your internet connection
0	19:50:27.374	trend_dtrader GBPUSD,H1: Alert: Please check your internet connection
0	19:50:28.374	trend_dtrader GBPUSD,H1: Alert: Please check your internet connection
0	19:50:29.374	trend_dtrader GBPUSD,H1: Alert: Please check your internet connection
0	19:50:30.374	trend_dtrader GBPUSD,H1: Alert: Please check your internet connection
0	19:50:31.372	trend_dtrader GBPUSD,H1: Alert: Please check your internet connection
0	19:50:32.373	trend_dtrader GBPUSD,H1: Alert: Please check your internet connection
0	19:50:33.374	trend_dtrader GBPUSD,H1: Alert: Please check your internet connection
0	19:50:34.374	trend_dtrader GBPUSD,H1: Alert: Please check your internet connection
0	19:50:35.373	trend_dtrader GBPUSD,H1: Alert: Please check your internet connection
0	19:50:36.373	trend_dtrader GBPUSD,H1: Alert: Please check your internet connection
0	19:50:37.374	trend_dtrader GBPUSD,H1: Alert: Please check your internet connection
0	19:50:38.374	trend_dtrader GBPUSD,H1: Alert: Please check your internet connection
0	19:50:39.372	trend_dtrader GBPUSD,H1: Alert: Please check your internet connection
0	19:50:40.373	trend_dtrader GBPUSD,H1: Alert: Please check your internet connection
0	19:50:41.374	trend_dtrader GBPUSD,H1: Alert: Please check your internet connection
0	19:50:42.372	trend_dtrader GBPUSD,H1: Alert: Please check your internet connection
0	19:50:43.374	trend_dtrader GBPUSD,H1: Alert: Please check your internet connection
0	19:50:44.372	trend_dtrader GBPUSD,H1: Alert: Please check your internet connection
0	19:50:45.374	trend_dtrader GBPUSD,H1: Alert: Please check your internet connection
0	19:50:46.374	trend_dtrader GBPUSD,H1: Alert: Please check your internet connection
0	19:50:47.372	trend_dtrader GBPUSD,H1: Alert: Please check your internet connection
0	19:50:48.373	trend_dtrader GBPUSD,H1: Alert: Please check your internet connection
0	19:50:49.372	trend_dtrader GBPUSD,H1: Alert: Please check your internet connection
0	19:50:50.374	trend_dtrader GBPUSD,H1: Alert: Please check your internet connection
0	19:50:51.374	trend_dtrader GBPUSD,H1: Alert: Please check your internet connection
0	19:50:52.373	trend_dtrader GBPUSD,H1: Alert: Please check your internet connection
0	19:50:53.373	trend_dtrader GBPUSD,H1: Alert: Please check your internet connection
0	19:50:54.373	trend_dtrader GBPUSD,H1: Alert: Please check your internet connection
0	19:50:55.373	trend_dtrader GBPUSD,H1: Alert: Please check your internet connection
0	19:50:56.374	trend_dtrader GBPUSD,H1: Alert: Please check your internet connection
0	19:50:57.374	trend_dtrader GBPUSD,H1: Alert: Please check your internet connection
0	19:50:58.372	trend_dtrader GBPUSD,H1: Alert: Please check your internet connection
0	19:50:59.373	trend_dtrader GBPUSD,H1: Alert: Please check your internet connection
0	19:51:00.373	trend_dtrader GBPUSD,H1: Alert: Please check your internet connection
0	19:51:01.373	trend_dtrader GBPUSD,H1: Alert: Please check your internet connection
0	19:51:02.374	trend_dtrader GBPUSD,H1: Alert: Please check your internet connection
0	19:51:03.373	trend_dtrader GBPUSD,H1: Alert: Please check your internet connection
0	19:51:04.373	trend_dtrader GBPUSD,H1: Alert: Please check your internet connection
0	19:51:05.373	trend_dtrader GBPUSD,H1: Alert: Please check your internet connection
0	19:51:06.371	trend_dtrader GBPUSD,H1: Alert: Please check your internet connection
0	19:51:07.374	trend_dtrader GBPUSD,H1: Alert: Please check your internet connection
0	19:51:08.374	trend_dtrader GBPUSD,H1: Alert: Please check your internet connection
0	19:51:09.373	trend_dtrader GBPUSD,H1: Alert: Please check your internet connection
0	19:51:10.373	trend_dtrader GBPUSD,H1: Alert: Please check your internet connection
0	19:51:11.373	trend_dtrader GBPUSD,H1: Alert: Please check your internet connection
0	19:51:12.373	trend_dtrader GBPUSD,H1: Alert: Please check your internet connection
0	19:51:13.373	trend_dtrader GBPUSD,H1: Alert: Please check your internet connection
0	19:51:14.373	trend_dtrader GBPUSD,H1: Alert: Please check your internet connection
0	19:51:15.373	trend_dtrader GBPUSD,H1: Alert: Please check your internet connection
0	19:51:16.372	trend_dtrader GBPUSD,H1: Alert: Please check your internet connection
0	19:51:17.373	trend_dtrader GBPUSD,H1: Alert: Please check your internet connection
0	19:51:18.373	trend_dtrader GBPUSD,H1: Alert: Please check your internet connection
0	19:51:19.372	trend_dtrader GBPUSD,H1: Alert: Please check your internet connection
0	19:51:20.373	trend_dtrader GBPUSD,H1: Alert: Please check your internet connection
0	19:51:21.372	trend_dtrader GBPUSD,H1: Alert: Please check your internet connection
0	19:51:22.373	trend_dtrader GBPUSD,H1: Alert: Please check your internet connection
0	19:51:23.372	trend_dtrader GBPUSD,H1: Alert: Please check your internet connection
0	19:51:24.373	trend_dtrader GBPUSD,H1: Alert: Please check your internet connection
0	19:51:25.372	trend_dtrader GBPUSD,H1: Alert: Please check your internet connection
0	19:51:26.373	trend_dtrader GBPUSD,H1: Alert: Please check your internet connection
0	19:51:27.373	trend_dtrader GBPUSD,H1: Alert: Please check your internet connection
0	19:51:28.373	trend_dtrader GBPUSD,H1: Alert: Please check your internet connection
0	19:51:29.372	trend_dtrader GBPUSD,H1: Alert: Please check your internet connection
0	19:51:30.373	trend_dtrader GBPUSD,H1: Alert: Please check your internet connection
0	19:51:31.372	trend_dtrader GBPUSD,H1: Alert: Please check your internet connection
0	19:51:32.372	trend_dtrader GBPUSD,H1: Alert: Please check your internet connection
0	19:51:33.371	trend_dtrader GBPUSD,H1: Alert: Please check your internet connection
0	19:51:34.372	trend_dtrader GBPUSD,H1: Alert: Please check your internet connection
0	19:51:35.372	trend_dtrader GBPUSD,H1: Alert: Please check your internet connection
0	19:51:36.372	trend_dtrader GBPUSD,H1: Alert: Please check your internet connection
0	19:51:37.371	trend_dtrader GBPUSD,H1: Alert: Please check your internet connection
0	19:51:38.373	trend_dtrader GBPUSD,H1: Alert: Please check your internet connection
0	19:51:39.373	trend_dtrader GBPUSD,H1: Alert: Please check your internet connection
0	19:51:40.371	trend_dtrader GBPUSD,H1: Alert: Please check your internet connection
0	19:51:41.373	trend_dtrader GBPUSD,H1: Alert: Please check your internet connection
0	19:51:42.373	trend_dtrader GBPUSD,H1: Alert: Please check your internet connection
0	19:51:43.373	trend_dtrader GBPUSD,H1: Alert: Please check your internet connection
0	19:51:44.373	trend_dtrader GBPUSD,H1: Alert: Please check your internet connection
0	19:51:45.372	trend_dtrader GBPUSD,H1: Alert: Please check your internet connection
0	19:51:46.372	trend_dtrader GBPUSD,H1: Alert: Please check your internet connection
0	19:51:47.372	trend_dtrader GBPUSD,H1: Alert: Please check your internet connection
0	19:51:48.371	trend_dtrader GBPUSD,H1: Alert: Please check your internet connection
0	19:51:49.372	trend_dtrader GBPUSD,H1: Alert: Please check your internet connection
0	19:51:50.372	trend_dtrader GBPUSD,H1: Alert: Please check your internet connection
0	19:51:51.371	trend_dtrader GBPUSD,H1: Alert: Please check your internet connection
0	19:51:52.371	trend_dtrader GBPUSD,H1: Alert: Please check your internet connection
0	19:51:53.372	trend_dtrader GBPUSD,H1: Alert: Please check your internet connection
0	19:51:54.371	trend_dtrader GBPUSD,H1: Alert: Please check your internet connection
0	19:51:55.373	trend_dtrader GBPUSD,H1: Alert: Please check your internet connection
0	19:51:56.371	trend_dtrader GBPUSD,H1: Alert: Please check your internet connection
0	19:51:57.373	trend_dtrader GBPUSD,H1: Alert: Please check your internet connection
0	19:51:58.371	trend_dtrader GBPUSD,H1: Alert: Please check your internet connection
0	19:51:59.372	trend_dtrader GBPUSD,H1: Alert: Please check your internet connection
0	19:52:00.372	trend_dtrader GBPUSD,H1: Alert: Please check your internet connection
0	19:52:01.372	trend_dtrader GBPUSD,H1: Alert: Please check your internet connection
0	19:52:02.370	trend_dtrader GBPUSD,H1: Alert: Please check your internet connection
0	19:52:03.371	trend_dtrader GBPUSD,H1: Alert: Please check your internet connection
0	19:52:04.371	trend_dtrader GBPUSD,H1: Alert: Please check your internet connection
0	19:52:05.372	trend_dtrader GBPUSD,H1: Alert: Please check your internet connection
0	19:52:06.372	trend_dtrader GBPUSD,H1: Alert: Please check your internet connection
0	19:52:07.372	trend_dtrader GBPUSD,H1: Alert: Please check your internet connection
0	19:52:08.370	trend_dtrader GBPUSD,H1: Alert: Please check your internet connection
0	19:52:09.370	trend_dtrader GBPUSD,H1: Alert: Please check your internet connection
0	19:52:10.372	trend_dtrader GBPUSD,H1: Alert: Please check your internet connection
0	19:52:11.371	trend_dtrader GBPUSD,H1: Alert: Please check your internet connection
0	19:52:12.371	trend_dtrader GBPUSD,H1: Alert: Please check your internet connection
0	19:52:13.371	trend_dtrader GBPUSD,H1: Alert: Please check your internet connection
0	19:52:14.371	trend_dtrader GBPUSD,H1: Alert: Please check your internet connection
0	19:52:15.372	trend_dtrader GBPUSD,H1: Alert: Please check your internet connection
0	19:52:16.372	trend_dtrader GBPUSD,H1: Alert: Please check your internet connection
0	19:52:17.370	trend_dtrader GBPUSD,H1: Alert: Please check your internet connection
0	19:52:18.370	trend_dtrader GBPUSD,H1: Alert: Please check your internet connection
0	19:52:19.371	trend_dtrader GBPUSD,H1: Alert: Please check your internet connection
0	19:52:20.371	trend_dtrader GBPUSD,H1: Alert: Please check your internet connection
0	19:52:21.371	trend_dtrader GBPUSD,H1: Alert: Please check your internet connection
0	19:52:22.371	trend_dtrader GBPUSD,H1: Alert: Please check your internet connection
0	19:52:23.371	trend_dtrader GBPUSD,H1: Alert: Please check your internet connection
0	19:52:24.370	trend_dtrader GBPUSD,H1: Alert: Please check your internet connection
0	19:52:25.370	trend_dtrader GBPUSD,H1: Alert: Please check your internet connection
0	19:52:26.370	trend_dtrader GBPUSD,H1: Alert: Please check your internet connection
0	19:52:27.371	trend_dtrader GBPUSD,H1: Alert: Please check your internet connection
0	19:52:28.371	trend_dtrader GBPUSD,H1: Alert: Please check your internet connection
0	19:52:29.370	trend_dtrader GBPUSD,H1: Alert: Please check your internet connection
0	19:52:30.371	trend_dtrader GBPUSD,H1: Alert: Please check your internet connection
0	19:52:31.384	trend_dtrader GBPUSD,H1: Alert: Please check your internet connection
0	19:52:32.370	trend_dtrader GBPUSD,H1: Alert: Please check your internet connection
0	19:52:33.371	trend_dtrader GBPUSD,H1: Alert: Please check your internet connection
0	19:52:34.371	trend_dtrader GBPUSD,H1: Alert: Please check your internet connection
0	19:52:35.370	trend_dtrader GBPUSD,H1: Alert: Please check your internet connection
0	19:52:36.371	trend_dtrader GBPUSD,H1: Alert: Please check your internet connection
0	19:52:37.370	trend_dtrader GBPUSD,H1: Alert: Please check your internet connection
0	19:52:38.370	trend_dtrader GBPUSD,H1: Alert: Please check your internet connection
0	19:52:39.369	trend_dtrader GBPUSD,H1: Alert: Please check your internet connection
0	19:52:40.372	trend_dtrader GBPUSD,H1: Alert: Please check your internet connection
0	19:52:41.369	trend_dtrader GBPUSD,H1: Alert: Please check your internet connection
0	19:52:42.371	trend_dtrader GBPUSD,H1: Alert: Please check your internet connection
0	19:52:43.370	trend_dtrader GBPUSD,H1: Alert: Please check your internet connection
0	19:52:44.370	trend_dtrader GBPUSD,H1: Alert: Please check your internet connection
0	19:52:45.370	trend_dtrader GBPUSD,H1: Alert: Please check your internet connection
0	19:52:46.370	trend_dtrader GBPUSD,H1: Alert: Please check your internet connection
0	19:52:47.370	trend_dtrader GBPUSD,H1: Alert: Please check your internet connection
0	19:52:48.371	trend_dtrader GBPUSD,H1: Alert: Please check your internet connection
0	19:52:49.371	trend_dtrader GBPUSD,H1: Alert: Please check your internet connection
0	19:52:50.371	trend_dtrader GBPUSD,H1: Alert: Please check your internet connection
0	19:52:51.369	trend_dtrader GBPUSD,H1: Alert: Please check your internet connection
0	19:52:52.371	trend_dtrader GBPUSD,H1: Alert: Please check your internet connection
0	19:52:53.371	trend_dtrader GBPUSD,H1: Alert: Please check your internet connection
0	19:52:54.369	trend_dtrader GBPUSD,H1: Alert: Please check your internet connection
0	19:52:55.371	trend_dtrader GBPUSD,H1: Alert: Please check your internet connection
0	19:52:56.370	trend_dtrader GBPUSD,H1: Alert: Please check your internet connection
0	19:52:57.369	trend_dtrader GBPUSD,H1: Alert: Please check your internet connection
0	19:52:58.372	trend_dtrader GBPUSD,H1: Alert: Please check your internet connection
0	19:52:59.370	trend_dtrader GBPUSD,H1: Alert: Please check your internet connection
0	19:53:00.371	trend_dtrader GBPUSD,H1: Alert: Please check your internet connection
0	19:53:01.369	trend_dtrader GBPUSD,H1: Alert: Please check your internet connection
0	19:53:02.368	trend_dtrader GBPUSD,H1: Alert: Please check your internet connection
0	19:53:03.370	trend_dtrader GBPUSD,H1: Alert: Please check your internet connection
0	19:53:04.370	trend_dtrader GBPUSD,H1: Alert: Please check your internet connection
0	19:53:05.369	trend_dtrader GBPUSD,H1: Alert: Please check your internet connection
0	19:53:06.368	trend_dtrader GBPUSD,H1: Alert: Please check your internet connection
0	19:53:07.370	trend_dtrader GBPUSD,H1: Alert: Please check your internet connection
0	19:53:08.370	trend_dtrader GBPUSD,H1: Alert: Please check your internet connection
0	19:53:09.370	trend_dtrader GBPUSD,H1: Alert: Please check your internet connection
0	19:53:10.368	trend_dtrader GBPUSD,H1: Alert: Please check your internet connection
0	19:53:11.368	trend_dtrader GBPUSD,H1: Alert: Please check your internet connection
0	19:53:12.369	trend_dtrader GBPUSD,H1: Alert: Please check your internet connection
0	19:53:13.370	trend_dtrader GBPUSD,H1: Alert: Please check your internet connection
0	19:53:14.370	trend_dtrader GBPUSD,H1: Alert: Please check your internet connection
0	19:53:15.369	trend_dtrader GBPUSD,H1: Alert: Please check your internet connection
0	19:53:16.371	trend_dtrader GBPUSD,H1: Alert: Please check your internet connection
0	19:53:17.370	trend_dtrader GBPUSD,H1: Alert: Please check your internet connection
0	19:53:18.370	trend_dtrader GBPUSD,H1: Alert: Please check your internet connection
0	19:53:19.368	trend_dtrader GBPUSD,H1: Alert: Please check your internet connection
0	19:53:20.368	trend_dtrader GBPUSD,H1: Alert: Please check your internet connection
0	19:53:21.369	trend_dtrader GBPUSD,H1: Alert: Please check your internet connection
0	19:53:22.369	trend_dtrader GBPUSD,H1: Alert: Please check your internet connection
0	19:53:23.370	trend_dtrader GBPUSD,H1: Alert: Please check your internet connection
0	19:53:24.371	trend_dtrader GBPUSD,H1: Alert: Please check your internet connection
0	19:53:25.369	trend_dtrader GBPUSD,H1: Alert: Please check your internet connection
0	19:53:26.370	trend_dtrader GBPUSD,H1: Alert: Please check your internet connection
0	19:53:27.369	trend_dtrader GBPUSD,H1: Alert: Please check your internet connection
0	19:53:28.369	trend_dtrader GBPUSD,H1: Alert: Please check your internet connection
0	19:53:29.370	trend_dtrader GBPUSD,H1: Alert: Please check your internet connection
0	19:53:30.369	trend_dtrader GBPUSD,H1: Alert: Please check your internet connection
0	19:53:31.369	trend_dtrader GBPUSD,H1: Alert: Please check your internet connection
0	19:53:32.369	trend_dtrader GBPUSD,H1: Alert: Please check your internet connection
0	19:53:33.369	trend_dtrader GBPUSD,H1: Alert: Please check your internet connection
0	19:53:34.371	trend_dtrader GBPUSD,H1: Alert: Please check your internet connection
0	19:53:35.369	trend_dtrader GBPUSD,H1: Alert: Please check your internet connection
0	19:53:36.368	trend_dtrader GBPUSD,H1: Alert: Please check your internet connection
0	19:53:37.369	trend_dtrader GBPUSD,H1: Alert: Please check your internet connection
0	19:53:38.370	trend_dtrader GBPUSD,H1: Alert: Please check your internet connection
0	19:53:39.370	trend_dtrader GBPUSD,H1: Alert: Please check your internet connection
0	19:53:40.369	trend_dtrader GBPUSD,H1: Alert: Please check your internet connection
0	19:53:41.370	trend_dtrader GBPUSD,H1: Alert: Please check your internet connection
0	19:53:42.370	trend_dtrader GBPUSD,H1: Alert: Please check your internet connection
0	19:53:43.369	trend_dtrader GBPUSD,H1: Alert: Please check your internet connection
0	19:53:44.369	trend_dtrader GBPUSD,H1: Alert: Please check your internet connection
0	19:53:45.369	trend_dtrader GBPUSD,H1: Alert: Please check your internet connection
0	19:53:46.374	trend_dtrader GBPUSD,H1: Alert: Please check your internet connection
0	19:53:47.369	trend_dtrader GBPUSD,H1: Alert: Please check your internet connection
0	19:53:48.369	trend_dtrader GBPUSD,H1: Alert: Please check your internet connection
0	19:53:49.369	trend_dtrader GBPUSD,H1: Alert: Please check your internet connection
0	19:53:50.369	trend_dtrader GBPUSD,H1: Alert: Please check your internet connection
0	19:53:51.369	trend_dtrader GBPUSD,H1: Alert: Please check your internet connection
0	19:53:52.369	trend_dtrader GBPUSD,H1: Alert: Please check your internet connection
0	19:53:53.369	trend_dtrader GBPUSD,H1: Alert: Please check your internet connection
0	19:53:54.368	trend_dtrader GBPUSD,H1: Alert: Please check your internet connection
0	19:53:55.367	trend_dtrader GBPUSD,H1: Alert: Please check your internet connection
0	19:53:56.368	trend_dtrader GBPUSD,H1: Alert: Please check your internet connection
0	19:53:57.368	trend_dtrader GBPUSD,H1: Alert: Please check your internet connection
0	19:53:58.368	trend_dtrader GBPUSD,H1: Alert: Please check your internet connection
0	19:53:59.369	trend_dtrader GBPUSD,H1: Alert: Please check your internet connection
0	19:54:00.368	trend_dtrader GBPUSD,H1: Alert: Please check your internet connection
0	19:54:01.368	trend_dtrader GBPUSD,H1: Alert: Please check your internet connection
0	19:54:02.367	trend_dtrader GBPUSD,H1: Alert: Please check your internet connection
0	19:54:03.369	trend_dtrader GBPUSD,H1: Alert: Please check your internet connection
0	19:54:04.368	trend_dtrader GBPUSD,H1: Alert: Please check your internet connection
0	19:54:05.368	trend_dtrader GBPUSD,H1: Alert: Please check your internet connection
0	19:54:06.369	trend_dtrader GBPUSD,H1: Alert: Please check your internet connection
0	19:54:07.369	trend_dtrader GBPUSD,H1: Alert: Please check your internet connection
0	19:54:08.368	trend_dtrader GBPUSD,H1: Alert: Please check your internet connection
0	19:54:09.369	trend_dtrader GBPUSD,H1: Alert: Please check your internet connection
0	19:54:10.368	trend_dtrader GBPUSD,H1: Alert: Please check your internet connection
0	19:54:11.368	trend_dtrader GBPUSD,H1: Alert: Please check your internet connection
0	19:54:12.367	trend_dtrader GBPUSD,H1: Alert: Please check your internet connection
0	19:54:13.368	trend_dtrader GBPUSD,H1: Alert: Please check your internet connection
0	19:54:14.368	trend_dtrader GBPUSD,H1: Alert: Please check your internet connection
0	19:54:15.369	trend_dtrader GBPUSD,H1: Alert: Please check your internet connection
0	19:54:16.369	trend_dtrader GBPUSD,H1: Alert: Please check your internet connection
0	19:54:17.368	trend_dtrader GBPUSD,H1: Alert: Please check your internet connection
0	19:54:18.369	trend_dtrader GBPUSD,H1: Alert: Please check your internet connection
0	19:54:19.369	trend_dtrader GBPUSD,H1: Alert: Please check your internet connection
0	19:54:20.368	trend_dtrader GBPUSD,H1: Alert: Please check your internet connection
0	19:54:21.369	trend_dtrader GBPUSD,H1: Alert: Please check your internet connection
0	19:54:22.368	trend_dtrader GBPUSD,H1: Alert: Please check your internet connection
0	19:54:23.369	trend_dtrader GBPUSD,H1: Alert: Please check your internet connection
0	19:54:24.368	trend_dtrader GBPUSD,H1: Alert: Please check your internet connection
0	19:54:25.368	trend_dtrader GBPUSD,H1: Alert: Please check your internet connection
0	19:54:26.367	trend_dtrader GBPUSD,H1: Alert: Please check your internet connection
0	19:54:27.367	trend_dtrader GBPUSD,H1: Alert: Please check your internet connection
0	19:54:28.368	trend_dtrader GBPUSD,H1: Alert: Please check your internet connection
0	19:54:29.368	trend_dtrader GBPUSD,H1: Alert: Please check your internet connection
0	19:54:30.367	trend_dtrader GBPUSD,H1: Alert: Please check your internet connection
0	19:54:31.368	trend_dtrader GBPUSD,H1: Alert: Please check your internet connection
0	19:54:32.367	trend_dtrader GBPUSD,H1: Alert: Please check your internet connection
0	19:54:33.367	trend_dtrader GBPUSD,H1: Alert: Please check your internet connection
0	19:54:34.368	trend_dtrader GBPUSD,H1: Alert: Please check your internet connection
0	19:54:35.367	trend_dtrader GBPUSD,H1: Alert: Please check your internet connection
0	19:54:36.367	trend_dtrader GBPUSD,H1: Alert: Please check your internet connection
0	19:54:37.368	trend_dtrader GBPUSD,H1: Alert: Please check your internet connection
0	19:54:38.367	trend_dtrader GBPUSD,H1: Alert: Please check your internet connection
0	19:54:39.367	trend_dtrader GBPUSD,H1: Alert: Please check your internet connection
0	19:54:40.368	trend_dtrader GBPUSD,H1: Alert: Please check your internet connection
0	19:54:41.367	trend_dtrader GBPUSD,H1: Alert: Please check your internet connection
0	19:54:42.368	trend_dtrader GBPUSD,H1: Alert: Please check your internet connection
0	19:54:43.368	trend_dtrader GBPUSD,H1: Alert: Please check your internet connection
0	19:54:44.368	trend_dtrader GBPUSD,H1: Alert: Please check your internet connection
0	19:54:45.366	trend_dtrader GBPUSD,H1: Alert: Please check your internet connection
0	19:54:46.368	trend_dtrader GBPUSD,H1: Alert: Please check your internet connection
0	19:54:47.368	trend_dtrader GBPUSD,H1: Alert: Please check your internet connection
0	19:54:48.368	trend_dtrader GBPUSD,H1: Alert: Please check your internet connection
0	19:54:49.368	trend_dtrader GBPUSD,H1: Alert: Please check your internet connection
0	19:54:50.368	trend_dtrader GBPUSD,H1: Alert: Please check your internet connection
0	19:54:51.368	trend_dtrader GBPUSD,H1: Alert: Please check your internet connection
0	19:54:52.367	trend_dtrader GBPUSD,H1: Alert: Please check your internet connection
0	19:54:53.367	trend_dtrader GBPUSD,H1: Alert: Please check your internet connection
0	19:54:54.368	trend_dtrader GBPUSD,H1: Alert: Please check your internet connection
0	19:54:55.368	trend_dtrader GBPUSD,H1: Alert: Please check your internet connection
0	19:54:56.368	trend_dtrader GBPUSD,H1: Alert: Please check your internet connection
0	19:54:57.367	trend_dtrader GBPUSD,H1: Alert: Please check your internet connection
0	19:54:58.367	trend_dtrader GBPUSD,H1: Alert: Please check your internet connection
0	19:54:59.368	trend_dtrader GBPUSD,H1: Alert: Please check your internet connection
0	19:55:00.368	trend_dtrader GBPUSD,H1: Alert: Please check your internet connection
0	19:55:01.368	trend_dtrader GBPUSD,H1: Alert: Please check your internet connection
0	19:55:02.367	trend_dtrader GBPUSD,H1: Alert: Please check your internet connection
0	19:55:03.366	trend_dtrader GBPUSD,H1: Alert: Please check your internet connection
0	19:55:04.367	trend_dtrader GBPUSD,H1: Alert: Please check your internet connection
0	19:55:05.367	trend_dtrader GBPUSD,H1: Alert: Please check your internet connection
0	19:55:06.367	trend_dtrader GBPUSD,H1: Alert: Please check your internet connection
0	19:55:07.367	trend_dtrader GBPUSD,H1: Alert: Please check your internet connection
0	19:55:08.367	trend_dtrader GBPUSD,H1: Alert: Please check your internet connection
0	19:55:09.367	trend_dtrader GBPUSD,H1: Alert: Please check your internet connection
0	19:55:10.368	trend_dtrader GBPUSD,H1: Alert: Please check your internet connection
0	19:55:11.368	trend_dtrader GBPUSD,H1: Alert: Please check your internet connection
0	19:55:12.366	trend_dtrader GBPUSD,H1: Alert: Please check your internet connection
0	19:55:13.367	trend_dtrader GBPUSD,H1: Alert: Please check your internet connection
0	19:55:14.367	trend_dtrader GBPUSD,H1: Alert: Please check your internet connection
0	19:55:15.367	trend_dtrader GBPUSD,H1: Alert: Please check your internet connection
0	19:55:16.367	trend_dtrader GBPUSD,H1: Alert: Please check your internet connection
0	19:55:17.367	trend_dtrader GBPUSD,H1: Alert: Please check your internet connection
0	19:55:18.367	trend_dtrader GBPUSD,H1: Alert: Please check your internet connection
0	19:55:19.367	trend_dtrader GBPUSD,H1: Alert: Please check your internet connection
0	19:55:20.366	trend_dtrader GBPUSD,H1: Alert: Please check your internet connection
0	19:55:21.366	trend_dtrader GBPUSD,H1: Alert: Please check your internet connection
0	19:55:22.367	trend_dtrader GBPUSD,H1: Alert: Please check your internet connection
0	19:55:23.367	trend_dtrader GBPUSD,H1: Alert: Please check your internet connection
0	19:55:24.366	trend_dtrader GBPUSD,H1: Alert: Please check your internet connection
0	19:55:25.365	trend_dtrader GBPUSD,H1: Alert: Please check your internet connection
0	19:55:26.366	trend_dtrader GBPUSD,H1: Alert: Please check your internet connection
0	19:55:27.366	trend_dtrader GBPUSD,H1: Alert: Please check your internet connection
0	19:55:28.368	trend_dtrader GBPUSD,H1: Alert: Please check your internet connection
0	19:55:29.365	trend_dtrader GBPUSD,H1: Alert: Please check your internet connection
0	19:55:30.367	trend_dtrader GBPUSD,H1: Alert: Please check your internet connection
0	19:55:31.367	trend_dtrader GBPUSD,H1: Alert: Please check your internet connection
0	19:55:32.367	trend_dtrader GBPUSD,H1: Alert: Please check your internet connection
0	19:55:33.366	trend_dtrader GBPUSD,H1: Alert: Please check your internet connection
0	19:55:34.366	trend_dtrader GBPUSD,H1: Alert: Please check your internet connection
0	19:55:35.366	trend_dtrader GBPUSD,H1: Alert: Please check your internet connection
0	19:55:36.367	trend_dtrader GBPUSD,H1: Alert: Please check your internet connection
0	19:55:37.366	trend_dtrader GBPUSD,H1: Alert: Please check your internet connection
0	19:55:38.366	trend_dtrader GBPUSD,H1: Alert: Please check your internet connection
0	19:55:39.388	trend_dtrader GBPUSD,H1: Alert: Please check your internet connection
0	19:55:40.367	trend_dtrader GBPUSD,H1: Alert: Please check your internet connection
0	19:55:41.365	trend_dtrader GBPUSD,H1: Alert: Please check your internet connection
0	19:55:42.367	trend_dtrader GBPUSD,H1: Alert: Please check your internet connection
0	19:55:43.365	trend_dtrader GBPUSD,H1: Alert: Please check your internet connection
0	19:55:44.366	trend_dtrader GBPUSD,H1: Alert: Please check your internet connection
0	19:55:45.366	trend_dtrader GBPUSD,H1: Alert: Please check your internet connection
0	19:55:46.367	trend_dtrader GBPUSD,H1: Alert: Please check your internet connection
0	19:55:47.366	trend_dtrader GBPUSD,H1: Alert: Please check your internet connection
0	19:55:48.365	trend_dtrader GBPUSD,H1: Alert: Please check your internet connection
0	19:55:49.367	trend_dtrader GBPUSD,H1: Alert: Please check your internet connection
0	19:55:50.366	trend_dtrader GBPUSD,H1: Alert: Please check your internet connection
0	19:55:51.366	trend_dtrader GBPUSD,H1: Alert: Please check your internet connection
0	19:55:52.366	trend_dtrader GBPUSD,H1: Alert: Please check your internet connection
0	19:55:53.365	trend_dtrader GBPUSD,H1: Alert: Please check your internet connection
0	19:55:54.366	trend_dtrader GBPUSD,H1: Alert: Please check your internet connection
0	19:55:55.365	trend_dtrader GBPUSD,H1: Alert: Please check your internet connection
0	19:55:56.366	trend_dtrader GBPUSD,H1: Alert: Please check your internet connection
0	19:55:57.366	trend_dtrader GBPUSD,H1: Alert: Please check your internet connection
0	19:55:58.365	trend_dtrader GBPUSD,H1: Alert: Please check your internet connection
0	19:55:59.365	trend_dtrader GBPUSD,H1: Alert: Please check your internet connection
0	19:56:00.367	trend_dtrader GBPUSD,H1: Alert: Please check your internet connection
0	19:56:01.366	trend_dtrader GBPUSD,H1: Alert: Please check your internet connection
0	19:56:02.366	trend_dtrader GBPUSD,H1: Alert: Please check your internet connection
0	19:56:03.379	trend_dtrader GBPUSD,H1: Alert: Please check your internet connection
0	19:56:04.365	trend_dtrader GBPUSD,H1: Alert: Please check your internet connection
0	19:56:05.365	trend_dtrader GBPUSD,H1: Alert: Please check your internet connection
0	19:56:06.366	trend_dtrader GBPUSD,H1: Alert: Please check your internet connection
0	19:56:07.366	trend_dtrader GBPUSD,H1: Alert: Please check your internet connection
0	19:56:08.366	trend_dtrader GBPUSD,H1: Alert: Please check your internet connection
0	19:56:09.366	trend_dtrader GBPUSD,H1: Alert: Please check your internet connection
0	19:56:10.365	trend_dtrader GBPUSD,H1: Alert: Please check your internet connection
0	19:56:11.365	trend_dtrader GBPUSD,H1: Alert: Please check your internet connection
0	19:56:14.366	trend_dtrader GBPUSD,H1: Failed modifying 
0	19:56:15.377	trend_dtrader GBPUSD,H1: Failed modifying 
0	19:56:16.368	trend_dtrader GBPUSD,H1: Failed modifying 
0	19:56:17.368	trend_dtrader GBPUSD,H1: Failed modifying 
0	19:56:18.368	trend_dtrader GBPUSD,H1: Alert: Please check your internet connection
0	19:56:19.369	trend_dtrader GBPUSD,H1: Alert: Please check your internet connection
0	19:56:20.369	trend_dtrader GBPUSD,H1: Failed modifying 
0	19:56:21.370	trend_dtrader GBPUSD,H1: Failed modifying 
0	19:56:22.370	trend_dtrader GBPUSD,H1: Failed modifying 
0	19:56:23.371	trend_dtrader GBPUSD,H1: Failed modifying 
0	19:56:24.372	trend_dtrader GBPUSD,H1: Failed modifying 
0	19:56:25.371	trend_dtrader GBPUSD,H1: Failed modifying 
0	19:56:26.372	trend_dtrader GBPUSD,H1: Failed modifying 
0	19:56:27.371	trend_dtrader GBPUSD,H1: Failed modifying 
0	19:56:28.373	trend_dtrader GBPUSD,H1: Failed modifying 
0	19:56:29.372	trend_dtrader GBPUSD,H1: Failed modifying 
0	19:56:30.372	trend_dtrader GBPUSD,H1: Failed modifying 
0	19:56:31.384	trend_dtrader GBPUSD,H1: Failed modifying 
0	19:56:32.375	trend_dtrader GBPUSD,H1: Failed modifying 
0	19:56:33.374	trend_dtrader GBPUSD,H1: Failed modifying 
0	19:56:34.373	trend_dtrader GBPUSD,H1: Failed modifying 
0	19:56:35.373	trend_dtrader GBPUSD,H1: Failed modifying 
0	19:56:36.374	trend_dtrader GBPUSD,H1: Failed modifying 
0	19:56:37.375	trend_dtrader GBPUSD,H1: Failed modifying 
0	19:56:38.374	trend_dtrader GBPUSD,H1: Failed modifying 
0	19:56:39.375	trend_dtrader GBPUSD,H1: Failed modifying 
0	19:56:40.374	trend_dtrader GBPUSD,H1: Failed modifying 
0	19:56:41.375	trend_dtrader GBPUSD,H1: Failed modifying 
0	19:56:42.374	trend_dtrader GBPUSD,H1: Failed modifying 
0	19:56:43.374	trend_dtrader GBPUSD,H1: Failed modifying 
0	19:56:44.375	trend_dtrader GBPUSD,H1: Failed modifying 
0	19:56:45.375	trend_dtrader GBPUSD,H1: Failed modifying 
0	19:56:46.375	trend_dtrader GBPUSD,H1: Failed modifying 
0	19:56:47.375	trend_dtrader GBPUSD,H1: Failed modifying 
0	19:56:48.374	trend_dtrader GBPUSD,H1: Failed modifying 
0	19:56:49.375	trend_dtrader GBPUSD,H1: Failed modifying 
0	19:56:50.375	trend_dtrader GBPUSD,H1: Failed modifying 
0	19:56:51.375	trend_dtrader GBPUSD,H1: Failed modifying 
0	19:56:52.374	trend_dtrader GBPUSD,H1: Failed modifying 
0	19:56:53.376	trend_dtrader GBPUSD,H1: Failed modifying 
0	19:56:54.376	trend_dtrader GBPUSD,H1: Failed modifying 
0	19:56:55.376	trend_dtrader GBPUSD,H1: Failed modifying 
0	19:56:56.375	trend_dtrader GBPUSD,H1: Failed modifying 
0	19:56:57.376	trend_dtrader GBPUSD,H1: Failed modifying 
0	19:56:58.375	trend_dtrader GBPUSD,H1: Failed modifying 
0	19:56:59.375	trend_dtrader GBPUSD,H1: Failed modifying 
0	19:57:00.375	trend_dtrader GBPUSD,H1: Failed modifying 
0	19:57:01.380	trend_dtrader GBPUSD,H1: Failed modifying 
0	19:57:02.376	trend_dtrader GBPUSD,H1: Failed modifying 
0	19:57:03.375	trend_dtrader GBPUSD,H1: Failed modifying 
0	19:57:04.376	trend_dtrader GBPUSD,H1: Failed modifying 
0	19:57:05.376	trend_dtrader GBPUSD,H1: Failed modifying 
0	19:57:06.375	trend_dtrader GBPUSD,H1: Failed modifying 
0	19:57:07.376	trend_dtrader GBPUSD,H1: Failed modifying 
0	19:57:08.376	trend_dtrader GBPUSD,H1: Failed modifying 
0	19:57:09.375	trend_dtrader GBPUSD,H1: Failed modifying 
0	19:57:10.375	trend_dtrader GBPUSD,H1: Failed modifying 
0	19:57:11.375	trend_dtrader GBPUSD,H1: Failed modifying 
0	19:57:12.376	trend_dtrader GBPUSD,H1: Failed modifying 
0	19:57:13.376	trend_dtrader GBPUSD,H1: Failed modifying 
0	19:57:14.375	trend_dtrader GBPUSD,H1: Failed modifying 
0	19:57:15.376	trend_dtrader GBPUSD,H1: Failed modifying 
0	19:57:16.375	trend_dtrader GBPUSD,H1: Failed modifying 
0	19:57:17.375	trend_dtrader GBPUSD,H1: Failed modifying 
0	19:57:18.375	trend_dtrader GBPUSD,H1: Failed modifying 
0	19:57:19.376	trend_dtrader GBPUSD,H1: Failed modifying 
0	19:57:20.376	trend_dtrader GBPUSD,H1: Failed modifying 
0	19:57:21.374	trend_dtrader GBPUSD,H1: Failed modifying 
0	19:57:22.375	trend_dtrader GBPUSD,H1: Failed modifying 
0	19:57:23.375	trend_dtrader GBPUSD,H1: Failed modifying 
0	19:57:24.375	trend_dtrader GBPUSD,H1: Failed modifying 
0	19:57:25.375	trend_dtrader GBPUSD,H1: Failed modifying 
0	19:57:26.376	trend_dtrader GBPUSD,H1: Failed modifying 
0	19:57:27.375	trend_dtrader GBPUSD,H1: Failed modifying 
0	19:57:28.375	trend_dtrader GBPUSD,H1: Failed modifying 
0	19:57:29.376	trend_dtrader GBPUSD,H1: Failed modifying 
0	19:57:30.375	trend_dtrader GBPUSD,H1: Failed modifying 
0	19:57:31.375	trend_dtrader GBPUSD,H1: Failed modifying 
0	19:57:32.375	trend_dtrader GBPUSD,H1: Failed modifying 
0	19:57:33.375	trend_dtrader GBPUSD,H1: Failed modifying 
0	19:57:34.375	trend_dtrader GBPUSD,H1: Failed modifying 
0	19:57:35.392	trend_dtrader GBPUSD,H1: Failed modifying 
0	19:57:36.375	trend_dtrader GBPUSD,H1: Failed modifying 
0	19:57:37.375	trend_dtrader GBPUSD,H1: Failed modifying 
0	19:57:38.375	trend_dtrader GBPUSD,H1: Failed modifying 
0	19:57:39.375	trend_dtrader GBPUSD,H1: Failed modifying 
0	19:57:40.375	trend_dtrader GBPUSD,H1: Failed modifying 
0	19:57:41.374	trend_dtrader GBPUSD,H1: Failed modifying 
0	19:57:42.374	trend_dtrader GBPUSD,H1: Failed modifying 
0	19:57:43.375	trend_dtrader GBPUSD,H1: Failed modifying 
0	19:57:44.375	trend_dtrader GBPUSD,H1: Failed modifying 
0	19:57:45.375	trend_dtrader GBPUSD,H1: Failed modifying 
0	19:57:46.375	trend_dtrader GBPUSD,H1: Failed modifying 
0	19:57:47.374	trend_dtrader GBPUSD,H1: Failed modifying 
0	19:57:48.374	trend_dtrader GBPUSD,H1: Failed modifying 
0	19:57:49.375	trend_dtrader GBPUSD,H1: Failed modifying 
0	19:57:50.374	trend_dtrader GBPUSD,H1: Failed modifying 
0	19:57:51.374	trend_dtrader GBPUSD,H1: Failed modifying 
0	19:57:52.374	trend_dtrader GBPUSD,H1: Failed modifying 
0	19:57:53.375	trend_dtrader GBPUSD,H1: Failed modifying 
0	19:57:54.374	trend_dtrader GBPUSD,H1: Failed modifying 
0	19:57:55.374	trend_dtrader GBPUSD,H1: Failed modifying 
0	19:57:56.374	trend_dtrader GBPUSD,H1: Failed modifying 
0	19:57:57.375	trend_dtrader GBPUSD,H1: Failed modifying 
0	19:57:58.374	trend_dtrader GBPUSD,H1: Failed modifying 
0	19:57:59.375	trend_dtrader GBPUSD,H1: Failed modifying 
0	19:58:00.374	trend_dtrader GBPUSD,H1: Failed modifying 
0	19:58:01.374	trend_dtrader GBPUSD,H1: Failed modifying 
0	19:58:02.374	trend_dtrader GBPUSD,H1: Failed modifying 
0	19:58:03.374	trend_dtrader GBPUSD,H1: Failed modifying 
0	19:58:04.375	trend_dtrader GBPUSD,H1: Failed modifying 
0	19:58:05.374	trend_dtrader GBPUSD,H1: Failed modifying 
0	19:58:06.374	trend_dtrader GBPUSD,H1: Failed modifying 
0	19:58:07.374	trend_dtrader GBPUSD,H1: Failed modifying 
0	19:58:08.374	trend_dtrader GBPUSD,H1: Failed modifying 
0	19:58:09.374	trend_dtrader GBPUSD,H1: Failed modifying 
0	19:58:10.374	trend_dtrader GBPUSD,H1: Failed modifying 
0	19:58:11.375	trend_dtrader GBPUSD,H1: Failed modifying 
0	19:58:12.375	trend_dtrader GBPUSD,H1: Failed modifying 
0	19:58:13.377	trend_dtrader GBPUSD,H1: Failed modifying 
0	19:58:14.374	trend_dtrader GBPUSD,H1: Failed modifying 
0	19:58:15.374	trend_dtrader GBPUSD,H1: Failed modifying 
0	19:58:16.374	trend_dtrader GBPUSD,H1: Failed modifying 
0	19:58:17.374	trend_dtrader GBPUSD,H1: Failed modifying 
0	19:58:18.374	trend_dtrader GBPUSD,H1: Failed modifying 
0	19:58:19.374	trend_dtrader GBPUSD,H1: Failed modifying 
0	19:58:20.374	trend_dtrader GBPUSD,H1: Failed modifying 
0	19:58:21.374	trend_dtrader GBPUSD,H1: Failed modifying 
0	19:58:22.374	trend_dtrader GBPUSD,H1: Failed modifying 
0	19:58:23.374	trend_dtrader GBPUSD,H1: Failed modifying 
0	19:58:24.374	trend_dtrader GBPUSD,H1: Failed modifying 
0	19:58:25.374	trend_dtrader GBPUSD,H1: Failed modifying 
0	19:58:26.374	trend_dtrader GBPUSD,H1: Failed modifying 
0	19:58:27.374	trend_dtrader GBPUSD,H1: Failed modifying 
0	19:58:28.374	trend_dtrader GBPUSD,H1: Failed modifying 
0	19:58:29.373	trend_dtrader GBPUSD,H1: Failed modifying 
0	19:58:30.375	trend_dtrader GBPUSD,H1: Failed modifying 
0	19:58:31.373	trend_dtrader GBPUSD,H1: Failed modifying 
0	19:58:32.373	trend_dtrader GBPUSD,H1: Failed modifying 
0	19:58:33.373	trend_dtrader GBPUSD,H1: Failed modifying 
0	19:58:34.374	trend_dtrader GBPUSD,H1: Failed modifying 
0	19:58:35.374	trend_dtrader GBPUSD,H1: Failed modifying 
0	19:58:36.373	trend_dtrader GBPUSD,H1: Failed modifying 
0	19:58:37.374	trend_dtrader GBPUSD,H1: Failed modifying 
0	19:58:38.374	trend_dtrader GBPUSD,H1: Failed modifying 
0	19:58:39.373	trend_dtrader GBPUSD,H1: Failed modifying 
0	19:58:40.373	trend_dtrader GBPUSD,H1: Failed modifying 
0	19:58:41.373	trend_dtrader GBPUSD,H1: Failed modifying 
0	19:58:42.373	trend_dtrader GBPUSD,H1: Failed modifying 
0	19:58:43.373	trend_dtrader GBPUSD,H1: Failed modifying 
0	19:58:44.373	trend_dtrader GBPUSD,H1: Failed modifying 
0	19:58:45.373	trend_dtrader GBPUSD,H1: Failed modifying 
0	19:58:46.373	trend_dtrader GBPUSD,H1: Failed modifying 
0	19:58:47.373	trend_dtrader GBPUSD,H1: Failed modifying 
0	19:58:48.374	trend_dtrader GBPUSD,H1: Failed modifying 
0	19:58:49.374	trend_dtrader GBPUSD,H1: Failed modifying 
0	19:58:50.373	trend_dtrader GBPUSD,H1: Failed modifying 
0	19:58:51.373	trend_dtrader GBPUSD,H1: Failed modifying 
0	19:58:52.373	trend_dtrader GBPUSD,H1: Failed modifying 
0	19:58:53.373	trend_dtrader GBPUSD,H1: Failed modifying 
0	19:58:54.373	trend_dtrader GBPUSD,H1: Failed modifying 
0	19:58:55.373	trend_dtrader GBPUSD,H1: Failed modifying 
0	19:58:56.373	trend_dtrader GBPUSD,H1: Failed modifying 
0	19:58:57.373	trend_dtrader GBPUSD,H1: Failed modifying 
0	19:58:58.373	trend_dtrader GBPUSD,H1: Failed modifying 
0	19:58:59.373	trend_dtrader GBPUSD,H1: Failed modifying 
0	19:59:00.373	trend_dtrader GBPUSD,H1: Failed modifying 
0	19:59:01.373	trend_dtrader GBPUSD,H1: Failed modifying 
0	19:59:02.372	trend_dtrader GBPUSD,H1: Failed modifying 
0	19:59:03.372	trend_dtrader GBPUSD,H1: Failed modifying 
0	19:59:04.373	trend_dtrader GBPUSD,H1: Failed modifying 
0	19:59:05.373	trend_dtrader GBPUSD,H1: Failed modifying 
0	19:59:06.373	trend_dtrader GBPUSD,H1: Failed modifying 
0	19:59:07.373	trend_dtrader GBPUSD,H1: Failed modifying 
0	19:59:08.372	trend_dtrader GBPUSD,H1: Failed modifying 
0	19:59:09.373	trend_dtrader GBPUSD,H1: Failed modifying 
0	19:59:10.373	trend_dtrader GBPUSD,H1: Failed modifying 
0	19:59:11.372	trend_dtrader GBPUSD,H1: Failed modifying 
0	19:59:12.377	trend_dtrader GBPUSD,H1: Failed modifying 
0	19:59:13.373	trend_dtrader GBPUSD,H1: Failed modifying 
0	19:59:14.373	trend_dtrader GBPUSD,H1: Failed modifying 
0	19:59:15.373	trend_dtrader GBPUSD,H1: Failed modifying 
0	19:59:16.373	trend_dtrader GBPUSD,H1: Failed modifying 
0	19:59:17.372	trend_dtrader GBPUSD,H1: Failed modifying 
0	19:59:18.372	trend_dtrader GBPUSD,H1: Failed modifying 
0	19:59:19.372	trend_dtrader GBPUSD,H1: Failed modifying 
0	19:59:20.373	trend_dtrader GBPUSD,H1: Failed modifying 
0	19:59:21.373	trend_dtrader GBPUSD,H1: Failed modifying 
0	19:59:22.372	trend_dtrader GBPUSD,H1: Failed modifying 
0	19:59:23.373	trend_dtrader GBPUSD,H1: Failed modifying 
0	19:59:24.373	trend_dtrader GBPUSD,H1: Failed modifying 
0	19:59:25.372	trend_dtrader GBPUSD,H1: Failed modifying 
0	19:59:26.373	trend_dtrader GBPUSD,H1: Failed modifying 
0	19:59:27.373	trend_dtrader GBPUSD,H1: Failed modifying 
0	19:59:28.372	trend_dtrader GBPUSD,H1: Failed modifying 
0	19:59:29.372	trend_dtrader GBPUSD,H1: Failed modifying 
0	19:59:30.372	trend_dtrader GBPUSD,H1: Failed modifying 
0	19:59:31.372	trend_dtrader GBPUSD,H1: Failed modifying 
0	19:59:32.372	trend_dtrader GBPUSD,H1: Failed modifying 
0	19:59:33.372	trend_dtrader GBPUSD,H1: Failed modifying 
0	19:59:34.372	trend_dtrader GBPUSD,H1: Failed modifying 
0	19:59:35.372	trend_dtrader GBPUSD,H1: Failed modifying 
0	19:59:36.372	trend_dtrader GBPUSD,H1: Failed modifying 
0	19:59:37.373	trend_dtrader GBPUSD,H1: Failed modifying 
0	19:59:38.372	trend_dtrader GBPUSD,H1: Failed modifying 
0	19:59:39.372	trend_dtrader GBPUSD,H1: Failed modifying 
0	19:59:40.372	trend_dtrader GBPUSD,H1: Failed modifying 
0	19:59:41.372	trend_dtrader GBPUSD,H1: Failed modifying 
0	19:59:42.372	trend_dtrader GBPUSD,H1: Failed modifying 
0	19:59:43.371	trend_dtrader GBPUSD,H1: Failed modifying 
0	19:59:44.372	trend_dtrader GBPUSD,H1: Failed modifying 
0	19:59:45.371	trend_dtrader GBPUSD,H1: Failed modifying 
0	19:59:46.372	trend_dtrader GBPUSD,H1: Failed modifying 
0	19:59:47.372	trend_dtrader GBPUSD,H1: Failed modifying 
0	19:59:48.372	trend_dtrader GBPUSD,H1: Failed modifying 
0	19:59:49.372	trend_dtrader GBPUSD,H1: Failed modifying 
0	19:59:50.372	trend_dtrader GBPUSD,H1: Failed modifying 
0	19:59:51.371	trend_dtrader GBPUSD,H1: Failed modifying 
0	19:59:52.372	trend_dtrader GBPUSD,H1: Failed modifying 
0	19:59:53.371	trend_dtrader GBPUSD,H1: Failed modifying 
0	19:59:54.372	trend_dtrader GBPUSD,H1: Failed modifying 
0	19:59:55.372	trend_dtrader GBPUSD,H1: Failed modifying 
0	19:59:56.371	trend_dtrader GBPUSD,H1: Failed modifying 
0	19:59:57.371	trend_dtrader GBPUSD,H1: Failed modifying 
0	19:59:58.371	trend_dtrader GBPUSD,H1: Failed modifying 
0	19:59:59.371	trend_dtrader GBPUSD,H1: Failed modifying 
0	20:00:00.371	trend_dtrader GBPUSD,H1: Failed modifying 
0	20:00:01.372	trend_dtrader GBPUSD,H1: Failed modifying 
0	20:00:02.372	trend_dtrader GBPUSD,H1: Failed modifying 
0	20:00:03.371	trend_dtrader GBPUSD,H1: Failed modifying 
0	20:00:04.372	trend_dtrader GBPUSD,H1: Failed modifying 
0	20:00:05.372	trend_dtrader GBPUSD,H1: Failed modifying 
0	20:00:06.371	trend_dtrader GBPUSD,H1: Failed modifying 
0	20:00:07.371	trend_dtrader GBPUSD,H1: Failed modifying 
0	20:00:08.371	trend_dtrader GBPUSD,H1: Failed modifying 
0	20:00:09.371	trend_dtrader GBPUSD,H1: Failed modifying 
0	20:00:10.371	trend_dtrader GBPUSD,H1: Failed modifying 
0	20:00:11.371	trend_dtrader GBPUSD,H1: Failed modifying 
0	20:00:12.371	trend_dtrader GBPUSD,H1: Failed modifying 
0	20:00:13.372	trend_dtrader GBPUSD,H1: Failed modifying 
0	20:00:14.371	trend_dtrader GBPUSD,H1: Failed modifying 
0	20:00:15.371	trend_dtrader GBPUSD,H1: Failed modifying 
0	20:00:16.370	trend_dtrader GBPUSD,H1: Failed modifying 
0	20:00:17.370	trend_dtrader GBPUSD,H1: Failed modifying 
0	20:00:18.370	trend_dtrader GBPUSD,H1: Failed modifying 
0	20:00:19.371	trend_dtrader GBPUSD,H1: Failed modifying 
0	20:00:20.371	trend_dtrader GBPUSD,H1: Failed modifying 
0	20:00:21.371	trend_dtrader GBPUSD,H1: Failed modifying 
0	20:00:22.371	trend_dtrader GBPUSD,H1: Failed modifying 
0	20:00:23.371	trend_dtrader GBPUSD,H1: Failed modifying 
0	20:00:24.371	trend_dtrader GBPUSD,H1: Failed modifying 
0	20:00:25.371	trend_dtrader GBPUSD,H1: Failed modifying 
0	20:00:26.371	trend_dtrader GBPUSD,H1: Failed modifying 
0	20:00:27.370	trend_dtrader GBPUSD,H1: Failed modifying 
0	20:00:28.370	trend_dtrader GBPUSD,H1: Failed modifying 
0	20:00:29.371	trend_dtrader GBPUSD,H1: Failed modifying 
0	20:00:30.370	trend_dtrader GBPUSD,H1: Failed modifying 
0	20:00:31.371	trend_dtrader GBPUSD,H1: Failed modifying 
0	20:00:32.370	trend_dtrader GBPUSD,H1: Failed modifying 
0	20:00:33.371	trend_dtrader GBPUSD,H1: Failed modifying 
0	20:00:34.371	trend_dtrader GBPUSD,H1: Failed modifying 
0	20:00:35.370	trend_dtrader GBPUSD,H1: Failed modifying 
0	20:00:36.370	trend_dtrader GBPUSD,H1: Failed modifying 
0	20:00:37.370	trend_dtrader GBPUSD,H1: Failed modifying 
0	20:00:38.370	trend_dtrader GBPUSD,H1: Failed modifying 
0	20:00:39.371	trend_dtrader GBPUSD,H1: Failed modifying 
0	20:00:40.371	trend_dtrader GBPUSD,H1: Failed modifying 
0	20:00:41.370	trend_dtrader GBPUSD,H1: Failed modifying 
0	20:00:42.371	trend_dtrader GBPUSD,H1: Failed modifying 
0	20:00:43.371	trend_dtrader GBPUSD,H1: Failed modifying 
0	20:00:44.370	trend_dtrader GBPUSD,H1: Failed modifying 
0	20:00:45.370	trend_dtrader GBPUSD,H1: Failed modifying 
0	20:00:46.370	trend_dtrader GBPUSD,H1: Failed modifying 
0	20:00:47.371	trend_dtrader GBPUSD,H1: Failed modifying 
0	20:00:48.370	trend_dtrader GBPUSD,H1: Failed modifying 
0	20:00:49.371	trend_dtrader GBPUSD,H1: Failed modifying 
0	20:00:50.370	trend_dtrader GBPUSD,H1: Failed modifying 
0	20:00:51.370	trend_dtrader GBPUSD,H1: Failed modifying 
0	20:00:52.370	trend_dtrader GBPUSD,H1: Failed modifying 
0	20:00:53.370	trend_dtrader GBPUSD,H1: Failed modifying 
0	20:00:54.371	trend_dtrader GBPUSD,H1: Failed modifying 
0	20:00:55.370	trend_dtrader GBPUSD,H1: Failed modifying 
0	20:00:56.370	trend_dtrader GBPUSD,H1: Failed modifying 
0	20:00:57.370	trend_dtrader GBPUSD,H1: Failed modifying 
0	20:00:58.371	trend_dtrader GBPUSD,H1: Failed modifying 
0	20:00:59.371	trend_dtrader GBPUSD,H1: Failed modifying 
0	20:01:00.370	trend_dtrader GBPUSD,H1: Failed modifying 
0	20:01:01.370	trend_dtrader GBPUSD,H1: Failed modifying 
0	20:01:02.369	trend_dtrader GBPUSD,H1: Failed modifying 
0	20:01:03.370	trend_dtrader GBPUSD,H1: Failed modifying 
0	20:01:04.370	trend_dtrader GBPUSD,H1: Failed modifying 
0	20:01:05.370	trend_dtrader GBPUSD,H1: Failed modifying 
0	20:01:06.370	trend_dtrader GBPUSD,H1: Failed modifying 
0	20:01:07.369	trend_dtrader GBPUSD,H1: Failed modifying 
0	20:01:08.370	trend_dtrader GBPUSD,H1: Failed modifying 
0	20:01:09.369	trend_dtrader GBPUSD,H1: Failed modifying 
0	20:01:10.370	trend_dtrader GBPUSD,H1: Failed modifying 
0	20:01:11.370	trend_dtrader GBPUSD,H1: Failed modifying 
0	20:01:12.369	trend_dtrader GBPUSD,H1: Failed modifying 
0	20:01:13.369	trend_dtrader GBPUSD,H1: Failed modifying 
0	20:01:14.370	trend_dtrader GBPUSD,H1: Failed modifying 
0	20:01:15.370	trend_dtrader GBPUSD,H1: Failed modifying 
0	20:01:16.370	trend_dtrader GBPUSD,H1: Failed modifying 
0	20:01:17.370	trend_dtrader GBPUSD,H1: Failed modifying 
0	20:01:18.370	trend_dtrader GBPUSD,H1: Failed modifying 
0	20:01:19.369	trend_dtrader GBPUSD,H1: Failed modifying 
0	20:01:20.369	trend_dtrader GBPUSD,H1: Failed modifying 
0	20:01:21.370	trend_dtrader GBPUSD,H1: Failed modifying 
0	20:01:22.370	trend_dtrader GBPUSD,H1: Failed modifying 
0	20:01:23.370	trend_dtrader GBPUSD,H1: Failed modifying 
0	20:01:24.370	trend_dtrader GBPUSD,H1: Failed modifying 
0	20:01:25.369	trend_dtrader GBPUSD,H1: Failed modifying 
0	20:01:26.369	trend_dtrader GBPUSD,H1: Failed modifying 
0	20:01:27.370	trend_dtrader GBPUSD,H1: Failed modifying 
0	20:01:28.369	trend_dtrader GBPUSD,H1: Failed modifying 
0	20:01:29.369	trend_dtrader GBPUSD,H1: Failed modifying 
0	20:01:30.369	trend_dtrader GBPUSD,H1: Failed modifying 
0	20:01:31.369	trend_dtrader GBPUSD,H1: Failed modifying 
0	20:01:32.369	trend_dtrader GBPUSD,H1: Failed modifying 
0	20:01:33.370	trend_dtrader GBPUSD,H1: Failed modifying 
0	20:01:34.370	trend_dtrader GBPUSD,H1: Failed modifying 
0	20:01:35.370	trend_dtrader GBPUSD,H1: Failed modifying 
0	20:01:36.370	trend_dtrader GBPUSD,H1: Failed modifying 
0	20:01:37.369	trend_dtrader GBPUSD,H1: Failed modifying 
0	20:01:38.370	trend_dtrader GBPUSD,H1: Failed modifying 
0	20:01:39.369	trend_dtrader GBPUSD,H1: Failed modifying 
0	20:01:40.369	trend_dtrader GBPUSD,H1: Failed modifying 
0	20:01:41.369	trend_dtrader GBPUSD,H1: Failed modifying 
0	20:01:42.369	trend_dtrader GBPUSD,H1: Failed modifying 
0	20:01:43.369	trend_dtrader GBPUSD,H1: Failed modifying 
0	20:01:44.369	trend_dtrader GBPUSD,H1: Failed modifying 
0	20:01:45.368	trend_dtrader GBPUSD,H1: Failed modifying 
0	20:01:46.369	trend_dtrader GBPUSD,H1: Failed modifying 
0	20:01:47.369	trend_dtrader GBPUSD,H1: Failed modifying 
0	20:01:48.369	trend_dtrader GBPUSD,H1: Failed modifying 
0	20:01:49.369	trend_dtrader GBPUSD,H1: Failed modifying 
0	20:01:50.368	trend_dtrader GBPUSD,H1: Failed modifying 
0	20:01:51.369	trend_dtrader GBPUSD,H1: Failed modifying 
0	20:01:52.369	trend_dtrader GBPUSD,H1: Failed modifying 
0	20:01:53.368	trend_dtrader GBPUSD,H1: Failed modifying 
0	20:01:54.369	trend_dtrader GBPUSD,H1: Failed modifying 
0	20:01:55.368	trend_dtrader GBPUSD,H1: Failed modifying 
0	20:01:56.369	trend_dtrader GBPUSD,H1: Failed modifying 
0	20:01:57.368	trend_dtrader GBPUSD,H1: Failed modifying 
0	20:01:58.369	trend_dtrader GBPUSD,H1: Failed modifying 
0	20:01:59.368	trend_dtrader GBPUSD,H1: Failed modifying 
0	20:02:00.369	trend_dtrader GBPUSD,H1: Failed modifying 
0	20:02:01.368	trend_dtrader GBPUSD,H1: Failed modifying 
0	20:02:02.368	trend_dtrader GBPUSD,H1: Failed modifying 
0	20:02:03.369	trend_dtrader GBPUSD,H1: Failed modifying 
0	20:02:04.368	trend_dtrader GBPUSD,H1: Failed modifying 
0	20:02:05.368	trend_dtrader GBPUSD,H1: Failed modifying 
0	20:02:06.368	trend_dtrader GBPUSD,H1: Failed modifying 
0	20:02:07.368	trend_dtrader GBPUSD,H1: Failed modifying 
0	20:02:08.369	trend_dtrader GBPUSD,H1: Failed modifying 
0	20:02:09.369	trend_dtrader GBPUSD,H1: Failed modifying 
0	20:02:10.368	trend_dtrader GBPUSD,H1: Failed modifying 
0	20:02:11.368	trend_dtrader GBPUSD,H1: Failed modifying 
0	20:02:12.369	trend_dtrader GBPUSD,H1: Failed modifying 
0	20:02:13.368	trend_dtrader GBPUSD,H1: Failed modifying 
0	20:02:14.368	trend_dtrader GBPUSD,H1: Failed modifying 
0	20:02:15.368	trend_dtrader GBPUSD,H1: Failed modifying 
0	20:02:16.368	trend_dtrader GBPUSD,H1: Failed modifying 
0	20:02:17.369	trend_dtrader GBPUSD,H1: Failed modifying 
0	20:02:18.368	trend_dtrader GBPUSD,H1: Failed modifying 
0	20:02:19.368	trend_dtrader GBPUSD,H1: Failed modifying 
0	20:02:20.368	trend_dtrader GBPUSD,H1: Failed modifying 
0	20:02:21.368	trend_dtrader GBPUSD,H1: Failed modifying 
0	20:02:22.368	trend_dtrader GBPUSD,H1: Failed modifying 
0	20:02:23.367	trend_dtrader GBPUSD,H1: Failed modifying 
0	20:02:24.368	trend_dtrader GBPUSD,H1: Failed modifying 
0	20:02:25.368	trend_dtrader GBPUSD,H1: Failed modifying 
0	20:02:26.369	trend_dtrader GBPUSD,H1: Failed modifying 
0	20:02:27.368	trend_dtrader GBPUSD,H1: Failed modifying 
0	20:02:28.368	trend_dtrader GBPUSD,H1: Failed modifying 
0	20:02:29.368	trend_dtrader GBPUSD,H1: Failed modifying 
0	20:02:30.368	trend_dtrader GBPUSD,H1: Failed modifying 
0	20:02:31.368	trend_dtrader GBPUSD,H1: Failed modifying 
0	20:02:32.368	trend_dtrader GBPUSD,H1: Failed modifying 
0	20:02:33.370	trend_dtrader GBPUSD,H1: Failed modifying 
0	20:02:34.368	trend_dtrader GBPUSD,H1: Failed modifying 
0	20:02:35.367	trend_dtrader GBPUSD,H1: Failed modifying 
0	20:02:36.367	trend_dtrader GBPUSD,H1: Failed modifying 
0	20:02:37.368	trend_dtrader GBPUSD,H1: Failed modifying 
0	20:02:38.367	trend_dtrader GBPUSD,H1: Failed modifying 
0	20:02:39.367	trend_dtrader GBPUSD,H1: Failed modifying 
0	20:02:40.367	trend_dtrader GBPUSD,H1: Failed modifying 
0	20:02:41.367	trend_dtrader GBPUSD,H1: Failed modifying 
0	20:02:42.368	trend_dtrader GBPUSD,H1: Failed modifying 
0	20:02:43.368	trend_dtrader GBPUSD,H1: Failed modifying 
0	20:02:44.368	trend_dtrader GBPUSD,H1: Failed modifying 
0	20:02:45.367	trend_dtrader GBPUSD,H1: Failed modifying 
0	20:02:46.367	trend_dtrader GBPUSD,H1: Failed modifying 
0	20:02:47.367	trend_dtrader GBPUSD,H1: Failed modifying 
0	20:02:48.367	trend_dtrader GBPUSD,H1: Failed modifying 
0	20:02:49.367	trend_dtrader GBPUSD,H1: Failed modifying 
0	20:02:50.367	trend_dtrader GBPUSD,H1: Failed modifying 
0	20:02:51.367	trend_dtrader GBPUSD,H1: Failed modifying 
0	20:02:52.367	trend_dtrader GBPUSD,H1: Failed modifying 
0	20:02:53.367	trend_dtrader GBPUSD,H1: Failed modifying 
0	20:02:54.367	trend_dtrader GBPUSD,H1: Failed modifying 
0	20:02:55.368	trend_dtrader GBPUSD,H1: Failed modifying 
0	20:02:56.367	trend_dtrader GBPUSD,H1: Failed modifying 
0	20:02:57.367	trend_dtrader GBPUSD,H1: Failed modifying 
0	20:02:58.368	trend_dtrader GBPUSD,H1: Failed modifying 
0	20:02:59.367	trend_dtrader GBPUSD,H1: Failed modifying 
0	20:03:00.367	trend_dtrader GBPUSD,H1: Failed modifying 
0	20:03:01.367	trend_dtrader GBPUSD,H1: Failed modifying 
0	20:03:02.368	trend_dtrader GBPUSD,H1: Failed modifying 
0	20:03:03.367	trend_dtrader GBPUSD,H1: Failed modifying 
0	20:03:04.367	trend_dtrader GBPUSD,H1: Failed modifying 
0	20:03:05.367	trend_dtrader GBPUSD,H1: Failed modifying 
0	20:03:06.367	trend_dtrader GBPUSD,H1: Failed modifying 
0	20:03:07.368	trend_dtrader GBPUSD,H1: Failed modifying 
0	20:03:08.367	trend_dtrader GBPUSD,H1: Failed modifying 
0	20:03:09.367	trend_dtrader GBPUSD,H1: Failed modifying 
0	20:03:10.367	trend_dtrader GBPUSD,H1: Failed modifying 
0	20:03:11.367	trend_dtrader GBPUSD,H1: Failed modifying 
0	20:03:12.367	trend_dtrader GBPUSD,H1: Failed modifying 
0	20:03:13.367	trend_dtrader GBPUSD,H1: Failed modifying 
0	20:03:14.367	trend_dtrader GBPUSD,H1: Failed modifying 
0	20:03:15.366	trend_dtrader GBPUSD,H1: Failed modifying 
0	20:03:16.367	trend_dtrader GBPUSD,H1: Failed modifying 
0	20:03:17.367	trend_dtrader GBPUSD,H1: Failed modifying 
0	20:03:18.367	trend_dtrader GBPUSD,H1: Failed modifying 
0	20:03:19.367	trend_dtrader GBPUSD,H1: Failed modifying 
0	20:03:20.367	trend_dtrader GBPUSD,H1: Failed modifying 
0	20:03:21.367	trend_dtrader GBPUSD,H1: Failed modifying 
0	20:03:22.366	trend_dtrader GBPUSD,H1: Failed modifying 
0	20:03:23.367	trend_dtrader GBPUSD,H1: Failed modifying 
0	20:03:24.366	trend_dtrader GBPUSD,H1: Failed modifying 
0	20:03:25.366	trend_dtrader GBPUSD,H1: Failed modifying 
0	20:03:26.366	trend_dtrader GBPUSD,H1: Failed modifying 
0	20:03:27.366	trend_dtrader GBPUSD,H1: Failed modifying 
0	20:03:28.367	trend_dtrader GBPUSD,H1: Failed modifying 
0	20:03:29.366	trend_dtrader GBPUSD,H1: Failed modifying 
0	20:03:30.367	trend_dtrader GBPUSD,H1: Failed modifying 
0	20:03:31.367	trend_dtrader GBPUSD,H1: Failed modifying 
0	20:03:32.366	trend_dtrader GBPUSD,H1: Failed modifying 
0	20:03:33.366	trend_dtrader GBPUSD,H1: Failed modifying 
0	20:03:34.366	trend_dtrader GBPUSD,H1: Failed modifying 
0	20:03:35.366	trend_dtrader GBPUSD,H1: Failed modifying 
0	20:03:36.367	trend_dtrader GBPUSD,H1: Failed modifying 
0	20:03:37.367	trend_dtrader GBPUSD,H1: Failed modifying 
0	20:03:38.366	trend_dtrader GBPUSD,H1: Failed modifying 
0	20:03:39.372	trend_dtrader GBPUSD,H1: Failed modifying 
0	20:03:40.366	trend_dtrader GBPUSD,H1: Failed modifying 
0	20:03:41.366	trend_dtrader GBPUSD,H1: Failed modifying 
0	20:03:42.366	trend_dtrader GBPUSD,H1: Failed modifying 
0	20:03:43.366	trend_dtrader GBPUSD,H1: Failed modifying 
0	20:03:44.366	trend_dtrader GBPUSD,H1: Failed modifying 
0	20:03:45.365	trend_dtrader GBPUSD,H1: Failed modifying 
0	20:03:46.366	trend_dtrader GBPUSD,H1: Failed modifying 
0	20:03:47.366	trend_dtrader GBPUSD,H1: Failed modifying 
0	20:03:48.366	trend_dtrader GBPUSD,H1: Failed modifying 
0	20:03:49.366	trend_dtrader GBPUSD,H1: Failed modifying 
0	20:03:50.366	trend_dtrader GBPUSD,H1: Failed modifying 
0	20:03:51.365	trend_dtrader GBPUSD,H1: Failed modifying 
0	20:03:52.366	trend_dtrader GBPUSD,H1: Failed modifying 
0	20:03:53.366	trend_dtrader GBPUSD,H1: Failed modifying 
0	20:03:54.366	trend_dtrader GBPUSD,H1: Failed modifying 
0	20:03:55.366	trend_dtrader GBPUSD,H1: Failed modifying 
0	20:03:56.365	trend_dtrader GBPUSD,H1: Failed modifying 
0	20:03:57.365	trend_dtrader GBPUSD,H1: Failed modifying 
0	20:03:58.366	trend_dtrader GBPUSD,H1: Failed modifying 
0	20:03:59.366	trend_dtrader GBPUSD,H1: Failed modifying 
0	20:04:00.366	trend_dtrader GBPUSD,H1: Failed modifying 
0	20:04:01.366	trend_dtrader GBPUSD,H1: Failed modifying 
0	20:04:02.366	trend_dtrader GBPUSD,H1: Failed modifying 
0	20:04:03.365	trend_dtrader GBPUSD,H1: Failed modifying 
0	20:04:04.365	trend_dtrader GBPUSD,H1: Failed modifying 
0	20:04:05.365	trend_dtrader GBPUSD,H1: Failed modifying 
0	20:04:06.365	trend_dtrader GBPUSD,H1: Failed modifying 
0	20:04:07.366	trend_dtrader GBPUSD,H1: Failed modifying 
0	20:04:08.366	trend_dtrader GBPUSD,H1: Failed modifying 
0	20:04:09.366	trend_dtrader GBPUSD,H1: Failed modifying 
0	20:04:10.366	trend_dtrader GBPUSD,H1: Failed modifying 
0	20:04:11.365	trend_dtrader GBPUSD,H1: Failed modifying 
0	20:04:12.365	trend_dtrader GBPUSD,H1: Failed modifying 
0	20:04:13.365	trend_dtrader GBPUSD,H1: Failed modifying 
0	20:04:14.366	trend_dtrader GBPUSD,H1: Failed modifying 
0	20:04:15.365	trend_dtrader GBPUSD,H1: Failed modifying 
0	20:04:16.365	trend_dtrader GBPUSD,H1: Failed modifying 
0	20:04:17.365	trend_dtrader GBPUSD,H1: Failed modifying 
0	20:04:18.365	trend_dtrader GBPUSD,H1: Failed modifying 
0	20:04:19.366	trend_dtrader GBPUSD,H1: Failed modifying 
0	20:04:20.365	trend_dtrader GBPUSD,H1: Failed modifying 
0	20:04:21.366	trend_dtrader GBPUSD,H1: Failed modifying 
0	20:04:22.365	trend_dtrader GBPUSD,H1: Failed modifying 
0	20:04:23.365	trend_dtrader GBPUSD,H1: Failed modifying 
0	20:04:24.365	trend_dtrader GBPUSD,H1: Failed modifying 
0	20:04:25.365	trend_dtrader GBPUSD,H1: Failed modifying 
0	20:04:26.365	trend_dtrader GBPUSD,H1: Failed modifying 
0	20:04:27.365	trend_dtrader GBPUSD,H1: Failed modifying 
0	20:04:28.365	trend_dtrader GBPUSD,H1: Failed modifying 
0	20:04:29.366	trend_dtrader GBPUSD,H1: Failed modifying 
0	20:04:30.364	trend_dtrader GBPUSD,H1: Failed modifying 
0	20:04:31.365	trend_dtrader GBPUSD,H1: Failed modifying 
0	20:04:32.364	trend_dtrader GBPUSD,H1: Failed modifying 
0	20:04:33.366	trend_dtrader GBPUSD,H1: Failed modifying 
0	20:04:34.365	trend_dtrader GBPUSD,H1: Failed modifying 
0	20:04:35.365	trend_dtrader GBPUSD,H1: Failed modifying 
0	20:04:36.365	trend_dtrader GBPUSD,H1: Failed modifying 
0	20:04:37.364	trend_dtrader GBPUSD,H1: Failed modifying 
0	20:04:38.364	trend_dtrader GBPUSD,H1: Failed modifying 
0	20:04:39.364	trend_dtrader GBPUSD,H1: Failed modifying 
0	20:04:40.364	trend_dtrader GBPUSD,H1: Failed modifying 
0	20:04:41.365	trend_dtrader GBPUSD,H1: Failed modifying 
0	20:04:42.365	trend_dtrader GBPUSD,H1: Failed modifying 
0	20:04:43.365	trend_dtrader GBPUSD,H1: Failed modifying 
0	20:04:44.365	trend_dtrader GBPUSD,H1: Failed modifying 
0	20:04:45.365	trend_dtrader GBPUSD,H1: Failed modifying 
0	20:04:46.364	trend_dtrader GBPUSD,H1: Failed modifying 
0	20:04:47.365	trend_dtrader GBPUSD,H1: Failed modifying 
0	20:04:48.365	trend_dtrader GBPUSD,H1: Failed modifying 
0	20:04:49.364	trend_dtrader GBPUSD,H1: Failed modifying 
0	20:04:50.365	trend_dtrader GBPUSD,H1: Failed modifying 
0	20:04:51.364	trend_dtrader GBPUSD,H1: Failed modifying 
0	20:04:52.364	trend_dtrader GBPUSD,H1: Failed modifying 
0	20:04:53.365	trend_dtrader GBPUSD,H1: Failed modifying 
0	20:04:54.364	trend_dtrader GBPUSD,H1: Failed modifying 
0	20:04:55.364	trend_dtrader GBPUSD,H1: Failed modifying 
0	20:04:56.364	trend_dtrader GBPUSD,H1: Failed modifying 
0	20:04:57.364	trend_dtrader GBPUSD,H1: Failed modifying 
0	20:04:58.365	trend_dtrader GBPUSD,H1: Failed modifying 
0	20:04:59.365	trend_dtrader GBPUSD,H1: Failed modifying 
0	20:05:00.364	trend_dtrader GBPUSD,H1: Failed modifying 
0	20:05:01.364	trend_dtrader GBPUSD,H1: Failed modifying 
0	20:05:02.364	trend_dtrader GBPUSD,H1: Failed modifying 
0	20:05:03.364	trend_dtrader GBPUSD,H1: Failed modifying 
0	20:05:04.364	trend_dtrader GBPUSD,H1: Failed modifying 
0	20:05:05.365	trend_dtrader GBPUSD,H1: Failed modifying 
0	20:05:06.364	trend_dtrader GBPUSD,H1: Failed modifying 
0	20:05:07.364	trend_dtrader GBPUSD,H1: Failed modifying 
0	20:05:08.365	trend_dtrader GBPUSD,H1: Failed modifying 
0	20:05:09.364	trend_dtrader GBPUSD,H1: Failed modifying 
0	20:05:10.363	trend_dtrader GBPUSD,H1: Failed modifying 
0	20:05:11.364	trend_dtrader GBPUSD,H1: Failed modifying 
0	20:05:12.364	trend_dtrader GBPUSD,H1: Failed modifying 
0	20:05:13.364	trend_dtrader GBPUSD,H1: Failed modifying 
0	20:05:14.365	trend_dtrader GBPUSD,H1: Failed modifying 
0	20:05:15.364	trend_dtrader GBPUSD,H1: Failed modifying 
0	20:05:16.364	trend_dtrader GBPUSD,H1: Failed modifying 
0	20:05:17.363	trend_dtrader GBPUSD,H1: Failed modifying 
0	20:05:18.364	trend_dtrader GBPUSD,H1: Failed modifying 
0	20:05:19.364	trend_dtrader GBPUSD,H1: Failed modifying 
0	20:05:20.364	trend_dtrader GBPUSD,H1: Failed modifying 
0	20:05:21.364	trend_dtrader GBPUSD,H1: Failed modifying 
0	20:05:22.363	trend_dtrader GBPUSD,H1: Failed modifying 
0	20:05:23.364	trend_dtrader GBPUSD,H1: Failed modifying 
0	20:05:24.363	trend_dtrader GBPUSD,H1: Failed modifying 
0	20:05:25.364	trend_dtrader GBPUSD,H1: Failed modifying 
0	20:05:26.364	trend_dtrader GBPUSD,H1: Failed modifying 
0	20:05:27.364	trend_dtrader GBPUSD,H1: Failed modifying 
0	20:05:28.363	trend_dtrader GBPUSD,H1: Failed modifying 
0	20:05:29.363	trend_dtrader GBPUSD,H1: Failed modifying 
0	20:05:30.363	trend_dtrader GBPUSD,H1: Failed modifying 
0	20:05:31.363	trend_dtrader GBPUSD,H1: Failed modifying 
0	20:05:32.364	trend_dtrader GBPUSD,H1: Failed modifying 
0	20:05:33.364	trend_dtrader GBPUSD,H1: Failed modifying 
0	20:05:34.364	trend_dtrader GBPUSD,H1: Failed modifying 
0	20:05:35.363	trend_dtrader GBPUSD,H1: Failed modifying 
0	20:05:36.364	trend_dtrader GBPUSD,H1: Failed modifying 
0	20:05:37.363	trend_dtrader GBPUSD,H1: Failed modifying 
0	20:05:38.364	trend_dtrader GBPUSD,H1: Failed modifying 
0	20:05:39.366	trend_dtrader GBPUSD,H1: Failed modifying 
0	20:05:40.363	trend_dtrader GBPUSD,H1: Failed modifying 
0	20:05:41.363	trend_dtrader GBPUSD,H1: Failed modifying 
0	20:05:42.363	trend_dtrader GBPUSD,H1: Failed modifying 
0	20:05:43.363	trend_dtrader GBPUSD,H1: Failed modifying 
0	20:05:44.363	trend_dtrader GBPUSD,H1: Failed modifying 
0	20:05:45.363	trend_dtrader GBPUSD,H1: Failed modifying 
0	20:05:46.363	trend_dtrader GBPUSD,H1: Failed modifying 
0	20:05:47.363	trend_dtrader GBPUSD,H1: Failed modifying 
0	20:05:48.363	trend_dtrader GBPUSD,H1: Failed modifying 
0	20:05:49.363	trend_dtrader GBPUSD,H1: Failed modifying 
0	20:05:50.363	trend_dtrader GBPUSD,H1: Failed modifying 
0	20:05:51.363	trend_dtrader GBPUSD,H1: Failed modifying 
0	20:05:52.363	trend_dtrader GBPUSD,H1: Failed modifying 
0	20:05:53.364	trend_dtrader GBPUSD,H1: Failed modifying 
0	20:05:54.363	trend_dtrader GBPUSD,H1: Failed modifying 
0	20:05:55.362	trend_dtrader GBPUSD,H1: Failed modifying 
0	20:05:56.363	trend_dtrader GBPUSD,H1: Failed modifying 
0	20:05:57.362	trend_dtrader GBPUSD,H1: Failed modifying 
0	20:05:58.362	trend_dtrader GBPUSD,H1: Failed modifying 
0	20:05:59.363	trend_dtrader GBPUSD,H1: Failed modifying 
0	20:06:00.363	trend_dtrader GBPUSD,H1: Failed modifying 
0	20:06:01.363	trend_dtrader GBPUSD,H1: Failed modifying 
0	20:06:02.363	trend_dtrader GBPUSD,H1: Failed modifying 
0	20:06:03.362	trend_dtrader GBPUSD,H1: Failed modifying 
0	20:06:04.363	trend_dtrader GBPUSD,H1: Failed modifying 
0	20:06:05.362	trend_dtrader GBPUSD,H1: Failed modifying 
0	20:06:06.362	trend_dtrader GBPUSD,H1: Failed modifying 
0	20:06:07.364	trend_dtrader GBPUSD,H1: Failed modifying 
0	20:06:08.363	trend_dtrader GBPUSD,H1: Failed modifying 
0	20:06:09.363	trend_dtrader GBPUSD,H1: Failed modifying 
0	20:06:10.363	trend_dtrader GBPUSD,H1: Failed modifying 
0	20:06:11.362	trend_dtrader GBPUSD,H1: Failed modifying 
0	20:06:12.362	trend_dtrader GBPUSD,H1: Failed modifying 
0	20:06:13.363	trend_dtrader GBPUSD,H1: Failed modifying 
0	20:06:14.363	trend_dtrader GBPUSD,H1: Failed modifying 
0	20:06:15.363	trend_dtrader GBPUSD,H1: Failed modifying 
0	20:06:16.363	trend_dtrader GBPUSD,H1: Failed modifying 
0	20:06:17.363	trend_dtrader GBPUSD,H1: Failed modifying 
0	20:06:18.362	trend_dtrader GBPUSD,H1: Failed modifying 
0	20:06:19.362	trend_dtrader GBPUSD,H1: Failed modifying 
0	20:06:20.363	trend_dtrader GBPUSD,H1: Failed modifying 
0	20:06:21.363	trend_dtrader GBPUSD,H1: Failed modifying 
0	20:06:22.363	trend_dtrader GBPUSD,H1: Failed modifying 
0	20:06:23.363	trend_dtrader GBPUSD,H1: Failed modifying 
0	20:06:24.362	trend_dtrader GBPUSD,H1: Failed modifying 
0	20:06:25.362	trend_dtrader GBPUSD,H1: Failed modifying 
0	20:06:26.363	trend_dtrader GBPUSD,H1: Failed modifying 
0	20:06:27.362	trend_dtrader GBPUSD,H1: Failed modifying 
0	20:06:28.362	trend_dtrader GBPUSD,H1: Failed modifying 
0	20:06:29.362	trend_dtrader GBPUSD,H1: Failed modifying 
0	20:06:30.362	trend_dtrader GBPUSD,H1: Failed modifying 
0	20:06:31.362	trend_dtrader GBPUSD,H1: Failed modifying 
0	20:06:32.362	trend_dtrader GBPUSD,H1: Failed modifying 
0	20:06:33.362	trend_dtrader GBPUSD,H1: Failed modifying 
0	20:06:34.362	trend_dtrader GBPUSD,H1: Failed modifying 
0	20:06:35.362	trend_dtrader GBPUSD,H1: Failed modifying 
0	20:06:36.362	trend_dtrader GBPUSD,H1: Failed modifying 
0	20:06:37.362	trend_dtrader GBPUSD,H1: Failed modifying 
0	20:06:38.362	trend_dtrader GBPUSD,H1: Failed modifying 
0	20:06:39.362	trend_dtrader GBPUSD,H1: Failed modifying 
0	20:06:40.362	trend_dtrader GBPUSD,H1: Failed modifying 
0	20:06:41.362	trend_dtrader GBPUSD,H1: Failed modifying 
0	20:06:42.362	trend_dtrader GBPUSD,H1: Failed modifying 
0	20:06:43.362	trend_dtrader GBPUSD,H1: Failed modifying 
0	20:06:44.362	trend_dtrader GBPUSD,H1: Failed modifying 
0	20:06:45.362	trend_dtrader GBPUSD,H1: Failed modifying 
0	20:06:46.362	trend_dtrader GBPUSD,H1: Failed modifying 
0	20:06:47.361	trend_dtrader GBPUSD,H1: Failed modifying 
0	20:06:48.362	trend_dtrader GBPUSD,H1: Failed modifying 
0	20:06:49.361	trend_dtrader GBPUSD,H1: Failed modifying 
0	20:06:50.361	trend_dtrader GBPUSD,H1: Failed modifying 
0	20:06:51.362	trend_dtrader GBPUSD,H1: Failed modifying 
0	20:06:52.361	trend_dtrader GBPUSD,H1: Failed modifying 
0	20:06:53.361	trend_dtrader GBPUSD,H1: Failed modifying 
0	20:06:54.362	trend_dtrader GBPUSD,H1: Failed modifying 
0	20:06:55.361	trend_dtrader GBPUSD,H1: Failed modifying 
0	20:06:56.362	trend_dtrader GBPUSD,H1: Failed modifying 
0	20:06:57.361	trend_dtrader GBPUSD,H1: Failed modifying 
0	20:06:58.362	trend_dtrader GBPUSD,H1: Failed modifying 
0	20:06:59.361	trend_dtrader GBPUSD,H1: Failed modifying 
0	20:07:00.361	trend_dtrader GBPUSD,H1: Failed modifying 
0	20:07:01.361	trend_dtrader GBPUSD,H1: Failed modifying 
0	20:07:02.362	trend_dtrader GBPUSD,H1: Failed modifying 
0	20:07:03.370	trend_dtrader GBPUSD,H1: Failed modifying 
0	20:07:04.362	trend_dtrader GBPUSD,H1: Failed modifying 
0	20:07:05.361	trend_dtrader GBPUSD,H1: Failed modifying 
0	20:07:06.361	trend_dtrader GBPUSD,H1: Failed modifying 
0	20:07:07.361	trend_dtrader GBPUSD,H1: Failed modifying 
0	20:07:08.361	trend_dtrader GBPUSD,H1: Failed modifying 
0	20:07:09.361	trend_dtrader GBPUSD,H1: Failed modifying 
0	20:07:10.361	trend_dtrader GBPUSD,H1: Failed modifying 
0	20:07:11.361	trend_dtrader GBPUSD,H1: Failed modifying 
0	20:07:12.361	trend_dtrader GBPUSD,H1: Failed modifying 
0	20:07:13.361	trend_dtrader GBPUSD,H1: Failed modifying 
0	20:07:14.361	trend_dtrader GBPUSD,H1: Failed modifying 
0	20:07:15.361	trend_dtrader GBPUSD,H1: Failed modifying 
0	20:07:16.361	trend_dtrader GBPUSD,H1: Failed modifying 
0	20:07:17.361	trend_dtrader GBPUSD,H1: Failed modifying 
0	20:07:18.361	trend_dtrader GBPUSD,H1: Failed modifying 
0	20:07:19.361	trend_dtrader GBPUSD,H1: Failed modifying 
0	20:07:20.361	trend_dtrader GBPUSD,H1: Failed modifying 
0	20:07:21.361	trend_dtrader GBPUSD,H1: Failed modifying 
0	20:07:22.361	trend_dtrader GBPUSD,H1: Failed modifying 
0	20:07:23.361	trend_dtrader GBPUSD,H1: Failed modifying 
0	20:07:24.360	trend_dtrader GBPUSD,H1: Failed modifying 
0	20:07:25.360	trend_dtrader GBPUSD,H1: Failed modifying 
0	20:07:26.361	trend_dtrader GBPUSD,H1: Failed modifying 
0	20:07:27.361	trend_dtrader GBPUSD,H1: Failed modifying 
0	20:07:28.360	trend_dtrader GBPUSD,H1: Failed modifying 
0	20:07:29.361	trend_dtrader GBPUSD,H1: Failed modifying 
0	20:07:30.361	trend_dtrader GBPUSD,H1: Failed modifying 
0	20:07:31.361	trend_dtrader GBPUSD,H1: Failed modifying 
0	20:07:32.360	trend_dtrader GBPUSD,H1: Failed modifying 
0	20:07:33.361	trend_dtrader GBPUSD,H1: Failed modifying 
0	20:07:34.360	trend_dtrader GBPUSD,H1: Failed modifying 
0	20:07:35.361	trend_dtrader GBPUSD,H1: Failed modifying 
0	20:07:36.360	trend_dtrader GBPUSD,H1: Failed modifying 
0	20:07:37.361	trend_dtrader GBPUSD,H1: Failed modifying 
0	20:07:38.360	trend_dtrader GBPUSD,H1: Failed modifying 
0	20:07:39.361	trend_dtrader GBPUSD,H1: Failed modifying 
0	20:07:40.360	trend_dtrader GBPUSD,H1: Failed modifying 
0	20:07:41.360	trend_dtrader GBPUSD,H1: Failed modifying 
0	20:07:42.360	trend_dtrader GBPUSD,H1: Failed modifying 
0	20:07:43.360	trend_dtrader GBPUSD,H1: Failed modifying 
0	20:07:44.360	trend_dtrader GBPUSD,H1: Failed modifying 
0	20:07:45.361	trend_dtrader GBPUSD,H1: Failed modifying 
0	20:07:46.360	trend_dtrader GBPUSD,H1: Failed modifying 
0	20:07:47.361	trend_dtrader GBPUSD,H1: Failed modifying 
0	20:07:48.360	trend_dtrader GBPUSD,H1: Failed modifying 
0	20:07:49.360	trend_dtrader GBPUSD,H1: Failed modifying 
0	20:07:50.360	trend_dtrader GBPUSD,H1: Failed modifying 
0	20:07:51.360	trend_dtrader GBPUSD,H1: Failed modifying 
0	20:07:52.360	trend_dtrader GBPUSD,H1: Failed modifying 
0	20:07:53.360	trend_dtrader GBPUSD,H1: Failed modifying 
0	20:07:54.360	trend_dtrader GBPUSD,H1: Failed modifying 
0	20:07:55.360	trend_dtrader GBPUSD,H1: Failed modifying 
0	20:07:56.360	trend_dtrader GBPUSD,H1: Failed modifying 
0	20:07:57.360	trend_dtrader GBPUSD,H1: Failed modifying 
0	20:07:58.360	trend_dtrader GBPUSD,H1: Failed modifying 
0	20:07:59.360	trend_dtrader GBPUSD,H1: Failed modifying 
0	20:08:00.360	trend_dtrader GBPUSD,H1: Failed modifying 
0	20:08:01.359	trend_dtrader GBPUSD,H1: Failed modifying 
0	20:08:02.360	trend_dtrader GBPUSD,H1: Failed modifying 
0	20:08:03.361	trend_dtrader GBPUSD,H1: Failed modifying 
0	20:08:04.360	trend_dtrader GBPUSD,H1: Failed modifying 
0	20:08:05.359	trend_dtrader GBPUSD,H1: Failed modifying 
0	20:08:06.360	trend_dtrader GBPUSD,H1: Failed modifying 
0	20:08:07.359	trend_dtrader GBPUSD,H1: Failed modifying 
0	20:08:08.360	trend_dtrader GBPUSD,H1: Failed modifying 
0	20:08:09.360	trend_dtrader GBPUSD,H1: Failed modifying 
0	20:08:10.359	trend_dtrader GBPUSD,H1: Failed modifying 
0	20:08:11.359	trend_dtrader GBPUSD,H1: Failed modifying 
0	20:08:12.359	trend_dtrader GBPUSD,H1: Failed modifying 
0	20:08:13.359	trend_dtrader GBPUSD,H1: Failed modifying 
0	20:08:14.359	trend_dtrader GBPUSD,H1: Failed modifying 
0	20:08:15.359	trend_dtrader GBPUSD,H1: Failed modifying 
0	20:08:16.359	trend_dtrader GBPUSD,H1: Failed modifying 
0	20:08:17.359	trend_dtrader GBPUSD,H1: Failed modifying 
0	20:08:18.359	trend_dtrader GBPUSD,H1: Failed modifying 
0	20:08:19.359	trend_dtrader GBPUSD,H1: Failed modifying 
0	20:08:20.359	trend_dtrader GBPUSD,H1: Failed modifying 
0	20:08:21.360	trend_dtrader GBPUSD,H1: Failed modifying 
0	20:08:22.359	trend_dtrader GBPUSD,H1: Failed modifying 
0	20:08:23.359	trend_dtrader GBPUSD,H1: Failed modifying 
0	20:08:24.359	trend_dtrader GBPUSD,H1: Failed modifying 
0	20:08:25.359	trend_dtrader GBPUSD,H1: Failed modifying 
0	20:08:26.359	trend_dtrader GBPUSD,H1: Failed modifying 
0	20:08:27.360	trend_dtrader GBPUSD,H1: Failed modifying 
0	20:08:28.359	trend_dtrader GBPUSD,H1: Failed modifying 
0	20:08:29.359	trend_dtrader GBPUSD,H1: Failed modifying 
0	20:08:30.359	trend_dtrader GBPUSD,H1: Failed modifying 
0	20:08:31.358	trend_dtrader GBPUSD,H1: Failed modifying 
0	20:08:32.358	trend_dtrader GBPUSD,H1: Failed modifying 
0	20:08:33.359	trend_dtrader GBPUSD,H1: Failed modifying 
0	20:08:34.359	trend_dtrader GBPUSD,H1: Failed modifying 
0	20:08:35.359	trend_dtrader GBPUSD,H1: Failed modifying 
0	20:08:36.359	trend_dtrader GBPUSD,H1: Failed modifying 
0	20:08:37.359	trend_dtrader GBPUSD,H1: Failed modifying 
0	20:08:38.359	trend_dtrader GBPUSD,H1: Failed modifying 
0	20:08:39.359	trend_dtrader GBPUSD,H1: Failed modifying 
0	20:08:40.358	trend_dtrader GBPUSD,H1: Failed modifying 
0	20:08:41.359	trend_dtrader GBPUSD,H1: Failed modifying 
0	20:08:42.358	trend_dtrader GBPUSD,H1: Failed modifying 
0	20:08:43.359	trend_dtrader GBPUSD,H1: Failed modifying 
0	20:08:44.358	trend_dtrader GBPUSD,H1: Failed modifying 
0	20:08:45.359	trend_dtrader GBPUSD,H1: Failed modifying 
0	20:08:46.359	trend_dtrader GBPUSD,H1: Failed modifying 
0	20:08:47.358	trend_dtrader GBPUSD,H1: Failed modifying 
0	20:08:48.358	trend_dtrader GBPUSD,H1: Failed modifying 
0	20:08:49.359	trend_dtrader GBPUSD,H1: Failed modifying 
0	20:08:50.358	trend_dtrader GBPUSD,H1: Failed modifying 
0	20:08:51.359	trend_dtrader GBPUSD,H1: Failed modifying 
0	20:08:52.359	trend_dtrader GBPUSD,H1: Failed modifying 
0	20:08:53.360	trend_dtrader GBPUSD,H1: Failed modifying 
0	20:08:54.358	trend_dtrader GBPUSD,H1: Failed modifying 
0	20:08:55.358	trend_dtrader GBPUSD,H1: Failed modifying 
0	20:08:56.359	trend_dtrader GBPUSD,H1: Failed modifying 
0	20:08:57.359	trend_dtrader GBPUSD,H1: Failed modifying 
0	20:08:58.359	trend_dtrader GBPUSD,H1: Failed modifying 
0	20:08:59.358	trend_dtrader GBPUSD,H1: Failed modifying 
0	20:09:00.358	trend_dtrader GBPUSD,H1: Failed modifying 
0	20:09:01.358	trend_dtrader GBPUSD,H1: Failed modifying 
0	20:09:02.358	trend_dtrader GBPUSD,H1: Failed modifying 
0	20:09:03.358	trend_dtrader GBPUSD,H1: Failed modifying 
0	20:09:04.358	trend_dtrader GBPUSD,H1: Failed modifying 
0	20:09:05.358	trend_dtrader GBPUSD,H1: Failed modifying 
0	20:09:06.358	trend_dtrader GBPUSD,H1: Failed modifying 
0	20:09:07.358	trend_dtrader GBPUSD,H1: Failed modifying 
0	20:09:08.358	trend_dtrader GBPUSD,H1: Failed modifying 
0	20:09:09.358	trend_dtrader GBPUSD,H1: Failed modifying 
0	20:09:10.358	trend_dtrader GBPUSD,H1: Failed modifying 
0	20:09:11.358	trend_dtrader GBPUSD,H1: Failed modifying 
0	20:09:12.359	trend_dtrader GBPUSD,H1: Failed modifying 
0	20:09:13.359	trend_dtrader GBPUSD,H1: Failed modifying 
0	20:09:14.358	trend_dtrader GBPUSD,H1: Failed modifying 
0	20:09:15.358	trend_dtrader GBPUSD,H1: Failed modifying 
0	20:09:16.358	trend_dtrader GBPUSD,H1: Failed modifying 
0	20:09:17.358	trend_dtrader GBPUSD,H1: Failed modifying 
0	20:09:18.358	trend_dtrader GBPUSD,H1: Failed modifying 
0	20:09:19.357	trend_dtrader GBPUSD,H1: Failed modifying 
0	20:09:20.358	trend_dtrader GBPUSD,H1: Failed modifying 
0	20:09:21.358	trend_dtrader GBPUSD,H1: Failed modifying 
0	20:09:22.358	trend_dtrader GBPUSD,H1: Failed modifying 
0	20:09:23.358	trend_dtrader GBPUSD,H1: Failed modifying 
0	20:09:24.358	trend_dtrader GBPUSD,H1: Failed modifying 
0	20:09:25.358	trend_dtrader GBPUSD,H1: Failed modifying 
0	20:09:26.357	trend_dtrader GBPUSD,H1: Failed modifying 
0	20:09:27.358	trend_dtrader GBPUSD,H1: Failed modifying 
0	20:09:28.358	trend_dtrader GBPUSD,H1: Failed modifying 
0	20:09:29.358	trend_dtrader GBPUSD,H1: Failed modifying 
0	20:09:30.357	trend_dtrader GBPUSD,H1: Failed modifying 
0	20:09:31.358	trend_dtrader GBPUSD,H1: Failed modifying 
0	20:09:32.357	trend_dtrader GBPUSD,H1: Failed modifying 
0	20:09:33.357	trend_dtrader GBPUSD,H1: Failed modifying 
0	20:09:34.357	trend_dtrader GBPUSD,H1: Failed modifying 
0	20:09:35.357	trend_dtrader GBPUSD,H1: Failed modifying 
0	20:09:36.357	trend_dtrader GBPUSD,H1: Failed modifying 
0	20:09:37.358	trend_dtrader GBPUSD,H1: Failed modifying 
0	20:09:38.358	trend_dtrader GBPUSD,H1: Failed modifying 
0	20:09:39.357	trend_dtrader GBPUSD,H1: Failed modifying 
0	20:09:40.358	trend_dtrader GBPUSD,H1: Failed modifying 
0	20:09:41.357	trend_dtrader GBPUSD,H1: Failed modifying 
0	20:09:42.357	trend_dtrader GBPUSD,H1: Failed modifying 
0	20:09:43.358	trend_dtrader GBPUSD,H1: Failed modifying 
0	20:09:44.358	trend_dtrader GBPUSD,H1: Failed modifying 
0	20:09:45.357	trend_dtrader GBPUSD,H1: Failed modifying 
0	20:09:46.358	trend_dtrader GBPUSD,H1: Failed modifying 
0	20:09:47.357	trend_dtrader GBPUSD,H1: Failed modifying 
0	20:09:48.357	trend_dtrader GBPUSD,H1: Failed modifying 
0	20:09:49.357	trend_dtrader GBPUSD,H1: Failed modifying 
0	20:09:50.357	trend_dtrader GBPUSD,H1: Failed modifying 
0	20:09:51.357	trend_dtrader GBPUSD,H1: Failed modifying 
0	20:09:52.357	trend_dtrader GBPUSD,H1: Failed modifying 
0	20:09:53.357	trend_dtrader GBPUSD,H1: Failed modifying 
0	20:09:54.358	trend_dtrader GBPUSD,H1: Failed modifying 
0	20:09:55.357	trend_dtrader GBPUSD,H1: Failed modifying 
0	20:09:56.357	trend_dtrader GBPUSD,H1: Failed modifying 
0	20:09:57.357	trend_dtrader GBPUSD,H1: Failed modifying 
0	20:09:58.357	trend_dtrader GBPUSD,H1: Failed modifying 
0	20:09:59.358	trend_dtrader GBPUSD,H1: Failed modifying 
0	20:10:00.357	trend_dtrader GBPUSD,H1: Failed modifying 
0	20:10:01.357	trend_dtrader GBPUSD,H1: Failed modifying 
0	20:10:02.357	trend_dtrader GBPUSD,H1: Failed modifying 
0	20:10:03.357	trend_dtrader GBPUSD,H1: Failed modifying 
0	20:10:04.357	trend_dtrader GBPUSD,H1: Failed modifying 
0	20:10:05.356	trend_dtrader GBPUSD,H1: Failed modifying 
0	20:10:06.356	trend_dtrader GBPUSD,H1: Failed modifying 
0	20:10:07.357	trend_dtrader GBPUSD,H1: Failed modifying 
0	20:10:08.356	trend_dtrader GBPUSD,H1: Failed modifying 
0	20:10:09.357	trend_dtrader GBPUSD,H1: Failed modifying 
0	20:10:10.357	trend_dtrader GBPUSD,H1: Failed modifying 
0	20:10:11.356	trend_dtrader GBPUSD,H1: Failed modifying 
0	20:10:12.356	trend_dtrader GBPUSD,H1: Failed modifying 
0	20:10:13.356	trend_dtrader GBPUSD,H1: Failed modifying 
0	20:10:14.357	trend_dtrader GBPUSD,H1: Failed modifying 
0	20:10:15.357	trend_dtrader GBPUSD,H1: Failed modifying 
0	20:10:16.357	trend_dtrader GBPUSD,H1: Failed modifying 
0	20:10:17.357	trend_dtrader GBPUSD,H1: Failed modifying 
0	20:10:18.357	trend_dtrader GBPUSD,H1: Failed modifying 
0	20:10:19.357	trend_dtrader GBPUSD,H1: Failed modifying 
0	20:10:20.356	trend_dtrader GBPUSD,H1: Failed modifying 
0	20:10:21.356	trend_dtrader GBPUSD,H1: Failed modifying 
0	20:10:22.356	trend_dtrader GBPUSD,H1: Failed modifying 
0	20:10:23.357	trend_dtrader GBPUSD,H1: Failed modifying 
0	20:10:24.357	trend_dtrader GBPUSD,H1: Failed modifying 
0	20:10:25.356	trend_dtrader GBPUSD,H1: Failed modifying 
0	20:10:26.357	trend_dtrader GBPUSD,H1: Failed modifying 
0	20:10:27.357	trend_dtrader GBPUSD,H1: Failed modifying 
0	20:10:28.356	trend_dtrader GBPUSD,H1: Failed modifying 
0	20:10:29.357	trend_dtrader GBPUSD,H1: Failed modifying 
0	20:10:30.356	trend_dtrader GBPUSD,H1: Failed modifying 
0	20:10:31.355	trend_dtrader GBPUSD,H1: Failed modifying 
0	20:10:32.356	trend_dtrader GBPUSD,H1: Failed modifying 
0	20:10:33.356	trend_dtrader GBPUSD,H1: Failed modifying 
0	20:10:34.356	trend_dtrader GBPUSD,H1: Failed modifying 
0	20:10:35.356	trend_dtrader GBPUSD,H1: Failed modifying 
0	20:10:36.356	trend_dtrader GBPUSD,H1: Failed modifying 
0	20:10:37.356	trend_dtrader GBPUSD,H1: Failed modifying 
0	20:10:38.356	trend_dtrader GBPUSD,H1: Failed modifying 
0	20:10:39.356	trend_dtrader GBPUSD,H1: Failed modifying 
0	20:10:40.356	trend_dtrader GBPUSD,H1: Failed modifying 
0	20:10:41.356	trend_dtrader GBPUSD,H1: Failed modifying 
0	20:10:42.356	trend_dtrader GBPUSD,H1: Failed modifying 
0	20:10:43.356	trend_dtrader GBPUSD,H1: Failed modifying 
0	20:10:44.355	trend_dtrader GBPUSD,H1: Failed modifying 
0	20:10:45.355	trend_dtrader GBPUSD,H1: Failed modifying 
0	20:10:46.356	trend_dtrader GBPUSD,H1: Failed modifying 
0	20:10:47.356	trend_dtrader GBPUSD,H1: Failed modifying 
0	20:10:48.355	trend_dtrader GBPUSD,H1: Failed modifying 
0	20:10:49.356	trend_dtrader GBPUSD,H1: Failed modifying 
0	20:10:50.356	trend_dtrader GBPUSD,H1: Failed modifying 
0	20:10:51.355	trend_dtrader GBPUSD,H1: Failed modifying 
0	20:10:52.356	trend_dtrader GBPUSD,H1: Failed modifying 
0	20:10:53.356	trend_dtrader GBPUSD,H1: Failed modifying 
0	20:10:54.356	trend_dtrader GBPUSD,H1: Failed modifying 
0	20:10:55.356	trend_dtrader GBPUSD,H1: Failed modifying 
0	20:10:56.356	trend_dtrader GBPUSD,H1: Failed modifying 
0	20:10:57.356	trend_dtrader GBPUSD,H1: Failed modifying 
0	20:10:58.355	trend_dtrader GBPUSD,H1: Failed modifying 
0	20:10:59.355	trend_dtrader GBPUSD,H1: Failed modifying 
0	20:11:00.355	trend_dtrader GBPUSD,H1: Failed modifying 
0	20:11:01.355	trend_dtrader GBPUSD,H1: Failed modifying 
0	20:11:02.355	trend_dtrader GBPUSD,H1: Failed modifying 
0	20:11:03.356	trend_dtrader GBPUSD,H1: Failed modifying 
0	20:11:04.355	trend_dtrader GBPUSD,H1: Failed modifying 
0	20:11:05.356	trend_dtrader GBPUSD,H1: Failed modifying 
0	20:11:06.356	trend_dtrader GBPUSD,H1: Failed modifying 
0	20:11:07.355	trend_dtrader GBPUSD,H1: Failed modifying 
0	20:11:08.355	trend_dtrader GBPUSD,H1: Failed modifying 
0	20:11:09.355	trend_dtrader GBPUSD,H1: Failed modifying 
0	20:11:10.355	trend_dtrader GBPUSD,H1: Failed modifying 
0	20:11:11.355	trend_dtrader GBPUSD,H1: Failed modifying 
0	20:11:12.355	trend_dtrader GBPUSD,H1: Failed modifying 
0	20:11:13.355	trend_dtrader GBPUSD,H1: Failed modifying 
0	20:11:14.355	trend_dtrader GBPUSD,H1: Failed modifying 
0	20:11:15.355	trend_dtrader GBPUSD,H1: Failed modifying 
0	20:11:16.356	trend_dtrader GBPUSD,H1: Failed modifying 
0	20:11:17.354	trend_dtrader GBPUSD,H1: Failed modifying 
0	20:11:18.355	trend_dtrader GBPUSD,H1: Failed modifying 
0	20:11:19.355	trend_dtrader GBPUSD,H1: Failed modifying 
0	20:11:20.355	trend_dtrader GBPUSD,H1: Failed modifying 
0	20:11:21.354	trend_dtrader GBPUSD,H1: Failed modifying 
0	20:11:22.233	trend_dtrader GBPUSD,H1: Failed modifying 
0	20:11:23.233	trend_dtrader GBPUSD,H1: Failed modifying 
0	20:11:24.234	trend_dtrader GBPUSD,H1: Failed modifying 
0	20:11:25.233	trend_dtrader GBPUSD,H1: Failed modifying 
0	20:11:26.233	trend_dtrader GBPUSD,H1: Failed modifying 
0	20:11:27.234	trend_dtrader GBPUSD,H1: Failed modifying 
0	20:11:28.233	trend_dtrader GBPUSD,H1: Failed modifying 
0	20:11:29.233	trend_dtrader GBPUSD,H1: Failed modifying 
0	20:11:30.233	trend_dtrader GBPUSD,H1: Failed modifying 
0	20:11:31.234	trend_dtrader GBPUSD,H1: Failed modifying 
0	20:11:32.233	trend_dtrader GBPUSD,H1: Failed modifying 
0	20:11:33.234	trend_dtrader GBPUSD,H1: Failed modifying 
0	20:11:34.233	trend_dtrader GBPUSD,H1: Failed modifying 
0	20:11:35.233	trend_dtrader GBPUSD,H1: Failed modifying 
0	20:11:36.233	trend_dtrader GBPUSD,H1: Failed modifying 
0	20:11:37.233	trend_dtrader GBPUSD,H1: Failed modifying 
0	20:11:38.234	trend_dtrader GBPUSD,H1: Failed modifying 
0	20:11:39.233	trend_dtrader GBPUSD,H1: Failed modifying 
0	20:11:40.232	trend_dtrader GBPUSD,H1: Failed modifying 
0	20:11:41.233	trend_dtrader GBPUSD,H1: Failed modifying 
0	20:11:42.233	trend_dtrader GBPUSD,H1: Failed modifying 
0	20:11:43.233	trend_dtrader GBPUSD,H1: Failed modifying 
0	20:11:44.232	trend_dtrader GBPUSD,H1: Failed modifying 
0	20:11:45.233	trend_dtrader GBPUSD,H1: Failed modifying 
0	20:11:46.233	trend_dtrader GBPUSD,H1: Failed modifying 
0	20:11:47.232	trend_dtrader GBPUSD,H1: Failed modifying 
0	20:11:48.232	trend_dtrader GBPUSD,H1: Failed modifying 
0	20:11:49.232	trend_dtrader GBPUSD,H1: Failed modifying 
0	20:11:50.233	trend_dtrader GBPUSD,H1: Failed modifying 
0	20:11:51.233	trend_dtrader GBPUSD,H1: Failed modifying 
0	20:11:52.236	trend_dtrader GBPUSD,H1: Failed modifying 
0	20:11:53.232	trend_dtrader GBPUSD,H1: Failed modifying 
0	20:11:54.232	trend_dtrader GBPUSD,H1: Failed modifying 
0	20:11:55.232	trend_dtrader GBPUSD,H1: Failed modifying 
0	20:11:56.232	trend_dtrader GBPUSD,H1: Failed modifying 
0	20:11:57.232	trend_dtrader GBPUSD,H1: Failed modifying 
0	20:11:58.233	trend_dtrader GBPUSD,H1: Failed modifying 
0	20:11:59.232	trend_dtrader GBPUSD,H1: Failed modifying 
0	20:12:00.232	trend_dtrader GBPUSD,H1: Failed modifying 
0	20:12:01.232	trend_dtrader GBPUSD,H1: Failed modifying 
0	20:12:02.231	trend_dtrader GBPUSD,H1: Failed modifying 
0	20:12:03.232	trend_dtrader GBPUSD,H1: Failed modifying 
0	20:12:04.232	trend_dtrader GBPUSD,H1: Failed modifying 
0	20:12:05.232	trend_dtrader GBPUSD,H1: Failed modifying 
0	20:12:06.231	trend_dtrader GBPUSD,H1: Failed modifying 
0	20:12:07.231	trend_dtrader GBPUSD,H1: Failed modifying 
0	20:12:08.233	trend_dtrader GBPUSD,H1: Failed modifying 
0	20:12:09.231	trend_dtrader GBPUSD,H1: Failed modifying 
0	20:12:10.232	trend_dtrader GBPUSD,H1: Failed modifying 
0	20:12:11.231	trend_dtrader GBPUSD,H1: Failed modifying 
0	20:12:12.231	trend_dtrader GBPUSD,H1: Failed modifying 
0	20:12:13.231	trend_dtrader GBPUSD,H1: Failed modifying 
0	20:12:14.232	trend_dtrader GBPUSD,H1: Failed modifying 
0	20:12:15.232	trend_dtrader GBPUSD,H1: Failed modifying 
0	20:12:16.231	trend_dtrader GBPUSD,H1: Failed modifying 
0	20:12:17.231	trend_dtrader GBPUSD,H1: Failed modifying 
0	20:12:18.231	trend_dtrader GBPUSD,H1: Failed modifying 
0	20:12:19.231	trend_dtrader GBPUSD,H1: Failed modifying 
0	20:12:20.231	trend_dtrader GBPUSD,H1: Failed modifying 
0	20:12:21.231	trend_dtrader GBPUSD,H1: Failed modifying 
0	20:12:22.231	trend_dtrader GBPUSD,H1: Failed modifying 
0	20:12:23.232	trend_dtrader GBPUSD,H1: Failed modifying 
0	20:12:24.231	trend_dtrader GBPUSD,H1: Failed modifying 
0	20:12:25.231	trend_dtrader GBPUSD,H1: Failed modifying 
0	20:12:26.231	trend_dtrader GBPUSD,H1: Failed modifying 
0	20:12:27.231	trend_dtrader GBPUSD,H1: Failed modifying 
0	20:12:28.232	trend_dtrader GBPUSD,H1: Failed modifying 
0	20:12:29.232	trend_dtrader GBPUSD,H1: Failed modifying 
0	20:12:30.231	trend_dtrader GBPUSD,H1: Failed modifying 
0	20:12:31.231	trend_dtrader GBPUSD,H1: Failed modifying 
0	20:12:32.231	trend_dtrader GBPUSD,H1: Failed modifying 
0	20:12:33.231	trend_dtrader GBPUSD,H1: Failed modifying 
0	20:12:34.231	trend_dtrader GBPUSD,H1: Failed modifying 
0	20:12:35.231	trend_dtrader GBPUSD,H1: Failed modifying 
0	20:12:36.231	trend_dtrader GBPUSD,H1: Failed modifying 
0	20:12:37.231	trend_dtrader GBPUSD,H1: Failed modifying 
0	20:12:38.230	trend_dtrader GBPUSD,H1: Failed modifying 
0	20:12:39.230	trend_dtrader GBPUSD,H1: Failed modifying 
0	20:12:40.230	trend_dtrader GBPUSD,H1: Failed modifying 
0	20:12:41.230	trend_dtrader GBPUSD,H1: Failed modifying 
0	20:12:42.230	trend_dtrader GBPUSD,H1: Failed modifying 
0	20:12:43.230	trend_dtrader GBPUSD,H1: Failed modifying 
0	20:12:44.230	trend_dtrader GBPUSD,H1: Failed modifying 
0	20:12:45.230	trend_dtrader GBPUSD,H1: Failed modifying 
0	20:12:46.230	trend_dtrader GBPUSD,H1: Failed modifying 
0	20:12:47.230	trend_dtrader GBPUSD,H1: Failed modifying 
0	20:12:48.231	trend_dtrader GBPUSD,H1: Failed modifying 
0	20:12:49.231	trend_dtrader GBPUSD,H1: Failed modifying 
0	20:12:50.230	trend_dtrader GBPUSD,H1: Failed modifying 
0	20:12:51.231	trend_dtrader GBPUSD,H1: Failed modifying 
0	20:12:52.229	trend_dtrader GBPUSD,H1: Failed modifying 
0	20:12:53.230	trend_dtrader GBPUSD,H1: Failed modifying 
0	20:12:54.230	trend_dtrader GBPUSD,H1: Failed modifying 
0	20:12:55.230	trend_dtrader GBPUSD,H1: Failed modifying 
0	20:12:56.230	trend_dtrader GBPUSD,H1: Failed modifying 
0	20:12:57.230	trend_dtrader GBPUSD,H1: Failed modifying 
0	20:12:58.229	trend_dtrader GBPUSD,H1: Failed modifying 
0	20:12:59.230	trend_dtrader GBPUSD,H1: Failed modifying 
0	20:13:00.230	trend_dtrader GBPUSD,H1: Failed modifying 
0	20:13:01.230	trend_dtrader GBPUSD,H1: Failed modifying 
0	20:13:02.230	trend_dtrader GBPUSD,H1: Failed modifying 
0	20:13:03.229	trend_dtrader GBPUSD,H1: Failed modifying 
0	20:13:04.229	trend_dtrader GBPUSD,H1: Failed modifying 
0	20:13:05.229	trend_dtrader GBPUSD,H1: Failed modifying 
0	20:13:06.230	trend_dtrader GBPUSD,H1: Failed modifying 
0	20:13:07.229	trend_dtrader GBPUSD,H1: Failed modifying 
0	20:13:08.229	trend_dtrader GBPUSD,H1: Failed modifying 
0	20:13:09.229	trend_dtrader GBPUSD,H1: Failed modifying 
0	20:13:10.229	trend_dtrader GBPUSD,H1: Failed modifying 
0	20:13:11.230	trend_dtrader GBPUSD,H1: Failed modifying 
0	20:13:12.229	trend_dtrader GBPUSD,H1: Failed modifying 
0	20:13:13.230	trend_dtrader GBPUSD,H1: Failed modifying 
0	20:13:14.229	trend_dtrader GBPUSD,H1: Failed modifying 
0	20:13:15.229	trend_dtrader GBPUSD,H1: Failed modifying 
0	20:13:16.232	trend_dtrader GBPUSD,H1: Failed modifying 
0	20:13:17.229	trend_dtrader GBPUSD,H1: Failed modifying 
0	20:13:18.229	trend_dtrader GBPUSD,H1: Failed modifying 
0	20:13:19.229	trend_dtrader GBPUSD,H1: Failed modifying 
0	20:13:20.230	trend_dtrader GBPUSD,H1: Failed modifying 
0	20:13:21.229	trend_dtrader GBPUSD,H1: Failed modifying 
0	20:13:22.229	trend_dtrader GBPUSD,H1: Failed modifying 
0	20:13:23.229	trend_dtrader GBPUSD,H1: Failed modifying 
0	20:13:24.229	trend_dtrader GBPUSD,H1: Failed modifying 
0	20:13:25.229	trend_dtrader GBPUSD,H1: Failed modifying 
0	20:13:26.234	trend_dtrader GBPUSD,H1: Failed modifying 
0	20:13:27.229	trend_dtrader GBPUSD,H1: Failed modifying 
0	20:13:28.228	trend_dtrader GBPUSD,H1: Failed modifying 
0	20:13:29.229	trend_dtrader GBPUSD,H1: Failed modifying 
0	20:13:30.229	trend_dtrader GBPUSD,H1: Failed modifying 
0	20:13:31.229	trend_dtrader GBPUSD,H1: Failed modifying 
0	20:13:32.228	trend_dtrader GBPUSD,H1: Failed modifying 
0	20:13:33.229	trend_dtrader GBPUSD,H1: Failed modifying 
0	20:13:34.228	trend_dtrader GBPUSD,H1: Failed modifying 
0	20:13:35.229	trend_dtrader GBPUSD,H1: Failed modifying 
0	20:13:36.228	trend_dtrader GBPUSD,H1: Failed modifying 
0	20:13:37.229	trend_dtrader GBPUSD,H1: Failed modifying 
0	20:13:38.228	trend_dtrader GBPUSD,H1: Failed modifying 
0	20:13:39.228	trend_dtrader GBPUSD,H1: Failed modifying 
0	20:13:40.228	trend_dtrader GBPUSD,H1: Failed modifying 
0	20:13:41.229	trend_dtrader GBPUSD,H1: Failed modifying 
0	20:13:42.228	trend_dtrader GBPUSD,H1: Failed modifying 
0	20:13:43.228	trend_dtrader GBPUSD,H1: Failed modifying 
0	20:13:44.228	trend_dtrader GBPUSD,H1: Failed modifying 
0	20:13:45.228	trend_dtrader GBPUSD,H1: Failed modifying 
0	20:13:46.228	trend_dtrader GBPUSD,H1: Failed modifying 
0	20:13:47.228	trend_dtrader GBPUSD,H1: Failed modifying 
0	20:13:48.229	trend_dtrader GBPUSD,H1: Failed modifying 
0	20:13:49.228	trend_dtrader GBPUSD,H1: Failed modifying 
0	20:13:50.228	trend_dtrader GBPUSD,H1: Failed modifying 
0	20:13:51.228	trend_dtrader GBPUSD,H1: Failed modifying 
0	20:13:52.228	trend_dtrader GBPUSD,H1: Failed modifying 
0	20:13:53.228	trend_dtrader GBPUSD,H1: Failed modifying 
0	20:13:54.228	trend_dtrader GBPUSD,H1: Failed modifying 
0	20:13:55.228	trend_dtrader GBPUSD,H1: Failed modifying 
0	20:13:56.228	trend_dtrader GBPUSD,H1: Failed modifying 
0	20:13:57.227	trend_dtrader GBPUSD,H1: Failed modifying 
0	20:13:58.229	trend_dtrader GBPUSD,H1: Failed modifying 
0	20:13:59.228	trend_dtrader GBPUSD,H1: Failed modifying 
0	20:14:00.228	trend_dtrader GBPUSD,H1: Failed modifying 
0	20:14:01.241	trend_dtrader GBPUSD,H1: Failed modifying 
0	20:14:02.228	trend_dtrader GBPUSD,H1: Failed modifying 
0	20:14:03.228	trend_dtrader GBPUSD,H1: Failed modifying 
0	20:14:04.227	trend_dtrader GBPUSD,H1: Failed modifying 
0	20:14:05.227	trend_dtrader GBPUSD,H1: Failed modifying 
0	20:14:06.227	trend_dtrader GBPUSD,H1: Failed modifying 
0	20:14:07.227	trend_dtrader GBPUSD,H1: Failed modifying 
0	20:14:08.227	trend_dtrader GBPUSD,H1: Failed modifying 
0	20:14:09.228	trend_dtrader GBPUSD,H1: Failed modifying 
0	20:14:10.227	trend_dtrader GBPUSD,H1: Failed modifying 
0	20:14:11.227	trend_dtrader GBPUSD,H1: Failed modifying 
0	20:14:12.227	trend_dtrader GBPUSD,H1: Failed modifying 
0	20:14:13.227	trend_dtrader GBPUSD,H1: Failed modifying 
0	20:14:14.227	trend_dtrader GBPUSD,H1: Failed modifying 
0	20:14:15.227	trend_dtrader GBPUSD,H1: Failed modifying 
0	20:14:16.227	trend_dtrader GBPUSD,H1: Failed modifying 
0	20:14:17.227	trend_dtrader GBPUSD,H1: Failed modifying 
0	20:14:18.227	trend_dtrader GBPUSD,H1: Failed modifying 
0	20:14:19.227	trend_dtrader GBPUSD,H1: Failed modifying 
0	20:14:20.226	trend_dtrader GBPUSD,H1: Failed modifying 
0	20:14:21.227	trend_dtrader GBPUSD,H1: Failed modifying 
0	20:14:22.226	trend_dtrader GBPUSD,H1: Failed modifying 
0	20:14:23.227	trend_dtrader GBPUSD,H1: Failed modifying 
0	20:14:24.227	trend_dtrader GBPUSD,H1: Failed modifying 
0	20:14:25.226	trend_dtrader GBPUSD,H1: Failed modifying 
0	20:14:26.227	trend_dtrader GBPUSD,H1: Failed modifying 
0	20:14:27.227	trend_dtrader GBPUSD,H1: Failed modifying 
0	20:14:28.227	trend_dtrader GBPUSD,H1: Failed modifying 
0	20:14:29.226	trend_dtrader GBPUSD,H1: Failed modifying 
0	20:14:30.227	trend_dtrader GBPUSD,H1: Failed modifying 
0	20:14:31.226	trend_dtrader GBPUSD,H1: Failed modifying 
0	20:14:32.226	trend_dtrader GBPUSD,H1: Failed modifying 
0	20:14:33.227	trend_dtrader GBPUSD,H1: Failed modifying 
0	20:14:34.226	trend_dtrader GBPUSD,H1: Failed modifying 
0	20:14:35.226	trend_dtrader GBPUSD,H1: Failed modifying 
0	20:14:36.227	trend_dtrader GBPUSD,H1: Failed modifying 
0	20:14:37.226	trend_dtrader GBPUSD,H1: Failed modifying 
0	20:14:38.227	trend_dtrader GBPUSD,H1: Failed modifying 
0	20:14:39.226	trend_dtrader GBPUSD,H1: Failed modifying 
0	20:14:40.226	trend_dtrader GBPUSD,H1: Failed modifying 
0	20:14:41.226	trend_dtrader GBPUSD,H1: Failed modifying 
0	20:14:42.226	trend_dtrader GBPUSD,H1: Failed modifying 
0	20:14:43.226	trend_dtrader GBPUSD,H1: Failed modifying 
0	20:14:44.226	trend_dtrader GBPUSD,H1: Failed modifying 
0	20:14:45.227	trend_dtrader GBPUSD,H1: Failed modifying 
0	20:14:46.227	trend_dtrader GBPUSD,H1: Failed modifying 
0	20:14:47.226	trend_dtrader GBPUSD,H1: Failed modifying 
0	20:14:48.227	trend_dtrader GBPUSD,H1: Failed modifying 
0	20:14:49.226	trend_dtrader GBPUSD,H1: Failed modifying 
0	20:14:50.226	trend_dtrader GBPUSD,H1: Failed modifying 
0	20:14:51.226	trend_dtrader GBPUSD,H1: Failed modifying 
0	20:14:52.225	trend_dtrader GBPUSD,H1: Failed modifying 
0	20:14:53.225	trend_dtrader GBPUSD,H1: Failed modifying 
0	20:14:54.226	trend_dtrader GBPUSD,H1: Failed modifying 
0	20:14:55.225	trend_dtrader GBPUSD,H1: Failed modifying 
0	20:14:56.226	trend_dtrader GBPUSD,H1: Failed modifying 
0	20:14:57.225	trend_dtrader GBPUSD,H1: Failed modifying 
0	20:14:58.226	trend_dtrader GBPUSD,H1: Failed modifying 
0	20:14:59.226	trend_dtrader GBPUSD,H1: Failed modifying 
0	20:15:00.226	trend_dtrader GBPUSD,H1: Failed modifying 
0	20:15:01.225	trend_dtrader GBPUSD,H1: Failed modifying 
0	20:15:02.226	trend_dtrader GBPUSD,H1: Failed modifying 
0	20:15:03.226	trend_dtrader GBPUSD,H1: Failed modifying 
0	20:15:04.225	trend_dtrader GBPUSD,H1: Failed modifying 
0	20:15:05.226	trend_dtrader GBPUSD,H1: Failed modifying 
0	20:15:06.225	trend_dtrader GBPUSD,H1: Failed modifying 
0	20:15:07.226	trend_dtrader GBPUSD,H1: Failed modifying 
0	20:15:08.226	trend_dtrader GBPUSD,H1: Failed modifying 
0	20:15:09.225	trend_dtrader GBPUSD,H1: Failed modifying 
0	20:15:10.225	trend_dtrader GBPUSD,H1: Failed modifying 
0	20:15:11.225	trend_dtrader GBPUSD,H1: Failed modifying 
0	20:15:12.225	trend_dtrader GBPUSD,H1: Failed modifying 
0	20:15:13.225	trend_dtrader GBPUSD,H1: Failed modifying 
0	20:15:14.225	trend_dtrader GBPUSD,H1: Failed modifying 
0	20:15:15.225	trend_dtrader GBPUSD,H1: Failed modifying 
0	20:15:16.225	trend_dtrader GBPUSD,H1: Failed modifying 
0	20:15:17.225	trend_dtrader GBPUSD,H1: Failed modifying 
0	20:15:18.225	trend_dtrader GBPUSD,H1: Failed modifying 
0	20:15:19.225	trend_dtrader GBPUSD,H1: Failed modifying 
0	20:15:20.224	trend_dtrader GBPUSD,H1: Failed modifying 
0	20:15:21.225	trend_dtrader GBPUSD,H1: Failed modifying 
0	20:15:22.225	trend_dtrader GBPUSD,H1: Failed modifying 
0	20:15:23.224	trend_dtrader GBPUSD,H1: Failed modifying 
0	20:15:24.224	trend_dtrader GBPUSD,H1: Failed modifying 
0	20:15:25.225	trend_dtrader GBPUSD,H1: Failed modifying 
0	20:15:26.224	trend_dtrader GBPUSD,H1: Failed modifying 
0	20:15:27.225	trend_dtrader GBPUSD,H1: Failed modifying 
0	20:15:28.224	trend_dtrader GBPUSD,H1: Failed modifying 
0	20:15:29.224	trend_dtrader GBPUSD,H1: Failed modifying 
0	20:15:30.224	trend_dtrader GBPUSD,H1: Failed modifying 
0	20:15:31.225	trend_dtrader GBPUSD,H1: Failed modifying 
0	20:15:32.224	trend_dtrader GBPUSD,H1: Failed modifying 
0	20:15:33.224	trend_dtrader GBPUSD,H1: Failed modifying 
0	20:15:34.224	trend_dtrader GBPUSD,H1: Failed modifying 
0	20:15:35.224	trend_dtrader GBPUSD,H1: Failed modifying 
0	20:15:36.224	trend_dtrader GBPUSD,H1: Failed modifying 
0	20:15:37.224	trend_dtrader GBPUSD,H1: Failed modifying 
0	20:15:38.225	trend_dtrader GBPUSD,H1: Failed modifying 
0	20:15:39.225	trend_dtrader GBPUSD,H1: Failed modifying 
0	20:15:40.224	trend_dtrader GBPUSD,H1: Failed modifying 
0	20:15:41.224	trend_dtrader GBPUSD,H1: Failed modifying 
0	20:15:42.224	trend_dtrader GBPUSD,H1: Failed modifying 
0	20:15:43.224	trend_dtrader GBPUSD,H1: Failed modifying 
0	20:15:44.224	trend_dtrader GBPUSD,H1: Failed modifying 
0	20:15:45.223	trend_dtrader GBPUSD,H1: Failed modifying 
0	20:15:46.223	trend_dtrader GBPUSD,H1: Failed modifying 
0	20:15:47.224	trend_dtrader GBPUSD,H1: Failed modifying 
0	20:15:48.224	trend_dtrader GBPUSD,H1: Failed modifying 
0	20:15:49.223	trend_dtrader GBPUSD,H1: Failed modifying 
0	20:15:50.223	trend_dtrader GBPUSD,H1: Failed modifying 
0	20:15:51.223	trend_dtrader GBPUSD,H1: Failed modifying 
0	20:15:52.223	trend_dtrader GBPUSD,H1: Failed modifying 
0	20:15:53.223	trend_dtrader GBPUSD,H1: Failed modifying 
0	20:15:54.224	trend_dtrader GBPUSD,H1: Failed modifying 
0	20:15:55.224	trend_dtrader GBPUSD,H1: Failed modifying 
0	20:15:56.223	trend_dtrader GBPUSD,H1: Failed modifying 
0	20:15:57.223	trend_dtrader GBPUSD,H1: Failed modifying 
0	20:15:58.224	trend_dtrader GBPUSD,H1: Failed modifying 
0	20:15:59.223	trend_dtrader GBPUSD,H1: Failed modifying 
0	20:16:00.223	trend_dtrader GBPUSD,H1: Failed modifying 
0	20:16:01.223	trend_dtrader GBPUSD,H1: Failed modifying 
0	20:16:02.223	trend_dtrader GBPUSD,H1: Failed modifying 
0	20:16:03.223	trend_dtrader GBPUSD,H1: Failed modifying 
0	20:16:04.223	trend_dtrader GBPUSD,H1: Failed modifying 
0	20:16:05.223	trend_dtrader GBPUSD,H1: Failed modifying 
0	20:16:06.223	trend_dtrader GBPUSD,H1: Failed modifying 
0	20:16:07.223	trend_dtrader GBPUSD,H1: Failed modifying 
0	20:16:08.223	trend_dtrader GBPUSD,H1: Failed modifying 
0	20:16:09.223	trend_dtrader GBPUSD,H1: Failed modifying 
0	20:16:10.223	trend_dtrader GBPUSD,H1: Failed modifying 
0	20:16:11.223	trend_dtrader GBPUSD,H1: Failed modifying 
0	20:16:12.223	trend_dtrader GBPUSD,H1: Failed modifying 
0	20:16:13.223	trend_dtrader GBPUSD,H1: Failed modifying 
0	20:16:14.222	trend_dtrader GBPUSD,H1: Failed modifying 
0	20:16:15.222	trend_dtrader GBPUSD,H1: Failed modifying 
0	20:16:16.223	trend_dtrader GBPUSD,H1: Failed modifying 
0	20:16:17.223	trend_dtrader GBPUSD,H1: Failed modifying 
0	20:16:18.222	trend_dtrader GBPUSD,H1: Failed modifying 
0	20:16:19.223	trend_dtrader GBPUSD,H1: Failed modifying 
0	20:16:20.222	trend_dtrader GBPUSD,H1: Failed modifying 
0	20:16:21.223	trend_dtrader GBPUSD,H1: Failed modifying 
0	20:16:22.228	trend_dtrader GBPUSD,H1: Failed modifying 
0	20:16:23.222	trend_dtrader GBPUSD,H1: Failed modifying 
0	20:16:26.222	trend_dtrader GBPUSD,H1: Failed modifying 
0	20:16:27.222	trend_dtrader GBPUSD,H1: Failed modifying 
0	20:16:28.222	trend_dtrader GBPUSD,H1: Failed modifying 
0	20:16:29.222	trend_dtrader GBPUSD,H1: Failed modifying 
0	20:16:30.222	trend_dtrader GBPUSD,H1: Failed modifying 
0	20:16:31.222	trend_dtrader GBPUSD,H1: Failed modifying 
0	20:16:32.222	trend_dtrader GBPUSD,H1: Failed modifying 
0	20:16:33.222	trend_dtrader GBPUSD,H1: Failed modifying 
0	20:16:34.222	trend_dtrader GBPUSD,H1: Failed modifying 
0	20:16:35.222	trend_dtrader GBPUSD,H1: Failed modifying 
0	20:16:36.222	trend_dtrader GBPUSD,H1: Failed modifying 
0	20:16:37.222	trend_dtrader GBPUSD,H1: Failed modifying 
0	20:16:38.223	trend_dtrader GBPUSD,H1: Failed modifying 
0	20:16:39.222	trend_dtrader GBPUSD,H1: Failed modifying 
0	20:16:40.221	trend_dtrader GBPUSD,H1: Failed modifying 
0	20:16:41.222	trend_dtrader GBPUSD,H1: Failed modifying 
0	20:16:42.221	trend_dtrader GBPUSD,H1: Failed modifying 
0	20:16:43.223	trend_dtrader GBPUSD,H1: Failed modifying 
0	20:16:44.222	trend_dtrader GBPUSD,H1: Failed modifying 
0	20:16:45.222	trend_dtrader GBPUSD,H1: Failed modifying 
0	20:16:46.222	trend_dtrader GBPUSD,H1: Failed modifying 
0	20:16:47.222	trend_dtrader GBPUSD,H1: Failed modifying 
0	20:16:48.222	trend_dtrader GBPUSD,H1: Failed modifying 
0	20:16:49.222	trend_dtrader GBPUSD,H1: Failed modifying 
0	20:16:50.221	trend_dtrader GBPUSD,H1: Failed modifying 
0	20:16:51.222	trend_dtrader GBPUSD,H1: Failed modifying 
0	20:16:52.221	trend_dtrader GBPUSD,H1: Failed modifying 
0	20:16:53.222	trend_dtrader GBPUSD,H1: Failed modifying 
0	20:16:54.221	trend_dtrader GBPUSD,H1: Failed modifying 
0	20:16:55.221	trend_dtrader GBPUSD,H1: Failed modifying 
0	20:16:56.221	trend_dtrader GBPUSD,H1: Failed modifying 
0	20:16:57.221	trend_dtrader GBPUSD,H1: Failed modifying 
0	20:16:58.221	trend_dtrader GBPUSD,H1: Failed modifying 
0	20:16:59.221	trend_dtrader GBPUSD,H1: Failed modifying 
0	20:17:00.221	trend_dtrader GBPUSD,H1: Failed modifying 
0	20:17:01.222	trend_dtrader GBPUSD,H1: Failed modifying 
0	20:17:02.221	trend_dtrader GBPUSD,H1: Failed modifying 
0	20:17:03.221	trend_dtrader GBPUSD,H1: Failed modifying 
0	20:17:04.221	trend_dtrader GBPUSD,H1: Failed modifying 
0	20:17:05.220	trend_dtrader GBPUSD,H1: Failed modifying 
0	20:17:06.221	trend_dtrader GBPUSD,H1: Failed modifying 
0	20:17:07.220	trend_dtrader GBPUSD,H1: Failed modifying 
0	20:17:08.221	trend_dtrader GBPUSD,H1: Failed modifying 
0	20:17:09.221	trend_dtrader GBPUSD,H1: Failed modifying 
0	20:17:10.220	trend_dtrader GBPUSD,H1: Failed modifying 
0	20:17:11.220	trend_dtrader GBPUSD,H1: Failed modifying 
0	20:17:12.221	trend_dtrader GBPUSD,H1: Failed modifying 
0	20:17:13.221	trend_dtrader GBPUSD,H1: Failed modifying 
0	20:17:14.221	trend_dtrader GBPUSD,H1: Failed modifying 
0	20:17:15.220	trend_dtrader GBPUSD,H1: Failed modifying 
0	20:17:16.220	trend_dtrader GBPUSD,H1: Failed modifying 
0	20:17:17.220	trend_dtrader GBPUSD,H1: Failed modifying 
0	20:17:18.221	trend_dtrader GBPUSD,H1: Failed modifying 
0	20:17:19.220	trend_dtrader GBPUSD,H1: Failed modifying 
0	20:17:20.220	trend_dtrader GBPUSD,H1: Failed modifying 
0	20:17:21.220	trend_dtrader GBPUSD,H1: Failed modifying 
0	20:17:22.221	trend_dtrader GBPUSD,H1: Failed modifying 
0	20:17:23.221	trend_dtrader GBPUSD,H1: Failed modifying 
0	20:17:24.220	trend_dtrader GBPUSD,H1: Failed modifying 
0	20:17:25.221	trend_dtrader GBPUSD,H1: Failed modifying 
0	20:17:26.220	trend_dtrader GBPUSD,H1: Failed modifying 
0	20:17:27.220	trend_dtrader GBPUSD,H1: Failed modifying 
0	20:17:28.220	trend_dtrader GBPUSD,H1: Failed modifying 
0	20:17:29.220	trend_dtrader GBPUSD,H1: Failed modifying 
0	20:17:30.220	trend_dtrader GBPUSD,H1: Failed modifying 
0	20:17:31.220	trend_dtrader GBPUSD,H1: Failed modifying 
0	20:17:32.220	trend_dtrader GBPUSD,H1: Failed modifying 
0	20:17:33.220	trend_dtrader GBPUSD,H1: Failed modifying 
0	20:17:34.220	trend_dtrader GBPUSD,H1: Failed modifying 
0	20:17:35.220	trend_dtrader GBPUSD,H1: Failed modifying 
0	20:17:36.220	trend_dtrader GBPUSD,H1: Failed modifying 
0	20:17:37.220	trend_dtrader GBPUSD,H1: Failed modifying 
0	20:17:38.220	trend_dtrader GBPUSD,H1: Failed modifying 
0	20:17:39.219	trend_dtrader GBPUSD,H1: Failed modifying 
0	20:17:40.219	trend_dtrader GBPUSD,H1: Failed modifying 
0	20:17:41.219	trend_dtrader GBPUSD,H1: Failed modifying 
0	20:17:42.220	trend_dtrader GBPUSD,H1: Failed modifying 
0	20:17:43.219	trend_dtrader GBPUSD,H1: Failed modifying 
0	20:17:44.219	trend_dtrader GBPUSD,H1: Failed modifying 
0	20:17:45.219	trend_dtrader GBPUSD,H1: Failed modifying 
0	20:17:46.219	trend_dtrader GBPUSD,H1: Failed modifying 
0	20:17:47.220	trend_dtrader GBPUSD,H1: Failed modifying 
0	20:17:48.219	trend_dtrader GBPUSD,H1: Failed modifying 
0	20:17:49.219	trend_dtrader GBPUSD,H1: Failed modifying 
0	20:17:50.219	trend_dtrader GBPUSD,H1: Failed modifying 
0	20:17:51.219	trend_dtrader GBPUSD,H1: Failed modifying 
0	20:17:52.219	trend_dtrader GBPUSD,H1: Failed modifying 
0	20:17:53.219	trend_dtrader GBPUSD,H1: Failed modifying 
0	20:17:54.219	trend_dtrader GBPUSD,H1: Failed modifying 
0	20:17:55.219	trend_dtrader GBPUSD,H1: Failed modifying 
0	20:17:56.220	trend_dtrader GBPUSD,H1: Failed modifying 
0	20:17:57.219	trend_dtrader GBPUSD,H1: Failed modifying 
0	20:17:58.229	trend_dtrader GBPUSD,H1: Failed modifying 
0	20:17:59.218	trend_dtrader GBPUSD,H1: Failed modifying 
0	20:18:00.219	trend_dtrader GBPUSD,H1: Failed modifying 
0	20:18:01.219	trend_dtrader GBPUSD,H1: Failed modifying 
0	20:18:02.218	trend_dtrader GBPUSD,H1: Failed modifying 
0	20:18:03.219	trend_dtrader GBPUSD,H1: Failed modifying 
0	20:18:04.219	trend_dtrader GBPUSD,H1: Failed modifying 
0	20:18:05.218	trend_dtrader GBPUSD,H1: Failed modifying 
0	20:18:06.218	trend_dtrader GBPUSD,H1: Failed modifying 
0	20:18:07.219	trend_dtrader GBPUSD,H1: Failed modifying 
0	20:18:08.219	trend_dtrader GBPUSD,H1: Failed modifying 
0	20:18:09.219	trend_dtrader GBPUSD,H1: Failed modifying 
0	20:18:10.218	trend_dtrader GBPUSD,H1: Failed modifying 
0	20:18:11.219	trend_dtrader GBPUSD,H1: Failed modifying 
0	20:18:12.218	trend_dtrader GBPUSD,H1: Failed modifying 
0	20:18:13.219	trend_dtrader GBPUSD,H1: Failed modifying 
0	20:18:14.218	trend_dtrader GBPUSD,H1: Failed modifying 
0	20:18:15.219	trend_dtrader GBPUSD,H1: Failed modifying 
0	20:18:16.219	trend_dtrader GBPUSD,H1: Failed modifying 
0	20:18:17.218	trend_dtrader GBPUSD,H1: Failed modifying 
0	20:18:18.219	trend_dtrader GBPUSD,H1: Failed modifying 
0	20:18:19.219	trend_dtrader GBPUSD,H1: Failed modifying 
0	20:18:20.218	trend_dtrader GBPUSD,H1: Failed modifying 
0	20:18:21.218	trend_dtrader GBPUSD,H1: Failed modifying 
0	20:18:22.218	trend_dtrader GBPUSD,H1: Failed modifying 
0	20:18:23.218	trend_dtrader GBPUSD,H1: Failed modifying 
0	20:18:24.217	trend_dtrader GBPUSD,H1: Failed modifying 
0	20:18:25.218	trend_dtrader GBPUSD,H1: Failed modifying 
0	20:18:26.218	trend_dtrader GBPUSD,H1: Failed modifying 
0	20:18:27.217	trend_dtrader GBPUSD,H1: Failed modifying 
0	20:18:28.217	trend_dtrader GBPUSD,H1: Failed modifying 
0	20:18:29.217	trend_dtrader GBPUSD,H1: Failed modifying 
0	20:18:30.217	trend_dtrader GBPUSD,H1: Failed modifying 
0	20:18:31.219	trend_dtrader GBPUSD,H1: Failed modifying 
0	20:18:32.217	trend_dtrader GBPUSD,H1: Failed modifying 
0	20:18:33.218	trend_dtrader GBPUSD,H1: Failed modifying 
0	20:18:34.218	trend_dtrader GBPUSD,H1: Failed modifying 
0	20:18:35.217	trend_dtrader GBPUSD,H1: Failed modifying 
0	20:18:36.218	trend_dtrader GBPUSD,H1: Failed modifying 
0	20:18:37.217	trend_dtrader GBPUSD,H1: Failed modifying 
0	20:18:38.218	trend_dtrader GBPUSD,H1: Failed modifying 
0	20:18:39.217	trend_dtrader GBPUSD,H1: Failed modifying 
0	20:18:40.217	trend_dtrader GBPUSD,H1: Failed modifying 
0	20:18:41.218	trend_dtrader GBPUSD,H1: Failed modifying 
0	20:18:42.217	trend_dtrader GBPUSD,H1: Failed modifying 
0	20:18:43.217	trend_dtrader GBPUSD,H1: Failed modifying 
0	20:18:44.217	trend_dtrader GBPUSD,H1: Failed modifying 
0	20:18:45.217	trend_dtrader GBPUSD,H1: Failed modifying 
0	20:18:46.217	trend_dtrader GBPUSD,H1: Failed modifying 
0	20:18:47.217	trend_dtrader GBPUSD,H1: Failed modifying 
0	20:18:48.218	trend_dtrader GBPUSD,H1: Failed modifying 
0	20:18:49.217	trend_dtrader GBPUSD,H1: Failed modifying 
0	20:18:50.217	trend_dtrader GBPUSD,H1: Failed modifying 
0	20:18:51.217	trend_dtrader GBPUSD,H1: Failed modifying 
0	20:18:52.217	trend_dtrader GBPUSD,H1: Failed modifying 
0	20:18:53.217	trend_dtrader GBPUSD,H1: Failed modifying 
0	20:18:54.217	trend_dtrader GBPUSD,H1: Failed modifying 
0	20:18:55.216	trend_dtrader GBPUSD,H1: Failed modifying 
0	20:18:56.217	trend_dtrader GBPUSD,H1: Failed modifying 
0	20:18:57.216	trend_dtrader GBPUSD,H1: Failed modifying 
0	20:18:58.218	trend_dtrader GBPUSD,H1: Failed modifying 
0	20:18:59.216	trend_dtrader GBPUSD,H1: Failed modifying 
0	20:19:00.217	trend_dtrader GBPUSD,H1: Failed modifying 
0	20:19:01.217	trend_dtrader GBPUSD,H1: Failed modifying 
0	20:19:02.216	trend_dtrader GBPUSD,H1: Failed modifying 
0	20:19:03.216	trend_dtrader GBPUSD,H1: Failed modifying 
0	20:19:04.217	trend_dtrader GBPUSD,H1: Failed modifying 
0	20:19:05.216	trend_dtrader GBPUSD,H1: Failed modifying 
0	20:19:06.217	trend_dtrader GBPUSD,H1: Failed modifying 
0	20:19:07.216	trend_dtrader GBPUSD,H1: Failed modifying 
0	20:19:08.216	trend_dtrader GBPUSD,H1: Failed modifying 
0	20:19:09.217	trend_dtrader GBPUSD,H1: Failed modifying 
0	20:19:10.216	trend_dtrader GBPUSD,H1: Failed modifying 
0	20:19:11.216	trend_dtrader GBPUSD,H1: Failed modifying 
0	20:19:12.217	trend_dtrader GBPUSD,H1: Failed modifying 
0	20:19:13.216	trend_dtrader GBPUSD,H1: Failed modifying 
0	20:19:14.217	trend_dtrader GBPUSD,H1: Failed modifying 
0	20:19:15.216	trend_dtrader GBPUSD,H1: Failed modifying 
0	20:19:16.216	trend_dtrader GBPUSD,H1: Failed modifying 
0	20:19:17.216	trend_dtrader GBPUSD,H1: Failed modifying 
0	20:19:18.216	trend_dtrader GBPUSD,H1: Failed modifying 
0	20:19:19.216	trend_dtrader GBPUSD,H1: Failed modifying 
0	20:19:20.216	trend_dtrader GBPUSD,H1: Failed modifying 
0	20:19:21.216	trend_dtrader GBPUSD,H1: Failed modifying 
0	20:19:22.216	trend_dtrader GBPUSD,H1: Failed modifying 
0	20:19:23.216	trend_dtrader GBPUSD,H1: Failed modifying 
0	20:19:24.216	trend_dtrader GBPUSD,H1: Failed modifying 
0	20:19:25.215	trend_dtrader GBPUSD,H1: Failed modifying 
0	20:19:26.216	trend_dtrader GBPUSD,H1: Failed modifying 
0	20:19:27.216	trend_dtrader GBPUSD,H1: Failed modifying 
0	20:19:28.216	trend_dtrader GBPUSD,H1: Failed modifying 
0	20:19:29.216	trend_dtrader GBPUSD,H1: Failed modifying 
0	20:19:30.215	trend_dtrader GBPUSD,H1: Failed modifying 
0	20:19:31.216	trend_dtrader GBPUSD,H1: Failed modifying 
0	20:19:32.216	trend_dtrader GBPUSD,H1: Failed modifying 
0	20:19:33.215	trend_dtrader GBPUSD,H1: Failed modifying 
0	20:19:34.216	trend_dtrader GBPUSD,H1: Failed modifying 
0	20:19:35.215	trend_dtrader GBPUSD,H1: Failed modifying 
0	20:19:36.216	trend_dtrader GBPUSD,H1: Failed modifying 
0	20:19:37.215	trend_dtrader GBPUSD,H1: Failed modifying 
0	20:19:38.216	trend_dtrader GBPUSD,H1: Failed modifying 
0	20:19:39.216	trend_dtrader GBPUSD,H1: Failed modifying 
0	20:19:40.216	trend_dtrader GBPUSD,H1: Failed modifying 
0	20:19:41.216	trend_dtrader GBPUSD,H1: Failed modifying 
0	20:19:42.215	trend_dtrader GBPUSD,H1: Failed modifying 
0	20:19:43.216	trend_dtrader GBPUSD,H1: Failed modifying 
0	20:19:44.215	trend_dtrader GBPUSD,H1: Failed modifying 
0	20:19:45.215	trend_dtrader GBPUSD,H1: Failed modifying 
0	20:19:46.215	trend_dtrader GBPUSD,H1: Failed modifying 
0	20:19:47.215	trend_dtrader GBPUSD,H1: Failed modifying 
0	20:19:48.215	trend_dtrader GBPUSD,H1: Failed modifying 
0	20:19:49.215	trend_dtrader GBPUSD,H1: Failed modifying 
0	20:19:50.216	trend_dtrader GBPUSD,H1: Failed modifying 
0	20:19:51.215	trend_dtrader GBPUSD,H1: Failed modifying 
0	20:19:52.215	trend_dtrader GBPUSD,H1: Failed modifying 
0	20:19:53.215	trend_dtrader GBPUSD,H1: Failed modifying 
0	20:19:54.215	trend_dtrader GBPUSD,H1: Failed modifying 
0	20:19:55.215	trend_dtrader GBPUSD,H1: Failed modifying 
0	20:19:56.215	trend_dtrader GBPUSD,H1: Failed modifying 
0	20:19:57.215	trend_dtrader GBPUSD,H1: Failed modifying 
0	20:19:58.215	trend_dtrader GBPUSD,H1: Failed modifying 
0	20:19:59.215	trend_dtrader GBPUSD,H1: Failed modifying 
0	20:20:00.214	trend_dtrader GBPUSD,H1: Failed modifying 
0	20:20:01.217	trend_dtrader GBPUSD,H1: Failed modifying 
0	20:20:02.223	trend_dtrader GBPUSD,H1: Failed modifying 
0	20:20:03.215	trend_dtrader GBPUSD,H1: Failed modifying 
0	20:20:04.215	trend_dtrader GBPUSD,H1: Failed modifying 
0	20:20:05.214	trend_dtrader GBPUSD,H1: Failed modifying 
0	20:20:06.214	trend_dtrader GBPUSD,H1: Failed modifying 
0	20:20:07.214	trend_dtrader GBPUSD,H1: Failed modifying 
0	20:20:08.215	trend_dtrader GBPUSD,H1: Failed modifying 
0	20:20:09.214	trend_dtrader GBPUSD,H1: Failed modifying 
0	20:20:10.215	trend_dtrader GBPUSD,H1: Failed modifying 
0	20:20:11.214	trend_dtrader GBPUSD,H1: Failed modifying 
0	20:20:12.214	trend_dtrader GBPUSD,H1: Failed modifying 
0	20:20:13.214	trend_dtrader GBPUSD,H1: Failed modifying 
0	20:20:14.215	trend_dtrader GBPUSD,H1: Failed modifying 
0	20:20:15.214	trend_dtrader GBPUSD,H1: Failed modifying 
0	20:20:16.214	trend_dtrader GBPUSD,H1: Failed modifying 
0	20:20:17.215	trend_dtrader GBPUSD,H1: Failed modifying 
0	20:20:18.214	trend_dtrader GBPUSD,H1: Failed modifying 
0	20:20:19.214	trend_dtrader GBPUSD,H1: Failed modifying 
0	20:20:20.214	trend_dtrader GBPUSD,H1: Failed modifying 
0	20:20:21.214	trend_dtrader GBPUSD,H1: Failed modifying 
0	20:20:22.214	trend_dtrader GBPUSD,H1: Failed modifying 
0	20:20:23.213	trend_dtrader GBPUSD,H1: Failed modifying 
0	20:20:24.214	trend_dtrader GBPUSD,H1: Failed modifying 
0	20:20:25.214	trend_dtrader GBPUSD,H1: Failed modifying 
0	20:20:26.213	trend_dtrader GBPUSD,H1: Failed modifying 
0	20:20:27.214	trend_dtrader GBPUSD,H1: Failed modifying 
0	20:20:28.213	trend_dtrader GBPUSD,H1: Failed modifying 
0	20:20:29.214	trend_dtrader GBPUSD,H1: Failed modifying 
0	20:20:30.214	trend_dtrader GBPUSD,H1: Failed modifying 
0	20:20:31.213	trend_dtrader GBPUSD,H1: Failed modifying 
0	20:20:32.213	trend_dtrader GBPUSD,H1: Failed modifying 
0	20:20:33.214	trend_dtrader GBPUSD,H1: Failed modifying 
0	20:20:34.213	trend_dtrader GBPUSD,H1: Failed modifying 
0	20:20:35.213	trend_dtrader GBPUSD,H1: Failed modifying 
0	20:20:36.213	trend_dtrader GBPUSD,H1: Failed modifying 
0	20:20:37.213	trend_dtrader GBPUSD,H1: Failed modifying 
0	20:20:38.213	trend_dtrader GBPUSD,H1: Failed modifying 
0	20:20:39.213	trend_dtrader GBPUSD,H1: Failed modifying 
0	20:20:40.213	trend_dtrader GBPUSD,H1: Failed modifying 
0	20:20:41.213	trend_dtrader GBPUSD,H1: Failed modifying 
0	20:20:42.213	trend_dtrader GBPUSD,H1: Failed modifying 
0	20:20:43.213	trend_dtrader GBPUSD,H1: Failed modifying 
0	20:20:44.214	trend_dtrader GBPUSD,H1: Failed modifying 
0	20:20:45.213	trend_dtrader GBPUSD,H1: Failed modifying 
0	20:20:46.214	trend_dtrader GBPUSD,H1: Failed modifying 
0	20:20:47.213	trend_dtrader GBPUSD,H1: Failed modifying 
0	20:20:48.212	trend_dtrader GBPUSD,H1: Failed modifying 
0	20:20:49.213	trend_dtrader GBPUSD,H1: Failed modifying 
0	20:20:50.213	trend_dtrader GBPUSD,H1: Failed modifying 
0	20:20:51.212	trend_dtrader GBPUSD,H1: Failed modifying 
0	20:20:52.212	trend_dtrader GBPUSD,H1: Failed modifying 
0	20:20:53.213	trend_dtrader GBPUSD,H1: Failed modifying 
0	20:20:54.213	trend_dtrader GBPUSD,H1: Failed modifying 
0	20:20:55.213	trend_dtrader GBPUSD,H1: Failed modifying 
0	20:20:56.213	trend_dtrader GBPUSD,H1: Failed modifying 
0	20:20:57.213	trend_dtrader GBPUSD,H1: Failed modifying 
0	20:20:58.212	trend_dtrader GBPUSD,H1: Failed modifying 
0	20:20:59.212	trend_dtrader GBPUSD,H1: Failed modifying 
0	20:21:00.220	trend_dtrader GBPUSD,H1: Failed modifying 
0	20:21:01.212	trend_dtrader GBPUSD,H1: Failed modifying 
0	20:21:02.212	trend_dtrader GBPUSD,H1: Failed modifying 
0	20:21:03.212	trend_dtrader GBPUSD,H1: Failed modifying 
0	20:21:04.212	trend_dtrader GBPUSD,H1: Failed modifying 
0	20:21:05.212	trend_dtrader GBPUSD,H1: Failed modifying 
0	20:21:06.212	trend_dtrader GBPUSD,H1: Failed modifying 
0	20:21:07.212	trend_dtrader GBPUSD,H1: Failed modifying 
0	20:21:08.212	trend_dtrader GBPUSD,H1: Failed modifying 
0	20:21:09.213	trend_dtrader GBPUSD,H1: Failed modifying 
0	20:21:10.212	trend_dtrader GBPUSD,H1: Failed modifying 
0	20:21:11.212	trend_dtrader GBPUSD,H1: Failed modifying 
0	20:21:12.211	trend_dtrader GBPUSD,H1: Failed modifying 
0	20:21:13.211	trend_dtrader GBPUSD,H1: Failed modifying 
0	20:21:14.212	trend_dtrader GBPUSD,H1: Failed modifying 
0	20:21:15.212	trend_dtrader GBPUSD,H1: Failed modifying 
0	20:21:16.212	trend_dtrader GBPUSD,H1: Failed modifying 
0	20:21:17.212	trend_dtrader GBPUSD,H1: Failed modifying 
0	20:21:18.211	trend_dtrader GBPUSD,H1: Failed modifying 
0	20:21:19.212	trend_dtrader GBPUSD,H1: Failed modifying 
0	20:21:20.212	trend_dtrader GBPUSD,H1: Failed modifying 
0	20:21:21.211	trend_dtrader GBPUSD,H1: Failed modifying 
0	20:21:22.212	trend_dtrader GBPUSD,H1: Failed modifying 
0	20:21:23.212	trend_dtrader GBPUSD,H1: Failed modifying 
0	20:21:24.212	trend_dtrader GBPUSD,H1: Failed modifying 
0	20:21:25.212	trend_dtrader GBPUSD,H1: Failed modifying 
0	20:21:26.211	trend_dtrader GBPUSD,H1: Failed modifying 
0	20:21:27.212	trend_dtrader GBPUSD,H1: Failed modifying 
0	20:21:28.211	trend_dtrader GBPUSD,H1: Failed modifying 
0	20:21:29.211	trend_dtrader GBPUSD,H1: Failed modifying 
0	20:21:30.211	trend_dtrader GBPUSD,H1: Failed modifying 
0	20:21:31.211	trend_dtrader GBPUSD,H1: Failed modifying 
0	20:21:32.211	trend_dtrader GBPUSD,H1: Failed modifying 
0	20:21:33.211	trend_dtrader GBPUSD,H1: Failed modifying 
0	20:21:34.211	trend_dtrader GBPUSD,H1: Failed modifying 
0	20:21:35.211	trend_dtrader GBPUSD,H1: Failed modifying 
0	20:21:36.211	trend_dtrader GBPUSD,H1: Failed modifying 
0	20:21:37.211	trend_dtrader GBPUSD,H1: Failed modifying 
0	20:21:38.211	trend_dtrader GBPUSD,H1: Failed modifying 
0	20:21:39.211	trend_dtrader GBPUSD,H1: Failed modifying 
0	20:21:40.210	trend_dtrader GBPUSD,H1: Failed modifying 
0	20:21:41.210	trend_dtrader GBPUSD,H1: Failed modifying 
0	20:21:42.211	trend_dtrader GBPUSD,H1: Failed modifying 
0	20:21:43.211	trend_dtrader GBPUSD,H1: Failed modifying 
0	20:21:44.211	trend_dtrader GBPUSD,H1: Failed modifying 
0	20:21:45.211	trend_dtrader GBPUSD,H1: Failed modifying 
0	20:21:46.210	trend_dtrader GBPUSD,H1: Failed modifying 
0	20:21:47.210	trend_dtrader GBPUSD,H1: Failed modifying 
0	20:21:48.210	trend_dtrader GBPUSD,H1: Failed modifying 
0	20:21:49.211	trend_dtrader GBPUSD,H1: Failed modifying 
0	20:21:50.211	trend_dtrader GBPUSD,H1: Failed modifying 
0	20:21:51.211	trend_dtrader GBPUSD,H1: Failed modifying 
0	20:21:52.210	trend_dtrader GBPUSD,H1: Failed modifying 
0	20:21:53.210	trend_dtrader GBPUSD,H1: Failed modifying 
0	20:21:54.210	trend_dtrader GBPUSD,H1: Failed modifying 
0	20:21:55.211	trend_dtrader GBPUSD,H1: Failed modifying 
0	20:21:56.210	trend_dtrader GBPUSD,H1: Failed modifying 
0	20:21:57.210	trend_dtrader GBPUSD,H1: Failed modifying 
0	20:21:58.211	trend_dtrader GBPUSD,H1: Failed modifying 
0	20:21:59.211	trend_dtrader GBPUSD,H1: Failed modifying 
0	20:22:00.213	trend_dtrader GBPUSD,H1: Failed modifying 
0	20:22:01.210	trend_dtrader GBPUSD,H1: Failed modifying 
0	20:22:02.210	trend_dtrader GBPUSD,H1: Failed modifying 
0	20:22:03.210	trend_dtrader GBPUSD,H1: Failed modifying 
0	20:22:04.210	trend_dtrader GBPUSD,H1: Failed modifying 
0	20:22:05.210	trend_dtrader GBPUSD,H1: Failed modifying 
0	20:22:06.210	trend_dtrader GBPUSD,H1: Failed modifying 
0	20:22:07.209	trend_dtrader GBPUSD,H1: Failed modifying 
0	20:22:08.210	trend_dtrader GBPUSD,H1: Failed modifying 
0	20:22:09.212	trend_dtrader GBPUSD,H1: Failed modifying 
0	20:22:10.210	trend_dtrader GBPUSD,H1: Failed modifying 
0	20:22:11.210	trend_dtrader GBPUSD,H1: Failed modifying 
0	20:22:12.210	trend_dtrader GBPUSD,H1: Failed modifying 
0	20:22:13.210	trend_dtrader GBPUSD,H1: Failed modifying 
0	20:22:14.210	trend_dtrader GBPUSD,H1: Failed modifying 
0	20:22:15.210	trend_dtrader GBPUSD,H1: Failed modifying 
0	20:22:16.209	trend_dtrader GBPUSD,H1: Failed modifying 
0	20:22:17.210	trend_dtrader GBPUSD,H1: Failed modifying 
0	20:22:18.209	trend_dtrader GBPUSD,H1: Failed modifying 
0	20:22:19.210	trend_dtrader GBPUSD,H1: Failed modifying 
0	20:22:20.209	trend_dtrader GBPUSD,H1: Failed modifying 
0	20:22:21.209	trend_dtrader GBPUSD,H1: Failed modifying 
0	20:22:22.209	trend_dtrader GBPUSD,H1: Failed modifying 
0	20:22:23.209	trend_dtrader GBPUSD,H1: Failed modifying 
0	20:22:24.209	trend_dtrader GBPUSD,H1: Failed modifying 
0	20:22:25.209	trend_dtrader GBPUSD,H1: Failed modifying 
0	20:22:26.209	trend_dtrader GBPUSD,H1: Failed modifying 
0	20:22:27.209	trend_dtrader GBPUSD,H1: Failed modifying 
0	20:22:28.210	trend_dtrader GBPUSD,H1: Failed modifying 
0	20:22:29.209	trend_dtrader GBPUSD,H1: Failed modifying 
0	20:22:30.209	trend_dtrader GBPUSD,H1: Failed modifying 
0	20:22:31.209	trend_dtrader GBPUSD,H1: Failed modifying 
0	20:22:32.209	trend_dtrader GBPUSD,H1: Failed modifying 
0	20:22:33.210	trend_dtrader GBPUSD,H1: Failed modifying 
0	20:22:34.209	trend_dtrader GBPUSD,H1: Failed modifying 
0	20:22:35.209	trend_dtrader GBPUSD,H1: Failed modifying 
0	20:22:36.209	trend_dtrader GBPUSD,H1: Failed modifying 
0	20:22:37.209	trend_dtrader GBPUSD,H1: Failed modifying 
0	20:22:38.209	trend_dtrader GBPUSD,H1: Failed modifying 
0	20:22:39.208	trend_dtrader GBPUSD,H1: Failed modifying 
0	20:22:40.208	trend_dtrader GBPUSD,H1: Failed modifying 
0	20:22:41.208	trend_dtrader GBPUSD,H1: Failed modifying 
0	20:22:42.209	trend_dtrader GBPUSD,H1: Failed modifying 
0	20:22:43.209	trend_dtrader GBPUSD,H1: Failed modifying 
0	20:22:44.208	trend_dtrader GBPUSD,H1: Failed modifying 
0	20:22:45.209	trend_dtrader GBPUSD,H1: Failed modifying 
0	20:22:46.209	trend_dtrader GBPUSD,H1: Failed modifying 
0	20:22:47.208	trend_dtrader GBPUSD,H1: Failed modifying 
0	20:22:48.209	trend_dtrader GBPUSD,H1: Failed modifying 
0	20:22:49.208	trend_dtrader GBPUSD,H1: Failed modifying 
0	20:22:50.209	trend_dtrader GBPUSD,H1: Failed modifying 
0	20:22:51.208	trend_dtrader GBPUSD,H1: Failed modifying 
0	20:22:52.209	trend_dtrader GBPUSD,H1: Failed modifying 
0	20:22:53.209	trend_dtrader GBPUSD,H1: Failed modifying 
0	20:22:54.208	trend_dtrader GBPUSD,H1: Failed modifying 
0	20:22:55.208	trend_dtrader GBPUSD,H1: Failed modifying 
0	20:22:56.209	trend_dtrader GBPUSD,H1: Failed modifying 
0	20:22:57.208	trend_dtrader GBPUSD,H1: Failed modifying 
0	20:22:58.208	trend_dtrader GBPUSD,H1: Failed modifying 
0	20:22:59.209	trend_dtrader GBPUSD,H1: Failed modifying 
0	20:23:00.208	trend_dtrader GBPUSD,H1: Failed modifying 
0	20:23:01.208	trend_dtrader GBPUSD,H1: Failed modifying 
0	20:23:02.208	trend_dtrader GBPUSD,H1: Failed modifying 
0	20:23:03.208	trend_dtrader GBPUSD,H1: Failed modifying 
0	20:23:04.208	trend_dtrader GBPUSD,H1: Failed modifying 
0	20:23:05.208	trend_dtrader GBPUSD,H1: Failed modifying 
0	20:23:06.207	trend_dtrader GBPUSD,H1: Failed modifying 
0	20:23:07.208	trend_dtrader GBPUSD,H1: Failed modifying 
0	20:23:08.208	trend_dtrader GBPUSD,H1: Failed modifying 
0	20:23:09.208	trend_dtrader GBPUSD,H1: Failed modifying 
0	20:23:10.208	trend_dtrader GBPUSD,H1: Failed modifying 
0	20:23:11.208	trend_dtrader GBPUSD,H1: Failed modifying 
0	20:23:12.208	trend_dtrader GBPUSD,H1: Failed modifying 
0	20:23:13.207	trend_dtrader GBPUSD,H1: Failed modifying 
0	20:23:14.207	trend_dtrader GBPUSD,H1: Failed modifying 
0	20:23:15.207	trend_dtrader GBPUSD,H1: Failed modifying 
0	20:23:16.207	trend_dtrader GBPUSD,H1: Failed modifying 
0	20:23:17.208	trend_dtrader GBPUSD,H1: Failed modifying 
0	20:23:18.207	trend_dtrader GBPUSD,H1: Failed modifying 
0	20:23:19.207	trend_dtrader GBPUSD,H1: Failed modifying 
0	20:23:20.207	trend_dtrader GBPUSD,H1: Failed modifying 
0	20:23:21.207	trend_dtrader GBPUSD,H1: Failed modifying 
0	20:23:22.207	trend_dtrader GBPUSD,H1: Failed modifying 
0	20:23:23.207	trend_dtrader GBPUSD,H1: Failed modifying 
0	20:23:24.209	trend_dtrader GBPUSD,H1: Failed modifying 
0	20:23:25.207	trend_dtrader GBPUSD,H1: Failed modifying 
0	20:23:26.207	trend_dtrader GBPUSD,H1: Failed modifying 
0	20:23:27.206	trend_dtrader GBPUSD,H1: Failed modifying 
0	20:23:28.207	trend_dtrader GBPUSD,H1: Failed modifying 
0	20:23:29.208	trend_dtrader GBPUSD,H1: Failed modifying 
0	20:23:30.207	trend_dtrader GBPUSD,H1: Failed modifying 
0	20:23:31.206	trend_dtrader GBPUSD,H1: Failed modifying 
0	20:23:32.207	trend_dtrader GBPUSD,H1: Failed modifying 
0	20:23:33.207	trend_dtrader GBPUSD,H1: Failed modifying 
0	20:23:34.206	trend_dtrader GBPUSD,H1: Failed modifying 
0	20:23:35.206	trend_dtrader GBPUSD,H1: Failed modifying 
0	20:23:36.207	trend_dtrader GBPUSD,H1: Failed modifying 
0	20:23:37.206	trend_dtrader GBPUSD,H1: Failed modifying 
0	20:23:38.206	trend_dtrader GBPUSD,H1: Failed modifying 
0	20:23:39.207	trend_dtrader GBPUSD,H1: Failed modifying 
0	20:23:40.207	trend_dtrader GBPUSD,H1: Failed modifying 
0	20:23:41.207	trend_dtrader GBPUSD,H1: Failed modifying 
0	20:23:42.206	trend_dtrader GBPUSD,H1: Failed modifying 
0	20:23:43.206	trend_dtrader GBPUSD,H1: Failed modifying 
0	20:23:44.207	trend_dtrader GBPUSD,H1: Failed modifying 
0	20:23:45.206	trend_dtrader GBPUSD,H1: Failed modifying 
0	20:23:46.206	trend_dtrader GBPUSD,H1: Failed modifying 
0	20:23:47.207	trend_dtrader GBPUSD,H1: Failed modifying 
0	20:23:48.206	trend_dtrader GBPUSD,H1: Failed modifying 
0	20:23:49.206	trend_dtrader GBPUSD,H1: Failed modifying 
0	20:23:50.206	trend_dtrader GBPUSD,H1: Failed modifying 
0	20:23:51.206	trend_dtrader GBPUSD,H1: Failed modifying 
0	20:23:52.206	trend_dtrader GBPUSD,H1: Failed modifying 
0	20:23:53.206	trend_dtrader GBPUSD,H1: Failed modifying 
0	20:23:54.206	trend_dtrader GBPUSD,H1: Failed modifying 
0	20:23:55.206	trend_dtrader GBPUSD,H1: Failed modifying 
0	20:23:56.206	trend_dtrader GBPUSD,H1: Failed modifying 
0	20:23:57.206	trend_dtrader GBPUSD,H1: Failed modifying 
0	20:23:58.206	trend_dtrader GBPUSD,H1: Failed modifying 
0	20:23:59.206	trend_dtrader GBPUSD,H1: Failed modifying 
0	20:24:01.206	trend_dtrader GBPUSD,H1: Failed modifying 
0	20:24:02.205	trend_dtrader GBPUSD,H1: Failed modifying 
0	20:24:03.206	trend_dtrader GBPUSD,H1: Failed modifying 
0	20:24:04.205	trend_dtrader GBPUSD,H1: Failed modifying 
0	20:24:05.205	trend_dtrader GBPUSD,H1: Failed modifying 
0	20:24:06.206	trend_dtrader GBPUSD,H1: Failed modifying 
0	20:24:07.205	trend_dtrader GBPUSD,H1: Failed modifying 
0	20:24:08.205	trend_dtrader GBPUSD,H1: Failed modifying 
0	20:24:09.205	trend_dtrader GBPUSD,H1: Failed modifying 
0	20:24:10.206	trend_dtrader GBPUSD,H1: Failed modifying 
0	20:24:11.206	trend_dtrader GBPUSD,H1: Failed modifying 
0	20:24:12.206	trend_dtrader GBPUSD,H1: Failed modifying 
0	20:24:13.206	trend_dtrader GBPUSD,H1: Failed modifying 
0	20:24:14.206	trend_dtrader GBPUSD,H1: Failed modifying 
0	20:24:15.205	trend_dtrader GBPUSD,H1: Failed modifying 
0	20:24:16.205	trend_dtrader GBPUSD,H1: Failed modifying 
0	20:24:17.205	trend_dtrader GBPUSD,H1: Failed modifying 
0	20:24:18.205	trend_dtrader GBPUSD,H1: Failed modifying 
0	20:24:19.205	trend_dtrader GBPUSD,H1: Failed modifying 
0	20:24:20.205	trend_dtrader GBPUSD,H1: Failed modifying 
0	20:24:21.205	trend_dtrader GBPUSD,H1: Failed modifying 
0	20:24:22.204	trend_dtrader GBPUSD,H1: Failed modifying 
0	20:24:23.206	trend_dtrader GBPUSD,H1: Failed modifying 
0	20:24:24.205	trend_dtrader GBPUSD,H1: Failed modifying 
0	20:24:25.205	trend_dtrader GBPUSD,H1: Failed modifying 
0	20:24:26.205	trend_dtrader GBPUSD,H1: Failed modifying 
0	20:24:27.205	trend_dtrader GBPUSD,H1: Failed modifying 
0	20:24:28.206	trend_dtrader GBPUSD,H1: Failed modifying 
0	20:24:29.205	trend_dtrader GBPUSD,H1: Failed modifying 
0	20:24:30.205	trend_dtrader GBPUSD,H1: Failed modifying 
0	20:24:31.204	trend_dtrader GBPUSD,H1: Failed modifying 
0	20:24:32.205	trend_dtrader GBPUSD,H1: Failed modifying 
0	20:24:33.205	trend_dtrader GBPUSD,H1: Failed modifying 
0	20:24:34.210	trend_dtrader GBPUSD,H1: Failed modifying 
0	20:24:35.204	trend_dtrader GBPUSD,H1: Failed modifying 
0	20:24:36.205	trend_dtrader GBPUSD,H1: Failed modifying 
0	20:24:37.204	trend_dtrader GBPUSD,H1: Failed modifying 
0	20:24:38.205	trend_dtrader GBPUSD,H1: Failed modifying 
0	20:24:39.204	trend_dtrader GBPUSD,H1: Failed modifying 
0	20:24:40.205	trend_dtrader GBPUSD,H1: Failed modifying 
0	20:24:41.205	trend_dtrader GBPUSD,H1: Failed modifying 
0	20:24:42.205	trend_dtrader GBPUSD,H1: Failed modifying 
0	20:24:43.204	trend_dtrader GBPUSD,H1: Failed modifying 
0	20:24:44.204	trend_dtrader GBPUSD,H1: Failed modifying 
0	20:24:45.204	trend_dtrader GBPUSD,H1: Failed modifying 
0	20:24:46.204	trend_dtrader GBPUSD,H1: Failed modifying 
0	20:24:47.204	trend_dtrader GBPUSD,H1: Failed modifying 
0	20:24:48.204	trend_dtrader GBPUSD,H1: Failed modifying 
0	20:24:49.204	trend_dtrader GBPUSD,H1: Failed modifying 
0	20:24:50.203	trend_dtrader GBPUSD,H1: Failed modifying 
0	20:24:51.204	trend_dtrader GBPUSD,H1: Failed modifying 
0	20:24:52.204	trend_dtrader GBPUSD,H1: Failed modifying 
0	20:24:53.204	trend_dtrader GBPUSD,H1: Failed modifying 
0	20:24:54.203	trend_dtrader GBPUSD,H1: Failed modifying 
0	20:24:55.204	trend_dtrader GBPUSD,H1: Failed modifying 
0	20:24:56.203	trend_dtrader GBPUSD,H1: Failed modifying 
0	20:24:57.204	trend_dtrader GBPUSD,H1: Failed modifying 
0	20:24:58.203	trend_dtrader GBPUSD,H1: Failed modifying 
0	20:24:59.204	trend_dtrader GBPUSD,H1: Failed modifying 
0	20:25:00.204	trend_dtrader GBPUSD,H1: Failed modifying 
0	20:25:01.204	trend_dtrader GBPUSD,H1: Failed modifying 
0	20:25:02.204	trend_dtrader GBPUSD,H1: Failed modifying 
0	20:25:03.203	trend_dtrader GBPUSD,H1: Failed modifying 
0	20:25:04.204	trend_dtrader GBPUSD,H1: Failed modifying 
0	20:25:05.203	trend_dtrader GBPUSD,H1: Failed modifying 
0	20:25:06.203	trend_dtrader GBPUSD,H1: Failed modifying 
0	20:25:07.204	trend_dtrader GBPUSD,H1: Failed modifying 
0	20:25:08.204	trend_dtrader GBPUSD,H1: Failed modifying 
0	20:25:09.203	trend_dtrader GBPUSD,H1: Failed modifying 
0	20:25:10.203	trend_dtrader GBPUSD,H1: Failed modifying 
0	20:25:11.203	trend_dtrader GBPUSD,H1: Failed modifying 
0	20:25:12.203	trend_dtrader GBPUSD,H1: Failed modifying 
0	20:25:13.203	trend_dtrader GBPUSD,H1: Failed modifying 
0	20:25:14.203	trend_dtrader GBPUSD,H1: Failed modifying 
0	20:25:15.203	trend_dtrader GBPUSD,H1: Failed modifying 
0	20:25:16.203	trend_dtrader GBPUSD,H1: Failed modifying 
0	20:25:17.203	trend_dtrader GBPUSD,H1: Failed modifying 
0	20:25:18.203	trend_dtrader GBPUSD,H1: Failed modifying 
0	20:25:19.203	trend_dtrader GBPUSD,H1: Failed modifying 
0	20:25:20.203	trend_dtrader GBPUSD,H1: Failed modifying 
0	20:25:21.203	trend_dtrader GBPUSD,H1: Failed modifying 
0	20:25:22.202	trend_dtrader GBPUSD,H1: Failed modifying 
0	20:25:23.204	trend_dtrader GBPUSD,H1: Failed modifying 
0	20:25:24.203	trend_dtrader GBPUSD,H1: Failed modifying 
0	20:25:25.203	trend_dtrader GBPUSD,H1: Failed modifying 
0	20:25:26.203	trend_dtrader GBPUSD,H1: Failed modifying 
0	20:25:27.202	trend_dtrader GBPUSD,H1: Failed modifying 
0	20:25:28.203	trend_dtrader GBPUSD,H1: Failed modifying 
0	20:25:29.203	trend_dtrader GBPUSD,H1: Failed modifying 
0	20:25:30.202	trend_dtrader GBPUSD,H1: Failed modifying 
0	20:25:31.203	trend_dtrader GBPUSD,H1: Failed modifying 
0	20:25:32.202	trend_dtrader GBPUSD,H1: Failed modifying 
0	20:25:33.202	trend_dtrader GBPUSD,H1: Failed modifying 
0	20:25:34.202	trend_dtrader GBPUSD,H1: Failed modifying 
0	20:25:35.202	trend_dtrader GBPUSD,H1: Failed modifying 
0	20:25:36.202	trend_dtrader GBPUSD,H1: Failed modifying 
0	20:25:37.203	trend_dtrader GBPUSD,H1: Failed modifying 
0	20:25:38.202	trend_dtrader GBPUSD,H1: Failed modifying 
0	20:25:39.203	trend_dtrader GBPUSD,H1: Failed modifying 
0	20:25:40.202	trend_dtrader GBPUSD,H1: Failed modifying 
0	20:25:41.202	trend_dtrader GBPUSD,H1: Failed modifying 
0	20:25:42.202	trend_dtrader GBPUSD,H1: Failed modifying 
0	20:25:43.203	trend_dtrader GBPUSD,H1: Failed modifying 
0	20:25:44.202	trend_dtrader GBPUSD,H1: Failed modifying 
0	20:25:45.202	trend_dtrader GBPUSD,H1: Failed modifying 
0	20:25:46.202	trend_dtrader GBPUSD,H1: Failed modifying 
0	20:25:47.201	trend_dtrader GBPUSD,H1: Failed modifying 
0	20:25:48.202	trend_dtrader GBPUSD,H1: Failed modifying 
0	20:25:49.202	trend_dtrader GBPUSD,H1: Failed modifying 
0	20:25:50.203	trend_dtrader GBPUSD,H1: Failed modifying 
0	20:25:51.201	trend_dtrader GBPUSD,H1: Failed modifying 
0	20:25:52.202	trend_dtrader GBPUSD,H1: Failed modifying 
0	20:25:53.202	trend_dtrader GBPUSD,H1: Failed modifying 
0	20:25:54.201	trend_dtrader GBPUSD,H1: Failed modifying 
0	20:25:55.202	trend_dtrader GBPUSD,H1: Failed modifying 
0	20:25:56.201	trend_dtrader GBPUSD,H1: Failed modifying 
0	20:25:57.202	trend_dtrader GBPUSD,H1: Failed modifying 
0	20:25:58.201	trend_dtrader GBPUSD,H1: Failed modifying 
0	20:25:59.202	trend_dtrader GBPUSD,H1: Failed modifying 
0	20:26:00.202	trend_dtrader GBPUSD,H1: Failed modifying 
0	20:26:01.202	trend_dtrader GBPUSD,H1: Failed modifying 
0	20:26:02.215	trend_dtrader GBPUSD,H1: Failed modifying 
0	20:26:03.201	trend_dtrader GBPUSD,H1: Failed modifying 
0	20:26:04.201	trend_dtrader GBPUSD,H1: Failed modifying 
0	20:26:05.201	trend_dtrader GBPUSD,H1: Failed modifying 
0	20:26:06.201	trend_dtrader GBPUSD,H1: Failed modifying 
0	20:26:07.201	trend_dtrader GBPUSD,H1: Failed modifying 
0	20:26:08.201	trend_dtrader GBPUSD,H1: Failed modifying 
0	20:26:09.200	trend_dtrader GBPUSD,H1: Failed modifying 
0	20:26:10.201	trend_dtrader GBPUSD,H1: Failed modifying 
0	20:26:11.201	trend_dtrader GBPUSD,H1: Failed modifying 
0	20:26:12.201	trend_dtrader GBPUSD,H1: Failed modifying 
0	20:26:13.201	trend_dtrader GBPUSD,H1: Failed modifying 
0	20:26:14.200	trend_dtrader GBPUSD,H1: Failed modifying 
0	20:26:15.201	trend_dtrader GBPUSD,H1: Failed modifying 
0	20:26:16.201	trend_dtrader GBPUSD,H1: Failed modifying 
0	20:26:17.201	trend_dtrader GBPUSD,H1: Failed modifying 
0	20:26:18.201	trend_dtrader GBPUSD,H1: Failed modifying 
0	20:26:19.201	trend_dtrader GBPUSD,H1: Failed modifying 
0	20:26:20.200	trend_dtrader GBPUSD,H1: Failed modifying 
0	20:26:21.200	trend_dtrader GBPUSD,H1: Failed modifying 
0	20:26:22.200	trend_dtrader GBPUSD,H1: Failed modifying 
0	20:26:23.200	trend_dtrader GBPUSD,H1: Failed modifying 
0	20:26:24.218	trend_dtrader GBPUSD,H1: Failed modifying 
0	20:26:25.200	trend_dtrader GBPUSD,H1: Failed modifying 
0	20:26:26.200	trend_dtrader GBPUSD,H1: Failed modifying 
0	20:26:27.200	trend_dtrader GBPUSD,H1: Failed modifying 
0	20:26:28.201	trend_dtrader GBPUSD,H1: Failed modifying 
0	20:26:29.200	trend_dtrader GBPUSD,H1: Failed modifying 
0	20:26:30.200	trend_dtrader GBPUSD,H1: Failed modifying 
0	20:26:31.201	trend_dtrader GBPUSD,H1: Failed modifying 
0	20:26:32.201	trend_dtrader GBPUSD,H1: Failed modifying 
0	20:26:33.200	trend_dtrader GBPUSD,H1: Failed modifying 
0	20:26:34.200	trend_dtrader GBPUSD,H1: Failed modifying 
0	20:26:35.200	trend_dtrader GBPUSD,H1: Failed modifying 
0	20:26:36.200	trend_dtrader GBPUSD,H1: Failed modifying 
0	20:26:37.215	trend_dtrader GBPUSD,H1: Failed modifying 
0	20:26:38.197	trend_dtrader GBPUSD,H1: Failed modifying 
0	20:26:39.197	trend_dtrader GBPUSD,H1: Failed modifying 
0	20:26:40.196	trend_dtrader GBPUSD,H1: Failed modifying 
0	20:26:41.197	trend_dtrader GBPUSD,H1: Failed modifying 
0	20:26:42.194	trend_dtrader GBPUSD,H1: Failed modifying 
0	20:26:43.194	trend_dtrader GBPUSD,H1: Failed modifying 
0	20:26:44.193	trend_dtrader GBPUSD,H1: Failed modifying 
0	20:26:45.193	trend_dtrader GBPUSD,H1: Failed modifying 
0	20:26:46.193	trend_dtrader GBPUSD,H1: Failed modifying 
0	20:26:47.195	trend_dtrader GBPUSD,H1: Failed modifying 
0	20:26:48.193	trend_dtrader GBPUSD,H1: Failed modifying 
0	20:26:49.191	trend_dtrader GBPUSD,H1: Failed modifying 
0	20:26:50.191	trend_dtrader GBPUSD,H1: Failed modifying 
0	20:26:51.191	trend_dtrader GBPUSD,H1: Failed modifying 
0	20:26:52.192	trend_dtrader GBPUSD,H1: Failed modifying 
0	20:26:53.193	trend_dtrader GBPUSD,H1: Failed modifying 
0	20:26:54.194	trend_dtrader GBPUSD,H1: Failed modifying 
0	20:26:55.195	trend_dtrader GBPUSD,H1: Failed modifying 
0	20:36:49.303	trend_dtrader GBPUSD,H1: Failed modifying 
0	20:36:50.176	trend_dtrader GBPUSD,H1: Alert: Please check your internet connection
0	20:36:51.177	trend_dtrader GBPUSD,H1: Alert: Please check your internet connection
0	20:36:52.176	trend_dtrader GBPUSD,H1: Failed modifying 
0	20:36:53.177	trend_dtrader GBPUSD,H1: Failed modifying 
0	20:36:54.178	trend_dtrader GBPUSD,H1: Failed modifying 
0	20:36:55.178	trend_dtrader GBPUSD,H1: Failed modifying 
0	20:36:56.179	trend_dtrader GBPUSD,H1: Failed modifying 
0	20:36:57.179	trend_dtrader GBPUSD,H1: Failed modifying 
0	20:36:58.179	trend_dtrader GBPUSD,H1: Failed modifying 
0	20:36:59.180	trend_dtrader GBPUSD,H1: Failed modifying 
0	20:37:00.180	trend_dtrader GBPUSD,H1: Failed modifying 
0	20:37:01.180	trend_dtrader GBPUSD,H1: Failed modifying 
0	20:37:02.181	trend_dtrader GBPUSD,H1: Failed modifying 
0	20:37:03.181	trend_dtrader GBPUSD,H1: Failed modifying 
0	20:37:04.182	trend_dtrader GBPUSD,H1: Failed modifying 
0	20:37:05.182	trend_dtrader GBPUSD,H1: Failed modifying 
0	20:48:50.647	trend_dtrader GBPUSD,H1: Alert: Please check your internet connection
0	20:48:51.158	trend_dtrader GBPUSD,H1: Alert: Please check your internet connection
0	20:48:52.158	trend_dtrader GBPUSD,H1: Failed modifying 
0	20:48:53.158	trend_dtrader GBPUSD,H1: Failed modifying 
0	20:48:54.157	trend_dtrader GBPUSD,H1: Failed modifying 
0	20:48:55.176	trend_dtrader GBPUSD,H1: Failed modifying 
0	20:48:56.160	trend_dtrader GBPUSD,H1: Failed modifying 
0	20:48:57.162	trend_dtrader GBPUSD,H1: Failed modifying 
0	20:48:58.162	trend_dtrader GBPUSD,H1: Failed modifying 
0	20:48:59.164	trend_dtrader GBPUSD,H1: Failed modifying 
0	20:49:00.164	trend_dtrader GBPUSD,H1: Failed modifying 
0	20:49:01.164	trend_dtrader GBPUSD,H1: Failed modifying 
0	20:49:02.165	trend_dtrader GBPUSD,H1: Failed modifying 
0	20:49:03.166	trend_dtrader GBPUSD,H1: Failed modifying 
0	20:49:04.166	trend_dtrader GBPUSD,H1: Failed modifying 
0	20:49:05.167	trend_dtrader GBPUSD,H1: Failed modifying 
0	20:49:06.167	trend_dtrader GBPUSD,H1: Failed modifying 
0	20:49:07.169	trend_dtrader GBPUSD,H1: Failed modifying 
0	20:49:08.169	trend_dtrader GBPUSD,H1: Failed modifying 
0	20:49:09.170	trend_dtrader GBPUSD,H1: Failed modifying 
0	20:49:10.170	trend_dtrader GBPUSD,H1: Failed modifying 
0	20:49:11.170	trend_dtrader GBPUSD,H1: Failed modifying 
0	20:49:12.170	trend_dtrader GBPUSD,H1: Failed modifying 
0	20:49:13.171	trend_dtrader GBPUSD,H1: Failed modifying 
0	20:49:14.171	trend_dtrader GBPUSD,H1: Failed modifying 
0	20:49:15.171	trend_dtrader GBPUSD,H1: Failed modifying 
0	20:49:16.172	trend_dtrader GBPUSD,H1: Failed modifying 
0	20:49:17.172	trend_dtrader GBPUSD,H1: Failed modifying 
0	20:49:18.171	trend_dtrader GBPUSD,H1: Failed modifying 
0	20:49:19.172	trend_dtrader GBPUSD,H1: Failed modifying 
0	20:49:20.172	trend_dtrader GBPUSD,H1: Failed modifying 
0	20:49:21.173	trend_dtrader GBPUSD,H1: Failed modifying 
0	20:49:22.173	trend_dtrader GBPUSD,H1: Failed modifying 
0	20:49:23.173	trend_dtrader GBPUSD,H1: Failed modifying 
0	20:49:24.173	trend_dtrader GBPUSD,H1: Failed modifying 
0	20:49:25.173	trend_dtrader GBPUSD,H1: Failed modifying 
0	20:49:26.173	trend_dtrader GBPUSD,H1: Failed modifying 
0	20:49:27.173	trend_dtrader GBPUSD,H1: Failed modifying 
0	20:49:28.173	trend_dtrader GBPUSD,H1: Failed modifying 
0	20:49:29.173	trend_dtrader GBPUSD,H1: Failed modifying 
0	20:49:30.173	trend_dtrader GBPUSD,H1: Failed modifying 
0	20:50:36.318	trend_dtrader GBPUSD,H1: Alert: Please check your internet connection
0	20:50:37.173	trend_dtrader GBPUSD,H1: Alert: Please check your internet connection
0	20:50:38.171	trend_dtrader GBPUSD,H1: Alert: Please check your internet connection
0	20:50:39.172	trend_dtrader GBPUSD,H1: Alert: Please check your internet connection
0	20:50:40.172	trend_dtrader GBPUSD,H1: Alert: Please check your internet connection
0	20:50:41.173	trend_dtrader GBPUSD,H1: Alert: Please check your internet connection
0	20:50:42.172	trend_dtrader GBPUSD,H1: Alert: Please check your internet connection
0	20:50:43.171	trend_dtrader GBPUSD,H1: Alert: Please check your internet connection
0	20:50:44.171	trend_dtrader GBPUSD,H1: Failed modifying 
0	20:50:45.172	trend_dtrader GBPUSD,H1: Failed modifying 
0	20:54:19.155	trend_dtrader GBPUSD,H1: Alert: Please check your internet connection
0	20:54:19.190	trend_dtrader GBPUSD,H1: Alert: Please check your internet connection
0	20:54:20.165	trend_dtrader GBPUSD,H1: Alert: Please check your internet connection
0	20:54:21.165	trend_dtrader GBPUSD,H1: Alert: Please check your internet connection
0	20:54:22.164	trend_dtrader GBPUSD,H1: Failed modifying 
0	20:54:23.164	trend_dtrader GBPUSD,H1: Failed modifying 
0	20:54:24.165	trend_dtrader GBPUSD,H1: Failed modifying 
0	20:54:25.164	trend_dtrader GBPUSD,H1: Failed modifying 
0	20:54:26.164	trend_dtrader GBPUSD,H1: Failed modifying 
0	20:54:27.164	trend_dtrader GBPUSD,H1: Failed modifying 
0	20:54:28.166	trend_dtrader GBPUSD,H1: Failed modifying 
0	20:58:29.435	trend_dtrader GBPUSD,H1: Alert: Please check your internet connection
0	20:58:30.156	trend_dtrader GBPUSD,H1: Alert: Please check your internet connection
0	20:58:31.157	trend_dtrader GBPUSD,H1: Alert: Please check your internet connection
0	20:58:32.157	trend_dtrader GBPUSD,H1: Failed modifying 
0	20:58:33.157	trend_dtrader GBPUSD,H1: Failed modifying 
0	20:58:34.157	trend_dtrader GBPUSD,H1: Failed modifying 
0	20:58:35.156	trend_dtrader GBPUSD,H1: Failed modifying 
0	20:58:36.156	trend_dtrader GBPUSD,H1: Failed modifying 
0	20:58:37.157	trend_dtrader GBPUSD,H1: Failed modifying 
0	20:58:38.157	trend_dtrader GBPUSD,H1: Failed modifying 
0	20:58:39.156	trend_dtrader GBPUSD,H1: Failed modifying 
0	20:58:40.156	trend_dtrader GBPUSD,H1: Failed modifying 
0	20:58:41.167	trend_dtrader GBPUSD,H1: Failed modifying 
0	20:58:42.157	trend_dtrader GBPUSD,H1: Failed modifying 
0	20:58:43.156	trend_dtrader GBPUSD,H1: Failed modifying 
0	20:58:44.156	trend_dtrader GBPUSD,H1: Failed modifying 
0	20:58:45.156	trend_dtrader GBPUSD,H1: Failed modifying 
0	20:58:46.156	trend_dtrader GBPUSD,H1: Failed modifying 
0	20:58:47.156	trend_dtrader GBPUSD,H1: Failed modifying 
0	20:58:48.156	trend_dtrader GBPUSD,H1: Failed modifying 
0	20:58:49.156	trend_dtrader GBPUSD,H1: Failed modifying 
0	20:58:50.155	trend_dtrader GBPUSD,H1: Failed modifying 
0	20:58:51.240	trend_dtrader GBPUSD,H1: Failed modifying 
0	20:58:52.176	trend_dtrader GBPUSD,H1: Failed modifying 
0	20:58:53.156	trend_dtrader GBPUSD,H1: Failed modifying 
0	20:58:54.157	trend_dtrader GBPUSD,H1: Failed modifying 
0	20:58:55.155	trend_dtrader GBPUSD,H1: Failed modifying 
0	20:58:56.156	trend_dtrader GBPUSD,H1: Failed modifying 
0	20:58:57.155	trend_dtrader GBPUSD,H1: Failed modifying 
0	20:58:58.155	trend_dtrader GBPUSD,H1: Failed modifying 
0	20:58:59.155	trend_dtrader GBPUSD,H1: Failed modifying 
0	20:59:00.155	trend_dtrader GBPUSD,H1: Failed modifying 
0	21:03:42.377	trend_dtrader GBPUSD,H1: Failed modifying 
0	21:03:43.146	trend_dtrader GBPUSD,H1: Failed modifying 
0	21:03:44.147	trend_dtrader GBPUSD,H1: Failed modifying 
0	21:03:45.147	trend_dtrader GBPUSD,H1: Failed modifying 
0	21:03:46.146	trend_dtrader GBPUSD,H1: Failed modifying 
0	21:03:47.146	trend_dtrader GBPUSD,H1: Failed modifying 
0	21:03:48.146	trend_dtrader GBPUSD,H1: Failed modifying 
0	21:03:49.146	trend_dtrader GBPUSD,H1: Failed modifying 
0	21:03:50.146	trend_dtrader GBPUSD,H1: Failed modifying 
0	21:05:24.572	trend_dtrader GBPUSD,H1: Failed modifying 
0	21:05:25.144	trend_dtrader GBPUSD,H1: Alert: Please check your internet connection
0	21:05:26.144	trend_dtrader GBPUSD,H1: Alert: Please check your internet connection
0	21:05:27.144	trend_dtrader GBPUSD,H1: Failed modifying 
0	21:05:28.143	trend_dtrader GBPUSD,H1: Failed modifying 
0	21:05:29.142	trend_dtrader GBPUSD,H1: Failed modifying 
0	21:05:30.141	trend_dtrader GBPUSD,H1: Failed modifying 
0	21:05:31.141	trend_dtrader GBPUSD,H1: Failed modifying 
0	21:05:32.140	trend_dtrader GBPUSD,H1: Failed modifying 
0	21:05:33.140	trend_dtrader GBPUSD,H1: Failed modifying 
0	21:05:34.140	trend_dtrader GBPUSD,H1: Failed modifying 
0	21:10:50.885	trend_dtrader GBPUSD,H1: Failed modifying 
0	21:10:51.140	trend_dtrader GBPUSD,H1: Failed modifying 
0	21:10:52.129	trend_dtrader GBPUSD,H1: Failed modifying 
0	21:10:53.129	trend_dtrader GBPUSD,H1: Failed modifying 
0	21:10:54.162	trend_dtrader GBPUSD,H1: Failed modifying 
0	21:10:55.155	trend_dtrader GBPUSD,H1: Failed modifying 
0	21:10:56.128	trend_dtrader GBPUSD,H1: Failed modifying 
0	21:10:57.128	trend_dtrader GBPUSD,H1: Failed modifying 
0	21:10:58.129	trend_dtrader GBPUSD,H1: Failed modifying 
0	21:10:59.128	trend_dtrader GBPUSD,H1: Failed modifying 
0	21:11:00.127	trend_dtrader GBPUSD,H1: Failed modifying 
0	21:11:01.128	trend_dtrader GBPUSD,H1: Alert: Please check your internet connection
0	21:11:02.128	trend_dtrader GBPUSD,H1: Failed modifying 
0	21:11:03.126	trend_dtrader GBPUSD,H1: Failed modifying 
0	21:11:04.126	trend_dtrader GBPUSD,H1: Failed modifying 
0	21:11:05.126	trend_dtrader GBPUSD,H1: Failed modifying 
0	21:11:06.126	trend_dtrader GBPUSD,H1: Failed modifying 
0	21:11:07.126	trend_dtrader GBPUSD,H1: Failed modifying 
0	21:11:08.126	trend_dtrader GBPUSD,H1: Failed modifying 
0	21:11:09.126	trend_dtrader GBPUSD,H1: Failed modifying 
0	21:11:10.125	trend_dtrader GBPUSD,H1: Failed modifying 
0	21:11:11.125	trend_dtrader GBPUSD,H1: Failed modifying 
0	21:12:50.424	trend_dtrader GBPUSD,H1: Failed modifying 
0	21:12:51.122	trend_dtrader GBPUSD,H1: Failed modifying 
0	21:12:52.122	trend_dtrader GBPUSD,H1: Failed modifying 
0	21:12:53.121	trend_dtrader GBPUSD,H1: Failed modifying 
0	21:12:54.122	trend_dtrader GBPUSD,H1: Failed modifying 
0	21:12:55.122	trend_dtrader GBPUSD,H1: Failed modifying 
0	21:12:56.121	trend_dtrader GBPUSD,H1: Failed modifying 
0	21:12:57.121	trend_dtrader GBPUSD,H1: Failed modifying 
0	21:12:58.121	trend_dtrader GBPUSD,H1: Failed modifying 
0	21:12:59.121	trend_dtrader GBPUSD,H1: Failed modifying 
0	21:13:00.121	trend_dtrader GBPUSD,H1: Failed modifying 
0	21:13:01.121	trend_dtrader GBPUSD,H1: Failed modifying 
0	21:13:02.121	trend_dtrader GBPUSD,H1: Failed modifying 
0	21:13:03.121	trend_dtrader GBPUSD,H1: Failed modifying 
0	21:13:04.121	trend_dtrader GBPUSD,H1: Failed modifying 
0	21:13:05.120	trend_dtrader GBPUSD,H1: Failed modifying 
0	21:13:06.121	trend_dtrader GBPUSD,H1: Failed modifying 
0	21:13:07.120	trend_dtrader GBPUSD,H1: Failed modifying 
0	21:13:08.120	trend_dtrader GBPUSD,H1: Failed modifying 
0	21:13:09.121	trend_dtrader GBPUSD,H1: Failed modifying 
0	21:14:42.141	trend_dtrader GBPUSD,H1: Alert: Please check your internet connection
0	21:14:43.119	trend_dtrader GBPUSD,H1: Alert: Please check your internet connection
0	21:14:44.118	trend_dtrader GBPUSD,H1: Alert: Please check your internet connection
0	21:14:45.119	trend_dtrader GBPUSD,H1: Alert: Please check your internet connection
0	21:14:46.119	trend_dtrader GBPUSD,H1: Alert: Please check your internet connection
0	21:14:47.119	trend_dtrader GBPUSD,H1: Alert: Please check your internet connection
0	21:14:48.117	trend_dtrader GBPUSD,H1: Alert: Please check your internet connection
0	21:14:49.118	trend_dtrader GBPUSD,H1: Failed modifying 
0	21:14:50.116	trend_dtrader GBPUSD,H1: Failed modifying 
0	21:14:51.117	trend_dtrader GBPUSD,H1: Failed modifying 
0	21:14:52.116	trend_dtrader GBPUSD,H1: Failed modifying 
0	21:15:59.347	trend_dtrader GBPUSD,H1: Alert: Please check your internet connection
0	21:16:00.115	trend_dtrader GBPUSD,H1: Alert: Please check your internet connection
0	21:16:01.124	trend_dtrader GBPUSD,H1: Alert: Please check your internet connection
0	21:16:02.114	trend_dtrader GBPUSD,H1: Failed modifying 
0	21:16:03.114	trend_dtrader GBPUSD,H1: Failed modifying 
0	21:16:04.114	trend_dtrader GBPUSD,H1: Failed modifying 
0	21:16:05.114	trend_dtrader GBPUSD,H1: Failed modifying 
0	21:16:06.115	trend_dtrader GBPUSD,H1: Failed modifying 
0	21:16:07.114	trend_dtrader GBPUSD,H1: Failed modifying 
0	21:16:08.114	trend_dtrader GBPUSD,H1: Failed modifying 
0	21:16:09.114	trend_dtrader GBPUSD,H1: Failed modifying 
0	21:16:10.114	trend_dtrader GBPUSD,H1: Failed modifying 
0	21:16:11.114	trend_dtrader GBPUSD,H1: Failed modifying 
0	21:16:12.114	trend_dtrader GBPUSD,H1: Failed modifying 
0	21:16:13.114	trend_dtrader GBPUSD,H1: Failed modifying 
0	21:16:14.114	trend_dtrader GBPUSD,H1: Failed modifying 
0	21:16:15.114	trend_dtrader GBPUSD,H1: Failed modifying 
0	21:16:16.114	trend_dtrader GBPUSD,H1: Failed modifying 
0	21:16:17.113	trend_dtrader GBPUSD,H1: Failed modifying 
0	21:16:18.114	trend_dtrader GBPUSD,H1: Failed modifying 
0	21:16:19.113	trend_dtrader GBPUSD,H1: Failed modifying 
0	21:16:20.114	trend_dtrader GBPUSD,H1: Failed modifying 
0	21:16:21.113	trend_dtrader GBPUSD,H1: Failed modifying 
0	21:16:22.113	trend_dtrader GBPUSD,H1: Failed modifying 
0	21:16:23.113	trend_dtrader GBPUSD,H1: Failed modifying 
0	21:16:24.113	trend_dtrader GBPUSD,H1: Failed modifying 
0	21:16:25.114	trend_dtrader GBPUSD,H1: Failed modifying 
0	21:16:26.113	trend_dtrader GBPUSD,H1: Failed modifying 
0	21:16:27.113	trend_dtrader GBPUSD,H1: Failed modifying 
0	21:16:28.113	trend_dtrader GBPUSD,H1: Failed modifying 
0	21:16:29.114	trend_dtrader GBPUSD,H1: Failed modifying 
0	21:16:30.112	trend_dtrader GBPUSD,H1: Failed modifying 
0	21:16:31.113	trend_dtrader GBPUSD,H1: Failed modifying 
0	21:16:32.113	trend_dtrader GBPUSD,H1: Failed modifying 
0	21:16:33.124	trend_dtrader GBPUSD,H1: Failed modifying 
0	21:16:34.113	trend_dtrader GBPUSD,H1: Failed modifying 
0	21:16:35.113	trend_dtrader GBPUSD,H1: Failed modifying 
0	21:16:36.113	trend_dtrader GBPUSD,H1: Failed modifying 
0	21:16:37.113	trend_dtrader GBPUSD,H1: Failed modifying 
0	21:16:38.123	trend_dtrader GBPUSD,H1: Failed modifying 
0	21:16:39.113	trend_dtrader GBPUSD,H1: Failed modifying 
0	21:16:40.113	trend_dtrader GBPUSD,H1: Failed modifying 
0	21:16:41.113	trend_dtrader GBPUSD,H1: Failed modifying 
0	21:16:42.112	trend_dtrader GBPUSD,H1: Failed modifying 
0	21:16:43.113	trend_dtrader GBPUSD,H1: Failed modifying 
0	21:16:44.113	trend_dtrader GBPUSD,H1: Failed modifying 
0	21:16:45.113	trend_dtrader GBPUSD,H1: Failed modifying 
0	21:16:46.113	trend_dtrader GBPUSD,H1: Failed modifying 
0	21:16:47.112	trend_dtrader GBPUSD,H1: Failed modifying 
0	21:16:48.113	trend_dtrader GBPUSD,H1: Failed modifying 
0	21:16:49.113	trend_dtrader GBPUSD,H1: Failed modifying 
0	21:16:50.112	trend_dtrader GBPUSD,H1: Failed modifying 
0	21:16:51.113	trend_dtrader GBPUSD,H1: Failed modifying 
0	21:16:52.113	trend_dtrader GBPUSD,H1: Failed modifying 
0	21:16:53.113	trend_dtrader GBPUSD,H1: Failed modifying 
0	21:16:54.112	trend_dtrader GBPUSD,H1: Failed modifying 
0	21:16:55.112	trend_dtrader GBPUSD,H1: Failed modifying 
0	21:16:56.112	trend_dtrader GBPUSD,H1: Failed modifying 
0	21:16:57.113	trend_dtrader GBPUSD,H1: Failed modifying 
0	21:16:58.112	trend_dtrader GBPUSD,H1: Failed modifying 
0	21:16:59.119	trend_dtrader GBPUSD,H1: Failed modifying 
0	21:17:00.112	trend_dtrader GBPUSD,H1: Failed modifying 
0	21:17:01.113	trend_dtrader GBPUSD,H1: Failed modifying 
0	21:17:02.113	trend_dtrader GBPUSD,H1: Failed modifying 
0	21:17:03.112	trend_dtrader GBPUSD,H1: Failed modifying 
0	21:17:04.112	trend_dtrader GBPUSD,H1: Failed modifying 
0	21:17:05.113	trend_dtrader GBPUSD,H1: Failed modifying 
0	21:17:06.113	trend_dtrader GBPUSD,H1: Failed modifying 
0	21:17:07.111	trend_dtrader GBPUSD,H1: Failed modifying 
0	21:17:08.112	trend_dtrader GBPUSD,H1: Failed modifying 
0	21:17:09.111	trend_dtrader GBPUSD,H1: Failed modifying 
0	21:17:10.112	trend_dtrader GBPUSD,H1: Failed modifying 
0	21:17:11.112	trend_dtrader GBPUSD,H1: Failed modifying 
0	21:17:12.112	trend_dtrader GBPUSD,H1: Failed modifying 
0	21:17:13.112	trend_dtrader GBPUSD,H1: Failed modifying 
0	21:17:14.112	trend_dtrader GBPUSD,H1: Failed modifying 
0	21:17:15.112	trend_dtrader GBPUSD,H1: Failed modifying 
0	21:17:16.112	trend_dtrader GBPUSD,H1: Failed modifying 
0	21:17:17.112	trend_dtrader GBPUSD,H1: Failed modifying 
0	21:17:18.112	trend_dtrader GBPUSD,H1: Failed modifying 
0	21:17:19.112	trend_dtrader GBPUSD,H1: Failed modifying 
0	21:17:20.111	trend_dtrader GBPUSD,H1: Failed modifying 
0	21:17:21.111	trend_dtrader GBPUSD,H1: Failed modifying 
0	21:17:22.112	trend_dtrader GBPUSD,H1: Failed modifying 
0	21:17:23.112	trend_dtrader GBPUSD,H1: Failed modifying 
0	21:17:24.114	trend_dtrader GBPUSD,H1: Failed modifying 
0	21:17:25.111	trend_dtrader GBPUSD,H1: Failed modifying 
0	21:17:26.111	trend_dtrader GBPUSD,H1: Failed modifying 
0	21:17:27.111	trend_dtrader GBPUSD,H1: Failed modifying 
0	21:17:28.111	trend_dtrader GBPUSD,H1: Failed modifying 
0	21:17:29.112	trend_dtrader GBPUSD,H1: Failed modifying 
0	21:17:30.111	trend_dtrader GBPUSD,H1: Failed modifying 
0	21:17:31.111	trend_dtrader GBPUSD,H1: Failed modifying 
0	21:17:32.112	trend_dtrader GBPUSD,H1: Failed modifying 
0	21:17:33.111	trend_dtrader GBPUSD,H1: Failed modifying 
0	21:17:34.111	trend_dtrader GBPUSD,H1: Failed modifying 
0	21:17:35.111	trend_dtrader GBPUSD,H1: Failed modifying 
0	21:17:36.111	trend_dtrader GBPUSD,H1: Failed modifying 
0	21:17:37.111	trend_dtrader GBPUSD,H1: Failed modifying 
0	21:17:38.111	trend_dtrader GBPUSD,H1: Failed modifying 
0	21:17:39.111	trend_dtrader GBPUSD,H1: Failed modifying 
0	21:17:40.111	trend_dtrader GBPUSD,H1: Failed modifying 
0	21:17:41.111	trend_dtrader GBPUSD,H1: Failed modifying 
0	21:17:42.110	trend_dtrader GBPUSD,H1: Failed modifying 
0	21:17:43.111	trend_dtrader GBPUSD,H1: Failed modifying 
0	21:17:44.111	trend_dtrader GBPUSD,H1: Failed modifying 
0	21:17:45.110	trend_dtrader GBPUSD,H1: Failed modifying 
0	21:17:46.111	trend_dtrader GBPUSD,H1: Failed modifying 
0	21:17:47.110	trend_dtrader GBPUSD,H1: Failed modifying 
0	21:17:48.111	trend_dtrader GBPUSD,H1: Failed modifying 
0	21:17:49.110	trend_dtrader GBPUSD,H1: Failed modifying 
0	21:17:50.110	trend_dtrader GBPUSD,H1: Failed modifying 
0	21:17:51.110	trend_dtrader GBPUSD,H1: Failed modifying 
0	21:17:52.110	trend_dtrader GBPUSD,H1: Failed modifying 
0	21:17:53.110	trend_dtrader GBPUSD,H1: Failed modifying 
0	21:17:54.110	trend_dtrader GBPUSD,H1: Failed modifying 
0	21:17:55.110	trend_dtrader GBPUSD,H1: Failed modifying 
0	21:17:56.111	trend_dtrader GBPUSD,H1: Failed modifying 
0	21:17:57.111	trend_dtrader GBPUSD,H1: Failed modifying 
0	21:17:58.110	trend_dtrader GBPUSD,H1: Failed modifying 
0	21:17:59.110	trend_dtrader GBPUSD,H1: Failed modifying 
0	21:18:00.110	trend_dtrader GBPUSD,H1: Failed modifying 
0	21:18:01.110	trend_dtrader GBPUSD,H1: Failed modifying 
0	21:18:02.110	trend_dtrader GBPUSD,H1: Failed modifying 
0	21:18:03.110	trend_dtrader GBPUSD,H1: Failed modifying 
0	21:18:04.110	trend_dtrader GBPUSD,H1: Failed modifying 
0	21:18:05.110	trend_dtrader GBPUSD,H1: Failed modifying 
0	21:18:06.110	trend_dtrader GBPUSD,H1: Failed modifying 
0	21:18:07.110	trend_dtrader GBPUSD,H1: Failed modifying 
0	21:18:08.110	trend_dtrader GBPUSD,H1: Failed modifying 
0	21:18:09.109	trend_dtrader GBPUSD,H1: Failed modifying 
0	21:18:10.110	trend_dtrader GBPUSD,H1: Failed modifying 
0	21:18:11.110	trend_dtrader GBPUSD,H1: Failed modifying 
0	21:18:12.110	trend_dtrader GBPUSD,H1: Failed modifying 
0	21:18:13.109	trend_dtrader GBPUSD,H1: Failed modifying 
0	21:18:14.109	trend_dtrader GBPUSD,H1: Failed modifying 
0	21:18:15.109	trend_dtrader GBPUSD,H1: Failed modifying 
0	21:18:20.110	trend_dtrader GBPUSD,H1: Failed modifying 
0	21:18:21.110	trend_dtrader GBPUSD,H1: Failed modifying 
0	21:18:22.110	trend_dtrader GBPUSD,H1: Failed modifying 
0	21:18:23.110	trend_dtrader GBPUSD,H1: Failed modifying 
0	21:18:24.109	trend_dtrader GBPUSD,H1: Failed modifying 
0	21:18:25.109	trend_dtrader GBPUSD,H1: Failed modifying 
0	21:18:26.110	trend_dtrader GBPUSD,H1: Failed modifying 
0	21:18:27.110	trend_dtrader GBPUSD,H1: Failed modifying 
0	21:18:28.109	trend_dtrader GBPUSD,H1: Failed modifying 
0	21:18:29.109	trend_dtrader GBPUSD,H1: Failed modifying 
0	21:18:30.109	trend_dtrader GBPUSD,H1: Failed modifying 
0	21:18:31.110	trend_dtrader GBPUSD,H1: Failed modifying 
0	21:18:32.108	trend_dtrader GBPUSD,H1: Failed modifying 
0	21:18:33.109	trend_dtrader GBPUSD,H1: Failed modifying 
0	21:18:34.109	trend_dtrader GBPUSD,H1: Failed modifying 
0	21:18:35.108	trend_dtrader GBPUSD,H1: Failed modifying 
0	21:18:36.109	trend_dtrader GBPUSD,H1: Failed modifying 
0	21:18:37.108	trend_dtrader GBPUSD,H1: Failed modifying 
0	21:18:38.109	trend_dtrader GBPUSD,H1: Failed modifying 
0	21:18:39.109	trend_dtrader GBPUSD,H1: Failed modifying 
0	21:18:40.109	trend_dtrader GBPUSD,H1: Failed modifying 
0	21:18:41.109	trend_dtrader GBPUSD,H1: Failed modifying 
0	21:18:42.109	trend_dtrader GBPUSD,H1: Failed modifying 
0	21:18:43.108	trend_dtrader GBPUSD,H1: Failed modifying 
0	21:18:44.108	trend_dtrader GBPUSD,H1: Failed modifying 
0	21:18:45.109	trend_dtrader GBPUSD,H1: Failed modifying 
0	21:19:09.107	trend_dtrader GBPUSD,H1: Failed modifying 
0	21:19:10.107	trend_dtrader GBPUSD,H1: Failed modifying 
0	21:19:11.108	trend_dtrader GBPUSD,H1: Failed modifying 
0	21:19:12.108	trend_dtrader GBPUSD,H1: Failed modifying 
0	21:19:13.108	trend_dtrader GBPUSD,H1: Failed modifying 
0	21:19:14.108	trend_dtrader GBPUSD,H1: Failed modifying 
0	21:19:15.107	trend_dtrader GBPUSD,H1: Failed modifying 
0	21:19:16.108	trend_dtrader GBPUSD,H1: Failed modifying 
0	21:19:17.108	trend_dtrader GBPUSD,H1: Failed modifying 
0	21:19:18.107	trend_dtrader GBPUSD,H1: Failed modifying 
0	21:19:19.107	trend_dtrader GBPUSD,H1: Failed modifying 
0	21:19:20.107	trend_dtrader GBPUSD,H1: Failed modifying 
0	21:19:21.107	trend_dtrader GBPUSD,H1: Failed modifying 
0	21:19:22.107	trend_dtrader GBPUSD,H1: Failed modifying 
0	21:19:23.107	trend_dtrader GBPUSD,H1: Failed modifying 
0	21:19:24.107	trend_dtrader GBPUSD,H1: Failed modifying 
0	21:19:39.107	trend_dtrader GBPUSD,H1: Failed modifying 
0	21:19:40.107	trend_dtrader GBPUSD,H1: Failed modifying 
0	21:19:41.106	trend_dtrader GBPUSD,H1: Failed modifying 
0	21:19:42.106	trend_dtrader GBPUSD,H1: Failed modifying 
0	21:20:46.104	trend_dtrader GBPUSD,H1: Failed modifying 
0	21:20:47.104	trend_dtrader GBPUSD,H1: Failed modifying 
0	21:20:48.102	trend_dtrader GBPUSD,H1: Failed modifying 
0	21:20:49.100	trend_dtrader GBPUSD,H1: Failed modifying 
0	21:20:50.098	trend_dtrader GBPUSD,H1: Failed modifying 
0	21:20:51.097	trend_dtrader GBPUSD,H1: Failed modifying 
0	21:20:52.095	trend_dtrader GBPUSD,H1: Failed modifying 
0	21:20:53.093	trend_dtrader GBPUSD,H1: Failed modifying 
0	21:20:54.092	trend_dtrader GBPUSD,H1: Failed modifying 
0	21:20:55.091	trend_dtrader GBPUSD,H1: Failed modifying 
0	21:20:56.090	trend_dtrader GBPUSD,H1: Failed modifying 
0	21:20:57.088	trend_dtrader GBPUSD,H1: Failed modifying 
0	21:20:58.087	trend_dtrader GBPUSD,H1: Failed modifying 
0	21:20:59.087	trend_dtrader GBPUSD,H1: Failed modifying 
0	21:21:00.085	trend_dtrader GBPUSD,H1: Failed modifying 
0	21:21:01.086	trend_dtrader GBPUSD,H1: Failed modifying 
0	21:21:02.084	trend_dtrader GBPUSD,H1: Failed modifying 
0	21:21:03.083	trend_dtrader GBPUSD,H1: Failed modifying 
0	21:21:04.082	trend_dtrader GBPUSD,H1: Failed modifying 
0	21:21:05.082	trend_dtrader GBPUSD,H1: Failed modifying 
0	21:21:06.081	trend_dtrader GBPUSD,H1: Failed modifying 
0	21:21:07.080	trend_dtrader GBPUSD,H1: Failed modifying 
0	21:21:08.080	trend_dtrader GBPUSD,H1: Failed modifying 
0	21:21:09.079	trend_dtrader GBPUSD,H1: Failed modifying 
0	21:21:10.079	trend_dtrader GBPUSD,H1: Failed modifying 
0	21:21:11.078	trend_dtrader GBPUSD,H1: Failed modifying 
0	21:21:12.077	trend_dtrader GBPUSD,H1: Failed modifying 
0	21:21:13.078	trend_dtrader GBPUSD,H1: Failed modifying 
0	21:21:14.076	trend_dtrader GBPUSD,H1: Failed modifying 
0	21:21:15.076	trend_dtrader GBPUSD,H1: Failed modifying 
0	21:21:16.076	trend_dtrader GBPUSD,H1: Failed modifying 
0	21:21:17.075	trend_dtrader GBPUSD,H1: Failed modifying 
0	21:21:18.076	trend_dtrader GBPUSD,H1: Failed modifying 
0	21:21:19.075	trend_dtrader GBPUSD,H1: Failed modifying 
0	21:21:20.074	trend_dtrader GBPUSD,H1: Failed modifying 
0	21:21:21.074	trend_dtrader GBPUSD,H1: Failed modifying 
0	21:21:22.074	trend_dtrader GBPUSD,H1: Failed modifying 
0	21:21:23.075	trend_dtrader GBPUSD,H1: Failed modifying 
0	21:21:24.075	trend_dtrader GBPUSD,H1: Failed modifying 
0	21:21:25.073	trend_dtrader GBPUSD,H1: Failed modifying 
0	21:21:26.073	trend_dtrader GBPUSD,H1: Failed modifying 
0	21:21:27.073	trend_dtrader GBPUSD,H1: Failed modifying 
0	21:21:28.073	trend_dtrader GBPUSD,H1: Failed modifying 
0	21:21:29.073	trend_dtrader GBPUSD,H1: Failed modifying 
0	21:21:30.072	trend_dtrader GBPUSD,H1: Failed modifying 
0	21:21:31.072	trend_dtrader GBPUSD,H1: Failed modifying 
0	21:21:32.072	trend_dtrader GBPUSD,H1: Failed modifying 
0	21:21:33.073	trend_dtrader GBPUSD,H1: Failed modifying 
0	21:21:34.072	trend_dtrader GBPUSD,H1: Failed modifying 
0	21:21:35.072	trend_dtrader GBPUSD,H1: Failed modifying 
0	21:21:36.071	trend_dtrader GBPUSD,H1: Failed modifying 
0	21:21:37.072	trend_dtrader GBPUSD,H1: Failed modifying 
0	21:21:38.071	trend_dtrader GBPUSD,H1: Failed modifying 
0	21:21:39.071	trend_dtrader GBPUSD,H1: Failed modifying 
0	21:21:40.071	trend_dtrader GBPUSD,H1: Failed modifying 
0	21:21:41.071	trend_dtrader GBPUSD,H1: Failed modifying 
0	21:21:42.071	trend_dtrader GBPUSD,H1: Failed modifying 
0	21:21:43.071	trend_dtrader GBPUSD,H1: Failed modifying 
0	21:21:44.070	trend_dtrader GBPUSD,H1: Failed modifying 
0	21:21:45.071	trend_dtrader GBPUSD,H1: Failed modifying 
0	21:21:46.070	trend_dtrader GBPUSD,H1: Failed modifying 
0	21:21:47.071	trend_dtrader GBPUSD,H1: Failed modifying 
0	21:21:48.070	trend_dtrader GBPUSD,H1: Failed modifying 
0	21:21:49.070	trend_dtrader GBPUSD,H1: Failed modifying 
0	21:21:50.070	trend_dtrader GBPUSD,H1: Failed modifying 
0	21:21:51.070	trend_dtrader GBPUSD,H1: Failed modifying 
0	21:21:52.070	trend_dtrader GBPUSD,H1: Failed modifying 
0	21:21:53.070	trend_dtrader GBPUSD,H1: Failed modifying 
0	21:21:54.070	trend_dtrader GBPUSD,H1: Failed modifying 
0	21:21:55.071	trend_dtrader GBPUSD,H1: Failed modifying 
0	21:21:56.070	trend_dtrader GBPUSD,H1: Failed modifying 
0	21:21:57.069	trend_dtrader GBPUSD,H1: Failed modifying 
0	21:21:58.069	trend_dtrader GBPUSD,H1: Failed modifying 
0	21:21:59.071	trend_dtrader GBPUSD,H1: Failed modifying 
0	21:22:00.070	trend_dtrader GBPUSD,H1: Failed modifying 
0	21:22:01.069	trend_dtrader GBPUSD,H1: Failed modifying 
0	21:22:02.070	trend_dtrader GBPUSD,H1: Failed modifying 
0	21:22:03.069	trend_dtrader GBPUSD,H1: Failed modifying 
0	21:22:04.069	trend_dtrader GBPUSD,H1: Failed modifying 
0	21:22:05.070	trend_dtrader GBPUSD,H1: Failed modifying 
0	21:22:06.070	trend_dtrader GBPUSD,H1: Failed modifying 
0	21:22:07.069	trend_dtrader GBPUSD,H1: Failed modifying 
0	21:22:08.070	trend_dtrader GBPUSD,H1: Failed modifying 
0	21:22:09.069	trend_dtrader GBPUSD,H1: Failed modifying 
0	21:22:10.069	trend_dtrader GBPUSD,H1: Failed modifying 
0	21:22:11.069	trend_dtrader GBPUSD,H1: Failed modifying 
0	21:22:12.069	trend_dtrader GBPUSD,H1: Failed modifying 
0	21:22:13.069	trend_dtrader GBPUSD,H1: Failed modifying 
0	21:22:14.069	trend_dtrader GBPUSD,H1: Failed modifying 
0	21:22:15.069	trend_dtrader GBPUSD,H1: Failed modifying 
0	21:22:16.069	trend_dtrader GBPUSD,H1: Failed modifying 
0	21:22:17.069	trend_dtrader GBPUSD,H1: Failed modifying 
0	21:22:18.069	trend_dtrader GBPUSD,H1: Failed modifying 
0	21:22:19.069	trend_dtrader GBPUSD,H1: Failed modifying 
0	21:22:20.070	trend_dtrader GBPUSD,H1: Failed modifying 
0	21:22:21.068	trend_dtrader GBPUSD,H1: Failed modifying 
0	21:22:22.068	trend_dtrader GBPUSD,H1: Failed modifying 
0	21:22:23.069	trend_dtrader GBPUSD,H1: Failed modifying 
0	21:22:24.069	trend_dtrader GBPUSD,H1: Failed modifying 
0	21:22:25.068	trend_dtrader GBPUSD,H1: Failed modifying 
0	21:22:26.069	trend_dtrader GBPUSD,H1: Failed modifying 
0	21:22:27.068	trend_dtrader GBPUSD,H1: Failed modifying 
0	21:22:28.069	trend_dtrader GBPUSD,H1: Failed modifying 
0	21:22:29.069	trend_dtrader GBPUSD,H1: Failed modifying 
0	21:22:30.068	trend_dtrader GBPUSD,H1: Failed modifying 
0	21:22:31.068	trend_dtrader GBPUSD,H1: Failed modifying 
0	21:22:32.068	trend_dtrader GBPUSD,H1: Failed modifying 
0	21:22:33.068	trend_dtrader GBPUSD,H1: Failed modifying 
0	21:22:34.068	trend_dtrader GBPUSD,H1: Failed modifying 
0	21:22:35.068	trend_dtrader GBPUSD,H1: Failed modifying 
0	21:22:36.068	trend_dtrader GBPUSD,H1: Failed modifying 
0	21:22:37.068	trend_dtrader GBPUSD,H1: Failed modifying 
0	21:22:38.068	trend_dtrader GBPUSD,H1: Failed modifying 
0	21:22:39.068	trend_dtrader GBPUSD,H1: Failed modifying 
0	21:22:40.068	trend_dtrader GBPUSD,H1: Failed modifying 
0	21:22:41.067	trend_dtrader GBPUSD,H1: Failed modifying 
0	21:22:42.068	trend_dtrader GBPUSD,H1: Failed modifying 
0	21:22:43.068	trend_dtrader GBPUSD,H1: Failed modifying 
0	21:22:44.068	trend_dtrader GBPUSD,H1: Failed modifying 
0	21:22:45.068	trend_dtrader GBPUSD,H1: Failed modifying 
0	21:22:46.068	trend_dtrader GBPUSD,H1: Failed modifying 
0	21:22:47.068	trend_dtrader GBPUSD,H1: Failed modifying 
0	21:22:48.068	trend_dtrader GBPUSD,H1: Failed modifying 
0	21:22:49.068	trend_dtrader GBPUSD,H1: Failed modifying 
0	21:22:50.067	trend_dtrader GBPUSD,H1: Failed modifying 
0	21:22:51.068	trend_dtrader GBPUSD,H1: Failed modifying 
0	21:22:52.067	trend_dtrader GBPUSD,H1: Failed modifying 
0	21:22:53.067	trend_dtrader GBPUSD,H1: Failed modifying 
0	21:22:54.067	trend_dtrader GBPUSD,H1: Failed modifying 
0	21:22:55.067	trend_dtrader GBPUSD,H1: Failed modifying 
0	21:22:56.067	trend_dtrader GBPUSD,H1: Failed modifying 
0	21:22:57.067	trend_dtrader GBPUSD,H1: Failed modifying 
0	21:22:58.068	trend_dtrader GBPUSD,H1: Failed modifying 
0	21:22:59.067	trend_dtrader GBPUSD,H1: Failed modifying 
0	21:23:00.067	trend_dtrader GBPUSD,H1: Failed modifying 
0	21:23:01.067	trend_dtrader GBPUSD,H1: Failed modifying 
0	21:23:02.067	trend_dtrader GBPUSD,H1: Failed modifying 
0	21:23:03.067	trend_dtrader GBPUSD,H1: Failed modifying 
0	21:23:04.067	trend_dtrader GBPUSD,H1: Failed modifying 
0	21:23:05.067	trend_dtrader GBPUSD,H1: Failed modifying 
0	21:23:06.067	trend_dtrader GBPUSD,H1: Failed modifying 
0	21:23:07.067	trend_dtrader GBPUSD,H1: Failed modifying 
0	21:23:08.067	trend_dtrader GBPUSD,H1: Failed modifying 
0	21:23:09.067	trend_dtrader GBPUSD,H1: Failed modifying 
0	21:23:10.067	trend_dtrader GBPUSD,H1: Failed modifying 
0	21:23:11.067	trend_dtrader GBPUSD,H1: Failed modifying 
0	21:23:12.066	trend_dtrader GBPUSD,H1: Failed modifying 
0	21:23:13.068	trend_dtrader GBPUSD,H1: Failed modifying 
0	21:23:14.066	trend_dtrader GBPUSD,H1: Failed modifying 
0	21:23:15.067	trend_dtrader GBPUSD,H1: Failed modifying 
0	21:23:16.067	trend_dtrader GBPUSD,H1: Failed modifying 
0	21:23:17.067	trend_dtrader GBPUSD,H1: Failed modifying 
0	21:23:18.067	trend_dtrader GBPUSD,H1: Failed modifying 
0	21:23:19.067	trend_dtrader GBPUSD,H1: Failed modifying 
0	21:23:20.067	trend_dtrader GBPUSD,H1: Failed modifying 
0	21:23:21.070	trend_dtrader GBPUSD,H1: Failed modifying 
0	21:23:22.066	trend_dtrader GBPUSD,H1: Failed modifying 
0	21:23:23.066	trend_dtrader GBPUSD,H1: Failed modifying 
0	21:23:24.065	trend_dtrader GBPUSD,H1: Failed modifying 
0	21:23:25.070	trend_dtrader GBPUSD,H1: Failed modifying 
0	21:23:26.066	trend_dtrader GBPUSD,H1: Failed modifying 
0	21:23:27.066	trend_dtrader GBPUSD,H1: Failed modifying 
0	21:23:28.066	trend_dtrader GBPUSD,H1: Failed modifying 
0	21:23:29.066	trend_dtrader GBPUSD,H1: Failed modifying 
0	21:23:30.066	trend_dtrader GBPUSD,H1: Failed modifying 
0	21:23:31.065	trend_dtrader GBPUSD,H1: Failed modifying 
0	21:23:32.066	trend_dtrader GBPUSD,H1: Failed modifying 
0	21:23:33.067	trend_dtrader GBPUSD,H1: Failed modifying 
0	21:23:34.066	trend_dtrader GBPUSD,H1: Failed modifying 
0	21:23:35.065	trend_dtrader GBPUSD,H1: Failed modifying 
0	21:23:36.066	trend_dtrader GBPUSD,H1: Failed modifying 
0	21:23:37.067	trend_dtrader GBPUSD,H1: Failed modifying 
0	21:23:38.066	trend_dtrader GBPUSD,H1: Failed modifying 
0	21:23:39.072	trend_dtrader GBPUSD,H1: Failed modifying 
0	21:23:40.066	trend_dtrader GBPUSD,H1: Failed modifying 
0	21:23:41.066	trend_dtrader GBPUSD,H1: Failed modifying 
0	21:23:42.066	trend_dtrader GBPUSD,H1: Failed modifying 
0	21:23:43.065	trend_dtrader GBPUSD,H1: Failed modifying 
0	21:23:44.065	trend_dtrader GBPUSD,H1: Failed modifying 
0	21:23:45.065	trend_dtrader GBPUSD,H1: Failed modifying 
0	21:23:46.066	trend_dtrader GBPUSD,H1: Failed modifying 
0	21:23:47.066	trend_dtrader GBPUSD,H1: Failed modifying 
0	21:23:48.065	trend_dtrader GBPUSD,H1: Failed modifying 
0	21:23:49.065	trend_dtrader GBPUSD,H1: Failed modifying 
0	21:23:50.065	trend_dtrader GBPUSD,H1: Failed modifying 
0	21:23:51.065	trend_dtrader GBPUSD,H1: Failed modifying 
0	21:23:52.065	trend_dtrader GBPUSD,H1: Failed modifying 
0	21:23:53.065	trend_dtrader GBPUSD,H1: Failed modifying 
0	21:23:54.065	trend_dtrader GBPUSD,H1: Failed modifying 
0	21:23:55.070	trend_dtrader GBPUSD,H1: Failed modifying 
0	21:23:56.066	trend_dtrader GBPUSD,H1: Failed modifying 
0	21:23:57.065	trend_dtrader GBPUSD,H1: Failed modifying 
0	21:23:58.066	trend_dtrader GBPUSD,H1: Failed modifying 
0	21:23:59.064	trend_dtrader GBPUSD,H1: Failed modifying 
0	21:24:00.066	trend_dtrader GBPUSD,H1: Failed modifying 
0	21:24:01.064	trend_dtrader GBPUSD,H1: Failed modifying 
0	21:24:02.067	trend_dtrader GBPUSD,H1: Failed modifying 
0	21:24:03.065	trend_dtrader GBPUSD,H1: Failed modifying 
0	21:24:04.066	trend_dtrader GBPUSD,H1: Failed modifying 
0	21:24:05.066	trend_dtrader GBPUSD,H1: Failed modifying 
0	21:24:06.064	trend_dtrader GBPUSD,H1: Failed modifying 
0	21:24:07.065	trend_dtrader GBPUSD,H1: Failed modifying 
0	21:24:08.065	trend_dtrader GBPUSD,H1: Failed modifying 
0	21:24:09.065	trend_dtrader GBPUSD,H1: Failed modifying 
0	21:24:10.064	trend_dtrader GBPUSD,H1: Failed modifying 
0	21:24:11.065	trend_dtrader GBPUSD,H1: Failed modifying 
0	21:24:12.065	trend_dtrader GBPUSD,H1: Failed modifying 
0	21:24:13.064	trend_dtrader GBPUSD,H1: Failed modifying 
0	21:24:14.065	trend_dtrader GBPUSD,H1: Failed modifying 
0	21:24:15.064	trend_dtrader GBPUSD,H1: Failed modifying 
0	21:24:16.064	trend_dtrader GBPUSD,H1: Failed modifying 
0	21:24:17.064	trend_dtrader GBPUSD,H1: Failed modifying 
0	21:24:18.065	trend_dtrader GBPUSD,H1: Failed modifying 
0	21:24:19.064	trend_dtrader GBPUSD,H1: Failed modifying 
0	21:24:20.065	trend_dtrader GBPUSD,H1: Failed modifying 
0	21:24:21.064	trend_dtrader GBPUSD,H1: Failed modifying 
0	21:24:22.065	trend_dtrader GBPUSD,H1: Failed modifying 
0	21:24:23.065	trend_dtrader GBPUSD,H1: Failed modifying 
0	21:24:24.064	trend_dtrader GBPUSD,H1: Failed modifying 
0	21:24:25.064	trend_dtrader GBPUSD,H1: Failed modifying 
0	21:24:26.064	trend_dtrader GBPUSD,H1: Failed modifying 
0	21:24:27.064	trend_dtrader GBPUSD,H1: Failed modifying 
0	21:24:28.064	trend_dtrader GBPUSD,H1: Failed modifying 
0	21:24:29.064	trend_dtrader GBPUSD,H1: Failed modifying 
0	21:24:30.065	trend_dtrader GBPUSD,H1: Failed modifying 
0	21:24:31.064	trend_dtrader GBPUSD,H1: Failed modifying 
0	21:24:32.063	trend_dtrader GBPUSD,H1: Failed modifying 
0	21:24:33.064	trend_dtrader GBPUSD,H1: Failed modifying 
0	21:24:34.064	trend_dtrader GBPUSD,H1: Failed modifying 
0	21:24:35.064	trend_dtrader GBPUSD,H1: Failed modifying 
0	21:24:36.063	trend_dtrader GBPUSD,H1: Failed modifying 
0	21:24:37.064	trend_dtrader GBPUSD,H1: Failed modifying 
0	21:24:38.063	trend_dtrader GBPUSD,H1: Failed modifying 
0	21:24:39.064	trend_dtrader GBPUSD,H1: Failed modifying 
0	21:24:40.063	trend_dtrader GBPUSD,H1: Failed modifying 
0	21:24:41.063	trend_dtrader GBPUSD,H1: Failed modifying 
0	21:24:42.063	trend_dtrader GBPUSD,H1: Failed modifying 
0	21:24:43.064	trend_dtrader GBPUSD,H1: Failed modifying 
0	21:24:44.063	trend_dtrader GBPUSD,H1: Failed modifying 
0	21:24:45.064	trend_dtrader GBPUSD,H1: Failed modifying 
0	21:24:46.062	trend_dtrader GBPUSD,H1: Failed modifying 
0	21:24:47.063	trend_dtrader GBPUSD,H1: Failed modifying 
0	21:24:48.063	trend_dtrader GBPUSD,H1: Failed modifying 
0	21:24:49.063	trend_dtrader GBPUSD,H1: Failed modifying 
0	21:24:50.063	trend_dtrader GBPUSD,H1: Failed modifying 
0	21:24:51.063	trend_dtrader GBPUSD,H1: Failed modifying 
0	21:24:52.063	trend_dtrader GBPUSD,H1: Failed modifying 
0	21:24:53.063	trend_dtrader GBPUSD,H1: Failed modifying 
0	21:24:54.063	trend_dtrader GBPUSD,H1: Failed modifying 
0	21:24:55.062	trend_dtrader GBPUSD,H1: Failed modifying 
0	21:24:56.063	trend_dtrader GBPUSD,H1: Failed modifying 
0	21:24:57.062	trend_dtrader GBPUSD,H1: Failed modifying 
0	21:24:58.064	trend_dtrader GBPUSD,H1: Failed modifying 
0	21:24:59.063	trend_dtrader GBPUSD,H1: Failed modifying 
0	21:25:00.062	trend_dtrader GBPUSD,H1: Failed modifying 
0	21:25:01.063	trend_dtrader GBPUSD,H1: Failed modifying 
0	21:25:02.062	trend_dtrader GBPUSD,H1: Failed modifying 
0	21:25:03.063	trend_dtrader GBPUSD,H1: Failed modifying 
0	21:25:04.063	trend_dtrader GBPUSD,H1: Failed modifying 
0	21:25:05.062	trend_dtrader GBPUSD,H1: Failed modifying 
0	21:25:06.062	trend_dtrader GBPUSD,H1: Failed modifying 
0	21:25:07.062	trend_dtrader GBPUSD,H1: Failed modifying 
0	21:25:08.062	trend_dtrader GBPUSD,H1: Failed modifying 
0	21:25:09.062	trend_dtrader GBPUSD,H1: Failed modifying 
0	21:25:10.062	trend_dtrader GBPUSD,H1: Failed modifying 
0	21:25:11.063	trend_dtrader GBPUSD,H1: Failed modifying 
0	21:25:12.062	trend_dtrader GBPUSD,H1: Failed modifying 
0	21:25:13.063	trend_dtrader GBPUSD,H1: Failed modifying 
0	21:25:14.062	trend_dtrader GBPUSD,H1: Failed modifying 
0	21:25:15.062	trend_dtrader GBPUSD,H1: Failed modifying 
0	21:25:16.062	trend_dtrader GBPUSD,H1: Failed modifying 
0	21:25:17.062	trend_dtrader GBPUSD,H1: Failed modifying 
0	21:25:18.062	trend_dtrader GBPUSD,H1: Failed modifying 
0	21:25:19.062	trend_dtrader GBPUSD,H1: Failed modifying 
0	21:25:20.063	trend_dtrader GBPUSD,H1: Failed modifying 
0	21:25:21.062	trend_dtrader GBPUSD,H1: Failed modifying 
0	21:25:22.062	trend_dtrader GBPUSD,H1: Failed modifying 
0	21:25:23.062	trend_dtrader GBPUSD,H1: Failed modifying 
0	21:25:24.062	trend_dtrader GBPUSD,H1: Failed modifying 
0	21:25:25.061	trend_dtrader GBPUSD,H1: Failed modifying 
0	21:25:26.062	trend_dtrader GBPUSD,H1: Failed modifying 
0	21:25:27.062	trend_dtrader GBPUSD,H1: Failed modifying 
0	21:25:28.062	trend_dtrader GBPUSD,H1: Failed modifying 
0	21:25:29.061	trend_dtrader GBPUSD,H1: Failed modifying 
0	21:25:46.061	trend_dtrader GBPUSD,H1: Failed modifying 
0	21:25:47.062	trend_dtrader GBPUSD,H1: Failed modifying 
0	21:25:48.061	trend_dtrader GBPUSD,H1: Failed modifying 
0	21:25:49.061	trend_dtrader GBPUSD,H1: Failed modifying 
0	21:25:50.060	trend_dtrader GBPUSD,H1: Failed modifying 
0	21:25:51.060	trend_dtrader GBPUSD,H1: Failed modifying 
0	21:25:52.061	trend_dtrader GBPUSD,H1: Failed modifying 
0	21:25:53.060	trend_dtrader GBPUSD,H1: Failed modifying 
0	21:25:54.061	trend_dtrader GBPUSD,H1: Failed modifying 
0	21:25:55.060	trend_dtrader GBPUSD,H1: Failed modifying 
0	21:25:56.061	trend_dtrader GBPUSD,H1: Failed modifying 
0	21:25:57.060	trend_dtrader GBPUSD,H1: Failed modifying 
0	21:25:58.060	trend_dtrader GBPUSD,H1: Failed modifying 
0	21:25:59.061	trend_dtrader GBPUSD,H1: Failed modifying 
0	21:40:40.027	trend_dtrader GBPUSD,H1: Alert: Please check your internet connection
0	21:40:41.027	trend_dtrader GBPUSD,H1: Alert: Please check your internet connection
0	22:02:24.988	trend_dtrader GBPUSD,H1: Failed modifying 
0	22:02:25.988	trend_dtrader GBPUSD,H1: Failed modifying 
0	22:02:26.988	trend_dtrader GBPUSD,H1: Failed modifying 
0	22:02:27.988	trend_dtrader GBPUSD,H1: Failed modifying 
0	22:02:28.988	trend_dtrader GBPUSD,H1: Failed modifying 
0	22:02:29.988	trend_dtrader GBPUSD,H1: Failed modifying 
0	22:02:30.988	trend_dtrader GBPUSD,H1: Failed modifying 
0	22:02:31.988	trend_dtrader GBPUSD,H1: Failed modifying 
0	22:02:32.988	trend_dtrader GBPUSD,H1: Failed modifying 
0	22:02:33.988	trend_dtrader GBPUSD,H1: Failed modifying 
0	22:02:34.988	trend_dtrader GBPUSD,H1: Failed modifying 
0	22:02:35.987	trend_dtrader GBPUSD,H1: Failed modifying 
0	22:05:09.982	trend_dtrader GBPUSD,H1: Failed modifying 
0	22:05:10.982	trend_dtrader GBPUSD,H1: Failed modifying 
0	22:05:11.982	trend_dtrader GBPUSD,H1: Failed modifying 
0	22:05:12.981	trend_dtrader GBPUSD,H1: Failed modifying 
0	22:05:13.982	trend_dtrader GBPUSD,H1: Failed modifying 
0	22:05:14.982	trend_dtrader GBPUSD,H1: Failed modifying 
0	22:05:15.982	trend_dtrader GBPUSD,H1: Failed modifying 
0	22:05:16.981	trend_dtrader GBPUSD,H1: Failed modifying 
0	22:05:17.982	trend_dtrader GBPUSD,H1: Failed modifying 
0	22:05:18.981	trend_dtrader GBPUSD,H1: Failed modifying 
0	22:05:19.982	trend_dtrader GBPUSD,H1: Failed modifying 
0	22:05:20.981	trend_dtrader GBPUSD,H1: Failed modifying 
0	22:05:21.982	trend_dtrader GBPUSD,H1: Failed modifying 
0	22:05:22.981	trend_dtrader GBPUSD,H1: Failed modifying 
0	22:05:23.982	trend_dtrader GBPUSD,H1: Failed modifying 
0	22:05:24.982	trend_dtrader GBPUSD,H1: Failed modifying 
0	22:05:25.981	trend_dtrader GBPUSD,H1: Failed modifying 
0	22:05:26.981	trend_dtrader GBPUSD,H1: Failed modifying 
0	22:05:27.981	trend_dtrader GBPUSD,H1: Failed modifying 
0	22:05:28.982	trend_dtrader GBPUSD,H1: Failed modifying 
0	22:05:29.981	trend_dtrader GBPUSD,H1: Failed modifying 
0	22:05:30.981	trend_dtrader GBPUSD,H1: Failed modifying 
0	22:05:31.982	trend_dtrader GBPUSD,H1: Failed modifying 
0	22:05:32.981	trend_dtrader GBPUSD,H1: Failed modifying 
0	22:05:33.981	trend_dtrader GBPUSD,H1: Failed modifying 
0	22:05:34.981	trend_dtrader GBPUSD,H1: Failed modifying 
0	22:05:35.981	trend_dtrader GBPUSD,H1: Failed modifying 
0	22:05:36.982	trend_dtrader GBPUSD,H1: Failed modifying 
0	22:05:37.981	trend_dtrader GBPUSD,H1: Failed modifying 
0	22:05:38.981	trend_dtrader GBPUSD,H1: Failed modifying 
0	22:05:39.980	trend_dtrader GBPUSD,H1: Failed modifying 
0	22:05:40.981	trend_dtrader GBPUSD,H1: Failed modifying 
0	22:05:41.981	trend_dtrader GBPUSD,H1: Failed modifying 
0	22:05:42.981	trend_dtrader GBPUSD,H1: Failed modifying 
0	22:05:43.981	trend_dtrader GBPUSD,H1: Failed modifying 
0	22:05:44.981	trend_dtrader GBPUSD,H1: Failed modifying 
0	22:05:45.981	trend_dtrader GBPUSD,H1: Failed modifying 
0	22:05:46.981	trend_dtrader GBPUSD,H1: Failed modifying 
0	22:05:47.980	trend_dtrader GBPUSD,H1: Failed modifying 
0	22:05:48.994	trend_dtrader GBPUSD,H1: Failed modifying 
0	22:05:49.981	trend_dtrader GBPUSD,H1: Failed modifying 
0	22:05:50.980	trend_dtrader GBPUSD,H1: Failed modifying 
0	22:05:51.980	trend_dtrader GBPUSD,H1: Failed modifying 
0	22:05:52.981	trend_dtrader GBPUSD,H1: Failed modifying 
0	22:05:53.981	trend_dtrader GBPUSD,H1: Failed modifying 
0	22:05:54.980	trend_dtrader GBPUSD,H1: Failed modifying 
0	22:05:55.980	trend_dtrader GBPUSD,H1: Failed modifying 
0	22:05:56.980	trend_dtrader GBPUSD,H1: Failed modifying 
0	22:05:57.981	trend_dtrader GBPUSD,H1: Failed modifying 
0	22:05:58.980	trend_dtrader GBPUSD,H1: Failed modifying 
0	22:05:59.981	trend_dtrader GBPUSD,H1: Failed modifying 
0	22:06:00.981	trend_dtrader GBPUSD,H1: Failed modifying 
0	22:06:01.983	trend_dtrader GBPUSD,H1: Failed modifying 
0	22:06:02.980	trend_dtrader GBPUSD,H1: Failed modifying 
0	22:06:03.980	trend_dtrader GBPUSD,H1: Failed modifying 
0	22:06:04.981	trend_dtrader GBPUSD,H1: Failed modifying 
0	22:06:05.980	trend_dtrader GBPUSD,H1: Failed modifying 
0	22:06:06.980	trend_dtrader GBPUSD,H1: Failed modifying 
0	22:06:07.979	trend_dtrader GBPUSD,H1: Failed modifying 
0	22:06:08.979	trend_dtrader GBPUSD,H1: Failed modifying 
0	22:06:09.980	trend_dtrader GBPUSD,H1: Failed modifying 
0	22:06:10.979	trend_dtrader GBPUSD,H1: Failed modifying 
0	22:06:11.980	trend_dtrader GBPUSD,H1: Failed modifying 
0	22:06:12.979	trend_dtrader GBPUSD,H1: Failed modifying 
0	22:06:13.980	trend_dtrader GBPUSD,H1: Failed modifying 
0	22:06:14.979	trend_dtrader GBPUSD,H1: Failed modifying 
0	22:06:15.979	trend_dtrader GBPUSD,H1: Failed modifying 
0	22:06:16.980	trend_dtrader GBPUSD,H1: Failed modifying 
0	22:06:17.980	trend_dtrader GBPUSD,H1: Failed modifying 
0	22:06:18.979	trend_dtrader GBPUSD,H1: Failed modifying 
0	22:06:19.979	trend_dtrader GBPUSD,H1: Failed modifying 
0	22:06:20.980	trend_dtrader GBPUSD,H1: Failed modifying 
0	22:06:21.979	trend_dtrader GBPUSD,H1: Failed modifying 
0	22:06:22.980	trend_dtrader GBPUSD,H1: Failed modifying 
0	22:06:23.979	trend_dtrader GBPUSD,H1: Failed modifying 
0	22:06:24.979	trend_dtrader GBPUSD,H1: Failed modifying 
0	22:06:25.979	trend_dtrader GBPUSD,H1: Failed modifying 
0	22:06:26.979	trend_dtrader GBPUSD,H1: Failed modifying 
0	22:06:27.979	trend_dtrader GBPUSD,H1: Failed modifying 
0	22:06:28.979	trend_dtrader GBPUSD,H1: Failed modifying 
0	22:06:29.979	trend_dtrader GBPUSD,H1: Failed modifying 
0	22:06:30.979	trend_dtrader GBPUSD,H1: Failed modifying 
0	22:06:31.978	trend_dtrader GBPUSD,H1: Failed modifying 
0	22:06:32.979	trend_dtrader GBPUSD,H1: Failed modifying 
0	22:06:33.979	trend_dtrader GBPUSD,H1: Failed modifying 
0	22:06:34.978	trend_dtrader GBPUSD,H1: Failed modifying 
0	22:06:35.979	trend_dtrader GBPUSD,H1: Failed modifying 
0	22:06:36.979	trend_dtrader GBPUSD,H1: Failed modifying 
0	22:06:37.978	trend_dtrader GBPUSD,H1: Failed modifying 
0	22:06:38.916	trend_dtrader GBPUSD,H1: Failed modifying 
0	22:06:39.916	trend_dtrader GBPUSD,H1: Failed modifying 
0	22:06:40.916	trend_dtrader GBPUSD,H1: Failed modifying 
0	22:06:41.916	trend_dtrader GBPUSD,H1: Failed modifying 
0	22:06:42.916	trend_dtrader GBPUSD,H1: Failed modifying 
0	22:06:43.916	trend_dtrader GBPUSD,H1: Failed modifying 
0	22:06:44.915	trend_dtrader GBPUSD,H1: Failed modifying 
0	22:06:45.915	trend_dtrader GBPUSD,H1: Failed modifying 
0	22:06:46.915	trend_dtrader GBPUSD,H1: Failed modifying 
0	22:06:47.916	trend_dtrader GBPUSD,H1: Failed modifying 
0	22:06:48.915	trend_dtrader GBPUSD,H1: Failed modifying 
0	22:06:49.915	trend_dtrader GBPUSD,H1: Failed modifying 
0	22:06:50.916	trend_dtrader GBPUSD,H1: Failed modifying 
0	22:06:51.915	trend_dtrader GBPUSD,H1: Failed modifying 
0	22:06:52.916	trend_dtrader GBPUSD,H1: Failed modifying 
0	22:06:53.915	trend_dtrader GBPUSD,H1: Failed modifying 
0	22:06:54.915	trend_dtrader GBPUSD,H1: Failed modifying 
0	22:06:55.915	trend_dtrader GBPUSD,H1: Failed modifying 
0	22:06:56.915	trend_dtrader GBPUSD,H1: Failed modifying 
0	22:06:57.915	trend_dtrader GBPUSD,H1: Failed modifying 
0	22:06:58.916	trend_dtrader GBPUSD,H1: Failed modifying 
0	22:06:59.915	trend_dtrader GBPUSD,H1: Failed modifying 
0	22:07:00.915	trend_dtrader GBPUSD,H1: Failed modifying 
0	22:07:01.915	trend_dtrader GBPUSD,H1: Failed modifying 
0	22:07:02.915	trend_dtrader GBPUSD,H1: Failed modifying 
0	22:07:03.914	trend_dtrader GBPUSD,H1: Failed modifying 
0	22:07:04.915	trend_dtrader GBPUSD,H1: Failed modifying 
0	22:07:05.915	trend_dtrader GBPUSD,H1: Failed modifying 
0	22:07:06.922	trend_dtrader GBPUSD,H1: Failed modifying 
0	22:07:07.914	trend_dtrader GBPUSD,H1: Failed modifying 
0	22:07:08.928	trend_dtrader GBPUSD,H1: Failed modifying 
0	22:07:09.915	trend_dtrader GBPUSD,H1: Failed modifying 
0	22:07:10.915	trend_dtrader GBPUSD,H1: Failed modifying 
0	22:07:11.914	trend_dtrader GBPUSD,H1: Failed modifying 
0	22:07:12.915	trend_dtrader GBPUSD,H1: Failed modifying 
0	22:07:13.914	trend_dtrader GBPUSD,H1: Failed modifying 
0	22:07:14.914	trend_dtrader GBPUSD,H1: Failed modifying 
0	22:07:15.914	trend_dtrader GBPUSD,H1: Failed modifying 
0	22:07:16.914	trend_dtrader GBPUSD,H1: Failed modifying 
0	22:07:17.914	trend_dtrader GBPUSD,H1: Failed modifying 
0	22:07:18.914	trend_dtrader GBPUSD,H1: Failed modifying 
0	22:07:19.915	trend_dtrader GBPUSD,H1: Failed modifying 
0	22:07:20.914	trend_dtrader GBPUSD,H1: Failed modifying 
0	22:07:21.914	trend_dtrader GBPUSD,H1: Failed modifying 
0	22:07:22.914	trend_dtrader GBPUSD,H1: Failed modifying 
0	22:07:23.914	trend_dtrader GBPUSD,H1: Failed modifying 
0	22:07:24.914	trend_dtrader GBPUSD,H1: Failed modifying 
0	22:07:25.913	trend_dtrader GBPUSD,H1: Failed modifying 
0	22:07:26.913	trend_dtrader GBPUSD,H1: Failed modifying 
0	22:07:27.914	trend_dtrader GBPUSD,H1: Failed modifying 
0	22:07:28.914	trend_dtrader GBPUSD,H1: Failed modifying 
0	22:07:29.914	trend_dtrader GBPUSD,H1: Failed modifying 
0	22:07:30.914	trend_dtrader GBPUSD,H1: Failed modifying 
0	22:07:31.914	trend_dtrader GBPUSD,H1: Failed modifying 
0	22:07:32.913	trend_dtrader GBPUSD,H1: Failed modifying 
0	22:07:33.914	trend_dtrader GBPUSD,H1: Failed modifying 
0	22:07:34.913	trend_dtrader GBPUSD,H1: Failed modifying 
0	22:07:35.913	trend_dtrader GBPUSD,H1: Failed modifying 
0	22:07:36.913	trend_dtrader GBPUSD,H1: Failed modifying 
0	22:07:37.913	trend_dtrader GBPUSD,H1: Failed modifying 
0	22:07:38.913	trend_dtrader GBPUSD,H1: Failed modifying 
0	22:07:39.913	trend_dtrader GBPUSD,H1: Failed modifying 
0	22:07:40.913	trend_dtrader GBPUSD,H1: Failed modifying 
0	22:07:41.913	trend_dtrader GBPUSD,H1: Failed modifying 
0	22:07:42.914	trend_dtrader GBPUSD,H1: Failed modifying 
0	22:07:43.913	trend_dtrader GBPUSD,H1: Failed modifying 
0	22:07:44.913	trend_dtrader GBPUSD,H1: Failed modifying 
0	22:07:45.913	trend_dtrader GBPUSD,H1: Failed modifying 
0	22:07:46.912	trend_dtrader GBPUSD,H1: Failed modifying 
0	22:07:47.913	trend_dtrader GBPUSD,H1: Failed modifying 
0	22:07:48.913	trend_dtrader GBPUSD,H1: Failed modifying 
0	22:07:49.913	trend_dtrader GBPUSD,H1: Failed modifying 
0	22:07:50.913	trend_dtrader GBPUSD,H1: Failed modifying 
0	22:07:51.913	trend_dtrader GBPUSD,H1: Failed modifying 
0	22:07:52.913	trend_dtrader GBPUSD,H1: Failed modifying 
0	22:07:53.912	trend_dtrader GBPUSD,H1: Failed modifying 
0	22:07:54.913	trend_dtrader GBPUSD,H1: Failed modifying 
0	22:07:55.913	trend_dtrader GBPUSD,H1: Failed modifying 
0	22:07:56.913	trend_dtrader GBPUSD,H1: Failed modifying 
0	22:07:57.913	trend_dtrader GBPUSD,H1: Failed modifying 
0	22:07:58.913	trend_dtrader GBPUSD,H1: Failed modifying 
0	22:07:59.913	trend_dtrader GBPUSD,H1: Failed modifying 
0	22:08:00.912	trend_dtrader GBPUSD,H1: Failed modifying 
0	22:08:01.912	trend_dtrader GBPUSD,H1: Failed modifying 
0	22:08:02.913	trend_dtrader GBPUSD,H1: Failed modifying 
0	22:08:03.912	trend_dtrader GBPUSD,H1: Failed modifying 
0	22:08:04.912	trend_dtrader GBPUSD,H1: Failed modifying 
0	22:08:05.912	trend_dtrader GBPUSD,H1: Failed modifying 
0	22:08:06.912	trend_dtrader GBPUSD,H1: Failed modifying 
0	22:08:07.912	trend_dtrader GBPUSD,H1: Failed modifying 
0	22:08:08.911	trend_dtrader GBPUSD,H1: Failed modifying 
0	22:08:09.911	trend_dtrader GBPUSD,H1: Failed modifying 
0	22:08:10.911	trend_dtrader GBPUSD,H1: Failed modifying 
0	22:08:11.911	trend_dtrader GBPUSD,H1: Failed modifying 
0	22:08:12.911	trend_dtrader GBPUSD,H1: Failed modifying 
0	22:08:13.912	trend_dtrader GBPUSD,H1: Failed modifying 
0	22:08:14.912	trend_dtrader GBPUSD,H1: Failed modifying 
0	22:08:15.912	trend_dtrader GBPUSD,H1: Failed modifying 
0	22:08:16.912	trend_dtrader GBPUSD,H1: Failed modifying 
0	22:08:17.912	trend_dtrader GBPUSD,H1: Failed modifying 
0	22:08:18.911	trend_dtrader GBPUSD,H1: Failed modifying 
0	22:08:19.912	trend_dtrader GBPUSD,H1: Failed modifying 
0	22:08:20.911	trend_dtrader GBPUSD,H1: Failed modifying 
0	22:08:21.911	trend_dtrader GBPUSD,H1: Failed modifying 
0	22:08:22.911	trend_dtrader GBPUSD,H1: Failed modifying 
0	22:08:23.911	trend_dtrader GBPUSD,H1: Failed modifying 
0	22:08:24.911	trend_dtrader GBPUSD,H1: Failed modifying 
0	22:08:25.911	trend_dtrader GBPUSD,H1: Failed modifying 
0	22:08:26.911	trend_dtrader GBPUSD,H1: Failed modifying 
0	22:08:27.911	trend_dtrader GBPUSD,H1: Failed modifying 
0	22:08:28.911	trend_dtrader GBPUSD,H1: Failed modifying 
0	22:08:29.911	trend_dtrader GBPUSD,H1: Failed modifying 
0	22:08:30.911	trend_dtrader GBPUSD,H1: Failed modifying 
0	22:08:31.911	trend_dtrader GBPUSD,H1: Failed modifying 
0	22:08:32.911	trend_dtrader GBPUSD,H1: Failed modifying 
0	22:08:33.910	trend_dtrader GBPUSD,H1: Failed modifying 
0	22:08:34.911	trend_dtrader GBPUSD,H1: Failed modifying 
0	22:08:35.911	trend_dtrader GBPUSD,H1: Failed modifying 
0	22:08:36.912	trend_dtrader GBPUSD,H1: Failed modifying 
0	22:08:37.911	trend_dtrader GBPUSD,H1: Failed modifying 
0	22:08:38.911	trend_dtrader GBPUSD,H1: Failed modifying 
0	22:08:39.910	trend_dtrader GBPUSD,H1: Failed modifying 
0	22:08:40.911	trend_dtrader GBPUSD,H1: Failed modifying 
0	22:08:41.911	trend_dtrader GBPUSD,H1: Failed modifying 
0	22:08:42.910	trend_dtrader GBPUSD,H1: Failed modifying 
0	22:08:43.911	trend_dtrader GBPUSD,H1: Failed modifying 
0	22:08:44.911	trend_dtrader GBPUSD,H1: Failed modifying 
0	22:08:45.910	trend_dtrader GBPUSD,H1: Failed modifying 
0	22:08:46.910	trend_dtrader GBPUSD,H1: Failed modifying 
0	22:08:47.910	trend_dtrader GBPUSD,H1: Failed modifying 
0	22:08:48.911	trend_dtrader GBPUSD,H1: Failed modifying 
0	22:08:49.909	trend_dtrader GBPUSD,H1: Failed modifying 
0	22:08:50.910	trend_dtrader GBPUSD,H1: Failed modifying 
0	22:08:51.911	trend_dtrader GBPUSD,H1: Failed modifying 
0	22:08:52.910	trend_dtrader GBPUSD,H1: Failed modifying 
0	22:08:53.909	trend_dtrader GBPUSD,H1: Failed modifying 
0	22:08:54.910	trend_dtrader GBPUSD,H1: Failed modifying 
0	22:08:55.910	trend_dtrader GBPUSD,H1: Failed modifying 
0	22:08:56.910	trend_dtrader GBPUSD,H1: Failed modifying 
0	22:08:57.910	trend_dtrader GBPUSD,H1: Failed modifying 
0	22:08:58.910	trend_dtrader GBPUSD,H1: Failed modifying 
0	22:08:59.909	trend_dtrader GBPUSD,H1: Failed modifying 
0	22:09:00.909	trend_dtrader GBPUSD,H1: Failed modifying 
0	22:09:01.909	trend_dtrader GBPUSD,H1: Failed modifying 
0	22:09:02.909	trend_dtrader GBPUSD,H1: Failed modifying 
0	22:09:03.909	trend_dtrader GBPUSD,H1: Failed modifying 
0	22:09:04.909	trend_dtrader GBPUSD,H1: Failed modifying 
0	22:09:05.909	trend_dtrader GBPUSD,H1: Failed modifying 
0	22:09:06.910	trend_dtrader GBPUSD,H1: Failed modifying 
0	22:09:07.909	trend_dtrader GBPUSD,H1: Failed modifying 
0	22:09:08.909	trend_dtrader GBPUSD,H1: Failed modifying 
0	22:09:09.909	trend_dtrader GBPUSD,H1: Failed modifying 
0	22:09:10.909	trend_dtrader GBPUSD,H1: Failed modifying 
0	22:09:11.909	trend_dtrader GBPUSD,H1: Failed modifying 
0	22:09:12.910	trend_dtrader GBPUSD,H1: Failed modifying 
0	22:09:13.909	trend_dtrader GBPUSD,H1: Failed modifying 
0	22:09:14.909	trend_dtrader GBPUSD,H1: Failed modifying 
0	22:09:15.909	trend_dtrader GBPUSD,H1: Failed modifying 
0	22:09:16.908	trend_dtrader GBPUSD,H1: Failed modifying 
0	22:09:17.909	trend_dtrader GBPUSD,H1: Failed modifying 
0	22:09:18.909	trend_dtrader GBPUSD,H1: Failed modifying 
0	22:09:19.909	trend_dtrader GBPUSD,H1: Failed modifying 
0	22:09:20.909	trend_dtrader GBPUSD,H1: Failed modifying 
0	22:09:21.908	trend_dtrader GBPUSD,H1: Failed modifying 
0	22:09:22.909	trend_dtrader GBPUSD,H1: Failed modifying 
0	22:09:23.908	trend_dtrader GBPUSD,H1: Failed modifying 
0	22:09:24.909	trend_dtrader GBPUSD,H1: Failed modifying 
0	22:09:25.908	trend_dtrader GBPUSD,H1: Failed modifying 
0	22:09:26.909	trend_dtrader GBPUSD,H1: Failed modifying 
0	22:09:27.909	trend_dtrader GBPUSD,H1: Failed modifying 
0	22:09:28.909	trend_dtrader GBPUSD,H1: Failed modifying 
0	22:09:29.908	trend_dtrader GBPUSD,H1: Failed modifying 
0	22:09:30.909	trend_dtrader GBPUSD,H1: Failed modifying 
0	22:09:31.908	trend_dtrader GBPUSD,H1: Failed modifying 
0	22:09:32.908	trend_dtrader GBPUSD,H1: Failed modifying 
0	22:09:33.909	trend_dtrader GBPUSD,H1: Failed modifying 
0	22:09:34.908	trend_dtrader GBPUSD,H1: Failed modifying 
0	22:09:35.908	trend_dtrader GBPUSD,H1: Failed modifying 
0	22:09:36.909	trend_dtrader GBPUSD,H1: Failed modifying 
0	22:09:37.908	trend_dtrader GBPUSD,H1: Failed modifying 
0	22:09:38.908	trend_dtrader GBPUSD,H1: Failed modifying 
0	22:09:39.908	trend_dtrader GBPUSD,H1: Failed modifying 
0	22:09:40.908	trend_dtrader GBPUSD,H1: Failed modifying 
0	22:09:41.908	trend_dtrader GBPUSD,H1: Failed modifying 
0	22:09:42.908	trend_dtrader GBPUSD,H1: Failed modifying 
0	22:09:43.908	trend_dtrader GBPUSD,H1: Failed modifying 
0	22:09:44.908	trend_dtrader GBPUSD,H1: Failed modifying 
0	22:09:45.908	trend_dtrader GBPUSD,H1: Failed modifying 
0	22:09:46.907	trend_dtrader GBPUSD,H1: Failed modifying 
0	22:09:47.907	trend_dtrader GBPUSD,H1: Failed modifying 
0	22:09:48.908	trend_dtrader GBPUSD,H1: Failed modifying 
0	22:09:49.907	trend_dtrader GBPUSD,H1: Failed modifying 
0	22:09:50.907	trend_dtrader GBPUSD,H1: Failed modifying 
0	22:09:51.908	trend_dtrader GBPUSD,H1: Failed modifying 
0	22:09:52.908	trend_dtrader GBPUSD,H1: Failed modifying 
0	22:09:53.907	trend_dtrader GBPUSD,H1: Failed modifying 
0	22:09:54.907	trend_dtrader GBPUSD,H1: Failed modifying 
0	22:09:55.907	trend_dtrader GBPUSD,H1: Failed modifying 
0	22:09:56.907	trend_dtrader GBPUSD,H1: Failed modifying 
0	22:09:57.908	trend_dtrader GBPUSD,H1: Failed modifying 
0	22:09:58.907	trend_dtrader GBPUSD,H1: Failed modifying 
0	22:09:59.907	trend_dtrader GBPUSD,H1: Failed modifying 
0	22:10:00.908	trend_dtrader GBPUSD,H1: Failed modifying 
0	22:10:01.907	trend_dtrader GBPUSD,H1: Failed modifying 
0	22:10:02.907	trend_dtrader GBPUSD,H1: Failed modifying 
0	22:10:03.906	trend_dtrader GBPUSD,H1: Failed modifying 
0	22:10:04.907	trend_dtrader GBPUSD,H1: Failed modifying 
0	22:10:05.907	trend_dtrader GBPUSD,H1: Failed modifying 
0	22:10:06.907	trend_dtrader GBPUSD,H1: Failed modifying 
0	22:10:07.907	trend_dtrader GBPUSD,H1: Failed modifying 
0	22:10:08.907	trend_dtrader GBPUSD,H1: Failed modifying 
0	22:10:09.906	trend_dtrader GBPUSD,H1: Failed modifying 
0	22:10:10.907	trend_dtrader GBPUSD,H1: Failed modifying 
0	22:10:11.906	trend_dtrader GBPUSD,H1: Failed modifying 
0	22:10:12.906	trend_dtrader GBPUSD,H1: Failed modifying 
0	22:10:13.906	trend_dtrader GBPUSD,H1: Failed modifying 
0	22:10:14.906	trend_dtrader GBPUSD,H1: Failed modifying 
0	22:10:15.906	trend_dtrader GBPUSD,H1: Failed modifying 
0	22:10:16.906	trend_dtrader GBPUSD,H1: Failed modifying 
0	22:10:17.914	trend_dtrader GBPUSD,H1: Failed modifying 
0	22:10:18.906	trend_dtrader GBPUSD,H1: Failed modifying 
0	22:10:19.906	trend_dtrader GBPUSD,H1: Failed modifying 
0	22:10:20.906	trend_dtrader GBPUSD,H1: Failed modifying 
0	22:10:21.906	trend_dtrader GBPUSD,H1: Failed modifying 
0	22:10:22.906	trend_dtrader GBPUSD,H1: Failed modifying 
0	22:10:23.905	trend_dtrader GBPUSD,H1: Failed modifying 
0	22:10:24.905	trend_dtrader GBPUSD,H1: Failed modifying 
0	22:10:25.906	trend_dtrader GBPUSD,H1: Failed modifying 
0	22:10:26.906	trend_dtrader GBPUSD,H1: Failed modifying 
0	22:10:27.906	trend_dtrader GBPUSD,H1: Failed modifying 
0	22:10:28.906	trend_dtrader GBPUSD,H1: Failed modifying 
0	22:10:29.905	trend_dtrader GBPUSD,H1: Failed modifying 
0	22:10:30.906	trend_dtrader GBPUSD,H1: Failed modifying 
0	22:10:31.905	trend_dtrader GBPUSD,H1: Failed modifying 
0	22:10:32.905	trend_dtrader GBPUSD,H1: Failed modifying 
0	22:10:33.906	trend_dtrader GBPUSD,H1: Failed modifying 
0	22:10:34.906	trend_dtrader GBPUSD,H1: Failed modifying 
0	22:10:35.905	trend_dtrader GBPUSD,H1: Failed modifying 
0	22:10:36.905	trend_dtrader GBPUSD,H1: Failed modifying 
0	22:10:37.905	trend_dtrader GBPUSD,H1: Failed modifying 
0	22:10:38.905	trend_dtrader GBPUSD,H1: Failed modifying 
0	22:10:39.906	trend_dtrader GBPUSD,H1: Failed modifying 
0	22:10:40.905	trend_dtrader GBPUSD,H1: Failed modifying 
0	22:10:41.905	trend_dtrader GBPUSD,H1: Failed modifying 
0	22:10:42.905	trend_dtrader GBPUSD,H1: Failed modifying 
0	22:10:43.905	trend_dtrader GBPUSD,H1: Failed modifying 
0	22:10:44.905	trend_dtrader GBPUSD,H1: Failed modifying 
0	22:10:45.905	trend_dtrader GBPUSD,H1: Failed modifying 
0	22:10:46.905	trend_dtrader GBPUSD,H1: Failed modifying 
0	22:10:47.905	trend_dtrader GBPUSD,H1: Failed modifying 
0	22:10:48.905	trend_dtrader GBPUSD,H1: Failed modifying 
0	22:10:49.904	trend_dtrader GBPUSD,H1: Failed modifying 
0	22:10:50.905	trend_dtrader GBPUSD,H1: Failed modifying 
0	22:10:51.905	trend_dtrader GBPUSD,H1: Failed modifying 
0	22:10:52.905	trend_dtrader GBPUSD,H1: Failed modifying 
0	22:10:53.905	trend_dtrader GBPUSD,H1: Failed modifying 
0	22:10:54.905	trend_dtrader GBPUSD,H1: Failed modifying 
0	22:10:55.905	trend_dtrader GBPUSD,H1: Failed modifying 
0	22:10:56.904	trend_dtrader GBPUSD,H1: Failed modifying 
0	22:10:57.904	trend_dtrader GBPUSD,H1: Failed modifying 
0	22:10:58.904	trend_dtrader GBPUSD,H1: Failed modifying 
0	22:10:59.905	trend_dtrader GBPUSD,H1: Failed modifying 
0	22:11:00.904	trend_dtrader GBPUSD,H1: Failed modifying 
0	22:11:01.905	trend_dtrader GBPUSD,H1: Failed modifying 
0	22:11:02.904	trend_dtrader GBPUSD,H1: Failed modifying 
0	22:11:03.912	trend_dtrader GBPUSD,H1: Failed modifying 
0	22:11:04.904	trend_dtrader GBPUSD,H1: Failed modifying 
0	22:11:05.904	trend_dtrader GBPUSD,H1: Failed modifying 
0	22:11:06.904	trend_dtrader GBPUSD,H1: Failed modifying 
0	22:11:07.904	trend_dtrader GBPUSD,H1: Failed modifying 
0	22:11:08.904	trend_dtrader GBPUSD,H1: Failed modifying 
0	22:11:09.903	trend_dtrader GBPUSD,H1: Failed modifying 
0	22:11:10.905	trend_dtrader GBPUSD,H1: Failed modifying 
0	22:11:11.903	trend_dtrader GBPUSD,H1: Failed modifying 
0	22:11:12.903	trend_dtrader GBPUSD,H1: Failed modifying 
0	22:11:13.904	trend_dtrader GBPUSD,H1: Failed modifying 
0	22:11:14.903	trend_dtrader GBPUSD,H1: Failed modifying 
0	22:11:15.903	trend_dtrader GBPUSD,H1: Failed modifying 
0	22:11:16.903	trend_dtrader GBPUSD,H1: Failed modifying 
0	22:11:17.904	trend_dtrader GBPUSD,H1: Failed modifying 
0	22:11:18.904	trend_dtrader GBPUSD,H1: Failed modifying 
0	22:11:19.903	trend_dtrader GBPUSD,H1: Failed modifying 
0	22:11:20.903	trend_dtrader GBPUSD,H1: Failed modifying 
0	22:11:21.903	trend_dtrader GBPUSD,H1: Failed modifying 
0	22:11:22.904	trend_dtrader GBPUSD,H1: Failed modifying 
0	22:11:23.903	trend_dtrader GBPUSD,H1: Failed modifying 
0	22:11:24.903	trend_dtrader GBPUSD,H1: Failed modifying 
0	22:11:25.904	trend_dtrader GBPUSD,H1: Failed modifying 
0	22:11:26.903	trend_dtrader GBPUSD,H1: Failed modifying 
0	22:11:27.903	trend_dtrader GBPUSD,H1: Failed modifying 
0	22:11:28.903	trend_dtrader GBPUSD,H1: Failed modifying 
0	22:11:29.903	trend_dtrader GBPUSD,H1: Failed modifying 
0	22:11:30.903	trend_dtrader GBPUSD,H1: Failed modifying 
0	22:11:31.903	trend_dtrader GBPUSD,H1: Failed modifying 
0	22:11:32.902	trend_dtrader GBPUSD,H1: Failed modifying 
0	22:11:33.903	trend_dtrader GBPUSD,H1: Failed modifying 
0	22:11:34.903	trend_dtrader GBPUSD,H1: Failed modifying 
0	22:11:35.903	trend_dtrader GBPUSD,H1: Failed modifying 
0	22:11:36.903	trend_dtrader GBPUSD,H1: Failed modifying 
0	22:11:37.902	trend_dtrader GBPUSD,H1: Failed modifying 
0	22:11:38.903	trend_dtrader GBPUSD,H1: Failed modifying 
0	22:11:39.903	trend_dtrader GBPUSD,H1: Failed modifying 
0	22:11:40.903	trend_dtrader GBPUSD,H1: Failed modifying 
0	22:11:41.903	trend_dtrader GBPUSD,H1: Failed modifying 
0	22:11:42.902	trend_dtrader GBPUSD,H1: Failed modifying 
0	22:11:43.910	trend_dtrader GBPUSD,H1: Failed modifying 
0	22:11:44.902	trend_dtrader GBPUSD,H1: Failed modifying 
0	22:11:45.902	trend_dtrader GBPUSD,H1: Failed modifying 
0	22:11:46.902	trend_dtrader GBPUSD,H1: Failed modifying 
0	22:11:47.903	trend_dtrader GBPUSD,H1: Failed modifying 
0	22:11:48.902	trend_dtrader GBPUSD,H1: Failed modifying 
0	22:11:49.902	trend_dtrader GBPUSD,H1: Failed modifying 
0	22:11:50.902	trend_dtrader GBPUSD,H1: Failed modifying 
0	22:11:51.902	trend_dtrader GBPUSD,H1: Failed modifying 
0	22:11:52.902	trend_dtrader GBPUSD,H1: Failed modifying 
0	22:11:53.902	trend_dtrader GBPUSD,H1: Failed modifying 
0	22:11:54.902	trend_dtrader GBPUSD,H1: Failed modifying 
0	22:11:55.902	trend_dtrader GBPUSD,H1: Failed modifying 
0	22:11:56.902	trend_dtrader GBPUSD,H1: Failed modifying 
0	22:11:57.901	trend_dtrader GBPUSD,H1: Failed modifying 
0	22:11:58.901	trend_dtrader GBPUSD,H1: Failed modifying 
0	22:11:59.902	trend_dtrader GBPUSD,H1: Failed modifying 
0	22:12:00.907	trend_dtrader GBPUSD,H1: Failed modifying 
0	22:12:01.901	trend_dtrader GBPUSD,H1: Failed modifying 
0	22:12:02.901	trend_dtrader GBPUSD,H1: Failed modifying 
0	22:12:03.902	trend_dtrader GBPUSD,H1: Failed modifying 
0	22:12:04.901	trend_dtrader GBPUSD,H1: Failed modifying 
0	22:12:05.901	trend_dtrader GBPUSD,H1: Failed modifying 
0	22:12:06.902	trend_dtrader GBPUSD,H1: Failed modifying 
0	22:12:07.901	trend_dtrader GBPUSD,H1: Failed modifying 
0	22:12:08.901	trend_dtrader GBPUSD,H1: Failed modifying 
0	22:12:09.901	trend_dtrader GBPUSD,H1: Failed modifying 
0	22:12:10.901	trend_dtrader GBPUSD,H1: Failed modifying 
0	22:12:11.902	trend_dtrader GBPUSD,H1: Failed modifying 
0	22:12:12.901	trend_dtrader GBPUSD,H1: Failed modifying 
0	22:12:13.901	trend_dtrader GBPUSD,H1: Failed modifying 
0	22:12:14.901	trend_dtrader GBPUSD,H1: Failed modifying 
0	22:12:15.901	trend_dtrader GBPUSD,H1: Failed modifying 
0	22:12:16.901	trend_dtrader GBPUSD,H1: Failed modifying 
0	22:12:17.900	trend_dtrader GBPUSD,H1: Failed modifying 
0	22:12:18.901	trend_dtrader GBPUSD,H1: Failed modifying 
0	22:12:19.901	trend_dtrader GBPUSD,H1: Failed modifying 
0	22:12:20.900	trend_dtrader GBPUSD,H1: Failed modifying 
0	22:12:21.900	trend_dtrader GBPUSD,H1: Failed modifying 
0	22:12:22.900	trend_dtrader GBPUSD,H1: Failed modifying 
0	22:12:23.900	trend_dtrader GBPUSD,H1: Failed modifying 
0	22:12:24.900	trend_dtrader GBPUSD,H1: Failed modifying 
0	22:12:25.901	trend_dtrader GBPUSD,H1: Failed modifying 
0	22:12:26.900	trend_dtrader GBPUSD,H1: Failed modifying 
0	22:12:27.901	trend_dtrader GBPUSD,H1: Failed modifying 
0	22:12:28.901	trend_dtrader GBPUSD,H1: Failed modifying 
0	22:12:29.901	trend_dtrader GBPUSD,H1: Failed modifying 
0	22:12:30.901	trend_dtrader GBPUSD,H1: Failed modifying 
0	22:12:31.900	trend_dtrader GBPUSD,H1: Failed modifying 
0	22:12:32.901	trend_dtrader GBPUSD,H1: Failed modifying 
0	22:12:33.900	trend_dtrader GBPUSD,H1: Failed modifying 
0	22:12:34.900	trend_dtrader GBPUSD,H1: Failed modifying 
0	22:12:35.901	trend_dtrader GBPUSD,H1: Failed modifying 
0	22:12:36.900	trend_dtrader GBPUSD,H1: Failed modifying 
0	22:12:37.900	trend_dtrader GBPUSD,H1: Failed modifying 
0	22:12:38.899	trend_dtrader GBPUSD,H1: Failed modifying 
0	22:12:39.901	trend_dtrader GBPUSD,H1: Failed modifying 
0	22:12:40.900	trend_dtrader GBPUSD,H1: Failed modifying 
0	22:12:41.900	trend_dtrader GBPUSD,H1: Failed modifying 
0	22:12:42.899	trend_dtrader GBPUSD,H1: Failed modifying 
0	22:12:43.900	trend_dtrader GBPUSD,H1: Failed modifying 
0	22:12:44.899	trend_dtrader GBPUSD,H1: Failed modifying 
0	22:12:45.900	trend_dtrader GBPUSD,H1: Failed modifying 
0	22:12:46.899	trend_dtrader GBPUSD,H1: Failed modifying 
0	22:12:47.900	trend_dtrader GBPUSD,H1: Failed modifying 
0	22:12:48.900	trend_dtrader GBPUSD,H1: Failed modifying 
0	22:12:49.900	trend_dtrader GBPUSD,H1: Failed modifying 
0	22:12:50.899	trend_dtrader GBPUSD,H1: Failed modifying 
0	22:12:51.899	trend_dtrader GBPUSD,H1: Failed modifying 
0	22:12:52.900	trend_dtrader GBPUSD,H1: Failed modifying 
0	22:12:53.900	trend_dtrader GBPUSD,H1: Failed modifying 
0	22:12:54.899	trend_dtrader GBPUSD,H1: Failed modifying 
0	22:12:55.899	trend_dtrader GBPUSD,H1: Failed modifying 
0	22:12:56.900	trend_dtrader GBPUSD,H1: Failed modifying 
0	22:12:57.899	trend_dtrader GBPUSD,H1: Failed modifying 
0	22:12:58.899	trend_dtrader GBPUSD,H1: Failed modifying 
0	22:12:59.899	trend_dtrader GBPUSD,H1: Failed modifying 
0	22:13:00.899	trend_dtrader GBPUSD,H1: Failed modifying 
0	22:13:01.899	trend_dtrader GBPUSD,H1: Failed modifying 
0	22:13:02.899	trend_dtrader GBPUSD,H1: Failed modifying 
0	22:13:03.899	trend_dtrader GBPUSD,H1: Failed modifying 
0	22:13:04.899	trend_dtrader GBPUSD,H1: Failed modifying 
0	22:13:05.898	trend_dtrader GBPUSD,H1: Failed modifying 
0	22:13:06.899	trend_dtrader GBPUSD,H1: Failed modifying 
0	22:13:07.899	trend_dtrader GBPUSD,H1: Failed modifying 
0	22:13:08.898	trend_dtrader GBPUSD,H1: Failed modifying 
0	22:13:09.899	trend_dtrader GBPUSD,H1: Failed modifying 
0	22:13:10.899	trend_dtrader GBPUSD,H1: Failed modifying 
0	22:13:11.898	trend_dtrader GBPUSD,H1: Failed modifying 
0	22:13:12.898	trend_dtrader GBPUSD,H1: Failed modifying 
0	22:13:13.899	trend_dtrader GBPUSD,H1: Failed modifying 
0	22:13:14.898	trend_dtrader GBPUSD,H1: Failed modifying 
0	22:13:15.899	trend_dtrader GBPUSD,H1: Failed modifying 
0	22:13:16.898	trend_dtrader GBPUSD,H1: Failed modifying 
0	22:13:17.898	trend_dtrader GBPUSD,H1: Failed modifying 
0	22:13:18.898	trend_dtrader GBPUSD,H1: Failed modifying 
0	22:13:19.898	trend_dtrader GBPUSD,H1: Failed modifying 
0	22:13:20.898	trend_dtrader GBPUSD,H1: Failed modifying 
0	22:13:21.898	trend_dtrader GBPUSD,H1: Failed modifying 
0	22:13:22.898	trend_dtrader GBPUSD,H1: Failed modifying 
0	22:13:23.897	trend_dtrader GBPUSD,H1: Failed modifying 
0	22:13:24.898	trend_dtrader GBPUSD,H1: Failed modifying 
0	22:13:25.898	trend_dtrader GBPUSD,H1: Failed modifying 
0	22:13:26.898	trend_dtrader GBPUSD,H1: Failed modifying 
0	22:13:27.898	trend_dtrader GBPUSD,H1: Failed modifying 
0	22:13:28.897	trend_dtrader GBPUSD,H1: Failed modifying 
0	22:13:29.897	trend_dtrader GBPUSD,H1: Failed modifying 
0	22:13:30.897	trend_dtrader GBPUSD,H1: Failed modifying 
0	22:13:31.897	trend_dtrader GBPUSD,H1: Failed modifying 
0	22:13:32.897	trend_dtrader GBPUSD,H1: Failed modifying 
0	22:13:33.897	trend_dtrader GBPUSD,H1: Failed modifying 
0	22:13:34.897	trend_dtrader GBPUSD,H1: Failed modifying 
0	22:13:35.897	trend_dtrader GBPUSD,H1: Failed modifying 
0	22:13:36.898	trend_dtrader GBPUSD,H1: Failed modifying 
0	22:13:37.898	trend_dtrader GBPUSD,H1: Failed modifying 
0	22:13:38.898	trend_dtrader GBPUSD,H1: Failed modifying 
0	22:13:39.897	trend_dtrader GBPUSD,H1: Failed modifying 
0	22:13:40.897	trend_dtrader GBPUSD,H1: Failed modifying 
0	22:13:41.897	trend_dtrader GBPUSD,H1: Failed modifying 
0	22:13:42.897	trend_dtrader GBPUSD,H1: Failed modifying 
0	22:13:43.897	trend_dtrader GBPUSD,H1: Failed modifying 
0	22:13:44.897	trend_dtrader GBPUSD,H1: Failed modifying 
0	22:13:45.897	trend_dtrader GBPUSD,H1: Failed modifying 
0	22:13:46.897	trend_dtrader GBPUSD,H1: Failed modifying 
0	22:13:47.897	trend_dtrader GBPUSD,H1: Failed modifying 
0	22:13:48.897	trend_dtrader GBPUSD,H1: Failed modifying 
0	22:13:49.897	trend_dtrader GBPUSD,H1: Failed modifying 
0	22:13:50.896	trend_dtrader GBPUSD,H1: Failed modifying 
0	22:13:51.896	trend_dtrader GBPUSD,H1: Failed modifying 
0	22:13:52.897	trend_dtrader GBPUSD,H1: Failed modifying 
0	22:13:53.896	trend_dtrader GBPUSD,H1: Failed modifying 
0	22:13:54.897	trend_dtrader GBPUSD,H1: Failed modifying 
0	22:13:55.897	trend_dtrader GBPUSD,H1: Failed modifying 
0	22:13:56.896	trend_dtrader GBPUSD,H1: Failed modifying 
0	22:13:57.896	trend_dtrader GBPUSD,H1: Failed modifying 
0	22:13:58.896	trend_dtrader GBPUSD,H1: Failed modifying 
0	22:13:59.896	trend_dtrader GBPUSD,H1: Failed modifying 
0	22:14:00.896	trend_dtrader GBPUSD,H1: Failed modifying 
0	22:14:01.896	trend_dtrader GBPUSD,H1: Failed modifying 
0	22:14:02.896	trend_dtrader GBPUSD,H1: Failed modifying 
0	22:14:03.897	trend_dtrader GBPUSD,H1: Failed modifying 
0	22:14:04.896	trend_dtrader GBPUSD,H1: Failed modifying 
0	22:14:05.896	trend_dtrader GBPUSD,H1: Failed modifying 
0	22:14:06.896	trend_dtrader GBPUSD,H1: Failed modifying 
0	22:14:07.897	trend_dtrader GBPUSD,H1: Failed modifying 
0	22:14:08.896	trend_dtrader GBPUSD,H1: Failed modifying 
0	22:14:09.896	trend_dtrader GBPUSD,H1: Failed modifying 
0	22:14:10.896	trend_dtrader GBPUSD,H1: Failed modifying 
0	22:14:11.896	trend_dtrader GBPUSD,H1: Failed modifying 
0	22:14:12.896	trend_dtrader GBPUSD,H1: Failed modifying 
0	22:14:13.895	trend_dtrader GBPUSD,H1: Failed modifying 
0	22:14:14.895	trend_dtrader GBPUSD,H1: Failed modifying 
0	22:14:15.896	trend_dtrader GBPUSD,H1: Failed modifying 
0	22:14:16.895	trend_dtrader GBPUSD,H1: Failed modifying 
0	22:14:17.895	trend_dtrader GBPUSD,H1: Failed modifying 
0	22:14:18.896	trend_dtrader GBPUSD,H1: Failed modifying 
0	22:14:19.895	trend_dtrader GBPUSD,H1: Failed modifying 
0	22:14:20.895	trend_dtrader GBPUSD,H1: Failed modifying 
0	22:14:21.895	trend_dtrader GBPUSD,H1: Failed modifying 
0	22:14:22.895	trend_dtrader GBPUSD,H1: Failed modifying 
0	22:14:23.895	trend_dtrader GBPUSD,H1: Failed modifying 
0	22:14:24.895	trend_dtrader GBPUSD,H1: Failed modifying 
0	22:14:25.895	trend_dtrader GBPUSD,H1: Failed modifying 
0	22:14:26.895	trend_dtrader GBPUSD,H1: Failed modifying 
0	22:14:27.895	trend_dtrader GBPUSD,H1: Failed modifying 
0	22:14:28.895	trend_dtrader GBPUSD,H1: Failed modifying 
0	22:14:29.895	trend_dtrader GBPUSD,H1: Failed modifying 
0	22:14:30.894	trend_dtrader GBPUSD,H1: Failed modifying 
0	22:14:31.895	trend_dtrader GBPUSD,H1: Failed modifying 
0	22:14:32.895	trend_dtrader GBPUSD,H1: Failed modifying 
0	22:14:33.895	trend_dtrader GBPUSD,H1: Failed modifying 
0	22:14:34.895	trend_dtrader GBPUSD,H1: Failed modifying 
0	22:14:35.895	trend_dtrader GBPUSD,H1: Failed modifying 
0	22:14:36.894	trend_dtrader GBPUSD,H1: Failed modifying 
0	22:14:37.895	trend_dtrader GBPUSD,H1: Failed modifying 
0	22:14:38.895	trend_dtrader GBPUSD,H1: Failed modifying 
0	22:14:39.894	trend_dtrader GBPUSD,H1: Failed modifying 
0	22:14:40.894	trend_dtrader GBPUSD,H1: Failed modifying 
0	22:14:41.894	trend_dtrader GBPUSD,H1: Failed modifying 
0	22:14:42.894	trend_dtrader GBPUSD,H1: Failed modifying 
0	22:14:43.894	trend_dtrader GBPUSD,H1: Failed modifying 
0	22:14:44.895	trend_dtrader GBPUSD,H1: Failed modifying 
0	22:14:45.894	trend_dtrader GBPUSD,H1: Failed modifying 
0	22:14:46.895	trend_dtrader GBPUSD,H1: Failed modifying 
0	22:14:47.895	trend_dtrader GBPUSD,H1: Failed modifying 
0	22:14:48.894	trend_dtrader GBPUSD,H1: Failed modifying 
0	22:14:49.894	trend_dtrader GBPUSD,H1: Failed modifying 
0	22:14:50.894	trend_dtrader GBPUSD,H1: Failed modifying 
0	22:14:51.894	trend_dtrader GBPUSD,H1: Failed modifying 
0	22:14:52.894	trend_dtrader GBPUSD,H1: Failed modifying 
0	22:14:53.894	trend_dtrader GBPUSD,H1: Failed modifying 
0	22:14:54.894	trend_dtrader GBPUSD,H1: Failed modifying 
0	22:14:55.893	trend_dtrader GBPUSD,H1: Failed modifying 
0	22:14:56.894	trend_dtrader GBPUSD,H1: Failed modifying 
0	22:14:57.894	trend_dtrader GBPUSD,H1: Failed modifying 
0	22:14:58.893	trend_dtrader GBPUSD,H1: Failed modifying 
0	22:14:59.893	trend_dtrader GBPUSD,H1: Failed modifying 
0	22:15:00.894	trend_dtrader GBPUSD,H1: Failed modifying 
0	22:15:01.894	trend_dtrader GBPUSD,H1: Failed modifying 
0	22:15:02.893	trend_dtrader GBPUSD,H1: Failed modifying 
0	22:15:03.894	trend_dtrader GBPUSD,H1: Failed modifying 
0	22:15:04.894	trend_dtrader GBPUSD,H1: Failed modifying 
0	22:15:05.893	trend_dtrader GBPUSD,H1: Failed modifying 
0	22:15:06.894	trend_dtrader GBPUSD,H1: Failed modifying 
0	22:15:07.894	trend_dtrader GBPUSD,H1: Failed modifying 
0	22:15:08.893	trend_dtrader GBPUSD,H1: Failed modifying 
0	22:15:09.893	trend_dtrader GBPUSD,H1: Failed modifying 
0	22:15:10.894	trend_dtrader GBPUSD,H1: Failed modifying 
0	22:15:11.894	trend_dtrader GBPUSD,H1: Failed modifying 
0	22:15:12.893	trend_dtrader GBPUSD,H1: Failed modifying 
0	22:15:13.893	trend_dtrader GBPUSD,H1: Failed modifying 
0	22:15:14.893	trend_dtrader GBPUSD,H1: Failed modifying 
0	22:15:15.893	trend_dtrader GBPUSD,H1: Failed modifying 
0	22:15:16.894	trend_dtrader GBPUSD,H1: Failed modifying 
0	22:15:17.893	trend_dtrader GBPUSD,H1: Failed modifying 
0	22:15:18.893	trend_dtrader GBPUSD,H1: Failed modifying 
0	22:15:19.893	trend_dtrader GBPUSD,H1: Failed modifying 
0	22:15:20.892	trend_dtrader GBPUSD,H1: Failed modifying 
0	22:15:21.892	trend_dtrader GBPUSD,H1: Failed modifying 
0	22:15:22.892	trend_dtrader GBPUSD,H1: Failed modifying 
0	22:15:23.893	trend_dtrader GBPUSD,H1: Failed modifying 
0	22:15:24.892	trend_dtrader GBPUSD,H1: Failed modifying 
0	22:15:25.892	trend_dtrader GBPUSD,H1: Failed modifying 
0	22:15:26.893	trend_dtrader GBPUSD,H1: Failed modifying 
0	22:15:27.893	trend_dtrader GBPUSD,H1: Failed modifying 
0	22:15:28.892	trend_dtrader GBPUSD,H1: Failed modifying 
0	22:15:29.893	trend_dtrader GBPUSD,H1: Failed modifying 
0	22:15:30.892	trend_dtrader GBPUSD,H1: Failed modifying 
0	22:15:31.892	trend_dtrader GBPUSD,H1: Failed modifying 
0	22:15:32.892	trend_dtrader GBPUSD,H1: Failed modifying 
0	22:15:33.892	trend_dtrader GBPUSD,H1: Failed modifying 
0	22:15:34.892	trend_dtrader GBPUSD,H1: Failed modifying 
0	22:15:35.892	trend_dtrader GBPUSD,H1: Failed modifying 
0	22:15:36.893	trend_dtrader GBPUSD,H1: Failed modifying 
0	22:15:37.893	trend_dtrader GBPUSD,H1: Failed modifying 
0	22:15:38.892	trend_dtrader GBPUSD,H1: Failed modifying 
0	22:15:39.891	trend_dtrader GBPUSD,H1: Failed modifying 
0	22:15:40.892	trend_dtrader GBPUSD,H1: Failed modifying 
0	22:15:41.894	trend_dtrader GBPUSD,H1: Failed modifying 
0	22:15:58.891	trend_dtrader GBPUSD,H1: Failed modifying 
0	22:15:59.891	trend_dtrader GBPUSD,H1: Failed modifying 
0	22:16:00.891	trend_dtrader GBPUSD,H1: Failed modifying 
0	22:16:01.891	trend_dtrader GBPUSD,H1: Failed modifying 
0	22:16:02.891	trend_dtrader GBPUSD,H1: Failed modifying 
0	22:16:03.890	trend_dtrader GBPUSD,H1: Failed modifying 
0	22:16:04.890	trend_dtrader GBPUSD,H1: Failed modifying 
0	22:16:05.891	trend_dtrader GBPUSD,H1: Failed modifying 
0	22:16:06.890	trend_dtrader GBPUSD,H1: Failed modifying 
0	22:16:07.890	trend_dtrader GBPUSD,H1: Failed modifying 
0	22:16:08.891	trend_dtrader GBPUSD,H1: Failed modifying 
0	22:16:09.890	trend_dtrader GBPUSD,H1: Failed modifying 
0	22:16:10.890	trend_dtrader GBPUSD,H1: Failed modifying 
0	22:16:11.891	trend_dtrader GBPUSD,H1: Failed modifying 
0	22:16:12.890	trend_dtrader GBPUSD,H1: Failed modifying 
0	22:16:13.890	trend_dtrader GBPUSD,H1: Failed modifying 
0	22:16:14.891	trend_dtrader GBPUSD,H1: Failed modifying 
0	22:16:15.890	trend_dtrader GBPUSD,H1: Failed modifying 
0	22:16:16.891	trend_dtrader GBPUSD,H1: Failed modifying 
0	22:16:17.890	trend_dtrader GBPUSD,H1: Failed modifying 
0	22:16:18.890	trend_dtrader GBPUSD,H1: Failed modifying 
0	22:16:19.890	trend_dtrader GBPUSD,H1: Failed modifying 
0	22:16:20.890	trend_dtrader GBPUSD,H1: Failed modifying 
0	22:16:21.890	trend_dtrader GBPUSD,H1: Failed modifying 
0	22:16:22.890	trend_dtrader GBPUSD,H1: Failed modifying 
0	22:16:41.889	trend_dtrader GBPUSD,H1: Failed modifying 
0	22:16:42.889	trend_dtrader GBPUSD,H1: Failed modifying 
0	22:16:43.889	trend_dtrader GBPUSD,H1: Failed modifying 
0	22:16:44.888	trend_dtrader GBPUSD,H1: Failed modifying 
0	22:16:45.889	trend_dtrader GBPUSD,H1: Failed modifying 
0	22:16:46.889	trend_dtrader GBPUSD,H1: Failed modifying 
0	22:16:47.889	trend_dtrader GBPUSD,H1: Failed modifying 
0	22:16:48.889	trend_dtrader GBPUSD,H1: Failed modifying 
0	22:16:49.890	trend_dtrader GBPUSD,H1: Failed modifying 
0	22:16:50.889	trend_dtrader GBPUSD,H1: Failed modifying 
0	22:16:51.889	trend_dtrader GBPUSD,H1: Failed modifying 
0	22:16:52.888	trend_dtrader GBPUSD,H1: Failed modifying 
0	22:16:53.889	trend_dtrader GBPUSD,H1: Failed modifying 
0	22:16:54.888	trend_dtrader GBPUSD,H1: Failed modifying 
0	22:16:55.889	trend_dtrader GBPUSD,H1: Failed modifying 
0	22:16:56.889	trend_dtrader GBPUSD,H1: Failed modifying 
0	22:16:57.889	trend_dtrader GBPUSD,H1: Failed modifying 
0	22:16:58.889	trend_dtrader GBPUSD,H1: Failed modifying 
0	22:16:59.888	trend_dtrader GBPUSD,H1: Failed modifying 
0	22:17:00.889	trend_dtrader GBPUSD,H1: Failed modifying 
0	22:17:01.888	trend_dtrader GBPUSD,H1: Failed modifying 
0	22:17:02.888	trend_dtrader GBPUSD,H1: Failed modifying 
0	22:17:03.889	trend_dtrader GBPUSD,H1: Failed modifying 
0	22:17:04.888	trend_dtrader GBPUSD,H1: Failed modifying 
0	22:17:05.888	trend_dtrader GBPUSD,H1: Failed modifying 
0	22:17:06.888	trend_dtrader GBPUSD,H1: Failed modifying 
0	22:17:07.888	trend_dtrader GBPUSD,H1: Failed modifying 
0	22:17:08.888	trend_dtrader GBPUSD,H1: Failed modifying 
0	22:17:09.888	trend_dtrader GBPUSD,H1: Failed modifying 
0	22:17:10.888	trend_dtrader GBPUSD,H1: Failed modifying 
0	22:17:11.888	trend_dtrader GBPUSD,H1: Failed modifying 
0	22:17:12.888	trend_dtrader GBPUSD,H1: Failed modifying 
0	22:17:13.887	trend_dtrader GBPUSD,H1: Failed modifying 
0	22:17:14.888	trend_dtrader GBPUSD,H1: Failed modifying 
0	22:17:15.887	trend_dtrader GBPUSD,H1: Failed modifying 
0	22:17:16.887	trend_dtrader GBPUSD,H1: Failed modifying 
0	22:17:17.887	trend_dtrader GBPUSD,H1: Failed modifying 
0	22:17:18.891	trend_dtrader GBPUSD,H1: Failed modifying 
0	22:17:19.897	trend_dtrader GBPUSD,H1: Failed modifying 
0	22:17:20.887	trend_dtrader GBPUSD,H1: Failed modifying 
0	22:17:21.887	trend_dtrader GBPUSD,H1: Failed modifying 
0	22:17:22.888	trend_dtrader GBPUSD,H1: Failed modifying 
0	22:17:23.887	trend_dtrader GBPUSD,H1: Failed modifying 
0	22:17:24.887	trend_dtrader GBPUSD,H1: Failed modifying 
0	22:17:25.887	trend_dtrader GBPUSD,H1: Failed modifying 
0	22:17:26.887	trend_dtrader GBPUSD,H1: Failed modifying 
0	22:17:27.887	trend_dtrader GBPUSD,H1: Failed modifying 
0	22:17:28.887	trend_dtrader GBPUSD,H1: Failed modifying 
0	22:17:29.887	trend_dtrader GBPUSD,H1: Failed modifying 
0	22:17:30.887	trend_dtrader GBPUSD,H1: Failed modifying 
0	22:17:31.886	trend_dtrader GBPUSD,H1: Failed modifying 
0	22:17:32.887	trend_dtrader GBPUSD,H1: Failed modifying 
0	22:17:33.887	trend_dtrader GBPUSD,H1: Failed modifying 
0	22:17:34.888	trend_dtrader GBPUSD,H1: Failed modifying 
0	22:17:35.886	trend_dtrader GBPUSD,H1: Failed modifying 
0	22:17:36.887	trend_dtrader GBPUSD,H1: Failed modifying 
0	22:17:37.886	trend_dtrader GBPUSD,H1: Failed modifying 
0	22:17:38.889	trend_dtrader GBPUSD,H1: Failed modifying 
0	22:17:39.887	trend_dtrader GBPUSD,H1: Failed modifying 
0	22:17:40.887	trend_dtrader GBPUSD,H1: Failed modifying 
0	22:17:41.886	trend_dtrader GBPUSD,H1: Failed modifying 
0	22:17:42.886	trend_dtrader GBPUSD,H1: Failed modifying 
0	22:17:43.887	trend_dtrader GBPUSD,H1: Failed modifying 
0	22:17:44.887	trend_dtrader GBPUSD,H1: Failed modifying 
0	22:17:45.890	trend_dtrader GBPUSD,H1: Failed modifying 
0	22:17:46.887	trend_dtrader GBPUSD,H1: Failed modifying 
0	22:17:47.887	trend_dtrader GBPUSD,H1: Failed modifying 
0	22:17:48.886	trend_dtrader GBPUSD,H1: Failed modifying 
0	22:17:49.886	trend_dtrader GBPUSD,H1: Failed modifying 
0	22:17:50.886	trend_dtrader GBPUSD,H1: Failed modifying 
0	22:17:51.887	trend_dtrader GBPUSD,H1: Failed modifying 
0	22:17:52.885	trend_dtrader GBPUSD,H1: Failed modifying 
0	22:17:53.886	trend_dtrader GBPUSD,H1: Failed modifying 
0	22:17:54.886	trend_dtrader GBPUSD,H1: Failed modifying 
0	22:17:55.886	trend_dtrader GBPUSD,H1: Failed modifying 
0	22:17:56.892	trend_dtrader GBPUSD,H1: Failed modifying 
0	22:17:57.886	trend_dtrader GBPUSD,H1: Failed modifying 
0	22:17:58.885	trend_dtrader GBPUSD,H1: Failed modifying 
0	22:17:59.886	trend_dtrader GBPUSD,H1: Failed modifying 
0	22:18:00.886	trend_dtrader GBPUSD,H1: Failed modifying 
0	22:18:01.886	trend_dtrader GBPUSD,H1: Failed modifying 
0	22:18:02.886	trend_dtrader GBPUSD,H1: Failed modifying 
0	22:18:03.885	trend_dtrader GBPUSD,H1: Failed modifying 
0	22:18:04.885	trend_dtrader GBPUSD,H1: Failed modifying 
0	22:18:05.886	trend_dtrader GBPUSD,H1: Failed modifying 
0	22:18:06.885	trend_dtrader GBPUSD,H1: Failed modifying 
0	22:18:07.885	trend_dtrader GBPUSD,H1: Failed modifying 
0	22:18:08.885	trend_dtrader GBPUSD,H1: Failed modifying 
0	22:18:09.886	trend_dtrader GBPUSD,H1: Failed modifying 
0	22:18:10.886	trend_dtrader GBPUSD,H1: Failed modifying 
0	22:18:11.885	trend_dtrader GBPUSD,H1: Failed modifying 
0	22:18:12.885	trend_dtrader GBPUSD,H1: Failed modifying 
0	22:18:13.885	trend_dtrader GBPUSD,H1: Failed modifying 
0	22:18:14.885	trend_dtrader GBPUSD,H1: Failed modifying 
0	22:18:15.885	trend_dtrader GBPUSD,H1: Failed modifying 
0	22:18:16.885	trend_dtrader GBPUSD,H1: Failed modifying 
0	22:18:17.885	trend_dtrader GBPUSD,H1: Failed modifying 
0	22:18:18.885	trend_dtrader GBPUSD,H1: Failed modifying 
0	22:18:19.903	trend_dtrader GBPUSD,H1: Failed modifying 
0	22:18:20.884	trend_dtrader GBPUSD,H1: Failed modifying 
0	22:18:21.884	trend_dtrader GBPUSD,H1: Failed modifying 
0	22:18:22.884	trend_dtrader GBPUSD,H1: Failed modifying 
0	22:18:23.884	trend_dtrader GBPUSD,H1: Failed modifying 
0	22:18:24.884	trend_dtrader GBPUSD,H1: Failed modifying 
0	22:18:25.884	trend_dtrader GBPUSD,H1: Failed modifying 
0	22:18:26.885	trend_dtrader GBPUSD,H1: Failed modifying 
0	22:18:27.884	trend_dtrader GBPUSD,H1: Failed modifying 
0	22:18:28.885	trend_dtrader GBPUSD,H1: Failed modifying 
0	22:18:29.884	trend_dtrader GBPUSD,H1: Failed modifying 
0	22:18:30.884	trend_dtrader GBPUSD,H1: Failed modifying 
0	22:18:31.884	trend_dtrader GBPUSD,H1: Failed modifying 
0	22:18:32.884	trend_dtrader GBPUSD,H1: Failed modifying 
0	22:18:33.885	trend_dtrader GBPUSD,H1: Failed modifying 
0	22:18:34.884	trend_dtrader GBPUSD,H1: Failed modifying 
0	22:18:35.884	trend_dtrader GBPUSD,H1: Failed modifying 
0	22:18:36.884	trend_dtrader GBPUSD,H1: Failed modifying 
0	22:18:37.884	trend_dtrader GBPUSD,H1: Failed modifying 
0	22:18:38.884	trend_dtrader GBPUSD,H1: Failed modifying 
0	22:18:39.885	trend_dtrader GBPUSD,H1: Failed modifying 
0	22:18:40.883	trend_dtrader GBPUSD,H1: Failed modifying 
0	22:18:41.884	trend_dtrader GBPUSD,H1: Failed modifying 
0	22:18:42.883	trend_dtrader GBPUSD,H1: Failed modifying 
0	22:18:43.884	trend_dtrader GBPUSD,H1: Failed modifying 
0	22:18:44.883	trend_dtrader GBPUSD,H1: Failed modifying 
0	22:18:45.884	trend_dtrader GBPUSD,H1: Failed modifying 
0	22:18:46.883	trend_dtrader GBPUSD,H1: Failed modifying 
0	22:18:47.883	trend_dtrader GBPUSD,H1: Failed modifying 
0	22:18:48.883	trend_dtrader GBPUSD,H1: Failed modifying 
0	22:18:49.884	trend_dtrader GBPUSD,H1: Failed modifying 
0	22:18:50.883	trend_dtrader GBPUSD,H1: Failed modifying 
0	22:18:51.883	trend_dtrader GBPUSD,H1: Failed modifying 
0	22:18:52.884	trend_dtrader GBPUSD,H1: Failed modifying 
0	22:18:53.883	trend_dtrader GBPUSD,H1: Failed modifying 
0	22:18:54.884	trend_dtrader GBPUSD,H1: Failed modifying 
0	22:18:55.883	trend_dtrader GBPUSD,H1: Failed modifying 
0	22:18:56.883	trend_dtrader GBPUSD,H1: Failed modifying 
0	22:18:57.884	trend_dtrader GBPUSD,H1: Failed modifying 
0	22:18:58.883	trend_dtrader GBPUSD,H1: Failed modifying 
0	22:18:59.883	trend_dtrader GBPUSD,H1: Failed modifying 
0	22:19:00.882	trend_dtrader GBPUSD,H1: Failed modifying 
0	22:19:01.884	trend_dtrader GBPUSD,H1: Failed modifying 
0	22:19:02.883	trend_dtrader GBPUSD,H1: Failed modifying 
0	22:19:03.882	trend_dtrader GBPUSD,H1: Failed modifying 
0	22:19:04.882	trend_dtrader GBPUSD,H1: Failed modifying 
0	22:19:05.883	trend_dtrader GBPUSD,H1: Failed modifying 
0	22:19:06.883	trend_dtrader GBPUSD,H1: Failed modifying 
0	22:19:07.883	trend_dtrader GBPUSD,H1: Failed modifying 
0	22:19:08.882	trend_dtrader GBPUSD,H1: Failed modifying 
0	22:19:09.883	trend_dtrader GBPUSD,H1: Failed modifying 
0	22:19:10.883	trend_dtrader GBPUSD,H1: Failed modifying 
0	22:19:11.882	trend_dtrader GBPUSD,H1: Failed modifying 
0	22:19:12.883	trend_dtrader GBPUSD,H1: Failed modifying 
0	22:19:13.882	trend_dtrader GBPUSD,H1: Failed modifying 
0	22:19:14.882	trend_dtrader GBPUSD,H1: Failed modifying 
0	22:19:15.883	trend_dtrader GBPUSD,H1: Failed modifying 
0	22:19:16.882	trend_dtrader GBPUSD,H1: Failed modifying 
0	22:19:17.883	trend_dtrader GBPUSD,H1: Failed modifying 
0	22:19:18.882	trend_dtrader GBPUSD,H1: Failed modifying 
0	22:19:19.883	trend_dtrader GBPUSD,H1: Failed modifying 
0	22:19:20.882	trend_dtrader GBPUSD,H1: Failed modifying 
0	22:19:21.882	trend_dtrader GBPUSD,H1: Failed modifying 
0	22:19:22.882	trend_dtrader GBPUSD,H1: Failed modifying 
0	22:19:23.882	trend_dtrader GBPUSD,H1: Failed modifying 
0	22:19:24.882	trend_dtrader GBPUSD,H1: Failed modifying 
0	22:19:25.882	trend_dtrader GBPUSD,H1: Failed modifying 
0	22:19:26.881	trend_dtrader GBPUSD,H1: Failed modifying 
0	22:19:27.882	trend_dtrader GBPUSD,H1: Failed modifying 
0	22:19:28.881	trend_dtrader GBPUSD,H1: Failed modifying 
0	22:19:29.882	trend_dtrader GBPUSD,H1: Failed modifying 
0	22:19:30.882	trend_dtrader GBPUSD,H1: Failed modifying 
0	22:19:31.882	trend_dtrader GBPUSD,H1: Failed modifying 
0	22:19:32.881	trend_dtrader GBPUSD,H1: Failed modifying 
0	22:19:33.881	trend_dtrader GBPUSD,H1: Failed modifying 
0	22:19:34.882	trend_dtrader GBPUSD,H1: Failed modifying 
0	22:19:35.882	trend_dtrader GBPUSD,H1: Failed modifying 
0	22:19:36.881	trend_dtrader GBPUSD,H1: Failed modifying 
0	22:19:37.881	trend_dtrader GBPUSD,H1: Failed modifying 
0	22:19:38.881	trend_dtrader GBPUSD,H1: Failed modifying 
0	22:19:39.881	trend_dtrader GBPUSD,H1: Failed modifying 
0	22:19:40.881	trend_dtrader GBPUSD,H1: Failed modifying 
0	22:19:41.881	trend_dtrader GBPUSD,H1: Failed modifying 
0	22:19:42.881	trend_dtrader GBPUSD,H1: Failed modifying 
0	22:19:43.881	trend_dtrader GBPUSD,H1: Failed modifying 
0	22:19:44.884	trend_dtrader GBPUSD,H1: Failed modifying 
0	22:19:45.882	trend_dtrader GBPUSD,H1: Failed modifying 
0	22:19:46.881	trend_dtrader GBPUSD,H1: Failed modifying 
0	22:19:47.881	trend_dtrader GBPUSD,H1: Failed modifying 
0	22:19:48.880	trend_dtrader GBPUSD,H1: Failed modifying 
0	22:19:49.880	trend_dtrader GBPUSD,H1: Failed modifying 
0	22:19:50.881	trend_dtrader GBPUSD,H1: Failed modifying 
0	22:19:51.880	trend_dtrader GBPUSD,H1: Failed modifying 
0	22:19:52.881	trend_dtrader GBPUSD,H1: Failed modifying 
0	22:19:53.886	trend_dtrader GBPUSD,H1: Failed modifying 
0	22:19:54.880	trend_dtrader GBPUSD,H1: Failed modifying 
0	22:19:55.880	trend_dtrader GBPUSD,H1: Failed modifying 
0	22:19:56.880	trend_dtrader GBPUSD,H1: Failed modifying 
0	22:19:57.880	trend_dtrader GBPUSD,H1: Failed modifying 
0	22:19:58.881	trend_dtrader GBPUSD,H1: Failed modifying 
0	22:19:59.880	trend_dtrader GBPUSD,H1: Failed modifying 
0	22:20:00.883	trend_dtrader GBPUSD,H1: Failed modifying 
0	22:20:01.880	trend_dtrader GBPUSD,H1: Failed modifying 
0	22:20:02.880	trend_dtrader GBPUSD,H1: Failed modifying 
0	22:20:03.880	trend_dtrader GBPUSD,H1: Failed modifying 
0	22:20:04.880	trend_dtrader GBPUSD,H1: Failed modifying 
0	22:20:05.880	trend_dtrader GBPUSD,H1: Failed modifying 
0	22:20:06.880	trend_dtrader GBPUSD,H1: Failed modifying 
0	22:20:07.880	trend_dtrader GBPUSD,H1: Failed modifying 
0	22:20:08.880	trend_dtrader GBPUSD,H1: Failed modifying 
0	22:20:09.880	trend_dtrader GBPUSD,H1: Failed modifying 
0	22:20:10.880	trend_dtrader GBPUSD,H1: Failed modifying 
0	22:20:11.880	trend_dtrader GBPUSD,H1: Failed modifying 
0	22:20:12.880	trend_dtrader GBPUSD,H1: Failed modifying 
0	22:20:13.879	trend_dtrader GBPUSD,H1: Failed modifying 
0	22:20:14.880	trend_dtrader GBPUSD,H1: Failed modifying 
0	22:20:15.879	trend_dtrader GBPUSD,H1: Failed modifying 
0	22:20:16.879	trend_dtrader GBPUSD,H1: Failed modifying 
0	22:20:17.879	trend_dtrader GBPUSD,H1: Failed modifying 
0	22:20:18.879	trend_dtrader GBPUSD,H1: Failed modifying 
0	22:20:19.880	trend_dtrader GBPUSD,H1: Failed modifying 
0	22:20:20.879	trend_dtrader GBPUSD,H1: Failed modifying 
0	22:20:21.879	trend_dtrader GBPUSD,H1: Failed modifying 
0	22:20:22.879	trend_dtrader GBPUSD,H1: Failed modifying 
0	22:20:23.879	trend_dtrader GBPUSD,H1: Failed modifying 
0	22:20:24.879	trend_dtrader GBPUSD,H1: Failed modifying 
0	22:20:25.880	trend_dtrader GBPUSD,H1: Failed modifying 
0	22:20:26.879	trend_dtrader GBPUSD,H1: Failed modifying 
0	22:20:27.879	trend_dtrader GBPUSD,H1: Failed modifying 
0	22:20:28.880	trend_dtrader GBPUSD,H1: Failed modifying 
0	22:20:29.879	trend_dtrader GBPUSD,H1: Failed modifying 
0	22:20:30.879	trend_dtrader GBPUSD,H1: Failed modifying 
0	22:20:31.878	trend_dtrader GBPUSD,H1: Failed modifying 
0	22:20:32.879	trend_dtrader GBPUSD,H1: Failed modifying 
0	22:20:33.879	trend_dtrader GBPUSD,H1: Failed modifying 
0	22:20:34.879	trend_dtrader GBPUSD,H1: Failed modifying 
0	22:20:35.879	trend_dtrader GBPUSD,H1: Failed modifying 
0	22:20:36.879	trend_dtrader GBPUSD,H1: Failed modifying 
0	22:20:37.879	trend_dtrader GBPUSD,H1: Failed modifying 
0	22:20:38.878	trend_dtrader GBPUSD,H1: Failed modifying 
0	22:20:39.878	trend_dtrader GBPUSD,H1: Failed modifying 
0	22:20:40.882	trend_dtrader GBPUSD,H1: Failed modifying 
0	22:20:41.878	trend_dtrader GBPUSD,H1: Failed modifying 
0	22:20:42.878	trend_dtrader GBPUSD,H1: Failed modifying 
0	22:20:43.879	trend_dtrader GBPUSD,H1: Failed modifying 
0	22:20:44.885	trend_dtrader GBPUSD,H1: Failed modifying 
0	22:20:45.878	trend_dtrader GBPUSD,H1: Failed modifying 
0	22:20:46.878	trend_dtrader GBPUSD,H1: Failed modifying 
0	22:20:47.878	trend_dtrader GBPUSD,H1: Failed modifying 
0	22:20:48.879	trend_dtrader GBPUSD,H1: Failed modifying 
0	22:20:49.878	trend_dtrader GBPUSD,H1: Failed modifying 
0	22:20:50.878	trend_dtrader GBPUSD,H1: Failed modifying 
0	22:20:51.878	trend_dtrader GBPUSD,H1: Failed modifying 
0	22:20:52.878	trend_dtrader GBPUSD,H1: Failed modifying 
0	22:20:53.878	trend_dtrader GBPUSD,H1: Failed modifying 
0	22:20:54.878	trend_dtrader GBPUSD,H1: Failed modifying 
0	22:20:55.878	trend_dtrader GBPUSD,H1: Failed modifying 
0	22:20:56.878	trend_dtrader GBPUSD,H1: Failed modifying 
0	22:20:57.878	trend_dtrader GBPUSD,H1: Failed modifying 
0	22:20:58.877	trend_dtrader GBPUSD,H1: Failed modifying 
0	22:20:59.878	trend_dtrader GBPUSD,H1: Failed modifying 
0	22:21:00.877	trend_dtrader GBPUSD,H1: Failed modifying 
0	22:21:01.877	trend_dtrader GBPUSD,H1: Failed modifying 
0	22:21:02.878	trend_dtrader GBPUSD,H1: Failed modifying 
0	22:21:03.877	trend_dtrader GBPUSD,H1: Failed modifying 
0	22:21:04.879	trend_dtrader GBPUSD,H1: Failed modifying 
0	22:21:05.878	trend_dtrader GBPUSD,H1: Failed modifying 
0	22:21:06.877	trend_dtrader GBPUSD,H1: Failed modifying 
0	22:21:07.878	trend_dtrader GBPUSD,H1: Failed modifying 
0	22:21:08.879	trend_dtrader GBPUSD,H1: Failed modifying 
0	22:21:09.877	trend_dtrader GBPUSD,H1: Failed modifying 
0	22:21:10.877	trend_dtrader GBPUSD,H1: Failed modifying 
0	22:21:11.877	trend_dtrader GBPUSD,H1: Failed modifying 
0	22:21:12.878	trend_dtrader GBPUSD,H1: Failed modifying 
0	22:21:13.883	trend_dtrader GBPUSD,H1: Failed modifying 
0	22:21:14.877	trend_dtrader GBPUSD,H1: Failed modifying 
0	22:21:15.877	trend_dtrader GBPUSD,H1: Failed modifying 
0	22:21:16.877	trend_dtrader GBPUSD,H1: Failed modifying 
0	22:21:17.877	trend_dtrader GBPUSD,H1: Failed modifying 
0	22:21:18.877	trend_dtrader GBPUSD,H1: Failed modifying 
0	22:21:19.877	trend_dtrader GBPUSD,H1: Failed modifying 
0	22:21:20.877	trend_dtrader GBPUSD,H1: Failed modifying 
0	22:21:21.885	trend_dtrader GBPUSD,H1: Failed modifying 
0	22:21:22.876	trend_dtrader GBPUSD,H1: Failed modifying 
0	22:21:23.877	trend_dtrader GBPUSD,H1: Failed modifying 
0	22:21:24.876	trend_dtrader GBPUSD,H1: Failed modifying 
0	22:21:25.877	trend_dtrader GBPUSD,H1: Failed modifying 
0	22:21:26.877	trend_dtrader GBPUSD,H1: Failed modifying 
0	22:21:27.877	trend_dtrader GBPUSD,H1: Failed modifying 
0	22:21:28.876	trend_dtrader GBPUSD,H1: Failed modifying 
0	22:21:29.876	trend_dtrader GBPUSD,H1: Failed modifying 
0	22:21:30.876	trend_dtrader GBPUSD,H1: Failed modifying 
0	22:21:31.876	trend_dtrader GBPUSD,H1: Failed modifying 
0	22:21:32.876	trend_dtrader GBPUSD,H1: Failed modifying 
0	22:21:33.876	trend_dtrader GBPUSD,H1: Failed modifying 
0	22:21:34.876	trend_dtrader GBPUSD,H1: Failed modifying 
0	22:21:35.876	trend_dtrader GBPUSD,H1: Failed modifying 
0	22:21:36.876	trend_dtrader GBPUSD,H1: Failed modifying 
0	22:21:37.876	trend_dtrader GBPUSD,H1: Failed modifying 
0	22:21:38.876	trend_dtrader GBPUSD,H1: Failed modifying 
0	22:21:39.876	trend_dtrader GBPUSD,H1: Failed modifying 
0	22:21:40.876	trend_dtrader GBPUSD,H1: Failed modifying 
0	22:21:41.875	trend_dtrader GBPUSD,H1: Failed modifying 
0	22:21:42.875	trend_dtrader GBPUSD,H1: Failed modifying 
0	22:21:43.876	trend_dtrader GBPUSD,H1: Failed modifying 
0	22:21:44.876	trend_dtrader GBPUSD,H1: Failed modifying 
0	22:21:45.876	trend_dtrader GBPUSD,H1: Failed modifying 
0	22:21:46.876	trend_dtrader GBPUSD,H1: Failed modifying 
0	22:21:47.875	trend_dtrader GBPUSD,H1: Failed modifying 
0	22:21:48.876	trend_dtrader GBPUSD,H1: Failed modifying 
0	22:21:49.879	trend_dtrader GBPUSD,H1: Failed modifying 
0	22:21:50.879	trend_dtrader GBPUSD,H1: Failed modifying 
0	22:21:51.886	trend_dtrader GBPUSD,H1: Failed modifying 
0	22:21:52.881	trend_dtrader GBPUSD,H1: Failed modifying 
0	22:21:53.881	trend_dtrader GBPUSD,H1: Failed modifying 
0	22:21:54.883	trend_dtrader GBPUSD,H1: Failed modifying 
0	22:21:55.883	trend_dtrader GBPUSD,H1: Failed modifying 
0	22:21:56.884	trend_dtrader GBPUSD,H1: Failed modifying 
0	22:21:57.884	trend_dtrader GBPUSD,H1: Failed modifying 
0	22:21:58.885	trend_dtrader GBPUSD,H1: Failed modifying 
0	22:21:59.886	trend_dtrader GBPUSD,H1: Failed modifying 
0	22:22:00.886	trend_dtrader GBPUSD,H1: Failed modifying 
0	22:22:01.887	trend_dtrader GBPUSD,H1: Failed modifying 
0	22:22:02.887	trend_dtrader GBPUSD,H1: Failed modifying 
0	22:22:03.887	trend_dtrader GBPUSD,H1: Failed modifying 
0	22:22:04.887	trend_dtrader GBPUSD,H1: Failed modifying 
0	22:22:05.889	trend_dtrader GBPUSD,H1: Failed modifying 
0	22:22:06.889	trend_dtrader GBPUSD,H1: Failed modifying 
0	22:22:07.889	trend_dtrader GBPUSD,H1: Failed modifying 
0	22:22:08.889	trend_dtrader GBPUSD,H1: Failed modifying 
0	22:22:09.889	trend_dtrader GBPUSD,H1: Failed modifying 
0	22:22:10.890	trend_dtrader GBPUSD,H1: Failed modifying 
0	22:22:11.890	trend_dtrader GBPUSD,H1: Failed modifying 
0	22:22:12.890	trend_dtrader GBPUSD,H1: Failed modifying 
0	22:22:13.890	trend_dtrader GBPUSD,H1: Failed modifying 
0	22:22:14.890	trend_dtrader GBPUSD,H1: Failed modifying 
0	22:22:15.891	trend_dtrader GBPUSD,H1: Failed modifying 
0	22:22:16.891	trend_dtrader GBPUSD,H1: Failed modifying 
0	22:22:17.891	trend_dtrader GBPUSD,H1: Failed modifying 
0	22:22:18.891	trend_dtrader GBPUSD,H1: Failed modifying 
0	22:22:19.891	trend_dtrader GBPUSD,H1: Failed modifying 
0	22:22:20.892	trend_dtrader GBPUSD,H1: Failed modifying 
0	22:22:21.891	trend_dtrader GBPUSD,H1: Failed modifying 
0	22:22:22.892	trend_dtrader GBPUSD,H1: Failed modifying 
0	22:22:23.892	trend_dtrader GBPUSD,H1: Failed modifying 
0	22:22:24.892	trend_dtrader GBPUSD,H1: Failed modifying 
0	22:22:25.892	trend_dtrader GBPUSD,H1: Failed modifying 
0	22:22:26.892	trend_dtrader GBPUSD,H1: Failed modifying 
0	22:22:27.891	trend_dtrader GBPUSD,H1: Failed modifying 
0	22:22:28.892	trend_dtrader GBPUSD,H1: Failed modifying 
0	22:22:29.892	trend_dtrader GBPUSD,H1: Failed modifying 
0	22:22:30.893	trend_dtrader GBPUSD,H1: Failed modifying 
0	22:22:31.893	trend_dtrader GBPUSD,H1: Failed modifying 
0	22:22:32.892	trend_dtrader GBPUSD,H1: Failed modifying 
0	22:22:33.892	trend_dtrader GBPUSD,H1: Failed modifying 
0	22:22:34.893	trend_dtrader GBPUSD,H1: Failed modifying 
0	22:22:35.892	trend_dtrader GBPUSD,H1: Failed modifying 
0	22:22:36.893	trend_dtrader GBPUSD,H1: Failed modifying 
0	22:22:37.892	trend_dtrader GBPUSD,H1: Failed modifying 
0	22:22:38.892	trend_dtrader GBPUSD,H1: Failed modifying 
0	22:22:39.893	trend_dtrader GBPUSD,H1: Failed modifying 
0	22:22:40.892	trend_dtrader GBPUSD,H1: Failed modifying 
0	22:22:41.893	trend_dtrader GBPUSD,H1: Failed modifying 
0	22:22:42.892	trend_dtrader GBPUSD,H1: Failed modifying 
0	22:22:43.892	trend_dtrader GBPUSD,H1: Failed modifying 
0	22:22:44.892	trend_dtrader GBPUSD,H1: Failed modifying 
0	22:22:45.892	trend_dtrader GBPUSD,H1: Failed modifying 
0	22:22:46.892	trend_dtrader GBPUSD,H1: Failed modifying 
0	22:22:47.892	trend_dtrader GBPUSD,H1: Failed modifying 
0	22:22:48.893	trend_dtrader GBPUSD,H1: Failed modifying 
0	22:22:49.892	trend_dtrader GBPUSD,H1: Failed modifying 
0	22:22:50.893	trend_dtrader GBPUSD,H1: Failed modifying 
0	22:22:51.892	trend_dtrader GBPUSD,H1: Failed modifying 
0	22:22:52.892	trend_dtrader GBPUSD,H1: Failed modifying 
0	22:22:53.892	trend_dtrader GBPUSD,H1: Failed modifying 
0	22:22:54.892	trend_dtrader GBPUSD,H1: Failed modifying 
0	22:22:55.892	trend_dtrader GBPUSD,H1: Failed modifying 
0	22:22:56.892	trend_dtrader GBPUSD,H1: Failed modifying 
0	22:22:57.893	trend_dtrader GBPUSD,H1: Failed modifying 
0	22:22:58.892	trend_dtrader GBPUSD,H1: Failed modifying 
0	22:22:59.892	trend_dtrader GBPUSD,H1: Failed modifying 
0	22:23:00.892	trend_dtrader GBPUSD,H1: Failed modifying 
0	22:23:01.892	trend_dtrader GBPUSD,H1: Failed modifying 
0	22:23:02.891	trend_dtrader GBPUSD,H1: Failed modifying 
0	22:23:03.892	trend_dtrader GBPUSD,H1: Failed modifying 
0	22:23:04.891	trend_dtrader GBPUSD,H1: Failed modifying 
0	22:23:05.892	trend_dtrader GBPUSD,H1: Failed modifying 
0	22:23:06.892	trend_dtrader GBPUSD,H1: Failed modifying 
0	22:23:07.891	trend_dtrader GBPUSD,H1: Failed modifying 
0	22:23:08.892	trend_dtrader GBPUSD,H1: Failed modifying 
0	22:23:09.892	trend_dtrader GBPUSD,H1: Failed modifying 
0	22:23:10.891	trend_dtrader GBPUSD,H1: Failed modifying 
0	22:23:11.891	trend_dtrader GBPUSD,H1: Failed modifying 
0	22:23:12.891	trend_dtrader GBPUSD,H1: Failed modifying 
0	22:23:13.892	trend_dtrader GBPUSD,H1: Failed modifying 
0	22:23:14.891	trend_dtrader GBPUSD,H1: Failed modifying 
0	22:23:15.891	trend_dtrader GBPUSD,H1: Failed modifying 
0	22:23:16.892	trend_dtrader GBPUSD,H1: Failed modifying 
0	22:23:17.891	trend_dtrader GBPUSD,H1: Failed modifying 
0	22:23:18.891	trend_dtrader GBPUSD,H1: Failed modifying 
0	22:23:19.891	trend_dtrader GBPUSD,H1: Failed modifying 
0	22:23:20.891	trend_dtrader GBPUSD,H1: Failed modifying 
0	22:23:21.891	trend_dtrader GBPUSD,H1: Failed modifying 
0	22:23:22.891	trend_dtrader GBPUSD,H1: Failed modifying 
0	22:23:23.891	trend_dtrader GBPUSD,H1: Failed modifying 
0	22:23:24.890	trend_dtrader GBPUSD,H1: Failed modifying 
0	22:23:25.891	trend_dtrader GBPUSD,H1: Failed modifying 
0	22:23:26.891	trend_dtrader GBPUSD,H1: Failed modifying 
0	22:23:27.890	trend_dtrader GBPUSD,H1: Failed modifying 
0	22:23:28.890	trend_dtrader GBPUSD,H1: Failed modifying 
0	22:23:29.891	trend_dtrader GBPUSD,H1: Failed modifying 
0	22:23:30.891	trend_dtrader GBPUSD,H1: Failed modifying 
0	22:23:31.891	trend_dtrader GBPUSD,H1: Failed modifying 
0	22:23:32.890	trend_dtrader GBPUSD,H1: Failed modifying 
0	22:23:33.890	trend_dtrader GBPUSD,H1: Failed modifying 
0	22:23:34.891	trend_dtrader GBPUSD,H1: Failed modifying 
0	22:23:35.891	trend_dtrader GBPUSD,H1: Failed modifying 
0	22:23:36.890	trend_dtrader GBPUSD,H1: Failed modifying 
0	22:23:37.891	trend_dtrader GBPUSD,H1: Failed modifying 
0	22:23:38.892	trend_dtrader GBPUSD,H1: Failed modifying 
0	22:23:39.890	trend_dtrader GBPUSD,H1: Failed modifying 
0	22:23:40.890	trend_dtrader GBPUSD,H1: Failed modifying 
0	22:23:41.890	trend_dtrader GBPUSD,H1: Failed modifying 
0	22:23:42.891	trend_dtrader GBPUSD,H1: Failed modifying 
0	22:23:43.890	trend_dtrader GBPUSD,H1: Failed modifying 
0	22:23:44.890	trend_dtrader GBPUSD,H1: Failed modifying 
0	22:23:45.890	trend_dtrader GBPUSD,H1: Failed modifying 
0	22:23:46.890	trend_dtrader GBPUSD,H1: Failed modifying 
0	22:23:47.890	trend_dtrader GBPUSD,H1: Failed modifying 
0	22:23:48.890	trend_dtrader GBPUSD,H1: Failed modifying 
0	22:23:49.890	trend_dtrader GBPUSD,H1: Failed modifying 
0	22:23:50.896	trend_dtrader GBPUSD,H1: Failed modifying 
0	22:23:51.889	trend_dtrader GBPUSD,H1: Failed modifying 
0	22:23:52.889	trend_dtrader GBPUSD,H1: Failed modifying 
0	22:23:53.890	trend_dtrader GBPUSD,H1: Failed modifying 
0	22:23:54.890	trend_dtrader GBPUSD,H1: Failed modifying 
0	22:23:55.889	trend_dtrader GBPUSD,H1: Failed modifying 
0	22:23:56.889	trend_dtrader GBPUSD,H1: Failed modifying 
0	22:23:57.889	trend_dtrader GBPUSD,H1: Failed modifying 
0	22:23:58.889	trend_dtrader GBPUSD,H1: Failed modifying 
0	22:23:59.889	trend_dtrader GBPUSD,H1: Failed modifying 
0	22:24:00.889	trend_dtrader GBPUSD,H1: Failed modifying 
0	22:24:01.896	trend_dtrader GBPUSD,H1: Failed modifying 
0	22:24:02.889	trend_dtrader GBPUSD,H1: Failed modifying 
0	22:24:03.889	trend_dtrader GBPUSD,H1: Failed modifying 
0	22:24:04.889	trend_dtrader GBPUSD,H1: Failed modifying 
0	22:24:05.889	trend_dtrader GBPUSD,H1: Failed modifying 
0	22:24:06.889	trend_dtrader GBPUSD,H1: Failed modifying 
0	22:24:07.889	trend_dtrader GBPUSD,H1: Failed modifying 
0	22:24:08.889	trend_dtrader GBPUSD,H1: Failed modifying 
0	22:24:09.889	trend_dtrader GBPUSD,H1: Failed modifying 
0	22:24:10.889	trend_dtrader GBPUSD,H1: Failed modifying 
0	22:24:11.889	trend_dtrader GBPUSD,H1: Failed modifying 
0	22:24:12.897	trend_dtrader GBPUSD,H1: Failed modifying 
0	22:24:13.889	trend_dtrader GBPUSD,H1: Failed modifying 
0	22:24:14.889	trend_dtrader GBPUSD,H1: Failed modifying 
0	22:24:15.889	trend_dtrader GBPUSD,H1: Failed modifying 
0	22:24:16.888	trend_dtrader GBPUSD,H1: Failed modifying 
0	22:24:17.889	trend_dtrader GBPUSD,H1: Failed modifying 
0	22:24:18.889	trend_dtrader GBPUSD,H1: Failed modifying 
0	22:24:19.888	trend_dtrader GBPUSD,H1: Failed modifying 
0	22:24:20.889	trend_dtrader GBPUSD,H1: Failed modifying 
0	22:24:21.889	trend_dtrader GBPUSD,H1: Failed modifying 
0	22:24:22.888	trend_dtrader GBPUSD,H1: Failed modifying 
0	22:24:23.889	trend_dtrader GBPUSD,H1: Failed modifying 
0	22:24:24.888	trend_dtrader GBPUSD,H1: Failed modifying 
0	22:24:25.888	trend_dtrader GBPUSD,H1: Failed modifying 
0	22:24:26.888	trend_dtrader GBPUSD,H1: Failed modifying 
0	22:24:27.890	trend_dtrader GBPUSD,H1: Failed modifying 
0	22:24:28.888	trend_dtrader GBPUSD,H1: Failed modifying 
0	22:24:29.888	trend_dtrader GBPUSD,H1: Failed modifying 
0	22:24:30.889	trend_dtrader GBPUSD,H1: Failed modifying 
0	22:24:31.888	trend_dtrader GBPUSD,H1: Failed modifying 
0	22:24:32.888	trend_dtrader GBPUSD,H1: Failed modifying 
0	22:24:33.898	trend_dtrader GBPUSD,H1: Failed modifying 
0	22:24:34.888	trend_dtrader GBPUSD,H1: Failed modifying 
0	22:24:35.888	trend_dtrader GBPUSD,H1: Failed modifying 
0	22:24:36.888	trend_dtrader GBPUSD,H1: Failed modifying 
0	22:24:37.887	trend_dtrader GBPUSD,H1: Failed modifying 
0	22:24:38.888	trend_dtrader GBPUSD,H1: Failed modifying 
0	22:24:39.888	trend_dtrader GBPUSD,H1: Failed modifying 
0	22:24:40.888	trend_dtrader GBPUSD,H1: Failed modifying 
0	22:24:41.888	trend_dtrader GBPUSD,H1: Failed modifying 
0	22:24:42.887	trend_dtrader GBPUSD,H1: Failed modifying 
0	22:24:43.888	trend_dtrader GBPUSD,H1: Failed modifying 
0	22:24:44.888	trend_dtrader GBPUSD,H1: Failed modifying 
0	22:24:45.889	trend_dtrader GBPUSD,H1: Failed modifying 
0	22:24:46.887	trend_dtrader GBPUSD,H1: Failed modifying 
0	22:24:47.887	trend_dtrader GBPUSD,H1: Failed modifying 
0	22:24:48.887	trend_dtrader GBPUSD,H1: Failed modifying 
0	22:24:49.887	trend_dtrader GBPUSD,H1: Failed modifying 
0	22:24:50.887	trend_dtrader GBPUSD,H1: Failed modifying 
0	22:24:51.887	trend_dtrader GBPUSD,H1: Failed modifying 
0	22:24:52.887	trend_dtrader GBPUSD,H1: Failed modifying 
0	22:24:53.887	trend_dtrader GBPUSD,H1: Failed modifying 
0	22:24:54.888	trend_dtrader GBPUSD,H1: Failed modifying 
0	22:24:55.887	trend_dtrader GBPUSD,H1: Failed modifying 
0	22:24:56.888	trend_dtrader GBPUSD,H1: Failed modifying 
0	22:24:57.887	trend_dtrader GBPUSD,H1: Failed modifying 
0	22:24:58.887	trend_dtrader GBPUSD,H1: Failed modifying 
0	22:24:59.887	trend_dtrader GBPUSD,H1: Failed modifying 
0	22:25:00.891	trend_dtrader GBPUSD,H1: Failed modifying 
0	22:25:01.887	trend_dtrader GBPUSD,H1: Failed modifying 
0	22:25:02.889	trend_dtrader GBPUSD,H1: Failed modifying 
0	22:25:03.887	trend_dtrader GBPUSD,H1: Failed modifying 
0	22:25:04.887	trend_dtrader GBPUSD,H1: Failed modifying 
0	22:25:05.887	trend_dtrader GBPUSD,H1: Failed modifying 
0	22:25:06.888	trend_dtrader GBPUSD,H1: Failed modifying 
0	22:25:07.887	trend_dtrader GBPUSD,H1: Failed modifying 
0	22:25:08.887	trend_dtrader GBPUSD,H1: Failed modifying 
0	22:25:09.886	trend_dtrader GBPUSD,H1: Failed modifying 
0	22:25:10.886	trend_dtrader GBPUSD,H1: Failed modifying 
0	22:25:11.887	trend_dtrader GBPUSD,H1: Failed modifying 
0	22:25:12.886	trend_dtrader GBPUSD,H1: Failed modifying 
0	22:25:13.887	trend_dtrader GBPUSD,H1: Failed modifying 
0	22:25:14.886	trend_dtrader GBPUSD,H1: Failed modifying 
0	22:25:15.886	trend_dtrader GBPUSD,H1: Failed modifying 
0	22:25:16.886	trend_dtrader GBPUSD,H1: Failed modifying 
0	22:25:17.886	trend_dtrader GBPUSD,H1: Failed modifying 
0	22:25:18.886	trend_dtrader GBPUSD,H1: Failed modifying 
0	22:25:19.886	trend_dtrader GBPUSD,H1: Failed modifying 
0	22:25:20.887	trend_dtrader GBPUSD,H1: Failed modifying 
0	22:25:21.886	trend_dtrader GBPUSD,H1: Failed modifying 
0	22:25:22.886	trend_dtrader GBPUSD,H1: Failed modifying 
0	22:25:23.885	trend_dtrader GBPUSD,H1: Failed modifying 
0	22:25:24.886	trend_dtrader GBPUSD,H1: Failed modifying 
0	22:25:25.885	trend_dtrader GBPUSD,H1: Failed modifying 
0	22:25:26.886	trend_dtrader GBPUSD,H1: Failed modifying 
0	22:25:27.886	trend_dtrader GBPUSD,H1: Failed modifying 
0	22:25:28.886	trend_dtrader GBPUSD,H1: Failed modifying 
0	22:25:29.886	trend_dtrader GBPUSD,H1: Failed modifying 
0	22:25:30.886	trend_dtrader GBPUSD,H1: Failed modifying 
0	22:25:31.885	trend_dtrader GBPUSD,H1: Failed modifying 
0	22:25:32.885	trend_dtrader GBPUSD,H1: Failed modifying 
0	22:25:33.886	trend_dtrader GBPUSD,H1: Failed modifying 
0	22:25:34.885	trend_dtrader GBPUSD,H1: Failed modifying 
0	22:25:35.886	trend_dtrader GBPUSD,H1: Failed modifying 
0	22:25:36.886	trend_dtrader GBPUSD,H1: Failed modifying 
0	22:25:37.885	trend_dtrader GBPUSD,H1: Failed modifying 
0	22:25:38.885	trend_dtrader GBPUSD,H1: Failed modifying 
0	22:25:39.885	trend_dtrader GBPUSD,H1: Failed modifying 
0	22:25:40.885	trend_dtrader GBPUSD,H1: Failed modifying 
0	22:25:41.885	trend_dtrader GBPUSD,H1: Failed modifying 
0	22:25:42.886	trend_dtrader GBPUSD,H1: Failed modifying 
0	22:25:43.885	trend_dtrader GBPUSD,H1: Failed modifying 
0	22:25:44.886	trend_dtrader GBPUSD,H1: Failed modifying 
0	22:25:45.885	trend_dtrader GBPUSD,H1: Failed modifying 
0	22:25:46.885	trend_dtrader GBPUSD,H1: Failed modifying 
0	22:25:47.885	trend_dtrader GBPUSD,H1: Failed modifying 
0	22:25:48.885	trend_dtrader GBPUSD,H1: Failed modifying 
0	22:25:49.884	trend_dtrader GBPUSD,H1: Failed modifying 
0	22:25:50.884	trend_dtrader GBPUSD,H1: Failed modifying 
0	22:25:51.885	trend_dtrader GBPUSD,H1: Failed modifying 
0	22:25:52.885	trend_dtrader GBPUSD,H1: Failed modifying 
0	22:25:53.884	trend_dtrader GBPUSD,H1: Failed modifying 
0	22:25:54.885	trend_dtrader GBPUSD,H1: Failed modifying 
0	22:25:55.884	trend_dtrader GBPUSD,H1: Failed modifying 
0	22:25:56.884	trend_dtrader GBPUSD,H1: Failed modifying 
0	22:25:57.885	trend_dtrader GBPUSD,H1: Failed modifying 
0	22:25:58.898	trend_dtrader GBPUSD,H1: Failed modifying 
0	22:25:59.884	trend_dtrader GBPUSD,H1: Failed modifying 
0	22:26:00.885	trend_dtrader GBPUSD,H1: Failed modifying 
0	22:26:01.885	trend_dtrader GBPUSD,H1: Failed modifying 
0	22:26:02.884	trend_dtrader GBPUSD,H1: Failed modifying 
0	22:26:03.884	trend_dtrader GBPUSD,H1: Failed modifying 
0	22:26:04.884	trend_dtrader GBPUSD,H1: Failed modifying 
0	22:26:05.884	trend_dtrader GBPUSD,H1: Failed modifying 
0	22:26:06.893	trend_dtrader GBPUSD,H1: Failed modifying 
0	22:26:07.884	trend_dtrader GBPUSD,H1: Failed modifying 
0	22:26:08.884	trend_dtrader GBPUSD,H1: Failed modifying 
0	22:26:09.885	trend_dtrader GBPUSD,H1: Failed modifying 
0	22:26:10.900	trend_dtrader GBPUSD,H1: Failed modifying 
0	22:26:11.884	trend_dtrader GBPUSD,H1: Failed modifying 
0	22:26:12.884	trend_dtrader GBPUSD,H1: Failed modifying 
0	22:26:13.884	trend_dtrader GBPUSD,H1: Failed modifying 
0	22:26:14.884	trend_dtrader GBPUSD,H1: Failed modifying 
0	22:26:15.884	trend_dtrader GBPUSD,H1: Failed modifying 
0	22:26:16.900	trend_dtrader GBPUSD,H1: Failed modifying 
0	22:26:17.884	trend_dtrader GBPUSD,H1: Failed modifying 
0	22:26:18.883	trend_dtrader GBPUSD,H1: Failed modifying 
0	22:26:19.884	trend_dtrader GBPUSD,H1: Failed modifying 
0	22:26:20.883	trend_dtrader GBPUSD,H1: Failed modifying 
0	22:26:21.883	trend_dtrader GBPUSD,H1: Failed modifying 
0	22:26:22.884	trend_dtrader GBPUSD,H1: Failed modifying 
0	22:26:23.884	trend_dtrader GBPUSD,H1: Failed modifying 
0	22:26:24.883	trend_dtrader GBPUSD,H1: Failed modifying 
0	22:26:25.884	trend_dtrader GBPUSD,H1: Failed modifying 
0	22:26:26.883	trend_dtrader GBPUSD,H1: Failed modifying 
0	22:26:27.883	trend_dtrader GBPUSD,H1: Failed modifying 
0	22:26:28.883	trend_dtrader GBPUSD,H1: Failed modifying 
0	22:26:29.884	trend_dtrader GBPUSD,H1: Failed modifying 
0	22:26:30.883	trend_dtrader GBPUSD,H1: Failed modifying 
0	22:26:31.884	trend_dtrader GBPUSD,H1: Failed modifying 
0	22:26:32.883	trend_dtrader GBPUSD,H1: Failed modifying 
0	22:26:33.883	trend_dtrader GBPUSD,H1: Failed modifying 
0	22:26:34.883	trend_dtrader GBPUSD,H1: Failed modifying 
0	22:26:35.883	trend_dtrader GBPUSD,H1: Failed modifying 
0	22:26:36.883	trend_dtrader GBPUSD,H1: Failed modifying 
0	22:26:37.883	trend_dtrader GBPUSD,H1: Failed modifying 
0	22:26:38.883	trend_dtrader GBPUSD,H1: Failed modifying 
0	22:26:39.883	trend_dtrader GBPUSD,H1: Failed modifying 
0	22:26:40.883	trend_dtrader GBPUSD,H1: Failed modifying 
0	22:26:41.883	trend_dtrader GBPUSD,H1: Failed modifying 
0	22:26:42.884	trend_dtrader GBPUSD,H1: Failed modifying 
0	22:26:43.883	trend_dtrader GBPUSD,H1: Failed modifying 
0	22:26:44.883	trend_dtrader GBPUSD,H1: Failed modifying 
0	22:26:45.882	trend_dtrader GBPUSD,H1: Failed modifying 
0	22:26:46.883	trend_dtrader GBPUSD,H1: Failed modifying 
0	22:26:47.882	trend_dtrader GBPUSD,H1: Failed modifying 
0	22:26:48.882	trend_dtrader GBPUSD,H1: Failed modifying 
0	22:26:49.883	trend_dtrader GBPUSD,H1: Failed modifying 
0	22:26:50.882	trend_dtrader GBPUSD,H1: Failed modifying 
0	22:26:51.882	trend_dtrader GBPUSD,H1: Failed modifying 
0	22:26:52.882	trend_dtrader GBPUSD,H1: Failed modifying 
0	22:26:53.882	trend_dtrader GBPUSD,H1: Failed modifying 
0	22:26:54.882	trend_dtrader GBPUSD,H1: Failed modifying 
0	22:26:55.882	trend_dtrader GBPUSD,H1: Failed modifying 
0	22:26:56.883	trend_dtrader GBPUSD,H1: Failed modifying 
0	22:26:57.882	trend_dtrader GBPUSD,H1: Failed modifying 
2	22:26:59.118	trend_dtrader GBPUSD,H1: modify #477705795 buy 0.30 TRXUSD at 0.12517 sl: 0.12577 tp: 0.12637 ok
0	22:26:59.122	trend_dtrader GBPUSD,H1: Alert: TRXUSD has been assigned a breakeven 0.12577
0	22:26:59.883	trend_dtrader GBPUSD,H1: Failed modifying 
0	22:27:00.882	trend_dtrader GBPUSD,H1: Failed modifying 
0	22:27:01.882	trend_dtrader GBPUSD,H1: Failed modifying 
0	22:27:02.882	trend_dtrader GBPUSD,H1: Failed modifying 
0	22:27:03.882	trend_dtrader GBPUSD,H1: Failed modifying 
0	22:27:04.882	trend_dtrader GBPUSD,H1: Failed modifying 
0	22:27:05.882	trend_dtrader GBPUSD,H1: Failed modifying 
0	22:27:06.896	trend_dtrader GBPUSD,H1: Failed modifying 
0	22:27:07.883	trend_dtrader GBPUSD,H1: Failed modifying 
0	22:27:08.882	trend_dtrader GBPUSD,H1: Failed modifying 
0	22:27:09.883	trend_dtrader GBPUSD,H1: Failed modifying 
0	22:27:10.883	trend_dtrader GBPUSD,H1: Failed modifying 
0	22:27:11.884	trend_dtrader GBPUSD,H1: Failed modifying 
0	22:27:12.885	trend_dtrader GBPUSD,H1: Failed modifying 
0	22:29:12.060	trend_dtrader GBPUSD,H1: Failed modifying 
0	22:29:12.882	trend_dtrader GBPUSD,H1: Alert: Please check your internet connection
0	22:29:13.882	trend_dtrader GBPUSD,H1: Alert: Please check your internet connection
0	22:29:14.882	trend_dtrader GBPUSD,H1: Failed modifying 
0	22:29:15.956	trend_dtrader GBPUSD,H1: Failed modifying 
0	22:29:16.882	trend_dtrader GBPUSD,H1: Failed modifying 
0	22:29:17.883	trend_dtrader GBPUSD,H1: Failed modifying 
0	22:29:18.883	trend_dtrader GBPUSD,H1: Failed modifying 
0	22:29:19.886	trend_dtrader GBPUSD,H1: Alert: Please check your internet connection
0	22:29:20.886	trend_dtrader GBPUSD,H1: Alert: Please check your internet connection
0	22:29:21.884	trend_dtrader GBPUSD,H1: Failed modifying 
0	22:29:22.884	trend_dtrader GBPUSD,H1: Failed modifying 
0	22:29:23.885	trend_dtrader GBPUSD,H1: Failed modifying 
0	22:29:24.886	trend_dtrader GBPUSD,H1: Failed modifying 
0	22:29:25.885	trend_dtrader GBPUSD,H1: Failed modifying 
0	22:31:01.014	trend_dtrader GBPUSD,H1: Alert: Please check your internet connection
0	22:31:01.883	trend_dtrader GBPUSD,H1: Alert: Please check your internet connection
0	22:31:02.884	trend_dtrader GBPUSD,H1: Alert: Please check your internet connection
0	22:31:03.882	trend_dtrader GBPUSD,H1: Failed modifying 
0	22:31:04.883	trend_dtrader GBPUSD,H1: Failed modifying 
0	22:31:05.882	trend_dtrader GBPUSD,H1: Failed modifying 
0	22:31:06.894	trend_dtrader GBPUSD,H1: Failed modifying 
0	22:31:07.883	trend_dtrader GBPUSD,H1: Failed modifying 
0	22:31:08.895	trend_dtrader GBPUSD,H1: Failed modifying 
0	22:31:09.883	trend_dtrader GBPUSD,H1: Failed modifying 
0	22:31:10.884	trend_dtrader GBPUSD,H1: Failed modifying 
0	22:31:11.883	trend_dtrader GBPUSD,H1: Failed modifying 
0	22:31:12.884	trend_dtrader GBPUSD,H1: Failed modifying 
0	22:31:13.884	trend_dtrader GBPUSD,H1: Failed modifying 
0	22:31:14.883	trend_dtrader GBPUSD,H1: Failed modifying 
0	22:31:15.883	trend_dtrader GBPUSD,H1: Failed modifying 
0	22:31:16.884	trend_dtrader GBPUSD,H1: Failed modifying 
0	22:31:17.883	trend_dtrader GBPUSD,H1: Failed modifying 
0	22:31:18.884	trend_dtrader GBPUSD,H1: Failed modifying 
0	22:31:19.883	trend_dtrader GBPUSD,H1: Failed modifying 
0	22:31:20.884	trend_dtrader GBPUSD,H1: Failed modifying 
0	22:31:21.883	trend_dtrader GBPUSD,H1: Failed modifying 
0	22:31:22.884	trend_dtrader GBPUSD,H1: Failed modifying 
0	22:31:23.884	trend_dtrader GBPUSD,H1: Failed modifying 
0	22:31:24.884	trend_dtrader GBPUSD,H1: Failed modifying 
0	22:31:25.884	trend_dtrader GBPUSD,H1: Failed modifying 
0	22:31:26.883	trend_dtrader GBPUSD,H1: Failed modifying 
0	22:31:27.883	trend_dtrader GBPUSD,H1: Failed modifying 
0	22:31:28.883	trend_dtrader GBPUSD,H1: Failed modifying 
0	22:31:29.884	trend_dtrader GBPUSD,H1: Failed modifying 
0	22:31:30.884	trend_dtrader GBPUSD,H1: Failed modifying 
0	22:31:31.884	trend_dtrader GBPUSD,H1: Failed modifying 
0	22:31:32.883	trend_dtrader GBPUSD,H1: Failed modifying 
0	22:31:33.884	trend_dtrader GBPUSD,H1: Failed modifying 
0	22:31:34.883	trend_dtrader GBPUSD,H1: Failed modifying 
0	22:31:35.884	trend_dtrader GBPUSD,H1: Failed modifying 
0	22:31:36.884	trend_dtrader GBPUSD,H1: Failed modifying 
0	22:31:37.884	trend_dtrader GBPUSD,H1: Failed modifying 
0	22:31:38.883	trend_dtrader GBPUSD,H1: Failed modifying 
0	22:31:39.884	trend_dtrader GBPUSD,H1: Failed modifying 
0	22:31:40.884	trend_dtrader GBPUSD,H1: Failed modifying 
0	22:31:41.884	trend_dtrader GBPUSD,H1: Failed modifying 
0	22:31:42.883	trend_dtrader GBPUSD,H1: Failed modifying 
0	22:31:43.884	trend_dtrader GBPUSD,H1: Failed modifying 
0	22:31:44.883	trend_dtrader GBPUSD,H1: Failed modifying 
0	22:31:45.884	trend_dtrader GBPUSD,H1: Failed modifying 
0	22:31:46.884	trend_dtrader GBPUSD,H1: Failed modifying 
0	22:31:47.883	trend_dtrader GBPUSD,H1: Failed modifying 
0	22:31:48.884	trend_dtrader GBPUSD,H1: Failed modifying 
0	22:31:49.884	trend_dtrader GBPUSD,H1: Failed modifying 
0	22:31:50.883	trend_dtrader GBPUSD,H1: Failed modifying 
0	22:31:51.883	trend_dtrader GBPUSD,H1: Failed modifying 
0	22:31:52.884	trend_dtrader GBPUSD,H1: Failed modifying 
0	22:31:53.883	trend_dtrader GBPUSD,H1: Failed modifying 
0	22:31:54.883	trend_dtrader GBPUSD,H1: Failed modifying 
0	22:31:55.884	trend_dtrader GBPUSD,H1: Failed modifying 
0	22:31:56.884	trend_dtrader GBPUSD,H1: Failed modifying 
0	22:31:57.883	trend_dtrader GBPUSD,H1: Failed modifying 
0	22:31:58.883	trend_dtrader GBPUSD,H1: Failed modifying 
0	22:31:59.884	trend_dtrader GBPUSD,H1: Failed modifying 
0	22:32:00.883	trend_dtrader GBPUSD,H1: Failed modifying 
0	22:32:01.883	trend_dtrader GBPUSD,H1: Failed modifying 
0	22:32:02.883	trend_dtrader GBPUSD,H1: Failed modifying 
0	22:32:03.883	trend_dtrader GBPUSD,H1: Failed modifying 
0	22:32:04.883	trend_dtrader GBPUSD,H1: Failed modifying 
0	22:32:05.882	trend_dtrader GBPUSD,H1: Failed modifying 
0	22:32:06.883	trend_dtrader GBPUSD,H1: Failed modifying 
0	22:32:07.883	trend_dtrader GBPUSD,H1: Failed modifying 
0	22:32:08.883	trend_dtrader GBPUSD,H1: Failed modifying 
0	22:32:09.882	trend_dtrader GBPUSD,H1: Failed modifying 
0	22:32:10.882	trend_dtrader GBPUSD,H1: Failed modifying 
0	22:32:11.883	trend_dtrader GBPUSD,H1: Failed modifying 
0	22:32:12.884	trend_dtrader GBPUSD,H1: Failed modifying 
0	22:32:13.883	trend_dtrader GBPUSD,H1: Failed modifying 
0	22:32:14.883	trend_dtrader GBPUSD,H1: Failed modifying 
0	22:32:15.883	trend_dtrader GBPUSD,H1: Failed modifying 
0	22:32:16.882	trend_dtrader GBPUSD,H1: Failed modifying 
0	22:32:17.882	trend_dtrader GBPUSD,H1: Failed modifying 
0	22:32:18.882	trend_dtrader GBPUSD,H1: Failed modifying 
0	22:32:19.883	trend_dtrader GBPUSD,H1: Failed modifying 
0	22:32:20.882	trend_dtrader GBPUSD,H1: Failed modifying 
0	22:32:21.883	trend_dtrader GBPUSD,H1: Failed modifying 
0	22:32:22.882	trend_dtrader GBPUSD,H1: Failed modifying 
0	22:32:23.882	trend_dtrader GBPUSD,H1: Failed modifying 
0	22:32:24.883	trend_dtrader GBPUSD,H1: Failed modifying 
0	22:32:25.882	trend_dtrader GBPUSD,H1: Failed modifying 
0	22:32:26.883	trend_dtrader GBPUSD,H1: Failed modifying 
0	22:32:27.882	trend_dtrader GBPUSD,H1: Failed modifying 
0	22:32:28.882	trend_dtrader GBPUSD,H1: Failed modifying 
0	22:32:29.882	trend_dtrader GBPUSD,H1: Failed modifying 
0	22:32:30.882	trend_dtrader GBPUSD,H1: Failed modifying 
0	22:32:31.882	trend_dtrader GBPUSD,H1: Failed modifying 
0	22:32:32.882	trend_dtrader GBPUSD,H1: Failed modifying 
0	22:32:33.882	trend_dtrader GBPUSD,H1: Failed modifying 
0	22:32:34.882	trend_dtrader GBPUSD,H1: Failed modifying 
0	22:32:35.882	trend_dtrader GBPUSD,H1: Failed modifying 
0	22:32:36.882	trend_dtrader GBPUSD,H1: Failed modifying 
0	22:32:37.882	trend_dtrader GBPUSD,H1: Failed modifying 
0	22:32:38.881	trend_dtrader GBPUSD,H1: Failed modifying 
0	22:32:39.882	trend_dtrader GBPUSD,H1: Failed modifying 
0	22:32:40.882	trend_dtrader GBPUSD,H1: Failed modifying 
0	22:32:41.882	trend_dtrader GBPUSD,H1: Failed modifying 
0	22:32:42.881	trend_dtrader GBPUSD,H1: Failed modifying 
0	22:32:43.882	trend_dtrader GBPUSD,H1: Failed modifying 
0	22:32:44.881	trend_dtrader GBPUSD,H1: Failed modifying 
0	22:32:45.882	trend_dtrader GBPUSD,H1: Failed modifying 
0	22:32:46.882	trend_dtrader GBPUSD,H1: Failed modifying 
0	22:32:47.881	trend_dtrader GBPUSD,H1: Failed modifying 
0	22:32:48.881	trend_dtrader GBPUSD,H1: Failed modifying 
0	22:32:49.881	trend_dtrader GBPUSD,H1: Failed modifying 
0	22:32:50.881	trend_dtrader GBPUSD,H1: Failed modifying 
0	22:32:51.881	trend_dtrader GBPUSD,H1: Failed modifying 
0	22:32:52.881	trend_dtrader GBPUSD,H1: Failed modifying 
0	22:32:53.883	trend_dtrader GBPUSD,H1: Failed modifying 
0	22:32:54.882	trend_dtrader GBPUSD,H1: Failed modifying 
0	22:32:55.881	trend_dtrader GBPUSD,H1: Failed modifying 
0	22:32:56.881	trend_dtrader GBPUSD,H1: Failed modifying 
0	22:32:57.881	trend_dtrader GBPUSD,H1: Failed modifying 
0	22:32:58.881	trend_dtrader GBPUSD,H1: Failed modifying 
0	22:32:59.881	trend_dtrader GBPUSD,H1: Failed modifying 
0	22:33:00.880	trend_dtrader GBPUSD,H1: Failed modifying 
0	22:33:01.881	trend_dtrader GBPUSD,H1: Failed modifying 
0	22:33:02.881	trend_dtrader GBPUSD,H1: Failed modifying 
0	22:33:03.880	trend_dtrader GBPUSD,H1: Failed modifying 
0	22:33:04.881	trend_dtrader GBPUSD,H1: Failed modifying 
0	22:33:05.881	trend_dtrader GBPUSD,H1: Failed modifying 
0	22:33:06.881	trend_dtrader GBPUSD,H1: Failed modifying 
0	22:33:07.880	trend_dtrader GBPUSD,H1: Failed modifying 
0	22:33:08.881	trend_dtrader GBPUSD,H1: Failed modifying 
0	22:33:09.881	trend_dtrader GBPUSD,H1: Failed modifying 
0	22:33:10.881	trend_dtrader GBPUSD,H1: Failed modifying 
0	22:33:11.880	trend_dtrader GBPUSD,H1: Failed modifying 
0	22:33:12.880	trend_dtrader GBPUSD,H1: Failed modifying 
0	22:33:13.880	trend_dtrader GBPUSD,H1: Failed modifying 
0	22:33:14.881	trend_dtrader GBPUSD,H1: Failed modifying 
0	22:33:15.880	trend_dtrader GBPUSD,H1: Failed modifying 
0	22:33:16.880	trend_dtrader GBPUSD,H1: Failed modifying 
0	22:33:17.880	trend_dtrader GBPUSD,H1: Failed modifying 
0	22:33:18.881	trend_dtrader GBPUSD,H1: Failed modifying 
0	22:33:19.880	trend_dtrader GBPUSD,H1: Failed modifying 
0	22:33:20.880	trend_dtrader GBPUSD,H1: Failed modifying 
0	22:33:21.880	trend_dtrader GBPUSD,H1: Failed modifying 
0	22:33:22.880	trend_dtrader GBPUSD,H1: Failed modifying 
0	22:33:23.879	trend_dtrader GBPUSD,H1: Failed modifying 
0	22:33:24.880	trend_dtrader GBPUSD,H1: Failed modifying 
0	22:33:25.880	trend_dtrader GBPUSD,H1: Failed modifying 
0	22:33:26.880	trend_dtrader GBPUSD,H1: Failed modifying 
0	22:33:27.880	trend_dtrader GBPUSD,H1: Failed modifying 
0	22:33:28.880	trend_dtrader GBPUSD,H1: Failed modifying 
0	22:33:29.879	trend_dtrader GBPUSD,H1: Failed modifying 
0	22:33:30.880	trend_dtrader GBPUSD,H1: Failed modifying 
0	22:33:31.880	trend_dtrader GBPUSD,H1: Failed modifying 
0	22:33:32.880	trend_dtrader GBPUSD,H1: Failed modifying 
0	22:33:33.879	trend_dtrader GBPUSD,H1: Failed modifying 
0	22:33:34.879	trend_dtrader GBPUSD,H1: Failed modifying 
0	22:33:35.879	trend_dtrader GBPUSD,H1: Failed modifying 
0	22:33:36.879	trend_dtrader GBPUSD,H1: Failed modifying 
0	22:33:37.879	trend_dtrader GBPUSD,H1: Failed modifying 
0	22:33:38.879	trend_dtrader GBPUSD,H1: Failed modifying 
0	22:33:39.879	trend_dtrader GBPUSD,H1: Failed modifying 
0	22:33:40.879	trend_dtrader GBPUSD,H1: Failed modifying 
0	22:33:41.879	trend_dtrader GBPUSD,H1: Failed modifying 
0	22:33:42.879	trend_dtrader GBPUSD,H1: Failed modifying 
0	22:33:43.879	trend_dtrader GBPUSD,H1: Failed modifying 
0	22:33:44.879	trend_dtrader GBPUSD,H1: Failed modifying 
0	22:33:45.880	trend_dtrader GBPUSD,H1: Failed modifying 
0	22:33:46.879	trend_dtrader GBPUSD,H1: Failed modifying 
0	22:33:47.879	trend_dtrader GBPUSD,H1: Failed modifying 
0	22:33:48.880	trend_dtrader GBPUSD,H1: Failed modifying 
0	22:33:49.879	trend_dtrader GBPUSD,H1: Failed modifying 
0	22:33:50.879	trend_dtrader GBPUSD,H1: Failed modifying 
0	22:33:51.878	trend_dtrader GBPUSD,H1: Failed modifying 
0	22:33:52.879	trend_dtrader GBPUSD,H1: Failed modifying 
0	22:33:53.879	trend_dtrader GBPUSD,H1: Failed modifying 
0	22:33:54.879	trend_dtrader GBPUSD,H1: Failed modifying 
0	22:33:55.879	trend_dtrader GBPUSD,H1: Failed modifying 
0	22:33:56.884	trend_dtrader GBPUSD,H1: Failed modifying 
0	22:33:57.879	trend_dtrader GBPUSD,H1: Failed modifying 
0	22:33:58.878	trend_dtrader GBPUSD,H1: Failed modifying 
0	22:33:59.878	trend_dtrader GBPUSD,H1: Failed modifying 
0	22:34:00.878	trend_dtrader GBPUSD,H1: Failed modifying 
0	22:34:01.878	trend_dtrader GBPUSD,H1: Failed modifying 
0	22:34:02.878	trend_dtrader GBPUSD,H1: Failed modifying 
0	22:34:03.878	trend_dtrader GBPUSD,H1: Failed modifying 
0	22:34:04.878	trend_dtrader GBPUSD,H1: Failed modifying 
0	22:34:05.878	trend_dtrader GBPUSD,H1: Failed modifying 
0	22:34:06.879	trend_dtrader GBPUSD,H1: Failed modifying 
0	22:34:07.879	trend_dtrader GBPUSD,H1: Failed modifying 
0	22:34:08.879	trend_dtrader GBPUSD,H1: Failed modifying 
0	22:34:09.878	trend_dtrader GBPUSD,H1: Failed modifying 
0	22:34:10.878	trend_dtrader GBPUSD,H1: Failed modifying 
0	22:34:11.878	trend_dtrader GBPUSD,H1: Failed modifying 
0	22:34:12.878	trend_dtrader GBPUSD,H1: Failed modifying 
0	22:34:13.879	trend_dtrader GBPUSD,H1: Failed modifying 
0	22:34:14.878	trend_dtrader GBPUSD,H1: Failed modifying 
0	22:34:15.879	trend_dtrader GBPUSD,H1: Failed modifying 
0	22:34:16.878	trend_dtrader GBPUSD,H1: Failed modifying 
0	22:34:17.878	trend_dtrader GBPUSD,H1: Failed modifying 
0	22:34:18.878	trend_dtrader GBPUSD,H1: Failed modifying 
0	22:34:19.877	trend_dtrader GBPUSD,H1: Failed modifying 
0	22:34:20.878	trend_dtrader GBPUSD,H1: Failed modifying 
0	22:34:21.877	trend_dtrader GBPUSD,H1: Failed modifying 
0	22:34:22.878	trend_dtrader GBPUSD,H1: Failed modifying 
0	22:34:23.877	trend_dtrader GBPUSD,H1: Failed modifying 
0	22:34:24.877	trend_dtrader GBPUSD,H1: Failed modifying 
0	22:34:25.877	trend_dtrader GBPUSD,H1: Failed modifying 
0	22:34:26.877	trend_dtrader GBPUSD,H1: Failed modifying 
0	22:34:27.878	trend_dtrader GBPUSD,H1: Failed modifying 
0	22:34:28.877	trend_dtrader GBPUSD,H1: Failed modifying 
0	22:34:29.877	trend_dtrader GBPUSD,H1: Failed modifying 
0	22:34:30.878	trend_dtrader GBPUSD,H1: Failed modifying 
0	22:34:31.877	trend_dtrader GBPUSD,H1: Failed modifying 
0	22:34:32.877	trend_dtrader GBPUSD,H1: Failed modifying 
0	22:34:33.877	trend_dtrader GBPUSD,H1: Failed modifying 
0	22:34:34.877	trend_dtrader GBPUSD,H1: Failed modifying 
0	22:34:35.877	trend_dtrader GBPUSD,H1: Failed modifying 
0	22:34:36.877	trend_dtrader GBPUSD,H1: Failed modifying 
0	22:34:37.877	trend_dtrader GBPUSD,H1: Failed modifying 
0	22:34:38.877	trend_dtrader GBPUSD,H1: Failed modifying 
0	22:34:39.877	trend_dtrader GBPUSD,H1: Failed modifying 
0	22:34:40.876	trend_dtrader GBPUSD,H1: Failed modifying 
0	22:34:41.876	trend_dtrader GBPUSD,H1: Failed modifying 
0	22:34:42.877	trend_dtrader GBPUSD,H1: Failed modifying 
0	22:34:43.877	trend_dtrader GBPUSD,H1: Failed modifying 
0	22:34:44.878	trend_dtrader GBPUSD,H1: Failed modifying 
0	22:34:45.877	trend_dtrader GBPUSD,H1: Failed modifying 
0	22:34:46.876	trend_dtrader GBPUSD,H1: Failed modifying 
0	22:34:47.876	trend_dtrader GBPUSD,H1: Failed modifying 
0	22:34:48.877	trend_dtrader GBPUSD,H1: Failed modifying 
0	22:34:49.877	trend_dtrader GBPUSD,H1: Failed modifying 
0	22:34:50.877	trend_dtrader GBPUSD,H1: Failed modifying 
0	22:34:51.876	trend_dtrader GBPUSD,H1: Failed modifying 
0	22:34:52.876	trend_dtrader GBPUSD,H1: Failed modifying 
0	22:34:53.876	trend_dtrader GBPUSD,H1: Failed modifying 
0	22:34:54.876	trend_dtrader GBPUSD,H1: Failed modifying 
0	22:34:55.881	trend_dtrader GBPUSD,H1: Failed modifying 
0	22:34:56.876	trend_dtrader GBPUSD,H1: Failed modifying 
0	22:34:57.875	trend_dtrader GBPUSD,H1: Failed modifying 
0	22:34:58.876	trend_dtrader GBPUSD,H1: Failed modifying 
0	22:34:59.876	trend_dtrader GBPUSD,H1: Failed modifying 
0	22:35:00.876	trend_dtrader GBPUSD,H1: Failed modifying 
0	22:35:01.875	trend_dtrader GBPUSD,H1: Failed modifying 
0	22:35:02.876	trend_dtrader GBPUSD,H1: Failed modifying 
0	22:35:03.875	trend_dtrader GBPUSD,H1: Failed modifying 
0	22:35:04.876	trend_dtrader GBPUSD,H1: Failed modifying 
0	22:35:05.876	trend_dtrader GBPUSD,H1: Failed modifying 
0	22:35:06.876	trend_dtrader GBPUSD,H1: Failed modifying 
0	22:35:07.876	trend_dtrader GBPUSD,H1: Failed modifying 
0	22:35:08.876	trend_dtrader GBPUSD,H1: Failed modifying 
0	22:35:09.876	trend_dtrader GBPUSD,H1: Failed modifying 
0	22:35:10.876	trend_dtrader GBPUSD,H1: Failed modifying 
0	22:35:11.876	trend_dtrader GBPUSD,H1: Failed modifying 
0	22:35:12.875	trend_dtrader GBPUSD,H1: Failed modifying 
0	22:35:13.875	trend_dtrader GBPUSD,H1: Failed modifying 
0	22:35:14.876	trend_dtrader GBPUSD,H1: Failed modifying 
0	22:35:15.875	trend_dtrader GBPUSD,H1: Failed modifying 
0	22:35:16.875	trend_dtrader GBPUSD,H1: Failed modifying 
0	22:35:17.875	trend_dtrader GBPUSD,H1: Failed modifying 
0	22:35:18.875	trend_dtrader GBPUSD,H1: Failed modifying 
0	22:35:19.875	trend_dtrader GBPUSD,H1: Failed modifying 
0	22:35:20.876	trend_dtrader GBPUSD,H1: Failed modifying 
0	22:35:21.874	trend_dtrader GBPUSD,H1: Failed modifying 
0	22:35:22.875	trend_dtrader GBPUSD,H1: Failed modifying 
0	22:35:23.874	trend_dtrader GBPUSD,H1: Failed modifying 
0	22:35:24.875	trend_dtrader GBPUSD,H1: Failed modifying 
0	22:35:25.875	trend_dtrader GBPUSD,H1: Failed modifying 
0	22:35:26.875	trend_dtrader GBPUSD,H1: Failed modifying 
0	22:35:27.875	trend_dtrader GBPUSD,H1: Failed modifying 
0	22:35:28.875	trend_dtrader GBPUSD,H1: Failed modifying 
0	22:35:29.875	trend_dtrader GBPUSD,H1: Failed modifying 
0	22:35:30.875	trend_dtrader GBPUSD,H1: Failed modifying 
0	22:35:31.874	trend_dtrader GBPUSD,H1: Failed modifying 
0	22:35:32.874	trend_dtrader GBPUSD,H1: Failed modifying 
0	22:35:33.875	trend_dtrader GBPUSD,H1: Failed modifying 
0	22:35:34.875	trend_dtrader GBPUSD,H1: Failed modifying 
0	22:35:35.874	trend_dtrader GBPUSD,H1: Failed modifying 
0	22:35:36.874	trend_dtrader GBPUSD,H1: Failed modifying 
0	22:35:37.875	trend_dtrader GBPUSD,H1: Failed modifying 
0	22:35:38.875	trend_dtrader GBPUSD,H1: Failed modifying 
0	22:35:39.874	trend_dtrader GBPUSD,H1: Failed modifying 
0	22:35:40.874	trend_dtrader GBPUSD,H1: Failed modifying 
0	22:35:41.874	trend_dtrader GBPUSD,H1: Failed modifying 
0	22:35:42.874	trend_dtrader GBPUSD,H1: Failed modifying 
0	22:35:43.874	trend_dtrader GBPUSD,H1: Failed modifying 
0	22:35:44.874	trend_dtrader GBPUSD,H1: Failed modifying 
0	22:35:45.875	trend_dtrader GBPUSD,H1: Failed modifying 
0	22:35:46.874	trend_dtrader GBPUSD,H1: Failed modifying 
0	22:35:47.874	trend_dtrader GBPUSD,H1: Failed modifying 
0	22:35:48.875	trend_dtrader GBPUSD,H1: Failed modifying 
0	22:35:49.873	trend_dtrader GBPUSD,H1: Failed modifying 
0	22:35:50.874	trend_dtrader GBPUSD,H1: Failed modifying 
0	22:35:51.874	trend_dtrader GBPUSD,H1: Failed modifying 
0	22:35:52.874	trend_dtrader GBPUSD,H1: Failed modifying 
0	22:35:53.874	trend_dtrader GBPUSD,H1: Failed modifying 
0	22:35:54.873	trend_dtrader GBPUSD,H1: Failed modifying 
0	22:35:55.873	trend_dtrader GBPUSD,H1: Failed modifying 
0	22:35:56.874	trend_dtrader GBPUSD,H1: Failed modifying 
0	22:35:57.874	trend_dtrader GBPUSD,H1: Failed modifying 
0	22:35:58.873	trend_dtrader GBPUSD,H1: Failed modifying 
0	22:35:59.874	trend_dtrader GBPUSD,H1: Failed modifying 
0	22:36:00.874	trend_dtrader GBPUSD,H1: Failed modifying 
0	22:36:01.873	trend_dtrader GBPUSD,H1: Failed modifying 
0	22:36:02.874	trend_dtrader GBPUSD,H1: Failed modifying 
0	22:36:03.873	trend_dtrader GBPUSD,H1: Failed modifying 
0	22:36:04.873	trend_dtrader GBPUSD,H1: Failed modifying 
0	22:36:05.873	trend_dtrader GBPUSD,H1: Failed modifying 
0	22:36:06.874	trend_dtrader GBPUSD,H1: Failed modifying 
0	22:36:07.873	trend_dtrader GBPUSD,H1: Failed modifying 
0	22:36:08.876	trend_dtrader GBPUSD,H1: Failed modifying 
0	22:36:09.873	trend_dtrader GBPUSD,H1: Failed modifying 
0	22:36:10.872	trend_dtrader GBPUSD,H1: Failed modifying 
0	22:36:11.873	trend_dtrader GBPUSD,H1: Failed modifying 
0	22:36:12.873	trend_dtrader GBPUSD,H1: Failed modifying 
0	22:36:13.878	trend_dtrader GBPUSD,H1: Failed modifying 
0	22:36:14.872	trend_dtrader GBPUSD,H1: Failed modifying 
0	22:36:15.873	trend_dtrader GBPUSD,H1: Failed modifying 
0	22:36:16.873	trend_dtrader GBPUSD,H1: Failed modifying 
0	22:36:17.873	trend_dtrader GBPUSD,H1: Failed modifying 
0	22:36:18.874	trend_dtrader GBPUSD,H1: Failed modifying 
0	22:36:19.873	trend_dtrader GBPUSD,H1: Failed modifying 
0	22:36:20.873	trend_dtrader GBPUSD,H1: Failed modifying 
0	22:36:21.872	trend_dtrader GBPUSD,H1: Failed modifying 
0	22:36:22.872	trend_dtrader GBPUSD,H1: Failed modifying 
0	22:36:23.874	trend_dtrader GBPUSD,H1: Failed modifying 
0	22:36:24.873	trend_dtrader GBPUSD,H1: Failed modifying 
0	22:36:25.873	trend_dtrader GBPUSD,H1: Failed modifying 
0	22:36:26.872	trend_dtrader GBPUSD,H1: Failed modifying 
0	22:36:27.873	trend_dtrader GBPUSD,H1: Failed modifying 
0	22:36:28.872	trend_dtrader GBPUSD,H1: Failed modifying 
0	22:36:29.873	trend_dtrader GBPUSD,H1: Failed modifying 
0	22:36:30.872	trend_dtrader GBPUSD,H1: Failed modifying 
0	22:36:31.872	trend_dtrader GBPUSD,H1: Failed modifying 
0	22:36:32.872	trend_dtrader GBPUSD,H1: Failed modifying 
0	22:36:33.872	trend_dtrader GBPUSD,H1: Failed modifying 
0	22:36:34.872	trend_dtrader GBPUSD,H1: Failed modifying 
0	22:36:35.872	trend_dtrader GBPUSD,H1: Failed modifying 
0	22:36:36.872	trend_dtrader GBPUSD,H1: Failed modifying 
0	22:36:37.872	trend_dtrader GBPUSD,H1: Failed modifying 
0	22:36:38.872	trend_dtrader GBPUSD,H1: Failed modifying 
0	22:36:39.872	trend_dtrader GBPUSD,H1: Failed modifying 
0	22:36:40.871	trend_dtrader GBPUSD,H1: Failed modifying 
0	22:36:41.872	trend_dtrader GBPUSD,H1: Failed modifying 
0	22:36:42.872	trend_dtrader GBPUSD,H1: Failed modifying 
0	22:36:43.872	trend_dtrader GBPUSD,H1: Failed modifying 
0	22:36:44.872	trend_dtrader GBPUSD,H1: Failed modifying 
0	22:36:45.873	trend_dtrader GBPUSD,H1: Failed modifying 
0	22:36:46.872	trend_dtrader GBPUSD,H1: Failed modifying 
0	22:36:47.872	trend_dtrader GBPUSD,H1: Failed modifying 
0	22:36:48.872	trend_dtrader GBPUSD,H1: Failed modifying 
0	22:36:49.871	trend_dtrader GBPUSD,H1: Failed modifying 
0	22:36:50.871	trend_dtrader GBPUSD,H1: Failed modifying 
0	22:36:51.871	trend_dtrader GBPUSD,H1: Failed modifying 
0	22:36:52.872	trend_dtrader GBPUSD,H1: Failed modifying 
0	22:36:53.871	trend_dtrader GBPUSD,H1: Failed modifying 
0	22:36:54.871	trend_dtrader GBPUSD,H1: Failed modifying 
0	22:36:55.871	trend_dtrader GBPUSD,H1: Failed modifying 
0	22:36:56.871	trend_dtrader GBPUSD,H1: Failed modifying 
0	22:36:57.872	trend_dtrader GBPUSD,H1: Failed modifying 
0	22:36:58.872	trend_dtrader GBPUSD,H1: Failed modifying 
0	22:36:59.871	trend_dtrader GBPUSD,H1: Failed modifying 
0	22:37:00.871	trend_dtrader GBPUSD,H1: Failed modifying 
0	22:37:01.870	trend_dtrader GBPUSD,H1: Failed modifying 
0	22:37:02.871	trend_dtrader GBPUSD,H1: Failed modifying 
0	22:37:03.870	trend_dtrader GBPUSD,H1: Failed modifying 
0	22:37:04.872	trend_dtrader GBPUSD,H1: Failed modifying 
0	22:37:05.871	trend_dtrader GBPUSD,H1: Failed modifying 
0	22:37:06.871	trend_dtrader GBPUSD,H1: Failed modifying 
0	22:37:07.870	trend_dtrader GBPUSD,H1: Failed modifying 
0	22:37:08.870	trend_dtrader GBPUSD,H1: Failed modifying 
0	22:37:09.871	trend_dtrader GBPUSD,H1: Failed modifying 
0	22:37:10.871	trend_dtrader GBPUSD,H1: Failed modifying 
0	22:37:11.871	trend_dtrader GBPUSD,H1: Failed modifying 
0	22:37:12.870	trend_dtrader GBPUSD,H1: Failed modifying 
0	22:37:13.871	trend_dtrader GBPUSD,H1: Failed modifying 
0	22:37:14.870	trend_dtrader GBPUSD,H1: Failed modifying 
0	22:37:15.871	trend_dtrader GBPUSD,H1: Failed modifying 
0	22:37:16.871	trend_dtrader GBPUSD,H1: Failed modifying 
0	22:37:17.870	trend_dtrader GBPUSD,H1: Failed modifying 
0	22:37:18.870	trend_dtrader GBPUSD,H1: Failed modifying 
0	22:37:19.870	trend_dtrader GBPUSD,H1: Failed modifying 
0	22:37:20.871	trend_dtrader GBPUSD,H1: Failed modifying 
0	22:37:21.870	trend_dtrader GBPUSD,H1: Failed modifying 
0	22:37:22.870	trend_dtrader GBPUSD,H1: Failed modifying 
0	22:37:23.870	trend_dtrader GBPUSD,H1: Failed modifying 
0	22:37:24.870	trend_dtrader GBPUSD,H1: Failed modifying 
0	22:37:25.870	trend_dtrader GBPUSD,H1: Failed modifying 
0	22:37:26.871	trend_dtrader GBPUSD,H1: Failed modifying 
0	22:37:27.869	trend_dtrader GBPUSD,H1: Failed modifying 
0	22:37:28.870	trend_dtrader GBPUSD,H1: Failed modifying 
0	22:37:29.872	trend_dtrader GBPUSD,H1: Failed modifying 
0	22:37:30.873	trend_dtrader GBPUSD,H1: Failed modifying 
0	22:37:31.870	trend_dtrader GBPUSD,H1: Failed modifying 
0	22:37:32.870	trend_dtrader GBPUSD,H1: Failed modifying 
0	22:37:33.870	trend_dtrader GBPUSD,H1: Failed modifying 
0	22:37:34.870	trend_dtrader GBPUSD,H1: Failed modifying 
0	22:37:35.869	trend_dtrader GBPUSD,H1: Failed modifying 
0	22:37:36.870	trend_dtrader GBPUSD,H1: Failed modifying 
0	22:37:37.870	trend_dtrader GBPUSD,H1: Failed modifying 
0	22:37:38.869	trend_dtrader GBPUSD,H1: Failed modifying 
0	22:37:39.870	trend_dtrader GBPUSD,H1: Failed modifying 
0	22:37:40.869	trend_dtrader GBPUSD,H1: Failed modifying 
0	22:37:41.870	trend_dtrader GBPUSD,H1: Failed modifying 
0	22:37:42.869	trend_dtrader GBPUSD,H1: Failed modifying 
0	22:37:43.869	trend_dtrader GBPUSD,H1: Failed modifying 
0	22:37:44.869	trend_dtrader GBPUSD,H1: Failed modifying 
0	22:37:45.869	trend_dtrader GBPUSD,H1: Failed modifying 
0	22:37:46.870	trend_dtrader GBPUSD,H1: Failed modifying 
0	22:37:47.870	trend_dtrader GBPUSD,H1: Failed modifying 
0	22:37:48.870	trend_dtrader GBPUSD,H1: Failed modifying 
0	22:37:49.869	trend_dtrader GBPUSD,H1: Failed modifying 
0	22:37:50.870	trend_dtrader GBPUSD,H1: Failed modifying 
0	22:37:51.869	trend_dtrader GBPUSD,H1: Failed modifying 
0	22:37:52.869	trend_dtrader GBPUSD,H1: Failed modifying 
0	22:37:53.870	trend_dtrader GBPUSD,H1: Failed modifying 
0	22:37:54.868	trend_dtrader GBPUSD,H1: Failed modifying 
0	22:37:55.868	trend_dtrader GBPUSD,H1: Failed modifying 
0	22:37:56.869	trend_dtrader GBPUSD,H1: Failed modifying 
0	22:37:57.869	trend_dtrader GBPUSD,H1: Failed modifying 
0	22:37:58.869	trend_dtrader GBPUSD,H1: Failed modifying 
0	22:37:59.868	trend_dtrader GBPUSD,H1: Failed modifying 
0	22:38:00.868	trend_dtrader GBPUSD,H1: Failed modifying 
0	22:38:01.868	trend_dtrader GBPUSD,H1: Failed modifying 
0	22:38:02.869	trend_dtrader GBPUSD,H1: Failed modifying 
0	22:38:03.868	trend_dtrader GBPUSD,H1: Failed modifying 
0	22:38:04.870	trend_dtrader GBPUSD,H1: Failed modifying 
0	22:38:05.868	trend_dtrader GBPUSD,H1: Failed modifying 
0	22:38:06.868	trend_dtrader GBPUSD,H1: Failed modifying 
0	22:38:07.868	trend_dtrader GBPUSD,H1: Failed modifying 
0	22:38:08.868	trend_dtrader GBPUSD,H1: Failed modifying 
0	22:38:09.868	trend_dtrader GBPUSD,H1: Failed modifying 
0	22:38:10.868	trend_dtrader GBPUSD,H1: Failed modifying 
0	22:38:11.869	trend_dtrader GBPUSD,H1: Failed modifying 
0	22:38:12.868	trend_dtrader GBPUSD,H1: Failed modifying 
0	22:38:13.869	trend_dtrader GBPUSD,H1: Failed modifying 
0	22:38:14.867	trend_dtrader GBPUSD,H1: Failed modifying 
0	22:38:15.868	trend_dtrader GBPUSD,H1: Failed modifying 
0	22:38:16.868	trend_dtrader GBPUSD,H1: Failed modifying 
0	22:38:17.868	trend_dtrader GBPUSD,H1: Failed modifying 
0	22:38:18.882	trend_dtrader GBPUSD,H1: Failed modifying 
0	22:38:19.868	trend_dtrader GBPUSD,H1: Failed modifying 
0	22:38:20.868	trend_dtrader GBPUSD,H1: Failed modifying 
0	22:38:21.868	trend_dtrader GBPUSD,H1: Failed modifying 
0	22:38:22.867	trend_dtrader GBPUSD,H1: Failed modifying 
0	22:38:23.867	trend_dtrader GBPUSD,H1: Failed modifying 
0	22:38:24.868	trend_dtrader GBPUSD,H1: Failed modifying 
0	22:38:25.868	trend_dtrader GBPUSD,H1: Failed modifying 
0	22:38:26.868	trend_dtrader GBPUSD,H1: Failed modifying 
0	22:38:27.867	trend_dtrader GBPUSD,H1: Failed modifying 
0	22:38:28.867	trend_dtrader GBPUSD,H1: Failed modifying 
0	22:38:29.867	trend_dtrader GBPUSD,H1: Failed modifying 
0	22:38:30.867	trend_dtrader GBPUSD,H1: Failed modifying 
0	22:38:31.867	trend_dtrader GBPUSD,H1: Failed modifying 
0	22:38:32.867	trend_dtrader GBPUSD,H1: Failed modifying 
0	22:38:33.868	trend_dtrader GBPUSD,H1: Failed modifying 
0	22:38:34.867	trend_dtrader GBPUSD,H1: Failed modifying 
0	22:38:35.868	trend_dtrader GBPUSD,H1: Failed modifying 
0	22:38:36.867	trend_dtrader GBPUSD,H1: Failed modifying 
0	22:38:37.868	trend_dtrader GBPUSD,H1: Failed modifying 
0	22:38:38.867	trend_dtrader GBPUSD,H1: Failed modifying 
0	22:38:39.879	trend_dtrader GBPUSD,H1: Failed modifying 
0	22:38:40.876	trend_dtrader GBPUSD,H1: Failed modifying 
0	22:38:41.867	trend_dtrader GBPUSD,H1: Failed modifying 
0	22:38:42.867	trend_dtrader GBPUSD,H1: Failed modifying 
0	22:38:43.867	trend_dtrader GBPUSD,H1: Failed modifying 
0	22:38:44.867	trend_dtrader GBPUSD,H1: Failed modifying 
0	22:38:45.867	trend_dtrader GBPUSD,H1: Failed modifying 
0	22:38:46.867	trend_dtrader GBPUSD,H1: Failed modifying 
0	22:38:47.869	trend_dtrader GBPUSD,H1: Failed modifying 
0	22:38:48.866	trend_dtrader GBPUSD,H1: Failed modifying 
0	22:38:49.867	trend_dtrader GBPUSD,H1: Failed modifying 
0	22:38:50.867	trend_dtrader GBPUSD,H1: Failed modifying 
0	22:38:51.866	trend_dtrader GBPUSD,H1: Failed modifying 
0	22:38:52.866	trend_dtrader GBPUSD,H1: Failed modifying 
0	22:38:53.866	trend_dtrader GBPUSD,H1: Failed modifying 
0	22:38:54.866	trend_dtrader GBPUSD,H1: Failed modifying 
0	22:38:55.866	trend_dtrader GBPUSD,H1: Failed modifying 
0	22:38:56.866	trend_dtrader GBPUSD,H1: Failed modifying 
0	22:38:57.866	trend_dtrader GBPUSD,H1: Failed modifying 
0	22:38:58.867	trend_dtrader GBPUSD,H1: Failed modifying 
0	22:38:59.873	trend_dtrader GBPUSD,H1: Failed modifying 
0	22:39:00.867	trend_dtrader GBPUSD,H1: Failed modifying 
0	22:39:01.866	trend_dtrader GBPUSD,H1: Failed modifying 
0	22:39:02.866	trend_dtrader GBPUSD,H1: Failed modifying 
0	22:39:03.866	trend_dtrader GBPUSD,H1: Failed modifying 
0	22:39:04.866	trend_dtrader GBPUSD,H1: Failed modifying 
0	22:39:05.865	trend_dtrader GBPUSD,H1: Failed modifying 
0	22:39:06.866	trend_dtrader GBPUSD,H1: Failed modifying 
0	22:39:07.867	trend_dtrader GBPUSD,H1: Failed modifying 
0	22:39:08.866	trend_dtrader GBPUSD,H1: Failed modifying 
0	22:39:09.866	trend_dtrader GBPUSD,H1: Failed modifying 
0	22:39:10.866	trend_dtrader GBPUSD,H1: Failed modifying 
0	22:39:11.865	trend_dtrader GBPUSD,H1: Failed modifying 
0	22:39:12.866	trend_dtrader GBPUSD,H1: Failed modifying 
0	22:39:13.866	trend_dtrader GBPUSD,H1: Failed modifying 
0	22:39:14.867	trend_dtrader GBPUSD,H1: Failed modifying 
0	22:39:15.866	trend_dtrader GBPUSD,H1: Failed modifying 
0	22:39:16.866	trend_dtrader GBPUSD,H1: Failed modifying 
0	22:39:17.865	trend_dtrader GBPUSD,H1: Failed modifying 
0	22:39:18.865	trend_dtrader GBPUSD,H1: Failed modifying 
0	22:39:19.866	trend_dtrader GBPUSD,H1: Failed modifying 
0	22:39:20.865	trend_dtrader GBPUSD,H1: Failed modifying 
0	22:39:21.866	trend_dtrader GBPUSD,H1: Failed modifying 
0	22:39:22.865	trend_dtrader GBPUSD,H1: Failed modifying 
0	22:39:23.865	trend_dtrader GBPUSD,H1: Failed modifying 
0	22:39:24.865	trend_dtrader GBPUSD,H1: Failed modifying 
0	22:39:25.869	trend_dtrader GBPUSD,H1: Failed modifying 
0	22:39:26.865	trend_dtrader GBPUSD,H1: Failed modifying 
0	22:39:27.871	trend_dtrader GBPUSD,H1: Failed modifying 
0	22:39:28.873	trend_dtrader GBPUSD,H1: Failed modifying 
0	22:39:29.865	trend_dtrader GBPUSD,H1: Failed modifying 
0	22:39:30.866	trend_dtrader GBPUSD,H1: Failed modifying 
0	22:39:31.866	trend_dtrader GBPUSD,H1: Failed modifying 
0	22:39:32.865	trend_dtrader GBPUSD,H1: Failed modifying 
0	22:39:33.865	trend_dtrader GBPUSD,H1: Failed modifying 
0	22:39:34.865	trend_dtrader GBPUSD,H1: Failed modifying 
0	22:39:35.864	trend_dtrader GBPUSD,H1: Failed modifying 
0	22:39:36.865	trend_dtrader GBPUSD,H1: Failed modifying 
0	22:39:37.864	trend_dtrader GBPUSD,H1: Failed modifying 
0	22:39:38.864	trend_dtrader GBPUSD,H1: Failed modifying 
0	22:39:39.866	trend_dtrader GBPUSD,H1: Failed modifying 
0	22:39:40.865	trend_dtrader GBPUSD,H1: Failed modifying 
0	22:39:41.864	trend_dtrader GBPUSD,H1: Failed modifying 
0	22:39:42.865	trend_dtrader GBPUSD,H1: Failed modifying 
0	22:39:43.864	trend_dtrader GBPUSD,H1: Failed modifying 
0	22:39:44.864	trend_dtrader GBPUSD,H1: Failed modifying 
0	22:39:45.864	trend_dtrader GBPUSD,H1: Failed modifying 
0	22:39:46.864	trend_dtrader GBPUSD,H1: Failed modifying 
0	22:39:47.864	trend_dtrader GBPUSD,H1: Failed modifying 
0	22:39:48.864	trend_dtrader GBPUSD,H1: Failed modifying 
0	22:39:49.865	trend_dtrader GBPUSD,H1: Failed modifying 
0	22:39:50.864	trend_dtrader GBPUSD,H1: Failed modifying 
0	22:39:51.865	trend_dtrader GBPUSD,H1: Failed modifying 
0	22:39:52.864	trend_dtrader GBPUSD,H1: Failed modifying 
0	22:39:53.864	trend_dtrader GBPUSD,H1: Failed modifying 
0	22:39:54.864	trend_dtrader GBPUSD,H1: Failed modifying 
0	22:39:55.864	trend_dtrader GBPUSD,H1: Failed modifying 
0	22:39:56.864	trend_dtrader GBPUSD,H1: Failed modifying 
0	22:39:57.864	trend_dtrader GBPUSD,H1: Failed modifying 
0	22:39:58.863	trend_dtrader GBPUSD,H1: Failed modifying 
0	22:39:59.863	trend_dtrader GBPUSD,H1: Failed modifying 
0	22:40:00.863	trend_dtrader GBPUSD,H1: Failed modifying 
0	22:40:01.864	trend_dtrader GBPUSD,H1: Failed modifying 
0	22:40:02.864	trend_dtrader GBPUSD,H1: Failed modifying 
0	22:40:03.864	trend_dtrader GBPUSD,H1: Failed modifying 
0	22:40:04.864	trend_dtrader GBPUSD,H1: Failed modifying 
0	22:40:05.864	trend_dtrader GBPUSD,H1: Failed modifying 
0	22:40:06.864	trend_dtrader GBPUSD,H1: Failed modifying 
0	22:40:07.864	trend_dtrader GBPUSD,H1: Failed modifying 
0	22:40:08.863	trend_dtrader GBPUSD,H1: Failed modifying 
0	22:40:09.864	trend_dtrader GBPUSD,H1: Failed modifying 
0	22:40:10.863	trend_dtrader GBPUSD,H1: Failed modifying 
0	22:40:11.863	trend_dtrader GBPUSD,H1: Failed modifying 
0	22:40:12.864	trend_dtrader GBPUSD,H1: Failed modifying 
0	22:40:13.863	trend_dtrader GBPUSD,H1: Failed modifying 
0	22:40:14.864	trend_dtrader GBPUSD,H1: Failed modifying 
0	22:40:15.862	trend_dtrader GBPUSD,H1: Failed modifying 
0	22:40:16.864	trend_dtrader GBPUSD,H1: Failed modifying 
0	22:40:17.864	trend_dtrader GBPUSD,H1: Failed modifying 
0	22:40:18.863	trend_dtrader GBPUSD,H1: Failed modifying 
0	22:40:19.863	trend_dtrader GBPUSD,H1: Failed modifying 
0	22:40:20.862	trend_dtrader GBPUSD,H1: Failed modifying 
0	22:40:21.863	trend_dtrader GBPUSD,H1: Failed modifying 
0	22:40:22.862	trend_dtrader GBPUSD,H1: Failed modifying 
0	22:40:23.863	trend_dtrader GBPUSD,H1: Failed modifying 
0	22:40:24.863	trend_dtrader GBPUSD,H1: Failed modifying 
0	22:40:25.864	trend_dtrader GBPUSD,H1: Failed modifying 
0	22:40:26.863	trend_dtrader GBPUSD,H1: Failed modifying 
0	22:40:27.863	trend_dtrader GBPUSD,H1: Failed modifying 
0	22:40:28.863	trend_dtrader GBPUSD,H1: Failed modifying 
0	22:40:29.862	trend_dtrader GBPUSD,H1: Failed modifying 
0	22:40:30.863	trend_dtrader GBPUSD,H1: Failed modifying 
0	22:40:31.863	trend_dtrader GBPUSD,H1: Failed modifying 
0	22:40:32.863	trend_dtrader GBPUSD,H1: Failed modifying 
0	22:40:33.862	trend_dtrader GBPUSD,H1: Failed modifying 
0	22:40:34.863	trend_dtrader GBPUSD,H1: Failed modifying 
0	22:40:35.862	trend_dtrader GBPUSD,H1: Failed modifying 
0	22:40:36.862	trend_dtrader GBPUSD,H1: Failed modifying 
0	22:40:37.862	trend_dtrader GBPUSD,H1: Failed modifying 
0	22:40:38.862	trend_dtrader GBPUSD,H1: Failed modifying 
0	22:40:39.869	trend_dtrader GBPUSD,H1: Failed modifying 
0	22:40:40.863	trend_dtrader GBPUSD,H1: Failed modifying 
0	22:40:41.862	trend_dtrader GBPUSD,H1: Failed modifying 
0	22:40:42.863	trend_dtrader GBPUSD,H1: Failed modifying 
0	22:40:43.862	trend_dtrader GBPUSD,H1: Failed modifying 
0	22:40:44.863	trend_dtrader GBPUSD,H1: Failed modifying 
0	22:40:45.862	trend_dtrader GBPUSD,H1: Failed modifying 
0	22:40:46.862	trend_dtrader GBPUSD,H1: Failed modifying 
0	22:40:47.861	trend_dtrader GBPUSD,H1: Failed modifying 
0	22:40:48.862	trend_dtrader GBPUSD,H1: Failed modifying 
0	22:40:49.862	trend_dtrader GBPUSD,H1: Failed modifying 
0	22:40:50.862	trend_dtrader GBPUSD,H1: Failed modifying 
0	22:40:51.862	trend_dtrader GBPUSD,H1: Failed modifying 
0	22:40:52.861	trend_dtrader GBPUSD,H1: Failed modifying 
0	22:40:53.861	trend_dtrader GBPUSD,H1: Failed modifying 
0	22:40:54.861	trend_dtrader GBPUSD,H1: Failed modifying 
0	22:40:55.862	trend_dtrader GBPUSD,H1: Failed modifying 
0	22:40:56.861	trend_dtrader GBPUSD,H1: Failed modifying 
0	22:40:57.862	trend_dtrader GBPUSD,H1: Failed modifying 
0	22:40:58.861	trend_dtrader GBPUSD,H1: Failed modifying 
0	22:40:59.861	trend_dtrader GBPUSD,H1: Failed modifying 
0	22:41:00.862	trend_dtrader GBPUSD,H1: Failed modifying 
0	22:41:01.861	trend_dtrader GBPUSD,H1: Failed modifying 
0	22:41:02.861	trend_dtrader GBPUSD,H1: Failed modifying 
0	22:41:03.862	trend_dtrader GBPUSD,H1: Failed modifying 
0	22:41:04.861	trend_dtrader GBPUSD,H1: Failed modifying 
0	22:41:05.860	trend_dtrader GBPUSD,H1: Failed modifying 
0	22:41:06.861	trend_dtrader GBPUSD,H1: Failed modifying 
0	22:41:07.861	trend_dtrader GBPUSD,H1: Failed modifying 
0	22:41:08.861	trend_dtrader GBPUSD,H1: Failed modifying 
0	22:41:09.862	trend_dtrader GBPUSD,H1: Failed modifying 
0	22:41:10.860	trend_dtrader GBPUSD,H1: Failed modifying 
0	22:41:11.861	trend_dtrader GBPUSD,H1: Failed modifying 
0	22:41:12.861	trend_dtrader GBPUSD,H1: Failed modifying 
0	22:41:13.861	trend_dtrader GBPUSD,H1: Failed modifying 
0	22:41:14.860	trend_dtrader GBPUSD,H1: Failed modifying 
0	22:41:15.865	trend_dtrader GBPUSD,H1: Failed modifying 
0	22:41:16.861	trend_dtrader GBPUSD,H1: Failed modifying 
0	22:41:17.861	trend_dtrader GBPUSD,H1: Failed modifying 
0	22:41:18.866	trend_dtrader GBPUSD,H1: Failed modifying 
0	22:41:19.860	trend_dtrader GBPUSD,H1: Failed modifying 
0	22:41:20.860	trend_dtrader GBPUSD,H1: Failed modifying 
0	22:41:21.861	trend_dtrader GBPUSD,H1: Failed modifying 
0	22:41:22.861	trend_dtrader GBPUSD,H1: Failed modifying 
0	22:41:23.861	trend_dtrader GBPUSD,H1: Failed modifying 
0	22:41:24.860	trend_dtrader GBPUSD,H1: Failed modifying 
0	22:41:25.860	trend_dtrader GBPUSD,H1: Failed modifying 
0	22:41:26.860	trend_dtrader GBPUSD,H1: Failed modifying 
0	22:41:27.860	trend_dtrader GBPUSD,H1: Failed modifying 
0	22:41:28.860	trend_dtrader GBPUSD,H1: Failed modifying 
0	22:41:29.860	trend_dtrader GBPUSD,H1: Failed modifying 
0	22:41:30.861	trend_dtrader GBPUSD,H1: Failed modifying 
0	22:41:31.860	trend_dtrader GBPUSD,H1: Failed modifying 
0	22:41:32.860	trend_dtrader GBPUSD,H1: Failed modifying 
0	22:41:33.860	trend_dtrader GBPUSD,H1: Failed modifying 
0	22:41:34.861	trend_dtrader GBPUSD,H1: Failed modifying 
0	22:41:35.860	trend_dtrader GBPUSD,H1: Failed modifying 
0	22:41:36.860	trend_dtrader GBPUSD,H1: Failed modifying 
0	22:41:37.859	trend_dtrader GBPUSD,H1: Failed modifying 
0	22:41:38.859	trend_dtrader GBPUSD,H1: Failed modifying 
0	22:41:39.860	trend_dtrader GBPUSD,H1: Failed modifying 
0	22:41:40.860	trend_dtrader GBPUSD,H1: Failed modifying 
0	22:41:41.860	trend_dtrader GBPUSD,H1: Failed modifying 
0	22:41:42.859	trend_dtrader GBPUSD,H1: Failed modifying 
0	22:41:43.860	trend_dtrader GBPUSD,H1: Failed modifying 
0	22:41:44.859	trend_dtrader GBPUSD,H1: Failed modifying 
0	22:41:45.859	trend_dtrader GBPUSD,H1: Failed modifying 
0	22:41:46.859	trend_dtrader GBPUSD,H1: Failed modifying 
0	22:41:47.860	trend_dtrader GBPUSD,H1: Failed modifying 
0	22:41:48.861	trend_dtrader GBPUSD,H1: Failed modifying 
0	22:41:49.860	trend_dtrader GBPUSD,H1: Failed modifying 
0	22:41:50.860	trend_dtrader GBPUSD,H1: Failed modifying 
0	22:41:51.859	trend_dtrader GBPUSD,H1: Failed modifying 
0	22:41:52.859	trend_dtrader GBPUSD,H1: Failed modifying 
0	22:41:53.859	trend_dtrader GBPUSD,H1: Failed modifying 
0	22:41:54.862	trend_dtrader GBPUSD,H1: Failed modifying 
0	22:41:55.859	trend_dtrader GBPUSD,H1: Failed modifying 
0	22:41:56.859	trend_dtrader GBPUSD,H1: Failed modifying 
0	22:41:57.859	trend_dtrader GBPUSD,H1: Failed modifying 
0	22:41:58.862	trend_dtrader GBPUSD,H1: Failed modifying 
0	22:41:59.859	trend_dtrader GBPUSD,H1: Failed modifying 
0	22:42:00.859	trend_dtrader GBPUSD,H1: Failed modifying 
0	22:42:01.866	trend_dtrader GBPUSD,H1: Failed modifying 
0	22:42:02.858	trend_dtrader GBPUSD,H1: Failed modifying 
0	22:42:03.859	trend_dtrader GBPUSD,H1: Failed modifying 
0	22:42:04.861	trend_dtrader GBPUSD,H1: Failed modifying 
0	22:42:05.858	trend_dtrader GBPUSD,H1: Failed modifying 
0	22:42:06.858	trend_dtrader GBPUSD,H1: Failed modifying 
0	22:42:07.858	trend_dtrader GBPUSD,H1: Failed modifying 
0	22:42:08.861	trend_dtrader GBPUSD,H1: Failed modifying 
0	22:42:09.858	trend_dtrader GBPUSD,H1: Failed modifying 
0	22:42:10.859	trend_dtrader GBPUSD,H1: Failed modifying 
0	22:42:11.789	trend_dtrader GBPUSD,H1: Failed modifying 
0	22:42:12.788	trend_dtrader GBPUSD,H1: Failed modifying 
0	22:42:13.788	trend_dtrader GBPUSD,H1: Failed modifying 
0	22:42:14.788	trend_dtrader GBPUSD,H1: Failed modifying 
0	22:42:15.789	trend_dtrader GBPUSD,H1: Failed modifying 
0	22:42:16.789	trend_dtrader GBPUSD,H1: Failed modifying 
0	22:42:17.788	trend_dtrader GBPUSD,H1: Failed modifying 
0	22:42:18.788	trend_dtrader GBPUSD,H1: Failed modifying 
0	22:42:19.789	trend_dtrader GBPUSD,H1: Failed modifying 
0	22:42:20.788	trend_dtrader GBPUSD,H1: Failed modifying 
0	22:42:21.789	trend_dtrader GBPUSD,H1: Failed modifying 
0	22:42:22.788	trend_dtrader GBPUSD,H1: Failed modifying 
0	22:42:23.788	trend_dtrader GBPUSD,H1: Failed modifying 
0	22:42:24.788	trend_dtrader GBPUSD,H1: Failed modifying 
0	22:42:25.788	trend_dtrader GBPUSD,H1: Failed modifying 
0	22:42:26.788	trend_dtrader GBPUSD,H1: Failed modifying 
0	22:42:27.788	trend_dtrader GBPUSD,H1: Failed modifying 
0	22:42:28.787	trend_dtrader GBPUSD,H1: Failed modifying 
0	22:42:29.788	trend_dtrader GBPUSD,H1: Failed modifying 
0	22:42:30.788	trend_dtrader GBPUSD,H1: Failed modifying 
0	22:42:31.787	trend_dtrader GBPUSD,H1: Failed modifying 
0	22:42:32.788	trend_dtrader GBPUSD,H1: Failed modifying 
0	22:42:33.787	trend_dtrader GBPUSD,H1: Failed modifying 
0	22:42:34.787	trend_dtrader GBPUSD,H1: Failed modifying 
0	22:42:35.787	trend_dtrader GBPUSD,H1: Failed modifying 
0	22:42:36.788	trend_dtrader GBPUSD,H1: Failed modifying 
0	22:42:37.787	trend_dtrader GBPUSD,H1: Failed modifying 
0	22:42:38.788	trend_dtrader GBPUSD,H1: Failed modifying 
0	22:42:39.787	trend_dtrader GBPUSD,H1: Failed modifying 
0	22:42:40.787	trend_dtrader GBPUSD,H1: Failed modifying 
0	22:42:41.787	trend_dtrader GBPUSD,H1: Failed modifying 
0	22:42:42.788	trend_dtrader GBPUSD,H1: Failed modifying 
0	22:42:43.787	trend_dtrader GBPUSD,H1: Failed modifying 
0	22:42:44.787	trend_dtrader GBPUSD,H1: Failed modifying 
0	22:42:45.787	trend_dtrader GBPUSD,H1: Failed modifying 
0	22:42:46.787	trend_dtrader GBPUSD,H1: Failed modifying 
0	22:42:47.787	trend_dtrader GBPUSD,H1: Failed modifying 
0	22:42:48.787	trend_dtrader GBPUSD,H1: Failed modifying 
0	22:42:49.786	trend_dtrader GBPUSD,H1: Failed modifying 
0	22:42:50.787	trend_dtrader GBPUSD,H1: Failed modifying 
0	22:42:51.787	trend_dtrader GBPUSD,H1: Failed modifying 
0	22:42:52.787	trend_dtrader GBPUSD,H1: Failed modifying 
0	22:42:53.786	trend_dtrader GBPUSD,H1: Failed modifying 
0	22:42:54.787	trend_dtrader GBPUSD,H1: Failed modifying 
0	22:42:55.787	trend_dtrader GBPUSD,H1: Failed modifying 
0	22:42:56.787	trend_dtrader GBPUSD,H1: Failed modifying 
0	22:42:57.786	trend_dtrader GBPUSD,H1: Failed modifying 
0	22:42:58.786	trend_dtrader GBPUSD,H1: Failed modifying 
0	22:42:59.787	trend_dtrader GBPUSD,H1: Failed modifying 
0	22:43:00.787	trend_dtrader GBPUSD,H1: Failed modifying 
0	22:43:01.787	trend_dtrader GBPUSD,H1: Failed modifying 
0	22:43:02.786	trend_dtrader GBPUSD,H1: Failed modifying 
0	22:43:03.786	trend_dtrader GBPUSD,H1: Failed modifying 
0	22:43:04.786	trend_dtrader GBPUSD,H1: Failed modifying 
0	22:43:05.786	trend_dtrader GBPUSD,H1: Failed modifying 
0	22:43:06.786	trend_dtrader GBPUSD,H1: Failed modifying 
0	22:43:07.786	trend_dtrader GBPUSD,H1: Failed modifying 
0	22:43:08.786	trend_dtrader GBPUSD,H1: Failed modifying 
0	22:43:09.786	trend_dtrader GBPUSD,H1: Failed modifying 
0	22:43:10.786	trend_dtrader GBPUSD,H1: Failed modifying 
0	22:43:11.786	trend_dtrader GBPUSD,H1: Failed modifying 
0	22:43:12.786	trend_dtrader GBPUSD,H1: Failed modifying 
0	22:43:13.786	trend_dtrader GBPUSD,H1: Failed modifying 
0	22:43:14.786	trend_dtrader GBPUSD,H1: Failed modifying 
0	22:43:15.786	trend_dtrader GBPUSD,H1: Failed modifying 
0	22:43:16.786	trend_dtrader GBPUSD,H1: Failed modifying 
0	22:43:17.785	trend_dtrader GBPUSD,H1: Failed modifying 
0	22:43:18.786	trend_dtrader GBPUSD,H1: Failed modifying 
0	22:43:19.786	trend_dtrader GBPUSD,H1: Failed modifying 
0	22:43:20.785	trend_dtrader GBPUSD,H1: Failed modifying 
0	22:43:21.786	trend_dtrader GBPUSD,H1: Failed modifying 
0	22:43:22.785	trend_dtrader GBPUSD,H1: Failed modifying 
0	22:43:23.785	trend_dtrader GBPUSD,H1: Failed modifying 
0	22:43:24.786	trend_dtrader GBPUSD,H1: Failed modifying 
0	22:43:25.785	trend_dtrader GBPUSD,H1: Failed modifying 
0	22:43:26.785	trend_dtrader GBPUSD,H1: Failed modifying 
0	22:43:27.785	trend_dtrader GBPUSD,H1: Failed modifying 
0	22:43:28.785	trend_dtrader GBPUSD,H1: Failed modifying 
0	22:43:29.786	trend_dtrader GBPUSD,H1: Failed modifying 
0	22:43:30.785	trend_dtrader GBPUSD,H1: Failed modifying 
0	22:43:31.785	trend_dtrader GBPUSD,H1: Failed modifying 
0	22:43:32.786	trend_dtrader GBPUSD,H1: Failed modifying 
0	22:43:33.785	trend_dtrader GBPUSD,H1: Failed modifying 
0	22:43:34.784	trend_dtrader GBPUSD,H1: Failed modifying 
0	22:43:35.785	trend_dtrader GBPUSD,H1: Failed modifying 
0	22:43:36.785	trend_dtrader GBPUSD,H1: Failed modifying 
0	22:43:37.785	trend_dtrader GBPUSD,H1: Failed modifying 
0	22:43:38.785	trend_dtrader GBPUSD,H1: Failed modifying 
0	22:43:39.784	trend_dtrader GBPUSD,H1: Failed modifying 
0	22:43:40.784	trend_dtrader GBPUSD,H1: Failed modifying 
0	22:43:41.785	trend_dtrader GBPUSD,H1: Failed modifying 
0	22:43:42.784	trend_dtrader GBPUSD,H1: Failed modifying 
0	22:43:43.784	trend_dtrader GBPUSD,H1: Failed modifying 
0	22:43:44.785	trend_dtrader GBPUSD,H1: Failed modifying 
0	22:43:45.784	trend_dtrader GBPUSD,H1: Failed modifying 
0	22:43:46.785	trend_dtrader GBPUSD,H1: Failed modifying 
0	22:43:47.785	trend_dtrader GBPUSD,H1: Failed modifying 
0	22:43:48.785	trend_dtrader GBPUSD,H1: Failed modifying 
0	22:43:49.784	trend_dtrader GBPUSD,H1: Failed modifying 
0	22:43:50.784	trend_dtrader GBPUSD,H1: Failed modifying 
0	22:43:51.784	trend_dtrader GBPUSD,H1: Failed modifying 
0	22:43:52.783	trend_dtrader GBPUSD,H1: Failed modifying 
0	22:43:53.784	trend_dtrader GBPUSD,H1: Failed modifying 
0	22:43:54.783	trend_dtrader GBPUSD,H1: Failed modifying 
0	22:43:55.784	trend_dtrader GBPUSD,H1: Failed modifying 
0	22:43:56.783	trend_dtrader GBPUSD,H1: Failed modifying 
0	22:43:57.784	trend_dtrader GBPUSD,H1: Failed modifying 
0	22:43:58.784	trend_dtrader GBPUSD,H1: Failed modifying 
0	22:43:59.784	trend_dtrader GBPUSD,H1: Failed modifying 
0	22:44:00.783	trend_dtrader GBPUSD,H1: Failed modifying 
0	22:44:01.784	trend_dtrader GBPUSD,H1: Failed modifying 
0	22:44:02.784	trend_dtrader GBPUSD,H1: Failed modifying 
0	22:44:03.783	trend_dtrader GBPUSD,H1: Failed modifying 
0	22:44:04.783	trend_dtrader GBPUSD,H1: Failed modifying 
0	22:44:05.783	trend_dtrader GBPUSD,H1: Failed modifying 
0	22:44:06.783	trend_dtrader GBPUSD,H1: Failed modifying 
0	22:44:07.782	trend_dtrader GBPUSD,H1: Failed modifying 
0	22:44:08.783	trend_dtrader GBPUSD,H1: Failed modifying 
0	22:44:09.783	trend_dtrader GBPUSD,H1: Failed modifying 
0	22:44:31.782	trend_dtrader GBPUSD,H1: Failed modifying 
0	22:44:32.782	trend_dtrader GBPUSD,H1: Failed modifying 
0	22:44:33.782	trend_dtrader GBPUSD,H1: Failed modifying 
0	22:44:34.782	trend_dtrader GBPUSD,H1: Failed modifying 
0	22:44:35.782	trend_dtrader GBPUSD,H1: Failed modifying 
0	22:44:36.782	trend_dtrader GBPUSD,H1: Failed modifying 
0	22:44:37.782	trend_dtrader GBPUSD,H1: Failed modifying 
0	22:44:38.782	trend_dtrader GBPUSD,H1: Failed modifying 
0	22:44:39.782	trend_dtrader GBPUSD,H1: Failed modifying 
0	22:44:40.782	trend_dtrader GBPUSD,H1: Failed modifying 
0	22:44:41.782	trend_dtrader GBPUSD,H1: Failed modifying 
0	22:44:42.781	trend_dtrader GBPUSD,H1: Failed modifying 
0	22:44:43.781	trend_dtrader GBPUSD,H1: Failed modifying 
0	22:44:44.781	trend_dtrader GBPUSD,H1: Failed modifying 
0	22:44:45.781	trend_dtrader GBPUSD,H1: Failed modifying 
0	22:44:46.782	trend_dtrader GBPUSD,H1: Failed modifying 
0	22:44:47.781	trend_dtrader GBPUSD,H1: Failed modifying 
0	22:44:48.781	trend_dtrader GBPUSD,H1: Failed modifying 
0	22:44:49.781	trend_dtrader GBPUSD,H1: Failed modifying 
0	22:44:50.781	trend_dtrader GBPUSD,H1: Failed modifying 
0	22:44:51.781	trend_dtrader GBPUSD,H1: Failed modifying 
0	22:44:52.781	trend_dtrader GBPUSD,H1: Failed modifying 
0	22:44:53.781	trend_dtrader GBPUSD,H1: Failed modifying 
0	22:44:54.781	trend_dtrader GBPUSD,H1: Failed modifying 
0	22:44:55.781	trend_dtrader GBPUSD,H1: Failed modifying 
0	22:44:56.781	trend_dtrader GBPUSD,H1: Failed modifying 
0	22:44:57.780	trend_dtrader GBPUSD,H1: Failed modifying 
0	22:44:58.781	trend_dtrader GBPUSD,H1: Failed modifying 
0	22:44:59.780	trend_dtrader GBPUSD,H1: Failed modifying 
0	22:45:00.780	trend_dtrader GBPUSD,H1: Failed modifying 
0	22:45:01.781	trend_dtrader GBPUSD,H1: Failed modifying 
0	22:45:02.781	trend_dtrader GBPUSD,H1: Failed modifying 
0	22:45:03.780	trend_dtrader GBPUSD,H1: Failed modifying 
0	22:45:04.780	trend_dtrader GBPUSD,H1: Failed modifying 
0	22:45:05.780	trend_dtrader GBPUSD,H1: Failed modifying 
0	22:45:06.780	trend_dtrader GBPUSD,H1: Failed modifying 
0	22:45:07.780	trend_dtrader GBPUSD,H1: Failed modifying 
0	22:45:08.780	trend_dtrader GBPUSD,H1: Failed modifying 
0	22:45:09.780	trend_dtrader GBPUSD,H1: Failed modifying 
0	22:45:10.780	trend_dtrader GBPUSD,H1: Failed modifying 
0	22:45:11.781	trend_dtrader GBPUSD,H1: Failed modifying 
0	22:45:12.780	trend_dtrader GBPUSD,H1: Failed modifying 
0	22:45:13.780	trend_dtrader GBPUSD,H1: Failed modifying 
0	22:45:14.779	trend_dtrader GBPUSD,H1: Failed modifying 
0	22:45:15.780	trend_dtrader GBPUSD,H1: Failed modifying 
0	22:45:16.779	trend_dtrader GBPUSD,H1: Failed modifying 
0	22:45:17.779	trend_dtrader GBPUSD,H1: Failed modifying 
0	22:45:18.780	trend_dtrader GBPUSD,H1: Failed modifying 
0	22:45:19.780	trend_dtrader GBPUSD,H1: Failed modifying 
0	22:45:20.780	trend_dtrader GBPUSD,H1: Failed modifying 
0	22:45:21.779	trend_dtrader GBPUSD,H1: Failed modifying 
0	22:45:22.779	trend_dtrader GBPUSD,H1: Failed modifying 
0	22:45:23.780	trend_dtrader GBPUSD,H1: Failed modifying 
0	22:45:24.779	trend_dtrader GBPUSD,H1: Failed modifying 
0	22:45:25.779	trend_dtrader GBPUSD,H1: Failed modifying 
0	22:45:26.780	trend_dtrader GBPUSD,H1: Failed modifying 
0	22:45:27.779	trend_dtrader GBPUSD,H1: Failed modifying 
0	22:45:28.780	trend_dtrader GBPUSD,H1: Failed modifying 
0	22:45:29.779	trend_dtrader GBPUSD,H1: Failed modifying 
0	22:45:30.779	trend_dtrader GBPUSD,H1: Failed modifying 
0	22:45:31.779	trend_dtrader GBPUSD,H1: Failed modifying 
0	22:45:32.779	trend_dtrader GBPUSD,H1: Failed modifying 
0	22:45:33.780	trend_dtrader GBPUSD,H1: Failed modifying 
0	22:45:34.779	trend_dtrader GBPUSD,H1: Failed modifying 
0	22:45:35.779	trend_dtrader GBPUSD,H1: Failed modifying 
0	22:45:36.780	trend_dtrader GBPUSD,H1: Failed modifying 
0	22:45:37.779	trend_dtrader GBPUSD,H1: Failed modifying 
0	22:45:38.779	trend_dtrader GBPUSD,H1: Failed modifying 
0	22:45:39.779	trend_dtrader GBPUSD,H1: Failed modifying 
0	22:45:40.779	trend_dtrader GBPUSD,H1: Failed modifying 
0	22:45:41.779	trend_dtrader GBPUSD,H1: Failed modifying 
0	22:45:42.778	trend_dtrader GBPUSD,H1: Failed modifying 
0	22:45:43.778	trend_dtrader GBPUSD,H1: Failed modifying 
0	22:45:44.780	trend_dtrader GBPUSD,H1: Failed modifying 
0	22:45:45.778	trend_dtrader GBPUSD,H1: Failed modifying 
0	22:45:46.779	trend_dtrader GBPUSD,H1: Failed modifying 
0	22:45:47.778	trend_dtrader GBPUSD,H1: Failed modifying 
0	22:45:48.778	trend_dtrader GBPUSD,H1: Failed modifying 
0	22:45:49.778	trend_dtrader GBPUSD,H1: Failed modifying 
0	22:45:50.778	trend_dtrader GBPUSD,H1: Failed modifying 
0	22:45:51.778	trend_dtrader GBPUSD,H1: Failed modifying 
0	22:45:52.778	trend_dtrader GBPUSD,H1: Failed modifying 
0	22:45:53.777	trend_dtrader GBPUSD,H1: Failed modifying 
0	22:45:54.778	trend_dtrader GBPUSD,H1: Failed modifying 
0	22:45:55.777	trend_dtrader GBPUSD,H1: Failed modifying 
0	22:45:56.777	trend_dtrader GBPUSD,H1: Failed modifying 
0	22:45:57.778	trend_dtrader GBPUSD,H1: Failed modifying 
0	22:45:58.778	trend_dtrader GBPUSD,H1: Failed modifying 
0	22:45:59.777	trend_dtrader GBPUSD,H1: Failed modifying 
0	22:46:00.777	trend_dtrader GBPUSD,H1: Failed modifying 
0	22:46:01.777	trend_dtrader GBPUSD,H1: Failed modifying 
0	22:46:02.777	trend_dtrader GBPUSD,H1: Failed modifying 
0	22:46:03.777	trend_dtrader GBPUSD,H1: Failed modifying 
0	22:46:04.778	trend_dtrader GBPUSD,H1: Failed modifying 
0	22:46:05.777	trend_dtrader GBPUSD,H1: Failed modifying 
0	22:46:06.777	trend_dtrader GBPUSD,H1: Failed modifying 
0	22:46:07.777	trend_dtrader GBPUSD,H1: Failed modifying 
0	22:46:08.777	trend_dtrader GBPUSD,H1: Failed modifying 
0	22:46:09.777	trend_dtrader GBPUSD,H1: Failed modifying 
0	22:46:10.777	trend_dtrader GBPUSD,H1: Failed modifying 
0	22:46:11.778	trend_dtrader GBPUSD,H1: Failed modifying 
0	22:46:12.777	trend_dtrader GBPUSD,H1: Failed modifying 
0	22:46:13.777	trend_dtrader GBPUSD,H1: Failed modifying 
0	22:46:14.777	trend_dtrader GBPUSD,H1: Failed modifying 
0	22:46:15.777	trend_dtrader GBPUSD,H1: Failed modifying 
0	22:46:16.777	trend_dtrader GBPUSD,H1: Failed modifying 
0	22:46:17.777	trend_dtrader GBPUSD,H1: Failed modifying 
0	22:46:18.777	trend_dtrader GBPUSD,H1: Failed modifying 
0	22:46:19.777	trend_dtrader GBPUSD,H1: Failed modifying 
0	22:46:20.777	trend_dtrader GBPUSD,H1: Failed modifying 
0	22:46:21.777	trend_dtrader GBPUSD,H1: Failed modifying 
0	22:46:22.776	trend_dtrader GBPUSD,H1: Failed modifying 
0	22:46:23.776	trend_dtrader GBPUSD,H1: Failed modifying 
0	22:46:24.779	trend_dtrader GBPUSD,H1: Failed modifying 
0	22:46:25.777	trend_dtrader GBPUSD,H1: Failed modifying 
0	22:46:26.777	trend_dtrader GBPUSD,H1: Failed modifying 
0	22:46:27.777	trend_dtrader GBPUSD,H1: Failed modifying 
0	22:46:28.776	trend_dtrader GBPUSD,H1: Failed modifying 
0	22:46:29.776	trend_dtrader GBPUSD,H1: Failed modifying 
0	22:46:30.777	trend_dtrader GBPUSD,H1: Failed modifying 
0	22:46:31.776	trend_dtrader GBPUSD,H1: Failed modifying 
0	22:46:32.776	trend_dtrader GBPUSD,H1: Failed modifying 
0	22:46:33.776	trend_dtrader GBPUSD,H1: Failed modifying 
0	22:46:34.776	trend_dtrader GBPUSD,H1: Failed modifying 
0	22:46:35.776	trend_dtrader GBPUSD,H1: Failed modifying 
0	22:46:36.776	trend_dtrader GBPUSD,H1: Failed modifying 
0	22:46:37.776	trend_dtrader GBPUSD,H1: Failed modifying 
0	22:46:38.776	trend_dtrader GBPUSD,H1: Failed modifying 
0	22:46:39.776	trend_dtrader GBPUSD,H1: Failed modifying 
0	22:46:40.775	trend_dtrader GBPUSD,H1: Failed modifying 
0	22:46:41.938	trend_dtrader GBPUSD,H1: Failed modifying 
0	22:46:42.775	trend_dtrader GBPUSD,H1: Failed modifying 
0	22:46:43.775	trend_dtrader GBPUSD,H1: Failed modifying 
0	22:46:44.776	trend_dtrader GBPUSD,H1: Failed modifying 
0	22:46:45.775	trend_dtrader GBPUSD,H1: Failed modifying 
0	22:46:46.776	trend_dtrader GBPUSD,H1: Failed modifying 
0	22:46:47.775	trend_dtrader GBPUSD,H1: Failed modifying 
0	22:46:48.775	trend_dtrader GBPUSD,H1: Failed modifying 
0	22:46:49.776	trend_dtrader GBPUSD,H1: Failed modifying 
0	22:46:50.775	trend_dtrader GBPUSD,H1: Failed modifying 
0	22:46:51.775	trend_dtrader GBPUSD,H1: Failed modifying 
0	22:46:52.775	trend_dtrader GBPUSD,H1: Failed modifying 
0	22:46:53.775	trend_dtrader GBPUSD,H1: Failed modifying 
0	22:46:54.775	trend_dtrader GBPUSD,H1: Failed modifying 
0	22:46:55.775	trend_dtrader GBPUSD,H1: Failed modifying 
0	22:46:56.774	trend_dtrader GBPUSD,H1: Failed modifying 
0	22:46:57.775	trend_dtrader GBPUSD,H1: Failed modifying 
0	22:46:58.775	trend_dtrader GBPUSD,H1: Failed modifying 
0	22:46:59.774	trend_dtrader GBPUSD,H1: Failed modifying 
0	22:47:00.775	trend_dtrader GBPUSD,H1: Failed modifying 
0	22:47:01.775	trend_dtrader GBPUSD,H1: Failed modifying 
0	22:47:02.774	trend_dtrader GBPUSD,H1: Failed modifying 
0	22:47:03.774	trend_dtrader GBPUSD,H1: Failed modifying 
0	22:47:04.775	trend_dtrader GBPUSD,H1: Failed modifying 
0	22:47:05.774	trend_dtrader GBPUSD,H1: Failed modifying 
0	22:47:06.774	trend_dtrader GBPUSD,H1: Failed modifying 
0	22:47:07.775	trend_dtrader GBPUSD,H1: Failed modifying 
0	22:47:08.775	trend_dtrader GBPUSD,H1: Failed modifying 
0	22:47:09.774	trend_dtrader GBPUSD,H1: Failed modifying 
0	22:47:10.776	trend_dtrader GBPUSD,H1: Failed modifying 
0	22:47:11.774	trend_dtrader GBPUSD,H1: Failed modifying 
0	22:47:12.774	trend_dtrader GBPUSD,H1: Failed modifying 
0	22:47:13.774	trend_dtrader GBPUSD,H1: Failed modifying 
0	22:47:14.775	trend_dtrader GBPUSD,H1: Failed modifying 
0	22:47:15.774	trend_dtrader GBPUSD,H1: Failed modifying 
0	22:47:16.774	trend_dtrader GBPUSD,H1: Failed modifying 
0	22:47:17.774	trend_dtrader GBPUSD,H1: Failed modifying 
0	22:47:18.801	trend_dtrader GBPUSD,H1: Failed modifying 
0	22:47:19.774	trend_dtrader GBPUSD,H1: Failed modifying 
0	22:47:20.774	trend_dtrader GBPUSD,H1: Failed modifying 
0	22:47:21.773	trend_dtrader GBPUSD,H1: Failed modifying 
0	22:47:22.774	trend_dtrader GBPUSD,H1: Failed modifying 
0	22:47:23.773	trend_dtrader GBPUSD,H1: Failed modifying 
0	22:47:24.774	trend_dtrader GBPUSD,H1: Failed modifying 
0	22:47:25.773	trend_dtrader GBPUSD,H1: Failed modifying 
0	22:47:26.774	trend_dtrader GBPUSD,H1: Failed modifying 
0	22:47:27.774	trend_dtrader GBPUSD,H1: Failed modifying 
0	22:47:28.774	trend_dtrader GBPUSD,H1: Failed modifying 
0	22:47:29.773	trend_dtrader GBPUSD,H1: Failed modifying 
0	22:47:30.773	trend_dtrader GBPUSD,H1: Failed modifying 
0	22:47:31.773	trend_dtrader GBPUSD,H1: Failed modifying 
0	22:47:32.773	trend_dtrader GBPUSD,H1: Failed modifying 
0	22:47:33.773	trend_dtrader GBPUSD,H1: Failed modifying 
0	22:47:34.773	trend_dtrader GBPUSD,H1: Failed modifying 
0	22:47:35.773	trend_dtrader GBPUSD,H1: Failed modifying 
0	22:47:36.773	trend_dtrader GBPUSD,H1: Failed modifying 
0	22:47:37.773	trend_dtrader GBPUSD,H1: Failed modifying 
0	22:47:38.772	trend_dtrader GBPUSD,H1: Failed modifying 
0	22:47:39.773	trend_dtrader GBPUSD,H1: Failed modifying 
0	22:47:40.773	trend_dtrader GBPUSD,H1: Failed modifying 
0	22:47:41.773	trend_dtrader GBPUSD,H1: Failed modifying 
0	22:47:42.773	trend_dtrader GBPUSD,H1: Failed modifying 
0	22:47:43.772	trend_dtrader GBPUSD,H1: Failed modifying 
0	22:47:44.772	trend_dtrader GBPUSD,H1: Failed modifying 
0	22:47:45.773	trend_dtrader GBPUSD,H1: Failed modifying 
0	22:47:46.772	trend_dtrader GBPUSD,H1: Failed modifying 
0	22:47:47.773	trend_dtrader GBPUSD,H1: Failed modifying 
0	22:47:48.773	trend_dtrader GBPUSD,H1: Failed modifying 
0	22:47:49.772	trend_dtrader GBPUSD,H1: Failed modifying 
0	22:47:50.772	trend_dtrader GBPUSD,H1: Failed modifying 
0	22:47:51.772	trend_dtrader GBPUSD,H1: Failed modifying 
0	22:47:52.772	trend_dtrader GBPUSD,H1: Failed modifying 
0	22:47:53.773	trend_dtrader GBPUSD,H1: Failed modifying 
0	22:47:54.772	trend_dtrader GBPUSD,H1: Failed modifying 
0	22:47:55.773	trend_dtrader GBPUSD,H1: Failed modifying 
0	22:47:56.773	trend_dtrader GBPUSD,H1: Failed modifying 
0	22:47:57.772	trend_dtrader GBPUSD,H1: Failed modifying 
0	22:47:58.772	trend_dtrader GBPUSD,H1: Failed modifying 
0	22:47:59.772	trend_dtrader GBPUSD,H1: Failed modifying 
0	22:48:00.773	trend_dtrader GBPUSD,H1: Failed modifying 
0	22:48:01.772	trend_dtrader GBPUSD,H1: Failed modifying 
0	22:48:02.771	trend_dtrader GBPUSD,H1: Failed modifying 
0	22:48:03.772	trend_dtrader GBPUSD,H1: Failed modifying 
0	22:48:04.772	trend_dtrader GBPUSD,H1: Failed modifying 
0	22:48:05.772	trend_dtrader GBPUSD,H1: Failed modifying 
0	22:48:06.772	trend_dtrader GBPUSD,H1: Failed modifying 
0	22:48:07.772	trend_dtrader GBPUSD,H1: Failed modifying 
0	22:48:08.771	trend_dtrader GBPUSD,H1: Failed modifying 
0	22:48:09.772	trend_dtrader GBPUSD,H1: Failed modifying 
0	22:48:10.772	trend_dtrader GBPUSD,H1: Failed modifying 
0	22:48:11.771	trend_dtrader GBPUSD,H1: Failed modifying 
0	22:48:12.771	trend_dtrader GBPUSD,H1: Failed modifying 
0	22:48:13.771	trend_dtrader GBPUSD,H1: Failed modifying 
0	22:48:14.771	trend_dtrader GBPUSD,H1: Failed modifying 
0	22:48:15.771	trend_dtrader GBPUSD,H1: Failed modifying 
0	22:48:16.770	trend_dtrader GBPUSD,H1: Failed modifying 
0	22:48:17.771	trend_dtrader GBPUSD,H1: Failed modifying 
0	22:48:18.771	trend_dtrader GBPUSD,H1: Failed modifying 
0	22:48:19.772	trend_dtrader GBPUSD,H1: Failed modifying 
0	22:48:20.771	trend_dtrader GBPUSD,H1: Failed modifying 
0	22:48:21.770	trend_dtrader GBPUSD,H1: Failed modifying 
0	22:48:22.770	trend_dtrader GBPUSD,H1: Failed modifying 
0	22:48:23.770	trend_dtrader GBPUSD,H1: Failed modifying 
0	22:48:24.771	trend_dtrader GBPUSD,H1: Failed modifying 
0	22:48:25.771	trend_dtrader GBPUSD,H1: Failed modifying 
0	22:48:26.770	trend_dtrader GBPUSD,H1: Failed modifying 
0	22:48:27.770	trend_dtrader GBPUSD,H1: Failed modifying 
0	22:48:28.771	trend_dtrader GBPUSD,H1: Failed modifying 
0	22:48:29.770	trend_dtrader GBPUSD,H1: Failed modifying 
0	22:48:30.770	trend_dtrader GBPUSD,H1: Failed modifying 
0	22:48:31.770	trend_dtrader GBPUSD,H1: Failed modifying 
0	22:48:32.771	trend_dtrader GBPUSD,H1: Failed modifying 
0	22:48:33.771	trend_dtrader GBPUSD,H1: Failed modifying 
0	22:48:34.771	trend_dtrader GBPUSD,H1: Failed modifying 
0	22:48:35.770	trend_dtrader GBPUSD,H1: Failed modifying 
0	22:48:36.770	trend_dtrader GBPUSD,H1: Failed modifying 
0	22:48:37.770	trend_dtrader GBPUSD,H1: Failed modifying 
0	22:48:38.770	trend_dtrader GBPUSD,H1: Failed modifying 
0	22:48:39.770	trend_dtrader GBPUSD,H1: Failed modifying 
0	22:48:40.770	trend_dtrader GBPUSD,H1: Failed modifying 
0	22:48:41.769	trend_dtrader GBPUSD,H1: Failed modifying 
0	22:48:42.770	trend_dtrader GBPUSD,H1: Failed modifying 
0	22:48:43.770	trend_dtrader GBPUSD,H1: Failed modifying 
0	22:48:44.770	trend_dtrader GBPUSD,H1: Failed modifying 
0	22:48:45.770	trend_dtrader GBPUSD,H1: Failed modifying 
0	22:48:46.770	trend_dtrader GBPUSD,H1: Failed modifying 
0	22:48:47.770	trend_dtrader GBPUSD,H1: Failed modifying 
0	22:48:48.770	trend_dtrader GBPUSD,H1: Failed modifying 
0	22:48:49.770	trend_dtrader GBPUSD,H1: Failed modifying 
0	22:48:50.770	trend_dtrader GBPUSD,H1: Failed modifying 
0	22:48:51.769	trend_dtrader GBPUSD,H1: Failed modifying 
0	22:48:52.770	trend_dtrader GBPUSD,H1: Failed modifying 
0	22:48:53.769	trend_dtrader GBPUSD,H1: Failed modifying 
0	22:48:54.770	trend_dtrader GBPUSD,H1: Failed modifying 
0	22:48:55.769	trend_dtrader GBPUSD,H1: Failed modifying 
0	22:48:56.770	trend_dtrader GBPUSD,H1: Failed modifying 
0	22:48:57.769	trend_dtrader GBPUSD,H1: Failed modifying 
0	22:48:58.770	trend_dtrader GBPUSD,H1: Failed modifying 
0	22:48:59.769	trend_dtrader GBPUSD,H1: Failed modifying 
0	22:49:00.769	trend_dtrader GBPUSD,H1: Failed modifying 
0	22:49:01.769	trend_dtrader GBPUSD,H1: Failed modifying 
0	22:49:02.769	trend_dtrader GBPUSD,H1: Failed modifying 
0	22:49:03.769	trend_dtrader GBPUSD,H1: Failed modifying 
0	22:49:04.769	trend_dtrader GBPUSD,H1: Failed modifying 
0	22:49:05.769	trend_dtrader GBPUSD,H1: Failed modifying 
0	22:49:06.769	trend_dtrader GBPUSD,H1: Failed modifying 
0	22:49:07.768	trend_dtrader GBPUSD,H1: Failed modifying 
0	22:49:08.769	trend_dtrader GBPUSD,H1: Failed modifying 
0	22:49:09.769	trend_dtrader GBPUSD,H1: Failed modifying 
0	22:49:10.769	trend_dtrader GBPUSD,H1: Failed modifying 
0	22:49:11.769	trend_dtrader GBPUSD,H1: Failed modifying 
0	22:49:12.768	trend_dtrader GBPUSD,H1: Failed modifying 
0	22:49:13.769	trend_dtrader GBPUSD,H1: Failed modifying 
0	22:49:14.769	trend_dtrader GBPUSD,H1: Failed modifying 
0	22:49:15.768	trend_dtrader GBPUSD,H1: Failed modifying 
0	22:49:16.769	trend_dtrader GBPUSD,H1: Failed modifying 
0	22:49:17.768	trend_dtrader GBPUSD,H1: Failed modifying 
0	22:49:18.769	trend_dtrader GBPUSD,H1: Failed modifying 
0	22:49:19.768	trend_dtrader GBPUSD,H1: Failed modifying 
0	22:49:20.768	trend_dtrader GBPUSD,H1: Failed modifying 
0	22:49:21.768	trend_dtrader GBPUSD,H1: Failed modifying 
0	22:49:22.768	trend_dtrader GBPUSD,H1: Failed modifying 
0	22:49:23.768	trend_dtrader GBPUSD,H1: Failed modifying 
0	22:49:24.768	trend_dtrader GBPUSD,H1: Failed modifying 
0	22:49:25.768	trend_dtrader GBPUSD,H1: Failed modifying 
0	22:49:26.768	trend_dtrader GBPUSD,H1: Failed modifying 
0	22:49:27.767	trend_dtrader GBPUSD,H1: Failed modifying 
0	22:49:28.767	trend_dtrader GBPUSD,H1: Failed modifying 
0	22:49:29.768	trend_dtrader GBPUSD,H1: Failed modifying 
0	22:49:30.768	trend_dtrader GBPUSD,H1: Failed modifying 
0	22:49:31.768	trend_dtrader GBPUSD,H1: Failed modifying 
0	22:49:32.767	trend_dtrader GBPUSD,H1: Failed modifying 
0	22:49:33.768	trend_dtrader GBPUSD,H1: Failed modifying 
0	22:49:34.768	trend_dtrader GBPUSD,H1: Failed modifying 
0	22:49:35.768	trend_dtrader GBPUSD,H1: Failed modifying 
0	22:49:36.767	trend_dtrader GBPUSD,H1: Failed modifying 
0	22:49:37.767	trend_dtrader GBPUSD,H1: Failed modifying 
0	22:49:38.768	trend_dtrader GBPUSD,H1: Failed modifying 
0	22:49:39.768	trend_dtrader GBPUSD,H1: Failed modifying 
0	22:49:40.767	trend_dtrader GBPUSD,H1: Failed modifying 
0	22:49:41.767	trend_dtrader GBPUSD,H1: Failed modifying 
0	22:49:42.768	trend_dtrader GBPUSD,H1: Failed modifying 
0	22:49:43.767	trend_dtrader GBPUSD,H1: Failed modifying 
0	22:49:44.766	trend_dtrader GBPUSD,H1: Failed modifying 
0	22:49:45.766	trend_dtrader GBPUSD,H1: Failed modifying 
0	22:49:46.767	trend_dtrader GBPUSD,H1: Failed modifying 
0	22:49:47.767	trend_dtrader GBPUSD,H1: Failed modifying 
0	22:49:48.767	trend_dtrader GBPUSD,H1: Failed modifying 
0	22:49:49.767	trend_dtrader GBPUSD,H1: Failed modifying 
0	22:49:50.767	trend_dtrader GBPUSD,H1: Failed modifying 
0	22:49:51.767	trend_dtrader GBPUSD,H1: Failed modifying 
0	22:49:52.767	trend_dtrader GBPUSD,H1: Failed modifying 
0	22:49:53.766	trend_dtrader GBPUSD,H1: Failed modifying 
0	22:49:54.766	trend_dtrader GBPUSD,H1: Failed modifying 
0	22:49:55.766	trend_dtrader GBPUSD,H1: Failed modifying 
0	22:49:56.766	trend_dtrader GBPUSD,H1: Failed modifying 
0	22:49:57.766	trend_dtrader GBPUSD,H1: Failed modifying 
0	22:49:58.767	trend_dtrader GBPUSD,H1: Failed modifying 
0	22:49:59.767	trend_dtrader GBPUSD,H1: Failed modifying 
0	22:50:00.767	trend_dtrader GBPUSD,H1: Failed modifying 
0	22:50:01.767	trend_dtrader GBPUSD,H1: Failed modifying 
0	22:50:02.766	trend_dtrader GBPUSD,H1: Failed modifying 
0	22:50:03.765	trend_dtrader GBPUSD,H1: Failed modifying 
0	22:50:04.765	trend_dtrader GBPUSD,H1: Failed modifying 
0	22:50:05.765	trend_dtrader GBPUSD,H1: Failed modifying 
0	22:50:06.766	trend_dtrader GBPUSD,H1: Failed modifying 
0	22:50:07.766	trend_dtrader GBPUSD,H1: Failed modifying 
0	22:50:08.766	trend_dtrader GBPUSD,H1: Failed modifying 
0	22:50:09.766	trend_dtrader GBPUSD,H1: Failed modifying 
0	22:50:10.766	trend_dtrader GBPUSD,H1: Failed modifying 
0	22:50:11.765	trend_dtrader GBPUSD,H1: Failed modifying 
0	22:50:12.766	trend_dtrader GBPUSD,H1: Failed modifying 
0	22:50:13.765	trend_dtrader GBPUSD,H1: Failed modifying 
0	22:50:14.766	trend_dtrader GBPUSD,H1: Failed modifying 
0	22:50:15.765	trend_dtrader GBPUSD,H1: Failed modifying 
0	22:50:16.765	trend_dtrader GBPUSD,H1: Failed modifying 
0	22:50:17.766	trend_dtrader GBPUSD,H1: Failed modifying 
0	22:50:18.766	trend_dtrader GBPUSD,H1: Failed modifying 
0	22:50:19.765	trend_dtrader GBPUSD,H1: Failed modifying 
0	22:50:20.764	trend_dtrader GBPUSD,H1: Failed modifying 
0	22:50:21.765	trend_dtrader GBPUSD,H1: Failed modifying 
0	22:50:22.785	trend_dtrader GBPUSD,H1: Failed modifying 
0	22:50:23.765	trend_dtrader GBPUSD,H1: Failed modifying 
0	22:50:24.765	trend_dtrader GBPUSD,H1: Failed modifying 
0	22:50:25.765	trend_dtrader GBPUSD,H1: Failed modifying 
0	22:50:26.765	trend_dtrader GBPUSD,H1: Failed modifying 
0	22:50:27.765	trend_dtrader GBPUSD,H1: Failed modifying 
0	22:50:28.765	trend_dtrader GBPUSD,H1: Failed modifying 
0	22:50:29.765	trend_dtrader GBPUSD,H1: Failed modifying 
0	22:50:30.765	trend_dtrader GBPUSD,H1: Failed modifying 
0	22:50:31.765	trend_dtrader GBPUSD,H1: Failed modifying 
0	22:50:32.765	trend_dtrader GBPUSD,H1: Failed modifying 
0	22:50:33.764	trend_dtrader GBPUSD,H1: Failed modifying 
0	22:50:34.764	trend_dtrader GBPUSD,H1: Failed modifying 
0	22:50:35.765	trend_dtrader GBPUSD,H1: Failed modifying 
0	22:50:36.764	trend_dtrader GBPUSD,H1: Failed modifying 
0	22:50:37.764	trend_dtrader GBPUSD,H1: Failed modifying 
0	22:50:38.765	trend_dtrader GBPUSD,H1: Failed modifying 
0	22:50:39.765	trend_dtrader GBPUSD,H1: Failed modifying 
0	22:50:40.764	trend_dtrader GBPUSD,H1: Failed modifying 
0	22:50:41.764	trend_dtrader GBPUSD,H1: Failed modifying 
0	22:50:42.764	trend_dtrader GBPUSD,H1: Failed modifying 
0	22:50:43.764	trend_dtrader GBPUSD,H1: Failed modifying 
0	22:50:44.763	trend_dtrader GBPUSD,H1: Failed modifying 
0	22:50:45.764	trend_dtrader GBPUSD,H1: Failed modifying 
0	22:50:46.764	trend_dtrader GBPUSD,H1: Failed modifying 
0	22:50:47.764	trend_dtrader GBPUSD,H1: Failed modifying 
0	22:50:48.764	trend_dtrader GBPUSD,H1: Failed modifying 
0	22:50:49.764	trend_dtrader GBPUSD,H1: Failed modifying 
0	22:50:50.763	trend_dtrader GBPUSD,H1: Failed modifying 
0	22:50:51.763	trend_dtrader GBPUSD,H1: Failed modifying 
0	22:50:52.763	trend_dtrader GBPUSD,H1: Failed modifying 
0	22:50:53.764	trend_dtrader GBPUSD,H1: Failed modifying 
0	22:50:54.763	trend_dtrader GBPUSD,H1: Failed modifying 
0	22:50:55.764	trend_dtrader GBPUSD,H1: Failed modifying 
0	22:50:56.764	trend_dtrader GBPUSD,H1: Failed modifying 
0	22:50:57.763	trend_dtrader GBPUSD,H1: Failed modifying 
0	22:50:58.764	trend_dtrader GBPUSD,H1: Failed modifying 
0	22:50:59.764	trend_dtrader GBPUSD,H1: Failed modifying 
0	22:51:00.763	trend_dtrader GBPUSD,H1: Failed modifying 
0	22:51:01.763	trend_dtrader GBPUSD,H1: Failed modifying 
0	22:51:02.763	trend_dtrader GBPUSD,H1: Failed modifying 
0	22:51:03.763	trend_dtrader GBPUSD,H1: Failed modifying 
0	22:51:04.764	trend_dtrader GBPUSD,H1: Failed modifying 
0	22:51:05.763	trend_dtrader GBPUSD,H1: Failed modifying 
0	22:51:06.763	trend_dtrader GBPUSD,H1: Failed modifying 
0	22:51:07.762	trend_dtrader GBPUSD,H1: Failed modifying 
0	22:51:08.762	trend_dtrader GBPUSD,H1: Failed modifying 
0	22:51:09.762	trend_dtrader GBPUSD,H1: Failed modifying 
0	22:51:10.762	trend_dtrader GBPUSD,H1: Failed modifying 
0	22:51:11.763	trend_dtrader GBPUSD,H1: Failed modifying 
0	22:51:12.763	trend_dtrader GBPUSD,H1: Failed modifying 
0	22:51:13.762	trend_dtrader GBPUSD,H1: Failed modifying 
0	22:51:14.763	trend_dtrader GBPUSD,H1: Failed modifying 
0	22:51:15.762	trend_dtrader GBPUSD,H1: Failed modifying 
0	22:51:16.763	trend_dtrader GBPUSD,H1: Failed modifying 
0	22:51:17.762	trend_dtrader GBPUSD,H1: Failed modifying 
0	22:51:18.762	trend_dtrader GBPUSD,H1: Failed modifying 
0	22:51:19.763	trend_dtrader GBPUSD,H1: Failed modifying 
0	22:51:20.763	trend_dtrader GBPUSD,H1: Failed modifying 
0	22:51:21.763	trend_dtrader GBPUSD,H1: Failed modifying 
0	22:51:22.762	trend_dtrader GBPUSD,H1: Failed modifying 
0	22:51:23.810	trend_dtrader GBPUSD,H1: Failed modifying 
0	22:51:24.762	trend_dtrader GBPUSD,H1: Failed modifying 
0	22:51:25.761	trend_dtrader GBPUSD,H1: Failed modifying 
0	22:51:26.762	trend_dtrader GBPUSD,H1: Failed modifying 
0	22:51:27.761	trend_dtrader GBPUSD,H1: Failed modifying 
0	22:51:28.761	trend_dtrader GBPUSD,H1: Failed modifying 
0	22:51:29.762	trend_dtrader GBPUSD,H1: Failed modifying 
0	22:51:30.761	trend_dtrader GBPUSD,H1: Failed modifying 
0	22:51:31.761	trend_dtrader GBPUSD,H1: Failed modifying 
0	22:51:32.762	trend_dtrader GBPUSD,H1: Failed modifying 
0	22:51:33.762	trend_dtrader GBPUSD,H1: Failed modifying 
0	22:51:34.761	trend_dtrader GBPUSD,H1: Failed modifying 
0	22:51:35.762	trend_dtrader GBPUSD,H1: Failed modifying 
0	22:51:36.761	trend_dtrader GBPUSD,H1: Failed modifying 
0	22:51:37.761	trend_dtrader GBPUSD,H1: Failed modifying 
0	22:51:38.762	trend_dtrader GBPUSD,H1: Failed modifying 
0	22:51:39.761	trend_dtrader GBPUSD,H1: Failed modifying 
0	22:51:40.762	trend_dtrader GBPUSD,H1: Failed modifying 
0	22:51:41.761	trend_dtrader GBPUSD,H1: Failed modifying 
0	22:51:42.761	trend_dtrader GBPUSD,H1: Failed modifying 
0	22:51:43.761	trend_dtrader GBPUSD,H1: Failed modifying 
0	22:51:44.761	trend_dtrader GBPUSD,H1: Failed modifying 
0	22:51:45.761	trend_dtrader GBPUSD,H1: Failed modifying 
0	22:51:46.760	trend_dtrader GBPUSD,H1: Failed modifying 
0	22:51:47.761	trend_dtrader GBPUSD,H1: Failed modifying 
0	22:51:48.761	trend_dtrader GBPUSD,H1: Failed modifying 
0	22:51:49.761	trend_dtrader GBPUSD,H1: Failed modifying 
0	22:51:50.761	trend_dtrader GBPUSD,H1: Failed modifying 
0	22:51:51.761	trend_dtrader GBPUSD,H1: Failed modifying 
0	22:51:52.761	trend_dtrader GBPUSD,H1: Failed modifying 
0	22:51:53.761	trend_dtrader GBPUSD,H1: Failed modifying 
0	22:51:54.761	trend_dtrader GBPUSD,H1: Failed modifying 
0	22:51:55.761	trend_dtrader GBPUSD,H1: Failed modifying 
0	22:51:56.760	trend_dtrader GBPUSD,H1: Failed modifying 
0	22:51:57.761	trend_dtrader GBPUSD,H1: Failed modifying 
0	22:51:58.760	trend_dtrader GBPUSD,H1: Failed modifying 
0	22:51:59.761	trend_dtrader GBPUSD,H1: Failed modifying 
0	22:52:00.760	trend_dtrader GBPUSD,H1: Failed modifying 
0	22:52:01.760	trend_dtrader GBPUSD,H1: Failed modifying 
0	22:52:02.760	trend_dtrader GBPUSD,H1: Failed modifying 
0	22:52:03.760	trend_dtrader GBPUSD,H1: Failed modifying 
0	22:52:04.760	trend_dtrader GBPUSD,H1: Failed modifying 
0	22:52:05.760	trend_dtrader GBPUSD,H1: Failed modifying 
0	22:52:06.760	trend_dtrader GBPUSD,H1: Failed modifying 
0	22:52:07.760	trend_dtrader GBPUSD,H1: Failed modifying 
0	22:52:08.760	trend_dtrader GBPUSD,H1: Failed modifying 
0	22:52:09.760	trend_dtrader GBPUSD,H1: Failed modifying 
0	22:52:10.760	trend_dtrader GBPUSD,H1: Failed modifying 
0	22:52:11.760	trend_dtrader GBPUSD,H1: Failed modifying 
0	22:52:12.760	trend_dtrader GBPUSD,H1: Failed modifying 
0	22:52:13.759	trend_dtrader GBPUSD,H1: Failed modifying 
0	22:52:14.760	trend_dtrader GBPUSD,H1: Failed modifying 
0	22:52:15.760	trend_dtrader GBPUSD,H1: Failed modifying 
0	22:52:16.760	trend_dtrader GBPUSD,H1: Failed modifying 
0	22:52:17.759	trend_dtrader GBPUSD,H1: Failed modifying 
0	22:52:18.759	trend_dtrader GBPUSD,H1: Failed modifying 
0	22:52:19.760	trend_dtrader GBPUSD,H1: Failed modifying 
0	22:52:20.760	trend_dtrader GBPUSD,H1: Failed modifying 
0	22:52:21.759	trend_dtrader GBPUSD,H1: Failed modifying 
0	22:52:22.759	trend_dtrader GBPUSD,H1: Failed modifying 
0	22:52:23.761	trend_dtrader GBPUSD,H1: Failed modifying 
0	22:52:24.759	trend_dtrader GBPUSD,H1: Failed modifying 
0	22:52:25.759	trend_dtrader GBPUSD,H1: Failed modifying 
0	22:52:26.759	trend_dtrader GBPUSD,H1: Failed modifying 
0	22:52:27.759	trend_dtrader GBPUSD,H1: Failed modifying 
0	22:52:28.759	trend_dtrader GBPUSD,H1: Failed modifying 
0	22:52:29.761	trend_dtrader GBPUSD,H1: Failed modifying 
0	22:52:30.759	trend_dtrader GBPUSD,H1: Failed modifying 
0	22:52:31.759	trend_dtrader GBPUSD,H1: Failed modifying 
0	22:52:32.759	trend_dtrader GBPUSD,H1: Failed modifying 
0	22:52:33.758	trend_dtrader GBPUSD,H1: Failed modifying 
0	22:52:34.758	trend_dtrader GBPUSD,H1: Failed modifying 
0	22:52:35.759	trend_dtrader GBPUSD,H1: Failed modifying 
0	22:52:36.759	trend_dtrader GBPUSD,H1: Failed modifying 
0	22:52:37.759	trend_dtrader GBPUSD,H1: Failed modifying 
0	22:52:38.759	trend_dtrader GBPUSD,H1: Failed modifying 
0	22:52:39.759	trend_dtrader GBPUSD,H1: Failed modifying 
0	22:52:40.759	trend_dtrader GBPUSD,H1: Failed modifying 
0	22:52:41.758	trend_dtrader GBPUSD,H1: Failed modifying 
0	22:52:42.758	trend_dtrader GBPUSD,H1: Failed modifying 
0	22:52:43.758	trend_dtrader GBPUSD,H1: Failed modifying 
0	22:52:44.758	trend_dtrader GBPUSD,H1: Failed modifying 
0	22:52:45.758	trend_dtrader GBPUSD,H1: Failed modifying 
0	22:52:46.758	trend_dtrader GBPUSD,H1: Failed modifying 
0	22:52:47.759	trend_dtrader GBPUSD,H1: Failed modifying 
0	22:52:48.758	trend_dtrader GBPUSD,H1: Failed modifying 
0	22:52:49.758	trend_dtrader GBPUSD,H1: Failed modifying 
0	22:52:50.758	trend_dtrader GBPUSD,H1: Failed modifying 
0	22:52:51.758	trend_dtrader GBPUSD,H1: Failed modifying 
0	22:52:52.757	trend_dtrader GBPUSD,H1: Failed modifying 
0	22:52:53.758	trend_dtrader GBPUSD,H1: Failed modifying 
0	22:52:54.757	trend_dtrader GBPUSD,H1: Failed modifying 
0	22:52:55.758	trend_dtrader GBPUSD,H1: Failed modifying 
0	22:52:56.757	trend_dtrader GBPUSD,H1: Failed modifying 
0	22:52:57.757	trend_dtrader GBPUSD,H1: Failed modifying 
0	22:52:58.757	trend_dtrader GBPUSD,H1: Failed modifying 
0	22:52:59.757	trend_dtrader GBPUSD,H1: Failed modifying 
0	22:53:00.758	trend_dtrader GBPUSD,H1: Failed modifying 
0	22:53:01.758	trend_dtrader GBPUSD,H1: Failed modifying 
0	22:53:02.757	trend_dtrader GBPUSD,H1: Failed modifying 
0	22:53:03.757	trend_dtrader GBPUSD,H1: Failed modifying 
0	22:53:04.758	trend_dtrader GBPUSD,H1: Failed modifying 
0	22:53:05.757	trend_dtrader GBPUSD,H1: Failed modifying 
0	22:53:06.758	trend_dtrader GBPUSD,H1: Failed modifying 
0	22:53:07.758	trend_dtrader GBPUSD,H1: Failed modifying 
0	22:53:08.758	trend_dtrader GBPUSD,H1: Failed modifying 
0	22:53:09.757	trend_dtrader GBPUSD,H1: Failed modifying 
0	22:53:10.756	trend_dtrader GBPUSD,H1: Failed modifying 
0	22:53:11.757	trend_dtrader GBPUSD,H1: Failed modifying 
0	22:53:12.757	trend_dtrader GBPUSD,H1: Failed modifying 
0	22:53:13.757	trend_dtrader GBPUSD,H1: Failed modifying 
0	22:53:14.756	trend_dtrader GBPUSD,H1: Failed modifying 
0	22:53:15.757	trend_dtrader GBPUSD,H1: Failed modifying 
0	22:53:16.757	trend_dtrader GBPUSD,H1: Failed modifying 
0	22:53:17.756	trend_dtrader GBPUSD,H1: Failed modifying 
0	22:53:18.756	trend_dtrader GBPUSD,H1: Failed modifying 
0	22:53:19.757	trend_dtrader GBPUSD,H1: Failed modifying 
0	22:53:20.757	trend_dtrader GBPUSD,H1: Failed modifying 
0	22:53:21.756	trend_dtrader GBPUSD,H1: Failed modifying 
0	22:53:22.757	trend_dtrader GBPUSD,H1: Failed modifying 
0	22:53:23.756	trend_dtrader GBPUSD,H1: Failed modifying 
0	22:53:24.756	trend_dtrader GBPUSD,H1: Failed modifying 
0	22:53:25.757	trend_dtrader GBPUSD,H1: Failed modifying 
0	22:53:26.756	trend_dtrader GBPUSD,H1: Failed modifying 
0	22:53:27.756	trend_dtrader GBPUSD,H1: Failed modifying 
0	22:53:28.757	trend_dtrader GBPUSD,H1: Failed modifying 
0	22:53:29.756	trend_dtrader GBPUSD,H1: Failed modifying 
0	22:53:30.756	trend_dtrader GBPUSD,H1: Failed modifying 
0	22:53:31.756	trend_dtrader GBPUSD,H1: Failed modifying 
0	22:53:32.756	trend_dtrader GBPUSD,H1: Failed modifying 
0	22:53:33.756	trend_dtrader GBPUSD,H1: Failed modifying 
0	22:53:34.756	trend_dtrader GBPUSD,H1: Failed modifying 
0	22:53:35.756	trend_dtrader GBPUSD,H1: Failed modifying 
0	22:53:36.756	trend_dtrader GBPUSD,H1: Failed modifying 
0	22:53:37.755	trend_dtrader GBPUSD,H1: Failed modifying 
0	22:53:38.755	trend_dtrader GBPUSD,H1: Failed modifying 
0	22:53:39.756	trend_dtrader GBPUSD,H1: Failed modifying 
0	22:53:40.756	trend_dtrader GBPUSD,H1: Failed modifying 
0	22:53:41.755	trend_dtrader GBPUSD,H1: Failed modifying 
0	22:53:42.755	trend_dtrader GBPUSD,H1: Failed modifying 
0	22:53:43.755	trend_dtrader GBPUSD,H1: Failed modifying 
0	22:53:44.756	trend_dtrader GBPUSD,H1: Failed modifying 
0	22:53:45.755	trend_dtrader GBPUSD,H1: Failed modifying 
0	22:53:46.756	trend_dtrader GBPUSD,H1: Failed modifying 
0	22:53:47.756	trend_dtrader GBPUSD,H1: Failed modifying 
0	22:53:48.756	trend_dtrader GBPUSD,H1: Failed modifying 
0	22:53:49.755	trend_dtrader GBPUSD,H1: Failed modifying 
0	22:53:50.755	trend_dtrader GBPUSD,H1: Failed modifying 
0	22:53:51.755	trend_dtrader GBPUSD,H1: Failed modifying 
0	22:53:52.755	trend_dtrader GBPUSD,H1: Failed modifying 
0	22:53:53.756	trend_dtrader GBPUSD,H1: Failed modifying 
0	22:53:54.755	trend_dtrader GBPUSD,H1: Failed modifying 
0	22:53:55.754	trend_dtrader GBPUSD,H1: Failed modifying 
0	22:53:56.754	trend_dtrader GBPUSD,H1: Failed modifying 
0	22:53:57.755	trend_dtrader GBPUSD,H1: Failed modifying 
0	22:53:58.755	trend_dtrader GBPUSD,H1: Failed modifying 
0	22:53:59.755	trend_dtrader GBPUSD,H1: Failed modifying 
0	22:54:00.754	trend_dtrader GBPUSD,H1: Failed modifying 
0	22:54:01.754	trend_dtrader GBPUSD,H1: Failed modifying 
0	22:54:02.754	trend_dtrader GBPUSD,H1: Failed modifying 
0	22:54:03.754	trend_dtrader GBPUSD,H1: Failed modifying 
0	22:54:04.755	trend_dtrader GBPUSD,H1: Failed modifying 
0	22:54:05.754	trend_dtrader GBPUSD,H1: Failed modifying 
0	22:54:06.755	trend_dtrader GBPUSD,H1: Failed modifying 
0	22:54:07.754	trend_dtrader GBPUSD,H1: Failed modifying 
0	22:54:08.754	trend_dtrader GBPUSD,H1: Failed modifying 
0	22:54:09.755	trend_dtrader GBPUSD,H1: Failed modifying 
0	22:54:10.754	trend_dtrader GBPUSD,H1: Failed modifying 
0	22:54:11.754	trend_dtrader GBPUSD,H1: Failed modifying 
0	22:54:12.754	trend_dtrader GBPUSD,H1: Failed modifying 
0	22:54:13.754	trend_dtrader GBPUSD,H1: Failed modifying 
0	22:54:14.754	trend_dtrader GBPUSD,H1: Failed modifying 
0	22:54:15.753	trend_dtrader GBPUSD,H1: Failed modifying 
0	22:54:16.754	trend_dtrader GBPUSD,H1: Failed modifying 
0	22:54:17.754	trend_dtrader GBPUSD,H1: Failed modifying 
0	22:54:18.754	trend_dtrader GBPUSD,H1: Failed modifying 
0	22:54:19.754	trend_dtrader GBPUSD,H1: Failed modifying 
0	22:54:20.753	trend_dtrader GBPUSD,H1: Failed modifying 
0	22:54:21.754	trend_dtrader GBPUSD,H1: Failed modifying 
0	22:54:22.753	trend_dtrader GBPUSD,H1: Failed modifying 
0	22:54:23.754	trend_dtrader GBPUSD,H1: Failed modifying 
0	22:54:24.753	trend_dtrader GBPUSD,H1: Failed modifying 
0	22:54:25.754	trend_dtrader GBPUSD,H1: Failed modifying 
0	22:54:26.753	trend_dtrader GBPUSD,H1: Failed modifying 
0	22:54:27.754	trend_dtrader GBPUSD,H1: Failed modifying 
0	22:54:28.753	trend_dtrader GBPUSD,H1: Failed modifying 
0	22:54:29.753	trend_dtrader GBPUSD,H1: Failed modifying 
0	22:54:30.753	trend_dtrader GBPUSD,H1: Failed modifying 
0	22:54:31.753	trend_dtrader GBPUSD,H1: Failed modifying 
0	22:54:32.753	trend_dtrader GBPUSD,H1: Failed modifying 
0	22:54:33.753	trend_dtrader GBPUSD,H1: Failed modifying 
0	22:54:34.753	trend_dtrader GBPUSD,H1: Failed modifying 
0	22:54:35.753	trend_dtrader GBPUSD,H1: Failed modifying 
0	22:54:36.753	trend_dtrader GBPUSD,H1: Failed modifying 
0	22:54:37.753	trend_dtrader GBPUSD,H1: Failed modifying 
0	22:54:38.753	trend_dtrader GBPUSD,H1: Failed modifying 
0	22:54:39.753	trend_dtrader GBPUSD,H1: Failed modifying 
0	22:54:40.753	trend_dtrader GBPUSD,H1: Failed modifying 
0	22:54:41.752	trend_dtrader GBPUSD,H1: Failed modifying 
0	22:54:42.752	trend_dtrader GBPUSD,H1: Failed modifying 
0	22:54:43.753	trend_dtrader GBPUSD,H1: Failed modifying 
0	22:54:44.753	trend_dtrader GBPUSD,H1: Failed modifying 
0	22:54:45.752	trend_dtrader GBPUSD,H1: Failed modifying 
0	22:54:46.753	trend_dtrader GBPUSD,H1: Failed modifying 
0	22:54:47.752	trend_dtrader GBPUSD,H1: Failed modifying 
0	22:54:48.752	trend_dtrader GBPUSD,H1: Failed modifying 
0	22:54:49.753	trend_dtrader GBPUSD,H1: Failed modifying 
0	22:54:50.752	trend_dtrader GBPUSD,H1: Failed modifying 
0	22:54:51.752	trend_dtrader GBPUSD,H1: Failed modifying 
0	22:54:52.823	trend_dtrader GBPUSD,H1: Failed modifying 
0	22:54:53.752	trend_dtrader GBPUSD,H1: Failed modifying 
0	22:54:54.753	trend_dtrader GBPUSD,H1: Failed modifying 
0	22:54:55.752	trend_dtrader GBPUSD,H1: Failed modifying 
0	22:54:56.752	trend_dtrader GBPUSD,H1: Failed modifying 
0	22:54:57.770	trend_dtrader GBPUSD,H1: Failed modifying 
0	22:54:58.751	trend_dtrader GBPUSD,H1: Failed modifying 
0	22:54:59.752	trend_dtrader GBPUSD,H1: Failed modifying 
0	22:55:00.752	trend_dtrader GBPUSD,H1: Failed modifying 
0	22:55:01.751	trend_dtrader GBPUSD,H1: Failed modifying 
0	22:55:02.752	trend_dtrader GBPUSD,H1: Failed modifying 
0	22:55:03.752	trend_dtrader GBPUSD,H1: Failed modifying 
0	22:55:04.752	trend_dtrader GBPUSD,H1: Failed modifying 
0	22:55:05.751	trend_dtrader GBPUSD,H1: Failed modifying 
0	22:55:06.751	trend_dtrader GBPUSD,H1: Failed modifying 
0	22:55:07.752	trend_dtrader GBPUSD,H1: Failed modifying 
0	22:55:08.752	trend_dtrader GBPUSD,H1: Failed modifying 
0	22:55:09.751	trend_dtrader GBPUSD,H1: Failed modifying 
0	22:55:10.751	trend_dtrader GBPUSD,H1: Failed modifying 
0	22:55:11.751	trend_dtrader GBPUSD,H1: Failed modifying 
0	22:55:12.751	trend_dtrader GBPUSD,H1: Failed modifying 
0	22:55:13.751	trend_dtrader GBPUSD,H1: Failed modifying 
0	22:55:14.751	trend_dtrader GBPUSD,H1: Failed modifying 
0	22:55:15.751	trend_dtrader GBPUSD,H1: Failed modifying 
0	22:55:16.751	trend_dtrader GBPUSD,H1: Failed modifying 
0	22:55:17.751	trend_dtrader GBPUSD,H1: Failed modifying 
0	22:55:18.752	trend_dtrader GBPUSD,H1: Failed modifying 
0	22:55:19.750	trend_dtrader GBPUSD,H1: Failed modifying 
0	22:55:20.751	trend_dtrader GBPUSD,H1: Failed modifying 
0	22:55:21.751	trend_dtrader GBPUSD,H1: Failed modifying 
0	22:55:22.751	trend_dtrader GBPUSD,H1: Failed modifying 
0	22:55:23.751	trend_dtrader GBPUSD,H1: Failed modifying 
0	22:55:24.750	trend_dtrader GBPUSD,H1: Failed modifying 
0	22:55:25.750	trend_dtrader GBPUSD,H1: Failed modifying 
0	22:55:26.750	trend_dtrader GBPUSD,H1: Failed modifying 
0	22:55:27.750	trend_dtrader GBPUSD,H1: Failed modifying 
0	22:55:28.750	trend_dtrader GBPUSD,H1: Failed modifying 
0	22:55:29.750	trend_dtrader GBPUSD,H1: Failed modifying 
0	22:55:30.750	trend_dtrader GBPUSD,H1: Failed modifying 
0	22:55:31.750	trend_dtrader GBPUSD,H1: Failed modifying 
0	22:55:32.751	trend_dtrader GBPUSD,H1: Failed modifying 
0	22:55:33.749	trend_dtrader GBPUSD,H1: Failed modifying 
0	22:55:34.750	trend_dtrader GBPUSD,H1: Failed modifying 
0	22:55:35.749	trend_dtrader GBPUSD,H1: Failed modifying 
0	22:55:36.750	trend_dtrader GBPUSD,H1: Failed modifying 
0	22:55:37.750	trend_dtrader GBPUSD,H1: Failed modifying 
0	22:55:38.751	trend_dtrader GBPUSD,H1: Failed modifying 
0	22:55:39.750	trend_dtrader GBPUSD,H1: Failed modifying 
0	22:55:40.750	trend_dtrader GBPUSD,H1: Failed modifying 
0	22:55:41.750	trend_dtrader GBPUSD,H1: Failed modifying 
0	22:55:42.749	trend_dtrader GBPUSD,H1: Failed modifying 
0	22:55:43.750	trend_dtrader GBPUSD,H1: Failed modifying 
0	22:55:44.750	trend_dtrader GBPUSD,H1: Failed modifying 
0	22:55:45.750	trend_dtrader GBPUSD,H1: Failed modifying 
0	22:55:46.750	trend_dtrader GBPUSD,H1: Failed modifying 
0	22:55:47.750	trend_dtrader GBPUSD,H1: Failed modifying 
0	22:55:48.749	trend_dtrader GBPUSD,H1: Failed modifying 
0	22:55:49.749	trend_dtrader GBPUSD,H1: Failed modifying 
0	22:55:50.749	trend_dtrader GBPUSD,H1: Failed modifying 
0	22:55:51.750	trend_dtrader GBPUSD,H1: Failed modifying 
0	22:55:52.749	trend_dtrader GBPUSD,H1: Failed modifying 
0	22:55:53.749	trend_dtrader GBPUSD,H1: Failed modifying 
0	22:55:54.749	trend_dtrader GBPUSD,H1: Failed modifying 
0	22:55:55.749	trend_dtrader GBPUSD,H1: Failed modifying 
0	22:55:56.749	trend_dtrader GBPUSD,H1: Failed modifying 
0	22:55:57.750	trend_dtrader GBPUSD,H1: Failed modifying 
0	22:55:58.749	trend_dtrader GBPUSD,H1: Failed modifying 
0	22:55:59.749	trend_dtrader GBPUSD,H1: Failed modifying 
0	22:56:00.749	trend_dtrader GBPUSD,H1: Failed modifying 
0	22:56:01.749	trend_dtrader GBPUSD,H1: Failed modifying 
0	22:56:02.749	trend_dtrader GBPUSD,H1: Failed modifying 
0	22:56:03.748	trend_dtrader GBPUSD,H1: Failed modifying 
0	22:56:04.748	trend_dtrader GBPUSD,H1: Failed modifying 
0	22:56:05.749	trend_dtrader GBPUSD,H1: Failed modifying 
0	22:56:06.748	trend_dtrader GBPUSD,H1: Failed modifying 
0	22:56:07.748	trend_dtrader GBPUSD,H1: Failed modifying 
0	22:56:08.748	trend_dtrader GBPUSD,H1: Failed modifying 
0	22:56:09.748	trend_dtrader GBPUSD,H1: Failed modifying 
0	22:56:10.772	trend_dtrader GBPUSD,H1: Failed modifying 
0	22:56:11.748	trend_dtrader GBPUSD,H1: Failed modifying 
0	22:56:12.747	trend_dtrader GBPUSD,H1: Failed modifying 
0	22:56:13.749	trend_dtrader GBPUSD,H1: Failed modifying 
0	22:56:14.748	trend_dtrader GBPUSD,H1: Failed modifying 
0	22:56:15.759	trend_dtrader GBPUSD,H1: Failed modifying 
0	22:56:16.749	trend_dtrader GBPUSD,H1: Failed modifying 
0	22:56:17.748	trend_dtrader GBPUSD,H1: Failed modifying 
0	22:56:18.748	trend_dtrader GBPUSD,H1: Failed modifying 
0	22:56:19.748	trend_dtrader GBPUSD,H1: Failed modifying 
0	22:56:20.748	trend_dtrader GBPUSD,H1: Failed modifying 
0	22:56:21.747	trend_dtrader GBPUSD,H1: Failed modifying 
0	22:56:22.747	trend_dtrader GBPUSD,H1: Failed modifying 
0	22:56:23.748	trend_dtrader GBPUSD,H1: Failed modifying 
0	22:56:24.747	trend_dtrader GBPUSD,H1: Failed modifying 
0	22:56:25.748	trend_dtrader GBPUSD,H1: Failed modifying 
0	22:56:26.748	trend_dtrader GBPUSD,H1: Failed modifying 
0	22:56:27.747	trend_dtrader GBPUSD,H1: Failed modifying 
0	22:56:28.747	trend_dtrader GBPUSD,H1: Failed modifying 
0	22:56:29.747	trend_dtrader GBPUSD,H1: Failed modifying 
0	22:56:30.747	trend_dtrader GBPUSD,H1: Failed modifying 
0	22:56:31.748	trend_dtrader GBPUSD,H1: Failed modifying 
0	22:56:32.748	trend_dtrader GBPUSD,H1: Failed modifying 
0	22:56:33.748	trend_dtrader GBPUSD,H1: Failed modifying 
0	22:56:34.747	trend_dtrader GBPUSD,H1: Failed modifying 
0	22:56:35.747	trend_dtrader GBPUSD,H1: Failed modifying 
0	22:56:36.747	trend_dtrader GBPUSD,H1: Failed modifying 
0	22:56:37.747	trend_dtrader GBPUSD,H1: Failed modifying 
0	22:56:38.747	trend_dtrader GBPUSD,H1: Failed modifying 
0	22:56:39.747	trend_dtrader GBPUSD,H1: Failed modifying 
0	22:56:40.747	trend_dtrader GBPUSD,H1: Failed modifying 
0	22:56:41.747	trend_dtrader GBPUSD,H1: Failed modifying 
0	22:56:42.747	trend_dtrader GBPUSD,H1: Failed modifying 
0	22:56:43.747	trend_dtrader GBPUSD,H1: Failed modifying 
0	22:56:44.746	trend_dtrader GBPUSD,H1: Failed modifying 
0	22:56:45.746	trend_dtrader GBPUSD,H1: Failed modifying 
0	22:56:46.747	trend_dtrader GBPUSD,H1: Failed modifying 
0	22:56:47.747	trend_dtrader GBPUSD,H1: Failed modifying 
0	22:56:48.747	trend_dtrader GBPUSD,H1: Failed modifying 
0	22:56:49.746	trend_dtrader GBPUSD,H1: Failed modifying 
0	22:56:50.746	trend_dtrader GBPUSD,H1: Failed modifying 
0	22:56:51.746	trend_dtrader GBPUSD,H1: Failed modifying 
0	22:56:52.746	trend_dtrader GBPUSD,H1: Failed modifying 
0	22:56:53.747	trend_dtrader GBPUSD,H1: Failed modifying 
0	22:56:54.746	trend_dtrader GBPUSD,H1: Failed modifying 
0	22:56:55.746	trend_dtrader GBPUSD,H1: Failed modifying 
0	22:56:56.746	trend_dtrader GBPUSD,H1: Failed modifying 
0	22:56:57.746	trend_dtrader GBPUSD,H1: Failed modifying 
0	22:56:58.746	trend_dtrader GBPUSD,H1: Failed modifying 
0	22:56:59.746	trend_dtrader GBPUSD,H1: Failed modifying 
0	22:57:00.746	trend_dtrader GBPUSD,H1: Failed modifying 
0	22:57:01.745	trend_dtrader GBPUSD,H1: Failed modifying 
0	22:57:02.745	trend_dtrader GBPUSD,H1: Failed modifying 
0	22:57:03.747	trend_dtrader GBPUSD,H1: Failed modifying 
0	22:57:04.746	trend_dtrader GBPUSD,H1: Failed modifying 
0	22:57:05.746	trend_dtrader GBPUSD,H1: Failed modifying 
0	22:57:06.745	trend_dtrader GBPUSD,H1: Failed modifying 
0	22:57:07.745	trend_dtrader GBPUSD,H1: Failed modifying 
0	22:57:08.745	trend_dtrader GBPUSD,H1: Failed modifying 
0	22:57:09.745	trend_dtrader GBPUSD,H1: Failed modifying 
0	22:57:10.745	trend_dtrader GBPUSD,H1: Failed modifying 
0	22:57:11.745	trend_dtrader GBPUSD,H1: Failed modifying 
0	22:57:12.745	trend_dtrader GBPUSD,H1: Failed modifying 
0	22:57:13.745	trend_dtrader GBPUSD,H1: Failed modifying 
0	22:57:14.746	trend_dtrader GBPUSD,H1: Failed modifying 
0	22:57:15.745	trend_dtrader GBPUSD,H1: Failed modifying 
0	22:57:16.746	trend_dtrader GBPUSD,H1: Failed modifying 
0	22:57:17.745	trend_dtrader GBPUSD,H1: Failed modifying 
0	22:57:18.745	trend_dtrader GBPUSD,H1: Failed modifying 
0	22:57:19.745	trend_dtrader GBPUSD,H1: Failed modifying 
0	22:57:20.745	trend_dtrader GBPUSD,H1: Failed modifying 
0	22:57:21.745	trend_dtrader GBPUSD,H1: Failed modifying 
0	22:57:22.744	trend_dtrader GBPUSD,H1: Failed modifying 
0	22:57:23.745	trend_dtrader GBPUSD,H1: Failed modifying 
0	22:57:24.744	trend_dtrader GBPUSD,H1: Failed modifying 
0	22:57:25.745	trend_dtrader GBPUSD,H1: Failed modifying 
0	22:57:26.744	trend_dtrader GBPUSD,H1: Failed modifying 
0	22:57:27.744	trend_dtrader GBPUSD,H1: Failed modifying 
0	22:57:28.744	trend_dtrader GBPUSD,H1: Failed modifying 
0	22:57:29.745	trend_dtrader GBPUSD,H1: Failed modifying 
0	22:57:30.745	trend_dtrader GBPUSD,H1: Failed modifying 
0	22:57:31.744	trend_dtrader GBPUSD,H1: Failed modifying 
0	22:57:32.745	trend_dtrader GBPUSD,H1: Failed modifying 
0	22:57:33.745	trend_dtrader GBPUSD,H1: Failed modifying 
0	22:57:34.744	trend_dtrader GBPUSD,H1: Failed modifying 
0	22:57:35.745	trend_dtrader GBPUSD,H1: Failed modifying 
0	22:57:36.744	trend_dtrader GBPUSD,H1: Failed modifying 
0	22:57:37.744	trend_dtrader GBPUSD,H1: Failed modifying 
0	22:57:38.744	trend_dtrader GBPUSD,H1: Failed modifying 
0	22:57:39.745	trend_dtrader GBPUSD,H1: Failed modifying 
0	22:57:40.746	trend_dtrader GBPUSD,H1: Failed modifying 
0	22:57:41.748	trend_dtrader GBPUSD,H1: Failed modifying 
0	22:57:42.748	trend_dtrader GBPUSD,H1: Failed modifying 
0	22:57:43.749	trend_dtrader GBPUSD,H1: Failed modifying 
0	22:57:44.751	trend_dtrader GBPUSD,H1: Failed modifying 
0	22:57:45.751	trend_dtrader GBPUSD,H1: Failed modifying 
0	22:57:46.752	trend_dtrader GBPUSD,H1: Failed modifying 
0	22:57:47.753	trend_dtrader GBPUSD,H1: Failed modifying 
0	22:57:48.754	trend_dtrader GBPUSD,H1: Failed modifying 
0	22:57:49.755	trend_dtrader GBPUSD,H1: Failed modifying 
0	22:57:50.755	trend_dtrader GBPUSD,H1: Failed modifying 
0	22:57:51.756	trend_dtrader GBPUSD,H1: Failed modifying 
0	22:57:52.757	trend_dtrader GBPUSD,H1: Failed modifying 
0	22:57:53.757	trend_dtrader GBPUSD,H1: Failed modifying 
0	22:57:54.758	trend_dtrader GBPUSD,H1: Failed modifying 
0	22:57:55.758	trend_dtrader GBPUSD,H1: Failed modifying 
0	22:57:56.759	trend_dtrader GBPUSD,H1: Failed modifying 
0	22:57:57.759	trend_dtrader GBPUSD,H1: Failed modifying 
0	22:57:58.759	trend_dtrader GBPUSD,H1: Failed modifying 
0	22:57:59.759	trend_dtrader GBPUSD,H1: Failed modifying 
0	22:58:00.760	trend_dtrader GBPUSD,H1: Failed modifying 
0	22:58:01.761	trend_dtrader GBPUSD,H1: Failed modifying 
0	22:58:02.760	trend_dtrader GBPUSD,H1: Failed modifying 
0	22:58:03.761	trend_dtrader GBPUSD,H1: Failed modifying 
0	22:58:04.762	trend_dtrader GBPUSD,H1: Failed modifying 
0	22:58:05.761	trend_dtrader GBPUSD,H1: Failed modifying 
0	22:58:06.762	trend_dtrader GBPUSD,H1: Failed modifying 
0	22:58:07.762	trend_dtrader GBPUSD,H1: Failed modifying 
0	22:58:08.762	trend_dtrader GBPUSD,H1: Failed modifying 
0	22:58:09.762	trend_dtrader GBPUSD,H1: Failed modifying 
0	22:58:10.763	trend_dtrader GBPUSD,H1: Failed modifying 
0	22:58:11.763	trend_dtrader GBPUSD,H1: Failed modifying 
0	22:58:12.763	trend_dtrader GBPUSD,H1: Failed modifying 
0	22:58:13.763	trend_dtrader GBPUSD,H1: Failed modifying 
0	22:58:14.763	trend_dtrader GBPUSD,H1: Failed modifying 
0	22:58:15.764	trend_dtrader GBPUSD,H1: Failed modifying 
0	22:58:16.763	trend_dtrader GBPUSD,H1: Failed modifying 
0	22:58:17.763	trend_dtrader GBPUSD,H1: Failed modifying 
0	22:58:18.764	trend_dtrader GBPUSD,H1: Failed modifying 
0	22:58:19.763	trend_dtrader GBPUSD,H1: Failed modifying 
0	22:58:20.763	trend_dtrader GBPUSD,H1: Failed modifying 
0	22:58:21.764	trend_dtrader GBPUSD,H1: Failed modifying 
0	22:58:22.763	trend_dtrader GBPUSD,H1: Failed modifying 
0	22:58:23.763	trend_dtrader GBPUSD,H1: Failed modifying 
0	22:58:24.764	trend_dtrader GBPUSD,H1: Failed modifying 
0	22:58:25.763	trend_dtrader GBPUSD,H1: Failed modifying 
0	22:58:26.764	trend_dtrader GBPUSD,H1: Failed modifying 
0	22:58:27.763	trend_dtrader GBPUSD,H1: Failed modifying 
0	22:58:28.764	trend_dtrader GBPUSD,H1: Failed modifying 
0	22:58:29.764	trend_dtrader GBPUSD,H1: Failed modifying 
0	22:58:30.764	trend_dtrader GBPUSD,H1: Failed modifying 
0	22:58:31.763	trend_dtrader GBPUSD,H1: Failed modifying 
0	22:58:32.764	trend_dtrader GBPUSD,H1: Failed modifying 
0	22:58:33.765	trend_dtrader GBPUSD,H1: Failed modifying 
0	22:58:34.764	trend_dtrader GBPUSD,H1: Failed modifying 
0	22:58:35.763	trend_dtrader GBPUSD,H1: Failed modifying 
0	22:58:36.764	trend_dtrader GBPUSD,H1: Failed modifying 
0	22:58:37.764	trend_dtrader GBPUSD,H1: Failed modifying 
0	22:58:38.763	trend_dtrader GBPUSD,H1: Failed modifying 
0	22:58:39.764	trend_dtrader GBPUSD,H1: Failed modifying 
0	22:58:40.764	trend_dtrader GBPUSD,H1: Failed modifying 
0	22:58:41.764	trend_dtrader GBPUSD,H1: Failed modifying 
0	22:58:42.764	trend_dtrader GBPUSD,H1: Failed modifying 
0	22:58:43.764	trend_dtrader GBPUSD,H1: Failed modifying 
0	22:58:44.763	trend_dtrader GBPUSD,H1: Failed modifying 
0	22:58:45.763	trend_dtrader GBPUSD,H1: Failed modifying 
0	22:58:46.764	trend_dtrader GBPUSD,H1: Failed modifying 
0	22:58:47.764	trend_dtrader GBPUSD,H1: Failed modifying 
0	22:58:48.764	trend_dtrader GBPUSD,H1: Failed modifying 
0	22:58:49.763	trend_dtrader GBPUSD,H1: Failed modifying 
0	22:58:50.765	trend_dtrader GBPUSD,H1: Failed modifying 
0	22:58:51.764	trend_dtrader GBPUSD,H1: Failed modifying 
0	22:58:52.763	trend_dtrader GBPUSD,H1: Failed modifying 
0	22:58:53.764	trend_dtrader GBPUSD,H1: Failed modifying 
0	22:58:54.764	trend_dtrader GBPUSD,H1: Failed modifying 
0	22:58:55.763	trend_dtrader GBPUSD,H1: Failed modifying 
0	22:58:56.763	trend_dtrader GBPUSD,H1: Failed modifying 
0	22:58:57.763	trend_dtrader GBPUSD,H1: Failed modifying 
0	22:58:58.763	trend_dtrader GBPUSD,H1: Failed modifying 
0	22:58:59.764	trend_dtrader GBPUSD,H1: Failed modifying 
0	22:59:00.763	trend_dtrader GBPUSD,H1: Failed modifying 
0	22:59:01.763	trend_dtrader GBPUSD,H1: Failed modifying 
0	22:59:02.764	trend_dtrader GBPUSD,H1: Failed modifying 
0	22:59:03.762	trend_dtrader GBPUSD,H1: Failed modifying 
0	22:59:04.763	trend_dtrader GBPUSD,H1: Failed modifying 
0	22:59:05.763	trend_dtrader GBPUSD,H1: Failed modifying 
0	22:59:06.763	trend_dtrader GBPUSD,H1: Failed modifying 
0	22:59:07.763	trend_dtrader GBPUSD,H1: Failed modifying 
0	22:59:08.762	trend_dtrader GBPUSD,H1: Failed modifying 
0	22:59:09.762	trend_dtrader GBPUSD,H1: Failed modifying 
0	22:59:10.763	trend_dtrader GBPUSD,H1: Failed modifying 
0	22:59:11.763	trend_dtrader GBPUSD,H1: Failed modifying 
0	22:59:12.763	trend_dtrader GBPUSD,H1: Failed modifying 
0	22:59:13.762	trend_dtrader GBPUSD,H1: Failed modifying 
0	22:59:14.762	trend_dtrader GBPUSD,H1: Failed modifying 
0	22:59:15.763	trend_dtrader GBPUSD,H1: Failed modifying 
0	22:59:16.763	trend_dtrader GBPUSD,H1: Failed modifying 
0	22:59:17.762	trend_dtrader GBPUSD,H1: Failed modifying 
0	22:59:18.762	trend_dtrader GBPUSD,H1: Failed modifying 
0	22:59:19.763	trend_dtrader GBPUSD,H1: Failed modifying 
0	22:59:20.762	trend_dtrader GBPUSD,H1: Failed modifying 
0	22:59:21.762	trend_dtrader GBPUSD,H1: Failed modifying 
0	22:59:22.762	trend_dtrader GBPUSD,H1: Failed modifying 
0	22:59:23.762	trend_dtrader GBPUSD,H1: Failed modifying 
0	22:59:24.762	trend_dtrader GBPUSD,H1: Failed modifying 
0	22:59:25.762	trend_dtrader GBPUSD,H1: Failed modifying 
0	22:59:26.762	trend_dtrader GBPUSD,H1: Failed modifying 
0	22:59:27.762	trend_dtrader GBPUSD,H1: Failed modifying 
0	22:59:28.762	trend_dtrader GBPUSD,H1: Failed modifying 
0	22:59:29.762	trend_dtrader GBPUSD,H1: Failed modifying 
0	22:59:30.762	trend_dtrader GBPUSD,H1: Failed modifying 
0	22:59:31.762	trend_dtrader GBPUSD,H1: Failed modifying 
0	22:59:32.761	trend_dtrader GBPUSD,H1: Failed modifying 
0	22:59:33.762	trend_dtrader GBPUSD,H1: Failed modifying 
0	22:59:34.762	trend_dtrader GBPUSD,H1: Failed modifying 
0	22:59:35.761	trend_dtrader GBPUSD,H1: Failed modifying 
0	22:59:36.762	trend_dtrader GBPUSD,H1: Failed modifying 
0	22:59:37.761	trend_dtrader GBPUSD,H1: Failed modifying 
0	22:59:38.762	trend_dtrader GBPUSD,H1: Failed modifying 
0	22:59:39.761	trend_dtrader GBPUSD,H1: Failed modifying 
0	22:59:40.762	trend_dtrader GBPUSD,H1: Failed modifying 
0	22:59:41.761	trend_dtrader GBPUSD,H1: Failed modifying 
0	22:59:42.761	trend_dtrader GBPUSD,H1: Failed modifying 
0	22:59:43.761	trend_dtrader GBPUSD,H1: Failed modifying 
0	22:59:44.761	trend_dtrader GBPUSD,H1: Failed modifying 
0	22:59:45.760	trend_dtrader GBPUSD,H1: Failed modifying 
0	22:59:46.761	trend_dtrader GBPUSD,H1: Failed modifying 
0	22:59:47.761	trend_dtrader GBPUSD,H1: Failed modifying 
0	22:59:48.762	trend_dtrader GBPUSD,H1: Failed modifying 
0	22:59:49.761	trend_dtrader GBPUSD,H1: Failed modifying 
0	22:59:50.761	trend_dtrader GBPUSD,H1: Failed modifying 
0	22:59:51.761	trend_dtrader GBPUSD,H1: Failed modifying 
0	22:59:52.761	trend_dtrader GBPUSD,H1: Failed modifying 
0	22:59:53.761	trend_dtrader GBPUSD,H1: Failed modifying 
0	22:59:54.761	trend_dtrader GBPUSD,H1: Failed modifying 
0	22:59:55.760	trend_dtrader GBPUSD,H1: Failed modifying 
0	22:59:56.761	trend_dtrader GBPUSD,H1: Failed modifying 
0	22:59:57.761	trend_dtrader GBPUSD,H1: Failed modifying 
0	22:59:58.761	trend_dtrader GBPUSD,H1: Failed modifying 
0	22:59:59.761	trend_dtrader GBPUSD,H1: Failed modifying 
0	23:00:00.761	trend_dtrader GBPUSD,H1: Failed modifying 
0	23:00:01.761	trend_dtrader GBPUSD,H1: Failed modifying 
0	23:00:02.760	trend_dtrader GBPUSD,H1: Failed modifying 
0	23:00:03.760	trend_dtrader GBPUSD,H1: Failed modifying 
0	23:00:04.761	trend_dtrader GBPUSD,H1: Failed modifying 
0	23:00:05.760	trend_dtrader GBPUSD,H1: Failed modifying 
0	23:00:06.761	trend_dtrader GBPUSD,H1: Failed modifying 
0	23:00:07.760	trend_dtrader GBPUSD,H1: Failed modifying 
0	23:00:08.760	trend_dtrader GBPUSD,H1: Failed modifying 
0	23:00:09.759	trend_dtrader GBPUSD,H1: Failed modifying 
0	23:00:10.759	trend_dtrader GBPUSD,H1: Failed modifying 
0	23:00:11.760	trend_dtrader GBPUSD,H1: Failed modifying 
0	23:00:12.761	trend_dtrader GBPUSD,H1: Failed modifying 
0	23:00:13.759	trend_dtrader GBPUSD,H1: Failed modifying 
0	23:00:14.760	trend_dtrader GBPUSD,H1: Failed modifying 
0	23:00:15.759	trend_dtrader GBPUSD,H1: Failed modifying 
0	23:00:16.760	trend_dtrader GBPUSD,H1: Failed modifying 
0	23:00:17.760	trend_dtrader GBPUSD,H1: Failed modifying 
0	23:00:18.760	trend_dtrader GBPUSD,H1: Failed modifying 
0	23:00:19.760	trend_dtrader GBPUSD,H1: Failed modifying 
0	23:00:20.759	trend_dtrader GBPUSD,H1: Failed modifying 
0	23:00:21.759	trend_dtrader GBPUSD,H1: Failed modifying 
0	23:00:22.760	trend_dtrader GBPUSD,H1: Failed modifying 
0	23:00:23.759	trend_dtrader GBPUSD,H1: Failed modifying 
0	23:00:24.760	trend_dtrader GBPUSD,H1: Failed modifying 
0	23:00:25.760	trend_dtrader GBPUSD,H1: Failed modifying 
0	23:00:26.760	trend_dtrader GBPUSD,H1: Failed modifying 
0	23:00:27.759	trend_dtrader GBPUSD,H1: Failed modifying 
0	23:00:28.760	trend_dtrader GBPUSD,H1: Failed modifying 
0	23:00:29.763	trend_dtrader GBPUSD,H1: Failed modifying 
0	23:00:30.759	trend_dtrader GBPUSD,H1: Failed modifying 
0	23:00:31.759	trend_dtrader GBPUSD,H1: Failed modifying 
0	23:00:32.759	trend_dtrader GBPUSD,H1: Failed modifying 
0	23:00:33.759	trend_dtrader GBPUSD,H1: Failed modifying 
0	23:00:34.758	trend_dtrader GBPUSD,H1: Failed modifying 
0	23:00:35.759	trend_dtrader GBPUSD,H1: Failed modifying 
0	23:00:36.758	trend_dtrader GBPUSD,H1: Failed modifying 
0	23:00:37.759	trend_dtrader GBPUSD,H1: Failed modifying 
0	23:00:38.759	trend_dtrader GBPUSD,H1: Failed modifying 
0	23:00:39.759	trend_dtrader GBPUSD,H1: Failed modifying 
0	23:00:40.759	trend_dtrader GBPUSD,H1: Failed modifying 
0	23:00:41.759	trend_dtrader GBPUSD,H1: Failed modifying 
0	23:00:42.759	trend_dtrader GBPUSD,H1: Failed modifying 
0	23:00:43.758	trend_dtrader GBPUSD,H1: Failed modifying 
0	23:00:44.759	trend_dtrader GBPUSD,H1: Failed modifying 
0	23:00:45.758	trend_dtrader GBPUSD,H1: Failed modifying 
0	23:00:46.759	trend_dtrader GBPUSD,H1: Failed modifying 
0	23:00:47.758	trend_dtrader GBPUSD,H1: Failed modifying 
0	23:00:48.758	trend_dtrader GBPUSD,H1: Failed modifying 
0	23:00:49.758	trend_dtrader GBPUSD,H1: Failed modifying 
0	23:00:50.758	trend_dtrader GBPUSD,H1: Failed modifying 
0	23:00:51.758	trend_dtrader GBPUSD,H1: Failed modifying 
0	23:00:52.758	trend_dtrader GBPUSD,H1: Failed modifying 
0	23:00:53.759	trend_dtrader GBPUSD,H1: Failed modifying 
0	23:00:54.759	trend_dtrader GBPUSD,H1: Failed modifying 
0	23:00:55.758	trend_dtrader GBPUSD,H1: Failed modifying 
0	23:00:56.759	trend_dtrader GBPUSD,H1: Failed modifying 
0	23:00:57.758	trend_dtrader GBPUSD,H1: Failed modifying 
0	23:00:58.758	trend_dtrader GBPUSD,H1: Failed modifying 
0	23:00:59.758	trend_dtrader GBPUSD,H1: Failed modifying 
0	23:01:00.758	trend_dtrader GBPUSD,H1: Failed modifying 
0	23:01:01.758	trend_dtrader GBPUSD,H1: Failed modifying 
0	23:01:02.758	trend_dtrader GBPUSD,H1: Failed modifying 
0	23:01:03.758	trend_dtrader GBPUSD,H1: Failed modifying 
0	23:01:04.757	trend_dtrader GBPUSD,H1: Failed modifying 
0	23:01:05.757	trend_dtrader GBPUSD,H1: Failed modifying 
0	23:01:06.758	trend_dtrader GBPUSD,H1: Failed modifying 
0	23:01:07.757	trend_dtrader GBPUSD,H1: Failed modifying 
0	23:01:08.757	trend_dtrader GBPUSD,H1: Failed modifying 
0	23:01:09.757	trend_dtrader GBPUSD,H1: Failed modifying 
0	23:01:10.757	trend_dtrader GBPUSD,H1: Failed modifying 
0	23:01:11.758	trend_dtrader GBPUSD,H1: Failed modifying 
0	23:01:12.757	trend_dtrader GBPUSD,H1: Failed modifying 
0	23:01:13.757	trend_dtrader GBPUSD,H1: Failed modifying 
0	23:01:14.757	trend_dtrader GBPUSD,H1: Failed modifying 
0	23:01:15.756	trend_dtrader GBPUSD,H1: Failed modifying 
0	23:01:16.757	trend_dtrader GBPUSD,H1: Failed modifying 
0	23:01:17.757	trend_dtrader GBPUSD,H1: Failed modifying 
0	23:01:18.757	trend_dtrader GBPUSD,H1: Failed modifying 
0	23:01:19.757	trend_dtrader GBPUSD,H1: Failed modifying 
0	23:01:20.757	trend_dtrader GBPUSD,H1: Failed modifying 
0	23:01:21.756	trend_dtrader GBPUSD,H1: Failed modifying 
0	23:01:22.756	trend_dtrader GBPUSD,H1: Failed modifying 
0	23:01:23.757	trend_dtrader GBPUSD,H1: Failed modifying 
0	23:01:24.756	trend_dtrader GBPUSD,H1: Failed modifying 
0	23:01:25.757	trend_dtrader GBPUSD,H1: Failed modifying 
0	23:01:26.756	trend_dtrader GBPUSD,H1: Failed modifying 
0	23:01:27.757	trend_dtrader GBPUSD,H1: Failed modifying 
0	23:01:28.756	trend_dtrader GBPUSD,H1: Failed modifying 
0	23:01:29.756	trend_dtrader GBPUSD,H1: Failed modifying 
0	23:01:30.757	trend_dtrader GBPUSD,H1: Failed modifying 
0	23:01:31.756	trend_dtrader GBPUSD,H1: Failed modifying 
0	23:01:32.756	trend_dtrader GBPUSD,H1: Failed modifying 
0	23:01:33.757	trend_dtrader GBPUSD,H1: Failed modifying 
0	23:01:34.757	trend_dtrader GBPUSD,H1: Failed modifying 
0	23:01:35.756	trend_dtrader GBPUSD,H1: Failed modifying 
0	23:01:36.756	trend_dtrader GBPUSD,H1: Failed modifying 
0	23:01:37.756	trend_dtrader GBPUSD,H1: Failed modifying 
0	23:01:38.756	trend_dtrader GBPUSD,H1: Failed modifying 
0	23:01:39.756	trend_dtrader GBPUSD,H1: Failed modifying 
0	23:01:40.756	trend_dtrader GBPUSD,H1: Failed modifying 
0	23:01:41.755	trend_dtrader GBPUSD,H1: Failed modifying 
0	23:01:42.755	trend_dtrader GBPUSD,H1: Failed modifying 
0	23:01:43.756	trend_dtrader GBPUSD,H1: Failed modifying 
0	23:01:44.756	trend_dtrader GBPUSD,H1: Failed modifying 
0	23:01:45.756	trend_dtrader GBPUSD,H1: Failed modifying 
0	23:01:46.755	trend_dtrader GBPUSD,H1: Failed modifying 
0	23:01:47.755	trend_dtrader GBPUSD,H1: Failed modifying 
0	23:01:48.755	trend_dtrader GBPUSD,H1: Failed modifying 
0	23:01:49.756	trend_dtrader GBPUSD,H1: Failed modifying 
0	23:01:50.755	trend_dtrader GBPUSD,H1: Failed modifying 
0	23:01:51.761	trend_dtrader GBPUSD,H1: Failed modifying 
0	23:01:52.756	trend_dtrader GBPUSD,H1: Failed modifying 
0	23:01:53.756	trend_dtrader GBPUSD,H1: Failed modifying 
0	23:01:54.756	trend_dtrader GBPUSD,H1: Failed modifying 
0	23:01:55.756	trend_dtrader GBPUSD,H1: Failed modifying 
0	23:01:56.755	trend_dtrader GBPUSD,H1: Failed modifying 
0	23:01:57.755	trend_dtrader GBPUSD,H1: Failed modifying 
0	23:01:58.756	trend_dtrader GBPUSD,H1: Failed modifying 
0	23:01:59.756	trend_dtrader GBPUSD,H1: Failed modifying 
0	23:02:00.754	trend_dtrader GBPUSD,H1: Failed modifying 
0	23:02:01.754	trend_dtrader GBPUSD,H1: Failed modifying 
0	23:02:02.807	trend_dtrader GBPUSD,H1: Failed modifying 
0	23:02:03.754	trend_dtrader GBPUSD,H1: Failed modifying 
0	23:02:04.755	trend_dtrader GBPUSD,H1: Failed modifying 
0	23:02:05.755	trend_dtrader GBPUSD,H1: Failed modifying 
0	23:02:06.754	trend_dtrader GBPUSD,H1: Failed modifying 
0	23:02:07.755	trend_dtrader GBPUSD,H1: Failed modifying 
0	23:02:08.754	trend_dtrader GBPUSD,H1: Failed modifying 
0	23:02:09.755	trend_dtrader GBPUSD,H1: Failed modifying 
0	23:02:10.755	trend_dtrader GBPUSD,H1: Failed modifying 
0	23:02:11.754	trend_dtrader GBPUSD,H1: Failed modifying 
0	23:02:12.754	trend_dtrader GBPUSD,H1: Failed modifying 
0	23:02:13.754	trend_dtrader GBPUSD,H1: Failed modifying 
0	23:02:14.755	trend_dtrader GBPUSD,H1: Failed modifying 
0	23:02:15.754	trend_dtrader GBPUSD,H1: Failed modifying 
0	23:02:16.754	trend_dtrader GBPUSD,H1: Failed modifying 
0	23:02:17.754	trend_dtrader GBPUSD,H1: Failed modifying 
0	23:02:18.753	trend_dtrader GBPUSD,H1: Failed modifying 
0	23:02:19.754	trend_dtrader GBPUSD,H1: Failed modifying 
0	23:02:20.754	trend_dtrader GBPUSD,H1: Failed modifying 
0	23:02:21.754	trend_dtrader GBPUSD,H1: Failed modifying 
0	23:02:22.753	trend_dtrader GBPUSD,H1: Failed modifying 
0	23:02:23.753	trend_dtrader GBPUSD,H1: Failed modifying 
0	23:02:24.754	trend_dtrader GBPUSD,H1: Failed modifying 
0	23:02:25.754	trend_dtrader GBPUSD,H1: Failed modifying 
0	23:02:26.754	trend_dtrader GBPUSD,H1: Failed modifying 
0	23:02:27.754	trend_dtrader GBPUSD,H1: Failed modifying 
0	23:02:28.753	trend_dtrader GBPUSD,H1: Failed modifying 
0	23:02:29.754	trend_dtrader GBPUSD,H1: Failed modifying 
0	23:02:30.754	trend_dtrader GBPUSD,H1: Failed modifying 
0	23:02:31.754	trend_dtrader GBPUSD,H1: Failed modifying 
0	23:02:32.754	trend_dtrader GBPUSD,H1: Failed modifying 
0	23:02:33.753	trend_dtrader GBPUSD,H1: Failed modifying 
0	23:02:34.754	trend_dtrader GBPUSD,H1: Failed modifying 
0	23:02:35.754	trend_dtrader GBPUSD,H1: Failed modifying 
0	23:02:36.754	trend_dtrader GBPUSD,H1: Failed modifying 
0	23:02:37.753	trend_dtrader GBPUSD,H1: Failed modifying 
0	23:02:38.753	trend_dtrader GBPUSD,H1: Failed modifying 
0	23:02:39.753	trend_dtrader GBPUSD,H1: Failed modifying 
0	23:02:40.753	trend_dtrader GBPUSD,H1: Failed modifying 
0	23:02:41.753	trend_dtrader GBPUSD,H1: Failed modifying 
0	23:02:42.753	trend_dtrader GBPUSD,H1: Failed modifying 
0	23:02:43.753	trend_dtrader GBPUSD,H1: Failed modifying 
0	23:02:44.753	trend_dtrader GBPUSD,H1: Failed modifying 
0	23:02:45.753	trend_dtrader GBPUSD,H1: Failed modifying 
0	23:02:46.753	trend_dtrader GBPUSD,H1: Failed modifying 
0	23:02:47.753	trend_dtrader GBPUSD,H1: Failed modifying 
0	23:02:48.753	trend_dtrader GBPUSD,H1: Failed modifying 
0	23:02:49.752	trend_dtrader GBPUSD,H1: Failed modifying 
0	23:02:50.753	trend_dtrader GBPUSD,H1: Failed modifying 
0	23:02:51.752	trend_dtrader GBPUSD,H1: Failed modifying 
0	23:02:52.752	trend_dtrader GBPUSD,H1: Failed modifying 
0	23:02:53.752	trend_dtrader GBPUSD,H1: Failed modifying 
0	23:02:54.753	trend_dtrader GBPUSD,H1: Failed modifying 
0	23:02:55.755	trend_dtrader GBPUSD,H1: Failed modifying 
0	23:02:56.752	trend_dtrader GBPUSD,H1: Failed modifying 
0	23:02:57.753	trend_dtrader GBPUSD,H1: Failed modifying 
0	23:02:58.753	trend_dtrader GBPUSD,H1: Failed modifying 
0	23:02:59.752	trend_dtrader GBPUSD,H1: Failed modifying 
0	23:03:00.752	trend_dtrader GBPUSD,H1: Failed modifying 
0	23:03:01.752	trend_dtrader GBPUSD,H1: Failed modifying 
0	23:03:02.751	trend_dtrader GBPUSD,H1: Failed modifying 
0	23:03:03.753	trend_dtrader GBPUSD,H1: Failed modifying 
0	23:03:04.752	trend_dtrader GBPUSD,H1: Failed modifying 
0	23:03:05.753	trend_dtrader GBPUSD,H1: Failed modifying 
0	23:03:06.752	trend_dtrader GBPUSD,H1: Failed modifying 
0	23:03:07.752	trend_dtrader GBPUSD,H1: Failed modifying 
0	23:03:08.752	trend_dtrader GBPUSD,H1: Failed modifying 
0	23:03:09.751	trend_dtrader GBPUSD,H1: Failed modifying 
0	23:03:10.752	trend_dtrader GBPUSD,H1: Failed modifying 
0	23:03:11.751	trend_dtrader GBPUSD,H1: Failed modifying 
0	23:03:12.752	trend_dtrader GBPUSD,H1: Failed modifying 
0	23:03:13.751	trend_dtrader GBPUSD,H1: Failed modifying 
0	23:03:14.752	trend_dtrader GBPUSD,H1: Failed modifying 
0	23:03:15.751	trend_dtrader GBPUSD,H1: Failed modifying 
0	23:03:16.752	trend_dtrader GBPUSD,H1: Failed modifying 
0	23:03:17.752	trend_dtrader GBPUSD,H1: Failed modifying 
0	23:03:18.752	trend_dtrader GBPUSD,H1: Failed modifying 
0	23:03:19.752	trend_dtrader GBPUSD,H1: Failed modifying 
0	23:03:20.752	trend_dtrader GBPUSD,H1: Failed modifying 
0	23:03:21.752	trend_dtrader GBPUSD,H1: Failed modifying 
0	23:03:22.751	trend_dtrader GBPUSD,H1: Failed modifying 
0	23:03:23.751	trend_dtrader GBPUSD,H1: Failed modifying 
0	23:03:24.751	trend_dtrader GBPUSD,H1: Failed modifying 
0	23:03:25.751	trend_dtrader GBPUSD,H1: Failed modifying 
0	23:03:26.751	trend_dtrader GBPUSD,H1: Failed modifying 
0	23:03:27.751	trend_dtrader GBPUSD,H1: Failed modifying 
0	23:03:28.751	trend_dtrader GBPUSD,H1: Failed modifying 
0	23:03:29.751	trend_dtrader GBPUSD,H1: Failed modifying 
0	23:03:30.752	trend_dtrader GBPUSD,H1: Failed modifying 
0	23:03:31.751	trend_dtrader GBPUSD,H1: Failed modifying 
0	23:03:32.751	trend_dtrader GBPUSD,H1: Failed modifying 
0	23:03:33.751	trend_dtrader GBPUSD,H1: Failed modifying 
0	23:03:34.751	trend_dtrader GBPUSD,H1: Failed modifying 
0	23:03:35.792	trend_dtrader GBPUSD,H1: Failed modifying 
0	23:03:36.751	trend_dtrader GBPUSD,H1: Failed modifying 
0	23:03:37.751	trend_dtrader GBPUSD,H1: Failed modifying 
0	23:03:38.750	trend_dtrader GBPUSD,H1: Failed modifying 
0	23:03:39.750	trend_dtrader GBPUSD,H1: Failed modifying 
0	23:03:40.751	trend_dtrader GBPUSD,H1: Failed modifying 
0	23:03:41.750	trend_dtrader GBPUSD,H1: Failed modifying 
0	23:03:42.750	trend_dtrader GBPUSD,H1: Failed modifying 
0	23:03:43.750	trend_dtrader GBPUSD,H1: Failed modifying 
0	23:03:44.750	trend_dtrader GBPUSD,H1: Failed modifying 
0	23:03:45.750	trend_dtrader GBPUSD,H1: Failed modifying 
0	23:03:46.751	trend_dtrader GBPUSD,H1: Failed modifying 
0	23:03:47.750	trend_dtrader GBPUSD,H1: Failed modifying 
0	23:03:48.751	trend_dtrader GBPUSD,H1: Failed modifying 
0	23:03:49.751	trend_dtrader GBPUSD,H1: Failed modifying 
0	23:03:50.750	trend_dtrader GBPUSD,H1: Failed modifying 
0	23:03:51.750	trend_dtrader GBPUSD,H1: Failed modifying 
0	23:03:52.750	trend_dtrader GBPUSD,H1: Failed modifying 
0	23:03:53.749	trend_dtrader GBPUSD,H1: Failed modifying 
0	23:03:54.750	trend_dtrader GBPUSD,H1: Failed modifying 
0	23:03:55.750	trend_dtrader GBPUSD,H1: Failed modifying 
0	23:03:56.750	trend_dtrader GBPUSD,H1: Failed modifying 
0	23:03:57.750	trend_dtrader GBPUSD,H1: Failed modifying 
0	23:03:58.749	trend_dtrader GBPUSD,H1: Failed modifying 
0	23:03:59.749	trend_dtrader GBPUSD,H1: Failed modifying 
0	23:04:00.749	trend_dtrader GBPUSD,H1: Failed modifying 
0	23:04:01.750	trend_dtrader GBPUSD,H1: Failed modifying 
0	23:04:02.749	trend_dtrader GBPUSD,H1: Failed modifying 
0	23:04:03.750	trend_dtrader GBPUSD,H1: Failed modifying 
0	23:04:04.749	trend_dtrader GBPUSD,H1: Failed modifying 
0	23:04:05.749	trend_dtrader GBPUSD,H1: Failed modifying 
0	23:04:06.749	trend_dtrader GBPUSD,H1: Failed modifying 
0	23:04:07.749	trend_dtrader GBPUSD,H1: Failed modifying 
0	23:04:08.750	trend_dtrader GBPUSD,H1: Failed modifying 
0	23:04:09.749	trend_dtrader GBPUSD,H1: Failed modifying 
0	23:04:10.749	trend_dtrader GBPUSD,H1: Failed modifying 
0	23:04:11.750	trend_dtrader GBPUSD,H1: Failed modifying 
0	23:04:12.749	trend_dtrader GBPUSD,H1: Failed modifying 
0	23:04:13.749	trend_dtrader GBPUSD,H1: Failed modifying 
0	23:04:14.749	trend_dtrader GBPUSD,H1: Failed modifying 
0	23:04:15.749	trend_dtrader GBPUSD,H1: Failed modifying 
0	23:04:16.749	trend_dtrader GBPUSD,H1: Failed modifying 
0	23:04:17.749	trend_dtrader GBPUSD,H1: Failed modifying 
0	23:04:18.749	trend_dtrader GBPUSD,H1: Failed modifying 
0	23:04:19.749	trend_dtrader GBPUSD,H1: Failed modifying 
0	23:04:20.749	trend_dtrader GBPUSD,H1: Failed modifying 
0	23:04:21.749	trend_dtrader GBPUSD,H1: Failed modifying 
0	23:04:22.749	trend_dtrader GBPUSD,H1: Failed modifying 
0	23:04:23.748	trend_dtrader GBPUSD,H1: Failed modifying 
0	23:04:24.748	trend_dtrader GBPUSD,H1: Failed modifying 
0	23:04:25.748	trend_dtrader GBPUSD,H1: Failed modifying 
0	23:04:26.748	trend_dtrader GBPUSD,H1: Failed modifying 
0	23:04:27.748	trend_dtrader GBPUSD,H1: Failed modifying 
0	23:04:28.749	trend_dtrader GBPUSD,H1: Failed modifying 
0	23:04:29.748	trend_dtrader GBPUSD,H1: Failed modifying 
0	23:04:30.748	trend_dtrader GBPUSD,H1: Failed modifying 
0	23:04:31.748	trend_dtrader GBPUSD,H1: Failed modifying 
0	23:04:32.747	trend_dtrader GBPUSD,H1: Failed modifying 
0	23:04:33.748	trend_dtrader GBPUSD,H1: Failed modifying 
0	23:04:34.747	trend_dtrader GBPUSD,H1: Failed modifying 
0	23:04:35.748	trend_dtrader GBPUSD,H1: Failed modifying 
0	23:04:36.748	trend_dtrader GBPUSD,H1: Failed modifying 
0	23:04:37.748	trend_dtrader GBPUSD,H1: Failed modifying 
0	23:04:38.748	trend_dtrader GBPUSD,H1: Failed modifying 
0	23:04:39.747	trend_dtrader GBPUSD,H1: Failed modifying 
0	23:04:40.747	trend_dtrader GBPUSD,H1: Failed modifying 
0	23:04:41.748	trend_dtrader GBPUSD,H1: Failed modifying 
0	23:04:42.747	trend_dtrader GBPUSD,H1: Failed modifying 
0	23:04:43.748	trend_dtrader GBPUSD,H1: Failed modifying 
0	23:04:44.747	trend_dtrader GBPUSD,H1: Failed modifying 
0	23:04:45.747	trend_dtrader GBPUSD,H1: Failed modifying 
0	23:04:46.748	trend_dtrader GBPUSD,H1: Failed modifying 
0	23:04:47.748	trend_dtrader GBPUSD,H1: Failed modifying 
0	23:04:48.748	trend_dtrader GBPUSD,H1: Failed modifying 
0	23:04:49.747	trend_dtrader GBPUSD,H1: Failed modifying 
0	23:04:50.747	trend_dtrader GBPUSD,H1: Failed modifying 
0	23:04:51.747	trend_dtrader GBPUSD,H1: Failed modifying 
0	23:04:52.748	trend_dtrader GBPUSD,H1: Failed modifying 
0	23:04:53.747	trend_dtrader GBPUSD,H1: Failed modifying 
0	23:04:54.747	trend_dtrader GBPUSD,H1: Failed modifying 
0	23:04:55.746	trend_dtrader GBPUSD,H1: Failed modifying 
0	23:04:56.747	trend_dtrader GBPUSD,H1: Failed modifying 
0	23:04:57.747	trend_dtrader GBPUSD,H1: Failed modifying 
0	23:04:58.747	trend_dtrader GBPUSD,H1: Failed modifying 
0	23:04:59.747	trend_dtrader GBPUSD,H1: Failed modifying 
0	23:05:00.746	trend_dtrader GBPUSD,H1: Failed modifying 
0	23:05:01.746	trend_dtrader GBPUSD,H1: Failed modifying 
0	23:05:02.781	trend_dtrader GBPUSD,H1: Failed modifying 
0	23:05:03.746	trend_dtrader GBPUSD,H1: Failed modifying 
0	23:05:04.747	trend_dtrader GBPUSD,H1: Failed modifying 
0	23:05:05.746	trend_dtrader GBPUSD,H1: Failed modifying 
0	23:05:06.746	trend_dtrader GBPUSD,H1: Failed modifying 
0	23:05:07.746	trend_dtrader GBPUSD,H1: Failed modifying 
0	23:05:08.746	trend_dtrader GBPUSD,H1: Failed modifying 
0	23:05:09.747	trend_dtrader GBPUSD,H1: Failed modifying 
0	23:05:10.755	trend_dtrader GBPUSD,H1: Failed modifying 
0	23:05:11.747	trend_dtrader GBPUSD,H1: Failed modifying 
0	23:05:12.746	trend_dtrader GBPUSD,H1: Failed modifying 
0	23:05:13.746	trend_dtrader GBPUSD,H1: Failed modifying 
0	23:05:14.746	trend_dtrader GBPUSD,H1: Failed modifying 
0	23:05:15.746	trend_dtrader GBPUSD,H1: Failed modifying 
0	23:05:16.746	trend_dtrader GBPUSD,H1: Failed modifying 
0	23:05:17.746	trend_dtrader GBPUSD,H1: Failed modifying 
0	23:05:18.746	trend_dtrader GBPUSD,H1: Failed modifying 
0	23:05:19.746	trend_dtrader GBPUSD,H1: Failed modifying 
0	23:05:20.745	trend_dtrader GBPUSD,H1: Failed modifying 
0	23:05:21.746	trend_dtrader GBPUSD,H1: Failed modifying 
0	23:05:22.745	trend_dtrader GBPUSD,H1: Failed modifying 
0	23:05:23.746	trend_dtrader GBPUSD,H1: Failed modifying 
0	23:05:24.745	trend_dtrader GBPUSD,H1: Failed modifying 
0	23:05:25.745	trend_dtrader GBPUSD,H1: Failed modifying 
0	23:05:26.745	trend_dtrader GBPUSD,H1: Failed modifying 
0	23:05:27.746	trend_dtrader GBPUSD,H1: Failed modifying 
0	23:05:28.746	trend_dtrader GBPUSD,H1: Failed modifying 
0	23:05:29.746	trend_dtrader GBPUSD,H1: Failed modifying 
0	23:05:30.746	trend_dtrader GBPUSD,H1: Failed modifying 
0	23:05:31.745	trend_dtrader GBPUSD,H1: Failed modifying 
0	23:05:32.746	trend_dtrader GBPUSD,H1: Failed modifying 
0	23:05:33.745	trend_dtrader GBPUSD,H1: Failed modifying 
0	23:05:34.745	trend_dtrader GBPUSD,H1: Failed modifying 
0	23:05:35.745	trend_dtrader GBPUSD,H1: Failed modifying 
0	23:05:36.745	trend_dtrader GBPUSD,H1: Failed modifying 
0	23:05:37.745	trend_dtrader GBPUSD,H1: Failed modifying 
0	23:05:38.746	trend_dtrader GBPUSD,H1: Failed modifying 
0	23:05:39.744	trend_dtrader GBPUSD,H1: Failed modifying 
0	23:05:40.745	trend_dtrader GBPUSD,H1: Failed modifying 
0	23:05:41.744	trend_dtrader GBPUSD,H1: Failed modifying 
0	23:05:42.745	trend_dtrader GBPUSD,H1: Failed modifying 
0	23:05:43.745	trend_dtrader GBPUSD,H1: Failed modifying 
0	23:05:44.744	trend_dtrader GBPUSD,H1: Failed modifying 
0	23:05:45.744	trend_dtrader GBPUSD,H1: Failed modifying 
0	23:05:46.745	trend_dtrader GBPUSD,H1: Failed modifying 
0	23:05:47.745	trend_dtrader GBPUSD,H1: Failed modifying 
0	23:05:48.747	trend_dtrader GBPUSD,H1: Failed modifying 
0	23:05:49.744	trend_dtrader GBPUSD,H1: Failed modifying 
0	23:05:50.744	trend_dtrader GBPUSD,H1: Failed modifying 
0	23:05:51.745	trend_dtrader GBPUSD,H1: Failed modifying 
0	23:05:52.745	trend_dtrader GBPUSD,H1: Failed modifying 
0	23:05:53.744	trend_dtrader GBPUSD,H1: Failed modifying 
0	23:05:54.744	trend_dtrader GBPUSD,H1: Failed modifying 
0	23:05:55.744	trend_dtrader GBPUSD,H1: Failed modifying 
0	23:05:56.744	trend_dtrader GBPUSD,H1: Failed modifying 
0	23:05:57.744	trend_dtrader GBPUSD,H1: Failed modifying 
0	23:05:58.744	trend_dtrader GBPUSD,H1: Failed modifying 
0	23:05:59.744	trend_dtrader GBPUSD,H1: Failed modifying 
0	23:06:00.743	trend_dtrader GBPUSD,H1: Failed modifying 
0	23:06:01.744	trend_dtrader GBPUSD,H1: Failed modifying 
0	23:06:02.744	trend_dtrader GBPUSD,H1: Failed modifying 
0	23:06:03.743	trend_dtrader GBPUSD,H1: Failed modifying 
0	23:06:04.744	trend_dtrader GBPUSD,H1: Failed modifying 
0	23:06:05.762	trend_dtrader GBPUSD,H1: Failed modifying 
0	23:06:06.744	trend_dtrader GBPUSD,H1: Failed modifying 
0	23:06:07.744	trend_dtrader GBPUSD,H1: Failed modifying 
0	23:06:08.744	trend_dtrader GBPUSD,H1: Failed modifying 
0	23:06:09.744	trend_dtrader GBPUSD,H1: Failed modifying 
0	23:06:10.744	trend_dtrader GBPUSD,H1: Failed modifying 
0	23:06:11.743	trend_dtrader GBPUSD,H1: Failed modifying 
0	23:06:12.743	trend_dtrader GBPUSD,H1: Failed modifying 
0	23:06:13.743	trend_dtrader GBPUSD,H1: Failed modifying 
0	23:06:14.744	trend_dtrader GBPUSD,H1: Failed modifying 
0	23:06:15.744	trend_dtrader GBPUSD,H1: Failed modifying 
0	23:06:16.743	trend_dtrader GBPUSD,H1: Failed modifying 
0	23:06:17.744	trend_dtrader GBPUSD,H1: Failed modifying 
0	23:06:18.743	trend_dtrader GBPUSD,H1: Failed modifying 
0	23:06:19.743	trend_dtrader GBPUSD,H1: Failed modifying 
0	23:06:20.743	trend_dtrader GBPUSD,H1: Failed modifying 
0	23:06:21.768	trend_dtrader GBPUSD,H1: Failed modifying 
0	23:06:22.743	trend_dtrader GBPUSD,H1: Failed modifying 
0	23:06:23.742	trend_dtrader GBPUSD,H1: Failed modifying 
0	23:06:24.743	trend_dtrader GBPUSD,H1: Failed modifying 
0	23:06:25.742	trend_dtrader GBPUSD,H1: Failed modifying 
0	23:06:26.743	trend_dtrader GBPUSD,H1: Failed modifying 
0	23:06:27.742	trend_dtrader GBPUSD,H1: Failed modifying 
0	23:06:28.743	trend_dtrader GBPUSD,H1: Failed modifying 
0	23:06:29.743	trend_dtrader GBPUSD,H1: Failed modifying 
0	23:06:30.743	trend_dtrader GBPUSD,H1: Failed modifying 
0	23:06:31.742	trend_dtrader GBPUSD,H1: Failed modifying 
0	23:06:32.742	trend_dtrader GBPUSD,H1: Failed modifying 
0	23:06:33.742	trend_dtrader GBPUSD,H1: Failed modifying 
0	23:06:34.742	trend_dtrader GBPUSD,H1: Failed modifying 
0	23:06:35.743	trend_dtrader GBPUSD,H1: Failed modifying 
0	23:06:36.743	trend_dtrader GBPUSD,H1: Failed modifying 
0	23:06:37.742	trend_dtrader GBPUSD,H1: Failed modifying 
0	23:06:38.742	trend_dtrader GBPUSD,H1: Failed modifying 
0	23:06:39.743	trend_dtrader GBPUSD,H1: Failed modifying 
0	23:06:40.742	trend_dtrader GBPUSD,H1: Failed modifying 
0	23:06:41.742	trend_dtrader GBPUSD,H1: Failed modifying 
0	23:06:42.742	trend_dtrader GBPUSD,H1: Failed modifying 
0	23:06:43.742	trend_dtrader GBPUSD,H1: Failed modifying 
0	23:06:44.742	trend_dtrader GBPUSD,H1: Failed modifying 
0	23:06:45.742	trend_dtrader GBPUSD,H1: Failed modifying 
0	23:06:46.743	trend_dtrader GBPUSD,H1: Failed modifying 
0	23:06:47.742	trend_dtrader GBPUSD,H1: Failed modifying 
0	23:06:48.742	trend_dtrader GBPUSD,H1: Failed modifying 
0	23:06:49.742	trend_dtrader GBPUSD,H1: Failed modifying 
0	23:06:50.742	trend_dtrader GBPUSD,H1: Failed modifying 
0	23:06:51.742	trend_dtrader GBPUSD,H1: Failed modifying 
0	23:06:52.742	trend_dtrader GBPUSD,H1: Failed modifying 
0	23:06:53.742	trend_dtrader GBPUSD,H1: Failed modifying 
0	23:06:54.742	trend_dtrader GBPUSD,H1: Failed modifying 
0	23:06:55.742	trend_dtrader GBPUSD,H1: Failed modifying 
0	23:06:56.741	trend_dtrader GBPUSD,H1: Failed modifying 
0	23:06:57.741	trend_dtrader GBPUSD,H1: Failed modifying 
0	23:06:58.741	trend_dtrader GBPUSD,H1: Failed modifying 
0	23:06:59.741	trend_dtrader GBPUSD,H1: Failed modifying 
0	23:07:00.741	trend_dtrader GBPUSD,H1: Failed modifying 
0	23:07:01.742	trend_dtrader GBPUSD,H1: Failed modifying 
0	23:07:02.783	trend_dtrader GBPUSD,H1: Failed modifying 
0	23:07:03.741	trend_dtrader GBPUSD,H1: Failed modifying 
0	23:07:04.741	trend_dtrader GBPUSD,H1: Failed modifying 
0	23:07:05.741	trend_dtrader GBPUSD,H1: Failed modifying 
0	23:07:06.742	trend_dtrader GBPUSD,H1: Failed modifying 
0	23:07:07.741	trend_dtrader GBPUSD,H1: Failed modifying 
0	23:07:08.741	trend_dtrader GBPUSD,H1: Failed modifying 
0	23:07:09.741	trend_dtrader GBPUSD,H1: Failed modifying 
0	23:07:10.742	trend_dtrader GBPUSD,H1: Failed modifying 
0	23:07:11.741	trend_dtrader GBPUSD,H1: Failed modifying 
0	23:07:12.740	trend_dtrader GBPUSD,H1: Failed modifying 
0	23:07:13.740	trend_dtrader GBPUSD,H1: Failed modifying 
0	23:07:14.741	trend_dtrader GBPUSD,H1: Failed modifying 
0	23:07:15.740	trend_dtrader GBPUSD,H1: Failed modifying 
0	23:07:16.741	trend_dtrader GBPUSD,H1: Failed modifying 
0	23:07:17.741	trend_dtrader GBPUSD,H1: Failed modifying 
0	23:07:18.740	trend_dtrader GBPUSD,H1: Failed modifying 
0	23:07:19.740	trend_dtrader GBPUSD,H1: Failed modifying 
0	23:07:20.740	trend_dtrader GBPUSD,H1: Failed modifying 
0	23:07:21.739	trend_dtrader GBPUSD,H1: Failed modifying 
0	23:07:22.740	trend_dtrader GBPUSD,H1: Failed modifying 
0	23:07:23.740	trend_dtrader GBPUSD,H1: Failed modifying 
0	23:07:24.740	trend_dtrader GBPUSD,H1: Failed modifying 
0	23:07:25.740	trend_dtrader GBPUSD,H1: Failed modifying 
0	23:07:26.740	trend_dtrader GBPUSD,H1: Failed modifying 
0	23:07:27.740	trend_dtrader GBPUSD,H1: Failed modifying 
0	23:07:28.740	trend_dtrader GBPUSD,H1: Failed modifying 
0	23:07:29.740	trend_dtrader GBPUSD,H1: Failed modifying 
0	23:07:30.740	trend_dtrader GBPUSD,H1: Failed modifying 
0	23:07:31.740	trend_dtrader GBPUSD,H1: Failed modifying 
0	23:07:32.740	trend_dtrader GBPUSD,H1: Failed modifying 
0	23:07:33.740	trend_dtrader GBPUSD,H1: Failed modifying 
0	23:07:34.740	trend_dtrader GBPUSD,H1: Failed modifying 
0	23:07:35.739	trend_dtrader GBPUSD,H1: Failed modifying 
0	23:07:36.740	trend_dtrader GBPUSD,H1: Failed modifying 
0	23:07:37.740	trend_dtrader GBPUSD,H1: Failed modifying 
0	23:07:38.739	trend_dtrader GBPUSD,H1: Failed modifying 
0	23:07:39.740	trend_dtrader GBPUSD,H1: Failed modifying 
0	23:07:40.739	trend_dtrader GBPUSD,H1: Failed modifying 
0	23:07:41.740	trend_dtrader GBPUSD,H1: Failed modifying 
0	23:07:42.740	trend_dtrader GBPUSD,H1: Failed modifying 
0	23:07:43.739	trend_dtrader GBPUSD,H1: Failed modifying 
0	23:07:44.740	trend_dtrader GBPUSD,H1: Failed modifying 
0	23:07:45.740	trend_dtrader GBPUSD,H1: Failed modifying 
0	23:07:46.739	trend_dtrader GBPUSD,H1: Failed modifying 
0	23:07:47.739	trend_dtrader GBPUSD,H1: Failed modifying 
0	23:07:48.739	trend_dtrader GBPUSD,H1: Failed modifying 
0	23:07:49.739	trend_dtrader GBPUSD,H1: Failed modifying 
0	23:07:50.739	trend_dtrader GBPUSD,H1: Failed modifying 
0	23:07:51.739	trend_dtrader GBPUSD,H1: Failed modifying 
0	23:07:52.740	trend_dtrader GBPUSD,H1: Failed modifying 
0	23:07:53.739	trend_dtrader GBPUSD,H1: Failed modifying 
0	23:07:54.739	trend_dtrader GBPUSD,H1: Failed modifying 
0	23:07:55.739	trend_dtrader GBPUSD,H1: Failed modifying 
0	23:07:56.738	trend_dtrader GBPUSD,H1: Failed modifying 
0	23:07:57.738	trend_dtrader GBPUSD,H1: Failed modifying 
0	23:07:58.739	trend_dtrader GBPUSD,H1: Failed modifying 
0	23:07:59.739	trend_dtrader GBPUSD,H1: Failed modifying 
0	23:08:00.739	trend_dtrader GBPUSD,H1: Failed modifying 
0	23:08:01.738	trend_dtrader GBPUSD,H1: Failed modifying 
0	23:08:02.738	trend_dtrader GBPUSD,H1: Failed modifying 
0	23:08:03.738	trend_dtrader GBPUSD,H1: Failed modifying 
0	23:08:04.738	trend_dtrader GBPUSD,H1: Failed modifying 
0	23:08:05.739	trend_dtrader GBPUSD,H1: Failed modifying 
0	23:08:06.738	trend_dtrader GBPUSD,H1: Failed modifying 
0	23:08:07.738	trend_dtrader GBPUSD,H1: Failed modifying 
0	23:08:08.739	trend_dtrader GBPUSD,H1: Failed modifying 
0	23:08:09.738	trend_dtrader GBPUSD,H1: Failed modifying 
0	23:08:10.738	trend_dtrader GBPUSD,H1: Failed modifying 
0	23:08:11.738	trend_dtrader GBPUSD,H1: Failed modifying 
0	23:08:12.739	trend_dtrader GBPUSD,H1: Failed modifying 
0	23:08:13.738	trend_dtrader GBPUSD,H1: Failed modifying 
0	23:08:14.738	trend_dtrader GBPUSD,H1: Failed modifying 
0	23:08:15.738	trend_dtrader GBPUSD,H1: Failed modifying 
0	23:08:16.738	trend_dtrader GBPUSD,H1: Failed modifying 
0	23:08:17.737	trend_dtrader GBPUSD,H1: Failed modifying 
0	23:08:18.737	trend_dtrader GBPUSD,H1: Failed modifying 
0	23:08:19.738	trend_dtrader GBPUSD,H1: Failed modifying 
0	23:08:20.737	trend_dtrader GBPUSD,H1: Failed modifying 
0	23:08:21.737	trend_dtrader GBPUSD,H1: Failed modifying 
0	23:08:22.737	trend_dtrader GBPUSD,H1: Failed modifying 
0	23:08:23.737	trend_dtrader GBPUSD,H1: Failed modifying 
0	23:08:24.738	trend_dtrader GBPUSD,H1: Failed modifying 
0	23:08:25.738	trend_dtrader GBPUSD,H1: Failed modifying 
0	23:08:26.738	trend_dtrader GBPUSD,H1: Failed modifying 
0	23:08:27.737	trend_dtrader GBPUSD,H1: Failed modifying 
0	23:08:28.737	trend_dtrader GBPUSD,H1: Failed modifying 
0	23:08:29.738	trend_dtrader GBPUSD,H1: Failed modifying 
0	23:08:30.737	trend_dtrader GBPUSD,H1: Failed modifying 
0	23:08:31.737	trend_dtrader GBPUSD,H1: Failed modifying 
0	23:08:32.737	trend_dtrader GBPUSD,H1: Failed modifying 
0	23:08:33.736	trend_dtrader GBPUSD,H1: Failed modifying 
0	23:08:34.737	trend_dtrader GBPUSD,H1: Failed modifying 
0	23:08:35.738	trend_dtrader GBPUSD,H1: Failed modifying 
0	23:08:36.737	trend_dtrader GBPUSD,H1: Failed modifying 
0	23:08:37.737	trend_dtrader GBPUSD,H1: Failed modifying 
0	23:08:38.736	trend_dtrader GBPUSD,H1: Failed modifying 
0	23:08:39.737	trend_dtrader GBPUSD,H1: Failed modifying 
0	23:08:40.737	trend_dtrader GBPUSD,H1: Failed modifying 
0	23:08:41.737	trend_dtrader GBPUSD,H1: Failed modifying 
0	23:08:42.736	trend_dtrader GBPUSD,H1: Failed modifying 
0	23:08:43.737	trend_dtrader GBPUSD,H1: Failed modifying 
0	23:08:44.736	trend_dtrader GBPUSD,H1: Failed modifying 
0	23:08:45.737	trend_dtrader GBPUSD,H1: Failed modifying 
0	23:08:46.736	trend_dtrader GBPUSD,H1: Failed modifying 
0	23:08:47.736	trend_dtrader GBPUSD,H1: Failed modifying 
0	23:08:48.737	trend_dtrader GBPUSD,H1: Failed modifying 
0	23:08:49.736	trend_dtrader GBPUSD,H1: Failed modifying 
0	23:08:50.736	trend_dtrader GBPUSD,H1: Failed modifying 
0	23:08:51.736	trend_dtrader GBPUSD,H1: Failed modifying 
0	23:08:52.736	trend_dtrader GBPUSD,H1: Failed modifying 
0	23:08:53.736	trend_dtrader GBPUSD,H1: Failed modifying 
0	23:08:54.737	trend_dtrader GBPUSD,H1: Failed modifying 
0	23:08:55.736	trend_dtrader GBPUSD,H1: Failed modifying 
0	23:08:56.736	trend_dtrader GBPUSD,H1: Failed modifying 
0	23:08:57.736	trend_dtrader GBPUSD,H1: Failed modifying 
0	23:08:58.736	trend_dtrader GBPUSD,H1: Failed modifying 
0	23:08:59.735	trend_dtrader GBPUSD,H1: Failed modifying 
0	23:09:00.736	trend_dtrader GBPUSD,H1: Failed modifying 
0	23:09:01.736	trend_dtrader GBPUSD,H1: Failed modifying 
0	23:09:02.735	trend_dtrader GBPUSD,H1: Failed modifying 
0	23:09:03.735	trend_dtrader GBPUSD,H1: Failed modifying 
0	23:09:04.735	trend_dtrader GBPUSD,H1: Failed modifying 
0	23:09:05.736	trend_dtrader GBPUSD,H1: Failed modifying 
0	23:09:06.735	trend_dtrader GBPUSD,H1: Failed modifying 
0	23:09:07.735	trend_dtrader GBPUSD,H1: Failed modifying 
0	23:09:08.736	trend_dtrader GBPUSD,H1: Failed modifying 
0	23:09:09.736	trend_dtrader GBPUSD,H1: Failed modifying 
0	23:09:10.735	trend_dtrader GBPUSD,H1: Failed modifying 
0	23:09:11.735	trend_dtrader GBPUSD,H1: Failed modifying 
0	23:09:12.736	trend_dtrader GBPUSD,H1: Failed modifying 
0	23:09:13.735	trend_dtrader GBPUSD,H1: Failed modifying 
0	23:09:14.735	trend_dtrader GBPUSD,H1: Failed modifying 
0	23:09:15.735	trend_dtrader GBPUSD,H1: Failed modifying 
0	23:09:16.735	trend_dtrader GBPUSD,H1: Failed modifying 
0	23:09:17.734	trend_dtrader GBPUSD,H1: Failed modifying 
0	23:09:18.735	trend_dtrader GBPUSD,H1: Failed modifying 
0	23:09:19.735	trend_dtrader GBPUSD,H1: Failed modifying 
0	23:09:20.735	trend_dtrader GBPUSD,H1: Failed modifying 
0	23:09:21.734	trend_dtrader GBPUSD,H1: Failed modifying 
0	23:09:22.734	trend_dtrader GBPUSD,H1: Failed modifying 
0	23:09:23.735	trend_dtrader GBPUSD,H1: Failed modifying 
0	23:09:24.735	trend_dtrader GBPUSD,H1: Failed modifying 
0	23:09:25.735	trend_dtrader GBPUSD,H1: Failed modifying 
0	23:09:26.735	trend_dtrader GBPUSD,H1: Failed modifying 
0	23:09:27.735	trend_dtrader GBPUSD,H1: Failed modifying 
0	23:09:28.735	trend_dtrader GBPUSD,H1: Failed modifying 
0	23:09:29.734	trend_dtrader GBPUSD,H1: Failed modifying 
0	23:09:30.734	trend_dtrader GBPUSD,H1: Failed modifying 
0	23:09:31.734	trend_dtrader GBPUSD,H1: Failed modifying 
0	23:09:32.734	trend_dtrader GBPUSD,H1: Failed modifying 
0	23:09:33.734	trend_dtrader GBPUSD,H1: Failed modifying 
0	23:09:34.734	trend_dtrader GBPUSD,H1: Failed modifying 
0	23:09:35.735	trend_dtrader GBPUSD,H1: Failed modifying 
0	23:09:36.735	trend_dtrader GBPUSD,H1: Failed modifying 
0	23:09:37.735	trend_dtrader GBPUSD,H1: Failed modifying 
0	23:09:38.734	trend_dtrader GBPUSD,H1: Failed modifying 
0	23:09:39.735	trend_dtrader GBPUSD,H1: Failed modifying 
0	23:09:40.742	trend_dtrader GBPUSD,H1: Failed modifying 
0	23:09:41.733	trend_dtrader GBPUSD,H1: Failed modifying 
0	23:09:42.735	trend_dtrader GBPUSD,H1: Failed modifying 
0	23:09:43.734	trend_dtrader GBPUSD,H1: Failed modifying 
0	23:09:44.733	trend_dtrader GBPUSD,H1: Failed modifying 
0	23:09:45.733	trend_dtrader GBPUSD,H1: Failed modifying 
0	23:09:46.733	trend_dtrader GBPUSD,H1: Failed modifying 
0	23:09:47.734	trend_dtrader GBPUSD,H1: Failed modifying 
0	23:09:48.734	trend_dtrader GBPUSD,H1: Failed modifying 
0	23:09:49.733	trend_dtrader GBPUSD,H1: Failed modifying 
0	23:09:50.733	trend_dtrader GBPUSD,H1: Failed modifying 
0	23:09:51.733	trend_dtrader GBPUSD,H1: Failed modifying 
0	23:09:52.733	trend_dtrader GBPUSD,H1: Failed modifying 
0	23:09:53.733	trend_dtrader GBPUSD,H1: Failed modifying 
0	23:09:54.734	trend_dtrader GBPUSD,H1: Failed modifying 
0	23:09:55.733	trend_dtrader GBPUSD,H1: Failed modifying 
0	23:09:56.733	trend_dtrader GBPUSD,H1: Failed modifying 
0	23:09:57.734	trend_dtrader GBPUSD,H1: Failed modifying 
0	23:09:58.733	trend_dtrader GBPUSD,H1: Failed modifying 
0	23:09:59.733	trend_dtrader GBPUSD,H1: Failed modifying 
0	23:10:00.733	trend_dtrader GBPUSD,H1: Failed modifying 
0	23:10:01.733	trend_dtrader GBPUSD,H1: Failed modifying 
0	23:10:02.733	trend_dtrader GBPUSD,H1: Failed modifying 
0	23:10:03.733	trend_dtrader GBPUSD,H1: Failed modifying 
0	23:10:04.733	trend_dtrader GBPUSD,H1: Failed modifying 
0	23:10:05.733	trend_dtrader GBPUSD,H1: Failed modifying 
0	23:10:06.732	trend_dtrader GBPUSD,H1: Failed modifying 
0	23:10:07.733	trend_dtrader GBPUSD,H1: Failed modifying 
0	23:10:08.733	trend_dtrader GBPUSD,H1: Failed modifying 
0	23:10:09.732	trend_dtrader GBPUSD,H1: Failed modifying 
0	23:10:10.733	trend_dtrader GBPUSD,H1: Failed modifying 
0	23:10:11.732	trend_dtrader GBPUSD,H1: Failed modifying 
0	23:10:12.827	trend_dtrader GBPUSD,H1: Failed modifying 
0	23:10:13.733	trend_dtrader GBPUSD,H1: Failed modifying 
0	23:10:14.732	trend_dtrader GBPUSD,H1: Failed modifying 
0	23:10:15.733	trend_dtrader GBPUSD,H1: Failed modifying 
0	23:10:16.732	trend_dtrader GBPUSD,H1: Failed modifying 
0	23:10:17.732	trend_dtrader GBPUSD,H1: Failed modifying 
0	23:10:18.732	trend_dtrader GBPUSD,H1: Failed modifying 
0	23:10:19.732	trend_dtrader GBPUSD,H1: Failed modifying 
0	23:10:20.733	trend_dtrader GBPUSD,H1: Failed modifying 
0	23:10:21.732	trend_dtrader GBPUSD,H1: Failed modifying 
0	23:10:22.732	trend_dtrader GBPUSD,H1: Failed modifying 
0	23:10:23.732	trend_dtrader GBPUSD,H1: Failed modifying 
0	23:10:24.732	trend_dtrader GBPUSD,H1: Failed modifying 
0	23:10:25.732	trend_dtrader GBPUSD,H1: Failed modifying 
0	23:10:27.733	trend_dtrader GBPUSD,H1: Failed modifying 
0	23:10:28.732	trend_dtrader GBPUSD,H1: Failed modifying 
0	23:10:29.732	trend_dtrader GBPUSD,H1: Failed modifying 
0	23:10:30.732	trend_dtrader GBPUSD,H1: Failed modifying 
0	23:10:31.731	trend_dtrader GBPUSD,H1: Failed modifying 
0	23:10:32.731	trend_dtrader GBPUSD,H1: Failed modifying 
0	23:10:33.732	trend_dtrader GBPUSD,H1: Failed modifying 
0	23:10:34.732	trend_dtrader GBPUSD,H1: Failed modifying 
0	23:10:35.731	trend_dtrader GBPUSD,H1: Failed modifying 
0	23:10:36.731	trend_dtrader GBPUSD,H1: Failed modifying 
0	23:10:37.731	trend_dtrader GBPUSD,H1: Failed modifying 
0	23:10:38.731	trend_dtrader GBPUSD,H1: Failed modifying 
0	23:10:39.732	trend_dtrader GBPUSD,H1: Failed modifying 
0	23:10:40.731	trend_dtrader GBPUSD,H1: Failed modifying 
0	23:10:41.731	trend_dtrader GBPUSD,H1: Failed modifying 
0	23:10:42.731	trend_dtrader GBPUSD,H1: Failed modifying 
0	23:10:43.732	trend_dtrader GBPUSD,H1: Failed modifying 
0	23:10:44.731	trend_dtrader GBPUSD,H1: Failed modifying 
0	23:10:45.731	trend_dtrader GBPUSD,H1: Failed modifying 
0	23:10:46.731	trend_dtrader GBPUSD,H1: Failed modifying 
0	23:10:47.731	trend_dtrader GBPUSD,H1: Failed modifying 
0	23:10:48.731	trend_dtrader GBPUSD,H1: Failed modifying 
0	23:10:49.731	trend_dtrader GBPUSD,H1: Failed modifying 
0	23:10:50.731	trend_dtrader GBPUSD,H1: Failed modifying 
0	23:10:51.730	trend_dtrader GBPUSD,H1: Failed modifying 
0	23:10:52.731	trend_dtrader GBPUSD,H1: Failed modifying 
0	23:10:53.731	trend_dtrader GBPUSD,H1: Failed modifying 
0	23:10:54.731	trend_dtrader GBPUSD,H1: Failed modifying 
0	23:10:55.731	trend_dtrader GBPUSD,H1: Failed modifying 
0	23:10:56.730	trend_dtrader GBPUSD,H1: Failed modifying 
0	23:10:57.730	trend_dtrader GBPUSD,H1: Failed modifying 
0	23:10:58.730	trend_dtrader GBPUSD,H1: Failed modifying 
0	23:10:59.730	trend_dtrader GBPUSD,H1: Failed modifying 
0	23:11:00.729	trend_dtrader GBPUSD,H1: Failed modifying 
0	23:11:01.730	trend_dtrader GBPUSD,H1: Failed modifying 
0	23:11:02.730	trend_dtrader GBPUSD,H1: Failed modifying 
0	23:11:03.730	trend_dtrader GBPUSD,H1: Failed modifying 
0	23:11:04.730	trend_dtrader GBPUSD,H1: Failed modifying 
0	23:11:05.731	trend_dtrader GBPUSD,H1: Failed modifying 
0	23:11:06.730	trend_dtrader GBPUSD,H1: Failed modifying 
0	23:11:07.730	trend_dtrader GBPUSD,H1: Failed modifying 
0	23:11:08.730	trend_dtrader GBPUSD,H1: Failed modifying 
0	23:11:09.730	trend_dtrader GBPUSD,H1: Failed modifying 
0	23:11:10.730	trend_dtrader GBPUSD,H1: Failed modifying 
0	23:11:11.730	trend_dtrader GBPUSD,H1: Failed modifying 
0	23:11:12.729	trend_dtrader GBPUSD,H1: Failed modifying 
0	23:11:13.729	trend_dtrader GBPUSD,H1: Failed modifying 
0	23:11:14.730	trend_dtrader GBPUSD,H1: Failed modifying 
0	23:11:15.729	trend_dtrader GBPUSD,H1: Failed modifying 
0	23:11:16.730	trend_dtrader GBPUSD,H1: Failed modifying 
0	23:11:17.729	trend_dtrader GBPUSD,H1: Failed modifying 
0	23:11:18.730	trend_dtrader GBPUSD,H1: Failed modifying 
0	23:11:19.730	trend_dtrader GBPUSD,H1: Failed modifying 
0	23:11:20.729	trend_dtrader GBPUSD,H1: Failed modifying 
0	23:11:21.730	trend_dtrader GBPUSD,H1: Failed modifying 
0	23:11:22.729	trend_dtrader GBPUSD,H1: Failed modifying 
0	23:11:23.730	trend_dtrader GBPUSD,H1: Failed modifying 
0	23:11:24.730	trend_dtrader GBPUSD,H1: Failed modifying 
0	23:11:25.729	trend_dtrader GBPUSD,H1: Failed modifying 
0	23:11:26.729	trend_dtrader GBPUSD,H1: Failed modifying 
0	23:11:27.729	trend_dtrader GBPUSD,H1: Failed modifying 
0	23:11:28.729	trend_dtrader GBPUSD,H1: Failed modifying 
0	23:11:29.730	trend_dtrader GBPUSD,H1: Failed modifying 
0	23:11:30.729	trend_dtrader GBPUSD,H1: Failed modifying 
0	23:11:31.728	trend_dtrader GBPUSD,H1: Failed modifying 
0	23:11:32.729	trend_dtrader GBPUSD,H1: Failed modifying 
0	23:11:33.729	trend_dtrader GBPUSD,H1: Failed modifying 
0	23:11:34.728	trend_dtrader GBPUSD,H1: Failed modifying 
0	23:11:35.729	trend_dtrader GBPUSD,H1: Failed modifying 
0	23:11:36.728	trend_dtrader GBPUSD,H1: Failed modifying 
0	23:11:37.728	trend_dtrader GBPUSD,H1: Failed modifying 
0	23:11:38.729	trend_dtrader GBPUSD,H1: Failed modifying 
0	23:11:39.729	trend_dtrader GBPUSD,H1: Failed modifying 
0	23:11:40.729	trend_dtrader GBPUSD,H1: Failed modifying 
0	23:11:41.728	trend_dtrader GBPUSD,H1: Failed modifying 
0	23:11:42.729	trend_dtrader GBPUSD,H1: Failed modifying 
0	23:11:43.728	trend_dtrader GBPUSD,H1: Failed modifying 
0	23:11:44.728	trend_dtrader GBPUSD,H1: Failed modifying 
0	23:11:45.728	trend_dtrader GBPUSD,H1: Failed modifying 
0	23:11:46.728	trend_dtrader GBPUSD,H1: Failed modifying 
0	23:11:47.728	trend_dtrader GBPUSD,H1: Failed modifying 
0	23:11:48.728	trend_dtrader GBPUSD,H1: Failed modifying 
0	23:11:49.728	trend_dtrader GBPUSD,H1: Failed modifying 
0	23:11:50.728	trend_dtrader GBPUSD,H1: Failed modifying 
0	23:11:51.727	trend_dtrader GBPUSD,H1: Failed modifying 
0	23:11:52.728	trend_dtrader GBPUSD,H1: Failed modifying 
0	23:11:53.728	trend_dtrader GBPUSD,H1: Failed modifying 
0	23:11:54.728	trend_dtrader GBPUSD,H1: Failed modifying 
0	23:11:55.727	trend_dtrader GBPUSD,H1: Failed modifying 
0	23:11:56.727	trend_dtrader GBPUSD,H1: Failed modifying 
0	23:11:57.727	trend_dtrader GBPUSD,H1: Failed modifying 
0	23:11:58.728	trend_dtrader GBPUSD,H1: Failed modifying 
0	23:11:59.728	trend_dtrader GBPUSD,H1: Failed modifying 
0	23:12:00.728	trend_dtrader GBPUSD,H1: Failed modifying 
0	23:12:01.727	trend_dtrader GBPUSD,H1: Failed modifying 
0	23:12:02.728	trend_dtrader GBPUSD,H1: Failed modifying 
0	23:12:03.728	trend_dtrader GBPUSD,H1: Failed modifying 
0	23:12:04.728	trend_dtrader GBPUSD,H1: Failed modifying 
0	23:12:05.728	trend_dtrader GBPUSD,H1: Failed modifying 
0	23:12:06.727	trend_dtrader GBPUSD,H1: Failed modifying 
0	23:12:07.728	trend_dtrader GBPUSD,H1: Failed modifying 
0	23:12:08.728	trend_dtrader GBPUSD,H1: Failed modifying 
0	23:12:09.727	trend_dtrader GBPUSD,H1: Failed modifying 
0	23:12:10.727	trend_dtrader GBPUSD,H1: Failed modifying 
0	23:12:11.727	trend_dtrader GBPUSD,H1: Failed modifying 
0	23:12:12.727	trend_dtrader GBPUSD,H1: Failed modifying 
0	23:12:13.727	trend_dtrader GBPUSD,H1: Failed modifying 
0	23:12:14.727	trend_dtrader GBPUSD,H1: Failed modifying 
0	23:12:15.727	trend_dtrader GBPUSD,H1: Failed modifying 
0	23:12:16.727	trend_dtrader GBPUSD,H1: Failed modifying 
0	23:12:17.727	trend_dtrader GBPUSD,H1: Failed modifying 
0	23:12:18.726	trend_dtrader GBPUSD,H1: Failed modifying 
0	23:12:19.727	trend_dtrader GBPUSD,H1: Failed modifying 
0	23:12:20.728	trend_dtrader GBPUSD,H1: Failed modifying 
0	23:12:21.727	trend_dtrader GBPUSD,H1: Failed modifying 
0	23:12:22.726	trend_dtrader GBPUSD,H1: Failed modifying 
0	23:12:23.726	trend_dtrader GBPUSD,H1: Failed modifying 
0	23:12:24.727	trend_dtrader GBPUSD,H1: Failed modifying 
0	23:12:25.727	trend_dtrader GBPUSD,H1: Failed modifying 
0	23:12:26.727	trend_dtrader GBPUSD,H1: Failed modifying 
0	23:12:27.726	trend_dtrader GBPUSD,H1: Failed modifying 
0	23:12:28.726	trend_dtrader GBPUSD,H1: Failed modifying 
0	23:12:29.727	trend_dtrader GBPUSD,H1: Failed modifying 
0	23:12:30.726	trend_dtrader GBPUSD,H1: Failed modifying 
0	23:12:31.726	trend_dtrader GBPUSD,H1: Failed modifying 
0	23:43:13.699	trend_dtrader GBPUSD,H1: Alert: Please check your internet connection
0	23:43:14.697	trend_dtrader GBPUSD,H1: Alert: Please check your internet connection
0	23:59:49.849	trend_dtrader GBPUSD,H1: Alert: Please check your internet connection
0	23:59:50.661	trend_dtrader GBPUSD,H1: Alert: Please check your internet connection
0	23:59:51.662	trend_dtrader GBPUSD,H1: Alert: Please check your internet connection
0	23:59:52.585	trend_dtrader GBPUSD,H1: Alert: Please check your internet connection
