0	07:14:13.056	trend_dtrader XAUUSD,H1: Failed modifying DASHUSD
0	07:14:14.060	trend_dtrader XAUUSD,H1: Failed modifying DASHUSD
0	07:14:15.063	trend_dtrader XAUUSD,H1: Failed modifying DASHUSD
0	07:14:16.051	trend_dtrader XAUUSD,H1: Failed modifying DASHUSD
0	07:14:17.056	trend_dtrader XAUUSD,H1: Failed modifying DASHUSD
0	07:14:18.059	trend_dtrader XAUUSD,H1: Failed modifying DASHUSD
0	07:14:19.063	trend_dtrader XAUUSD,H1: Failed modifying DASHUSD
0	07:14:20.050	trend_dtrader XAUUSD,H1: Failed modifying DASHUSD
0	07:14:21.103	trend_dtrader XAUUSD,H1: Failed modifying DASHUSD
0	07:14:22.059	trend_dtrader XAUUSD,H1: Failed modifying DASHUSD
0	07:14:23.063	trend_dtrader XAUUSD,H1: Failed modifying DASHUSD
0	07:14:24.050	trend_dtrader XAUUSD,H1: Failed modifying DASHUSD
0	07:14:25.054	trend_dtrader XAUUSD,H1: Failed modifying DASHUSD
0	07:14:26.056	trend_dtrader XAUUSD,H1: Failed modifying DASHUSD
0	07:14:27.060	trend_dtrader XAUUSD,H1: Failed modifying DASHUSD
0	07:14:28.049	trend_dtrader XAUUSD,H1: Failed modifying DASHUSD
0	07:14:29.051	trend_dtrader XAUUSD,H1: Failed modifying DASHUSD
0	07:14:30.054	trend_dtrader XAUUSD,H1: Failed modifying DASHUSD
0	07:14:31.060	trend_dtrader XAUUSD,H1: Failed modifying DASHUSD
0	07:14:32.079	trend_dtrader XAUUSD,H1: Failed modifying DASHUSD
0	07:14:33.051	trend_dtrader XAUUSD,H1: Failed modifying DASHUSD
0	07:14:34.054	trend_dtrader XAUUSD,H1: Failed modifying DASHUSD
0	07:14:35.057	trend_dtrader XAUUSD,H1: Failed modifying DASHUSD
0	07:14:36.061	trend_dtrader XAUUSD,H1: Failed modifying DASHUSD
0	07:14:37.049	trend_dtrader XAUUSD,H1: Failed modifying DASHUSD
0	07:14:38.053	trend_dtrader XAUUSD,H1: Failed modifying DASHUSD
0	07:14:39.058	trend_dtrader XAUUSD,H1: Failed modifying DASHUSD
0	07:14:40.062	trend_dtrader XAUUSD,H1: Failed modifying DASHUSD
0	07:14:41.051	trend_dtrader XAUUSD,H1: Failed modifying DASHUSD
0	07:14:42.054	trend_dtrader XAUUSD,H1: Failed modifying DASHUSD
0	07:14:43.059	trend_dtrader XAUUSD,H1: Failed modifying DASHUSD
0	07:14:44.062	trend_dtrader XAUUSD,H1: Failed modifying DASHUSD
0	07:14:45.050	trend_dtrader XAUUSD,H1: Failed modifying DASHUSD
0	07:14:46.054	trend_dtrader XAUUSD,H1: Failed modifying DASHUSD
0	07:14:47.058	trend_dtrader XAUUSD,H1: Failed modifying DASHUSD
0	07:14:48.093	trend_dtrader XAUUSD,H1: Failed modifying DASHUSD
0	07:14:49.050	trend_dtrader XAUUSD,H1: Failed modifying DASHUSD
0	07:14:50.054	trend_dtrader XAUUSD,H1: Failed modifying DASHUSD
0	07:14:51.077	trend_dtrader XAUUSD,H1: Failed modifying DASHUSD
0	07:14:52.049	trend_dtrader XAUUSD,H1: Failed modifying DASHUSD
0	07:14:53.054	trend_dtrader XAUUSD,H1: Failed modifying DASHUSD
0	07:14:54.057	trend_dtrader XAUUSD,H1: Failed modifying DASHUSD
0	07:14:55.062	trend_dtrader XAUUSD,H1: Failed modifying DASHUSD
0	07:14:56.049	trend_dtrader XAUUSD,H1: Failed modifying DASHUSD
0	07:14:57.053	trend_dtrader XAUUSD,H1: Failed modifying DASHUSD
0	07:14:58.057	trend_dtrader XAUUSD,H1: Failed modifying DASHUSD
0	07:14:59.062	trend_dtrader XAUUSD,H1: Failed modifying DASHUSD
0	07:15:00.050	trend_dtrader XAUUSD,H1: Failed modifying DASHUSD
0	07:15:01.054	trend_dtrader XAUUSD,H1: Failed modifying DASHUSD
0	07:15:02.056	trend_dtrader XAUUSD,H1: Failed modifying DASHUSD
0	07:15:03.061	trend_dtrader XAUUSD,H1: Failed modifying DASHUSD
0	07:15:04.049	trend_dtrader XAUUSD,H1: Failed modifying DASHUSD
0	07:15:05.054	trend_dtrader XAUUSD,H1: Failed modifying DASHUSD
0	07:15:06.057	trend_dtrader XAUUSD,H1: Failed modifying DASHUSD
0	07:15:07.062	trend_dtrader XAUUSD,H1: Failed modifying DASHUSD
0	07:15:08.051	trend_dtrader XAUUSD,H1: Failed modifying DASHUSD
0	07:15:09.055	trend_dtrader XAUUSD,H1: Failed modifying DASHUSD
0	07:15:10.059	trend_dtrader XAUUSD,H1: Failed modifying DASHUSD
0	07:15:11.063	trend_dtrader XAUUSD,H1: Failed modifying DASHUSD
0	07:15:12.050	trend_dtrader XAUUSD,H1: Failed modifying DASHUSD
0	07:15:13.055	trend_dtrader XAUUSD,H1: Failed modifying DASHUSD
0	07:15:14.059	trend_dtrader XAUUSD,H1: Failed modifying DASHUSD
0	07:15:15.063	trend_dtrader XAUUSD,H1: Failed modifying DASHUSD
0	07:15:16.050	trend_dtrader XAUUSD,H1: Failed modifying DASHUSD
0	07:15:17.052	trend_dtrader XAUUSD,H1: Failed modifying DASHUSD
0	07:15:18.056	trend_dtrader XAUUSD,H1: Failed modifying DASHUSD
0	07:15:19.060	trend_dtrader XAUUSD,H1: Failed modifying DASHUSD
0	07:15:20.062	trend_dtrader XAUUSD,H1: Failed modifying DASHUSD
0	07:15:21.051	trend_dtrader XAUUSD,H1: Failed modifying DASHUSD
0	07:15:22.054	trend_dtrader XAUUSD,H1: Failed modifying DASHUSD
0	07:15:23.058	trend_dtrader XAUUSD,H1: Failed modifying DASHUSD
0	07:15:24.062	trend_dtrader XAUUSD,H1: Failed modifying DASHUSD
0	07:15:25.050	trend_dtrader XAUUSD,H1: Failed modifying DASHUSD
0	07:15:26.055	trend_dtrader XAUUSD,H1: Failed modifying DASHUSD
0	07:15:27.059	trend_dtrader XAUUSD,H1: Failed modifying DASHUSD
0	07:15:28.062	trend_dtrader XAUUSD,H1: Failed modifying DASHUSD
0	07:15:29.050	trend_dtrader XAUUSD,H1: Failed modifying DASHUSD
0	07:15:30.053	trend_dtrader XAUUSD,H1: Failed modifying DASHUSD
0	07:15:31.060	trend_dtrader XAUUSD,H1: Failed modifying DASHUSD
0	07:15:32.062	trend_dtrader XAUUSD,H1: Failed modifying DASHUSD
0	07:15:33.049	trend_dtrader XAUUSD,H1: Failed modifying DASHUSD
0	07:15:34.052	trend_dtrader XAUUSD,H1: Failed modifying DASHUSD
0	07:15:35.056	trend_dtrader XAUUSD,H1: Failed modifying DASHUSD
0	07:15:36.060	trend_dtrader XAUUSD,H1: Failed modifying DASHUSD
0	07:15:37.048	trend_dtrader XAUUSD,H1: Failed modifying DASHUSD
0	07:15:38.050	trend_dtrader XAUUSD,H1: Failed modifying DASHUSD
0	07:15:39.053	trend_dtrader XAUUSD,H1: Failed modifying DASHUSD
0	07:15:40.056	trend_dtrader XAUUSD,H1: Failed modifying DASHUSD
0	07:15:41.060	trend_dtrader XAUUSD,H1: Failed modifying DASHUSD
0	07:15:42.062	trend_dtrader XAUUSD,H1: Failed modifying DASHUSD
0	07:15:43.050	trend_dtrader XAUUSD,H1: Failed modifying DASHUSD
0	07:15:44.053	trend_dtrader XAUUSD,H1: Failed modifying DASHUSD
0	07:15:45.290	trend_dtrader XAUUSD,H1: Failed modifying DASHUSD
0	07:15:46.059	trend_dtrader XAUUSD,H1: Failed modifying DASHUSD
0	07:15:47.047	trend_dtrader XAUUSD,H1: Failed modifying DASHUSD
0	07:15:48.049	trend_dtrader XAUUSD,H1: Failed modifying DASHUSD
0	07:15:49.053	trend_dtrader XAUUSD,H1: Failed modifying DASHUSD
0	07:15:50.056	trend_dtrader XAUUSD,H1: Failed modifying DASHUSD
2	07:15:51.250	trend_dtrader XAUUSD,H1: modify #479643138 sell 0.30 XAGUSD at 28.952 sl: 28.845 tp: 28.738 ok
0	07:15:51.250	trend_dtrader XAUUSD,H1: Alert: XAGUSD has been assigned a breakeven 28.845
2	09:00:04.334	trend_dtrader XAUUSD,H1: open #479882967 sell 0.30 DOTUSD at 5.974 sl: 6.262 tp: 5.715 ok
0	09:00:04.334	trend_dtrader XAUUSD,H1: Alert: DOTUSD Ordered Successfully
2	09:00:44.161	trend_dtrader XAUUSD,H1: open #479883194 sell 0.30 XAGUSD at 28.828 sl: 29.684 tp: 28.738 ok
0	09:00:44.161	trend_dtrader XAUUSD,H1: Alert: XAGUSD Ordered Successfully
2	09:00:53.312	trend_dtrader XAUUSD,H1: open #479883232 sell 0.30 AAVEUSD at 92.92 sl: 98.35 tp: 82.06 ok
0	09:00:53.312	trend_dtrader XAUUSD,H1: Alert: AAVEUSD Ordered Successfully
0	09:01:03.391	trend_dtrader XAUUSD,H1: Alert: Failed AUDUSD
0	09:01:54.440	trend_dtrader XAUUSD,H1: Alert: Failed AUDUSD
0	09:02:41.561	trend_dtrader XAUUSD,H1: Alert: Failed AUDUSD
0	09:03:28.471	trend_dtrader XAUUSD,H1: Alert: Failed AUDUSD
0	09:04:15.450	trend_dtrader XAUUSD,H1: Alert: Failed AUDUSD
0	09:05:02.626	trend_dtrader XAUUSD,H1: Alert: Failed AUDUSD
0	09:05:49.488	trend_dtrader XAUUSD,H1: Alert: Failed AUDUSD
0	09:06:36.500	trend_dtrader XAUUSD,H1: Alert: Failed AUDUSD
0	09:07:23.529	trend_dtrader XAUUSD,H1: Alert: Failed AUDUSD
0	09:08:10.514	trend_dtrader XAUUSD,H1: Alert: Failed AUDUSD
0	09:08:57.575	trend_dtrader XAUUSD,H1: Alert: Failed AUDUSD
0	09:09:44.522	trend_dtrader XAUUSD,H1: Alert: Failed AUDUSD
0	09:10:31.595	trend_dtrader XAUUSD,H1: Alert: Failed AUDUSD
0	09:11:18.535	trend_dtrader XAUUSD,H1: Alert: Failed AUDUSD
0	09:12:05.512	trend_dtrader XAUUSD,H1: Alert: Failed AUDUSD
0	09:12:52.565	trend_dtrader XAUUSD,H1: Alert: Failed AUDUSD
0	09:13:39.578	trend_dtrader XAUUSD,H1: Alert: Failed AUDUSD
0	09:14:26.573	trend_dtrader XAUUSD,H1: Alert: Failed AUDUSD
0	09:15:14.858	trend_dtrader XAUUSD,H1: Alert: Failed AUDUSD
0	09:16:01.685	trend_dtrader XAUUSD,H1: Alert: Failed AUDUSD
0	09:16:48.678	trend_dtrader XAUUSD,H1: Alert: Failed AUDUSD
0	09:17:35.608	trend_dtrader XAUUSD,H1: Alert: Failed AUDUSD
0	09:18:22.543	trend_dtrader XAUUSD,H1: Alert: Failed AUDUSD
0	09:19:09.709	trend_dtrader XAUUSD,H1: Alert: Failed AUDUSD
0	09:19:56.570	trend_dtrader XAUUSD,H1: Alert: Failed AUDUSD
0	09:20:43.601	trend_dtrader XAUUSD,H1: Alert: Failed AUDUSD
0	09:21:30.643	trend_dtrader XAUUSD,H1: Alert: Failed AUDUSD
0	09:22:17.589	trend_dtrader XAUUSD,H1: Alert: Failed AUDUSD
0	09:23:04.630	trend_dtrader XAUUSD,H1: Alert: Failed AUDUSD
0	09:23:51.605	trend_dtrader XAUUSD,H1: Alert: Failed AUDUSD
0	09:24:38.631	trend_dtrader XAUUSD,H1: Alert: Failed AUDUSD
0	09:25:25.661	trend_dtrader XAUUSD,H1: Alert: Failed AUDUSD
0	09:26:12.695	trend_dtrader XAUUSD,H1: Alert: Failed AUDUSD
0	09:26:59.605	trend_dtrader XAUUSD,H1: Alert: Failed AUDUSD
0	09:27:46.657	trend_dtrader XAUUSD,H1: Alert: Failed AUDUSD
0	09:28:33.613	trend_dtrader XAUUSD,H1: Alert: Failed AUDUSD
0	09:29:20.609	trend_dtrader XAUUSD,H1: Alert: Failed AUDUSD
0	09:30:07.640	trend_dtrader XAUUSD,H1: Alert: Failed AUDUSD
0	09:30:54.787	trend_dtrader XAUUSD,H1: Alert: Failed AUDUSD
0	09:31:41.843	trend_dtrader XAUUSD,H1: Alert: Failed AUDUSD
0	09:32:28.733	trend_dtrader XAUUSD,H1: Alert: Failed AUDUSD
0	09:33:15.758	trend_dtrader XAUUSD,H1: Alert: Failed AUDUSD
0	09:34:02.785	trend_dtrader XAUUSD,H1: Alert: Failed AUDUSD
0	09:34:49.808	trend_dtrader XAUUSD,H1: Alert: Failed AUDUSD
0	09:35:36.880	trend_dtrader XAUUSD,H1: Alert: Failed AUDUSD
0	09:36:23.804	trend_dtrader XAUUSD,H1: Alert: Failed AUDUSD
0	09:37:10.736	trend_dtrader XAUUSD,H1: Alert: Failed AUDUSD
0	09:37:57.774	trend_dtrader XAUUSD,H1: Alert: Failed AUDUSD
0	09:38:44.789	trend_dtrader XAUUSD,H1: Alert: Failed AUDUSD
0	09:39:32.025	trend_dtrader XAUUSD,H1: Alert: Failed AUDUSD
0	09:40:18.957	trend_dtrader XAUUSD,H1: Alert: Failed AUDUSD
0	09:41:06.010	trend_dtrader XAUUSD,H1: Alert: Failed AUDUSD
0	09:41:52.819	trend_dtrader XAUUSD,H1: Alert: Failed AUDUSD
0	09:42:39.856	trend_dtrader XAUUSD,H1: Alert: Failed AUDUSD
0	09:43:26.811	trend_dtrader XAUUSD,H1: Alert: Failed AUDUSD
0	09:44:13.821	trend_dtrader XAUUSD,H1: Alert: Failed AUDUSD
0	09:45:00.907	trend_dtrader XAUUSD,H1: Alert: Failed AUDUSD
2	11:00:11.645	trend_dtrader XAUUSD,H1: open #479914174 buy 0.30 ARBUSD at 0.8190 sl: 0.7736 tp: 0.8916 ok
0	11:00:11.645	trend_dtrader XAUUSD,H1: Alert: ARBUSD Ordered Successfully
2	12:15:30.508	trend_dtrader XAUUSD,H1: open #479930237 sell 0.30 BCHUSD at 379.33 sl: 402.71 tp: 332.58 ok
0	12:15:30.508	trend_dtrader XAUUSD,H1: Alert: BCHUSD Ordered Successfully
2	13:53:21.948	trend_dtrader XAUUSD,H1: open #479955385 sell 0.30 AUDUSD at 0.66184 sl: 0.66558 tp: 0.65782 ok
0	13:53:21.948	trend_dtrader XAUUSD,H1: Alert: AUDUSD Ordered Successfully
0	14:45:23.145	trend_dtrader XAUUSD,H1: Failed modifying IOTAUSD
0	14:45:24.119	trend_dtrader XAUUSD,H1: Failed modifying LINKUSD
0	14:45:25.130	trend_dtrader XAUUSD,H1: Failed modifying LRCUSD
0	14:45:26.120	trend_dtrader XAUUSD,H1: Failed modifying LTCUSD
0	14:45:27.206	trend_dtrader XAUUSD,H1: Failed modifying MANAUSD
0	14:45:28.124	trend_dtrader XAUUSD,H1: Failed modifying MATICUSD
0	14:45:29.124	trend_dtrader XAUUSD,H1: Failed modifying NEARUSD
0	14:45:30.130	trend_dtrader XAUUSD,H1: Failed modifying NZDUSD
0	14:45:31.249	trend_dtrader XAUUSD,H1: Failed modifying SOLUSD
0	14:45:32.124	trend_dtrader XAUUSD,H1: Failed modifying SUIUSD
0	14:45:32.124	trend_dtrader XAUUSD,H1: Failed modifying SUIUSD
0	14:45:33.226	trend_dtrader XAUUSD,H1: Failed modifying TRXUSD
0	14:45:34.208	trend_dtrader XAUUSD,H1: Failed modifying UNIUSD
0	14:45:35.124	trend_dtrader XAUUSD,H1: Failed modifying USDCAD
0	14:45:36.210	trend_dtrader XAUUSD,H1: Failed modifying USDCHF
0	14:45:37.145	trend_dtrader XAUUSD,H1: Failed modifying USDJPY
0	14:45:38.226	trend_dtrader XAUUSD,H1: Failed modifying USDMXN
0	14:45:39.147	trend_dtrader XAUUSD,H1: Failed modifying USDZAR
0	14:45:40.119	trend_dtrader XAUUSD,H1: Failed modifying XAGUSD
0	14:45:41.104	trend_dtrader XAUUSD,H1: Failed modifying XAUUSD
0	14:45:42.197	trend_dtrader XAUUSD,H1: Failed modifying XBRUSD
0	14:45:43.154	trend_dtrader XAUUSD,H1: Failed modifying XNGUSD
0	14:45:43.154	trend_dtrader XAUUSD,H1: Failed modifying XNGUSD
0	14:45:44.127	trend_dtrader XAUUSD,H1: Failed modifying XRPUSD
0	14:45:45.101	trend_dtrader XAUUSD,H1: Failed modifying XTIUSD
0	14:45:46.137	trend_dtrader XAUUSD,H1: Failed modifying AAVEUSD
0	14:45:46.137	trend_dtrader XAUUSD,H1: Failed modifying AAVEUSD
0	14:45:47.129	trend_dtrader XAUUSD,H1: Failed modifying ADAUSD
0	14:45:47.129	trend_dtrader XAUUSD,H1: Failed modifying ADAUSD
0	14:45:48.182	trend_dtrader XAUUSD,H1: Failed modifying ALGOUSD
0	14:45:48.182	trend_dtrader XAUUSD,H1: Failed modifying ALGOUSD
0	14:45:49.330	trend_dtrader XAUUSD,H1: Failed modifying APTUSD
0	14:45:49.330	trend_dtrader XAUUSD,H1: Failed modifying APTUSD
0	14:45:50.100	trend_dtrader XAUUSD,H1: Failed modifying ARBUSD
0	14:45:50.100	trend_dtrader XAUUSD,H1: Failed modifying ARBUSD
0	14:45:51.137	trend_dtrader XAUUSD,H1: Failed modifying ATOMUSD
0	14:45:51.137	trend_dtrader XAUUSD,H1: Failed modifying ATOMUSD
0	14:45:52.114	trend_dtrader XAUUSD,H1: Failed modifying AUDUSD
0	14:45:52.114	trend_dtrader XAUUSD,H1: Failed modifying AUDUSD
0	14:45:53.320	trend_dtrader XAUUSD,H1: Failed modifying AVAXUSD
0	14:45:53.320	trend_dtrader XAUUSD,H1: Failed modifying AVAXUSD
0	14:45:54.106	trend_dtrader XAUUSD,H1: Failed modifying AXSUSD
0	14:45:54.106	trend_dtrader XAUUSD,H1: Failed modifying AXSUSD
0	14:45:55.097	trend_dtrader XAUUSD,H1: Failed modifying BCHUSD
0	14:45:55.097	trend_dtrader XAUUSD,H1: Failed modifying BCHUSD
0	14:45:56.183	trend_dtrader XAUUSD,H1: Failed modifying BNBUSD
0	14:45:56.183	trend_dtrader XAUUSD,H1: Failed modifying BNBUSD
0	14:45:57.141	trend_dtrader XAUUSD,H1: Failed modifying BTCUSD
0	14:45:57.141	trend_dtrader XAUUSD,H1: Failed modifying BTCUSD
0	14:45:58.107	trend_dtrader XAUUSD,H1: Failed modifying DASHUSD
0	14:45:58.107	trend_dtrader XAUUSD,H1: Failed modifying DASHUSD
0	14:45:59.302	trend_dtrader XAUUSD,H1: Failed modifying DOGEUSD
0	14:45:59.302	trend_dtrader XAUUSD,H1: Failed modifying DOGEUSD
0	14:46:00.122	trend_dtrader XAUUSD,H1: Failed modifying DOTUSD
0	14:46:00.122	trend_dtrader XAUUSD,H1: Failed modifying DOTUSD
0	14:46:01.110	trend_dtrader XAUUSD,H1: Failed modifying ETCUSD
0	14:46:01.110	trend_dtrader XAUUSD,H1: Failed modifying ETCUSD
0	14:46:02.098	trend_dtrader XAUUSD,H1: Failed modifying ETHUSD
0	14:46:02.098	trend_dtrader XAUUSD,H1: Failed modifying ETHUSD
0	14:46:03.102	trend_dtrader XAUUSD,H1: Failed modifying EURUSD
0	14:46:03.102	trend_dtrader XAUUSD,H1: Failed modifying EURUSD
0	14:46:04.359	trend_dtrader XAUUSD,H1: Failed modifying FETUSD
0	14:46:04.359	trend_dtrader XAUUSD,H1: Failed modifying FETUSD
0	14:46:05.190	trend_dtrader XAUUSD,H1: Failed modifying FILUSD
0	14:46:05.190	trend_dtrader XAUUSD,H1: Failed modifying FILUSD
0	14:46:06.150	trend_dtrader XAUUSD,H1: Failed modifying FTMUSD
0	14:46:06.150	trend_dtrader XAUUSD,H1: Failed modifying FTMUSD
0	14:46:07.123	trend_dtrader XAUUSD,H1: Failed modifying GBPUSD
0	14:46:07.123	trend_dtrader XAUUSD,H1: Failed modifying GBPUSD
0	14:46:08.190	trend_dtrader XAUUSD,H1: Failed modifying GRTUSD
0	14:46:09.131	trend_dtrader XAUUSD,H1: Failed modifying ICPUSD
0	14:46:10.357	trend_dtrader XAUUSD,H1: Failed modifying IOTAUSD
0	14:46:11.112	trend_dtrader XAUUSD,H1: Failed modifying LINKUSD
0	14:46:12.197	trend_dtrader XAUUSD,H1: Failed modifying LRCUSD
0	14:46:13.124	trend_dtrader XAUUSD,H1: Failed modifying LTCUSD
0	14:46:13.124	trend_dtrader XAUUSD,H1: Failed modifying LTCUSD
0	14:46:14.097	trend_dtrader XAUUSD,H1: Failed modifying MANAUSD
0	14:46:14.097	trend_dtrader XAUUSD,H1: Failed modifying MANAUSD
0	14:46:15.135	trend_dtrader XAUUSD,H1: Failed modifying MATICUSD
0	14:46:15.135	trend_dtrader XAUUSD,H1: Failed modifying MATICUSD
0	14:46:16.126	trend_dtrader XAUUSD,H1: Failed modifying NEARUSD
0	14:46:16.126	trend_dtrader XAUUSD,H1: Failed modifying NEARUSD
0	14:46:17.113	trend_dtrader XAUUSD,H1: Failed modifying NZDUSD
0	14:46:17.113	trend_dtrader XAUUSD,H1: Failed modifying NZDUSD
0	14:46:18.182	trend_dtrader XAUUSD,H1: Failed modifying SOLUSD
0	14:46:19.110	trend_dtrader XAUUSD,H1: Failed modifying SUIUSD
0	14:46:20.097	trend_dtrader XAUUSD,H1: Failed modifying TRXUSD
0	14:46:21.102	trend_dtrader XAUUSD,H1: Failed modifying UNIUSD
0	14:46:22.172	trend_dtrader XAUUSD,H1: Failed modifying USDCAD
0	14:46:23.112	trend_dtrader XAUUSD,H1: Failed modifying USDCHF
0	14:46:23.112	trend_dtrader XAUUSD,H1: Failed modifying USDCHF
0	14:46:24.257	trend_dtrader XAUUSD,H1: Failed modifying USDJPY
0	14:46:24.257	trend_dtrader XAUUSD,H1: Failed modifying USDJPY
0	14:46:25.109	trend_dtrader XAUUSD,H1: Failed modifying USDMXN
0	14:46:25.109	trend_dtrader XAUUSD,H1: Failed modifying USDMXN
0	14:46:26.381	trend_dtrader XAUUSD,H1: Failed modifying USDZAR
0	14:46:26.381	trend_dtrader XAUUSD,H1: Failed modifying USDZAR
0	14:46:27.119	trend_dtrader XAUUSD,H1: Failed modifying XAGUSD
0	14:46:27.119	trend_dtrader XAUUSD,H1: Failed modifying XAGUSD
0	14:46:28.108	trend_dtrader XAUUSD,H1: Failed modifying XAUUSD
0	14:46:28.108	trend_dtrader XAUUSD,H1: Failed modifying XAUUSD
0	14:46:29.115	trend_dtrader XAUUSD,H1: Failed modifying XBRUSD
0	14:46:29.115	trend_dtrader XAUUSD,H1: Failed modifying XBRUSD
0	14:46:30.324	trend_dtrader XAUUSD,H1: Failed modifying XNGUSD
0	14:46:30.324	trend_dtrader XAUUSD,H1: Failed modifying XNGUSD
0	14:46:31.251	trend_dtrader XAUUSD,H1: Failed modifying XRPUSD
0	14:46:31.251	trend_dtrader XAUUSD,H1: Failed modifying XRPUSD
0	14:46:32.115	trend_dtrader XAUUSD,H1: Failed modifying XTIUSD
0	14:46:32.115	trend_dtrader XAUUSD,H1: Failed modifying XTIUSD
0	14:46:33.151	trend_dtrader XAUUSD,H1: Failed modifying AAVEUSD
0	14:46:33.151	trend_dtrader XAUUSD,H1: Failed modifying AAVEUSD
0	14:46:34.113	trend_dtrader XAUUSD,H1: Failed modifying ADAUSD
0	14:46:34.113	trend_dtrader XAUUSD,H1: Failed modifying ADAUSD
0	14:46:35.229	trend_dtrader XAUUSD,H1: Failed modifying ALGOUSD
0	14:46:35.229	trend_dtrader XAUUSD,H1: Failed modifying ALGOUSD
0	14:46:36.110	trend_dtrader XAUUSD,H1: Failed modifying APTUSD
0	14:46:36.110	trend_dtrader XAUUSD,H1: Failed modifying APTUSD
0	14:46:37.228	trend_dtrader XAUUSD,H1: Failed modifying ARBUSD
0	14:46:37.228	trend_dtrader XAUUSD,H1: Failed modifying ARBUSD
0	14:46:38.110	trend_dtrader XAUUSD,H1: Failed modifying ATOMUSD
0	14:46:38.110	trend_dtrader XAUUSD,H1: Failed modifying ATOMUSD
0	14:46:39.112	trend_dtrader XAUUSD,H1: Failed modifying AUDUSD
0	14:46:39.112	trend_dtrader XAUUSD,H1: Failed modifying AUDUSD
0	14:46:40.116	trend_dtrader XAUUSD,H1: Failed modifying AVAXUSD
0	14:46:40.116	trend_dtrader XAUUSD,H1: Failed modifying AVAXUSD
0	14:46:41.104	trend_dtrader XAUUSD,H1: Failed modifying AXSUSD
0	14:46:41.104	trend_dtrader XAUUSD,H1: Failed modifying AXSUSD
0	14:46:42.110	trend_dtrader XAUUSD,H1: Failed modifying BCHUSD
0	14:46:42.110	trend_dtrader XAUUSD,H1: Failed modifying BCHUSD
0	14:46:43.325	trend_dtrader XAUUSD,H1: Failed modifying BNBUSD
0	14:46:43.325	trend_dtrader XAUUSD,H1: Failed modifying BNBUSD
0	14:46:44.104	trend_dtrader XAUUSD,H1: Failed modifying BTCUSD
0	14:46:44.104	trend_dtrader XAUUSD,H1: Failed modifying BTCUSD
0	14:46:45.096	trend_dtrader XAUUSD,H1: Failed modifying DASHUSD
0	14:46:45.096	trend_dtrader XAUUSD,H1: Failed modifying DASHUSD
0	14:46:46.196	trend_dtrader XAUUSD,H1: Failed modifying DOGEUSD
0	14:46:46.196	trend_dtrader XAUUSD,H1: Failed modifying DOGEUSD
0	14:46:47.129	trend_dtrader XAUUSD,H1: Failed modifying DOTUSD
0	14:46:47.129	trend_dtrader XAUUSD,H1: Failed modifying DOTUSD
0	14:46:48.101	trend_dtrader XAUUSD,H1: Failed modifying ETCUSD
0	14:46:48.101	trend_dtrader XAUUSD,H1: Failed modifying ETCUSD
0	14:46:49.108	trend_dtrader XAUUSD,H1: Failed modifying ETHUSD
0	14:46:49.108	trend_dtrader XAUUSD,H1: Failed modifying ETHUSD
0	14:46:50.207	trend_dtrader XAUUSD,H1: Failed modifying EURUSD
0	14:46:51.116	trend_dtrader XAUUSD,H1: Failed modifying FETUSD
0	14:46:52.265	trend_dtrader XAUUSD,H1: Failed modifying FILUSD
0	14:46:52.265	trend_dtrader XAUUSD,H1: Failed modifying FILUSD
0	14:46:53.111	trend_dtrader XAUUSD,H1: Failed modifying FTMUSD
0	14:46:53.111	trend_dtrader XAUUSD,H1: Failed modifying FTMUSD
0	14:46:54.116	trend_dtrader XAUUSD,H1: Failed modifying GBPUSD
0	14:46:54.116	trend_dtrader XAUUSD,H1: Failed modifying GBPUSD
0	14:46:55.382	trend_dtrader XAUUSD,H1: Failed modifying GRTUSD
0	14:46:55.382	trend_dtrader XAUUSD,H1: Failed modifying GRTUSD
0	14:46:56.299	trend_dtrader XAUUSD,H1: Failed modifying ICPUSD
0	14:46:56.299	trend_dtrader XAUUSD,H1: Failed modifying ICPUSD
0	14:46:57.321	trend_dtrader XAUUSD,H1: Failed modifying IOTAUSD
0	14:46:57.321	trend_dtrader XAUUSD,H1: Failed modifying IOTAUSD
0	14:46:58.109	trend_dtrader XAUUSD,H1: Failed modifying LINKUSD
0	14:46:58.109	trend_dtrader XAUUSD,H1: Failed modifying LINKUSD
0	14:46:59.097	trend_dtrader XAUUSD,H1: Failed modifying LRCUSD
0	14:46:59.097	trend_dtrader XAUUSD,H1: Failed modifying LRCUSD
0	14:47:00.103	trend_dtrader XAUUSD,H1: Failed modifying LTCUSD
0	14:47:00.103	trend_dtrader XAUUSD,H1: Failed modifying LTCUSD
0	14:47:01.128	trend_dtrader XAUUSD,H1: Failed modifying MANAUSD
0	14:47:01.128	trend_dtrader XAUUSD,H1: Failed modifying MANAUSD
0	14:47:02.306	trend_dtrader XAUUSD,H1: Failed modifying MATICUSD
0	14:47:03.205	trend_dtrader XAUUSD,H1: Failed modifying NEARUSD
0	14:47:03.205	trend_dtrader XAUUSD,H1: Failed modifying NEARUSD
0	14:47:04.100	trend_dtrader XAUUSD,H1: Failed modifying NZDUSD
0	14:47:05.452	trend_dtrader XAUUSD,H1: Failed modifying SOLUSD
0	14:47:05.452	trend_dtrader XAUUSD,H1: Failed modifying SOLUSD
0	14:47:06.285	trend_dtrader XAUUSD,H1: Failed modifying SUIUSD
0	14:47:06.285	trend_dtrader XAUUSD,H1: Failed modifying SUIUSD
0	14:47:07.099	trend_dtrader XAUUSD,H1: Failed modifying TRXUSD
0	14:47:07.099	trend_dtrader XAUUSD,H1: Failed modifying TRXUSD
0	14:47:08.233	trend_dtrader XAUUSD,H1: Failed modifying UNIUSD
0	14:47:09.100	trend_dtrader XAUUSD,H1: Failed modifying USDCAD
0	14:47:10.120	trend_dtrader XAUUSD,H1: Failed modifying USDCHF
0	14:47:10.120	trend_dtrader XAUUSD,H1: Failed modifying USDCHF
0	14:47:11.100	trend_dtrader XAUUSD,H1: Failed modifying USDJPY
0	14:47:11.100	trend_dtrader XAUUSD,H1: Failed modifying USDJPY
0	14:47:12.106	trend_dtrader XAUUSD,H1: Failed modifying USDMXN
0	14:47:12.106	trend_dtrader XAUUSD,H1: Failed modifying USDMXN
0	14:47:13.095	trend_dtrader XAUUSD,H1: Failed modifying USDZAR
0	14:47:13.095	trend_dtrader XAUUSD,H1: Failed modifying USDZAR
0	14:47:14.298	trend_dtrader XAUUSD,H1: Failed modifying XAGUSD
0	14:47:14.298	trend_dtrader XAUUSD,H1: Failed modifying XAGUSD
0	14:47:15.097	trend_dtrader XAUUSD,H1: Failed modifying XAUUSD
0	14:47:15.097	trend_dtrader XAUUSD,H1: Failed modifying XAUUSD
0	14:47:16.243	trend_dtrader XAUUSD,H1: Failed modifying XBRUSD
0	14:47:16.243	trend_dtrader XAUUSD,H1: Failed modifying XBRUSD
0	14:47:17.143	trend_dtrader XAUUSD,H1: Failed modifying XNGUSD
0	14:47:18.101	trend_dtrader XAUUSD,H1: Failed modifying XRPUSD
0	14:47:18.101	trend_dtrader XAUUSD,H1: Failed modifying XRPUSD
0	14:47:19.124	trend_dtrader XAUUSD,H1: Failed modifying XTIUSD
0	14:47:19.124	trend_dtrader XAUUSD,H1: Failed modifying XTIUSD
0	14:47:20.131	trend_dtrader XAUUSD,H1: Failed modifying AAVEUSD
0	14:47:20.131	trend_dtrader XAUUSD,H1: Failed modifying AAVEUSD
0	14:47:21.469	trend_dtrader XAUUSD,H1: Failed modifying ADAUSD
0	14:47:21.469	trend_dtrader XAUUSD,H1: Failed modifying ADAUSD
0	14:47:22.119	trend_dtrader XAUUSD,H1: Failed modifying ALGOUSD
0	14:47:22.119	trend_dtrader XAUUSD,H1: Failed modifying ALGOUSD
0	14:47:23.110	trend_dtrader XAUUSD,H1: Failed modifying APTUSD
0	14:47:23.110	trend_dtrader XAUUSD,H1: Failed modifying APTUSD
0	14:47:24.101	trend_dtrader XAUUSD,H1: Failed modifying ARBUSD
0	14:47:24.101	trend_dtrader XAUUSD,H1: Failed modifying ARBUSD
0	14:47:25.160	trend_dtrader XAUUSD,H1: Failed modifying ATOMUSD
0	14:47:25.160	trend_dtrader XAUUSD,H1: Failed modifying ATOMUSD
0	14:47:26.209	trend_dtrader XAUUSD,H1: Failed modifying AUDUSD
0	14:47:26.209	trend_dtrader XAUUSD,H1: Failed modifying AUDUSD
0	14:47:27.123	trend_dtrader XAUUSD,H1: Failed modifying AVAXUSD
0	14:47:27.123	trend_dtrader XAUUSD,H1: Failed modifying AVAXUSD
0	14:47:28.130	trend_dtrader XAUUSD,H1: Failed modifying AXSUSD
0	14:47:28.130	trend_dtrader XAUUSD,H1: Failed modifying AXSUSD
0	14:47:29.120	trend_dtrader XAUUSD,H1: Failed modifying BCHUSD
0	14:47:29.120	trend_dtrader XAUUSD,H1: Failed modifying BCHUSD
0	14:47:31.003	trend_dtrader XAUUSD,H1: Failed modifying BNBUSD
0	14:47:31.003	trend_dtrader XAUUSD,H1: Failed modifying BNBUSD
0	14:47:31.113	trend_dtrader XAUUSD,H1: Failed modifying BTCUSD
0	14:47:31.113	trend_dtrader XAUUSD,H1: Failed modifying BTCUSD
0	14:47:32.241	trend_dtrader XAUUSD,H1: Failed modifying DASHUSD
0	14:47:32.241	trend_dtrader XAUUSD,H1: Failed modifying DASHUSD
0	14:47:33.188	trend_dtrader XAUUSD,H1: Failed modifying DOGEUSD
0	14:47:33.188	trend_dtrader XAUUSD,H1: Failed modifying DOGEUSD
0	14:47:34.116	trend_dtrader XAUUSD,H1: Failed modifying DOTUSD
0	14:47:34.116	trend_dtrader XAUUSD,H1: Failed modifying DOTUSD
0	14:47:35.109	trend_dtrader XAUUSD,H1: Failed modifying ETCUSD
0	14:47:35.109	trend_dtrader XAUUSD,H1: Failed modifying ETCUSD
0	14:47:36.100	trend_dtrader XAUUSD,H1: Failed modifying ETHUSD
0	14:47:36.100	trend_dtrader XAUUSD,H1: Failed modifying ETHUSD
0	14:47:37.119	trend_dtrader XAUUSD,H1: Failed modifying EURUSD
0	14:47:37.119	trend_dtrader XAUUSD,H1: Failed modifying EURUSD
0	14:47:38.108	trend_dtrader XAUUSD,H1: Failed modifying FETUSD
0	14:47:38.108	trend_dtrader XAUUSD,H1: Failed modifying FETUSD
0	14:47:39.148	trend_dtrader XAUUSD,H1: Failed modifying FILUSD
0	14:47:39.148	trend_dtrader XAUUSD,H1: Failed modifying FILUSD
0	14:47:40.108	trend_dtrader XAUUSD,H1: Failed modifying FTMUSD
0	14:47:40.108	trend_dtrader XAUUSD,H1: Failed modifying FTMUSD
0	14:47:41.116	trend_dtrader XAUUSD,H1: Failed modifying GBPUSD
0	14:47:41.116	trend_dtrader XAUUSD,H1: Failed modifying GBPUSD
0	14:47:42.124	trend_dtrader XAUUSD,H1: Failed modifying GRTUSD
0	14:47:42.124	trend_dtrader XAUUSD,H1: Failed modifying GRTUSD
0	14:47:43.114	trend_dtrader XAUUSD,H1: Failed modifying ICPUSD
0	14:47:43.114	trend_dtrader XAUUSD,H1: Failed modifying ICPUSD
0	14:47:44.106	trend_dtrader XAUUSD,H1: Failed modifying IOTAUSD
0	14:47:44.106	trend_dtrader XAUUSD,H1: Failed modifying IOTAUSD
0	14:47:45.696	trend_dtrader XAUUSD,H1: Failed modifying LINKUSD
0	14:47:45.696	trend_dtrader XAUUSD,H1: Failed modifying LINKUSD
0	14:47:46.170	trend_dtrader XAUUSD,H1: Failed modifying LRCUSD
0	14:47:46.170	trend_dtrader XAUUSD,H1: Failed modifying LRCUSD
0	14:47:47.127	trend_dtrader XAUUSD,H1: Failed modifying LTCUSD
0	14:47:47.127	trend_dtrader XAUUSD,H1: Failed modifying LTCUSD
0	14:47:48.103	trend_dtrader XAUUSD,H1: Failed modifying MANAUSD
0	14:47:48.103	trend_dtrader XAUUSD,H1: Failed modifying MANAUSD
0	14:47:49.122	trend_dtrader XAUUSD,H1: Failed modifying MATICUSD
0	14:47:49.122	trend_dtrader XAUUSD,H1: Failed modifying MATICUSD
0	14:47:50.162	trend_dtrader XAUUSD,H1: Failed modifying NEARUSD
0	14:47:50.162	trend_dtrader XAUUSD,H1: Failed modifying NEARUSD
0	14:47:51.152	trend_dtrader XAUUSD,H1: Failed modifying NZDUSD
0	14:47:51.152	trend_dtrader XAUUSD,H1: Failed modifying NZDUSD
0	14:47:52.219	trend_dtrader XAUUSD,H1: Failed modifying SOLUSD
0	14:47:52.219	trend_dtrader XAUUSD,H1: Failed modifying SOLUSD
0	14:47:53.112	trend_dtrader XAUUSD,H1: Failed modifying SUIUSD
0	14:47:53.112	trend_dtrader XAUUSD,H1: Failed modifying SUIUSD
0	14:47:54.107	trend_dtrader XAUUSD,H1: Failed modifying TRXUSD
0	14:47:54.107	trend_dtrader XAUUSD,H1: Failed modifying TRXUSD
0	14:47:55.096	trend_dtrader XAUUSD,H1: Failed modifying UNIUSD
0	14:47:55.096	trend_dtrader XAUUSD,H1: Failed modifying UNIUSD
0	14:47:56.101	trend_dtrader XAUUSD,H1: Failed modifying USDCAD
0	14:47:56.101	trend_dtrader XAUUSD,H1: Failed modifying USDCAD
0	14:47:57.141	trend_dtrader XAUUSD,H1: Failed modifying USDCHF
0	14:47:57.141	trend_dtrader XAUUSD,H1: Failed modifying USDCHF
0	14:47:58.100	trend_dtrader XAUUSD,H1: Failed modifying USDJPY
0	14:47:58.100	trend_dtrader XAUUSD,H1: Failed modifying USDJPY
0	14:47:59.108	trend_dtrader XAUUSD,H1: Failed modifying USDMXN
0	14:47:59.108	trend_dtrader XAUUSD,H1: Failed modifying USDMXN
0	14:48:00.113	trend_dtrader XAUUSD,H1: Failed modifying USDZAR
0	14:48:00.113	trend_dtrader XAUUSD,H1: Failed modifying USDZAR
0	14:48:01.103	trend_dtrader XAUUSD,H1: Failed modifying XAGUSD
0	14:48:01.103	trend_dtrader XAUUSD,H1: Failed modifying XAGUSD
0	14:48:02.109	trend_dtrader XAUUSD,H1: Failed modifying XAUUSD
0	14:48:02.109	trend_dtrader XAUUSD,H1: Failed modifying XAUUSD
0	14:48:03.098	trend_dtrader XAUUSD,H1: Failed modifying XBRUSD
0	14:48:03.098	trend_dtrader XAUUSD,H1: Failed modifying XBRUSD
0	14:48:04.106	trend_dtrader XAUUSD,H1: Failed modifying XNGUSD
0	14:48:04.106	trend_dtrader XAUUSD,H1: Failed modifying XNGUSD
0	14:48:05.096	trend_dtrader XAUUSD,H1: Failed modifying XRPUSD
0	14:48:05.096	trend_dtrader XAUUSD,H1: Failed modifying XRPUSD
0	14:48:06.120	trend_dtrader XAUUSD,H1: Failed modifying XTIUSD
0	14:48:06.120	trend_dtrader XAUUSD,H1: Failed modifying XTIUSD
0	14:48:07.095	trend_dtrader XAUUSD,H1: Failed modifying AAVEUSD
0	14:48:07.095	trend_dtrader XAUUSD,H1: Failed modifying AAVEUSD
0	14:48:08.100	trend_dtrader XAUUSD,H1: Failed modifying ADAUSD
0	14:48:08.100	trend_dtrader XAUUSD,H1: Failed modifying ADAUSD
0	14:48:09.120	trend_dtrader XAUUSD,H1: Failed modifying ALGOUSD
0	14:48:09.120	trend_dtrader XAUUSD,H1: Failed modifying ALGOUSD
0	14:48:10.094	trend_dtrader XAUUSD,H1: Failed modifying APTUSD
0	14:48:10.094	trend_dtrader XAUUSD,H1: Failed modifying APTUSD
0	14:48:11.098	trend_dtrader XAUUSD,H1: Failed modifying ARBUSD
0	14:48:11.098	trend_dtrader XAUUSD,H1: Failed modifying ARBUSD
0	14:48:12.263	trend_dtrader XAUUSD,H1: Failed modifying ATOMUSD
0	14:48:12.263	trend_dtrader XAUUSD,H1: Failed modifying ATOMUSD
0	14:48:13.266	trend_dtrader XAUUSD,H1: Failed modifying AUDUSD
0	14:48:13.266	trend_dtrader XAUUSD,H1: Failed modifying AUDUSD
0	14:48:14.118	trend_dtrader XAUUSD,H1: Failed modifying AVAXUSD
0	14:48:14.118	trend_dtrader XAUUSD,H1: Failed modifying AVAXUSD
0	14:48:15.108	trend_dtrader XAUUSD,H1: Failed modifying AXSUSD
0	14:48:15.108	trend_dtrader XAUUSD,H1: Failed modifying AXSUSD
0	14:48:16.099	trend_dtrader XAUUSD,H1: Failed modifying BCHUSD
0	14:48:16.099	trend_dtrader XAUUSD,H1: Failed modifying BCHUSD
0	14:48:17.104	trend_dtrader XAUUSD,H1: Failed modifying BNBUSD
0	14:48:17.104	trend_dtrader XAUUSD,H1: Failed modifying BNBUSD
0	14:48:18.139	trend_dtrader XAUUSD,H1: Failed modifying BTCUSD
0	14:48:18.139	trend_dtrader XAUUSD,H1: Failed modifying BTCUSD
0	14:48:19.097	trend_dtrader XAUUSD,H1: Failed modifying DASHUSD
0	14:48:19.097	trend_dtrader XAUUSD,H1: Failed modifying DASHUSD
0	14:48:20.094	trend_dtrader XAUUSD,H1: Failed modifying DOGEUSD
0	14:48:20.094	trend_dtrader XAUUSD,H1: Failed modifying DOGEUSD
0	14:48:21.116	trend_dtrader XAUUSD,H1: Failed modifying DOTUSD
0	14:48:21.116	trend_dtrader XAUUSD,H1: Failed modifying DOTUSD
0	14:48:22.125	trend_dtrader XAUUSD,H1: Failed modifying ETCUSD
0	14:48:22.125	trend_dtrader XAUUSD,H1: Failed modifying ETCUSD
0	14:48:23.098	trend_dtrader XAUUSD,H1: Failed modifying ETHUSD
0	14:48:23.098	trend_dtrader XAUUSD,H1: Failed modifying ETHUSD
0	14:48:24.151	trend_dtrader XAUUSD,H1: Failed modifying EURUSD
0	14:48:24.151	trend_dtrader XAUUSD,H1: Failed modifying EURUSD
0	14:48:25.095	trend_dtrader XAUUSD,H1: Failed modifying FETUSD
0	14:48:25.095	trend_dtrader XAUUSD,H1: Failed modifying FETUSD
0	14:48:26.213	trend_dtrader XAUUSD,H1: Failed modifying FILUSD
0	14:48:26.213	trend_dtrader XAUUSD,H1: Failed modifying FILUSD
0	14:48:27.125	trend_dtrader XAUUSD,H1: Failed modifying FTMUSD
0	14:48:27.125	trend_dtrader XAUUSD,H1: Failed modifying FTMUSD
0	14:48:28.161	trend_dtrader XAUUSD,H1: Failed modifying GBPUSD
0	14:48:28.161	trend_dtrader XAUUSD,H1: Failed modifying GBPUSD
0	14:48:29.120	trend_dtrader XAUUSD,H1: Failed modifying GRTUSD
0	14:48:29.120	trend_dtrader XAUUSD,H1: Failed modifying GRTUSD
0	14:48:30.222	trend_dtrader XAUUSD,H1: Failed modifying ICPUSD
0	14:48:30.222	trend_dtrader XAUUSD,H1: Failed modifying ICPUSD
0	14:48:31.103	trend_dtrader XAUUSD,H1: Failed modifying IOTAUSD
0	14:48:31.103	trend_dtrader XAUUSD,H1: Failed modifying IOTAUSD
0	14:48:32.126	trend_dtrader XAUUSD,H1: Failed modifying LINKUSD
0	14:48:32.126	trend_dtrader XAUUSD,H1: Failed modifying LINKUSD
0	14:48:33.116	trend_dtrader XAUUSD,H1: Failed modifying LRCUSD
0	14:48:33.116	trend_dtrader XAUUSD,H1: Failed modifying LRCUSD
0	14:48:34.156	trend_dtrader XAUUSD,H1: Failed modifying LTCUSD
0	14:48:34.156	trend_dtrader XAUUSD,H1: Failed modifying LTCUSD
0	14:48:35.101	trend_dtrader XAUUSD,H1: Failed modifying MANAUSD
0	14:48:35.101	trend_dtrader XAUUSD,H1: Failed modifying MANAUSD
0	14:48:36.316	trend_dtrader XAUUSD,H1: Failed modifying MATICUSD
0	14:48:36.316	trend_dtrader XAUUSD,H1: Failed modifying MATICUSD
0	14:48:37.305	trend_dtrader XAUUSD,H1: Failed modifying NEARUSD
0	14:48:37.305	trend_dtrader XAUUSD,H1: Failed modifying NEARUSD
0	14:48:38.234	trend_dtrader XAUUSD,H1: Failed modifying NZDUSD
0	14:48:38.234	trend_dtrader XAUUSD,H1: Failed modifying NZDUSD
0	14:48:39.099	trend_dtrader XAUUSD,H1: Failed modifying SOLUSD
0	14:48:39.099	trend_dtrader XAUUSD,H1: Failed modifying SOLUSD
0	14:48:40.231	trend_dtrader XAUUSD,H1: Failed modifying SUIUSD
0	14:48:40.231	trend_dtrader XAUUSD,H1: Failed modifying SUIUSD
0	14:48:41.096	trend_dtrader XAUUSD,H1: Failed modifying TRXUSD
0	14:48:41.096	trend_dtrader XAUUSD,H1: Failed modifying TRXUSD
0	14:48:42.114	trend_dtrader XAUUSD,H1: Failed modifying UNIUSD
0	14:48:42.114	trend_dtrader XAUUSD,H1: Failed modifying UNIUSD
0	14:48:43.095	trend_dtrader XAUUSD,H1: Failed modifying USDCAD
0	14:48:43.095	trend_dtrader XAUUSD,H1: Failed modifying USDCAD
0	14:48:44.101	trend_dtrader XAUUSD,H1: Failed modifying USDCHF
0	14:48:44.101	trend_dtrader XAUUSD,H1: Failed modifying USDCHF
0	14:48:45.108	trend_dtrader XAUUSD,H1: Failed modifying USDJPY
0	14:48:45.108	trend_dtrader XAUUSD,H1: Failed modifying USDJPY
0	14:48:46.103	trend_dtrader XAUUSD,H1: Failed modifying USDMXN
0	14:48:46.103	trend_dtrader XAUUSD,H1: Failed modifying USDMXN
0	14:48:47.123	trend_dtrader XAUUSD,H1: Failed modifying USDZAR
0	14:48:47.123	trend_dtrader XAUUSD,H1: Failed modifying USDZAR
0	14:48:48.113	trend_dtrader XAUUSD,H1: Failed modifying XAGUSD
0	14:48:48.113	trend_dtrader XAUUSD,H1: Failed modifying XAGUSD
0	14:48:49.121	trend_dtrader XAUUSD,H1: Failed modifying XAUUSD
0	14:48:49.121	trend_dtrader XAUUSD,H1: Failed modifying XAUUSD
0	14:48:50.145	trend_dtrader XAUUSD,H1: Failed modifying XBRUSD
0	14:48:50.145	trend_dtrader XAUUSD,H1: Failed modifying XBRUSD
0	14:48:51.120	trend_dtrader XAUUSD,H1: Failed modifying XNGUSD
0	14:48:51.120	trend_dtrader XAUUSD,H1: Failed modifying XNGUSD
0	14:48:52.107	trend_dtrader XAUUSD,H1: Failed modifying XRPUSD
0	14:48:52.107	trend_dtrader XAUUSD,H1: Failed modifying XRPUSD
0	14:48:53.115	trend_dtrader XAUUSD,H1: Failed modifying XTIUSD
0	14:48:53.115	trend_dtrader XAUUSD,H1: Failed modifying XTIUSD
0	14:48:54.108	trend_dtrader XAUUSD,H1: Failed modifying AAVEUSD
0	14:48:54.108	trend_dtrader XAUUSD,H1: Failed modifying AAVEUSD
0	14:48:55.098	trend_dtrader XAUUSD,H1: Failed modifying ADAUSD
0	14:48:55.098	trend_dtrader XAUUSD,H1: Failed modifying ADAUSD
0	14:48:56.122	trend_dtrader XAUUSD,H1: Failed modifying ALGOUSD
0	14:48:56.122	trend_dtrader XAUUSD,H1: Failed modifying ALGOUSD
0	14:48:57.268	trend_dtrader XAUUSD,H1: Failed modifying APTUSD
0	14:48:57.268	trend_dtrader XAUUSD,H1: Failed modifying APTUSD
0	14:48:58.134	trend_dtrader XAUUSD,H1: Failed modifying ARBUSD
0	14:48:58.134	trend_dtrader XAUUSD,H1: Failed modifying ARBUSD
0	14:48:59.170	trend_dtrader XAUUSD,H1: Failed modifying ATOMUSD
0	14:48:59.170	trend_dtrader XAUUSD,H1: Failed modifying ATOMUSD
0	14:49:00.099	trend_dtrader XAUUSD,H1: Failed modifying AUDUSD
0	14:49:00.099	trend_dtrader XAUUSD,H1: Failed modifying AUDUSD
0	14:49:01.248	trend_dtrader XAUUSD,H1: Failed modifying AVAXUSD
0	14:49:01.248	trend_dtrader XAUUSD,H1: Failed modifying AVAXUSD
0	14:49:02.145	trend_dtrader XAUUSD,H1: Failed modifying AXSUSD
0	14:49:02.145	trend_dtrader XAUUSD,H1: Failed modifying AXSUSD
0	14:49:03.151	trend_dtrader XAUUSD,H1: Failed modifying BCHUSD
0	14:49:03.151	trend_dtrader XAUUSD,H1: Failed modifying BCHUSD
0	14:49:04.267	trend_dtrader XAUUSD,H1: Failed modifying BNBUSD
0	14:49:04.267	trend_dtrader XAUUSD,H1: Failed modifying BNBUSD
0	14:49:05.118	trend_dtrader XAUUSD,H1: Failed modifying BTCUSD
0	14:49:05.118	trend_dtrader XAUUSD,H1: Failed modifying BTCUSD
0	14:49:06.125	trend_dtrader XAUUSD,H1: Failed modifying DASHUSD
0	14:49:06.125	trend_dtrader XAUUSD,H1: Failed modifying DASHUSD
0	14:49:07.114	trend_dtrader XAUUSD,H1: Failed modifying DOGEUSD
0	14:49:07.114	trend_dtrader XAUUSD,H1: Failed modifying DOGEUSD
0	14:49:08.154	trend_dtrader XAUUSD,H1: Failed modifying DOTUSD
0	14:49:08.154	trend_dtrader XAUUSD,H1: Failed modifying DOTUSD
0	14:49:09.095	trend_dtrader XAUUSD,H1: Failed modifying ETCUSD
0	14:49:09.095	trend_dtrader XAUUSD,H1: Failed modifying ETCUSD
0	14:49:10.116	trend_dtrader XAUUSD,H1: Failed modifying ETHUSD
0	14:49:10.116	trend_dtrader XAUUSD,H1: Failed modifying ETHUSD
0	14:49:11.108	trend_dtrader XAUUSD,H1: Failed modifying EURUSD
0	14:49:11.108	trend_dtrader XAUUSD,H1: Failed modifying EURUSD
0	14:49:12.113	trend_dtrader XAUUSD,H1: Failed modifying FETUSD
0	14:49:12.113	trend_dtrader XAUUSD,H1: Failed modifying FETUSD
0	14:49:13.105	trend_dtrader XAUUSD,H1: Failed modifying FILUSD
0	14:49:13.105	trend_dtrader XAUUSD,H1: Failed modifying FILUSD
0	14:49:14.142	trend_dtrader XAUUSD,H1: Failed modifying FTMUSD
0	14:49:14.142	trend_dtrader XAUUSD,H1: Failed modifying FTMUSD
0	14:49:15.134	trend_dtrader XAUUSD,H1: Failed modifying GBPUSD
0	14:49:15.134	trend_dtrader XAUUSD,H1: Failed modifying GBPUSD
0	14:49:16.188	trend_dtrader XAUUSD,H1: Failed modifying GRTUSD
0	14:49:16.188	trend_dtrader XAUUSD,H1: Failed modifying GRTUSD
0	14:49:17.100	trend_dtrader XAUUSD,H1: Failed modifying ICPUSD
0	14:49:17.100	trend_dtrader XAUUSD,H1: Failed modifying ICPUSD
0	14:49:18.140	trend_dtrader XAUUSD,H1: Failed modifying IOTAUSD
0	14:49:18.140	trend_dtrader XAUUSD,H1: Failed modifying IOTAUSD
0	14:49:19.117	trend_dtrader XAUUSD,H1: Failed modifying LINKUSD
0	14:49:19.117	trend_dtrader XAUUSD,H1: Failed modifying LINKUSD
0	14:49:20.562	trend_dtrader XAUUSD,H1: Failed modifying LRCUSD
0	14:49:20.562	trend_dtrader XAUUSD,H1: Failed modifying LRCUSD
0	14:49:21.097	trend_dtrader XAUUSD,H1: Failed modifying LTCUSD
0	14:49:21.097	trend_dtrader XAUUSD,H1: Failed modifying LTCUSD
0	14:49:22.105	trend_dtrader XAUUSD,H1: Failed modifying MANAUSD
0	14:49:22.105	trend_dtrader XAUUSD,H1: Failed modifying MANAUSD
0	14:49:23.159	trend_dtrader XAUUSD,H1: Failed modifying MATICUSD
0	14:49:23.159	trend_dtrader XAUUSD,H1: Failed modifying MATICUSD
0	14:49:24.118	trend_dtrader XAUUSD,H1: Failed modifying NEARUSD
0	14:49:24.118	trend_dtrader XAUUSD,H1: Failed modifying NEARUSD
0	14:49:25.108	trend_dtrader XAUUSD,H1: Failed modifying NZDUSD
0	14:49:25.108	trend_dtrader XAUUSD,H1: Failed modifying NZDUSD
0	14:49:26.176	trend_dtrader XAUUSD,H1: Failed modifying SOLUSD
0	14:49:26.176	trend_dtrader XAUUSD,H1: Failed modifying SOLUSD
0	14:49:27.102	trend_dtrader XAUUSD,H1: Failed modifying SUIUSD
0	14:49:27.102	trend_dtrader XAUUSD,H1: Failed modifying SUIUSD
0	14:49:28.311	trend_dtrader XAUUSD,H1: Failed modifying TRXUSD
0	14:49:28.311	trend_dtrader XAUUSD,H1: Failed modifying TRXUSD
0	14:49:29.095	trend_dtrader XAUUSD,H1: Failed modifying UNIUSD
0	14:49:29.095	trend_dtrader XAUUSD,H1: Failed modifying UNIUSD
0	14:49:30.164	trend_dtrader XAUUSD,H1: Failed modifying USDCAD
0	14:49:30.164	trend_dtrader XAUUSD,H1: Failed modifying USDCAD
0	14:49:31.142	trend_dtrader XAUUSD,H1: Failed modifying USDCHF
0	14:49:31.142	trend_dtrader XAUUSD,H1: Failed modifying USDCHF
0	14:49:32.101	trend_dtrader XAUUSD,H1: Failed modifying USDJPY
0	14:49:32.101	trend_dtrader XAUUSD,H1: Failed modifying USDJPY
0	14:49:33.250	trend_dtrader XAUUSD,H1: Failed modifying USDMXN
0	14:49:33.250	trend_dtrader XAUUSD,H1: Failed modifying USDMXN
0	14:49:34.100	trend_dtrader XAUUSD,H1: Failed modifying USDZAR
0	14:49:34.100	trend_dtrader XAUUSD,H1: Failed modifying USDZAR
0	14:49:35.124	trend_dtrader XAUUSD,H1: Failed modifying XAGUSD
0	14:49:35.124	trend_dtrader XAUUSD,H1: Failed modifying XAGUSD
0	14:49:36.127	trend_dtrader XAUUSD,H1: Failed modifying XAUUSD
0	14:49:36.127	trend_dtrader XAUUSD,H1: Failed modifying XAUUSD
0	14:49:37.107	trend_dtrader XAUUSD,H1: Failed modifying XBRUSD
0	14:49:37.107	trend_dtrader XAUUSD,H1: Failed modifying XBRUSD
0	14:49:38.123	trend_dtrader XAUUSD,H1: Failed modifying XNGUSD
0	14:49:38.123	trend_dtrader XAUUSD,H1: Failed modifying XNGUSD
0	14:49:39.127	trend_dtrader XAUUSD,H1: Failed modifying XRPUSD
0	14:49:39.127	trend_dtrader XAUUSD,H1: Failed modifying XRPUSD
0	14:49:40.196	trend_dtrader XAUUSD,H1: Failed modifying XTIUSD
0	14:49:40.196	trend_dtrader XAUUSD,H1: Failed modifying XTIUSD
0	14:49:41.156	trend_dtrader XAUUSD,H1: Failed modifying AAVEUSD
0	14:49:41.156	trend_dtrader XAUUSD,H1: Failed modifying AAVEUSD
0	14:49:42.120	trend_dtrader XAUUSD,H1: Failed modifying ADAUSD
0	14:49:42.120	trend_dtrader XAUUSD,H1: Failed modifying ADAUSD
0	14:49:43.105	trend_dtrader XAUUSD,H1: Failed modifying ALGOUSD
0	14:49:43.105	trend_dtrader XAUUSD,H1: Failed modifying ALGOUSD
0	14:49:44.099	trend_dtrader XAUUSD,H1: Failed modifying APTUSD
0	14:49:44.099	trend_dtrader XAUUSD,H1: Failed modifying APTUSD
0	14:49:45.147	trend_dtrader XAUUSD,H1: Failed modifying ARBUSD
0	14:49:45.147	trend_dtrader XAUUSD,H1: Failed modifying ARBUSD
0	14:49:46.115	trend_dtrader XAUUSD,H1: Failed modifying ATOMUSD
0	14:49:46.115	trend_dtrader XAUUSD,H1: Failed modifying ATOMUSD
0	14:49:47.196	trend_dtrader XAUUSD,H1: Failed modifying AUDUSD
0	14:49:47.196	trend_dtrader XAUUSD,H1: Failed modifying AUDUSD
0	14:49:48.095	trend_dtrader XAUUSD,H1: Failed modifying AVAXUSD
0	14:49:48.095	trend_dtrader XAUUSD,H1: Failed modifying AVAXUSD
0	14:49:49.131	trend_dtrader XAUUSD,H1: Failed modifying AXSUSD
0	14:49:49.131	trend_dtrader XAUUSD,H1: Failed modifying AXSUSD
0	14:49:50.154	trend_dtrader XAUUSD,H1: Failed modifying BCHUSD
0	14:49:50.154	trend_dtrader XAUUSD,H1: Failed modifying BCHUSD
0	14:49:51.098	trend_dtrader XAUUSD,H1: Failed modifying BNBUSD
0	14:49:51.098	trend_dtrader XAUUSD,H1: Failed modifying BNBUSD
0	14:49:52.107	trend_dtrader XAUUSD,H1: Failed modifying BTCUSD
0	14:49:52.107	trend_dtrader XAUUSD,H1: Failed modifying BTCUSD
0	14:49:53.130	trend_dtrader XAUUSD,H1: Failed modifying DASHUSD
0	14:49:53.130	trend_dtrader XAUUSD,H1: Failed modifying DASHUSD
0	14:49:54.231	trend_dtrader XAUUSD,H1: Failed modifying DOGEUSD
0	14:49:54.231	trend_dtrader XAUUSD,H1: Failed modifying DOGEUSD
0	14:49:55.225	trend_dtrader XAUUSD,H1: Failed modifying DOTUSD
0	14:49:55.225	trend_dtrader XAUUSD,H1: Failed modifying DOTUSD
0	14:49:56.107	trend_dtrader XAUUSD,H1: Failed modifying ETCUSD
0	14:49:56.107	trend_dtrader XAUUSD,H1: Failed modifying ETCUSD
0	14:49:57.117	trend_dtrader XAUUSD,H1: Failed modifying ETHUSD
0	14:49:57.117	trend_dtrader XAUUSD,H1: Failed modifying ETHUSD
0	14:49:58.093	trend_dtrader XAUUSD,H1: Failed modifying EURUSD
0	14:49:58.093	trend_dtrader XAUUSD,H1: Failed modifying EURUSD
0	14:49:59.106	trend_dtrader XAUUSD,H1: Failed modifying FETUSD
0	14:49:59.106	trend_dtrader XAUUSD,H1: Failed modifying FETUSD
0	14:50:00.094	trend_dtrader XAUUSD,H1: Failed modifying FILUSD
0	14:50:00.094	trend_dtrader XAUUSD,H1: Failed modifying FILUSD
0	14:50:01.177	trend_dtrader XAUUSD,H1: Failed modifying FTMUSD
0	14:50:01.177	trend_dtrader XAUUSD,H1: Failed modifying FTMUSD
0	14:50:02.108	trend_dtrader XAUUSD,H1: Failed modifying GBPUSD
0	14:50:02.108	trend_dtrader XAUUSD,H1: Failed modifying GBPUSD
0	14:50:03.094	trend_dtrader XAUUSD,H1: Failed modifying GRTUSD
0	14:50:03.094	trend_dtrader XAUUSD,H1: Failed modifying GRTUSD
0	14:50:04.100	trend_dtrader XAUUSD,H1: Failed modifying ICPUSD
0	14:50:04.100	trend_dtrader XAUUSD,H1: Failed modifying ICPUSD
0	14:50:05.123	trend_dtrader XAUUSD,H1: Failed modifying IOTAUSD
0	14:50:05.123	trend_dtrader XAUUSD,H1: Failed modifying IOTAUSD
0	14:50:06.113	trend_dtrader XAUUSD,H1: Failed modifying LINKUSD
0	14:50:06.113	trend_dtrader XAUUSD,H1: Failed modifying LINKUSD
0	14:50:07.103	trend_dtrader XAUUSD,H1: Failed modifying LRCUSD
0	14:50:07.103	trend_dtrader XAUUSD,H1: Failed modifying LRCUSD
0	14:50:08.094	trend_dtrader XAUUSD,H1: Failed modifying LTCUSD
0	14:50:08.094	trend_dtrader XAUUSD,H1: Failed modifying LTCUSD
0	14:50:09.135	trend_dtrader XAUUSD,H1: Failed modifying MANAUSD
0	14:50:09.135	trend_dtrader XAUUSD,H1: Failed modifying MANAUSD
0	14:50:10.095	trend_dtrader XAUUSD,H1: Failed modifying MATICUSD
0	14:50:10.095	trend_dtrader XAUUSD,H1: Failed modifying MATICUSD
0	14:50:11.103	trend_dtrader XAUUSD,H1: Failed modifying NEARUSD
0	14:50:11.103	trend_dtrader XAUUSD,H1: Failed modifying NEARUSD
0	14:50:12.157	trend_dtrader XAUUSD,H1: Failed modifying NZDUSD
0	14:50:12.157	trend_dtrader XAUUSD,H1: Failed modifying NZDUSD
0	14:50:13.436	trend_dtrader XAUUSD,H1: Failed modifying SOLUSD
0	14:50:13.436	trend_dtrader XAUUSD,H1: Failed modifying SOLUSD
0	14:50:14.128	trend_dtrader XAUUSD,H1: Failed modifying SUIUSD
0	14:50:14.128	trend_dtrader XAUUSD,H1: Failed modifying SUIUSD
0	14:50:15.103	trend_dtrader XAUUSD,H1: Failed modifying TRXUSD
0	14:50:15.103	trend_dtrader XAUUSD,H1: Failed modifying TRXUSD
0	14:50:16.093	trend_dtrader XAUUSD,H1: Failed modifying UNIUSD
0	14:50:16.093	trend_dtrader XAUUSD,H1: Failed modifying UNIUSD
0	14:50:17.115	trend_dtrader XAUUSD,H1: Failed modifying USDCAD
0	14:50:17.115	trend_dtrader XAUUSD,H1: Failed modifying USDCAD
0	14:50:18.123	trend_dtrader XAUUSD,H1: Failed modifying USDCHF
0	14:50:18.123	trend_dtrader XAUUSD,H1: Failed modifying USDCHF
0	14:50:19.191	trend_dtrader XAUUSD,H1: Failed modifying USDJPY
0	14:50:19.191	trend_dtrader XAUUSD,H1: Failed modifying USDJPY
0	14:50:20.119	trend_dtrader XAUUSD,H1: Failed modifying USDMXN
0	14:50:20.119	trend_dtrader XAUUSD,H1: Failed modifying USDMXN
0	14:50:21.094	trend_dtrader XAUUSD,H1: Failed modifying USDZAR
0	14:50:21.094	trend_dtrader XAUUSD,H1: Failed modifying USDZAR
0	14:50:22.101	trend_dtrader XAUUSD,H1: Failed modifying XAGUSD
0	14:50:22.101	trend_dtrader XAUUSD,H1: Failed modifying XAGUSD
0	14:50:23.109	trend_dtrader XAUUSD,H1: Failed modifying XAUUSD
0	14:50:23.109	trend_dtrader XAUUSD,H1: Failed modifying XAUUSD
0	14:50:24.134	trend_dtrader XAUUSD,H1: Failed modifying XBRUSD
0	14:50:24.134	trend_dtrader XAUUSD,H1: Failed modifying XBRUSD
0	14:50:25.138	trend_dtrader XAUUSD,H1: Failed modifying XNGUSD
0	14:50:25.138	trend_dtrader XAUUSD,H1: Failed modifying XNGUSD
0	14:50:26.145	trend_dtrader XAUUSD,H1: Failed modifying XRPUSD
0	14:50:26.145	trend_dtrader XAUUSD,H1: Failed modifying XRPUSD
0	14:50:27.103	trend_dtrader XAUUSD,H1: Failed modifying XTIUSD
0	14:50:28.112	trend_dtrader XAUUSD,H1: Failed modifying AAVEUSD
0	14:50:29.103	trend_dtrader XAUUSD,H1: Failed modifying ADAUSD
0	14:50:30.101	trend_dtrader XAUUSD,H1: Failed modifying ALGOUSD
0	14:50:31.118	trend_dtrader XAUUSD,H1: Failed modifying APTUSD
0	14:50:32.281	trend_dtrader XAUUSD,H1: Failed modifying ARBUSD
0	14:50:32.281	trend_dtrader XAUUSD,H1: Failed modifying ARBUSD
0	14:50:33.096	trend_dtrader XAUUSD,H1: Failed modifying ATOMUSD
0	14:50:34.122	trend_dtrader XAUUSD,H1: Failed modifying AUDUSD
0	14:50:35.095	trend_dtrader XAUUSD,H1: Failed modifying AVAXUSD
0	14:50:36.165	trend_dtrader XAUUSD,H1: Failed modifying AXSUSD
0	14:50:37.112	trend_dtrader XAUUSD,H1: Failed modifying BCHUSD
0	14:50:38.100	trend_dtrader XAUUSD,H1: Failed modifying BNBUSD
0	14:50:39.094	trend_dtrader XAUUSD,H1: Failed modifying BTCUSD
0	14:50:40.436	trend_dtrader XAUUSD,H1: Failed modifying DASHUSD
0	14:50:41.127	trend_dtrader XAUUSD,H1: Failed modifying DOGEUSD
0	14:50:42.102	trend_dtrader XAUUSD,H1: Failed modifying DOTUSD
0	14:50:43.125	trend_dtrader XAUUSD,H1: Failed modifying ETCUSD
0	14:50:44.261	trend_dtrader XAUUSD,H1: Failed modifying ETHUSD
0	14:50:45.094	trend_dtrader XAUUSD,H1: Failed modifying EURUSD
0	14:50:46.116	trend_dtrader XAUUSD,H1: Failed modifying FETUSD
0	14:56:01.141	trend_dtrader XAUUSD,H1: Failed modifying ARBUSD
0	14:56:03.137	trend_dtrader XAUUSD,H1: Failed modifying AUDUSD
0	14:56:04.206	trend_dtrader XAUUSD,H1: Failed modifying AVAXUSD
0	14:56:05.275	trend_dtrader XAUUSD,H1: Failed modifying AXSUSD
0	14:56:06.154	trend_dtrader XAUUSD,H1: Failed modifying BCHUSD
0	15:17:19.422	trend_dtrader XAUUSD,H1: Failed modifying BTCUSD
0	15:17:20.329	trend_dtrader XAUUSD,H1: Failed modifying DASHUSD
0	15:17:21.301	trend_dtrader XAUUSD,H1: Failed modifying DOGEUSD
0	15:17:22.339	trend_dtrader XAUUSD,H1: Failed modifying DOTUSD
0	15:17:23.347	trend_dtrader XAUUSD,H1: Failed modifying ETCUSD
0	15:17:24.289	trend_dtrader XAUUSD,H1: Failed modifying ETHUSD
0	15:17:25.327	trend_dtrader XAUUSD,H1: Failed modifying EURUSD
0	15:17:26.395	trend_dtrader XAUUSD,H1: Failed modifying FETUSD
0	15:17:27.418	trend_dtrader XAUUSD,H1: Failed modifying FILUSD
0	15:17:28.295	trend_dtrader XAUUSD,H1: Failed modifying FTMUSD
0	15:17:29.315	trend_dtrader XAUUSD,H1: Failed modifying GBPUSD
0	15:17:30.304	trend_dtrader XAUUSD,H1: Failed modifying GRTUSD
0	15:17:31.328	trend_dtrader XAUUSD,H1: Failed modifying ICPUSD
0	15:17:32.366	trend_dtrader XAUUSD,H1: Failed modifying IOTAUSD
0	15:17:33.290	trend_dtrader XAUUSD,H1: Failed modifying LINKUSD
0	15:17:34.310	trend_dtrader XAUUSD,H1: Failed modifying LRCUSD
0	15:17:35.316	trend_dtrader XAUUSD,H1: Failed modifying LTCUSD
0	15:17:36.423	trend_dtrader XAUUSD,H1: Failed modifying MANAUSD
0	15:17:37.296	trend_dtrader XAUUSD,H1: Failed modifying MATICUSD
0	15:17:38.347	trend_dtrader XAUUSD,H1: Failed modifying NEARUSD
0	15:17:39.320	trend_dtrader XAUUSD,H1: Failed modifying NZDUSD
0	15:17:40.295	trend_dtrader XAUUSD,H1: Failed modifying SOLUSD
0	15:17:41.300	trend_dtrader XAUUSD,H1: Failed modifying SUIUSD
0	15:17:42.289	trend_dtrader XAUUSD,H1: Failed modifying TRXUSD
0	15:17:43.307	trend_dtrader XAUUSD,H1: Failed modifying UNIUSD
0	15:17:44.434	trend_dtrader XAUUSD,H1: Failed modifying USDCAD
0	15:17:45.456	trend_dtrader XAUUSD,H1: Failed modifying USDCHF
0	15:17:46.303	trend_dtrader XAUUSD,H1: Failed modifying USDJPY
0	15:17:47.530	trend_dtrader XAUUSD,H1: Failed modifying USDMXN
0	15:17:48.428	trend_dtrader XAUUSD,H1: Failed modifying USDZAR
0	15:17:49.324	trend_dtrader XAUUSD,H1: Failed modifying XAGUSD
0	15:17:50.347	trend_dtrader XAUUSD,H1: Failed modifying XAUUSD
0	15:17:51.304	trend_dtrader XAUUSD,H1: Failed modifying XBRUSD
0	15:17:52.309	trend_dtrader XAUUSD,H1: Failed modifying XNGUSD
0	15:17:53.363	trend_dtrader XAUUSD,H1: Failed modifying XRPUSD
0	15:17:54.449	trend_dtrader XAUUSD,H1: Failed modifying XTIUSD
0	15:17:55.423	trend_dtrader XAUUSD,H1: Failed modifying AAVEUSD
0	15:17:56.333	trend_dtrader XAUUSD,H1: Failed modifying ADAUSD
0	15:17:57.295	trend_dtrader XAUUSD,H1: Failed modifying ALGOUSD
0	15:17:58.317	trend_dtrader XAUUSD,H1: Failed modifying APTUSD
0	15:17:59.289	trend_dtrader XAUUSD,H1: Failed modifying ARBUSD
0	15:18:00.309	trend_dtrader XAUUSD,H1: Failed modifying ATOMUSD
0	15:18:01.318	trend_dtrader XAUUSD,H1: Failed modifying AUDUSD
0	15:18:02.310	trend_dtrader XAUUSD,H1: Failed modifying AVAXUSD
0	15:18:03.300	trend_dtrader XAUUSD,H1: Failed modifying AXSUSD
0	15:18:04.288	trend_dtrader XAUUSD,H1: Failed modifying BCHUSD
0	15:18:05.294	trend_dtrader XAUUSD,H1: Failed modifying BNBUSD
0	15:18:06.299	trend_dtrader XAUUSD,H1: Failed modifying BTCUSD
0	15:18:07.338	trend_dtrader XAUUSD,H1: Failed modifying DASHUSD
0	15:18:08.296	trend_dtrader XAUUSD,H1: Failed modifying DOGEUSD
0	15:18:09.348	trend_dtrader XAUUSD,H1: Failed modifying DOTUSD
0	15:18:10.306	trend_dtrader XAUUSD,H1: Failed modifying ETCUSD
0	15:18:11.313	trend_dtrader XAUUSD,H1: Failed modifying ETHUSD
0	15:18:12.306	trend_dtrader XAUUSD,H1: Failed modifying EURUSD
0	15:18:13.295	trend_dtrader XAUUSD,H1: Failed modifying FETUSD
0	15:18:14.303	trend_dtrader XAUUSD,H1: Failed modifying FILUSD
0	15:18:15.357	trend_dtrader XAUUSD,H1: Failed modifying FTMUSD
0	15:18:16.300	trend_dtrader XAUUSD,H1: Failed modifying GBPUSD
0	15:18:17.290	trend_dtrader XAUUSD,H1: Failed modifying GRTUSD
0	15:18:18.310	trend_dtrader XAUUSD,H1: Failed modifying ICPUSD
0	15:18:19.317	trend_dtrader XAUUSD,H1: Failed modifying IOTAUSD
0	15:18:20.305	trend_dtrader XAUUSD,H1: Failed modifying LINKUSD
0	15:18:21.310	trend_dtrader XAUUSD,H1: Failed modifying LRCUSD
0	15:18:22.300	trend_dtrader XAUUSD,H1: Failed modifying LTCUSD
0	15:18:23.307	trend_dtrader XAUUSD,H1: Failed modifying MANAUSD
0	15:18:24.299	trend_dtrader XAUUSD,H1: Failed modifying MATICUSD
0	15:18:25.478	trend_dtrader XAUUSD,H1: Failed modifying NEARUSD
0	15:18:26.297	trend_dtrader XAUUSD,H1: Failed modifying NZDUSD
0	15:18:27.320	trend_dtrader XAUUSD,H1: Failed modifying SOLUSD
0	15:18:28.291	trend_dtrader XAUUSD,H1: Failed modifying SUIUSD
0	15:18:29.296	trend_dtrader XAUUSD,H1: Failed modifying TRXUSD
0	15:18:30.288	trend_dtrader XAUUSD,H1: Failed modifying UNIUSD
0	15:18:31.296	trend_dtrader XAUUSD,H1: Failed modifying USDCAD
0	15:18:32.299	trend_dtrader XAUUSD,H1: Failed modifying USDCHF
0	15:18:33.306	trend_dtrader XAUUSD,H1: Failed modifying USDJPY
0	15:18:34.311	trend_dtrader XAUUSD,H1: Failed modifying USDMXN
0	15:18:35.300	trend_dtrader XAUUSD,H1: Failed modifying USDZAR
0	15:18:36.321	trend_dtrader XAUUSD,H1: Failed modifying XAGUSD
0	15:18:37.311	trend_dtrader XAUUSD,H1: Failed modifying XAUUSD
0	15:18:38.315	trend_dtrader XAUUSD,H1: Failed modifying XBRUSD
0	15:18:39.308	trend_dtrader XAUUSD,H1: Failed modifying XNGUSD
0	15:18:40.487	trend_dtrader XAUUSD,H1: Failed modifying XRPUSD
0	15:18:41.318	trend_dtrader XAUUSD,H1: Failed modifying XTIUSD
0	15:18:42.322	trend_dtrader XAUUSD,H1: Failed modifying AAVEUSD
0	15:18:43.297	trend_dtrader XAUUSD,H1: Failed modifying ADAUSD
0	15:18:44.306	trend_dtrader XAUUSD,H1: Failed modifying ALGOUSD
0	15:18:45.329	trend_dtrader XAUUSD,H1: Failed modifying APTUSD
0	15:18:46.337	trend_dtrader XAUUSD,H1: Failed modifying ARBUSD
0	15:18:47.293	trend_dtrader XAUUSD,H1: Failed modifying ATOMUSD
0	15:18:48.314	trend_dtrader XAUUSD,H1: Failed modifying AUDUSD
0	15:18:49.290	trend_dtrader XAUUSD,H1: Failed modifying AVAXUSD
0	15:18:50.293	trend_dtrader XAUUSD,H1: Failed modifying AXSUSD
0	15:18:51.391	trend_dtrader XAUUSD,H1: Failed modifying BCHUSD
0	15:18:52.316	trend_dtrader XAUUSD,H1: Failed modifying BNBUSD
0	15:18:53.337	trend_dtrader XAUUSD,H1: Failed modifying BTCUSD
0	15:18:54.295	trend_dtrader XAUUSD,H1: Failed modifying DASHUSD
0	15:18:55.380	trend_dtrader XAUUSD,H1: Failed modifying DOGEUSD
0	15:18:56.402	trend_dtrader XAUUSD,H1: Failed modifying DOTUSD
0	15:19:01.427	trend_dtrader XAUUSD,H1: Failed modifying FILUSD
0	15:19:02.307	trend_dtrader XAUUSD,H1: Failed modifying FTMUSD
0	15:19:03.404	trend_dtrader XAUUSD,H1: Failed modifying GBPUSD
0	15:19:04.298	trend_dtrader XAUUSD,H1: Failed modifying GRTUSD
0	15:19:05.461	trend_dtrader XAUUSD,H1: Failed modifying ICPUSD
0	15:19:06.291	trend_dtrader XAUUSD,H1: Failed modifying IOTAUSD
0	15:19:07.312	trend_dtrader XAUUSD,H1: Failed modifying LINKUSD
0	15:19:08.302	trend_dtrader XAUUSD,H1: Failed modifying LRCUSD
0	15:19:09.383	trend_dtrader XAUUSD,H1: Failed modifying LTCUSD
0	15:19:10.327	trend_dtrader XAUUSD,H1: Failed modifying MANAUSD
0	15:19:11.302	trend_dtrader XAUUSD,H1: Failed modifying MATICUSD
0	15:19:12.292	trend_dtrader XAUUSD,H1: Failed modifying NEARUSD
0	15:19:13.345	trend_dtrader XAUUSD,H1: Failed modifying NZDUSD
0	15:19:14.492	trend_dtrader XAUUSD,H1: Failed modifying SOLUSD
0	15:19:15.314	trend_dtrader XAUUSD,H1: Failed modifying SUIUSD
0	15:19:16.288	trend_dtrader XAUUSD,H1: Failed modifying TRXUSD
0	15:19:17.296	trend_dtrader XAUUSD,H1: Failed modifying UNIUSD
0	15:19:18.302	trend_dtrader XAUUSD,H1: Failed modifying USDCAD
0	15:19:19.293	trend_dtrader XAUUSD,H1: Failed modifying USDCHF
0	15:19:20.315	trend_dtrader XAUUSD,H1: Failed modifying USDJPY
0	15:19:21.288	trend_dtrader XAUUSD,H1: Failed modifying USDMXN
0	15:19:22.312	trend_dtrader XAUUSD,H1: Failed modifying USDZAR
0	15:19:23.317	trend_dtrader XAUUSD,H1: Failed modifying XAGUSD
0	15:19:24.293	trend_dtrader XAUUSD,H1: Failed modifying XAUUSD
0	15:19:25.301	trend_dtrader XAUUSD,H1: Failed modifying XBRUSD
0	15:19:26.307	trend_dtrader XAUUSD,H1: Failed modifying XNGUSD
0	15:19:27.298	trend_dtrader XAUUSD,H1: Failed modifying XRPUSD
0	15:19:30.345	trend_dtrader XAUUSD,H1: Failed modifying ADAUSD
0	15:19:31.303	trend_dtrader XAUUSD,H1: Failed modifying ALGOUSD
0	15:19:32.291	trend_dtrader XAUUSD,H1: Failed modifying APTUSD
0	15:19:33.313	trend_dtrader XAUUSD,H1: Failed modifying ARBUSD
0	15:19:35.329	trend_dtrader XAUUSD,H1: Failed modifying AUDUSD
0	15:19:36.287	trend_dtrader XAUUSD,H1: Failed modifying AVAXUSD
0	15:19:54.346	trend_dtrader XAUUSD,H1: Failed modifying LINKUSD
0	15:20:12.649	trend_dtrader XAUUSD,H1: Failed modifying XBRUSD
0	15:20:13.466	trend_dtrader XAUUSD,H1: Failed modifying XNGUSD
0	15:20:14.344	trend_dtrader XAUUSD,H1: Failed modifying XRPUSD
0	15:20:15.441	trend_dtrader XAUUSD,H1: Failed modifying XTIUSD
0	15:20:16.300	trend_dtrader XAUUSD,H1: Failed modifying AAVEUSD
0	15:20:17.300	trend_dtrader XAUUSD,H1: Failed modifying ADAUSD
0	15:20:18.301	trend_dtrader XAUUSD,H1: Failed modifying ALGOUSD
0	15:20:28.379	trend_dtrader XAUUSD,H1: Failed modifying DASHUSD
0	15:20:29.320	trend_dtrader XAUUSD,H1: Failed modifying DOGEUSD
0	15:20:30.357	trend_dtrader XAUUSD,H1: Failed modifying DOTUSD
0	15:20:31.422	trend_dtrader XAUUSD,H1: Failed modifying ETCUSD
0	15:20:32.307	trend_dtrader XAUUSD,H1: Failed modifying ETHUSD
0	15:20:33.287	trend_dtrader XAUUSD,H1: Failed modifying EURUSD
0	15:20:34.309	trend_dtrader XAUUSD,H1: Failed modifying FETUSD
0	15:20:35.351	trend_dtrader XAUUSD,H1: Failed modifying FILUSD
0	15:20:36.310	trend_dtrader XAUUSD,H1: Failed modifying FTMUSD
0	15:20:37.299	trend_dtrader XAUUSD,H1: Failed modifying GBPUSD
0	15:20:38.288	trend_dtrader XAUUSD,H1: Failed modifying GRTUSD
0	15:20:39.436	trend_dtrader XAUUSD,H1: Failed modifying ICPUSD
0	15:20:40.287	trend_dtrader XAUUSD,H1: Failed modifying IOTAUSD
0	15:20:41.288	trend_dtrader XAUUSD,H1: Failed modifying LINKUSD
0	15:20:42.608	trend_dtrader XAUUSD,H1: Failed modifying LRCUSD
0	15:20:43.299	trend_dtrader XAUUSD,H1: Failed modifying LTCUSD
0	15:20:44.290	trend_dtrader XAUUSD,H1: Failed modifying MANAUSD
0	15:20:45.370	trend_dtrader XAUUSD,H1: Failed modifying MATICUSD
0	15:20:46.345	trend_dtrader XAUUSD,H1: Failed modifying NEARUSD
0	15:20:47.488	trend_dtrader XAUUSD,H1: Failed modifying NZDUSD
0	15:20:48.696	trend_dtrader XAUUSD,H1: Failed modifying SOLUSD
0	15:20:49.368	trend_dtrader XAUUSD,H1: Failed modifying SUIUSD
0	15:20:50.341	trend_dtrader XAUUSD,H1: Failed modifying TRXUSD
0	15:20:51.406	trend_dtrader XAUUSD,H1: Failed modifying UNIUSD
0	15:20:52.299	trend_dtrader XAUUSD,H1: Failed modifying USDCAD
0	15:20:53.570	trend_dtrader XAUUSD,H1: Failed modifying USDCHF
0	15:20:54.295	trend_dtrader XAUUSD,H1: Failed modifying USDJPY
0	15:20:55.346	trend_dtrader XAUUSD,H1: Failed modifying USDMXN
0	15:20:56.289	trend_dtrader XAUUSD,H1: Failed modifying USDZAR
0	15:20:57.296	trend_dtrader XAUUSD,H1: Failed modifying XAGUSD
0	15:20:58.320	trend_dtrader XAUUSD,H1: Failed modifying XAUUSD
0	15:20:59.310	trend_dtrader XAUUSD,H1: Failed modifying XBRUSD
0	15:21:00.302	trend_dtrader XAUUSD,H1: Failed modifying XNGUSD
0	15:21:01.309	trend_dtrader XAUUSD,H1: Failed modifying XRPUSD
0	15:21:02.505	trend_dtrader XAUUSD,H1: Failed modifying XTIUSD
0	15:21:03.290	trend_dtrader XAUUSD,H1: Failed modifying AAVEUSD
0	15:21:04.299	trend_dtrader XAUUSD,H1: Failed modifying ADAUSD
0	15:21:05.402	trend_dtrader XAUUSD,H1: Failed modifying ALGOUSD
0	15:21:06.314	trend_dtrader XAUUSD,H1: Failed modifying APTUSD
0	15:21:07.380	trend_dtrader XAUUSD,H1: Failed modifying ARBUSD
0	15:21:08.292	trend_dtrader XAUUSD,H1: Failed modifying ATOMUSD
0	15:21:09.316	trend_dtrader XAUUSD,H1: Failed modifying AUDUSD
0	15:21:10.307	trend_dtrader XAUUSD,H1: Failed modifying AVAXUSD
0	15:21:11.409	trend_dtrader XAUUSD,H1: Failed modifying AXSUSD
0	15:21:12.288	trend_dtrader XAUUSD,H1: Failed modifying BCHUSD
0	15:21:13.320	trend_dtrader XAUUSD,H1: Failed modifying BNBUSD
0	15:21:14.295	trend_dtrader XAUUSD,H1: Failed modifying BTCUSD
0	15:21:15.313	trend_dtrader XAUUSD,H1: Failed modifying DASHUSD
0	15:21:16.351	trend_dtrader XAUUSD,H1: Failed modifying DOGEUSD
0	15:21:17.306	trend_dtrader XAUUSD,H1: Failed modifying DOTUSD
0	15:21:18.311	trend_dtrader XAUUSD,H1: Failed modifying ETCUSD
0	15:21:19.552	trend_dtrader XAUUSD,H1: Failed modifying ETHUSD
0	15:21:20.292	trend_dtrader XAUUSD,H1: Failed modifying EURUSD
0	15:21:21.298	trend_dtrader XAUUSD,H1: Failed modifying FETUSD
0	15:21:22.289	trend_dtrader XAUUSD,H1: Failed modifying FILUSD
0	15:21:23.295	trend_dtrader XAUUSD,H1: Failed modifying FTMUSD
0	15:21:24.302	trend_dtrader XAUUSD,H1: Failed modifying GBPUSD
0	15:21:25.293	trend_dtrader XAUUSD,H1: Failed modifying GRTUSD
0	15:21:26.388	trend_dtrader XAUUSD,H1: Failed modifying ICPUSD
0	15:21:27.334	trend_dtrader XAUUSD,H1: Failed modifying IOTAUSD
0	15:21:28.293	trend_dtrader XAUUSD,H1: Failed modifying LINKUSD
0	15:21:29.313	trend_dtrader XAUUSD,H1: Failed modifying LRCUSD
0	15:21:30.337	trend_dtrader XAUUSD,H1: Failed modifying LTCUSD
0	15:21:31.294	trend_dtrader XAUUSD,H1: Failed modifying MANAUSD
0	15:21:32.300	trend_dtrader XAUUSD,H1: Failed modifying MATICUSD
0	15:21:33.304	trend_dtrader XAUUSD,H1: Failed modifying NEARUSD
0	15:21:34.294	trend_dtrader XAUUSD,H1: Failed modifying NZDUSD
0	15:21:35.330	trend_dtrader XAUUSD,H1: Failed modifying SOLUSD
0	15:21:36.290	trend_dtrader XAUUSD,H1: Failed modifying SUIUSD
0	15:21:37.310	trend_dtrader XAUUSD,H1: Failed modifying TRXUSD
0	15:21:38.286	trend_dtrader XAUUSD,H1: Failed modifying UNIUSD
0	15:21:39.319	trend_dtrader XAUUSD,H1: Failed modifying USDCAD
0	15:21:40.296	trend_dtrader XAUUSD,H1: Failed modifying USDCHF
0	15:21:41.333	trend_dtrader XAUUSD,H1: Failed modifying USDJPY
0	15:21:42.292	trend_dtrader XAUUSD,H1: Failed modifying USDMXN
0	15:21:43.348	trend_dtrader XAUUSD,H1: Failed modifying USDZAR
0	15:21:44.370	trend_dtrader XAUUSD,H1: Failed modifying XAGUSD
0	15:21:45.317	trend_dtrader XAUUSD,H1: Failed modifying XAUUSD
0	15:21:46.293	trend_dtrader XAUUSD,H1: Failed modifying XBRUSD
0	15:21:47.297	trend_dtrader XAUUSD,H1: Failed modifying XNGUSD
0	15:21:48.287	trend_dtrader XAUUSD,H1: Failed modifying XRPUSD
0	15:21:49.307	trend_dtrader XAUUSD,H1: Failed modifying XTIUSD
0	15:21:50.366	trend_dtrader XAUUSD,H1: Failed modifying AAVEUSD
0	15:21:51.294	trend_dtrader XAUUSD,H1: Failed modifying ADAUSD
0	15:21:52.433	trend_dtrader XAUUSD,H1: Failed modifying ALGOUSD
0	15:21:53.311	trend_dtrader XAUUSD,H1: Failed modifying APTUSD
0	15:21:54.494	trend_dtrader XAUUSD,H1: Failed modifying ARBUSD
0	15:21:55.348	trend_dtrader XAUUSD,H1: Failed modifying ATOMUSD
0	15:21:56.526	trend_dtrader XAUUSD,H1: Failed modifying AUDUSD
0	15:21:57.453	trend_dtrader XAUUSD,H1: Failed modifying AVAXUSD
0	15:21:58.366	trend_dtrader XAUUSD,H1: Failed modifying AXSUSD
0	15:21:59.301	trend_dtrader XAUUSD,H1: Failed modifying BCHUSD
0	15:22:00.337	trend_dtrader XAUUSD,H1: Failed modifying BNBUSD
0	15:22:01.296	trend_dtrader XAUUSD,H1: Failed modifying BTCUSD
0	15:22:02.310	trend_dtrader XAUUSD,H1: Failed modifying DASHUSD
0	15:22:03.300	trend_dtrader XAUUSD,H1: Failed modifying DOGEUSD
0	15:22:04.309	trend_dtrader XAUUSD,H1: Failed modifying DOTUSD
0	15:22:05.348	trend_dtrader XAUUSD,H1: Failed modifying ETCUSD
0	15:22:06.308	trend_dtrader XAUUSD,H1: Failed modifying ETHUSD
0	15:22:07.377	trend_dtrader XAUUSD,H1: Failed modifying EURUSD
0	15:22:08.337	trend_dtrader XAUUSD,H1: Failed modifying FETUSD
0	15:22:09.299	trend_dtrader XAUUSD,H1: Failed modifying FILUSD
0	15:22:10.321	trend_dtrader XAUUSD,H1: Failed modifying FTMUSD
0	15:22:11.293	trend_dtrader XAUUSD,H1: Failed modifying GBPUSD
0	15:22:12.285	trend_dtrader XAUUSD,H1: Failed modifying GRTUSD
0	15:22:13.369	trend_dtrader XAUUSD,H1: Failed modifying ICPUSD
0	15:22:14.296	trend_dtrader XAUUSD,H1: Failed modifying IOTAUSD
0	15:22:15.320	trend_dtrader XAUUSD,H1: Failed modifying LINKUSD
0	15:22:16.327	trend_dtrader XAUUSD,H1: Failed modifying LRCUSD
0	15:22:17.287	trend_dtrader XAUUSD,H1: Failed modifying LTCUSD
0	15:22:18.291	trend_dtrader XAUUSD,H1: Failed modifying MANAUSD
0	15:22:19.299	trend_dtrader XAUUSD,H1: Failed modifying MATICUSD
0	15:22:20.307	trend_dtrader XAUUSD,H1: Failed modifying NEARUSD
0	15:22:21.351	trend_dtrader XAUUSD,H1: Failed modifying NZDUSD
0	15:22:22.308	trend_dtrader XAUUSD,H1: Failed modifying SOLUSD
0	15:22:23.298	trend_dtrader XAUUSD,H1: Failed modifying SUIUSD
0	15:22:24.320	trend_dtrader XAUUSD,H1: Failed modifying TRXUSD
0	15:22:25.333	trend_dtrader XAUUSD,H1: Failed modifying UNIUSD
0	15:22:26.294	trend_dtrader XAUUSD,H1: Failed modifying USDCAD
0	15:22:27.286	trend_dtrader XAUUSD,H1: Failed modifying USDCHF
0	15:22:28.341	trend_dtrader XAUUSD,H1: Failed modifying USDJPY
0	15:22:29.333	trend_dtrader XAUUSD,H1: Failed modifying USDMXN
0	15:22:30.293	trend_dtrader XAUUSD,H1: Failed modifying USDZAR
0	15:22:31.297	trend_dtrader XAUUSD,H1: Failed modifying XAGUSD
0	15:22:32.292	trend_dtrader XAUUSD,H1: Failed modifying XAUUSD
0	15:22:33.299	trend_dtrader XAUUSD,H1: Failed modifying XBRUSD
0	15:22:34.371	trend_dtrader XAUUSD,H1: Failed modifying XNGUSD
0	15:22:35.296	trend_dtrader XAUUSD,H1: Failed modifying XRPUSD
0	15:22:36.290	trend_dtrader XAUUSD,H1: Failed modifying XTIUSD
0	15:22:37.298	trend_dtrader XAUUSD,H1: Failed modifying AAVEUSD
0	15:22:38.292	trend_dtrader XAUUSD,H1: Failed modifying ADAUSD
0	15:22:39.315	trend_dtrader XAUUSD,H1: Failed modifying ALGOUSD
0	15:22:40.304	trend_dtrader XAUUSD,H1: Failed modifying APTUSD
0	15:22:41.313	trend_dtrader XAUUSD,H1: Failed modifying ARBUSD
0	15:22:42.304	trend_dtrader XAUUSD,H1: Failed modifying ATOMUSD
0	15:22:43.322	trend_dtrader XAUUSD,H1: Failed modifying AUDUSD
0	15:22:44.300	trend_dtrader XAUUSD,H1: Failed modifying AVAXUSD
0	15:22:45.304	trend_dtrader XAUUSD,H1: Failed modifying AXSUSD
0	15:22:46.326	trend_dtrader XAUUSD,H1: Failed modifying BCHUSD
0	15:22:47.329	trend_dtrader XAUUSD,H1: Failed modifying BNBUSD
0	15:22:48.303	trend_dtrader XAUUSD,H1: Failed modifying BTCUSD
0	15:22:49.310	trend_dtrader XAUUSD,H1: Failed modifying DASHUSD
0	15:22:49.310	trend_dtrader XAUUSD,H1: Failed modifying DASHUSD
0	15:22:50.302	trend_dtrader XAUUSD,H1: Failed modifying DOGEUSD
0	15:22:50.302	trend_dtrader XAUUSD,H1: Failed modifying DOGEUSD
0	15:22:51.326	trend_dtrader XAUUSD,H1: Failed modifying DOTUSD
0	15:22:52.300	trend_dtrader XAUUSD,H1: Failed modifying ETCUSD
0	15:22:52.300	trend_dtrader XAUUSD,H1: Failed modifying ETCUSD
0	15:22:53.384	trend_dtrader XAUUSD,H1: Failed modifying ETHUSD
0	15:22:53.384	trend_dtrader XAUUSD,H1: Failed modifying ETHUSD
0	15:22:54.329	trend_dtrader XAUUSD,H1: Failed modifying EURUSD
0	15:22:54.329	trend_dtrader XAUUSD,H1: Failed modifying EURUSD
0	15:22:55.325	trend_dtrader XAUUSD,H1: Failed modifying FETUSD
0	15:22:55.325	trend_dtrader XAUUSD,H1: Failed modifying FETUSD
0	15:22:56.315	trend_dtrader XAUUSD,H1: Failed modifying FILUSD
0	15:22:56.315	trend_dtrader XAUUSD,H1: Failed modifying FILUSD
0	15:22:57.307	trend_dtrader XAUUSD,H1: Failed modifying FTMUSD
0	15:22:57.307	trend_dtrader XAUUSD,H1: Failed modifying FTMUSD
0	15:22:58.326	trend_dtrader XAUUSD,H1: Failed modifying GBPUSD
0	15:22:58.326	trend_dtrader XAUUSD,H1: Failed modifying GBPUSD
0	15:22:59.317	trend_dtrader XAUUSD,H1: Failed modifying GRTUSD
0	15:22:59.317	trend_dtrader XAUUSD,H1: Failed modifying GRTUSD
0	15:23:00.327	trend_dtrader XAUUSD,H1: Failed modifying ICPUSD
0	15:23:00.327	trend_dtrader XAUUSD,H1: Failed modifying ICPUSD
0	15:23:01.300	trend_dtrader XAUUSD,H1: Failed modifying IOTAUSD
0	15:23:01.300	trend_dtrader XAUUSD,H1: Failed modifying IOTAUSD
0	15:23:02.325	trend_dtrader XAUUSD,H1: Failed modifying LINKUSD
0	15:23:02.325	trend_dtrader XAUUSD,H1: Failed modifying LINKUSD
0	15:23:03.427	trend_dtrader XAUUSD,H1: Failed modifying LRCUSD
0	15:23:03.427	trend_dtrader XAUUSD,H1: Failed modifying LRCUSD
0	15:23:04.336	trend_dtrader XAUUSD,H1: Failed modifying LTCUSD
0	15:23:04.336	trend_dtrader XAUUSD,H1: Failed modifying LTCUSD
0	15:23:05.325	trend_dtrader XAUUSD,H1: Failed modifying MANAUSD
0	15:23:05.325	trend_dtrader XAUUSD,H1: Failed modifying MANAUSD
0	15:23:06.473	trend_dtrader XAUUSD,H1: Failed modifying MATICUSD
0	15:23:06.473	trend_dtrader XAUUSD,H1: Failed modifying MATICUSD
0	15:23:07.336	trend_dtrader XAUUSD,H1: Failed modifying NEARUSD
0	15:23:07.336	trend_dtrader XAUUSD,H1: Failed modifying NEARUSD
0	15:23:08.331	trend_dtrader XAUUSD,H1: Failed modifying NZDUSD
0	15:23:08.331	trend_dtrader XAUUSD,H1: Failed modifying NZDUSD
0	15:23:09.304	trend_dtrader XAUUSD,H1: Failed modifying SOLUSD
0	15:23:09.304	trend_dtrader XAUUSD,H1: Failed modifying SOLUSD
0	15:23:10.314	trend_dtrader XAUUSD,H1: Failed modifying SUIUSD
0	15:23:10.314	trend_dtrader XAUUSD,H1: Failed modifying SUIUSD
0	15:23:11.303	trend_dtrader XAUUSD,H1: Failed modifying TRXUSD
0	15:23:11.303	trend_dtrader XAUUSD,H1: Failed modifying TRXUSD
0	15:23:12.314	trend_dtrader XAUUSD,H1: Failed modifying UNIUSD
0	15:23:12.314	trend_dtrader XAUUSD,H1: Failed modifying UNIUSD
0	15:23:13.349	trend_dtrader XAUUSD,H1: Failed modifying USDCAD
0	15:23:13.349	trend_dtrader XAUUSD,H1: Failed modifying USDCAD
0	15:23:14.386	trend_dtrader XAUUSD,H1: Failed modifying USDCHF
0	15:23:14.386	trend_dtrader XAUUSD,H1: Failed modifying USDCHF
0	15:23:15.330	trend_dtrader XAUUSD,H1: Failed modifying USDJPY
0	15:23:15.330	trend_dtrader XAUUSD,H1: Failed modifying USDJPY
0	15:23:16.383	trend_dtrader XAUUSD,H1: Failed modifying USDMXN
0	15:23:16.383	trend_dtrader XAUUSD,H1: Failed modifying USDMXN
0	15:23:17.328	trend_dtrader XAUUSD,H1: Failed modifying USDZAR
0	15:23:17.328	trend_dtrader XAUUSD,H1: Failed modifying USDZAR
0	15:23:18.303	trend_dtrader XAUUSD,H1: Failed modifying XAGUSD
0	15:23:18.303	trend_dtrader XAUUSD,H1: Failed modifying XAGUSD
0	15:23:19.308	trend_dtrader XAUUSD,H1: Failed modifying XAUUSD
0	15:23:19.308	trend_dtrader XAUUSD,H1: Failed modifying XAUUSD
0	15:23:20.316	trend_dtrader XAUUSD,H1: Failed modifying XBRUSD
0	15:23:20.316	trend_dtrader XAUUSD,H1: Failed modifying XBRUSD
0	15:23:21.320	trend_dtrader XAUUSD,H1: Failed modifying XNGUSD
0	15:23:21.320	trend_dtrader XAUUSD,H1: Failed modifying XNGUSD
0	15:23:22.343	trend_dtrader XAUUSD,H1: Failed modifying XRPUSD
0	15:23:22.343	trend_dtrader XAUUSD,H1: Failed modifying XRPUSD
0	15:23:23.333	trend_dtrader XAUUSD,H1: Failed modifying XTIUSD
0	15:23:23.333	trend_dtrader XAUUSD,H1: Failed modifying XTIUSD
0	15:23:24.306	trend_dtrader XAUUSD,H1: Failed modifying AAVEUSD
0	15:23:24.306	trend_dtrader XAUUSD,H1: Failed modifying AAVEUSD
0	15:23:25.422	trend_dtrader XAUUSD,H1: Failed modifying ADAUSD
0	15:23:25.422	trend_dtrader XAUUSD,H1: Failed modifying ADAUSD
0	15:23:26.317	trend_dtrader XAUUSD,H1: Failed modifying ALGOUSD
0	15:23:26.317	trend_dtrader XAUUSD,H1: Failed modifying ALGOUSD
0	15:23:27.305	trend_dtrader XAUUSD,H1: Failed modifying APTUSD
0	15:23:27.305	trend_dtrader XAUUSD,H1: Failed modifying APTUSD
0	15:23:28.345	trend_dtrader XAUUSD,H1: Failed modifying ARBUSD
0	15:23:28.345	trend_dtrader XAUUSD,H1: Failed modifying ARBUSD
0	15:23:29.305	trend_dtrader XAUUSD,H1: Failed modifying ATOMUSD
0	15:23:29.305	trend_dtrader XAUUSD,H1: Failed modifying ATOMUSD
0	15:23:30.342	trend_dtrader XAUUSD,H1: Failed modifying AUDUSD
0	15:23:30.342	trend_dtrader XAUUSD,H1: Failed modifying AUDUSD
0	15:23:31.300	trend_dtrader XAUUSD,H1: Failed modifying AVAXUSD
0	15:23:32.357	trend_dtrader XAUUSD,H1: Failed modifying AXSUSD
0	15:23:33.332	trend_dtrader XAUUSD,H1: Failed modifying BCHUSD
0	15:23:34.325	trend_dtrader XAUUSD,H1: Failed modifying BNBUSD
0	15:23:35.301	trend_dtrader XAUUSD,H1: Failed modifying BTCUSD
0	15:23:36.311	trend_dtrader XAUUSD,H1: Failed modifying DASHUSD
0	15:23:37.304	trend_dtrader XAUUSD,H1: Failed modifying DOGEUSD
0	15:23:38.358	trend_dtrader XAUUSD,H1: Failed modifying DOTUSD
0	15:23:39.319	trend_dtrader XAUUSD,H1: Failed modifying ETCUSD
0	15:23:40.371	trend_dtrader XAUUSD,H1: Failed modifying ETHUSD
0	15:23:41.331	trend_dtrader XAUUSD,H1: Failed modifying EURUSD
0	15:23:42.322	trend_dtrader XAUUSD,H1: Failed modifying FETUSD
0	15:23:43.312	trend_dtrader XAUUSD,H1: Failed modifying FILUSD
0	15:23:44.304	trend_dtrader XAUUSD,H1: Failed modifying FTMUSD
0	15:23:45.299	trend_dtrader XAUUSD,H1: Failed modifying GBPUSD
0	15:23:46.306	trend_dtrader XAUUSD,H1: Failed modifying GRTUSD
0	15:23:47.299	trend_dtrader XAUUSD,H1: Failed modifying ICPUSD
0	15:23:48.306	trend_dtrader XAUUSD,H1: Failed modifying IOTAUSD
0	15:23:49.347	trend_dtrader XAUUSD,H1: Failed modifying LINKUSD
0	15:23:50.386	trend_dtrader XAUUSD,H1: Failed modifying LRCUSD
0	15:23:51.345	trend_dtrader XAUUSD,H1: Failed modifying LTCUSD
0	15:23:52.308	trend_dtrader XAUUSD,H1: Failed modifying MANAUSD
0	15:23:53.314	trend_dtrader XAUUSD,H1: Failed modifying MATICUSD
0	15:23:54.307	trend_dtrader XAUUSD,H1: Failed modifying NEARUSD
0	15:23:55.485	trend_dtrader XAUUSD,H1: Failed modifying NZDUSD
0	15:23:56.354	trend_dtrader XAUUSD,H1: Failed modifying SOLUSD
0	15:23:57.597	trend_dtrader XAUUSD,H1: Failed modifying SUIUSD
0	15:23:58.320	trend_dtrader XAUUSD,H1: Failed modifying TRXUSD
0	15:23:58.320	trend_dtrader XAUUSD,H1: Failed modifying TRXUSD
0	15:23:59.307	trend_dtrader XAUUSD,H1: Failed modifying UNIUSD
0	15:23:59.307	trend_dtrader XAUUSD,H1: Failed modifying UNIUSD
0	15:24:00.377	trend_dtrader XAUUSD,H1: Failed modifying USDCAD
0	15:24:01.304	trend_dtrader XAUUSD,H1: Failed modifying USDCHF
0	15:24:01.304	trend_dtrader XAUUSD,H1: Failed modifying USDCHF
0	15:24:02.312	trend_dtrader XAUUSD,H1: Failed modifying USDJPY
0	15:24:02.312	trend_dtrader XAUUSD,H1: Failed modifying USDJPY
0	15:24:03.411	trend_dtrader XAUUSD,H1: Failed modifying USDMXN
0	15:24:03.411	trend_dtrader XAUUSD,H1: Failed modifying USDMXN
0	15:24:04.339	trend_dtrader XAUUSD,H1: Failed modifying USDZAR
0	15:24:04.339	trend_dtrader XAUUSD,H1: Failed modifying USDZAR
0	15:24:05.300	trend_dtrader XAUUSD,H1: Failed modifying XAGUSD
0	15:24:05.300	trend_dtrader XAUUSD,H1: Failed modifying XAGUSD
0	15:24:06.305	trend_dtrader XAUUSD,H1: Failed modifying XAUUSD
0	15:24:06.305	trend_dtrader XAUUSD,H1: Failed modifying XAUUSD
0	15:24:07.328	trend_dtrader XAUUSD,H1: Failed modifying XBRUSD
0	15:24:07.328	trend_dtrader XAUUSD,H1: Failed modifying XBRUSD
0	15:24:08.366	trend_dtrader XAUUSD,H1: Failed modifying XNGUSD
0	15:24:08.366	trend_dtrader XAUUSD,H1: Failed modifying XNGUSD
0	15:24:09.307	trend_dtrader XAUUSD,H1: Failed modifying XRPUSD
0	15:24:09.307	trend_dtrader XAUUSD,H1: Failed modifying XRPUSD
0	15:24:10.314	trend_dtrader XAUUSD,H1: Failed modifying XTIUSD
0	15:24:10.314	trend_dtrader XAUUSD,H1: Failed modifying XTIUSD
0	15:24:11.727	trend_dtrader XAUUSD,H1: Failed modifying AAVEUSD
0	15:24:11.727	trend_dtrader XAUUSD,H1: Failed modifying AAVEUSD
0	15:24:12.358	trend_dtrader XAUUSD,H1: Failed modifying ADAUSD
0	15:24:12.358	trend_dtrader XAUUSD,H1: Failed modifying ADAUSD
0	15:24:13.302	trend_dtrader XAUUSD,H1: Failed modifying ALGOUSD
0	15:24:13.302	trend_dtrader XAUUSD,H1: Failed modifying ALGOUSD
0	15:24:14.309	trend_dtrader XAUUSD,H1: Failed modifying APTUSD
0	15:24:14.309	trend_dtrader XAUUSD,H1: Failed modifying APTUSD
0	15:24:15.346	trend_dtrader XAUUSD,H1: Failed modifying ARBUSD
0	15:24:15.346	trend_dtrader XAUUSD,H1: Failed modifying ARBUSD
0	15:24:16.355	trend_dtrader XAUUSD,H1: Failed modifying ATOMUSD
0	15:24:16.355	trend_dtrader XAUUSD,H1: Failed modifying ATOMUSD
0	15:24:17.314	trend_dtrader XAUUSD,H1: Failed modifying AUDUSD
0	15:24:17.314	trend_dtrader XAUUSD,H1: Failed modifying AUDUSD
0	15:24:18.323	trend_dtrader XAUUSD,H1: Failed modifying AVAXUSD
0	15:24:18.323	trend_dtrader XAUUSD,H1: Failed modifying AVAXUSD
0	15:24:19.312	trend_dtrader XAUUSD,H1: Failed modifying AXSUSD
0	15:24:19.312	trend_dtrader XAUUSD,H1: Failed modifying AXSUSD
0	15:24:20.368	trend_dtrader XAUUSD,H1: Failed modifying BCHUSD
0	15:24:20.368	trend_dtrader XAUUSD,H1: Failed modifying BCHUSD
0	15:24:21.357	trend_dtrader XAUUSD,H1: Failed modifying BNBUSD
0	15:24:21.357	trend_dtrader XAUUSD,H1: Failed modifying BNBUSD
0	15:24:22.302	trend_dtrader XAUUSD,H1: Failed modifying BTCUSD
0	15:24:22.302	trend_dtrader XAUUSD,H1: Failed modifying BTCUSD
0	15:24:23.323	trend_dtrader XAUUSD,H1: Failed modifying DASHUSD
0	15:24:23.323	trend_dtrader XAUUSD,H1: Failed modifying DASHUSD
0	15:24:24.330	trend_dtrader XAUUSD,H1: Failed modifying DOGEUSD
0	15:24:24.330	trend_dtrader XAUUSD,H1: Failed modifying DOGEUSD
0	15:24:25.322	trend_dtrader XAUUSD,H1: Failed modifying DOTUSD
0	15:24:25.322	trend_dtrader XAUUSD,H1: Failed modifying DOTUSD
0	15:24:26.344	trend_dtrader XAUUSD,H1: Failed modifying ETCUSD
0	15:24:26.344	trend_dtrader XAUUSD,H1: Failed modifying ETCUSD
0	15:24:27.332	trend_dtrader XAUUSD,H1: Failed modifying ETHUSD
0	15:24:27.332	trend_dtrader XAUUSD,H1: Failed modifying ETHUSD
0	15:24:28.308	trend_dtrader XAUUSD,H1: Failed modifying EURUSD
0	15:24:28.308	trend_dtrader XAUUSD,H1: Failed modifying EURUSD
0	15:24:29.331	trend_dtrader XAUUSD,H1: Failed modifying FETUSD
0	15:24:29.331	trend_dtrader XAUUSD,H1: Failed modifying FETUSD
0	15:24:30.306	trend_dtrader XAUUSD,H1: Failed modifying FILUSD
0	15:24:30.306	trend_dtrader XAUUSD,H1: Failed modifying FILUSD
0	15:24:31.313	trend_dtrader XAUUSD,H1: Failed modifying FTMUSD
0	15:24:31.313	trend_dtrader XAUUSD,H1: Failed modifying FTMUSD
0	15:24:32.348	trend_dtrader XAUUSD,H1: Failed modifying GBPUSD
0	15:24:32.348	trend_dtrader XAUUSD,H1: Failed modifying GBPUSD
0	15:24:33.307	trend_dtrader XAUUSD,H1: Failed modifying GRTUSD
0	15:24:33.307	trend_dtrader XAUUSD,H1: Failed modifying GRTUSD
0	15:24:34.327	trend_dtrader XAUUSD,H1: Failed modifying ICPUSD
0	15:24:34.327	trend_dtrader XAUUSD,H1: Failed modifying ICPUSD
0	15:24:35.384	trend_dtrader XAUUSD,H1: Failed modifying IOTAUSD
0	15:24:35.384	trend_dtrader XAUUSD,H1: Failed modifying IOTAUSD
0	15:24:36.487	trend_dtrader XAUUSD,H1: Failed modifying LINKUSD
0	15:24:36.487	trend_dtrader XAUUSD,H1: Failed modifying LINKUSD
0	15:24:37.319	trend_dtrader XAUUSD,H1: Failed modifying LRCUSD
0	15:24:37.319	trend_dtrader XAUUSD,H1: Failed modifying LRCUSD
0	15:24:38.376	trend_dtrader XAUUSD,H1: Failed modifying LTCUSD
0	15:24:38.376	trend_dtrader XAUUSD,H1: Failed modifying LTCUSD
0	15:24:39.318	trend_dtrader XAUUSD,H1: Failed modifying MANAUSD
0	15:24:39.318	trend_dtrader XAUUSD,H1: Failed modifying MANAUSD
0	15:24:40.339	trend_dtrader XAUUSD,H1: Failed modifying MATICUSD
0	15:24:40.339	trend_dtrader XAUUSD,H1: Failed modifying MATICUSD
0	15:24:41.300	trend_dtrader XAUUSD,H1: Failed modifying NEARUSD
0	15:24:41.300	trend_dtrader XAUUSD,H1: Failed modifying NEARUSD
0	15:24:42.305	trend_dtrader XAUUSD,H1: Failed modifying NZDUSD
0	15:24:42.305	trend_dtrader XAUUSD,H1: Failed modifying NZDUSD
0	15:24:43.325	trend_dtrader XAUUSD,H1: Failed modifying SOLUSD
0	15:24:43.325	trend_dtrader XAUUSD,H1: Failed modifying SOLUSD
0	15:24:44.538	trend_dtrader XAUUSD,H1: Failed modifying SUIUSD
0	15:24:44.538	trend_dtrader XAUUSD,H1: Failed modifying SUIUSD
0	15:24:45.359	trend_dtrader XAUUSD,H1: Failed modifying TRXUSD
0	15:24:46.304	trend_dtrader XAUUSD,H1: Failed modifying UNIUSD
0	15:24:47.311	trend_dtrader XAUUSD,H1: Failed modifying USDCAD
0	15:24:48.300	trend_dtrader XAUUSD,H1: Failed modifying USDCHF
0	15:24:49.305	trend_dtrader XAUUSD,H1: Failed modifying USDJPY
0	15:24:50.311	trend_dtrader XAUUSD,H1: Failed modifying USDMXN
0	15:24:50.311	trend_dtrader XAUUSD,H1: Failed modifying USDMXN
0	15:24:51.365	trend_dtrader XAUUSD,H1: Failed modifying USDZAR
0	15:24:52.309	trend_dtrader XAUUSD,H1: Failed modifying XAGUSD
0	15:24:53.382	trend_dtrader XAUUSD,H1: Failed modifying XAUUSD
0	15:24:54.327	trend_dtrader XAUUSD,H1: Failed modifying XBRUSD
0	15:24:55.354	trend_dtrader XAUUSD,H1: Failed modifying XNGUSD
0	15:24:56.345	trend_dtrader XAUUSD,H1: Failed modifying XRPUSD
0	15:24:57.349	trend_dtrader XAUUSD,H1: Failed modifying XTIUSD
0	15:24:58.324	trend_dtrader XAUUSD,H1: Failed modifying AAVEUSD
0	15:24:59.330	trend_dtrader XAUUSD,H1: Failed modifying ADAUSD
0	15:25:00.357	trend_dtrader XAUUSD,H1: Failed modifying ALGOUSD
0	15:25:01.318	trend_dtrader XAUUSD,H1: Failed modifying APTUSD
0	15:25:02.310	trend_dtrader XAUUSD,H1: Failed modifying ARBUSD
0	15:25:03.301	trend_dtrader XAUUSD,H1: Failed modifying ATOMUSD
0	15:25:04.339	trend_dtrader XAUUSD,H1: Failed modifying AUDUSD
0	15:25:05.305	trend_dtrader XAUUSD,H1: Failed modifying AVAXUSD
0	15:25:06.469	trend_dtrader XAUUSD,H1: Failed modifying AXSUSD
0	15:25:07.315	trend_dtrader XAUUSD,H1: Failed modifying BCHUSD
0	15:25:08.337	trend_dtrader XAUUSD,H1: Failed modifying BNBUSD
0	15:25:09.299	trend_dtrader XAUUSD,H1: Failed modifying BTCUSD
0	15:25:10.306	trend_dtrader XAUUSD,H1: Failed modifying DASHUSD
0	15:25:11.391	trend_dtrader XAUUSD,H1: Failed modifying DOGEUSD
0	15:25:12.479	trend_dtrader XAUUSD,H1: Failed modifying DOTUSD
0	15:25:13.358	trend_dtrader XAUUSD,H1: Failed modifying ETCUSD
0	15:25:14.317	trend_dtrader XAUUSD,H1: Failed modifying ETHUSD
0	15:25:15.358	trend_dtrader XAUUSD,H1: Failed modifying EURUSD
0	15:25:16.337	trend_dtrader XAUUSD,H1: Failed modifying FETUSD
0	15:41:01.501	trend_dtrader XAUUSD,H1: Failed modifying ICPUSD
0	15:41:02.430	trend_dtrader XAUUSD,H1: Failed modifying IOTAUSD
0	15:41:03.452	trend_dtrader XAUUSD,H1: Failed modifying LINKUSD
0	15:41:04.426	trend_dtrader XAUUSD,H1: Failed modifying LRCUSD
0	15:41:05.434	trend_dtrader XAUUSD,H1: Failed modifying LTCUSD
0	15:41:06.457	trend_dtrader XAUUSD,H1: Failed modifying MANAUSD
0	15:41:07.429	trend_dtrader XAUUSD,H1: Failed modifying MATICUSD
0	15:41:08.452	trend_dtrader XAUUSD,H1: Failed modifying NEARUSD
0	15:41:09.456	trend_dtrader XAUUSD,H1: Failed modifying NZDUSD
0	15:41:10.430	trend_dtrader XAUUSD,H1: Failed modifying SOLUSD
0	15:41:11.450	trend_dtrader XAUUSD,H1: Failed modifying SUIUSD
0	15:41:12.426	trend_dtrader XAUUSD,H1: Failed modifying TRXUSD
0	15:41:13.430	trend_dtrader XAUUSD,H1: Failed modifying UNIUSD
0	15:41:14.438	trend_dtrader XAUUSD,H1: Failed modifying USDCAD
0	15:41:15.556	trend_dtrader XAUUSD,H1: Failed modifying USDCHF
0	15:41:16.437	trend_dtrader XAUUSD,H1: Failed modifying USDJPY
0	15:41:17.522	trend_dtrader XAUUSD,H1: Failed modifying USDMXN
0	15:41:18.451	trend_dtrader XAUUSD,H1: Failed modifying USDZAR
0	15:41:19.425	trend_dtrader XAUUSD,H1: Failed modifying XAGUSD
0	15:41:25.516	trend_dtrader XAUUSD,H1: Failed modifying AAVEUSD
0	15:41:26.525	trend_dtrader XAUUSD,H1: Failed modifying ADAUSD
0	15:41:27.436	trend_dtrader XAUUSD,H1: Failed modifying ALGOUSD
0	15:41:28.430	trend_dtrader XAUUSD,H1: Failed modifying APTUSD
0	15:41:29.435	trend_dtrader XAUUSD,H1: Failed modifying ARBUSD
0	15:41:30.443	trend_dtrader XAUUSD,H1: Failed modifying ATOMUSD
0	15:41:31.432	trend_dtrader XAUUSD,H1: Failed modifying AUDUSD
0	15:41:32.437	trend_dtrader XAUUSD,H1: Failed modifying AVAXUSD
0	15:41:33.503	trend_dtrader XAUUSD,H1: Failed modifying AXSUSD
0	15:41:34.433	trend_dtrader XAUUSD,H1: Failed modifying BCHUSD
0	15:41:35.518	trend_dtrader XAUUSD,H1: Failed modifying BNBUSD
0	15:41:36.446	trend_dtrader XAUUSD,H1: Failed modifying BTCUSD
0	15:41:37.435	trend_dtrader XAUUSD,H1: Failed modifying DASHUSD
0	15:41:38.441	trend_dtrader XAUUSD,H1: Failed modifying DOGEUSD
0	15:41:39.434	trend_dtrader XAUUSD,H1: Failed modifying DOTUSD
0	15:41:40.470	trend_dtrader XAUUSD,H1: Failed modifying ETCUSD
0	15:41:41.430	trend_dtrader XAUUSD,H1: Failed modifying ETHUSD
0	15:41:42.437	trend_dtrader XAUUSD,H1: Failed modifying EURUSD
0	15:41:43.493	trend_dtrader XAUUSD,H1: Failed modifying FETUSD
0	15:41:44.437	trend_dtrader XAUUSD,H1: Failed modifying FILUSD
0	15:41:45.567	trend_dtrader XAUUSD,H1: Failed modifying FTMUSD
0	15:41:46.430	trend_dtrader XAUUSD,H1: Failed modifying GBPUSD
0	15:41:47.451	trend_dtrader XAUUSD,H1: Failed modifying GRTUSD
0	15:41:48.443	trend_dtrader XAUUSD,H1: Failed modifying ICPUSD
0	15:41:49.430	trend_dtrader XAUUSD,H1: Failed modifying IOTAUSD
0	15:41:50.440	trend_dtrader XAUUSD,H1: Failed modifying LINKUSD
0	15:41:51.429	trend_dtrader XAUUSD,H1: Failed modifying LRCUSD
0	15:41:52.435	trend_dtrader XAUUSD,H1: Failed modifying LTCUSD
0	15:41:53.592	trend_dtrader XAUUSD,H1: Failed modifying MANAUSD
0	15:41:54.428	trend_dtrader XAUUSD,H1: Failed modifying MATICUSD
0	15:41:55.609	trend_dtrader XAUUSD,H1: Failed modifying NEARUSD
0	15:41:56.442	trend_dtrader XAUUSD,H1: Failed modifying NZDUSD
0	15:41:57.447	trend_dtrader XAUUSD,H1: Failed modifying SOLUSD
0	15:41:58.595	trend_dtrader XAUUSD,H1: Failed modifying SUIUSD
0	15:41:59.506	trend_dtrader XAUUSD,H1: Failed modifying TRXUSD
0	15:42:00.447	trend_dtrader XAUUSD,H1: Failed modifying UNIUSD
0	15:42:01.515	trend_dtrader XAUUSD,H1: Failed modifying USDCAD
0	15:42:02.427	trend_dtrader XAUUSD,H1: Failed modifying USDCHF
0	15:42:03.447	trend_dtrader XAUUSD,H1: Failed modifying USDJPY
0	15:42:04.660	trend_dtrader XAUUSD,H1: Failed modifying USDMXN
0	15:42:05.542	trend_dtrader XAUUSD,H1: Failed modifying USDZAR
0	15:42:06.453	trend_dtrader XAUUSD,H1: Failed modifying XAGUSD
0	15:42:07.455	trend_dtrader XAUUSD,H1: Failed modifying XAUUSD
0	15:42:08.584	trend_dtrader XAUUSD,H1: Failed modifying XBRUSD
0	15:42:09.448	trend_dtrader XAUUSD,H1: Failed modifying XNGUSD
0	15:42:10.470	trend_dtrader XAUUSD,H1: Failed modifying XRPUSD
0	15:42:11.458	trend_dtrader XAUUSD,H1: Failed modifying XTIUSD
0	15:42:12.482	trend_dtrader XAUUSD,H1: Failed modifying AAVEUSD
0	15:42:13.487	trend_dtrader XAUUSD,H1: Failed modifying ADAUSD
0	15:42:14.465	trend_dtrader XAUUSD,H1: Failed modifying ALGOUSD
0	15:42:15.516	trend_dtrader XAUUSD,H1: Failed modifying APTUSD
0	15:42:16.446	trend_dtrader XAUUSD,H1: Failed modifying ARBUSD
0	15:42:17.470	trend_dtrader XAUUSD,H1: Failed modifying ATOMUSD
0	15:42:18.445	trend_dtrader XAUUSD,H1: Failed modifying AUDUSD
0	15:42:19.465	trend_dtrader XAUUSD,H1: Failed modifying AVAXUSD
0	15:42:20.441	trend_dtrader XAUUSD,H1: Failed modifying AXSUSD
0	15:42:21.448	trend_dtrader XAUUSD,H1: Failed modifying BCHUSD
0	15:42:22.499	trend_dtrader XAUUSD,H1: Failed modifying BNBUSD
0	15:42:23.441	trend_dtrader XAUUSD,H1: Failed modifying BTCUSD
0	15:42:24.477	trend_dtrader XAUUSD,H1: Failed modifying DASHUSD
0	15:42:25.545	trend_dtrader XAUUSD,H1: Failed modifying DOGEUSD
0	15:42:26.485	trend_dtrader XAUUSD,H1: Failed modifying DOTUSD
0	15:42:27.663	trend_dtrader XAUUSD,H1: Failed modifying ETCUSD
0	15:42:28.447	trend_dtrader XAUUSD,H1: Failed modifying ETHUSD
0	15:42:29.451	trend_dtrader XAUUSD,H1: Failed modifying EURUSD
0	15:42:30.443	trend_dtrader XAUUSD,H1: Failed modifying FETUSD
0	15:42:31.449	trend_dtrader XAUUSD,H1: Failed modifying FILUSD
0	15:42:32.440	trend_dtrader XAUUSD,H1: Failed modifying FTMUSD
0	15:42:33.442	trend_dtrader XAUUSD,H1: Failed modifying GBPUSD
0	15:42:34.510	trend_dtrader XAUUSD,H1: Failed modifying GRTUSD
0	15:42:35.484	trend_dtrader XAUUSD,H1: Failed modifying ICPUSD
0	15:42:36.459	trend_dtrader XAUUSD,H1: Failed modifying IOTAUSD
0	15:42:37.445	trend_dtrader XAUUSD,H1: Failed modifying LINKUSD
0	15:42:38.498	trend_dtrader XAUUSD,H1: Failed modifying LRCUSD
0	15:42:39.440	trend_dtrader XAUUSD,H1: Failed modifying LTCUSD
0	15:42:40.459	trend_dtrader XAUUSD,H1: Failed modifying MANAUSD
0	15:42:41.452	trend_dtrader XAUUSD,H1: Failed modifying MATICUSD
0	15:42:42.443	trend_dtrader XAUUSD,H1: Failed modifying NEARUSD
0	15:42:43.464	trend_dtrader XAUUSD,H1: Failed modifying NZDUSD
0	15:42:44.455	trend_dtrader XAUUSD,H1: Failed modifying SOLUSD
0	15:42:45.492	trend_dtrader XAUUSD,H1: Failed modifying SUIUSD
0	15:42:46.468	trend_dtrader XAUUSD,H1: Failed modifying TRXUSD
0	15:42:47.579	trend_dtrader XAUUSD,H1: Failed modifying UNIUSD
0	15:42:48.447	trend_dtrader XAUUSD,H1: Failed modifying USDCAD
0	15:42:49.517	trend_dtrader XAUUSD,H1: Failed modifying USDCHF
0	15:42:50.441	trend_dtrader XAUUSD,H1: Failed modifying USDJPY
0	15:42:51.511	trend_dtrader XAUUSD,H1: Failed modifying USDMXN
0	15:42:52.564	trend_dtrader XAUUSD,H1: Failed modifying USDZAR
0	15:42:53.443	trend_dtrader XAUUSD,H1: Failed modifying XAGUSD
0	15:42:54.465	trend_dtrader XAUUSD,H1: Failed modifying XAUUSD
0	15:42:55.597	trend_dtrader XAUUSD,H1: Failed modifying XBRUSD
0	15:42:56.446	trend_dtrader XAUUSD,H1: Failed modifying XNGUSD
0	15:42:57.450	trend_dtrader XAUUSD,H1: Failed modifying XRPUSD
0	15:42:58.441	trend_dtrader XAUUSD,H1: Failed modifying XTIUSD
0	15:42:59.450	trend_dtrader XAUUSD,H1: Failed modifying AAVEUSD
0	15:43:00.516	trend_dtrader XAUUSD,H1: Failed modifying ADAUSD
0	15:43:01.537	trend_dtrader XAUUSD,H1: Failed modifying ALGOUSD
0	15:43:02.478	trend_dtrader XAUUSD,H1: Failed modifying APTUSD
0	15:43:03.704	trend_dtrader XAUUSD,H1: Failed modifying ARBUSD
0	15:43:04.558	trend_dtrader XAUUSD,H1: Failed modifying ATOMUSD
0	15:43:05.580	trend_dtrader XAUUSD,H1: Failed modifying AUDUSD
0	15:43:06.461	trend_dtrader XAUUSD,H1: Failed modifying AVAXUSD
0	15:43:07.452	trend_dtrader XAUUSD,H1: Failed modifying AXSUSD
0	15:43:08.458	trend_dtrader XAUUSD,H1: Failed modifying BCHUSD
0	15:43:09.452	trend_dtrader XAUUSD,H1: Failed modifying BNBUSD
0	15:43:10.460	trend_dtrader XAUUSD,H1: Failed modifying BTCUSD
0	15:43:11.463	trend_dtrader XAUUSD,H1: Failed modifying DASHUSD
0	15:43:12.454	trend_dtrader XAUUSD,H1: Failed modifying DOGEUSD
0	15:43:13.505	trend_dtrader XAUUSD,H1: Failed modifying DOTUSD
0	15:43:14.449	trend_dtrader XAUUSD,H1: Failed modifying ETCUSD
0	15:43:15.581	trend_dtrader XAUUSD,H1: Failed modifying ETHUSD
0	15:43:35.553	trend_dtrader XAUUSD,H1: Failed modifying USDCAD
0	15:43:36.515	trend_dtrader XAUUSD,H1: Failed modifying USDCHF
0	15:43:37.473	trend_dtrader XAUUSD,H1: Failed modifying USDJPY
0	15:43:56.493	trend_dtrader XAUUSD,H1: Failed modifying BNBUSD
0	15:43:57.453	trend_dtrader XAUUSD,H1: Failed modifying BTCUSD
0	15:43:58.490	trend_dtrader XAUUSD,H1: Failed modifying DASHUSD
0	15:43:59.481	trend_dtrader XAUUSD,H1: Failed modifying DOGEUSD
0	15:44:00.504	trend_dtrader XAUUSD,H1: Failed modifying DOTUSD
0	15:44:01.507	trend_dtrader XAUUSD,H1: Failed modifying ETCUSD
0	15:44:02.449	trend_dtrader XAUUSD,H1: Failed modifying ETHUSD
0	15:51:00.608	trend_dtrader XAUUSD,H1: Failed modifying BTCUSD
0	15:51:01.615	trend_dtrader XAUUSD,H1: Failed modifying DASHUSD
0	15:51:02.541	trend_dtrader XAUUSD,H1: Failed modifying DOGEUSD
0	15:51:03.533	trend_dtrader XAUUSD,H1: Failed modifying DOTUSD
0	15:51:04.538	trend_dtrader XAUUSD,H1: Failed modifying ETCUSD
0	15:51:05.559	trend_dtrader XAUUSD,H1: Failed modifying ETHUSD
0	15:51:06.547	trend_dtrader XAUUSD,H1: Failed modifying EURUSD
0	15:51:07.600	trend_dtrader XAUUSD,H1: Failed modifying FETUSD
0	15:51:08.530	trend_dtrader XAUUSD,H1: Failed modifying FILUSD
0	15:51:09.537	trend_dtrader XAUUSD,H1: Failed modifying FTMUSD
0	15:51:10.529	trend_dtrader XAUUSD,H1: Failed modifying GBPUSD
0	15:51:11.550	trend_dtrader XAUUSD,H1: Failed modifying GRTUSD
0	15:51:12.539	trend_dtrader XAUUSD,H1: Failed modifying ICPUSD
0	15:51:13.529	trend_dtrader XAUUSD,H1: Failed modifying IOTAUSD
0	15:51:14.630	trend_dtrader XAUUSD,H1: Failed modifying LINKUSD
0	15:51:15.558	trend_dtrader XAUUSD,H1: Failed modifying LRCUSD
0	15:51:16.536	trend_dtrader XAUUSD,H1: Failed modifying LTCUSD
0	15:51:17.607	trend_dtrader XAUUSD,H1: Failed modifying MANAUSD
0	15:51:18.535	trend_dtrader XAUUSD,H1: Failed modifying MATICUSD
0	15:51:19.636	trend_dtrader XAUUSD,H1: Failed modifying NEARUSD
0	15:51:20.535	trend_dtrader XAUUSD,H1: Failed modifying NZDUSD
0	15:51:21.531	trend_dtrader XAUUSD,H1: Failed modifying SOLUSD
0	15:51:22.535	trend_dtrader XAUUSD,H1: Failed modifying SUIUSD
0	15:51:23.639	trend_dtrader XAUUSD,H1: Failed modifying TRXUSD
0	15:51:24.555	trend_dtrader XAUUSD,H1: Failed modifying UNIUSD
0	15:51:25.566	trend_dtrader XAUUSD,H1: Failed modifying USDCAD
0	15:51:26.529	trend_dtrader XAUUSD,H1: Failed modifying USDCHF
0	15:51:27.569	trend_dtrader XAUUSD,H1: Failed modifying USDJPY
0	15:51:28.629	trend_dtrader XAUUSD,H1: Failed modifying USDMXN
0	15:51:29.588	trend_dtrader XAUUSD,H1: Failed modifying USDZAR
0	15:51:30.531	trend_dtrader XAUUSD,H1: Failed modifying XAGUSD
0	15:51:31.584	trend_dtrader XAUUSD,H1: Failed modifying XAUUSD
0	15:51:32.622	trend_dtrader XAUUSD,H1: Failed modifying XBRUSD
0	15:51:33.535	trend_dtrader XAUUSD,H1: Failed modifying XNGUSD
0	15:51:34.529	trend_dtrader XAUUSD,H1: Failed modifying XRPUSD
0	15:51:35.527	trend_dtrader XAUUSD,H1: Failed modifying XTIUSD
0	15:51:36.677	trend_dtrader XAUUSD,H1: Failed modifying AAVEUSD
0	15:51:37.528	trend_dtrader XAUUSD,H1: Failed modifying ADAUSD
0	15:51:38.552	trend_dtrader XAUUSD,H1: Failed modifying ALGOUSD
0	15:51:39.903	trend_dtrader XAUUSD,H1: Failed modifying APTUSD
0	15:51:40.532	trend_dtrader XAUUSD,H1: Failed modifying ARBUSD
0	15:51:41.540	trend_dtrader XAUUSD,H1: Failed modifying ATOMUSD
0	15:51:42.629	trend_dtrader XAUUSD,H1: Failed modifying AUDUSD
0	15:51:43.544	trend_dtrader XAUUSD,H1: Failed modifying AVAXUSD
0	15:51:44.537	trend_dtrader XAUUSD,H1: Failed modifying AXSUSD
0	15:51:45.528	trend_dtrader XAUUSD,H1: Failed modifying BCHUSD
0	15:51:46.713	trend_dtrader XAUUSD,H1: Failed modifying BNBUSD
0	15:51:47.564	trend_dtrader XAUUSD,H1: Failed modifying BTCUSD
0	15:51:48.537	trend_dtrader XAUUSD,H1: Failed modifying DASHUSD
0	15:51:49.530	trend_dtrader XAUUSD,H1: Failed modifying DOGEUSD
0	15:51:50.572	trend_dtrader XAUUSD,H1: Failed modifying DOTUSD
0	15:51:51.831	trend_dtrader XAUUSD,H1: Failed modifying ETCUSD
0	15:51:52.540	trend_dtrader XAUUSD,H1: Failed modifying ETHUSD
0	15:51:53.531	trend_dtrader XAUUSD,H1: Failed modifying EURUSD
0	15:51:54.577	trend_dtrader XAUUSD,H1: Failed modifying FETUSD
0	15:51:55.537	trend_dtrader XAUUSD,H1: Failed modifying FILUSD
0	15:51:56.533	trend_dtrader XAUUSD,H1: Failed modifying FTMUSD
0	15:51:57.538	trend_dtrader XAUUSD,H1: Failed modifying GBPUSD
0	15:51:58.605	trend_dtrader XAUUSD,H1: Failed modifying GRTUSD
0	15:51:59.555	trend_dtrader XAUUSD,H1: Failed modifying ICPUSD
0	15:52:00.568	trend_dtrader XAUUSD,H1: Failed modifying IOTAUSD
0	15:52:01.528	trend_dtrader XAUUSD,H1: Failed modifying LINKUSD
0	15:52:02.549	trend_dtrader XAUUSD,H1: Failed modifying LRCUSD
0	15:52:03.666	trend_dtrader XAUUSD,H1: Failed modifying LTCUSD
0	15:52:04.546	trend_dtrader XAUUSD,H1: Failed modifying MANAUSD
0	15:52:05.555	trend_dtrader XAUUSD,H1: Failed modifying MATICUSD
0	15:52:06.894	trend_dtrader XAUUSD,H1: Failed modifying NEARUSD
0	15:52:06.894	trend_dtrader XAUUSD,H1: Failed modifying NEARUSD
0	15:52:07.572	trend_dtrader XAUUSD,H1: Failed modifying NZDUSD
0	15:52:07.572	trend_dtrader XAUUSD,H1: Failed modifying NZDUSD
0	15:52:08.563	trend_dtrader XAUUSD,H1: Failed modifying SOLUSD
0	15:52:08.563	trend_dtrader XAUUSD,H1: Failed modifying SOLUSD
0	15:52:09.652	trend_dtrader XAUUSD,H1: Failed modifying SUIUSD
0	15:52:09.652	trend_dtrader XAUUSD,H1: Failed modifying SUIUSD
0	15:52:10.549	trend_dtrader XAUUSD,H1: Failed modifying TRXUSD
0	15:52:10.549	trend_dtrader XAUUSD,H1: Failed modifying TRXUSD
0	15:52:11.607	trend_dtrader XAUUSD,H1: Failed modifying UNIUSD
0	15:52:11.607	trend_dtrader XAUUSD,H1: Failed modifying UNIUSD
0	15:52:12.566	trend_dtrader XAUUSD,H1: Failed modifying USDCAD
0	15:52:12.566	trend_dtrader XAUUSD,H1: Failed modifying USDCAD
0	15:52:13.541	trend_dtrader XAUUSD,H1: Failed modifying USDCHF
0	15:52:13.541	trend_dtrader XAUUSD,H1: Failed modifying USDCHF
0	15:52:14.549	trend_dtrader XAUUSD,H1: Failed modifying USDJPY
0	15:52:14.549	trend_dtrader XAUUSD,H1: Failed modifying USDJPY
0	15:52:15.556	trend_dtrader XAUUSD,H1: Failed modifying USDMXN
0	15:52:15.556	trend_dtrader XAUUSD,H1: Failed modifying USDMXN
0	15:52:16.579	trend_dtrader XAUUSD,H1: Failed modifying USDZAR
0	15:52:16.579	trend_dtrader XAUUSD,H1: Failed modifying USDZAR
0	15:52:17.902	trend_dtrader XAUUSD,H1: Failed modifying XAGUSD
0	15:52:17.902	trend_dtrader XAUUSD,H1: Failed modifying XAGUSD
0	15:52:18.548	trend_dtrader XAUUSD,H1: Failed modifying XAUUSD
0	15:52:18.548	trend_dtrader XAUUSD,H1: Failed modifying XAUUSD
0	15:52:19.627	trend_dtrader XAUUSD,H1: Failed modifying XBRUSD
0	15:52:19.627	trend_dtrader XAUUSD,H1: Failed modifying XBRUSD
0	15:52:20.548	trend_dtrader XAUUSD,H1: Failed modifying XNGUSD
0	15:52:20.548	trend_dtrader XAUUSD,H1: Failed modifying XNGUSD
0	15:52:21.543	trend_dtrader XAUUSD,H1: Failed modifying XRPUSD
0	15:52:21.543	trend_dtrader XAUUSD,H1: Failed modifying XRPUSD
0	15:52:22.551	trend_dtrader XAUUSD,H1: Failed modifying XTIUSD
0	15:52:22.551	trend_dtrader XAUUSD,H1: Failed modifying XTIUSD
0	15:52:23.627	trend_dtrader XAUUSD,H1: Failed modifying AAVEUSD
0	15:52:23.627	trend_dtrader XAUUSD,H1: Failed modifying AAVEUSD
0	15:52:24.542	trend_dtrader XAUUSD,H1: Failed modifying ADAUSD
0	15:52:24.542	trend_dtrader XAUUSD,H1: Failed modifying ADAUSD
0	15:52:25.552	trend_dtrader XAUUSD,H1: Failed modifying ALGOUSD
0	15:52:25.552	trend_dtrader XAUUSD,H1: Failed modifying ALGOUSD
0	15:52:26.545	trend_dtrader XAUUSD,H1: Failed modifying APTUSD
0	15:52:26.545	trend_dtrader XAUUSD,H1: Failed modifying APTUSD
0	15:52:27.587	trend_dtrader XAUUSD,H1: Failed modifying ARBUSD
0	15:52:27.587	trend_dtrader XAUUSD,H1: Failed modifying ARBUSD
0	15:52:28.549	trend_dtrader XAUUSD,H1: Failed modifying ATOMUSD
0	15:52:28.549	trend_dtrader XAUUSD,H1: Failed modifying ATOMUSD
0	15:52:29.541	trend_dtrader XAUUSD,H1: Failed modifying AUDUSD
0	15:52:29.541	trend_dtrader XAUUSD,H1: Failed modifying AUDUSD
0	15:52:30.643	trend_dtrader XAUUSD,H1: Failed modifying AVAXUSD
0	15:52:30.643	trend_dtrader XAUUSD,H1: Failed modifying AVAXUSD
0	15:52:31.554	trend_dtrader XAUUSD,H1: Failed modifying AXSUSD
0	15:52:31.554	trend_dtrader XAUUSD,H1: Failed modifying AXSUSD
0	15:52:32.547	trend_dtrader XAUUSD,H1: Failed modifying BCHUSD
0	15:52:32.547	trend_dtrader XAUUSD,H1: Failed modifying BCHUSD
0	15:52:33.568	trend_dtrader XAUUSD,H1: Failed modifying BNBUSD
0	15:52:33.568	trend_dtrader XAUUSD,H1: Failed modifying BNBUSD
0	15:52:34.545	trend_dtrader XAUUSD,H1: Failed modifying BTCUSD
0	15:52:34.545	trend_dtrader XAUUSD,H1: Failed modifying BTCUSD
0	15:52:35.558	trend_dtrader XAUUSD,H1: Failed modifying DASHUSD
0	15:52:35.558	trend_dtrader XAUUSD,H1: Failed modifying DASHUSD
0	15:52:36.559	trend_dtrader XAUUSD,H1: Failed modifying DOGEUSD
0	15:52:36.559	trend_dtrader XAUUSD,H1: Failed modifying DOGEUSD
0	15:52:37.560	trend_dtrader XAUUSD,H1: Failed modifying DOTUSD
0	15:52:37.560	trend_dtrader XAUUSD,H1: Failed modifying DOTUSD
0	15:52:38.624	trend_dtrader XAUUSD,H1: Failed modifying ETCUSD
0	15:52:38.624	trend_dtrader XAUUSD,H1: Failed modifying ETCUSD
0	15:52:39.567	trend_dtrader XAUUSD,H1: Failed modifying ETHUSD
0	15:52:39.567	trend_dtrader XAUUSD,H1: Failed modifying ETHUSD
0	15:52:40.547	trend_dtrader XAUUSD,H1: Failed modifying EURUSD
0	15:52:40.547	trend_dtrader XAUUSD,H1: Failed modifying EURUSD
0	15:52:41.556	trend_dtrader XAUUSD,H1: Failed modifying FETUSD
0	15:52:41.556	trend_dtrader XAUUSD,H1: Failed modifying FETUSD
0	15:52:42.549	trend_dtrader XAUUSD,H1: Failed modifying FILUSD
0	15:52:42.549	trend_dtrader XAUUSD,H1: Failed modifying FILUSD
0	15:52:43.543	trend_dtrader XAUUSD,H1: Failed modifying FTMUSD
0	15:52:43.543	trend_dtrader XAUUSD,H1: Failed modifying FTMUSD
0	15:52:44.549	trend_dtrader XAUUSD,H1: Failed modifying GBPUSD
0	15:52:44.549	trend_dtrader XAUUSD,H1: Failed modifying GBPUSD
0	15:52:45.546	trend_dtrader XAUUSD,H1: Failed modifying GRTUSD
0	15:52:45.546	trend_dtrader XAUUSD,H1: Failed modifying GRTUSD
0	15:52:46.663	trend_dtrader XAUUSD,H1: Failed modifying ICPUSD
0	15:52:46.663	trend_dtrader XAUUSD,H1: Failed modifying ICPUSD
0	15:52:47.544	trend_dtrader XAUUSD,H1: Failed modifying IOTAUSD
0	15:52:48.551	trend_dtrader XAUUSD,H1: Failed modifying LINKUSD
0	15:52:49.546	trend_dtrader XAUUSD,H1: Failed modifying LRCUSD
0	15:52:50.730	trend_dtrader XAUUSD,H1: Failed modifying LTCUSD
0	15:52:51.580	trend_dtrader XAUUSD,H1: Failed modifying MANAUSD
0	15:52:52.557	trend_dtrader XAUUSD,H1: Failed modifying MATICUSD
0	15:52:53.581	trend_dtrader XAUUSD,H1: Failed modifying NEARUSD
0	15:52:54.559	trend_dtrader XAUUSD,H1: Failed modifying NZDUSD
0	15:52:55.584	trend_dtrader XAUUSD,H1: Failed modifying SOLUSD
0	15:52:55.584	trend_dtrader XAUUSD,H1: Failed modifying SOLUSD
0	15:52:56.565	trend_dtrader XAUUSD,H1: Failed modifying SUIUSD
0	15:52:57.558	trend_dtrader XAUUSD,H1: Failed modifying TRXUSD
0	15:52:57.558	trend_dtrader XAUUSD,H1: Failed modifying TRXUSD
0	15:52:58.581	trend_dtrader XAUUSD,H1: Failed modifying UNIUSD
0	15:52:58.581	trend_dtrader XAUUSD,H1: Failed modifying UNIUSD
0	15:52:59.658	trend_dtrader XAUUSD,H1: Failed modifying USDCAD
0	15:52:59.658	trend_dtrader XAUUSD,H1: Failed modifying USDCAD
0	15:53:00.557	trend_dtrader XAUUSD,H1: Failed modifying USDCHF
0	15:53:00.557	trend_dtrader XAUUSD,H1: Failed modifying USDCHF
0	15:53:01.648	trend_dtrader XAUUSD,H1: Failed modifying USDJPY
0	15:53:01.648	trend_dtrader XAUUSD,H1: Failed modifying USDJPY
0	15:53:02.618	trend_dtrader XAUUSD,H1: Failed modifying USDMXN
0	15:53:02.618	trend_dtrader XAUUSD,H1: Failed modifying USDMXN
0	15:53:03.629	trend_dtrader XAUUSD,H1: Failed modifying USDZAR
0	15:53:03.629	trend_dtrader XAUUSD,H1: Failed modifying USDZAR
0	15:53:04.590	trend_dtrader XAUUSD,H1: Failed modifying XAGUSD
0	15:53:04.590	trend_dtrader XAUUSD,H1: Failed modifying XAGUSD
0	15:53:05.587	trend_dtrader XAUUSD,H1: Failed modifying XAUUSD
0	15:53:05.587	trend_dtrader XAUUSD,H1: Failed modifying XAUUSD
0	15:53:06.608	trend_dtrader XAUUSD,H1: Failed modifying XBRUSD
0	15:53:06.608	trend_dtrader XAUUSD,H1: Failed modifying XBRUSD
0	15:53:07.633	trend_dtrader XAUUSD,H1: Failed modifying XNGUSD
0	15:53:07.633	trend_dtrader XAUUSD,H1: Failed modifying XNGUSD
0	15:53:08.577	trend_dtrader XAUUSD,H1: Failed modifying XRPUSD
0	15:53:08.577	trend_dtrader XAUUSD,H1: Failed modifying XRPUSD
0	15:53:09.585	trend_dtrader XAUUSD,H1: Failed modifying XTIUSD
0	15:53:09.585	trend_dtrader XAUUSD,H1: Failed modifying XTIUSD
0	15:53:10.611	trend_dtrader XAUUSD,H1: Failed modifying AAVEUSD
0	15:53:10.611	trend_dtrader XAUUSD,H1: Failed modifying AAVEUSD
0	15:53:11.698	trend_dtrader XAUUSD,H1: Failed modifying ADAUSD
0	15:53:11.698	trend_dtrader XAUUSD,H1: Failed modifying ADAUSD
0	15:53:12.659	trend_dtrader XAUUSD,H1: Failed modifying ALGOUSD
0	15:53:12.659	trend_dtrader XAUUSD,H1: Failed modifying ALGOUSD
0	15:53:13.619	trend_dtrader XAUUSD,H1: Failed modifying APTUSD
0	15:53:13.619	trend_dtrader XAUUSD,H1: Failed modifying APTUSD
0	15:53:14.798	trend_dtrader XAUUSD,H1: Failed modifying ARBUSD
0	15:53:14.798	trend_dtrader XAUUSD,H1: Failed modifying ARBUSD
0	15:53:15.617	trend_dtrader XAUUSD,H1: Failed modifying ATOMUSD
0	15:53:15.617	trend_dtrader XAUUSD,H1: Failed modifying ATOMUSD
0	15:53:16.608	trend_dtrader XAUUSD,H1: Failed modifying AUDUSD
0	15:53:16.608	trend_dtrader XAUUSD,H1: Failed modifying AUDUSD
0	15:53:17.616	trend_dtrader XAUUSD,H1: Failed modifying AVAXUSD
0	15:53:17.616	trend_dtrader XAUUSD,H1: Failed modifying AVAXUSD
0	15:53:18.607	trend_dtrader XAUUSD,H1: Failed modifying AXSUSD
0	15:53:18.607	trend_dtrader XAUUSD,H1: Failed modifying AXSUSD
0	15:53:19.617	trend_dtrader XAUUSD,H1: Failed modifying BCHUSD
0	15:53:19.617	trend_dtrader XAUUSD,H1: Failed modifying BCHUSD
0	15:53:20.623	trend_dtrader XAUUSD,H1: Failed modifying BNBUSD
0	15:53:20.623	trend_dtrader XAUUSD,H1: Failed modifying BNBUSD
0	15:53:21.613	trend_dtrader XAUUSD,H1: Failed modifying BTCUSD
0	15:53:21.613	trend_dtrader XAUUSD,H1: Failed modifying BTCUSD
0	15:53:22.605	trend_dtrader XAUUSD,H1: Failed modifying DASHUSD
0	15:53:22.605	trend_dtrader XAUUSD,H1: Failed modifying DASHUSD
0	15:53:23.613	trend_dtrader XAUUSD,H1: Failed modifying DOGEUSD
0	15:53:23.613	trend_dtrader XAUUSD,H1: Failed modifying DOGEUSD
0	15:53:24.651	trend_dtrader XAUUSD,H1: Failed modifying DOTUSD
0	15:53:24.651	trend_dtrader XAUUSD,H1: Failed modifying DOTUSD
0	15:53:25.610	trend_dtrader XAUUSD,H1: Failed modifying ETCUSD
0	15:53:25.610	trend_dtrader XAUUSD,H1: Failed modifying ETCUSD
0	15:53:26.619	trend_dtrader XAUUSD,H1: Failed modifying ETHUSD
0	15:53:26.619	trend_dtrader XAUUSD,H1: Failed modifying ETHUSD
0	15:53:27.697	trend_dtrader XAUUSD,H1: Failed modifying EURUSD
0	15:53:27.697	trend_dtrader XAUUSD,H1: Failed modifying EURUSD
0	15:53:28.609	trend_dtrader XAUUSD,H1: Failed modifying FETUSD
0	15:53:28.609	trend_dtrader XAUUSD,H1: Failed modifying FETUSD
0	15:53:29.618	trend_dtrader XAUUSD,H1: Failed modifying FILUSD
0	15:53:29.618	trend_dtrader XAUUSD,H1: Failed modifying FILUSD
0	15:53:30.623	trend_dtrader XAUUSD,H1: Failed modifying FTMUSD
0	15:53:30.623	trend_dtrader XAUUSD,H1: Failed modifying FTMUSD
0	15:53:31.676	trend_dtrader XAUUSD,H1: Failed modifying GBPUSD
0	15:53:31.676	trend_dtrader XAUUSD,H1: Failed modifying GBPUSD
0	15:53:32.632	trend_dtrader XAUUSD,H1: Failed modifying GRTUSD
0	15:53:32.632	trend_dtrader XAUUSD,H1: Failed modifying GRTUSD
0	15:53:33.608	trend_dtrader XAUUSD,H1: Failed modifying ICPUSD
0	15:53:33.608	trend_dtrader XAUUSD,H1: Failed modifying ICPUSD
0	15:53:34.820	trend_dtrader XAUUSD,H1: Failed modifying IOTAUSD
0	15:53:34.820	trend_dtrader XAUUSD,H1: Failed modifying IOTAUSD
0	15:53:35.623	trend_dtrader XAUUSD,H1: Failed modifying LINKUSD
0	15:53:35.623	trend_dtrader XAUUSD,H1: Failed modifying LINKUSD
0	15:53:36.614	trend_dtrader XAUUSD,H1: Failed modifying LRCUSD
0	15:53:36.614	trend_dtrader XAUUSD,H1: Failed modifying LRCUSD
0	15:53:37.608	trend_dtrader XAUUSD,H1: Failed modifying LTCUSD
0	15:53:37.608	trend_dtrader XAUUSD,H1: Failed modifying LTCUSD
0	15:53:38.628	trend_dtrader XAUUSD,H1: Failed modifying MANAUSD
0	15:53:38.628	trend_dtrader XAUUSD,H1: Failed modifying MANAUSD
0	15:53:39.603	trend_dtrader XAUUSD,H1: Failed modifying MATICUSD
0	15:53:39.603	trend_dtrader XAUUSD,H1: Failed modifying MATICUSD
0	15:53:40.637	trend_dtrader XAUUSD,H1: Failed modifying NEARUSD
0	15:53:40.637	trend_dtrader XAUUSD,H1: Failed modifying NEARUSD
0	15:53:41.614	trend_dtrader XAUUSD,H1: Failed modifying NZDUSD
0	15:53:41.614	trend_dtrader XAUUSD,H1: Failed modifying NZDUSD
0	15:53:42.605	trend_dtrader XAUUSD,H1: Failed modifying SOLUSD
0	15:53:42.605	trend_dtrader XAUUSD,H1: Failed modifying SOLUSD
0	15:53:43.627	trend_dtrader XAUUSD,H1: Failed modifying SUIUSD
0	15:53:43.627	trend_dtrader XAUUSD,H1: Failed modifying SUIUSD
0	15:53:44.605	trend_dtrader XAUUSD,H1: Failed modifying TRXUSD
0	15:53:44.605	trend_dtrader XAUUSD,H1: Failed modifying TRXUSD
0	15:53:45.627	trend_dtrader XAUUSD,H1: Failed modifying UNIUSD
0	15:53:45.627	trend_dtrader XAUUSD,H1: Failed modifying UNIUSD
0	15:53:46.634	trend_dtrader XAUUSD,H1: Failed modifying USDCAD
0	15:53:46.634	trend_dtrader XAUUSD,H1: Failed modifying USDCAD
0	15:53:47.641	trend_dtrader XAUUSD,H1: Failed modifying USDCHF
0	15:53:47.641	trend_dtrader XAUUSD,H1: Failed modifying USDCHF
0	15:53:48.616	trend_dtrader XAUUSD,H1: Failed modifying USDJPY
0	15:53:48.616	trend_dtrader XAUUSD,H1: Failed modifying USDJPY
0	15:53:49.638	trend_dtrader XAUUSD,H1: Failed modifying USDMXN
0	15:53:49.638	trend_dtrader XAUUSD,H1: Failed modifying USDMXN
0	15:53:50.613	trend_dtrader XAUUSD,H1: Failed modifying USDZAR
0	15:53:50.613	trend_dtrader XAUUSD,H1: Failed modifying USDZAR
0	15:53:51.623	trend_dtrader XAUUSD,H1: Failed modifying XAGUSD
0	15:53:51.623	trend_dtrader XAUUSD,H1: Failed modifying XAGUSD
0	15:53:52.648	trend_dtrader XAUUSD,H1: Failed modifying XAUUSD
0	15:53:52.648	trend_dtrader XAUUSD,H1: Failed modifying XAUUSD
0	15:53:53.621	trend_dtrader XAUUSD,H1: Failed modifying XBRUSD
0	15:53:53.621	trend_dtrader XAUUSD,H1: Failed modifying XBRUSD
0	15:53:54.628	trend_dtrader XAUUSD,H1: Failed modifying XNGUSD
0	15:53:54.628	trend_dtrader XAUUSD,H1: Failed modifying XNGUSD
0	15:53:55.605	trend_dtrader XAUUSD,H1: Failed modifying XRPUSD
0	15:53:55.605	trend_dtrader XAUUSD,H1: Failed modifying XRPUSD
0	15:53:56.611	trend_dtrader XAUUSD,H1: Failed modifying XTIUSD
0	15:53:56.611	trend_dtrader XAUUSD,H1: Failed modifying XTIUSD
0	15:53:57.635	trend_dtrader XAUUSD,H1: Failed modifying AAVEUSD
0	15:53:57.635	trend_dtrader XAUUSD,H1: Failed modifying AAVEUSD
0	15:53:58.612	trend_dtrader XAUUSD,H1: Failed modifying ADAUSD
0	15:53:58.612	trend_dtrader XAUUSD,H1: Failed modifying ADAUSD
0	15:53:59.619	trend_dtrader XAUUSD,H1: Failed modifying ALGOUSD
0	15:53:59.619	trend_dtrader XAUUSD,H1: Failed modifying ALGOUSD
0	15:54:00.664	trend_dtrader XAUUSD,H1: Failed modifying APTUSD
0	15:54:00.664	trend_dtrader XAUUSD,H1: Failed modifying APTUSD
0	15:54:01.611	trend_dtrader XAUUSD,H1: Failed modifying ARBUSD
0	15:54:01.611	trend_dtrader XAUUSD,H1: Failed modifying ARBUSD
0	15:54:02.616	trend_dtrader XAUUSD,H1: Failed modifying ATOMUSD
0	15:54:02.616	trend_dtrader XAUUSD,H1: Failed modifying ATOMUSD
0	15:54:03.703	trend_dtrader XAUUSD,H1: Failed modifying AUDUSD
0	15:54:03.703	trend_dtrader XAUUSD,H1: Failed modifying AUDUSD
0	15:54:04.660	trend_dtrader XAUUSD,H1: Failed modifying AVAXUSD
0	15:54:04.660	trend_dtrader XAUUSD,H1: Failed modifying AVAXUSD
0	15:54:05.665	trend_dtrader XAUUSD,H1: Failed modifying AXSUSD
0	15:54:05.665	trend_dtrader XAUUSD,H1: Failed modifying AXSUSD
0	15:54:06.626	trend_dtrader XAUUSD,H1: Failed modifying BCHUSD
0	15:54:06.626	trend_dtrader XAUUSD,H1: Failed modifying BCHUSD
0	15:54:07.619	trend_dtrader XAUUSD,H1: Failed modifying BNBUSD
0	15:54:07.619	trend_dtrader XAUUSD,H1: Failed modifying BNBUSD
0	15:54:08.641	trend_dtrader XAUUSD,H1: Failed modifying BTCUSD
0	15:54:08.641	trend_dtrader XAUUSD,H1: Failed modifying BTCUSD
0	15:54:09.617	trend_dtrader XAUUSD,H1: Failed modifying DASHUSD
0	15:54:09.617	trend_dtrader XAUUSD,H1: Failed modifying DASHUSD
0	15:54:10.625	trend_dtrader XAUUSD,H1: Failed modifying DOGEUSD
0	15:54:10.625	trend_dtrader XAUUSD,H1: Failed modifying DOGEUSD
0	15:54:11.665	trend_dtrader XAUUSD,H1: Failed modifying DOTUSD
0	15:54:11.665	trend_dtrader XAUUSD,H1: Failed modifying DOTUSD
0	15:54:12.654	trend_dtrader XAUUSD,H1: Failed modifying ETCUSD
0	15:54:12.654	trend_dtrader XAUUSD,H1: Failed modifying ETCUSD
0	15:54:13.629	trend_dtrader XAUUSD,H1: Failed modifying ETHUSD
0	15:54:13.629	trend_dtrader XAUUSD,H1: Failed modifying ETHUSD
0	15:54:14.666	trend_dtrader XAUUSD,H1: Failed modifying EURUSD
0	15:54:14.666	trend_dtrader XAUUSD,H1: Failed modifying EURUSD
0	15:54:15.627	trend_dtrader XAUUSD,H1: Failed modifying FETUSD
0	15:54:15.627	trend_dtrader XAUUSD,H1: Failed modifying FETUSD
0	15:54:16.619	trend_dtrader XAUUSD,H1: Failed modifying FILUSD
0	15:54:16.619	trend_dtrader XAUUSD,H1: Failed modifying FILUSD
0	15:54:17.613	trend_dtrader XAUUSD,H1: Failed modifying FTMUSD
0	15:54:17.613	trend_dtrader XAUUSD,H1: Failed modifying FTMUSD
0	15:54:18.669	trend_dtrader XAUUSD,H1: Failed modifying GBPUSD
0	15:54:18.669	trend_dtrader XAUUSD,H1: Failed modifying GBPUSD
0	15:54:19.664	trend_dtrader XAUUSD,H1: Failed modifying GRTUSD
0	15:54:19.664	trend_dtrader XAUUSD,H1: Failed modifying GRTUSD
0	15:54:20.622	trend_dtrader XAUUSD,H1: Failed modifying ICPUSD
0	15:54:20.622	trend_dtrader XAUUSD,H1: Failed modifying ICPUSD
0	15:54:21.611	trend_dtrader XAUUSD,H1: Failed modifying IOTAUSD
0	15:54:21.611	trend_dtrader XAUUSD,H1: Failed modifying IOTAUSD
0	15:54:22.635	trend_dtrader XAUUSD,H1: Failed modifying LINKUSD
0	15:54:22.635	trend_dtrader XAUUSD,H1: Failed modifying LINKUSD
0	15:54:23.624	trend_dtrader XAUUSD,H1: Failed modifying LRCUSD
0	15:54:23.624	trend_dtrader XAUUSD,H1: Failed modifying LRCUSD
0	15:54:24.773	trend_dtrader XAUUSD,H1: Failed modifying LTCUSD
0	15:54:24.773	trend_dtrader XAUUSD,H1: Failed modifying LTCUSD
0	15:54:25.626	trend_dtrader XAUUSD,H1: Failed modifying MANAUSD
0	15:54:25.626	trend_dtrader XAUUSD,H1: Failed modifying MANAUSD
0	15:54:26.602	trend_dtrader XAUUSD,H1: Failed modifying MATICUSD
0	15:54:26.602	trend_dtrader XAUUSD,H1: Failed modifying MATICUSD
0	15:54:27.625	trend_dtrader XAUUSD,H1: Failed modifying NEARUSD
0	15:54:27.625	trend_dtrader XAUUSD,H1: Failed modifying NEARUSD
0	15:54:28.630	trend_dtrader XAUUSD,H1: Failed modifying NZDUSD
0	15:54:28.630	trend_dtrader XAUUSD,H1: Failed modifying NZDUSD
0	15:54:29.622	trend_dtrader XAUUSD,H1: Failed modifying SOLUSD
0	15:54:29.622	trend_dtrader XAUUSD,H1: Failed modifying SOLUSD
0	15:54:30.662	trend_dtrader XAUUSD,H1: Failed modifying SUIUSD
0	15:54:30.662	trend_dtrader XAUUSD,H1: Failed modifying SUIUSD
0	15:54:31.625	trend_dtrader XAUUSD,H1: Failed modifying TRXUSD
0	15:54:31.625	trend_dtrader XAUUSD,H1: Failed modifying TRXUSD
0	15:54:32.632	trend_dtrader XAUUSD,H1: Failed modifying UNIUSD
0	15:54:32.632	trend_dtrader XAUUSD,H1: Failed modifying UNIUSD
0	15:54:33.613	trend_dtrader XAUUSD,H1: Failed modifying USDCAD
0	15:54:33.613	trend_dtrader XAUUSD,H1: Failed modifying USDCAD
0	15:54:34.636	trend_dtrader XAUUSD,H1: Failed modifying USDCHF
0	15:54:34.636	trend_dtrader XAUUSD,H1: Failed modifying USDCHF
0	15:54:35.628	trend_dtrader XAUUSD,H1: Failed modifying USDJPY
0	15:54:35.628	trend_dtrader XAUUSD,H1: Failed modifying USDJPY
0	15:54:36.620	trend_dtrader XAUUSD,H1: Failed modifying USDMXN
0	15:54:36.620	trend_dtrader XAUUSD,H1: Failed modifying USDMXN
0	15:54:37.632	trend_dtrader XAUUSD,H1: Failed modifying USDZAR
0	15:54:37.632	trend_dtrader XAUUSD,H1: Failed modifying USDZAR
0	15:54:38.638	trend_dtrader XAUUSD,H1: Failed modifying XAGUSD
0	15:54:38.638	trend_dtrader XAUUSD,H1: Failed modifying XAGUSD
0	15:54:39.659	trend_dtrader XAUUSD,H1: Failed modifying XAUUSD
0	15:54:39.659	trend_dtrader XAUUSD,H1: Failed modifying XAUUSD
0	15:54:40.605	trend_dtrader XAUUSD,H1: Failed modifying XBRUSD
0	15:54:40.605	trend_dtrader XAUUSD,H1: Failed modifying XBRUSD
0	15:54:41.646	trend_dtrader XAUUSD,H1: Failed modifying XNGUSD
0	15:54:41.646	trend_dtrader XAUUSD,H1: Failed modifying XNGUSD
0	15:54:42.699	trend_dtrader XAUUSD,H1: Failed modifying XRPUSD
0	15:54:42.699	trend_dtrader XAUUSD,H1: Failed modifying XRPUSD
0	15:54:43.615	trend_dtrader XAUUSD,H1: Failed modifying XTIUSD
0	15:54:43.615	trend_dtrader XAUUSD,H1: Failed modifying XTIUSD
0	15:54:44.621	trend_dtrader XAUUSD,H1: Failed modifying AAVEUSD
0	15:54:44.621	trend_dtrader XAUUSD,H1: Failed modifying AAVEUSD
0	15:54:45.614	trend_dtrader XAUUSD,H1: Failed modifying ADAUSD
0	15:54:45.614	trend_dtrader XAUUSD,H1: Failed modifying ADAUSD
0	15:54:46.606	trend_dtrader XAUUSD,H1: Failed modifying ALGOUSD
0	15:54:46.606	trend_dtrader XAUUSD,H1: Failed modifying ALGOUSD
0	15:54:46.606	trend_dtrader XAUUSD,H1: Failed modifying ALGOUSD
0	15:54:47.694	trend_dtrader XAUUSD,H1: Failed modifying APTUSD
0	15:54:47.694	trend_dtrader XAUUSD,H1: Failed modifying APTUSD
0	15:54:47.694	trend_dtrader XAUUSD,H1: Failed modifying APTUSD
0	15:54:48.682	trend_dtrader XAUUSD,H1: Failed modifying ARBUSD
0	15:54:48.682	trend_dtrader XAUUSD,H1: Failed modifying ARBUSD
0	15:54:48.682	trend_dtrader XAUUSD,H1: Failed modifying ARBUSD
0	15:54:49.627	trend_dtrader XAUUSD,H1: Failed modifying ATOMUSD
0	15:54:49.627	trend_dtrader XAUUSD,H1: Failed modifying ATOMUSD
0	15:54:49.627	trend_dtrader XAUUSD,H1: Failed modifying ATOMUSD
0	15:54:50.617	trend_dtrader XAUUSD,H1: Failed modifying AUDUSD
0	15:54:50.617	trend_dtrader XAUUSD,H1: Failed modifying AUDUSD
0	15:54:50.617	trend_dtrader XAUUSD,H1: Failed modifying AUDUSD
0	15:54:51.608	trend_dtrader XAUUSD,H1: Failed modifying AVAXUSD
0	15:54:51.608	trend_dtrader XAUUSD,H1: Failed modifying AVAXUSD
0	15:54:51.608	trend_dtrader XAUUSD,H1: Failed modifying AVAXUSD
0	15:54:52.615	trend_dtrader XAUUSD,H1: Failed modifying AXSUSD
0	15:54:52.615	trend_dtrader XAUUSD,H1: Failed modifying AXSUSD
0	15:54:52.615	trend_dtrader XAUUSD,H1: Failed modifying AXSUSD
0	15:54:53.665	trend_dtrader XAUUSD,H1: Failed modifying BCHUSD
0	15:54:53.665	trend_dtrader XAUUSD,H1: Failed modifying BCHUSD
0	15:54:53.665	trend_dtrader XAUUSD,H1: Failed modifying BCHUSD
0	15:54:54.607	trend_dtrader XAUUSD,H1: Failed modifying BNBUSD
0	15:54:54.607	trend_dtrader XAUUSD,H1: Failed modifying BNBUSD
0	15:54:54.607	trend_dtrader XAUUSD,H1: Failed modifying BNBUSD
0	15:54:55.616	trend_dtrader XAUUSD,H1: Failed modifying BTCUSD
0	15:54:55.616	trend_dtrader XAUUSD,H1: Failed modifying BTCUSD
0	15:54:55.616	trend_dtrader XAUUSD,H1: Failed modifying BTCUSD
0	15:54:56.607	trend_dtrader XAUUSD,H1: Failed modifying DASHUSD
0	15:54:56.607	trend_dtrader XAUUSD,H1: Failed modifying DASHUSD
0	15:54:56.607	trend_dtrader XAUUSD,H1: Failed modifying DASHUSD
0	15:54:57.616	trend_dtrader XAUUSD,H1: Failed modifying DOGEUSD
0	15:54:57.616	trend_dtrader XAUUSD,H1: Failed modifying DOGEUSD
0	15:54:57.616	trend_dtrader XAUUSD,H1: Failed modifying DOGEUSD
0	15:54:58.610	trend_dtrader XAUUSD,H1: Failed modifying DOTUSD
0	15:54:58.610	trend_dtrader XAUUSD,H1: Failed modifying DOTUSD
0	15:54:58.610	trend_dtrader XAUUSD,H1: Failed modifying DOTUSD
0	15:54:59.602	trend_dtrader XAUUSD,H1: Failed modifying ETCUSD
0	15:54:59.602	trend_dtrader XAUUSD,H1: Failed modifying ETCUSD
0	15:54:59.602	trend_dtrader XAUUSD,H1: Failed modifying ETCUSD
0	15:55:00.607	trend_dtrader XAUUSD,H1: Failed modifying ETHUSD
0	15:55:00.607	trend_dtrader XAUUSD,H1: Failed modifying ETHUSD
0	15:55:00.607	trend_dtrader XAUUSD,H1: Failed modifying ETHUSD
0	15:55:01.631	trend_dtrader XAUUSD,H1: Failed modifying EURUSD
0	15:55:01.631	trend_dtrader XAUUSD,H1: Failed modifying EURUSD
0	15:55:01.631	trend_dtrader XAUUSD,H1: Failed modifying EURUSD
0	15:55:02.641	trend_dtrader XAUUSD,H1: Failed modifying FETUSD
0	15:55:02.641	trend_dtrader XAUUSD,H1: Failed modifying FETUSD
0	15:55:02.641	trend_dtrader XAUUSD,H1: Failed modifying FETUSD
0	15:55:03.615	trend_dtrader XAUUSD,H1: Failed modifying FILUSD
0	15:55:03.615	trend_dtrader XAUUSD,H1: Failed modifying FILUSD
0	15:55:03.615	trend_dtrader XAUUSD,H1: Failed modifying FILUSD
0	15:55:04.605	trend_dtrader XAUUSD,H1: Failed modifying FTMUSD
0	15:55:04.605	trend_dtrader XAUUSD,H1: Failed modifying FTMUSD
0	15:55:04.605	trend_dtrader XAUUSD,H1: Failed modifying FTMUSD
0	15:55:05.610	trend_dtrader XAUUSD,H1: Failed modifying GBPUSD
0	15:55:05.610	trend_dtrader XAUUSD,H1: Failed modifying GBPUSD
0	15:55:05.610	trend_dtrader XAUUSD,H1: Failed modifying GBPUSD
0	15:55:06.602	trend_dtrader XAUUSD,H1: Failed modifying GRTUSD
0	15:55:06.602	trend_dtrader XAUUSD,H1: Failed modifying GRTUSD
0	15:55:06.602	trend_dtrader XAUUSD,H1: Failed modifying GRTUSD
0	15:55:07.624	trend_dtrader XAUUSD,H1: Failed modifying ICPUSD
0	15:55:07.624	trend_dtrader XAUUSD,H1: Failed modifying ICPUSD
0	15:55:07.624	trend_dtrader XAUUSD,H1: Failed modifying ICPUSD
0	15:55:08.634	trend_dtrader XAUUSD,H1: Failed modifying IOTAUSD
0	15:55:08.634	trend_dtrader XAUUSD,H1: Failed modifying IOTAUSD
0	15:55:08.634	trend_dtrader XAUUSD,H1: Failed modifying IOTAUSD
0	15:55:09.612	trend_dtrader XAUUSD,H1: Failed modifying LINKUSD
0	15:55:09.612	trend_dtrader XAUUSD,H1: Failed modifying LINKUSD
0	15:55:09.612	trend_dtrader XAUUSD,H1: Failed modifying LINKUSD
0	15:55:10.647	trend_dtrader XAUUSD,H1: Failed modifying LRCUSD
0	15:55:10.647	trend_dtrader XAUUSD,H1: Failed modifying LRCUSD
0	15:55:10.647	trend_dtrader XAUUSD,H1: Failed modifying LRCUSD
0	15:55:11.619	trend_dtrader XAUUSD,H1: Failed modifying LTCUSD
0	15:55:11.619	trend_dtrader XAUUSD,H1: Failed modifying LTCUSD
0	15:55:11.619	trend_dtrader XAUUSD,H1: Failed modifying LTCUSD
0	15:55:12.609	trend_dtrader XAUUSD,H1: Failed modifying MANAUSD
0	15:55:12.609	trend_dtrader XAUUSD,H1: Failed modifying MANAUSD
0	15:55:12.609	trend_dtrader XAUUSD,H1: Failed modifying MANAUSD
0	15:55:13.649	trend_dtrader XAUUSD,H1: Failed modifying MATICUSD
0	15:55:13.649	trend_dtrader XAUUSD,H1: Failed modifying MATICUSD
0	15:55:13.649	trend_dtrader XAUUSD,H1: Failed modifying MATICUSD
0	15:55:14.625	trend_dtrader XAUUSD,H1: Failed modifying NEARUSD
0	15:55:14.625	trend_dtrader XAUUSD,H1: Failed modifying NEARUSD
0	15:55:14.625	trend_dtrader XAUUSD,H1: Failed modifying NEARUSD
0	15:55:15.843	trend_dtrader XAUUSD,H1: Failed modifying NZDUSD
0	15:55:15.843	trend_dtrader XAUUSD,H1: Failed modifying NZDUSD
0	15:55:15.843	trend_dtrader XAUUSD,H1: Failed modifying NZDUSD
0	15:55:16.606	trend_dtrader XAUUSD,H1: Failed modifying SOLUSD
0	15:55:16.606	trend_dtrader XAUUSD,H1: Failed modifying SOLUSD
0	15:55:16.606	trend_dtrader XAUUSD,H1: Failed modifying SOLUSD
0	15:55:17.611	trend_dtrader XAUUSD,H1: Failed modifying SUIUSD
0	15:55:17.611	trend_dtrader XAUUSD,H1: Failed modifying SUIUSD
0	15:55:17.611	trend_dtrader XAUUSD,H1: Failed modifying SUIUSD
0	15:55:18.602	trend_dtrader XAUUSD,H1: Failed modifying TRXUSD
0	15:55:18.602	trend_dtrader XAUUSD,H1: Failed modifying TRXUSD
0	15:55:18.602	trend_dtrader XAUUSD,H1: Failed modifying TRXUSD
0	15:55:19.640	trend_dtrader XAUUSD,H1: Failed modifying UNIUSD
0	15:55:19.640	trend_dtrader XAUUSD,H1: Failed modifying UNIUSD
0	15:55:19.640	trend_dtrader XAUUSD,H1: Failed modifying UNIUSD
0	15:55:20.645	trend_dtrader XAUUSD,H1: Failed modifying USDCAD
0	15:55:20.645	trend_dtrader XAUUSD,H1: Failed modifying USDCAD
0	15:55:20.645	trend_dtrader XAUUSD,H1: Failed modifying USDCAD
0	15:55:21.602	trend_dtrader XAUUSD,H1: Failed modifying USDCHF
0	15:55:21.602	trend_dtrader XAUUSD,H1: Failed modifying USDCHF
0	15:55:21.602	trend_dtrader XAUUSD,H1: Failed modifying USDCHF
0	15:55:22.607	trend_dtrader XAUUSD,H1: Failed modifying USDJPY
0	15:55:22.607	trend_dtrader XAUUSD,H1: Failed modifying USDJPY
0	15:55:22.607	trend_dtrader XAUUSD,H1: Failed modifying USDJPY
0	15:55:23.629	trend_dtrader XAUUSD,H1: Failed modifying USDMXN
0	15:55:23.629	trend_dtrader XAUUSD,H1: Failed modifying USDMXN
0	15:55:23.629	trend_dtrader XAUUSD,H1: Failed modifying USDMXN
0	15:55:24.618	trend_dtrader XAUUSD,H1: Failed modifying USDZAR
0	15:55:24.618	trend_dtrader XAUUSD,H1: Failed modifying USDZAR
0	15:55:24.618	trend_dtrader XAUUSD,H1: Failed modifying USDZAR
0	15:55:25.608	trend_dtrader XAUUSD,H1: Failed modifying XAGUSD
0	15:55:25.608	trend_dtrader XAUUSD,H1: Failed modifying XAGUSD
0	15:55:25.608	trend_dtrader XAUUSD,H1: Failed modifying XAGUSD
0	15:55:26.629	trend_dtrader XAUUSD,H1: Failed modifying XAUUSD
0	15:55:26.629	trend_dtrader XAUUSD,H1: Failed modifying XAUUSD
0	15:55:26.629	trend_dtrader XAUUSD,H1: Failed modifying XAUUSD
0	15:55:27.618	trend_dtrader XAUUSD,H1: Failed modifying XBRUSD
0	15:55:27.618	trend_dtrader XAUUSD,H1: Failed modifying XBRUSD
0	15:55:27.618	trend_dtrader XAUUSD,H1: Failed modifying XBRUSD
0	15:55:28.608	trend_dtrader XAUUSD,H1: Failed modifying XNGUSD
0	15:55:28.608	trend_dtrader XAUUSD,H1: Failed modifying XNGUSD
0	15:55:28.608	trend_dtrader XAUUSD,H1: Failed modifying XNGUSD
0	15:55:29.631	trend_dtrader XAUUSD,H1: Failed modifying XRPUSD
0	15:55:29.631	trend_dtrader XAUUSD,H1: Failed modifying XRPUSD
0	15:55:29.631	trend_dtrader XAUUSD,H1: Failed modifying XRPUSD
0	15:55:30.704	trend_dtrader XAUUSD,H1: Failed modifying XTIUSD
0	15:55:30.704	trend_dtrader XAUUSD,H1: Failed modifying XTIUSD
0	15:55:30.704	trend_dtrader XAUUSD,H1: Failed modifying XTIUSD
0	15:55:31.615	trend_dtrader XAUUSD,H1: Failed modifying AAVEUSD
0	15:55:31.615	trend_dtrader XAUUSD,H1: Failed modifying AAVEUSD
0	15:55:31.615	trend_dtrader XAUUSD,H1: Failed modifying AAVEUSD
0	15:55:32.603	trend_dtrader XAUUSD,H1: Failed modifying ADAUSD
0	15:55:32.603	trend_dtrader XAUUSD,H1: Failed modifying ADAUSD
0	15:55:32.603	trend_dtrader XAUUSD,H1: Failed modifying ADAUSD
0	15:55:33.610	trend_dtrader XAUUSD,H1: Failed modifying ALGOUSD
0	15:55:33.610	trend_dtrader XAUUSD,H1: Failed modifying ALGOUSD
0	15:55:33.610	trend_dtrader XAUUSD,H1: Failed modifying ALGOUSD
0	15:55:34.664	trend_dtrader XAUUSD,H1: Failed modifying APTUSD
0	15:55:34.664	trend_dtrader XAUUSD,H1: Failed modifying APTUSD
0	15:55:34.664	trend_dtrader XAUUSD,H1: Failed modifying APTUSD
0	15:55:35.609	trend_dtrader XAUUSD,H1: Failed modifying ARBUSD
0	15:55:35.609	trend_dtrader XAUUSD,H1: Failed modifying ARBUSD
0	15:55:35.609	trend_dtrader XAUUSD,H1: Failed modifying ARBUSD
0	15:55:36.664	trend_dtrader XAUUSD,H1: Failed modifying ATOMUSD
0	15:55:36.664	trend_dtrader XAUUSD,H1: Failed modifying ATOMUSD
0	15:55:36.664	trend_dtrader XAUUSD,H1: Failed modifying ATOMUSD
0	15:55:37.637	trend_dtrader XAUUSD,H1: Failed modifying AUDUSD
0	15:55:37.637	trend_dtrader XAUUSD,H1: Failed modifying AUDUSD
0	15:55:37.637	trend_dtrader XAUUSD,H1: Failed modifying AUDUSD
0	15:55:38.611	trend_dtrader XAUUSD,H1: Failed modifying AVAXUSD
0	15:55:38.611	trend_dtrader XAUUSD,H1: Failed modifying AVAXUSD
0	15:55:38.611	trend_dtrader XAUUSD,H1: Failed modifying AVAXUSD
0	15:55:39.604	trend_dtrader XAUUSD,H1: Failed modifying AXSUSD
0	15:55:39.604	trend_dtrader XAUUSD,H1: Failed modifying AXSUSD
0	15:55:39.604	trend_dtrader XAUUSD,H1: Failed modifying AXSUSD
0	15:55:40.630	trend_dtrader XAUUSD,H1: Failed modifying BCHUSD
0	15:55:40.630	trend_dtrader XAUUSD,H1: Failed modifying BCHUSD
0	15:55:40.630	trend_dtrader XAUUSD,H1: Failed modifying BCHUSD
0	15:55:41.631	trend_dtrader XAUUSD,H1: Failed modifying BNBUSD
0	15:55:41.631	trend_dtrader XAUUSD,H1: Failed modifying BNBUSD
0	15:55:41.631	trend_dtrader XAUUSD,H1: Failed modifying BNBUSD
0	15:55:42.605	trend_dtrader XAUUSD,H1: Failed modifying BTCUSD
0	15:55:42.605	trend_dtrader XAUUSD,H1: Failed modifying BTCUSD
0	15:55:42.605	trend_dtrader XAUUSD,H1: Failed modifying BTCUSD
0	15:55:43.628	trend_dtrader XAUUSD,H1: Failed modifying DASHUSD
0	15:55:43.628	trend_dtrader XAUUSD,H1: Failed modifying DASHUSD
0	15:55:43.628	trend_dtrader XAUUSD,H1: Failed modifying DASHUSD
0	15:55:44.603	trend_dtrader XAUUSD,H1: Failed modifying DOGEUSD
0	15:55:44.603	trend_dtrader XAUUSD,H1: Failed modifying DOGEUSD
0	15:55:44.603	trend_dtrader XAUUSD,H1: Failed modifying DOGEUSD
0	15:55:45.646	trend_dtrader XAUUSD,H1: Failed modifying DOTUSD
0	15:55:45.646	trend_dtrader XAUUSD,H1: Failed modifying DOTUSD
0	15:55:45.646	trend_dtrader XAUUSD,H1: Failed modifying DOTUSD
0	15:55:46.611	trend_dtrader XAUUSD,H1: Failed modifying ETCUSD
0	15:55:46.611	trend_dtrader XAUUSD,H1: Failed modifying ETCUSD
0	15:55:46.611	trend_dtrader XAUUSD,H1: Failed modifying ETCUSD
0	15:55:47.601	trend_dtrader XAUUSD,H1: Failed modifying ETHUSD
0	15:55:47.601	trend_dtrader XAUUSD,H1: Failed modifying ETHUSD
0	15:55:47.601	trend_dtrader XAUUSD,H1: Failed modifying ETHUSD
0	15:55:48.609	trend_dtrader XAUUSD,H1: Failed modifying EURUSD
0	15:55:48.609	trend_dtrader XAUUSD,H1: Failed modifying EURUSD
0	15:55:48.609	trend_dtrader XAUUSD,H1: Failed modifying EURUSD
0	15:55:49.612	trend_dtrader XAUUSD,H1: Failed modifying FETUSD
0	15:55:49.612	trend_dtrader XAUUSD,H1: Failed modifying FETUSD
0	15:55:49.612	trend_dtrader XAUUSD,H1: Failed modifying FETUSD
0	15:55:50.604	trend_dtrader XAUUSD,H1: Failed modifying FILUSD
0	15:55:50.604	trend_dtrader XAUUSD,H1: Failed modifying FILUSD
0	15:55:50.604	trend_dtrader XAUUSD,H1: Failed modifying FILUSD
0	15:55:51.609	trend_dtrader XAUUSD,H1: Failed modifying FTMUSD
0	15:55:51.609	trend_dtrader XAUUSD,H1: Failed modifying FTMUSD
0	15:55:51.609	trend_dtrader XAUUSD,H1: Failed modifying FTMUSD
0	15:55:52.632	trend_dtrader XAUUSD,H1: Failed modifying GBPUSD
0	15:55:52.632	trend_dtrader XAUUSD,H1: Failed modifying GBPUSD
0	15:55:52.632	trend_dtrader XAUUSD,H1: Failed modifying GBPUSD
0	15:55:53.621	trend_dtrader XAUUSD,H1: Failed modifying GRTUSD
0	15:55:53.621	trend_dtrader XAUUSD,H1: Failed modifying GRTUSD
0	15:55:53.621	trend_dtrader XAUUSD,H1: Failed modifying GRTUSD
0	15:55:54.630	trend_dtrader XAUUSD,H1: Failed modifying ICPUSD
0	15:55:54.630	trend_dtrader XAUUSD,H1: Failed modifying ICPUSD
0	15:55:54.630	trend_dtrader XAUUSD,H1: Failed modifying ICPUSD
0	15:55:55.623	trend_dtrader XAUUSD,H1: Failed modifying IOTAUSD
0	15:55:55.623	trend_dtrader XAUUSD,H1: Failed modifying IOTAUSD
0	15:55:55.623	trend_dtrader XAUUSD,H1: Failed modifying IOTAUSD
0	15:55:56.616	trend_dtrader XAUUSD,H1: Failed modifying LINKUSD
0	15:55:56.616	trend_dtrader XAUUSD,H1: Failed modifying LINKUSD
0	15:55:56.616	trend_dtrader XAUUSD,H1: Failed modifying LINKUSD
0	15:55:57.619	trend_dtrader XAUUSD,H1: Failed modifying LRCUSD
0	15:55:57.619	trend_dtrader XAUUSD,H1: Failed modifying LRCUSD
0	15:55:57.619	trend_dtrader XAUUSD,H1: Failed modifying LRCUSD
0	15:55:58.639	trend_dtrader XAUUSD,H1: Failed modifying LTCUSD
0	15:55:58.639	trend_dtrader XAUUSD,H1: Failed modifying LTCUSD
0	15:55:58.639	trend_dtrader XAUUSD,H1: Failed modifying LTCUSD
0	15:55:59.615	trend_dtrader XAUUSD,H1: Failed modifying MANAUSD
0	15:55:59.615	trend_dtrader XAUUSD,H1: Failed modifying MANAUSD
0	15:55:59.615	trend_dtrader XAUUSD,H1: Failed modifying MANAUSD
0	15:56:00.604	trend_dtrader XAUUSD,H1: Failed modifying MATICUSD
0	15:56:00.604	trend_dtrader XAUUSD,H1: Failed modifying MATICUSD
0	15:56:00.604	trend_dtrader XAUUSD,H1: Failed modifying MATICUSD
0	15:56:01.619	trend_dtrader XAUUSD,H1: Failed modifying NEARUSD
0	15:56:01.619	trend_dtrader XAUUSD,H1: Failed modifying NEARUSD
0	15:56:01.619	trend_dtrader XAUUSD,H1: Failed modifying NEARUSD
0	15:56:02.649	trend_dtrader XAUUSD,H1: Failed modifying NZDUSD
0	15:56:02.649	trend_dtrader XAUUSD,H1: Failed modifying NZDUSD
0	15:56:02.649	trend_dtrader XAUUSD,H1: Failed modifying NZDUSD
0	15:56:03.638	trend_dtrader XAUUSD,H1: Failed modifying SOLUSD
0	15:56:03.638	trend_dtrader XAUUSD,H1: Failed modifying SOLUSD
0	15:56:03.638	trend_dtrader XAUUSD,H1: Failed modifying SOLUSD
0	15:56:04.611	trend_dtrader XAUUSD,H1: Failed modifying SUIUSD
0	15:56:04.611	trend_dtrader XAUUSD,H1: Failed modifying SUIUSD
0	15:56:04.611	trend_dtrader XAUUSD,H1: Failed modifying SUIUSD
0	15:56:05.625	trend_dtrader XAUUSD,H1: Failed modifying TRXUSD
0	15:56:05.625	trend_dtrader XAUUSD,H1: Failed modifying TRXUSD
0	15:56:05.625	trend_dtrader XAUUSD,H1: Failed modifying TRXUSD
0	15:56:06.618	trend_dtrader XAUUSD,H1: Failed modifying UNIUSD
0	15:56:06.618	trend_dtrader XAUUSD,H1: Failed modifying UNIUSD
0	15:56:06.618	trend_dtrader XAUUSD,H1: Failed modifying UNIUSD
0	15:56:07.620	trend_dtrader XAUUSD,H1: Failed modifying USDCAD
0	15:56:07.620	trend_dtrader XAUUSD,H1: Failed modifying USDCAD
0	15:56:07.620	trend_dtrader XAUUSD,H1: Failed modifying USDCAD
0	15:56:08.635	trend_dtrader XAUUSD,H1: Failed modifying USDCHF
0	15:56:08.635	trend_dtrader XAUUSD,H1: Failed modifying USDCHF
0	15:56:08.635	trend_dtrader XAUUSD,H1: Failed modifying USDCHF
0	15:56:09.612	trend_dtrader XAUUSD,H1: Failed modifying USDJPY
0	15:56:09.612	trend_dtrader XAUUSD,H1: Failed modifying USDJPY
0	15:56:09.612	trend_dtrader XAUUSD,H1: Failed modifying USDJPY
0	15:56:10.621	trend_dtrader XAUUSD,H1: Failed modifying USDMXN
0	15:56:10.621	trend_dtrader XAUUSD,H1: Failed modifying USDMXN
0	15:56:10.621	trend_dtrader XAUUSD,H1: Failed modifying USDMXN
0	15:56:11.610	trend_dtrader XAUUSD,H1: Failed modifying USDZAR
0	15:56:11.610	trend_dtrader XAUUSD,H1: Failed modifying USDZAR
0	15:56:11.610	trend_dtrader XAUUSD,H1: Failed modifying USDZAR
0	15:56:12.626	trend_dtrader XAUUSD,H1: Failed modifying XAGUSD
0	15:56:12.626	trend_dtrader XAUUSD,H1: Failed modifying XAGUSD
0	15:56:12.626	trend_dtrader XAUUSD,H1: Failed modifying XAGUSD
0	15:56:13.609	trend_dtrader XAUUSD,H1: Failed modifying XAUUSD
0	15:56:13.609	trend_dtrader XAUUSD,H1: Failed modifying XAUUSD
0	15:56:13.609	trend_dtrader XAUUSD,H1: Failed modifying XAUUSD
0	15:56:14.620	trend_dtrader XAUUSD,H1: Failed modifying XBRUSD
0	15:56:14.620	trend_dtrader XAUUSD,H1: Failed modifying XBRUSD
0	15:56:14.620	trend_dtrader XAUUSD,H1: Failed modifying XBRUSD
0	15:56:15.632	trend_dtrader XAUUSD,H1: Failed modifying XNGUSD
0	15:56:15.632	trend_dtrader XAUUSD,H1: Failed modifying XNGUSD
0	15:56:15.632	trend_dtrader XAUUSD,H1: Failed modifying XNGUSD
0	15:56:16.622	trend_dtrader XAUUSD,H1: Failed modifying XRPUSD
0	15:56:16.622	trend_dtrader XAUUSD,H1: Failed modifying XRPUSD
0	15:56:16.622	trend_dtrader XAUUSD,H1: Failed modifying XRPUSD
0	15:56:17.676	trend_dtrader XAUUSD,H1: Failed modifying XTIUSD
0	15:56:17.676	trend_dtrader XAUUSD,H1: Failed modifying XTIUSD
0	15:56:17.676	trend_dtrader XAUUSD,H1: Failed modifying XTIUSD
0	15:56:18.613	trend_dtrader XAUUSD,H1: Failed modifying AAVEUSD
0	15:56:18.613	trend_dtrader XAUUSD,H1: Failed modifying AAVEUSD
0	15:56:18.613	trend_dtrader XAUUSD,H1: Failed modifying AAVEUSD
0	15:56:19.616	trend_dtrader XAUUSD,H1: Failed modifying ADAUSD
0	15:56:19.616	trend_dtrader XAUUSD,H1: Failed modifying ADAUSD
0	15:56:19.616	trend_dtrader XAUUSD,H1: Failed modifying ADAUSD
0	15:56:20.645	trend_dtrader XAUUSD,H1: Failed modifying ALGOUSD
0	15:56:20.645	trend_dtrader XAUUSD,H1: Failed modifying ALGOUSD
0	15:56:20.645	trend_dtrader XAUUSD,H1: Failed modifying ALGOUSD
0	15:56:21.618	trend_dtrader XAUUSD,H1: Failed modifying APTUSD
0	15:56:21.618	trend_dtrader XAUUSD,H1: Failed modifying APTUSD
0	15:56:21.618	trend_dtrader XAUUSD,H1: Failed modifying APTUSD
0	15:56:22.621	trend_dtrader XAUUSD,H1: Failed modifying ARBUSD
0	15:56:22.621	trend_dtrader XAUUSD,H1: Failed modifying ARBUSD
0	15:56:22.621	trend_dtrader XAUUSD,H1: Failed modifying ARBUSD
0	15:56:23.619	trend_dtrader XAUUSD,H1: Failed modifying ATOMUSD
0	15:56:23.619	trend_dtrader XAUUSD,H1: Failed modifying ATOMUSD
0	15:56:23.619	trend_dtrader XAUUSD,H1: Failed modifying ATOMUSD
0	15:56:24.716	trend_dtrader XAUUSD,H1: Failed modifying AUDUSD
0	15:56:24.716	trend_dtrader XAUUSD,H1: Failed modifying AUDUSD
0	15:56:24.716	trend_dtrader XAUUSD,H1: Failed modifying AUDUSD
0	15:56:25.620	trend_dtrader XAUUSD,H1: Failed modifying AVAXUSD
0	15:56:25.620	trend_dtrader XAUUSD,H1: Failed modifying AVAXUSD
0	15:56:25.620	trend_dtrader XAUUSD,H1: Failed modifying AVAXUSD
0	15:56:26.620	trend_dtrader XAUUSD,H1: Failed modifying AXSUSD
0	15:56:26.620	trend_dtrader XAUUSD,H1: Failed modifying AXSUSD
0	15:56:26.620	trend_dtrader XAUUSD,H1: Failed modifying AXSUSD
0	15:56:27.623	trend_dtrader XAUUSD,H1: Failed modifying BCHUSD
0	15:56:27.623	trend_dtrader XAUUSD,H1: Failed modifying BCHUSD
0	15:56:27.623	trend_dtrader XAUUSD,H1: Failed modifying BCHUSD
0	15:56:28.647	trend_dtrader XAUUSD,H1: Failed modifying BNBUSD
0	15:56:28.647	trend_dtrader XAUUSD,H1: Failed modifying BNBUSD
0	15:56:28.647	trend_dtrader XAUUSD,H1: Failed modifying BNBUSD
0	15:56:29.611	trend_dtrader XAUUSD,H1: Failed modifying BTCUSD
0	15:56:29.611	trend_dtrader XAUUSD,H1: Failed modifying BTCUSD
0	15:56:29.611	trend_dtrader XAUUSD,H1: Failed modifying BTCUSD
0	15:56:30.615	trend_dtrader XAUUSD,H1: Failed modifying DASHUSD
0	15:56:30.615	trend_dtrader XAUUSD,H1: Failed modifying DASHUSD
0	15:56:31.628	trend_dtrader XAUUSD,H1: Failed modifying DOGEUSD
0	15:56:31.628	trend_dtrader XAUUSD,H1: Failed modifying DOGEUSD
0	15:56:32.623	trend_dtrader XAUUSD,H1: Failed modifying DOTUSD
0	15:56:32.623	trend_dtrader XAUUSD,H1: Failed modifying DOTUSD
0	15:56:32.623	trend_dtrader XAUUSD,H1: Failed modifying DOTUSD
0	15:56:33.626	trend_dtrader XAUUSD,H1: Failed modifying ETCUSD
0	15:56:33.626	trend_dtrader XAUUSD,H1: Failed modifying ETCUSD
0	15:56:34.708	trend_dtrader XAUUSD,H1: Failed modifying ETHUSD
0	15:56:34.708	trend_dtrader XAUUSD,H1: Failed modifying ETHUSD
0	15:56:35.629	trend_dtrader XAUUSD,H1: Failed modifying EURUSD
0	15:56:35.629	trend_dtrader XAUUSD,H1: Failed modifying EURUSD
0	15:56:36.619	trend_dtrader XAUUSD,H1: Failed modifying FETUSD
0	15:56:36.619	trend_dtrader XAUUSD,H1: Failed modifying FETUSD
0	15:56:37.609	trend_dtrader XAUUSD,H1: Failed modifying FILUSD
0	15:56:37.609	trend_dtrader XAUUSD,H1: Failed modifying FILUSD
0	15:56:38.620	trend_dtrader XAUUSD,H1: Failed modifying FTMUSD
0	15:56:38.620	trend_dtrader XAUUSD,H1: Failed modifying FTMUSD
0	15:56:39.644	trend_dtrader XAUUSD,H1: Failed modifying GBPUSD
0	15:56:39.644	trend_dtrader XAUUSD,H1: Failed modifying GBPUSD
0	15:56:40.627	trend_dtrader XAUUSD,H1: Failed modifying GRTUSD
0	15:56:40.627	trend_dtrader XAUUSD,H1: Failed modifying GRTUSD
0	15:56:41.618	trend_dtrader XAUUSD,H1: Failed modifying ICPUSD
0	15:56:41.618	trend_dtrader XAUUSD,H1: Failed modifying ICPUSD
0	15:56:42.616	trend_dtrader XAUUSD,H1: Failed modifying IOTAUSD
0	15:56:42.616	trend_dtrader XAUUSD,H1: Failed modifying IOTAUSD
0	15:56:43.632	trend_dtrader XAUUSD,H1: Failed modifying LINKUSD
0	15:56:43.632	trend_dtrader XAUUSD,H1: Failed modifying LINKUSD
0	15:56:44.621	trend_dtrader XAUUSD,H1: Failed modifying LRCUSD
0	15:56:44.621	trend_dtrader XAUUSD,H1: Failed modifying LRCUSD
0	15:56:45.632	trend_dtrader XAUUSD,H1: Failed modifying LTCUSD
0	15:56:45.632	trend_dtrader XAUUSD,H1: Failed modifying LTCUSD
0	15:56:46.685	trend_dtrader XAUUSD,H1: Failed modifying MANAUSD
0	15:56:46.685	trend_dtrader XAUUSD,H1: Failed modifying MANAUSD
0	15:56:47.625	trend_dtrader XAUUSD,H1: Failed modifying MATICUSD
0	15:56:47.625	trend_dtrader XAUUSD,H1: Failed modifying MATICUSD
0	15:56:48.651	trend_dtrader XAUUSD,H1: Failed modifying NEARUSD
0	15:56:48.651	trend_dtrader XAUUSD,H1: Failed modifying NEARUSD
0	15:56:48.651	trend_dtrader XAUUSD,H1: Failed modifying NEARUSD
0	15:56:49.608	trend_dtrader XAUUSD,H1: Failed modifying NZDUSD
0	15:56:49.608	trend_dtrader XAUUSD,H1: Failed modifying NZDUSD
0	15:56:49.608	trend_dtrader XAUUSD,H1: Failed modifying NZDUSD
0	15:56:50.615	trend_dtrader XAUUSD,H1: Failed modifying SOLUSD
0	15:56:50.615	trend_dtrader XAUUSD,H1: Failed modifying SOLUSD
0	15:56:50.615	trend_dtrader XAUUSD,H1: Failed modifying SOLUSD
0	15:56:51.609	trend_dtrader XAUUSD,H1: Failed modifying SUIUSD
0	15:56:51.609	trend_dtrader XAUUSD,H1: Failed modifying SUIUSD
0	15:56:51.609	trend_dtrader XAUUSD,H1: Failed modifying SUIUSD
0	15:56:52.648	trend_dtrader XAUUSD,H1: Failed modifying TRXUSD
0	15:56:52.648	trend_dtrader XAUUSD,H1: Failed modifying TRXUSD
0	15:56:53.621	trend_dtrader XAUUSD,H1: Failed modifying UNIUSD
0	15:56:53.621	trend_dtrader XAUUSD,H1: Failed modifying UNIUSD
0	15:56:54.658	trend_dtrader XAUUSD,H1: Failed modifying USDCAD
0	15:56:54.658	trend_dtrader XAUUSD,H1: Failed modifying USDCAD
0	15:56:55.648	trend_dtrader XAUUSD,H1: Failed modifying USDCHF
0	15:56:55.648	trend_dtrader XAUUSD,H1: Failed modifying USDCHF
0	15:56:56.634	trend_dtrader XAUUSD,H1: Failed modifying USDJPY
0	15:56:56.634	trend_dtrader XAUUSD,H1: Failed modifying USDJPY
0	15:56:57.671	trend_dtrader XAUUSD,H1: Failed modifying USDMXN
0	15:56:57.671	trend_dtrader XAUUSD,H1: Failed modifying USDMXN
0	15:56:58.650	trend_dtrader XAUUSD,H1: Failed modifying USDZAR
0	15:56:58.650	trend_dtrader XAUUSD,H1: Failed modifying USDZAR
0	15:56:59.623	trend_dtrader XAUUSD,H1: Failed modifying XAGUSD
0	15:56:59.623	trend_dtrader XAUUSD,H1: Failed modifying XAGUSD
0	15:57:00.614	trend_dtrader XAUUSD,H1: Failed modifying XAUUSD
0	15:57:00.614	trend_dtrader XAUUSD,H1: Failed modifying XAUUSD
0	15:57:01.603	trend_dtrader XAUUSD,H1: Failed modifying XBRUSD
0	15:57:01.603	trend_dtrader XAUUSD,H1: Failed modifying XBRUSD
0	15:57:02.625	trend_dtrader XAUUSD,H1: Failed modifying XNGUSD
0	15:57:02.625	trend_dtrader XAUUSD,H1: Failed modifying XNGUSD
0	15:57:03.617	trend_dtrader XAUUSD,H1: Failed modifying XRPUSD
0	15:57:03.617	trend_dtrader XAUUSD,H1: Failed modifying XRPUSD
0	15:57:03.617	trend_dtrader XAUUSD,H1: Failed modifying XRPUSD
0	15:57:04.638	trend_dtrader XAUUSD,H1: Failed modifying XTIUSD
0	15:57:04.638	trend_dtrader XAUUSD,H1: Failed modifying XTIUSD
0	15:57:04.638	trend_dtrader XAUUSD,H1: Failed modifying XTIUSD
0	15:57:05.646	trend_dtrader XAUUSD,H1: Failed modifying AAVEUSD
0	15:57:05.646	trend_dtrader XAUUSD,H1: Failed modifying AAVEUSD
0	15:57:06.620	trend_dtrader XAUUSD,H1: Failed modifying ADAUSD
0	15:57:06.620	trend_dtrader XAUUSD,H1: Failed modifying ADAUSD
0	15:57:07.612	trend_dtrader XAUUSD,H1: Failed modifying ALGOUSD
0	15:57:07.612	trend_dtrader XAUUSD,H1: Failed modifying ALGOUSD
0	15:57:08.603	trend_dtrader XAUUSD,H1: Failed modifying APTUSD
0	15:57:08.603	trend_dtrader XAUUSD,H1: Failed modifying APTUSD
0	15:57:09.656	trend_dtrader XAUUSD,H1: Failed modifying ARBUSD
0	15:57:09.656	trend_dtrader XAUUSD,H1: Failed modifying ARBUSD
0	15:57:10.643	trend_dtrader XAUUSD,H1: Failed modifying ATOMUSD
0	15:57:10.643	trend_dtrader XAUUSD,H1: Failed modifying ATOMUSD
0	15:57:11.649	trend_dtrader XAUUSD,H1: Failed modifying AUDUSD
0	15:57:11.649	trend_dtrader XAUUSD,H1: Failed modifying AUDUSD
0	15:57:12.642	trend_dtrader XAUUSD,H1: Failed modifying AVAXUSD
0	15:57:12.642	trend_dtrader XAUUSD,H1: Failed modifying AVAXUSD
0	15:57:13.620	trend_dtrader XAUUSD,H1: Failed modifying AXSUSD
0	15:57:13.620	trend_dtrader XAUUSD,H1: Failed modifying AXSUSD
0	15:57:14.630	trend_dtrader XAUUSD,H1: Failed modifying BCHUSD
0	15:57:14.630	trend_dtrader XAUUSD,H1: Failed modifying BCHUSD
0	15:57:15.662	trend_dtrader XAUUSD,H1: Failed modifying BNBUSD
0	15:57:15.662	trend_dtrader XAUUSD,H1: Failed modifying BNBUSD
0	15:57:16.653	trend_dtrader XAUUSD,H1: Failed modifying BTCUSD
0	15:57:16.653	trend_dtrader XAUUSD,H1: Failed modifying BTCUSD
0	15:57:17.630	trend_dtrader XAUUSD,H1: Failed modifying DASHUSD
0	15:57:17.630	trend_dtrader XAUUSD,H1: Failed modifying DASHUSD
0	15:57:18.619	trend_dtrader XAUUSD,H1: Failed modifying DOGEUSD
0	15:57:18.619	trend_dtrader XAUUSD,H1: Failed modifying DOGEUSD
0	15:57:19.753	trend_dtrader XAUUSD,H1: Failed modifying DOTUSD
0	15:57:19.753	trend_dtrader XAUUSD,H1: Failed modifying DOTUSD
0	15:57:20.600	trend_dtrader XAUUSD,H1: Failed modifying ETCUSD
0	15:57:20.600	trend_dtrader XAUUSD,H1: Failed modifying ETCUSD
0	15:57:21.636	trend_dtrader XAUUSD,H1: Failed modifying ETHUSD
0	15:57:21.636	trend_dtrader XAUUSD,H1: Failed modifying ETHUSD
0	15:57:22.609	trend_dtrader XAUUSD,H1: Failed modifying EURUSD
0	15:57:22.609	trend_dtrader XAUUSD,H1: Failed modifying EURUSD
0	15:57:23.599	trend_dtrader XAUUSD,H1: Failed modifying FETUSD
0	15:57:23.599	trend_dtrader XAUUSD,H1: Failed modifying FETUSD
0	15:57:24.620	trend_dtrader XAUUSD,H1: Failed modifying FILUSD
0	15:57:24.620	trend_dtrader XAUUSD,H1: Failed modifying FILUSD
0	15:57:25.632	trend_dtrader XAUUSD,H1: Failed modifying FTMUSD
0	15:57:25.632	trend_dtrader XAUUSD,H1: Failed modifying FTMUSD
0	15:57:26.607	trend_dtrader XAUUSD,H1: Failed modifying GBPUSD
0	15:57:26.607	trend_dtrader XAUUSD,H1: Failed modifying GBPUSD
0	15:57:27.611	trend_dtrader XAUUSD,H1: Failed modifying GRTUSD
0	15:57:27.611	trend_dtrader XAUUSD,H1: Failed modifying GRTUSD
0	15:57:28.630	trend_dtrader XAUUSD,H1: Failed modifying ICPUSD
0	15:57:28.630	trend_dtrader XAUUSD,H1: Failed modifying ICPUSD
0	15:57:29.651	trend_dtrader XAUUSD,H1: Failed modifying IOTAUSD
0	15:57:29.651	trend_dtrader XAUUSD,H1: Failed modifying IOTAUSD
0	15:57:30.767	trend_dtrader XAUUSD,H1: Failed modifying LINKUSD
0	15:57:30.767	trend_dtrader XAUUSD,H1: Failed modifying LINKUSD
0	15:57:31.619	trend_dtrader XAUUSD,H1: Failed modifying LRCUSD
0	15:57:31.619	trend_dtrader XAUUSD,H1: Failed modifying LRCUSD
0	15:57:32.672	trend_dtrader XAUUSD,H1: Failed modifying LTCUSD
0	15:57:32.672	trend_dtrader XAUUSD,H1: Failed modifying LTCUSD
0	15:57:33.614	trend_dtrader XAUUSD,H1: Failed modifying MANAUSD
0	15:57:33.614	trend_dtrader XAUUSD,H1: Failed modifying MANAUSD
0	15:57:34.607	trend_dtrader XAUUSD,H1: Failed modifying MATICUSD
0	15:57:34.607	trend_dtrader XAUUSD,H1: Failed modifying MATICUSD
0	15:57:35.662	trend_dtrader XAUUSD,H1: Failed modifying NEARUSD
0	15:57:35.662	trend_dtrader XAUUSD,H1: Failed modifying NEARUSD
0	15:57:35.662	trend_dtrader XAUUSD,H1: Failed modifying NEARUSD
0	15:57:36.619	trend_dtrader XAUUSD,H1: Failed modifying NZDUSD
0	15:57:36.619	trend_dtrader XAUUSD,H1: Failed modifying NZDUSD
0	15:57:36.619	trend_dtrader XAUUSD,H1: Failed modifying NZDUSD
0	15:57:37.638	trend_dtrader XAUUSD,H1: Failed modifying SOLUSD
0	15:57:37.638	trend_dtrader XAUUSD,H1: Failed modifying SOLUSD
0	15:57:37.638	trend_dtrader XAUUSD,H1: Failed modifying SOLUSD
0	15:57:38.612	trend_dtrader XAUUSD,H1: Failed modifying SUIUSD
0	15:57:38.612	trend_dtrader XAUUSD,H1: Failed modifying SUIUSD
0	15:57:38.612	trend_dtrader XAUUSD,H1: Failed modifying SUIUSD
0	15:57:39.635	trend_dtrader XAUUSD,H1: Failed modifying TRXUSD
0	15:57:39.635	trend_dtrader XAUUSD,H1: Failed modifying TRXUSD
0	15:57:39.635	trend_dtrader XAUUSD,H1: Failed modifying TRXUSD
0	15:57:40.606	trend_dtrader XAUUSD,H1: Failed modifying UNIUSD
0	15:57:40.606	trend_dtrader XAUUSD,H1: Failed modifying UNIUSD
0	15:57:40.606	trend_dtrader XAUUSD,H1: Failed modifying UNIUSD
0	15:57:41.611	trend_dtrader XAUUSD,H1: Failed modifying USDCAD
0	15:57:41.611	trend_dtrader XAUUSD,H1: Failed modifying USDCAD
0	15:57:41.611	trend_dtrader XAUUSD,H1: Failed modifying USDCAD
2	15:57:42.774	trend_dtrader XAUUSD,H1: modify #479595280 sell 0.30 NZDUSD at 0.59980 sl: 0.59545 tp: 0.59109 ok
0	15:57:42.774	trend_dtrader XAUUSD,H1: Alert: NZDUSD has been assigned a breakeven 0.595445
0	15:57:42.774	trend_dtrader XAUUSD,H1: Failed modifying USDCHF
0	15:57:42.774	trend_dtrader XAUUSD,H1: Failed modifying USDCHF
0	15:57:43.608	trend_dtrader XAUUSD,H1: Failed modifying USDJPY
0	15:57:43.608	trend_dtrader XAUUSD,H1: Failed modifying USDJPY
0	15:57:44.601	trend_dtrader XAUUSD,H1: Failed modifying USDMXN
0	15:57:44.601	trend_dtrader XAUUSD,H1: Failed modifying USDMXN
0	15:57:45.639	trend_dtrader XAUUSD,H1: Failed modifying USDZAR
0	15:57:45.639	trend_dtrader XAUUSD,H1: Failed modifying USDZAR
0	15:57:46.599	trend_dtrader XAUUSD,H1: Failed modifying XAGUSD
0	15:57:46.599	trend_dtrader XAUUSD,H1: Failed modifying XAGUSD
0	15:57:47.605	trend_dtrader XAUUSD,H1: Failed modifying XAUUSD
0	15:57:47.605	trend_dtrader XAUUSD,H1: Failed modifying XAUUSD
0	15:57:48.657	trend_dtrader XAUUSD,H1: Failed modifying XBRUSD
0	15:57:48.657	trend_dtrader XAUUSD,H1: Failed modifying XBRUSD
0	15:57:49.607	trend_dtrader XAUUSD,H1: Failed modifying XNGUSD
0	15:57:49.607	trend_dtrader XAUUSD,H1: Failed modifying XNGUSD
0	15:57:50.600	trend_dtrader XAUUSD,H1: Failed modifying XRPUSD
0	15:57:50.600	trend_dtrader XAUUSD,H1: Failed modifying XRPUSD
0	15:57:51.651	trend_dtrader XAUUSD,H1: Failed modifying XTIUSD
0	15:57:51.651	trend_dtrader XAUUSD,H1: Failed modifying XTIUSD
0	15:57:52.627	trend_dtrader XAUUSD,H1: Failed modifying AAVEUSD
0	15:57:52.627	trend_dtrader XAUUSD,H1: Failed modifying AAVEUSD
0	15:57:53.614	trend_dtrader XAUUSD,H1: Failed modifying ADAUSD
0	15:57:53.614	trend_dtrader XAUUSD,H1: Failed modifying ADAUSD
0	15:57:54.608	trend_dtrader XAUUSD,H1: Failed modifying ALGOUSD
0	15:57:54.608	trend_dtrader XAUUSD,H1: Failed modifying ALGOUSD
0	15:57:55.623	trend_dtrader XAUUSD,H1: Failed modifying APTUSD
0	15:57:55.623	trend_dtrader XAUUSD,H1: Failed modifying APTUSD
0	15:57:56.608	trend_dtrader XAUUSD,H1: Failed modifying ARBUSD
0	15:57:56.608	trend_dtrader XAUUSD,H1: Failed modifying ARBUSD
0	15:57:57.616	trend_dtrader XAUUSD,H1: Failed modifying ATOMUSD
0	15:57:58.616	trend_dtrader XAUUSD,H1: Failed modifying AUDUSD
0	15:57:58.616	trend_dtrader XAUUSD,H1: Failed modifying AUDUSD
0	15:57:59.617	trend_dtrader XAUUSD,H1: Failed modifying AVAXUSD
0	15:58:00.624	trend_dtrader XAUUSD,H1: Failed modifying AXSUSD
0	15:58:00.624	trend_dtrader XAUUSD,H1: Failed modifying AXSUSD
0	15:58:01.625	trend_dtrader XAUUSD,H1: Failed modifying BCHUSD
0	15:58:01.625	trend_dtrader XAUUSD,H1: Failed modifying BCHUSD
0	15:58:02.678	trend_dtrader XAUUSD,H1: Failed modifying BNBUSD
0	15:58:02.678	trend_dtrader XAUUSD,H1: Failed modifying BNBUSD
0	15:58:03.626	trend_dtrader XAUUSD,H1: Failed modifying BTCUSD
0	15:58:03.626	trend_dtrader XAUUSD,H1: Failed modifying BTCUSD
0	15:58:04.636	trend_dtrader XAUUSD,H1: Failed modifying DASHUSD
0	15:58:04.636	trend_dtrader XAUUSD,H1: Failed modifying DASHUSD
0	15:58:05.624	trend_dtrader XAUUSD,H1: Failed modifying DOGEUSD
0	15:58:05.624	trend_dtrader XAUUSD,H1: Failed modifying DOGEUSD
0	15:58:06.623	trend_dtrader XAUUSD,H1: Failed modifying DOTUSD
0	15:58:06.623	trend_dtrader XAUUSD,H1: Failed modifying DOTUSD
0	15:58:07.608	trend_dtrader XAUUSD,H1: Failed modifying ETCUSD
0	15:58:07.608	trend_dtrader XAUUSD,H1: Failed modifying ETCUSD
0	15:58:08.626	trend_dtrader XAUUSD,H1: Failed modifying ETHUSD
0	15:58:08.626	trend_dtrader XAUUSD,H1: Failed modifying ETHUSD
0	15:58:09.625	trend_dtrader XAUUSD,H1: Failed modifying EURUSD
0	15:58:09.625	trend_dtrader XAUUSD,H1: Failed modifying EURUSD
0	15:58:10.622	trend_dtrader XAUUSD,H1: Failed modifying FETUSD
0	15:58:10.622	trend_dtrader XAUUSD,H1: Failed modifying FETUSD
0	15:58:11.602	trend_dtrader XAUUSD,H1: Failed modifying FILUSD
0	15:58:11.602	trend_dtrader XAUUSD,H1: Failed modifying FILUSD
0	15:58:12.629	trend_dtrader XAUUSD,H1: Failed modifying FTMUSD
0	15:58:12.629	trend_dtrader XAUUSD,H1: Failed modifying FTMUSD
0	15:58:13.618	trend_dtrader XAUUSD,H1: Failed modifying GBPUSD
0	15:58:13.618	trend_dtrader XAUUSD,H1: Failed modifying GBPUSD
0	15:58:14.614	trend_dtrader XAUUSD,H1: Failed modifying GRTUSD
0	15:58:14.614	trend_dtrader XAUUSD,H1: Failed modifying GRTUSD
0	15:58:15.627	trend_dtrader XAUUSD,H1: Failed modifying ICPUSD
0	15:58:15.627	trend_dtrader XAUUSD,H1: Failed modifying ICPUSD
0	15:58:16.631	trend_dtrader XAUUSD,H1: Failed modifying IOTAUSD
0	15:58:16.631	trend_dtrader XAUUSD,H1: Failed modifying IOTAUSD
0	15:58:17.677	trend_dtrader XAUUSD,H1: Failed modifying LINKUSD
0	15:58:17.677	trend_dtrader XAUUSD,H1: Failed modifying LINKUSD
0	15:58:18.609	trend_dtrader XAUUSD,H1: Failed modifying LRCUSD
0	15:58:18.609	trend_dtrader XAUUSD,H1: Failed modifying LRCUSD
0	15:58:19.627	trend_dtrader XAUUSD,H1: Failed modifying LTCUSD
0	15:58:19.627	trend_dtrader XAUUSD,H1: Failed modifying LTCUSD
0	15:58:20.628	trend_dtrader XAUUSD,H1: Failed modifying MANAUSD
0	15:58:20.628	trend_dtrader XAUUSD,H1: Failed modifying MANAUSD
0	15:58:21.623	trend_dtrader XAUUSD,H1: Failed modifying MATICUSD
0	15:58:21.623	trend_dtrader XAUUSD,H1: Failed modifying MATICUSD
0	15:58:22.633	trend_dtrader XAUUSD,H1: Failed modifying NEARUSD
0	15:58:22.633	trend_dtrader XAUUSD,H1: Failed modifying NEARUSD
0	15:58:23.616	trend_dtrader XAUUSD,H1: Failed modifying NZDUSD
0	15:58:23.616	trend_dtrader XAUUSD,H1: Failed modifying NZDUSD
0	15:58:24.714	trend_dtrader XAUUSD,H1: Failed modifying SOLUSD
0	15:58:24.714	trend_dtrader XAUUSD,H1: Failed modifying SOLUSD
0	15:58:25.754	trend_dtrader XAUUSD,H1: Failed modifying SUIUSD
0	15:58:25.754	trend_dtrader XAUUSD,H1: Failed modifying SUIUSD
0	15:58:26.609	trend_dtrader XAUUSD,H1: Failed modifying TRXUSD
0	15:58:26.609	trend_dtrader XAUUSD,H1: Failed modifying TRXUSD
0	15:58:27.617	trend_dtrader XAUUSD,H1: Failed modifying UNIUSD
0	15:58:27.617	trend_dtrader XAUUSD,H1: Failed modifying UNIUSD
0	15:58:28.620	trend_dtrader XAUUSD,H1: Failed modifying USDCAD
0	15:58:28.620	trend_dtrader XAUUSD,H1: Failed modifying USDCAD
0	15:58:29.621	trend_dtrader XAUUSD,H1: Failed modifying USDCHF
0	15:58:29.621	trend_dtrader XAUUSD,H1: Failed modifying USDCHF
0	15:58:30.622	trend_dtrader XAUUSD,H1: Failed modifying USDJPY
0	15:58:30.622	trend_dtrader XAUUSD,H1: Failed modifying USDJPY
0	15:58:31.621	trend_dtrader XAUUSD,H1: Failed modifying USDMXN
0	15:58:31.621	trend_dtrader XAUUSD,H1: Failed modifying USDMXN
0	15:58:32.626	trend_dtrader XAUUSD,H1: Failed modifying USDZAR
0	15:58:32.626	trend_dtrader XAUUSD,H1: Failed modifying USDZAR
0	15:58:33.620	trend_dtrader XAUUSD,H1: Failed modifying XAGUSD
0	15:58:33.620	trend_dtrader XAUUSD,H1: Failed modifying XAGUSD
0	15:58:34.638	trend_dtrader XAUUSD,H1: Failed modifying XAUUSD
0	15:58:34.638	trend_dtrader XAUUSD,H1: Failed modifying XAUUSD
0	15:58:35.654	trend_dtrader XAUUSD,H1: Failed modifying XBRUSD
0	15:58:35.654	trend_dtrader XAUUSD,H1: Failed modifying XBRUSD
0	15:58:36.611	trend_dtrader XAUUSD,H1: Failed modifying XNGUSD
0	15:58:36.611	trend_dtrader XAUUSD,H1: Failed modifying XNGUSD
0	15:58:37.624	trend_dtrader XAUUSD,H1: Failed modifying XRPUSD
0	15:58:37.624	trend_dtrader XAUUSD,H1: Failed modifying XRPUSD
0	15:58:38.620	trend_dtrader XAUUSD,H1: Failed modifying XTIUSD
0	15:58:38.620	trend_dtrader XAUUSD,H1: Failed modifying XTIUSD
0	15:58:39.619	trend_dtrader XAUUSD,H1: Failed modifying AAVEUSD
0	15:58:39.619	trend_dtrader XAUUSD,H1: Failed modifying AAVEUSD
0	15:58:40.622	trend_dtrader XAUUSD,H1: Failed modifying ADAUSD
0	15:58:40.622	trend_dtrader XAUUSD,H1: Failed modifying ADAUSD
0	15:58:41.663	trend_dtrader XAUUSD,H1: Failed modifying ALGOUSD
0	15:58:41.663	trend_dtrader XAUUSD,H1: Failed modifying ALGOUSD
0	15:58:42.639	trend_dtrader XAUUSD,H1: Failed modifying APTUSD
0	15:58:42.639	trend_dtrader XAUUSD,H1: Failed modifying APTUSD
0	15:58:43.628	trend_dtrader XAUUSD,H1: Failed modifying ARBUSD
0	15:58:43.628	trend_dtrader XAUUSD,H1: Failed modifying ARBUSD
0	15:58:44.620	trend_dtrader XAUUSD,H1: Failed modifying ATOMUSD
0	15:58:44.620	trend_dtrader XAUUSD,H1: Failed modifying ATOMUSD
0	15:58:45.667	trend_dtrader XAUUSD,H1: Failed modifying AUDUSD
0	15:58:45.667	trend_dtrader XAUUSD,H1: Failed modifying AUDUSD
0	15:58:46.620	trend_dtrader XAUUSD,H1: Failed modifying AVAXUSD
0	15:58:46.620	trend_dtrader XAUUSD,H1: Failed modifying AVAXUSD
0	15:58:47.616	trend_dtrader XAUUSD,H1: Failed modifying AXSUSD
0	15:58:47.616	trend_dtrader XAUUSD,H1: Failed modifying AXSUSD
0	15:58:48.625	trend_dtrader XAUUSD,H1: Failed modifying BCHUSD
0	15:58:48.625	trend_dtrader XAUUSD,H1: Failed modifying BCHUSD
0	15:58:49.621	trend_dtrader XAUUSD,H1: Failed modifying BNBUSD
0	15:58:49.621	trend_dtrader XAUUSD,H1: Failed modifying BNBUSD
0	15:58:50.628	trend_dtrader XAUUSD,H1: Failed modifying BTCUSD
0	15:58:50.628	trend_dtrader XAUUSD,H1: Failed modifying BTCUSD
0	15:58:51.612	trend_dtrader XAUUSD,H1: Failed modifying DASHUSD
0	15:58:51.612	trend_dtrader XAUUSD,H1: Failed modifying DASHUSD
0	15:58:52.615	trend_dtrader XAUUSD,H1: Failed modifying DOGEUSD
0	15:58:52.615	trend_dtrader XAUUSD,H1: Failed modifying DOGEUSD
0	15:58:53.674	trend_dtrader XAUUSD,H1: Failed modifying DOTUSD
0	15:58:53.674	trend_dtrader XAUUSD,H1: Failed modifying DOTUSD
0	15:58:54.632	trend_dtrader XAUUSD,H1: Failed modifying ETCUSD
0	15:58:54.632	trend_dtrader XAUUSD,H1: Failed modifying ETCUSD
0	15:58:55.652	trend_dtrader XAUUSD,H1: Failed modifying ETHUSD
0	15:58:55.652	trend_dtrader XAUUSD,H1: Failed modifying ETHUSD
0	15:58:56.637	trend_dtrader XAUUSD,H1: Failed modifying EURUSD
0	15:58:56.637	trend_dtrader XAUUSD,H1: Failed modifying EURUSD
0	15:58:57.614	trend_dtrader XAUUSD,H1: Failed modifying FETUSD
0	15:58:57.615	trend_dtrader XAUUSD,H1: Failed modifying FETUSD
0	15:58:58.624	trend_dtrader XAUUSD,H1: Failed modifying FILUSD
0	15:58:58.624	trend_dtrader XAUUSD,H1: Failed modifying FILUSD
0	15:58:59.651	trend_dtrader XAUUSD,H1: Failed modifying FTMUSD
0	15:58:59.651	trend_dtrader XAUUSD,H1: Failed modifying FTMUSD
0	15:59:00.624	trend_dtrader XAUUSD,H1: Failed modifying GBPUSD
0	15:59:00.624	trend_dtrader XAUUSD,H1: Failed modifying GBPUSD
0	15:59:01.618	trend_dtrader XAUUSD,H1: Failed modifying GRTUSD
0	15:59:01.618	trend_dtrader XAUUSD,H1: Failed modifying GRTUSD
0	15:59:02.650	trend_dtrader XAUUSD,H1: Failed modifying ICPUSD
0	15:59:02.650	trend_dtrader XAUUSD,H1: Failed modifying ICPUSD
0	15:59:03.621	trend_dtrader XAUUSD,H1: Failed modifying IOTAUSD
0	15:59:03.621	trend_dtrader XAUUSD,H1: Failed modifying IOTAUSD
0	15:59:04.615	trend_dtrader XAUUSD,H1: Failed modifying LINKUSD
0	15:59:04.615	trend_dtrader XAUUSD,H1: Failed modifying LINKUSD
0	15:59:05.623	trend_dtrader XAUUSD,H1: Failed modifying LRCUSD
0	15:59:05.623	trend_dtrader XAUUSD,H1: Failed modifying LRCUSD
0	15:59:06.614	trend_dtrader XAUUSD,H1: Failed modifying LTCUSD
0	15:59:06.614	trend_dtrader XAUUSD,H1: Failed modifying LTCUSD
0	15:59:07.619	trend_dtrader XAUUSD,H1: Failed modifying MANAUSD
0	15:59:07.619	trend_dtrader XAUUSD,H1: Failed modifying MANAUSD
0	15:59:08.613	trend_dtrader XAUUSD,H1: Failed modifying MATICUSD
0	15:59:08.613	trend_dtrader XAUUSD,H1: Failed modifying MATICUSD
0	15:59:09.617	trend_dtrader XAUUSD,H1: Failed modifying NEARUSD
0	15:59:09.617	trend_dtrader XAUUSD,H1: Failed modifying NEARUSD
0	15:59:10.629	trend_dtrader XAUUSD,H1: Failed modifying NZDUSD
0	15:59:10.629	trend_dtrader XAUUSD,H1: Failed modifying NZDUSD
0	15:59:11.645	trend_dtrader XAUUSD,H1: Failed modifying SOLUSD
0	15:59:11.645	trend_dtrader XAUUSD,H1: Failed modifying SOLUSD
0	15:59:12.607	trend_dtrader XAUUSD,H1: Failed modifying SUIUSD
0	15:59:12.607	trend_dtrader XAUUSD,H1: Failed modifying SUIUSD
0	15:59:13.608	trend_dtrader XAUUSD,H1: Failed modifying TRXUSD
0	15:59:13.608	trend_dtrader XAUUSD,H1: Failed modifying TRXUSD
0	15:59:14.616	trend_dtrader XAUUSD,H1: Failed modifying UNIUSD
0	15:59:14.616	trend_dtrader XAUUSD,H1: Failed modifying UNIUSD
0	15:59:15.618	trend_dtrader XAUUSD,H1: Failed modifying USDCAD
0	15:59:15.618	trend_dtrader XAUUSD,H1: Failed modifying USDCAD
0	15:59:16.616	trend_dtrader XAUUSD,H1: Failed modifying USDCHF
0	15:59:16.616	trend_dtrader XAUUSD,H1: Failed modifying USDCHF
0	15:59:17.626	trend_dtrader XAUUSD,H1: Failed modifying USDJPY
0	15:59:17.626	trend_dtrader XAUUSD,H1: Failed modifying USDJPY
0	15:59:18.615	trend_dtrader XAUUSD,H1: Failed modifying USDMXN
0	15:59:18.615	trend_dtrader XAUUSD,H1: Failed modifying USDMXN
0	15:59:19.620	trend_dtrader XAUUSD,H1: Failed modifying USDZAR
0	15:59:19.620	trend_dtrader XAUUSD,H1: Failed modifying USDZAR
0	15:59:20.621	trend_dtrader XAUUSD,H1: Failed modifying XAGUSD
0	15:59:20.621	trend_dtrader XAUUSD,H1: Failed modifying XAGUSD
0	15:59:21.676	trend_dtrader XAUUSD,H1: Failed modifying XAUUSD
0	15:59:21.676	trend_dtrader XAUUSD,H1: Failed modifying XAUUSD
0	15:59:22.628	trend_dtrader XAUUSD,H1: Failed modifying XBRUSD
0	15:59:22.628	trend_dtrader XAUUSD,H1: Failed modifying XBRUSD
0	15:59:23.625	trend_dtrader XAUUSD,H1: Failed modifying XNGUSD
0	15:59:23.625	trend_dtrader XAUUSD,H1: Failed modifying XNGUSD
0	15:59:24.610	trend_dtrader XAUUSD,H1: Failed modifying XRPUSD
0	15:59:24.610	trend_dtrader XAUUSD,H1: Failed modifying XRPUSD
0	15:59:25.667	trend_dtrader XAUUSD,H1: Failed modifying XTIUSD
0	15:59:25.667	trend_dtrader XAUUSD,H1: Failed modifying XTIUSD
0	15:59:26.633	trend_dtrader XAUUSD,H1: Failed modifying AAVEUSD
0	15:59:26.633	trend_dtrader XAUUSD,H1: Failed modifying AAVEUSD
0	15:59:27.618	trend_dtrader XAUUSD,H1: Failed modifying ADAUSD
0	15:59:27.618	trend_dtrader XAUUSD,H1: Failed modifying ADAUSD
0	15:59:28.636	trend_dtrader XAUUSD,H1: Failed modifying ALGOUSD
0	15:59:28.636	trend_dtrader XAUUSD,H1: Failed modifying ALGOUSD
0	15:59:29.610	trend_dtrader XAUUSD,H1: Failed modifying APTUSD
0	15:59:29.610	trend_dtrader XAUUSD,H1: Failed modifying APTUSD
0	15:59:30.611	trend_dtrader XAUUSD,H1: Failed modifying ARBUSD
0	15:59:30.611	trend_dtrader XAUUSD,H1: Failed modifying ARBUSD
0	15:59:31.615	trend_dtrader XAUUSD,H1: Failed modifying ATOMUSD
0	15:59:31.615	trend_dtrader XAUUSD,H1: Failed modifying ATOMUSD
0	15:59:32.616	trend_dtrader XAUUSD,H1: Failed modifying AUDUSD
0	15:59:32.616	trend_dtrader XAUUSD,H1: Failed modifying AUDUSD
0	15:59:33.627	trend_dtrader XAUUSD,H1: Failed modifying AVAXUSD
0	15:59:33.627	trend_dtrader XAUUSD,H1: Failed modifying AVAXUSD
0	15:59:34.600	trend_dtrader XAUUSD,H1: Failed modifying AXSUSD
0	15:59:34.600	trend_dtrader XAUUSD,H1: Failed modifying AXSUSD
0	15:59:35.611	trend_dtrader XAUUSD,H1: Failed modifying BCHUSD
0	15:59:35.611	trend_dtrader XAUUSD,H1: Failed modifying BCHUSD
0	15:59:36.631	trend_dtrader XAUUSD,H1: Failed modifying BNBUSD
0	15:59:36.631	trend_dtrader XAUUSD,H1: Failed modifying BNBUSD
0	15:59:37.737	trend_dtrader XAUUSD,H1: Failed modifying BTCUSD
0	15:59:37.737	trend_dtrader XAUUSD,H1: Failed modifying BTCUSD
0	15:59:38.604	trend_dtrader XAUUSD,H1: Failed modifying DASHUSD
0	15:59:38.604	trend_dtrader XAUUSD,H1: Failed modifying DASHUSD
0	15:59:39.608	trend_dtrader XAUUSD,H1: Failed modifying DOGEUSD
0	15:59:39.608	trend_dtrader XAUUSD,H1: Failed modifying DOGEUSD
0	15:59:40.613	trend_dtrader XAUUSD,H1: Failed modifying DOTUSD
0	15:59:40.613	trend_dtrader XAUUSD,H1: Failed modifying DOTUSD
0	15:59:41.617	trend_dtrader XAUUSD,H1: Failed modifying ETCUSD
0	15:59:41.617	trend_dtrader XAUUSD,H1: Failed modifying ETCUSD
0	15:59:42.623	trend_dtrader XAUUSD,H1: Failed modifying ETHUSD
0	15:59:42.623	trend_dtrader XAUUSD,H1: Failed modifying ETHUSD
0	15:59:43.615	trend_dtrader XAUUSD,H1: Failed modifying EURUSD
0	15:59:43.615	trend_dtrader XAUUSD,H1: Failed modifying EURUSD
0	15:59:44.621	trend_dtrader XAUUSD,H1: Failed modifying FETUSD
0	15:59:44.621	trend_dtrader XAUUSD,H1: Failed modifying FETUSD
0	15:59:45.676	trend_dtrader XAUUSD,H1: Failed modifying FILUSD
0	15:59:45.676	trend_dtrader XAUUSD,H1: Failed modifying FILUSD
0	15:59:46.616	trend_dtrader XAUUSD,H1: Failed modifying FTMUSD
0	15:59:46.616	trend_dtrader XAUUSD,H1: Failed modifying FTMUSD
0	15:59:47.623	trend_dtrader XAUUSD,H1: Failed modifying GBPUSD
0	15:59:47.623	trend_dtrader XAUUSD,H1: Failed modifying GBPUSD
0	15:59:48.645	trend_dtrader XAUUSD,H1: Failed modifying GRTUSD
0	15:59:48.645	trend_dtrader XAUUSD,H1: Failed modifying GRTUSD
0	15:59:49.668	trend_dtrader XAUUSD,H1: Failed modifying ICPUSD
0	15:59:49.668	trend_dtrader XAUUSD,H1: Failed modifying ICPUSD
0	15:59:50.626	trend_dtrader XAUUSD,H1: Failed modifying IOTAUSD
0	15:59:50.626	trend_dtrader XAUUSD,H1: Failed modifying IOTAUSD
0	15:59:51.614	trend_dtrader XAUUSD,H1: Failed modifying LINKUSD
0	15:59:51.614	trend_dtrader XAUUSD,H1: Failed modifying LINKUSD
0	15:59:52.633	trend_dtrader XAUUSD,H1: Failed modifying LRCUSD
0	15:59:52.633	trend_dtrader XAUUSD,H1: Failed modifying LRCUSD
0	15:59:53.638	trend_dtrader XAUUSD,H1: Failed modifying LTCUSD
0	15:59:53.638	trend_dtrader XAUUSD,H1: Failed modifying LTCUSD
0	15:59:54.631	trend_dtrader XAUUSD,H1: Failed modifying MANAUSD
0	15:59:54.631	trend_dtrader XAUUSD,H1: Failed modifying MANAUSD
0	15:59:55.656	trend_dtrader XAUUSD,H1: Failed modifying MATICUSD
0	15:59:55.656	trend_dtrader XAUUSD,H1: Failed modifying MATICUSD
0	15:59:56.629	trend_dtrader XAUUSD,H1: Failed modifying NEARUSD
0	15:59:56.629	trend_dtrader XAUUSD,H1: Failed modifying NEARUSD
0	15:59:57.637	trend_dtrader XAUUSD,H1: Failed modifying NZDUSD
0	15:59:57.637	trend_dtrader XAUUSD,H1: Failed modifying NZDUSD
0	15:59:58.676	trend_dtrader XAUUSD,H1: Failed modifying SOLUSD
0	15:59:58.676	trend_dtrader XAUUSD,H1: Failed modifying SOLUSD
0	15:59:59.635	trend_dtrader XAUUSD,H1: Failed modifying SUIUSD
0	15:59:59.635	trend_dtrader XAUUSD,H1: Failed modifying SUIUSD
0	16:00:00.751	trend_dtrader XAUUSD,H1: Failed modifying SUIUSD
0	16:00:00.751	trend_dtrader XAUUSD,H1: Failed modifying SUIUSD
0	16:00:01.661	trend_dtrader XAUUSD,H1: Failed modifying SUIUSD
0	16:00:01.661	trend_dtrader XAUUSD,H1: Failed modifying SUIUSD
0	16:00:02.617	trend_dtrader XAUUSD,H1: Failed modifying SUIUSD
0	16:00:02.617	trend_dtrader XAUUSD,H1: Failed modifying SUIUSD
0	16:00:03.621	trend_dtrader XAUUSD,H1: Failed modifying SUIUSD
0	16:00:03.621	trend_dtrader XAUUSD,H1: Failed modifying SUIUSD
0	16:00:04.623	trend_dtrader XAUUSD,H1: Failed modifying SUIUSD
0	16:00:04.623	trend_dtrader XAUUSD,H1: Failed modifying SUIUSD
0	16:00:05.628	trend_dtrader XAUUSD,H1: Failed modifying SUIUSD
0	16:00:05.628	trend_dtrader XAUUSD,H1: Failed modifying SUIUSD
0	16:00:06.616	trend_dtrader XAUUSD,H1: Failed modifying SUIUSD
0	16:00:06.616	trend_dtrader XAUUSD,H1: Failed modifying SUIUSD
0	16:00:07.620	trend_dtrader XAUUSD,H1: Failed modifying SUIUSD
0	16:00:07.620	trend_dtrader XAUUSD,H1: Failed modifying SUIUSD
0	16:00:08.623	trend_dtrader XAUUSD,H1: Failed modifying SUIUSD
0	16:00:08.623	trend_dtrader XAUUSD,H1: Failed modifying SUIUSD
0	16:00:09.626	trend_dtrader XAUUSD,H1: Failed modifying SUIUSD
0	16:00:09.626	trend_dtrader XAUUSD,H1: Failed modifying SUIUSD
0	16:00:10.629	trend_dtrader XAUUSD,H1: Failed modifying SUIUSD
0	16:00:10.629	trend_dtrader XAUUSD,H1: Failed modifying SUIUSD
0	16:00:11.617	trend_dtrader XAUUSD,H1: Failed modifying SUIUSD
0	16:00:11.617	trend_dtrader XAUUSD,H1: Failed modifying SUIUSD
0	16:00:12.620	trend_dtrader XAUUSD,H1: Failed modifying SUIUSD
0	16:00:12.620	trend_dtrader XAUUSD,H1: Failed modifying SUIUSD
0	16:00:13.624	trend_dtrader XAUUSD,H1: Failed modifying SUIUSD
0	16:00:13.624	trend_dtrader XAUUSD,H1: Failed modifying SUIUSD
0	16:00:14.627	trend_dtrader XAUUSD,H1: Failed modifying SUIUSD
0	16:00:14.627	trend_dtrader XAUUSD,H1: Failed modifying SUIUSD
0	16:00:15.616	trend_dtrader XAUUSD,H1: Failed modifying SUIUSD
0	16:00:15.616	trend_dtrader XAUUSD,H1: Failed modifying SUIUSD
0	16:00:16.635	trend_dtrader XAUUSD,H1: Failed modifying SUIUSD
0	16:00:16.635	trend_dtrader XAUUSD,H1: Failed modifying SUIUSD
0	16:00:17.624	trend_dtrader XAUUSD,H1: Failed modifying SUIUSD
0	16:00:17.624	trend_dtrader XAUUSD,H1: Failed modifying SUIUSD
0	16:00:18.627	trend_dtrader XAUUSD,H1: Failed modifying SUIUSD
0	16:00:18.627	trend_dtrader XAUUSD,H1: Failed modifying SUIUSD
0	16:00:19.599	trend_dtrader XAUUSD,H1: Failed modifying SUIUSD
0	16:00:19.599	trend_dtrader XAUUSD,H1: Failed modifying SUIUSD
0	16:00:20.633	trend_dtrader XAUUSD,H1: Failed modifying SUIUSD
0	16:00:20.633	trend_dtrader XAUUSD,H1: Failed modifying SUIUSD
0	16:00:21.606	trend_dtrader XAUUSD,H1: Failed modifying SUIUSD
0	16:00:21.606	trend_dtrader XAUUSD,H1: Failed modifying SUIUSD
0	16:00:22.624	trend_dtrader XAUUSD,H1: Failed modifying SUIUSD
0	16:00:22.624	trend_dtrader XAUUSD,H1: Failed modifying SUIUSD
0	16:00:23.628	trend_dtrader XAUUSD,H1: Failed modifying SUIUSD
0	16:00:23.628	trend_dtrader XAUUSD,H1: Failed modifying SUIUSD
0	16:00:24.631	trend_dtrader XAUUSD,H1: Failed modifying SUIUSD
0	16:00:24.631	trend_dtrader XAUUSD,H1: Failed modifying SUIUSD
0	16:00:25.620	trend_dtrader XAUUSD,H1: Failed modifying SUIUSD
0	16:00:25.620	trend_dtrader XAUUSD,H1: Failed modifying SUIUSD
0	16:00:26.623	trend_dtrader XAUUSD,H1: Failed modifying SUIUSD
0	16:00:26.623	trend_dtrader XAUUSD,H1: Failed modifying SUIUSD
0	16:00:27.627	trend_dtrader XAUUSD,H1: Failed modifying SUIUSD
0	16:00:27.627	trend_dtrader XAUUSD,H1: Failed modifying SUIUSD
0	16:00:28.614	trend_dtrader XAUUSD,H1: Failed modifying SUIUSD
0	16:00:28.614	trend_dtrader XAUUSD,H1: Failed modifying SUIUSD
0	16:00:29.619	trend_dtrader XAUUSD,H1: Failed modifying SUIUSD
0	16:00:29.619	trend_dtrader XAUUSD,H1: Failed modifying SUIUSD
0	16:00:30.622	trend_dtrader XAUUSD,H1: Failed modifying SUIUSD
0	16:00:30.622	trend_dtrader XAUUSD,H1: Failed modifying SUIUSD
0	16:00:31.625	trend_dtrader XAUUSD,H1: Failed modifying SUIUSD
0	16:00:31.625	trend_dtrader XAUUSD,H1: Failed modifying SUIUSD
0	16:00:32.613	trend_dtrader XAUUSD,H1: Failed modifying SUIUSD
0	16:00:32.613	trend_dtrader XAUUSD,H1: Failed modifying SUIUSD
0	16:00:33.617	trend_dtrader XAUUSD,H1: Failed modifying SUIUSD
0	16:00:33.617	trend_dtrader XAUUSD,H1: Failed modifying SUIUSD
0	16:00:34.620	trend_dtrader XAUUSD,H1: Failed modifying SUIUSD
0	16:00:34.620	trend_dtrader XAUUSD,H1: Failed modifying SUIUSD
0	16:00:35.640	trend_dtrader XAUUSD,H1: Failed modifying SUIUSD
0	16:00:35.640	trend_dtrader XAUUSD,H1: Failed modifying SUIUSD
0	16:00:36.628	trend_dtrader XAUUSD,H1: Failed modifying SUIUSD
0	16:00:36.628	trend_dtrader XAUUSD,H1: Failed modifying SUIUSD
0	16:00:37.615	trend_dtrader XAUUSD,H1: Failed modifying SUIUSD
0	16:00:37.615	trend_dtrader XAUUSD,H1: Failed modifying SUIUSD
0	16:00:38.619	trend_dtrader XAUUSD,H1: Failed modifying SUIUSD
0	16:00:38.619	trend_dtrader XAUUSD,H1: Failed modifying SUIUSD
0	16:00:39.623	trend_dtrader XAUUSD,H1: Failed modifying SUIUSD
0	16:00:39.623	trend_dtrader XAUUSD,H1: Failed modifying SUIUSD
0	16:00:40.625	trend_dtrader XAUUSD,H1: Failed modifying SUIUSD
0	16:00:40.625	trend_dtrader XAUUSD,H1: Failed modifying SUIUSD
0	16:00:41.614	trend_dtrader XAUUSD,H1: Failed modifying SUIUSD
0	16:00:41.614	trend_dtrader XAUUSD,H1: Failed modifying SUIUSD
0	16:00:42.632	trend_dtrader XAUUSD,H1: Failed modifying SUIUSD
0	16:00:42.632	trend_dtrader XAUUSD,H1: Failed modifying SUIUSD
0	16:00:43.620	trend_dtrader XAUUSD,H1: Failed modifying SUIUSD
0	16:00:43.620	trend_dtrader XAUUSD,H1: Failed modifying SUIUSD
0	16:00:44.623	trend_dtrader XAUUSD,H1: Failed modifying SUIUSD
0	16:00:44.623	trend_dtrader XAUUSD,H1: Failed modifying SUIUSD
0	16:00:45.627	trend_dtrader XAUUSD,H1: Failed modifying SUIUSD
0	16:00:45.627	trend_dtrader XAUUSD,H1: Failed modifying SUIUSD
0	16:00:46.615	trend_dtrader XAUUSD,H1: Failed modifying SUIUSD
0	16:00:46.615	trend_dtrader XAUUSD,H1: Failed modifying SUIUSD
0	16:00:47.619	trend_dtrader XAUUSD,H1: Failed modifying SUIUSD
0	16:00:47.619	trend_dtrader XAUUSD,H1: Failed modifying SUIUSD
0	16:00:48.621	trend_dtrader XAUUSD,H1: Failed modifying SUIUSD
0	16:00:48.621	trend_dtrader XAUUSD,H1: Failed modifying SUIUSD
0	16:00:49.627	trend_dtrader XAUUSD,H1: Failed modifying SUIUSD
0	16:00:49.627	trend_dtrader XAUUSD,H1: Failed modifying SUIUSD
0	16:00:50.614	trend_dtrader XAUUSD,H1: Failed modifying SUIUSD
0	16:00:50.614	trend_dtrader XAUUSD,H1: Failed modifying SUIUSD
0	16:00:51.618	trend_dtrader XAUUSD,H1: Failed modifying SUIUSD
0	16:00:51.618	trend_dtrader XAUUSD,H1: Failed modifying SUIUSD
0	16:00:52.621	trend_dtrader XAUUSD,H1: Failed modifying SUIUSD
0	16:00:52.621	trend_dtrader XAUUSD,H1: Failed modifying SUIUSD
0	16:00:53.624	trend_dtrader XAUUSD,H1: Failed modifying SUIUSD
0	16:00:53.624	trend_dtrader XAUUSD,H1: Failed modifying SUIUSD
0	16:00:54.627	trend_dtrader XAUUSD,H1: Failed modifying SUIUSD
0	16:00:54.627	trend_dtrader XAUUSD,H1: Failed modifying SUIUSD
0	16:00:55.631	trend_dtrader XAUUSD,H1: Failed modifying SUIUSD
0	16:00:55.631	trend_dtrader XAUUSD,H1: Failed modifying SUIUSD
0	16:00:56.621	trend_dtrader XAUUSD,H1: Failed modifying SUIUSD
0	16:00:56.621	trend_dtrader XAUUSD,H1: Failed modifying SUIUSD
0	16:00:57.608	trend_dtrader XAUUSD,H1: Failed modifying SUIUSD
0	16:00:57.608	trend_dtrader XAUUSD,H1: Failed modifying SUIUSD
0	16:00:58.627	trend_dtrader XAUUSD,H1: Failed modifying SUIUSD
0	16:00:58.627	trend_dtrader XAUUSD,H1: Failed modifying SUIUSD
0	16:00:59.615	trend_dtrader XAUUSD,H1: Failed modifying SUIUSD
0	16:00:59.615	trend_dtrader XAUUSD,H1: Failed modifying SUIUSD
0	16:01:00.619	trend_dtrader XAUUSD,H1: Failed modifying SUIUSD
0	16:01:00.619	trend_dtrader XAUUSD,H1: Failed modifying SUIUSD
0	16:01:01.622	trend_dtrader XAUUSD,H1: Failed modifying SUIUSD
0	16:01:01.622	trend_dtrader XAUUSD,H1: Failed modifying SUIUSD
0	16:01:02.625	trend_dtrader XAUUSD,H1: Failed modifying SUIUSD
0	16:01:02.625	trend_dtrader XAUUSD,H1: Failed modifying SUIUSD
0	16:01:03.613	trend_dtrader XAUUSD,H1: Failed modifying SUIUSD
0	16:01:03.613	trend_dtrader XAUUSD,H1: Failed modifying SUIUSD
0	16:01:04.616	trend_dtrader XAUUSD,H1: Failed modifying SUIUSD
0	16:01:04.616	trend_dtrader XAUUSD,H1: Failed modifying SUIUSD
0	16:01:05.622	trend_dtrader XAUUSD,H1: Failed modifying SUIUSD
0	16:01:05.622	trend_dtrader XAUUSD,H1: Failed modifying SUIUSD
0	16:01:06.626	trend_dtrader XAUUSD,H1: Failed modifying SUIUSD
0	16:01:06.626	trend_dtrader XAUUSD,H1: Failed modifying SUIUSD
0	16:01:07.614	trend_dtrader XAUUSD,H1: Failed modifying SUIUSD
0	16:01:07.614	trend_dtrader XAUUSD,H1: Failed modifying SUIUSD
0	16:01:08.617	trend_dtrader XAUUSD,H1: Failed modifying SUIUSD
0	16:01:08.617	trend_dtrader XAUUSD,H1: Failed modifying SUIUSD
0	16:01:09.622	trend_dtrader XAUUSD,H1: Failed modifying SUIUSD
0	16:01:09.622	trend_dtrader XAUUSD,H1: Failed modifying SUIUSD
0	16:01:10.625	trend_dtrader XAUUSD,H1: Failed modifying SUIUSD
0	16:01:10.625	trend_dtrader XAUUSD,H1: Failed modifying SUIUSD
0	16:01:11.615	trend_dtrader XAUUSD,H1: Failed modifying SUIUSD
0	16:01:11.615	trend_dtrader XAUUSD,H1: Failed modifying SUIUSD
0	16:01:12.618	trend_dtrader XAUUSD,H1: Failed modifying SUIUSD
0	16:01:12.618	trend_dtrader XAUUSD,H1: Failed modifying SUIUSD
0	16:01:13.623	trend_dtrader XAUUSD,H1: Failed modifying SUIUSD
0	16:01:13.623	trend_dtrader XAUUSD,H1: Failed modifying SUIUSD
0	16:01:14.627	trend_dtrader XAUUSD,H1: Failed modifying SUIUSD
0	16:01:14.627	trend_dtrader XAUUSD,H1: Failed modifying SUIUSD
0	16:01:15.616	trend_dtrader XAUUSD,H1: Failed modifying SUIUSD
0	16:01:15.616	trend_dtrader XAUUSD,H1: Failed modifying SUIUSD
0	16:01:16.619	trend_dtrader XAUUSD,H1: Failed modifying SUIUSD
0	16:01:16.619	trend_dtrader XAUUSD,H1: Failed modifying SUIUSD
0	16:01:17.623	trend_dtrader XAUUSD,H1: Failed modifying SUIUSD
0	16:01:17.623	trend_dtrader XAUUSD,H1: Failed modifying SUIUSD
0	16:01:18.672	trend_dtrader XAUUSD,H1: Failed modifying SUIUSD
0	16:01:18.672	trend_dtrader XAUUSD,H1: Failed modifying SUIUSD
0	16:01:19.614	trend_dtrader XAUUSD,H1: Failed modifying SUIUSD
0	16:01:19.614	trend_dtrader XAUUSD,H1: Failed modifying SUIUSD
0	16:01:20.618	trend_dtrader XAUUSD,H1: Failed modifying SUIUSD
0	16:01:20.618	trend_dtrader XAUUSD,H1: Failed modifying SUIUSD
0	16:01:21.621	trend_dtrader XAUUSD,H1: Failed modifying SUIUSD
0	16:01:21.621	trend_dtrader XAUUSD,H1: Failed modifying SUIUSD
0	16:01:22.624	trend_dtrader XAUUSD,H1: Failed modifying SUIUSD
0	16:01:22.624	trend_dtrader XAUUSD,H1: Failed modifying SUIUSD
0	16:01:23.643	trend_dtrader XAUUSD,H1: Failed modifying SUIUSD
0	16:01:23.643	trend_dtrader XAUUSD,H1: Failed modifying SUIUSD
0	16:01:24.631	trend_dtrader XAUUSD,H1: Failed modifying SUIUSD
0	16:01:24.631	trend_dtrader XAUUSD,H1: Failed modifying SUIUSD
0	16:01:25.620	trend_dtrader XAUUSD,H1: Failed modifying SUIUSD
0	16:01:25.620	trend_dtrader XAUUSD,H1: Failed modifying SUIUSD
0	16:01:26.622	trend_dtrader XAUUSD,H1: Failed modifying SUIUSD
0	16:01:26.622	trend_dtrader XAUUSD,H1: Failed modifying SUIUSD
0	16:01:27.626	trend_dtrader XAUUSD,H1: Failed modifying SUIUSD
0	16:01:27.626	trend_dtrader XAUUSD,H1: Failed modifying SUIUSD
0	16:01:28.614	trend_dtrader XAUUSD,H1: Failed modifying SUIUSD
0	16:01:28.614	trend_dtrader XAUUSD,H1: Failed modifying SUIUSD
0	16:01:29.620	trend_dtrader XAUUSD,H1: Failed modifying SUIUSD
0	16:01:29.620	trend_dtrader XAUUSD,H1: Failed modifying SUIUSD
0	16:01:30.654	trend_dtrader XAUUSD,H1: Failed modifying SUIUSD
0	16:01:30.654	trend_dtrader XAUUSD,H1: Failed modifying SUIUSD
0	16:01:31.612	trend_dtrader XAUUSD,H1: Failed modifying SUIUSD
0	16:01:31.612	trend_dtrader XAUUSD,H1: Failed modifying SUIUSD
0	16:01:32.615	trend_dtrader XAUUSD,H1: Failed modifying SUIUSD
0	16:01:32.615	trend_dtrader XAUUSD,H1: Failed modifying SUIUSD
0	16:01:33.618	trend_dtrader XAUUSD,H1: Failed modifying SUIUSD
0	16:01:33.618	trend_dtrader XAUUSD,H1: Failed modifying SUIUSD
0	16:01:34.620	trend_dtrader XAUUSD,H1: Failed modifying SUIUSD
0	16:01:34.620	trend_dtrader XAUUSD,H1: Failed modifying SUIUSD
0	16:01:35.626	trend_dtrader XAUUSD,H1: Failed modifying SUIUSD
0	16:01:35.626	trend_dtrader XAUUSD,H1: Failed modifying SUIUSD
0	16:01:36.613	trend_dtrader XAUUSD,H1: Failed modifying SUIUSD
0	16:01:36.613	trend_dtrader XAUUSD,H1: Failed modifying SUIUSD
0	16:01:37.617	trend_dtrader XAUUSD,H1: Failed modifying SUIUSD
0	16:01:37.617	trend_dtrader XAUUSD,H1: Failed modifying SUIUSD
0	16:01:38.619	trend_dtrader XAUUSD,H1: Failed modifying SUIUSD
0	16:01:38.619	trend_dtrader XAUUSD,H1: Failed modifying SUIUSD
0	16:01:39.687	trend_dtrader XAUUSD,H1: Failed modifying SUIUSD
0	16:01:39.687	trend_dtrader XAUUSD,H1: Failed modifying SUIUSD
0	16:01:40.611	trend_dtrader XAUUSD,H1: Failed modifying SUIUSD
0	16:01:40.611	trend_dtrader XAUUSD,H1: Failed modifying SUIUSD
0	16:01:41.647	trend_dtrader XAUUSD,H1: Failed modifying SUIUSD
0	16:01:41.647	trend_dtrader XAUUSD,H1: Failed modifying SUIUSD
0	16:01:42.618	trend_dtrader XAUUSD,H1: Failed modifying SUIUSD
0	16:01:42.618	trend_dtrader XAUUSD,H1: Failed modifying SUIUSD
0	16:01:43.623	trend_dtrader XAUUSD,H1: Failed modifying SUIUSD
0	16:01:43.623	trend_dtrader XAUUSD,H1: Failed modifying SUIUSD
0	16:01:44.641	trend_dtrader XAUUSD,H1: Failed modifying SUIUSD
0	16:01:44.641	trend_dtrader XAUUSD,H1: Failed modifying SUIUSD
0	16:01:45.616	trend_dtrader XAUUSD,H1: Failed modifying SUIUSD
0	16:01:45.616	trend_dtrader XAUUSD,H1: Failed modifying SUIUSD
0	16:01:46.619	trend_dtrader XAUUSD,H1: Failed modifying SUIUSD
0	16:01:46.619	trend_dtrader XAUUSD,H1: Failed modifying SUIUSD
0	16:01:47.624	trend_dtrader XAUUSD,H1: Failed modifying SUIUSD
0	16:01:47.624	trend_dtrader XAUUSD,H1: Failed modifying SUIUSD
0	16:01:48.611	trend_dtrader XAUUSD,H1: Failed modifying SUIUSD
0	16:01:48.611	trend_dtrader XAUUSD,H1: Failed modifying SUIUSD
0	16:01:49.678	trend_dtrader XAUUSD,H1: Failed modifying SUIUSD
0	16:01:49.678	trend_dtrader XAUUSD,H1: Failed modifying SUIUSD
0	16:01:50.617	trend_dtrader XAUUSD,H1: Failed modifying SUIUSD
2	16:01:50.773	trend_dtrader XAUUSD,H1: modify #479589041 sell 0.30 XTIUSD at 78.64 sl: 77.16 tp: 75.67 ok
0	16:01:50.773	trend_dtrader XAUUSD,H1: Alert: XTIUSD has been assigned a breakeven 77.155
0	16:01:51.619	trend_dtrader XAUUSD,H1: Failed modifying SUIUSD
0	16:01:52.622	trend_dtrader XAUUSD,H1: Failed modifying SUIUSD
0	16:01:53.611	trend_dtrader XAUUSD,H1: Failed modifying SUIUSD
0	16:01:54.611	trend_dtrader XAUUSD,H1: Failed modifying SUIUSD
0	16:01:55.611	trend_dtrader XAUUSD,H1: Failed modifying SUIUSD
0	16:01:56.628	trend_dtrader XAUUSD,H1: Failed modifying SUIUSD
0	16:01:57.623	trend_dtrader XAUUSD,H1: Failed modifying SUIUSD
0	16:01:58.627	trend_dtrader XAUUSD,H1: Failed modifying SUIUSD
0	16:01:59.614	trend_dtrader XAUUSD,H1: Failed modifying SUIUSD
0	16:02:00.630	trend_dtrader XAUUSD,H1: Failed modifying SUIUSD
0	16:02:01.618	trend_dtrader XAUUSD,H1: Failed modifying SUIUSD
0	16:02:02.661	trend_dtrader XAUUSD,H1: Failed modifying SUIUSD
0	16:02:03.622	trend_dtrader XAUUSD,H1: Failed modifying SUIUSD
0	16:02:04.627	trend_dtrader XAUUSD,H1: Failed modifying SUIUSD
0	16:02:05.611	trend_dtrader XAUUSD,H1: Failed modifying SUIUSD
0	16:02:06.624	trend_dtrader XAUUSD,H1: Failed modifying SUIUSD
0	16:02:07.613	trend_dtrader XAUUSD,H1: Failed modifying SUIUSD
0	16:02:08.622	trend_dtrader XAUUSD,H1: Failed modifying SUIUSD
0	16:02:09.611	trend_dtrader XAUUSD,H1: Failed modifying SUIUSD
0	16:02:10.614	trend_dtrader XAUUSD,H1: Failed modifying SUIUSD
0	16:02:11.617	trend_dtrader XAUUSD,H1: Failed modifying SUIUSD
0	16:02:12.620	trend_dtrader XAUUSD,H1: Failed modifying SUIUSD
0	16:02:13.638	trend_dtrader XAUUSD,H1: Failed modifying SUIUSD
0	16:02:14.625	trend_dtrader XAUUSD,H1: Failed modifying SUIUSD
0	16:02:15.614	trend_dtrader XAUUSD,H1: Failed modifying SUIUSD
0	16:02:16.618	trend_dtrader XAUUSD,H1: Failed modifying SUIUSD
0	16:02:17.623	trend_dtrader XAUUSD,H1: Failed modifying SUIUSD
0	16:02:18.610	trend_dtrader XAUUSD,H1: Failed modifying SUIUSD
0	16:02:19.615	trend_dtrader XAUUSD,H1: Failed modifying SUIUSD
0	16:02:20.651	trend_dtrader XAUUSD,H1: Failed modifying SUIUSD
0	16:02:21.624	trend_dtrader XAUUSD,H1: Failed modifying SUIUSD
0	16:02:22.612	trend_dtrader XAUUSD,H1: Failed modifying SUIUSD
0	16:02:23.616	trend_dtrader XAUUSD,H1: Failed modifying SUIUSD
0	16:02:24.619	trend_dtrader XAUUSD,H1: Failed modifying SUIUSD
0	16:02:25.624	trend_dtrader XAUUSD,H1: Failed modifying SUIUSD
0	16:02:26.628	trend_dtrader XAUUSD,H1: Failed modifying SUIUSD
0	16:02:27.617	trend_dtrader XAUUSD,H1: Failed modifying SUIUSD
0	16:02:28.621	trend_dtrader XAUUSD,H1: Failed modifying SUIUSD
0	16:02:29.626	trend_dtrader XAUUSD,H1: Failed modifying SUIUSD
0	16:02:30.613	trend_dtrader XAUUSD,H1: Failed modifying SUIUSD
0	16:02:31.618	trend_dtrader XAUUSD,H1: Failed modifying SUIUSD
0	16:02:32.621	trend_dtrader XAUUSD,H1: Failed modifying SUIUSD
0	16:02:33.625	trend_dtrader XAUUSD,H1: Failed modifying SUIUSD
0	16:02:34.598	trend_dtrader XAUUSD,H1: Failed modifying SUIUSD
0	16:02:35.619	trend_dtrader XAUUSD,H1: Failed modifying SUIUSD
0	16:02:36.607	trend_dtrader XAUUSD,H1: Failed modifying SUIUSD
0	16:02:37.610	trend_dtrader XAUUSD,H1: Failed modifying SUIUSD
0	16:02:38.614	trend_dtrader XAUUSD,H1: Failed modifying SUIUSD
0	16:02:39.619	trend_dtrader XAUUSD,H1: Failed modifying SUIUSD
0	16:02:40.622	trend_dtrader XAUUSD,H1: Failed modifying SUIUSD
0	16:02:41.611	trend_dtrader XAUUSD,H1: Failed modifying SUIUSD
0	16:02:42.614	trend_dtrader XAUUSD,H1: Failed modifying SUIUSD
0	16:02:43.618	trend_dtrader XAUUSD,H1: Failed modifying SUIUSD
0	16:02:44.748	trend_dtrader XAUUSD,H1: Failed modifying SUIUSD
0	16:02:45.612	trend_dtrader XAUUSD,H1: Failed modifying SUIUSD
0	16:02:46.647	trend_dtrader XAUUSD,H1: Failed modifying SUIUSD
0	16:02:47.619	trend_dtrader XAUUSD,H1: Failed modifying SUIUSD
0	16:02:48.623	trend_dtrader XAUUSD,H1: Failed modifying SUIUSD
0	16:02:49.612	trend_dtrader XAUUSD,H1: Failed modifying SUIUSD
0	16:02:50.615	trend_dtrader XAUUSD,H1: Failed modifying SUIUSD
0	16:02:51.634	trend_dtrader XAUUSD,H1: Failed modifying SUIUSD
0	16:02:52.621	trend_dtrader XAUUSD,H1: Failed modifying SUIUSD
0	16:02:53.625	trend_dtrader XAUUSD,H1: Failed modifying SUIUSD
0	16:02:54.613	trend_dtrader XAUUSD,H1: Failed modifying SUIUSD
0	16:02:55.668	trend_dtrader XAUUSD,H1: Failed modifying SUIUSD
0	16:02:56.620	trend_dtrader XAUUSD,H1: Failed modifying SUIUSD
0	16:02:57.624	trend_dtrader XAUUSD,H1: Failed modifying SUIUSD
0	16:02:58.611	trend_dtrader XAUUSD,H1: Failed modifying SUIUSD
0	16:02:59.615	trend_dtrader XAUUSD,H1: Failed modifying SUIUSD
0	16:03:00.621	trend_dtrader XAUUSD,H1: Failed modifying SUIUSD
0	16:03:01.621	trend_dtrader XAUUSD,H1: Failed modifying SUIUSD
0	16:03:02.609	trend_dtrader XAUUSD,H1: Failed modifying SUIUSD
0	16:03:03.611	trend_dtrader XAUUSD,H1: Failed modifying SUIUSD
0	16:03:04.615	trend_dtrader XAUUSD,H1: Failed modifying SUIUSD
0	16:03:05.619	trend_dtrader XAUUSD,H1: Failed modifying SUIUSD
0	16:03:06.623	trend_dtrader XAUUSD,H1: Failed modifying SUIUSD
0	16:03:07.611	trend_dtrader XAUUSD,H1: Failed modifying SUIUSD
0	16:03:08.614	trend_dtrader XAUUSD,H1: Failed modifying SUIUSD
0	16:03:09.625	trend_dtrader XAUUSD,H1: Failed modifying SUIUSD
0	16:03:10.614	trend_dtrader XAUUSD,H1: Failed modifying SUIUSD
0	16:03:11.617	trend_dtrader XAUUSD,H1: Failed modifying SUIUSD
0	16:03:12.620	trend_dtrader XAUUSD,H1: Failed modifying SUIUSD
0	16:03:13.623	trend_dtrader XAUUSD,H1: Failed modifying SUIUSD
0	16:03:14.611	trend_dtrader XAUUSD,H1: Failed modifying SUIUSD
0	16:03:15.614	trend_dtrader XAUUSD,H1: Failed modifying SUIUSD
0	16:03:16.633	trend_dtrader XAUUSD,H1: Failed modifying SUIUSD
0	16:03:17.621	trend_dtrader XAUUSD,H1: Failed modifying SUIUSD
0	16:03:18.624	trend_dtrader XAUUSD,H1: Failed modifying SUIUSD
0	16:03:19.643	trend_dtrader XAUUSD,H1: Failed modifying SUIUSD
0	16:03:20.616	trend_dtrader XAUUSD,H1: Failed modifying SUIUSD
0	16:03:21.619	trend_dtrader XAUUSD,H1: Failed modifying SUIUSD
0	16:03:22.623	trend_dtrader XAUUSD,H1: Failed modifying SUIUSD
0	16:03:23.610	trend_dtrader XAUUSD,H1: Failed modifying SUIUSD
0	16:03:24.615	trend_dtrader XAUUSD,H1: Failed modifying SUIUSD
0	16:03:25.618	trend_dtrader XAUUSD,H1: Failed modifying SUIUSD
0	16:03:26.606	trend_dtrader XAUUSD,H1: Failed modifying SUIUSD
0	16:03:27.610	trend_dtrader XAUUSD,H1: Failed modifying SUIUSD
0	16:03:28.613	trend_dtrader XAUUSD,H1: Failed modifying SUIUSD
0	16:03:29.618	trend_dtrader XAUUSD,H1: Failed modifying SUIUSD
0	16:03:30.622	trend_dtrader XAUUSD,H1: Failed modifying SUIUSD
0	16:03:31.610	trend_dtrader XAUUSD,H1: Failed modifying SUIUSD
0	16:03:32.614	trend_dtrader XAUUSD,H1: Failed modifying SUIUSD
0	16:03:33.617	trend_dtrader XAUUSD,H1: Failed modifying SUIUSD
0	16:03:34.606	trend_dtrader XAUUSD,H1: Failed modifying SUIUSD
0	16:03:35.612	trend_dtrader XAUUSD,H1: Failed modifying SUIUSD
0	16:03:36.616	trend_dtrader XAUUSD,H1: Failed modifying SUIUSD
0	16:03:37.604	trend_dtrader XAUUSD,H1: Failed modifying SUIUSD
0	16:03:38.624	trend_dtrader XAUUSD,H1: Failed modifying SUIUSD
0	16:03:39.612	trend_dtrader XAUUSD,H1: Failed modifying SUIUSD
0	16:03:40.616	trend_dtrader XAUUSD,H1: Failed modifying SUIUSD
0	16:03:41.619	trend_dtrader XAUUSD,H1: Failed modifying SUIUSD
0	16:03:42.624	trend_dtrader XAUUSD,H1: Failed modifying SUIUSD
0	16:03:43.612	trend_dtrader XAUUSD,H1: Failed modifying SUIUSD
0	16:03:44.617	trend_dtrader XAUUSD,H1: Failed modifying SUIUSD
0	16:03:45.621	trend_dtrader XAUUSD,H1: Failed modifying SUIUSD
0	16:03:46.625	trend_dtrader XAUUSD,H1: Failed modifying SUIUSD
0	16:03:47.613	trend_dtrader XAUUSD,H1: Failed modifying SUIUSD
0	16:03:48.633	trend_dtrader XAUUSD,H1: Failed modifying SUIUSD
0	16:03:49.604	trend_dtrader XAUUSD,H1: Failed modifying SUIUSD
0	16:03:50.623	trend_dtrader XAUUSD,H1: Failed modifying SUIUSD
0	16:03:51.611	trend_dtrader XAUUSD,H1: Failed modifying SUIUSD
0	16:03:52.615	trend_dtrader XAUUSD,H1: Failed modifying SUIUSD
0	16:03:53.618	trend_dtrader XAUUSD,H1: Failed modifying SUIUSD
0	16:03:54.622	trend_dtrader XAUUSD,H1: Failed modifying SUIUSD
0	16:03:55.625	trend_dtrader XAUUSD,H1: Failed modifying SUIUSD
0	16:03:56.613	trend_dtrader XAUUSD,H1: Failed modifying SUIUSD
0	16:03:57.616	trend_dtrader XAUUSD,H1: Failed modifying SUIUSD
0	16:03:58.620	trend_dtrader XAUUSD,H1: Failed modifying SUIUSD
0	16:03:59.623	trend_dtrader XAUUSD,H1: Failed modifying SUIUSD
0	16:04:00.610	trend_dtrader XAUUSD,H1: Failed modifying SUIUSD
0	16:04:01.614	trend_dtrader XAUUSD,H1: Failed modifying SUIUSD
0	16:04:02.617	trend_dtrader XAUUSD,H1: Failed modifying SUIUSD
0	16:04:03.621	trend_dtrader XAUUSD,H1: Failed modifying SUIUSD
0	16:04:04.624	trend_dtrader XAUUSD,H1: Failed modifying SUIUSD
0	16:04:05.613	trend_dtrader XAUUSD,H1: Failed modifying SUIUSD
0	16:04:06.616	trend_dtrader XAUUSD,H1: Failed modifying SUIUSD
0	16:04:07.620	trend_dtrader XAUUSD,H1: Failed modifying SUIUSD
0	16:04:08.624	trend_dtrader XAUUSD,H1: Failed modifying SUIUSD
0	16:04:09.611	trend_dtrader XAUUSD,H1: Failed modifying SUIUSD
0	16:04:10.616	trend_dtrader XAUUSD,H1: Failed modifying SUIUSD
0	16:04:11.620	trend_dtrader XAUUSD,H1: Failed modifying SUIUSD
0	16:04:12.623	trend_dtrader XAUUSD,H1: Failed modifying SUIUSD
0	16:04:13.611	trend_dtrader XAUUSD,H1: Failed modifying SUIUSD
0	16:04:14.614	trend_dtrader XAUUSD,H1: Failed modifying SUIUSD
0	16:04:15.618	trend_dtrader XAUUSD,H1: Failed modifying SUIUSD
0	16:04:16.638	trend_dtrader XAUUSD,H1: Failed modifying SUIUSD
0	16:04:17.626	trend_dtrader XAUUSD,H1: Failed modifying SUIUSD
0	16:04:18.598	trend_dtrader XAUUSD,H1: Failed modifying SUIUSD
0	16:04:19.617	trend_dtrader XAUUSD,H1: Failed modifying SUIUSD
0	16:04:20.622	trend_dtrader XAUUSD,H1: Failed modifying SUIUSD
0	16:04:21.610	trend_dtrader XAUUSD,H1: Failed modifying SUIUSD
0	16:04:22.615	trend_dtrader XAUUSD,H1: Failed modifying SUIUSD
0	16:04:23.618	trend_dtrader XAUUSD,H1: Failed modifying SUIUSD
0	16:04:24.622	trend_dtrader XAUUSD,H1: Failed modifying SUIUSD
0	16:04:25.610	trend_dtrader XAUUSD,H1: Failed modifying SUIUSD
0	16:04:26.615	trend_dtrader XAUUSD,H1: Failed modifying SUIUSD
0	16:04:27.610	trend_dtrader XAUUSD,H1: Failed modifying SUIUSD
0	16:04:28.614	trend_dtrader XAUUSD,H1: Failed modifying SUIUSD
0	16:04:29.617	trend_dtrader XAUUSD,H1: Failed modifying SUIUSD
0	16:04:30.622	trend_dtrader XAUUSD,H1: Failed modifying SUIUSD
0	16:04:31.611	trend_dtrader XAUUSD,H1: Failed modifying SUIUSD
0	16:04:32.615	trend_dtrader XAUUSD,H1: Failed modifying SUIUSD
0	16:04:33.619	trend_dtrader XAUUSD,H1: Failed modifying SUIUSD
0	16:04:34.623	trend_dtrader XAUUSD,H1: Failed modifying SUIUSD
0	16:04:35.613	trend_dtrader XAUUSD,H1: Failed modifying SUIUSD
0	16:04:36.633	trend_dtrader XAUUSD,H1: Failed modifying SUIUSD
0	16:04:37.621	trend_dtrader XAUUSD,H1: Failed modifying SUIUSD
0	16:04:38.610	trend_dtrader XAUUSD,H1: Failed modifying SUIUSD
0	16:04:39.615	trend_dtrader XAUUSD,H1: Failed modifying SUIUSD
0	16:04:40.620	trend_dtrader XAUUSD,H1: Failed modifying SUIUSD
0	16:04:41.609	trend_dtrader XAUUSD,H1: Failed modifying SUIUSD
0	16:04:42.612	trend_dtrader XAUUSD,H1: Failed modifying SUIUSD
0	16:04:43.616	trend_dtrader XAUUSD,H1: Failed modifying SUIUSD
0	16:04:44.620	trend_dtrader XAUUSD,H1: Failed modifying SUIUSD
0	16:04:45.624	trend_dtrader XAUUSD,H1: Failed modifying SUIUSD
0	16:04:46.613	trend_dtrader XAUUSD,H1: Failed modifying SUIUSD
0	16:04:47.617	trend_dtrader XAUUSD,H1: Failed modifying SUIUSD
0	16:04:48.622	trend_dtrader XAUUSD,H1: Failed modifying SUIUSD
0	16:04:49.629	trend_dtrader XAUUSD,H1: Failed modifying SUIUSD
0	16:04:50.617	trend_dtrader XAUUSD,H1: Failed modifying SUIUSD
0	16:04:51.621	trend_dtrader XAUUSD,H1: Failed modifying SUIUSD
0	16:04:52.611	trend_dtrader XAUUSD,H1: Failed modifying SUIUSD
0	16:04:53.599	trend_dtrader XAUUSD,H1: Failed modifying SUIUSD
0	16:04:54.619	trend_dtrader XAUUSD,H1: Failed modifying SUIUSD
0	16:04:55.624	trend_dtrader XAUUSD,H1: Failed modifying SUIUSD
0	16:04:56.628	trend_dtrader XAUUSD,H1: Failed modifying SUIUSD
0	16:04:57.617	trend_dtrader XAUUSD,H1: Failed modifying SUIUSD
0	16:04:58.622	trend_dtrader XAUUSD,H1: Failed modifying SUIUSD
0	16:04:59.611	trend_dtrader XAUUSD,H1: Failed modifying SUIUSD
0	16:05:00.615	trend_dtrader XAUUSD,H1: Failed modifying SUIUSD
0	16:05:01.619	trend_dtrader XAUUSD,H1: Failed modifying SUIUSD
0	16:05:02.609	trend_dtrader XAUUSD,H1: Failed modifying SUIUSD
0	16:05:03.612	trend_dtrader XAUUSD,H1: Failed modifying SUIUSD
0	16:05:04.617	trend_dtrader XAUUSD,H1: Failed modifying SUIUSD
0	16:05:05.620	trend_dtrader XAUUSD,H1: Failed modifying SUIUSD
0	16:05:06.611	trend_dtrader XAUUSD,H1: Failed modifying SUIUSD
0	16:05:07.615	trend_dtrader XAUUSD,H1: Failed modifying SUIUSD
0	16:05:08.650	trend_dtrader XAUUSD,H1: Failed modifying SUIUSD
0	16:05:09.623	trend_dtrader XAUUSD,H1: Failed modifying SUIUSD
0	16:05:10.612	trend_dtrader XAUUSD,H1: Failed modifying SUIUSD
0	16:05:11.616	trend_dtrader XAUUSD,H1: Failed modifying SUIUSD
0	16:05:12.621	trend_dtrader XAUUSD,H1: Failed modifying SUIUSD
0	16:05:13.608	trend_dtrader XAUUSD,H1: Failed modifying SUIUSD
0	16:05:14.613	trend_dtrader XAUUSD,H1: Failed modifying SUIUSD
0	16:05:15.616	trend_dtrader XAUUSD,H1: Failed modifying SUIUSD
0	16:05:16.620	trend_dtrader XAUUSD,H1: Failed modifying SUIUSD
0	16:05:17.609	trend_dtrader XAUUSD,H1: Failed modifying SUIUSD
0	16:05:18.613	trend_dtrader XAUUSD,H1: Failed modifying SUIUSD
0	16:05:19.617	trend_dtrader XAUUSD,H1: Failed modifying SUIUSD
0	16:05:20.622	trend_dtrader XAUUSD,H1: Failed modifying SUIUSD
0	16:05:21.612	trend_dtrader XAUUSD,H1: Failed modifying SUIUSD
0	16:05:22.617	trend_dtrader XAUUSD,H1: Failed modifying SUIUSD
0	16:05:23.621	trend_dtrader XAUUSD,H1: Failed modifying SUIUSD
0	16:05:24.609	trend_dtrader XAUUSD,H1: Failed modifying SUIUSD
0	16:05:25.613	trend_dtrader XAUUSD,H1: Failed modifying SUIUSD
0	16:05:26.618	trend_dtrader XAUUSD,H1: Failed modifying SUIUSD
0	16:05:27.622	trend_dtrader XAUUSD,H1: Failed modifying SUIUSD
0	16:05:28.612	trend_dtrader XAUUSD,H1: Failed modifying SUIUSD
0	16:05:29.616	trend_dtrader XAUUSD,H1: Failed modifying SUIUSD
0	16:05:30.620	trend_dtrader XAUUSD,H1: Failed modifying SUIUSD
0	16:05:31.609	trend_dtrader XAUUSD,H1: Failed modifying SUIUSD
0	16:05:32.614	trend_dtrader XAUUSD,H1: Failed modifying SUIUSD
0	16:05:33.633	trend_dtrader XAUUSD,H1: Failed modifying SUIUSD
0	16:05:34.653	trend_dtrader XAUUSD,H1: Failed modifying SUIUSD
0	16:05:35.613	trend_dtrader XAUUSD,H1: Failed modifying SUIUSD
0	16:05:36.618	trend_dtrader XAUUSD,H1: Failed modifying SUIUSD
0	16:05:37.621	trend_dtrader XAUUSD,H1: Failed modifying SUIUSD
0	16:05:38.673	trend_dtrader XAUUSD,H1: Failed modifying SUIUSD
0	16:05:39.631	trend_dtrader XAUUSD,H1: Failed modifying SUIUSD
0	16:05:40.620	trend_dtrader XAUUSD,H1: Failed modifying SUIUSD
0	16:05:41.608	trend_dtrader XAUUSD,H1: Failed modifying SUIUSD
0	16:05:42.611	trend_dtrader XAUUSD,H1: Failed modifying SUIUSD
0	16:05:43.649	trend_dtrader XAUUSD,H1: Failed modifying SUIUSD
0	16:05:44.620	trend_dtrader XAUUSD,H1: Failed modifying SUIUSD
0	16:05:45.610	trend_dtrader XAUUSD,H1: Failed modifying SUIUSD
0	16:05:46.614	trend_dtrader XAUUSD,H1: Failed modifying SUIUSD
0	16:05:47.617	trend_dtrader XAUUSD,H1: Failed modifying SUIUSD
0	16:05:48.622	trend_dtrader XAUUSD,H1: Failed modifying SUIUSD
0	16:05:49.610	trend_dtrader XAUUSD,H1: Failed modifying SUIUSD
0	16:05:50.615	trend_dtrader XAUUSD,H1: Failed modifying SUIUSD
0	16:05:51.619	trend_dtrader XAUUSD,H1: Failed modifying SUIUSD
0	16:05:52.623	trend_dtrader XAUUSD,H1: Failed modifying SUIUSD
0	16:05:53.627	trend_dtrader XAUUSD,H1: Failed modifying SUIUSD
0	16:05:54.615	trend_dtrader XAUUSD,H1: Failed modifying SUIUSD
0	16:05:55.620	trend_dtrader XAUUSD,H1: Failed modifying SUIUSD
0	16:05:56.609	trend_dtrader XAUUSD,H1: Failed modifying SUIUSD
0	16:05:57.613	trend_dtrader XAUUSD,H1: Failed modifying SUIUSD
0	16:05:58.633	trend_dtrader XAUUSD,H1: Failed modifying SUIUSD
0	16:05:59.622	trend_dtrader XAUUSD,H1: Failed modifying SUIUSD
0	16:06:00.611	trend_dtrader XAUUSD,H1: Failed modifying SUIUSD
0	16:06:01.616	trend_dtrader XAUUSD,H1: Failed modifying SUIUSD
0	16:06:02.636	trend_dtrader XAUUSD,H1: Failed modifying SUIUSD
0	16:06:03.610	trend_dtrader XAUUSD,H1: Failed modifying SUIUSD
0	16:06:04.615	trend_dtrader XAUUSD,H1: Failed modifying SUIUSD
0	16:06:05.620	trend_dtrader XAUUSD,H1: Failed modifying SUIUSD
0	16:06:06.608	trend_dtrader XAUUSD,H1: Failed modifying SUIUSD
0	16:06:07.612	trend_dtrader XAUUSD,H1: Failed modifying SUIUSD
0	16:06:08.601	trend_dtrader XAUUSD,H1: Failed modifying SUIUSD
0	16:06:09.605	trend_dtrader XAUUSD,H1: Failed modifying SUIUSD
0	16:06:10.610	trend_dtrader XAUUSD,H1: Failed modifying SUIUSD
0	16:06:11.614	trend_dtrader XAUUSD,H1: Failed modifying SUIUSD
0	16:06:12.619	trend_dtrader XAUUSD,H1: Failed modifying SUIUSD
0	16:06:13.608	trend_dtrader XAUUSD,H1: Failed modifying SUIUSD
0	16:06:14.597	trend_dtrader XAUUSD,H1: Failed modifying SUIUSD
0	16:06:15.602	trend_dtrader XAUUSD,H1: Failed modifying SUIUSD
0	16:06:16.622	trend_dtrader XAUUSD,H1: Failed modifying SUIUSD
0	16:06:17.610	trend_dtrader XAUUSD,H1: Failed modifying SUIUSD
0	16:06:18.614	trend_dtrader XAUUSD,H1: Failed modifying SUIUSD
0	16:06:19.618	trend_dtrader XAUUSD,H1: Failed modifying SUIUSD
0	16:06:20.608	trend_dtrader XAUUSD,H1: Failed modifying SUIUSD
0	16:06:21.612	trend_dtrader XAUUSD,H1: Failed modifying SUIUSD
0	16:06:22.616	trend_dtrader XAUUSD,H1: Failed modifying SUIUSD
0	16:06:23.619	trend_dtrader XAUUSD,H1: Failed modifying SUIUSD
0	16:06:24.609	trend_dtrader XAUUSD,H1: Failed modifying SUIUSD
0	16:06:25.613	trend_dtrader XAUUSD,H1: Failed modifying SUIUSD
0	16:06:26.618	trend_dtrader XAUUSD,H1: Failed modifying SUIUSD
0	16:06:27.622	trend_dtrader XAUUSD,H1: Failed modifying SUIUSD
0	16:06:28.611	trend_dtrader XAUUSD,H1: Failed modifying SUIUSD
0	16:06:29.600	trend_dtrader XAUUSD,H1: Failed modifying SUIUSD
0	16:06:30.620	trend_dtrader XAUUSD,H1: Failed modifying SUIUSD
0	16:06:31.594	trend_dtrader XAUUSD,H1: Failed modifying SUIUSD
0	16:06:32.614	trend_dtrader XAUUSD,H1: Failed modifying SUIUSD
0	16:06:33.618	trend_dtrader XAUUSD,H1: Failed modifying SUIUSD
0	16:06:34.638	trend_dtrader XAUUSD,H1: Failed modifying SUIUSD
0	16:06:35.612	trend_dtrader XAUUSD,H1: Failed modifying SUIUSD
0	16:06:36.601	trend_dtrader XAUUSD,H1: Failed modifying SUIUSD
0	16:06:37.622	trend_dtrader XAUUSD,H1: Failed modifying SUIUSD
0	16:06:38.612	trend_dtrader XAUUSD,H1: Failed modifying SUIUSD
0	16:06:39.618	trend_dtrader XAUUSD,H1: Failed modifying SUIUSD
0	16:06:40.607	trend_dtrader XAUUSD,H1: Failed modifying SUIUSD
0	16:06:41.612	trend_dtrader XAUUSD,H1: Failed modifying SUIUSD
0	16:06:42.632	trend_dtrader XAUUSD,H1: Failed modifying SUIUSD
0	16:06:43.605	trend_dtrader XAUUSD,H1: Failed modifying SUIUSD
0	16:06:44.610	trend_dtrader XAUUSD,H1: Failed modifying SUIUSD
0	16:06:45.615	trend_dtrader XAUUSD,H1: Failed modifying SUIUSD
0	16:06:46.619	trend_dtrader XAUUSD,H1: Failed modifying SUIUSD
0	16:06:47.593	trend_dtrader XAUUSD,H1: Failed modifying SUIUSD
0	16:06:48.613	trend_dtrader XAUUSD,H1: Failed modifying SUIUSD
0	16:06:49.619	trend_dtrader XAUUSD,H1: Failed modifying SUIUSD
0	16:06:50.608	trend_dtrader XAUUSD,H1: Failed modifying SUIUSD
0	16:06:51.613	trend_dtrader XAUUSD,H1: Failed modifying SUIUSD
0	16:06:52.617	trend_dtrader XAUUSD,H1: Failed modifying SUIUSD
0	16:06:53.621	trend_dtrader XAUUSD,H1: Failed modifying SUIUSD
0	16:06:54.610	trend_dtrader XAUUSD,H1: Failed modifying SUIUSD
0	16:06:55.614	trend_dtrader XAUUSD,H1: Failed modifying SUIUSD
0	16:06:56.618	trend_dtrader XAUUSD,H1: Failed modifying SUIUSD
0	16:06:57.622	trend_dtrader XAUUSD,H1: Failed modifying SUIUSD
0	16:06:58.612	trend_dtrader XAUUSD,H1: Failed modifying SUIUSD
0	16:06:59.616	trend_dtrader XAUUSD,H1: Failed modifying SUIUSD
0	16:07:00.621	trend_dtrader XAUUSD,H1: Failed modifying SUIUSD
0	16:07:01.610	trend_dtrader XAUUSD,H1: Failed modifying SUIUSD
0	16:07:02.615	trend_dtrader XAUUSD,H1: Failed modifying SUIUSD
0	16:07:03.620	trend_dtrader XAUUSD,H1: Failed modifying SUIUSD
0	16:07:04.609	trend_dtrader XAUUSD,H1: Failed modifying SUIUSD
0	16:07:05.614	trend_dtrader XAUUSD,H1: Failed modifying SUIUSD
0	16:07:06.618	trend_dtrader XAUUSD,H1: Failed modifying SUIUSD
0	16:07:07.622	trend_dtrader XAUUSD,H1: Failed modifying SUIUSD
0	16:07:08.610	trend_dtrader XAUUSD,H1: Failed modifying SUIUSD
0	16:07:09.631	trend_dtrader XAUUSD,H1: Failed modifying SUIUSD
0	16:07:10.683	trend_dtrader XAUUSD,H1: Failed modifying SUIUSD
0	16:07:11.609	trend_dtrader XAUUSD,H1: Failed modifying SUIUSD
0	16:07:12.613	trend_dtrader XAUUSD,H1: Failed modifying SUIUSD
0	16:07:13.617	trend_dtrader XAUUSD,H1: Failed modifying SUIUSD
0	16:07:14.621	trend_dtrader XAUUSD,H1: Failed modifying SUIUSD
0	16:07:15.594	trend_dtrader XAUUSD,H1: Failed modifying SUIUSD
0	16:07:16.614	trend_dtrader XAUUSD,H1: Failed modifying SUIUSD
0	16:07:17.618	trend_dtrader XAUUSD,H1: Failed modifying SUIUSD
0	16:07:18.606	trend_dtrader XAUUSD,H1: Failed modifying SUIUSD
0	16:07:19.613	trend_dtrader XAUUSD,H1: Failed modifying SUIUSD
0	16:07:20.622	trend_dtrader XAUUSD,H1: Failed modifying SUIUSD
2	16:07:21.762	trend_dtrader XAUUSD,H1: modify #479589022 sell 0.30 XBRUSD at 81.96 sl: 80.58 tp: 79.19 ok
0	16:07:21.762	trend_dtrader XAUUSD,H1: Alert: XBRUSD has been assigned a breakeven 80.57499999999999
0	17:42:12.464	trend_dtrader XAUUSD,H1: Failed modifying SUIUSD
0	17:42:13.462	trend_dtrader XAUUSD,H1: Failed modifying SUIUSD
0	17:42:14.467	trend_dtrader XAUUSD,H1: Failed modifying SUIUSD
0	17:42:15.465	trend_dtrader XAUUSD,H1: Failed modifying SUIUSD
0	17:42:16.462	trend_dtrader XAUUSD,H1: Failed modifying SUIUSD
2	17:42:17.607	trend_dtrader XAUUSD,H1: modify #479624430 sell 0.30 USDJPY at 156.615 sl: 155.741 tp: 154.867 ok
0	17:42:17.607	trend_dtrader XAUUSD,H1: Alert: USDJPY has been assigned a breakeven 155.741
0	17:54:00.566	trend_dtrader XAUUSD,H1: Failed modifying SUIUSD
0	17:54:01.557	trend_dtrader XAUUSD,H1: Failed modifying SUIUSD
0	17:59:36.579	trend_dtrader XAUUSD,H1: Failed modifying SUIUSD
0	17:59:37.574	trend_dtrader XAUUSD,H1: Failed modifying SUIUSD
0	17:59:38.582	trend_dtrader XAUUSD,H1: Failed modifying SUIUSD
0	17:59:39.569	trend_dtrader XAUUSD,H1: Failed modifying SUIUSD
0	17:59:40.576	trend_dtrader XAUUSD,H1: Failed modifying SUIUSD
0	17:59:41.573	trend_dtrader XAUUSD,H1: Failed modifying SUIUSD
0	17:59:42.573	trend_dtrader XAUUSD,H1: Failed modifying SUIUSD
0	17:59:43.579	trend_dtrader XAUUSD,H1: Failed modifying SUIUSD
0	17:59:44.569	trend_dtrader XAUUSD,H1: Failed modifying SUIUSD
0	17:59:45.572	trend_dtrader XAUUSD,H1: Failed modifying SUIUSD
0	17:59:46.573	trend_dtrader XAUUSD,H1: Failed modifying SUIUSD
0	17:59:47.577	trend_dtrader XAUUSD,H1: Failed modifying SUIUSD
0	17:59:48.566	trend_dtrader XAUUSD,H1: Failed modifying SUIUSD
0	17:59:49.573	trend_dtrader XAUUSD,H1: Failed modifying SUIUSD
0	17:59:50.570	trend_dtrader XAUUSD,H1: Failed modifying SUIUSD
0	17:59:51.576	trend_dtrader XAUUSD,H1: Failed modifying SUIUSD
0	17:59:52.571	trend_dtrader XAUUSD,H1: Failed modifying SUIUSD
0	17:59:53.579	trend_dtrader XAUUSD,H1: Failed modifying SUIUSD
0	17:59:54.572	trend_dtrader XAUUSD,H1: Failed modifying SUIUSD
0	17:59:55.570	trend_dtrader XAUUSD,H1: Failed modifying SUIUSD
0	17:59:57.571	trend_dtrader XAUUSD,H1: Failed modifying SUIUSD
0	17:59:58.573	trend_dtrader XAUUSD,H1: Failed modifying SUIUSD
0	17:59:59.569	trend_dtrader XAUUSD,H1: Failed modifying SUIUSD
0	18:00:00.568	trend_dtrader XAUUSD,H1: Failed modifying SUIUSD
0	18:00:01.564	trend_dtrader XAUUSD,H1: Failed modifying SUIUSD
0	18:00:02.567	trend_dtrader XAUUSD,H1: Failed modifying SUIUSD
0	18:00:03.579	trend_dtrader XAUUSD,H1: Failed modifying SUIUSD
0	18:00:04.572	trend_dtrader XAUUSD,H1: Failed modifying SUIUSD
0	18:00:05.573	trend_dtrader XAUUSD,H1: Failed modifying SUIUSD
0	18:00:57.574	trend_dtrader XAUUSD,H1: Failed modifying SUIUSD
0	18:01:05.569	trend_dtrader XAUUSD,H1: Failed modifying SUIUSD
0	18:01:07.577	trend_dtrader XAUUSD,H1: Failed modifying SUIUSD
0	18:01:08.577	trend_dtrader XAUUSD,H1: Failed modifying SUIUSD
0	18:01:09.570	trend_dtrader XAUUSD,H1: Failed modifying SUIUSD
0	18:01:10.571	trend_dtrader XAUUSD,H1: Failed modifying SUIUSD
0	18:01:11.568	trend_dtrader XAUUSD,H1: Failed modifying SUIUSD
0	18:01:12.572	trend_dtrader XAUUSD,H1: Failed modifying SUIUSD
0	18:01:13.576	trend_dtrader XAUUSD,H1: Failed modifying SUIUSD
0	18:01:14.573	trend_dtrader XAUUSD,H1: Failed modifying SUIUSD
0	18:01:15.569	trend_dtrader XAUUSD,H1: Failed modifying SUIUSD
0	18:01:16.571	trend_dtrader XAUUSD,H1: Failed modifying SUIUSD
0	18:01:17.570	trend_dtrader XAUUSD,H1: Failed modifying SUIUSD
0	18:01:18.572	trend_dtrader XAUUSD,H1: Failed modifying SUIUSD
0	18:01:19.576	trend_dtrader XAUUSD,H1: Failed modifying SUIUSD
0	18:01:20.575	trend_dtrader XAUUSD,H1: Failed modifying SUIUSD
0	18:01:21.575	trend_dtrader XAUUSD,H1: Failed modifying SUIUSD
0	18:01:22.582	trend_dtrader XAUUSD,H1: Failed modifying SUIUSD
0	18:01:23.570	trend_dtrader XAUUSD,H1: Failed modifying SUIUSD
0	18:01:24.569	trend_dtrader XAUUSD,H1: Failed modifying SUIUSD
0	18:01:25.574	trend_dtrader XAUUSD,H1: Failed modifying SUIUSD
0	18:01:26.568	trend_dtrader XAUUSD,H1: Failed modifying SUIUSD
0	18:01:27.575	trend_dtrader XAUUSD,H1: Failed modifying SUIUSD
0	18:01:28.571	trend_dtrader XAUUSD,H1: Failed modifying SUIUSD
0	18:01:29.574	trend_dtrader XAUUSD,H1: Failed modifying SUIUSD
0	18:01:30.575	trend_dtrader XAUUSD,H1: Failed modifying SUIUSD
0	18:01:31.562	trend_dtrader XAUUSD,H1: Failed modifying SUIUSD
0	18:01:32.570	trend_dtrader XAUUSD,H1: Failed modifying SUIUSD
0	18:01:33.581	trend_dtrader XAUUSD,H1: Failed modifying SUIUSD
0	18:01:34.579	trend_dtrader XAUUSD,H1: Failed modifying SUIUSD
0	18:01:35.577	trend_dtrader XAUUSD,H1: Failed modifying SUIUSD
0	18:01:36.572	trend_dtrader XAUUSD,H1: Failed modifying SUIUSD
0	18:01:37.568	trend_dtrader XAUUSD,H1: Failed modifying SUIUSD
0	18:01:38.576	trend_dtrader XAUUSD,H1: Failed modifying SUIUSD
0	18:01:39.567	trend_dtrader XAUUSD,H1: Failed modifying SUIUSD
0	18:01:40.576	trend_dtrader XAUUSD,H1: Failed modifying SUIUSD
0	18:01:41.572	trend_dtrader XAUUSD,H1: Failed modifying SUIUSD
0	18:01:42.563	trend_dtrader XAUUSD,H1: Failed modifying SUIUSD
0	18:01:43.565	trend_dtrader XAUUSD,H1: Failed modifying SUIUSD
0	18:01:44.579	trend_dtrader XAUUSD,H1: Failed modifying SUIUSD
0	18:01:45.572	trend_dtrader XAUUSD,H1: Failed modifying SUIUSD
0	18:01:46.573	trend_dtrader XAUUSD,H1: Failed modifying SUIUSD
0	18:01:47.571	trend_dtrader XAUUSD,H1: Failed modifying SUIUSD
0	18:01:48.571	trend_dtrader XAUUSD,H1: Failed modifying SUIUSD
0	18:01:49.572	trend_dtrader XAUUSD,H1: Failed modifying SUIUSD
0	18:01:50.573	trend_dtrader XAUUSD,H1: Failed modifying SUIUSD
0	18:01:51.575	trend_dtrader XAUUSD,H1: Failed modifying SUIUSD
0	18:01:52.563	trend_dtrader XAUUSD,H1: Failed modifying SUIUSD
0	18:01:53.567	trend_dtrader XAUUSD,H1: Failed modifying SUIUSD
0	18:01:54.575	trend_dtrader XAUUSD,H1: Failed modifying SUIUSD
0	18:01:55.572	trend_dtrader XAUUSD,H1: Failed modifying SUIUSD
0	18:01:56.572	trend_dtrader XAUUSD,H1: Failed modifying SUIUSD
0	18:01:57.577	trend_dtrader XAUUSD,H1: Failed modifying SUIUSD
0	18:01:58.576	trend_dtrader XAUUSD,H1: Failed modifying SUIUSD
0	18:01:59.564	trend_dtrader XAUUSD,H1: Failed modifying SUIUSD
0	18:02:00.577	trend_dtrader XAUUSD,H1: Failed modifying SUIUSD
0	18:02:01.566	trend_dtrader XAUUSD,H1: Failed modifying SUIUSD
0	18:06:19.584	trend_dtrader XAUUSD,H1: Failed modifying SUIUSD
0	18:06:20.584	trend_dtrader XAUUSD,H1: Failed modifying SUIUSD
0	18:06:21.582	trend_dtrader XAUUSD,H1: Failed modifying SUIUSD
0	18:06:22.587	trend_dtrader XAUUSD,H1: Failed modifying SUIUSD
0	18:06:23.586	trend_dtrader XAUUSD,H1: Failed modifying SUIUSD
0	18:06:24.592	trend_dtrader XAUUSD,H1: Failed modifying SUIUSD
0	18:06:25.577	trend_dtrader XAUUSD,H1: Failed modifying SUIUSD
0	18:06:26.586	trend_dtrader XAUUSD,H1: Failed modifying SUIUSD
0	18:06:27.587	trend_dtrader XAUUSD,H1: Failed modifying SUIUSD
0	18:06:28.580	trend_dtrader XAUUSD,H1: Failed modifying SUIUSD
0	18:06:29.586	trend_dtrader XAUUSD,H1: Failed modifying SUIUSD
0	18:06:30.579	trend_dtrader XAUUSD,H1: Failed modifying SUIUSD
0	18:06:31.578	trend_dtrader XAUUSD,H1: Failed modifying SUIUSD
0	18:06:32.592	trend_dtrader XAUUSD,H1: Failed modifying SUIUSD
0	18:06:33.578	trend_dtrader XAUUSD,H1: Failed modifying SUIUSD
0	18:06:34.584	trend_dtrader XAUUSD,H1: Failed modifying SUIUSD
0	18:06:35.584	trend_dtrader XAUUSD,H1: Failed modifying SUIUSD
0	18:06:36.584	trend_dtrader XAUUSD,H1: Failed modifying SUIUSD
0	18:06:37.578	trend_dtrader XAUUSD,H1: Failed modifying SUIUSD
0	18:06:38.584	trend_dtrader XAUUSD,H1: Failed modifying SUIUSD
0	18:06:39.584	trend_dtrader XAUUSD,H1: Failed modifying SUIUSD
0	18:06:40.583	trend_dtrader XAUUSD,H1: Failed modifying SUIUSD
0	18:06:41.587	trend_dtrader XAUUSD,H1: Failed modifying SUIUSD
0	18:06:42.587	trend_dtrader XAUUSD,H1: Failed modifying SUIUSD
0	18:06:43.578	trend_dtrader XAUUSD,H1: Failed modifying SUIUSD
0	18:06:44.579	trend_dtrader XAUUSD,H1: Failed modifying SUIUSD
0	18:06:45.606	trend_dtrader XAUUSD,H1: Failed modifying SUIUSD
0	18:06:46.587	trend_dtrader XAUUSD,H1: Failed modifying SUIUSD
0	18:06:47.577	trend_dtrader XAUUSD,H1: Failed modifying SUIUSD
0	18:06:48.587	trend_dtrader XAUUSD,H1: Failed modifying SUIUSD
0	18:06:49.585	trend_dtrader XAUUSD,H1: Failed modifying SUIUSD
0	18:06:50.589	trend_dtrader XAUUSD,H1: Failed modifying SUIUSD
0	18:06:51.586	trend_dtrader XAUUSD,H1: Failed modifying SUIUSD
0	18:06:52.585	trend_dtrader XAUUSD,H1: Failed modifying SUIUSD
0	18:06:53.587	trend_dtrader XAUUSD,H1: Failed modifying SUIUSD
0	18:06:54.580	trend_dtrader XAUUSD,H1: Failed modifying SUIUSD
0	18:06:55.577	trend_dtrader XAUUSD,H1: Failed modifying SUIUSD
0	18:06:56.582	trend_dtrader XAUUSD,H1: Failed modifying SUIUSD
0	18:06:57.577	trend_dtrader XAUUSD,H1: Failed modifying SUIUSD
0	18:06:58.576	trend_dtrader XAUUSD,H1: Failed modifying SUIUSD
0	18:06:59.578	trend_dtrader XAUUSD,H1: Failed modifying SUIUSD
0	18:07:00.587	trend_dtrader XAUUSD,H1: Failed modifying SUIUSD
0	18:07:01.590	trend_dtrader XAUUSD,H1: Failed modifying SUIUSD
0	18:07:02.573	trend_dtrader XAUUSD,H1: Failed modifying SUIUSD
0	18:07:03.586	trend_dtrader XAUUSD,H1: Failed modifying SUIUSD
0	18:07:04.586	trend_dtrader XAUUSD,H1: Failed modifying SUIUSD
0	18:07:05.588	trend_dtrader XAUUSD,H1: Failed modifying SUIUSD
0	18:07:06.583	trend_dtrader XAUUSD,H1: Failed modifying SUIUSD
0	18:07:07.594	trend_dtrader XAUUSD,H1: Failed modifying SUIUSD
0	18:07:08.603	trend_dtrader XAUUSD,H1: Failed modifying SUIUSD
0	18:07:09.585	trend_dtrader XAUUSD,H1: Failed modifying SUIUSD
0	18:07:10.602	trend_dtrader XAUUSD,H1: Failed modifying SUIUSD
0	18:07:11.588	trend_dtrader XAUUSD,H1: Failed modifying SUIUSD
0	18:07:12.588	trend_dtrader XAUUSD,H1: Failed modifying SUIUSD
0	18:07:13.585	trend_dtrader XAUUSD,H1: Failed modifying SUIUSD
0	18:07:14.588	trend_dtrader XAUUSD,H1: Failed modifying SUIUSD
0	18:07:15.590	trend_dtrader XAUUSD,H1: Failed modifying SUIUSD
0	18:07:16.579	trend_dtrader XAUUSD,H1: Failed modifying SUIUSD
0	18:07:17.583	trend_dtrader XAUUSD,H1: Failed modifying SUIUSD
0	18:07:18.625	trend_dtrader XAUUSD,H1: Failed modifying SUIUSD
0	18:07:19.587	trend_dtrader XAUUSD,H1: Failed modifying SUIUSD
0	18:07:22.588	trend_dtrader XAUUSD,H1: Failed modifying SUIUSD
0	18:07:23.586	trend_dtrader XAUUSD,H1: Failed modifying SUIUSD
0	18:07:24.588	trend_dtrader XAUUSD,H1: Failed modifying SUIUSD
0	18:07:25.581	trend_dtrader XAUUSD,H1: Failed modifying SUIUSD
